# File produced by Open Asset Import Library (http://www.assimp.sf.net)
# (assimp v3.1.137539927)

mtllib Short%20Sword.mtl

# vertex positions
v 18.227999 8.443786 -0.209570
v 18.227999 8.312488 -0.467257
v 17.514481 8.312488 -0.467257
v 17.514481 8.443786 -0.209570
v 17.514481 8.489028 0.076078
v 18.227999 8.489028 0.076078
v 18.227999 8.388335 -0.191554
v 18.227999 8.265319 -0.432987
v 18.227999 8.107985 -0.671759
v 17.514481 8.107985 -0.671759
v 17.514481 8.265319 -0.432987
v 17.514481 8.388335 -0.191554
v 17.514481 8.443786 0.361725
v 18.227999 8.443786 0.361725
v 18.227999 8.430724 0.076078
v 17.514481 8.430724 0.076078
v 19.422096 8.388335 -0.191554
v 19.422096 8.265319 -0.432987
v 18.227999 8.073715 -0.624590
v 18.227999 7.850299 -0.803057
v 17.514481 7.850299 -0.803057
v 17.514481 8.073715 -0.624590
v 15.980999 8.265319 -0.432987
v 15.980999 8.388335 -0.191554
v 17.514481 8.312487 0.619412
v 18.227999 8.312487 0.619412
v 18.227999 8.388335 0.343709
v 17.514481 8.388335 0.343709
v 19.422096 8.430724 0.076078
v 19.422096 8.443786 -0.209570
v 19.422096 8.312488 -0.467257
v 19.422096 8.073715 -0.624590
v 18.227999 7.832282 -0.747607
v 18.227999 7.564651 -0.848299
v 17.514481 7.564651 -0.848299
v 17.514481 7.832282 -0.747607
v 17.514481 8.107985 0.823913
v 18.227999 8.107985 0.823913
v 18.227999 8.265318 0.585142
v 17.514481 8.265318 0.585142
v 19.422096 8.388335 0.343709
v 15.980999 8.430724 0.076078
v 15.980999 8.388335 0.343709
v 19.422096 8.489028 0.076078
v 19.422096 8.107985 -0.671759
v 19.798082 8.443786 -0.209570
v 19.798082 8.312488 -0.467257
v 19.422096 7.832282 -0.747607
v 18.227999 7.564651 -0.789995
v 18.227999 7.279003 -0.803057
v 17.514481 7.279003 -0.803057
v 17.514481 7.564651 -0.789995
v 17.514481 7.850299 0.955211
v 18.227999 7.850299 0.955211
v 18.227999 8.073715 0.776745
v 17.514481 8.073715 0.776745
v 19.422096 8.265318 0.585142
v 15.980999 8.265318 0.585142
v 19.422096 8.443786 0.361725
v 19.798082 8.489028 0.076078
v 19.422096 7.850299 -0.803057
v 19.798082 8.107985 -0.671759
v 19.798082 8.388335 -0.191554
v 19.798082 8.265319 -0.432987
v 19.422096 7.564651 -0.789995
v 18.227999 7.297020 -0.747607
v 18.227999 7.021317 -0.671758
v 17.514481 7.021317 -0.671758
v 17.514481 7.297020 -0.747607
v 17.514481 7.564651 1.000454
v 18.227999 7.564651 1.000454
v 18.227999 7.832282 0.899761
v 17.514481 7.832282 0.899761
v 19.422096 8.073715 0.776745
v 19.422096 8.312487 0.619412
v 19.798082 8.443786 0.361725
v 19.798082 8.430724 0.076078
v 19.422096 7.564651 -0.848299
v 19.798082 7.850299 -0.803057
v 19.798082 8.073715 -0.624590
v 20.527723 8.388335 -0.191554
v 20.527723 8.265319 -0.432987
v 19.422096 7.297020 -0.747607
v 18.227999 7.055586 -0.624590
v 18.227999 6.816815 -0.467257
v 17.514481 6.816815 -0.467257
v 17.514481 7.055586 -0.624590
v 15.980999 7.297020 -0.747607
v 15.980999 7.564651 -0.789995
v 17.514481 7.279003 0.955211
v 18.227999 7.279003 0.955211
v 18.227999 7.564651 0.942150
v 17.514481 7.564651 0.942150
v 19.422096 7.832282 0.899761
v 19.422096 8.107985 0.823913
v 19.798082 8.312487 0.619412
v 19.798082 8.388335 0.343709
v 20.527723 8.430724 0.076078
v 19.422096 7.279003 -0.803057
v 19.798082 7.564651 -0.848299
v 19.798082 7.832282 -0.747607
v 20.527723 8.073715 -0.624590
v 20.527723 8.443786 -0.209570
v 20.527723 8.312488 -0.467257
v 19.422096 7.055586 -0.624590
v 18.227999 6.863984 -0.432987
v 18.227999 6.685517 -0.209570
v 17.514481 6.685517 -0.209570
v 17.514481 6.863984 -0.432987
v 17.514481 7.021317 0.823914
v 18.227999 7.021317 0.823914
v 18.227999 7.297020 0.899761
v 17.514481 7.297020 0.899761
v 19.422096 7.564651 0.942150
v 19.422096 7.850299 0.955211
v 19.798082 8.107985 0.823913
v 19.798082 8.265318 0.585142
v 20.527723 8.388335 0.343709
v 20.527723 8.489028 0.076078
v 19.422096 7.021317 -0.671758
v 19.798082 7.279003 -0.803057
v 19.798082 7.564651 -0.789995
v 20.527723 7.832282 -0.747607
v 20.527723 8.107985 -0.671759
v 20.903721 8.443786 -0.209570
v 20.903721 8.312488 -0.467257
v 19.422096 6.863984 -0.432987
v 18.227999 6.740967 -0.191554
v 18.227999 6.640275 0.076078
v 17.514481 6.640275 0.076078
v 17.514481 6.740967 -0.191554
v 17.514481 6.816815 0.619412
v 18.227999 6.816815 0.619412
v 18.227999 7.055586 0.776745
v 17.514481 7.055586 0.776745
v 19.422096 7.297020 0.899761
v 15.980999 7.564651 0.942150
v 15.980999 7.297020 0.899761
v 19.422096 7.564651 1.000454
v 19.798082 7.850299 0.955211
v 19.798082 8.073715 0.776745
v 20.527723 8.265318 0.585142
v 20.527723 8.443786 0.361725
v 20.903721 8.489028 0.076078
v 19.422096 6.816815 -0.467257
v 19.798082 7.021317 -0.671758
v 19.798082 7.297020 -0.747607
v 20.527723 7.564651 -0.789995
v 20.527723 7.850299 -0.803057
v 20.903721 8.107985 -0.671759
v 20.903721 8.388335 -0.191554
v 20.903721 8.265319 -0.432987
v 19.422096 6.740967 -0.191554
v 18.227999 6.698578 0.076078
v 18.227999 6.685517 0.361726
v 17.514481 6.685517 0.361726
v 17.514481 6.698578 0.076078
v 15.980999 6.740967 -0.191554
v 15.980999 6.863984 -0.432987
v 18.227999 6.863984 0.585142
v 17.514481 6.863984 0.585142
v 19.422096 7.055586 0.776745
v 19.422096 7.279003 0.955211
v 19.798082 7.564651 1.000454
v 19.798082 7.832282 0.899761
v 20.527723 8.073715 0.776745
v 20.527723 8.312487 0.619412
v 20.903721 8.443786 0.361725
v 20.903721 8.430724 0.076078
v 19.422096 6.685517 -0.209570
v 19.798082 6.816815 -0.467257
v 19.798082 7.055586 -0.624590
v 20.527723 7.297020 -0.747607
v 20.527723 7.564651 -0.848299
v 20.903721 7.850299 -0.803057
v 20.903721 8.073715 -0.624590
v 21.633358 8.388335 -0.191554
v 21.633358 8.265319 -0.432987
v 19.422096 6.698578 0.076078
v 18.227999 6.740967 0.343709
v 17.514481 6.740967 0.343709
v 19.422096 6.863984 0.585142
v 19.422096 7.021317 0.823914
v 19.798082 7.279003 0.955211
v 19.798082 7.564651 0.942150
v 20.527723 7.832282 0.899761
v 20.527723 8.107985 0.823913
v 20.903721 8.312487 0.619412
v 20.903721 8.388335 0.343709
v 21.633358 8.430724 0.076078
v 19.422096 6.640275 0.076078
v 19.798082 6.685517 -0.209570
v 19.798082 6.863984 -0.432987
v 20.527723 7.055586 -0.624590
v 20.527723 7.279003 -0.803057
v 20.903721 7.564651 -0.848299
v 20.903721 7.832282 -0.747607
v 21.633358 8.073715 -0.624590
v 21.633358 8.443786 -0.209570
v 21.633358 8.312488 -0.467257
v 19.422096 6.740967 0.343709
v 15.980999 6.740967 0.343709
v 15.980999 6.698578 0.076078
v 15.980999 6.885510 0.606669
v 19.422096 6.816815 0.619412
v 19.798082 7.021317 0.823914
v 19.798082 7.297020 0.899761
v 20.527723 7.564651 0.942150
v 20.527723 7.850299 0.955211
v 20.903721 8.107985 0.823913
v 20.903721 8.265318 0.585142
v 21.633358 8.388335 0.343709
v 21.633358 8.489028 0.076078
v 19.422096 6.685517 0.361726
v 19.798082 6.640275 0.076078
v 19.798082 6.740967 -0.191554
v 20.527723 6.863984 -0.432987
v 20.527723 7.021317 -0.671758
v 20.903721 7.279003 -0.803057
v 20.903721 7.564651 -0.789995
v 21.633358 7.832282 -0.747607
v 21.633358 8.107985 -0.671759
v 22.009352 8.443786 -0.209570
v 22.009352 8.312488 -0.467257
v 19.798082 6.816815 0.619412
v 19.798082 7.055586 0.776745
v 20.527723 7.297020 0.899761
v 20.527723 7.564651 1.000454
v 20.903721 7.850299 0.955211
v 20.903721 8.073715 0.776745
v 21.633358 8.265318 0.585142
v 21.633358 8.443786 0.361725
v 22.009352 8.489028 0.076078
v 19.798082 6.685517 0.361726
v 19.798082 6.698578 0.076078
v 20.527723 6.740967 -0.191554
v 20.527723 6.816815 -0.467257
v 20.903721 7.021317 -0.671758
v 20.903721 7.297020 -0.747607
v 21.633358 7.564651 -0.789995
v 21.633358 7.850299 -0.803057
v 22.009352 8.107985 -0.671759
v 22.009352 8.388335 -0.191554
v 22.009352 8.265319 -0.432987
v 19.798082 6.863984 0.585142
v 20.527723 7.055586 0.776745
v 20.527723 7.279003 0.955211
v 20.903721 7.564651 1.000454
v 20.903721 7.832282 0.899761
v 21.633358 8.073715 0.776745
v 21.633358 8.312487 0.619412
v 22.009352 8.443786 0.361725
v 22.009352 8.430724 0.076078
v 19.798082 6.740967 0.343709
v 20.527723 6.698578 0.076078
v 20.527723 6.685517 -0.209570
v 20.903721 6.816815 -0.467257
v 20.903721 7.055586 -0.624590
v 21.633358 7.297020 -0.747607
v 21.633358 7.564651 -0.848299
v 22.009352 7.850299 -0.803057
v 22.009352 8.073715 -0.624590
v 22.738993 8.388335 -0.191554
v 22.738993 8.265319 -0.432987
v 20.527723 6.863984 0.585142
v 20.527723 7.021317 0.823914
v 20.903721 7.279003 0.955211
v 20.903721 7.564651 0.942150
v 21.633358 7.832282 0.899761
v 21.633358 8.107985 0.823913
v 22.009352 8.312487 0.619412
v 22.009352 8.388335 0.343709
v 22.738993 8.430724 0.076078
v 20.527723 6.740967 0.343709
v 20.527723 6.640275 0.076078
v 20.903721 6.685517 -0.209570
v 20.903721 6.863984 -0.432987
v 21.633358 7.055586 -0.624590
v 21.633358 7.279003 -0.803057
v 22.009352 7.564651 -0.848299
v 22.009352 7.832282 -0.747607
v 22.738993 8.073715 -0.624590
v 22.738993 8.443786 -0.209570
v 22.738993 8.312488 -0.467257
v 20.527723 6.816815 0.619412
v 20.903721 7.021317 0.823914
v 20.903721 7.297020 0.899761
v 21.633358 7.564651 0.942150
v 21.633358 7.850299 0.955211
v 22.009352 8.107985 0.823913
v 22.009352 8.265318 0.585142
v 22.738993 8.388335 0.343709
v 22.738993 8.489028 0.076078
v 20.527723 6.685517 0.361726
v 20.903721 6.640275 0.076078
v 20.903721 6.740967 -0.191554
v 21.633358 6.863984 -0.432987
v 21.633358 7.021317 -0.671758
v 22.009352 7.279003 -0.803057
v 22.009352 7.564651 -0.789995
v 22.738993 7.832282 -0.747607
v 22.738993 8.107985 -0.671759
v 23.114983 8.443786 -0.209570
v 23.114983 8.312488 -0.467257
v 20.903721 6.816815 0.619412
v 20.903721 7.055586 0.776745
v 21.633358 7.297020 0.899761
v 21.633358 7.564651 1.000454
v 22.009352 7.850299 0.955211
v 22.009352 8.073715 0.776745
v 22.738993 8.265318 0.585142
v 22.738993 8.443786 0.361725
v 23.114983 8.489028 0.076078
v 20.903721 6.685517 0.361726
v 20.903721 6.698578 0.076078
v 21.633358 6.740967 -0.191554
v 21.633358 6.816815 -0.467257
v 22.009352 7.021317 -0.671758
v 22.009352 7.297020 -0.747607
v 22.738993 7.564651 -0.789995
v 22.738993 7.850299 -0.803057
v 23.114983 8.107985 -0.671759
v 23.114983 8.388335 -0.191554
v 23.114983 8.265319 -0.432987
v 20.903721 6.863984 0.585142
v 21.633358 7.055586 0.776745
v 21.633358 7.279003 0.955211
v 22.009352 7.564651 1.000454
v 22.009352 7.832282 0.899761
v 22.738993 8.073715 0.776745
v 22.738993 8.312487 0.619412
v 23.114983 8.443786 0.361725
v 23.114983 8.430724 0.076078
v 20.903721 6.740967 0.343709
v 21.633358 6.698578 0.076078
v 21.633358 6.685517 -0.209570
v 22.009352 6.816815 -0.467257
v 22.009352 7.055586 -0.624590
v 22.738993 7.297020 -0.747607
v 22.738993 7.564651 -0.848299
v 23.114983 7.850299 -0.803057
v 23.114983 8.073715 -0.624590
v 23.844627 8.388335 -0.191554
v 23.844627 8.265319 -0.432987
v 21.633358 6.863984 0.585142
v 21.633358 7.021317 0.823914
v 22.009352 7.279003 0.955211
v 22.009352 7.564651 0.942150
v 22.738993 7.832282 0.899761
v 22.738993 8.107985 0.823913
v 23.114983 8.312487 0.619412
v 23.114983 8.388335 0.343709
v 23.844627 8.430724 0.076078
v 21.633358 6.740967 0.343709
v 21.633358 6.640275 0.076078
v 22.009352 6.685517 -0.209570
v 22.009352 6.863984 -0.432987
v 22.738993 7.055586 -0.624590
v 22.738993 7.279003 -0.803057
v 23.114983 7.564651 -0.848299
v 23.114983 7.832282 -0.747607
v 23.844627 8.073715 -0.624590
v 23.844627 8.443786 -0.209570
v 23.844627 8.312488 -0.467257
v 21.633358 6.816815 0.619412
v 22.009352 7.021317 0.823914
v 22.009352 7.297020 0.899761
v 22.738993 7.564651 0.942150
v 22.738993 7.850299 0.955211
v 23.114983 8.107985 0.823913
v 23.114983 8.265318 0.585142
v 23.844627 8.388335 0.343709
v 23.844627 8.489028 0.076078
v 21.633358 6.685517 0.361726
v 22.009352 6.640275 0.076078
v 22.009352 6.740967 -0.191554
v 22.738993 6.863984 -0.432987
v 22.738993 7.021317 -0.671758
v 23.114983 7.279003 -0.803057
v 23.114983 7.564651 -0.789995
v 23.844627 7.832282 -0.747607
v 23.844627 8.107985 -0.671759
v 24.220615 8.443786 -0.209570
v 24.220615 8.312488 -0.467257
v 22.009352 6.816815 0.619412
v 22.009352 7.055586 0.776745
v 22.738993 7.297020 0.899761
v 22.738993 7.564651 1.000454
v 23.114983 7.850299 0.955211
v 23.114983 8.073715 0.776745
v 23.844627 8.265318 0.585142
v 23.844627 8.443786 0.361725
v 24.220615 8.489028 0.076078
v 22.009352 6.685517 0.361726
v 22.009352 6.698578 0.076078
v 22.738993 6.740967 -0.191554
v 22.738993 6.816815 -0.467257
v 23.114983 7.021317 -0.671758
v 23.114983 7.297020 -0.747607
v 23.844627 7.564651 -0.789995
v 23.844627 7.850299 -0.803057
v 24.220615 8.107985 -0.671759
v 24.220615 8.388335 -0.191554
v 24.220615 8.265319 -0.432987
v 22.009352 6.863984 0.585142
v 22.738993 7.055586 0.776745
v 22.738993 7.279003 0.955211
v 23.114983 7.564651 1.000454
v 23.114983 7.832282 0.899761
v 23.844627 8.073715 0.776745
v 23.844627 8.312487 0.619412
v 24.220615 8.443786 0.361725
v 24.220615 8.430724 0.076078
v 22.009352 6.740967 0.343709
v 22.738993 6.698578 0.076078
v 22.738993 6.685517 -0.209570
v 23.114983 6.816815 -0.467257
v 23.114983 7.055586 -0.624590
v 23.844627 7.297020 -0.747607
v 23.844627 7.564651 -0.848299
v 24.220615 7.850299 -0.803057
v 24.220615 8.073715 -0.624590
v 24.950253 8.388335 -0.191554
v 24.950254 8.265319 -0.432987
v 22.738993 6.863984 0.585142
v 22.738993 7.021317 0.823914
v 23.114983 7.279003 0.955211
v 23.114983 7.564651 0.942150
v 23.844627 7.832282 0.899761
v 23.844627 8.107985 0.823913
v 24.220615 8.312487 0.619412
v 24.220615 8.388335 0.343709
v 24.950254 8.430724 0.076078
v 22.738993 6.740967 0.343709
v 22.738993 6.640275 0.076078
v 23.114983 6.685517 -0.209570
v 23.114983 6.863984 -0.432987
v 23.844627 7.055586 -0.624590
v 23.844627 7.279003 -0.803057
v 24.220615 7.564651 -0.848299
v 24.220615 7.832282 -0.747607
v 24.950254 8.073715 -0.624590
v 24.950253 8.443786 -0.209570
v 24.950254 8.312488 -0.467257
v 22.738993 6.816815 0.619412
v 23.114983 7.021317 0.823914
v 23.114983 7.297020 0.899761
v 23.844627 7.564651 0.942150
v 23.844627 7.850299 0.955211
v 24.220615 8.107985 0.823913
v 24.220615 8.265318 0.585142
v 24.950254 8.388335 0.343709
v 24.950254 8.489028 0.076078
v 22.738993 6.685517 0.361726
v 23.114983 6.640275 0.076078
v 23.114983 6.740967 -0.191554
v 23.844627 6.863984 -0.432987
v 23.844627 7.021317 -0.671758
v 24.220615 7.279003 -0.803057
v 24.220615 7.564651 -0.789995
v 24.950254 7.832282 -0.747607
v 24.950254 8.107985 -0.671759
v 25.326250 8.443786 -0.209570
v 25.326250 8.312488 -0.467257
v 23.114983 6.816815 0.619412
v 23.114983 7.055586 0.776745
v 23.844627 7.297020 0.899761
v 23.844627 7.564651 1.000454
v 24.220615 7.850299 0.955211
v 24.220615 8.073715 0.776745
v 24.950254 8.265318 0.585142
v 24.950254 8.443786 0.361725
v 25.326250 8.489028 0.076078
v 23.114983 6.685517 0.361726
v 23.114983 6.698578 0.076078
v 23.844627 6.740967 -0.191554
v 23.844627 6.816815 -0.467257
v 24.220615 7.021317 -0.671758
v 24.220615 7.297020 -0.747607
v 24.950254 7.564651 -0.789995
v 24.950254 7.850299 -0.803057
v 25.326250 8.107985 -0.671759
v 25.326250 8.388335 -0.191554
v 25.326250 8.265319 -0.432987
v 23.114983 6.863984 0.585142
v 23.844627 7.055586 0.776745
v 23.844627 7.279003 0.955211
v 24.220615 7.564651 1.000454
v 24.220615 7.832282 0.899761
v 24.950254 8.073715 0.776745
v 24.950254 8.312487 0.619412
v 25.326250 8.443786 0.361725
v 25.326250 8.430724 0.076078
v 23.114983 6.740967 0.343709
v 23.844627 6.698578 0.076078
v 23.844627 6.685517 -0.209570
v 24.220615 6.816815 -0.467257
v 24.220615 7.055586 -0.624590
v 24.950254 7.297020 -0.747607
v 24.950254 7.564651 -0.848299
v 25.326250 7.850299 -0.803057
v 25.326250 8.073715 -0.624590
v 26.674358 8.388335 -0.191554
v 26.674358 8.265319 -0.432987
v 23.844627 6.863984 0.585142
v 23.844627 7.021317 0.823914
v 24.220615 7.279003 0.955211
v 24.220615 7.564651 0.942150
v 24.950254 7.832282 0.899761
v 24.950254 8.107985 0.823913
v 25.326250 8.312487 0.619412
v 25.326250 8.388335 0.343709
v 26.674358 8.430724 0.076078
v 23.844627 6.740967 0.343709
v 23.844627 6.640275 0.076078
v 24.220615 6.685517 -0.209570
v 24.220615 6.863984 -0.432987
v 24.950254 7.055586 -0.624590
v 24.950254 7.279003 -0.803057
v 25.326250 7.564651 -0.848299
v 25.326250 7.832282 -0.747607
v 26.674358 8.073715 -0.624590
v 26.796700 8.473121 -0.219102
v 26.796700 8.337441 -0.485388
v 23.844627 6.816815 0.619412
v 24.220615 7.021317 0.823914
v 24.220615 7.297020 0.899761
v 24.950254 7.564651 0.942150
v 24.950254 7.850299 0.955211
v 25.326250 8.107985 0.823913
v 25.326250 8.265318 0.585142
v 26.674358 8.388335 0.343709
v 26.796700 8.519873 0.076078
v 23.844627 6.685517 0.361726
v 24.220615 6.640275 0.076078
v 24.220615 6.740967 -0.191554
v 24.950254 6.863984 -0.432987
v 24.950254 7.021317 -0.671758
v 25.326250 7.279003 -0.803057
v 25.326250 7.564651 -0.789995
v 26.674358 7.832282 -0.747607
v 26.796700 8.126116 -0.696713
v 27.240292 8.524143 -0.235680
v 27.240292 8.380844 -0.516921
v 24.220615 6.816815 0.619412
v 24.220615 7.055586 0.776745
v 24.950254 7.297020 0.899761
v 24.950254 7.564651 1.000454
v 25.326250 7.850299 0.955211
v 25.326250 8.073715 0.776745
v 26.674358 8.265318 0.585142
v 26.796700 8.473121 0.371257
v 27.240292 8.573521 0.076078
v 24.220615 6.685517 0.361726
v 24.220615 6.698578 0.076078
v 24.950254 6.740967 -0.191554
v 24.950254 6.816815 -0.467257
v 25.326250 7.021317 -0.671758
v 25.326250 7.297020 -0.747607
v 26.674358 7.564651 -0.789995
v 26.796700 7.859831 -0.832392
v 27.240292 8.157649 -0.740115
v 27.839733 8.590747 -0.257321
v 27.839733 8.437501 -0.558085
v 24.220615 6.863984 0.585142
v 24.950254 7.055586 0.776745
v 24.950254 7.279003 0.955211
v 25.326250 7.564651 1.000454
v 25.326250 7.832282 0.899761
v 26.674358 8.073715 0.776745
v 26.796700 8.337440 0.637543
v 27.240292 8.524143 0.387835
v 27.839733 8.643553 0.076078
v 24.220615 6.740967 0.343709
v 24.950254 6.698578 0.076078
v 24.950254 6.685517 -0.209570
v 25.326250 6.816815 -0.467257
v 25.326250 7.055586 -0.624590
v 26.674358 7.297020 -0.747607
v 26.796700 7.564651 -0.879144
v 27.240292 7.876409 -0.883414
v 27.839733 8.198812 -0.796772
v 28.439178 8.627934 -0.269404
v 28.439178 8.469133 -0.581068
v 24.950254 6.863984 0.585142
v 24.950254 7.021317 0.823914
v 25.326250 7.279003 0.955211
v 25.326250 7.564651 0.942150
v 26.674358 7.832282 0.899761
v 26.796700 8.126116 0.848868
v 27.240292 8.380843 0.669076
v 27.839733 8.590747 0.409476
v 28.439178 8.682652 0.076078
v 24.950254 6.740967 0.343709
v 24.950254 6.640275 0.076078
v 25.326250 6.685517 -0.209570
v 25.326250 6.863984 -0.432987
v 26.674358 7.055586 -0.624590
v 26.796700 7.269471 -0.832392
v 27.240292 7.564651 -0.932792
v 27.839733 7.898050 -0.950018
v 28.439178 8.221795 -0.828405
v 29.038622 8.590747 -0.257321
v 29.038622 8.437501 -0.558085
v 24.950254 6.816815 0.619412
v 25.326250 7.021317 0.823914
v 25.326250 7.297020 0.899761
v 26.674358 7.564651 0.942150
v 26.796700 7.859831 0.984547
v 27.240292 8.157649 0.892270
v 27.839733 8.437500 0.710239
v 28.439178 8.627934 0.421559
v 29.038622 8.643553 0.076078
v 24.950254 6.685517 0.361726
v 25.326250 6.640275 0.076078
v 25.326250 6.740967 -0.191554
v 26.674358 6.863984 -0.432987
v 26.796700 7.003186 -0.696713
v 27.240292 7.252893 -0.883414
v 27.839733 7.564651 -1.002823
v 28.439178 7.910133 -0.987205
v 29.038622 8.198812 -0.796772
v 29.638073 8.524143 -0.235680
v 29.638073 8.380844 -0.516921
v 25.326250 6.816815 0.619412
v 25.326250 7.055586 0.776745
v 26.674358 7.297020 0.899761
v 26.796700 7.564651 1.031299
v 27.240292 7.876409 1.035569
v 27.839733 8.198812 0.948927
v 28.439178 8.469133 0.733222
v 29.038622 8.590747 0.409476
v 29.638073 8.573521 0.076078
v 25.326250 6.685517 0.361726
v 25.326250 6.698578 0.076078
v 26.674358 6.740967 -0.191554
v 26.796700 6.791861 -0.485387
v 27.240292 6.971653 -0.740115
v 27.839733 7.231252 -0.950018
v 28.439178 7.564651 -1.041924
v 29.038622 7.898050 -0.950018
v 29.638073 8.157649 -0.740115
v 30.081657 8.424987 -0.203462
v 30.081657 8.296496 -0.455639
v 25.326250 6.863984 0.585142
v 26.674358 7.055586 0.776745
v 26.796700 7.269471 0.984547
v 27.240292 7.564651 1.084947
v 27.839733 7.898050 1.102173
v 28.439178 8.221795 0.980560
v 29.038622 8.437500 0.710239
v 29.638073 8.524143 0.387835
v 30.081657 8.469261 0.076078
v 25.326250 6.740967 0.343709
v 26.674358 6.698578 0.076078
v 26.796700 6.656181 -0.219102
v 27.240292 6.748459 -0.516921
v 27.839733 6.930489 -0.796772
v 28.439178 7.219169 -0.987205
v 29.038622 7.564651 -1.002823
v 29.638073 7.876409 -0.883414
v 30.081657 8.096367 -0.655768
v 30.199253 8.331869 -0.173207
v 30.199253 8.217286 -0.398090
v 26.674358 6.863984 0.585142
v 26.796700 7.003186 0.848868
v 27.240292 7.252893 1.035569
v 27.839733 7.564651 1.154978
v 28.439178 7.910133 1.139360
v 29.038622 8.198812 0.948927
v 29.638073 8.380843 0.669076
v 30.081657 8.424987 0.355617
v 30.199253 8.371352 0.076078
v 26.674358 6.740967 0.343709
v 26.796700 6.609429 0.076078
v 27.240292 6.605159 -0.235680
v 27.839733 6.691802 -0.558084
v 28.439178 6.907506 -0.828405
v 29.038622 7.231252 -0.950018
v 29.638073 7.564651 -0.932792
v 30.081657 7.844191 -0.784258
v 30.199253 8.038817 -0.576557
v 30.199545 8.311646 -0.166636
v 30.221256 8.293562 -0.160760
v 30.221256 8.184699 -0.374414
v 30.199545 8.200083 -0.385591
v 26.796700 6.791861 0.637543
v 27.240292 6.971653 0.892270
v 27.839733 7.231252 1.102173
v 28.439178 7.564651 1.194079
v 29.038622 7.898050 1.102173
v 29.638073 8.157649 0.892270
v 30.081657 8.296495 0.607794
v 30.199253 8.331869 0.325362
v 30.199545 8.350088 0.076078
v 30.221256 8.331073 0.076078
v 26.796700 6.656181 0.371257
v 27.240292 6.555781 0.076078
v 27.839733 6.538555 -0.257321
v 28.439178 6.660169 -0.581067
v 29.038622 6.930489 -0.796772
v 29.638073 7.252893 -0.883414
v 30.081657 7.564651 -0.828533
v 30.199253 7.813935 -0.691141
v 30.221256 8.015141 -0.543971
v 30.199545 8.026319 -0.559354
v 30.221550 8.313295 -0.167172
v 30.449366 8.398464 -0.194845
v 30.449366 8.273934 -0.439247
v 30.221550 8.201486 -0.386610
v 27.240292 6.748459 0.669076
v 27.839733 6.930489 0.948927
v 28.439178 7.219169 1.139360
v 29.038622 7.564651 1.154978
v 29.638073 7.876409 1.035569
v 30.081657 8.096367 0.807922
v 30.199253 8.217285 0.550245
v 30.199545 8.311646 0.318791
v 30.221256 8.293562 0.312915
v 30.221550 8.351822 0.076078
v 30.449366 8.441374 0.076078
v 27.240292 6.605159 0.387835
v 27.839733 6.485750 0.076078
v 28.439178 6.501368 -0.269404
v 29.038622 6.691802 -0.558084
v 29.638073 6.971653 -0.740115
v 30.081657 7.285111 -0.784258
v 30.199253 7.564651 -0.730624
v 30.221256 7.801488 -0.652833
v 30.199545 7.807364 -0.670918
v 30.449366 8.079975 -0.633206
v 30.221550 8.027338 -0.560758
v 30.850235 8.469085 -0.217791
v 30.850235 8.334009 -0.482893
v 27.839733 6.691802 0.710240
v 28.439178 6.907506 0.980560
v 29.038622 7.231252 1.102173
v 29.638073 7.564651 1.084947
v 30.081657 7.844191 0.936413
v 30.199253 8.038817 0.728712
v 30.199545 8.200082 0.537746
v 30.221256 8.184699 0.526569
v 30.221550 8.313295 0.319327
v 30.449366 8.398464 0.347000
v 30.850235 8.515629 0.076078
v 27.839733 6.538555 0.409476
v 28.439178 6.446649 0.076078
v 29.038622 6.538555 -0.257321
v 29.638073 6.748459 -0.516921
v 30.081657 7.032935 -0.655767
v 30.199253 7.315367 -0.691141
v 30.221256 7.564651 -0.690345
v 30.199545 7.564651 -0.709360
v 30.449366 7.835573 -0.757736
v 30.221550 7.807900 -0.672567
v 30.850235 8.123622 -0.693280
v 31.251101 8.398464 -0.194845
v 31.251101 8.273934 -0.439247
v 28.439178 6.660169 0.733222
v 29.038622 6.930489 0.948927
v 29.638073 7.252893 1.035569
v 30.081657 7.564651 0.980687
v 30.199253 7.813935 0.843296
v 30.199545 8.026319 0.711509
v 30.221256 8.015141 0.696126
v 30.221550 8.201486 0.538765
v 30.449366 8.273933 0.591402
v 30.850235 8.469085 0.369946
v 31.251101 8.441374 0.076078
v 28.439178 6.501368 0.421559
v 29.038622 6.485750 0.076078
v 29.638073 6.605159 -0.235680
v 30.081657 6.832806 -0.455639
v 30.199253 7.090484 -0.576557
v 30.221256 7.327814 -0.652833
v 30.199545 7.321938 -0.670918
v 30.449366 7.564651 -0.800645
v 30.221550 7.564651 -0.711094
v 30.850235 7.858520 -0.828356
v 31.251101 8.079975 -0.633206
v 31.518412 8.263352 -0.150944
v 31.518412 8.159002 -0.355744
v 29.038622 6.691802 0.710240
v 29.638073 6.971653 0.892270
v 30.081657 7.285111 0.936413
v 30.199253 7.564651 0.882778
v 30.199545 7.807364 0.823072
v 30.221256 7.801488 0.804988
v 30.221550 8.027338 0.712912
v 30.449366 8.079975 0.785361
v 30.850235 8.334008 0.635048
v 31.251101 8.398464 0.347000
v 31.518412 8.299310 0.076078
v 29.038622 6.538555 0.409476
v 29.638073 6.555781 0.076078
v 30.081657 6.704316 -0.203462
v 30.199253 6.912016 -0.398089
v 30.221256 7.114159 -0.543971
v 30.199545 7.102983 -0.559354
v 30.449366 7.293729 -0.757736
v 30.221550 7.321402 -0.672567
v 30.850235 7.564651 -0.874901
v 31.251101 7.835573 -0.757736
v 31.518412 7.996472 -0.518274
v 31.684963 8.109344 -0.100904
v 31.684963 8.027994 -0.260561
v 29.638073 6.748459 0.669076
v 30.081657 7.032935 0.807922
v 30.199253 7.315367 0.843296
v 30.199545 7.564651 0.861514
v 30.221256 7.564651 0.842500
v 30.221550 7.807900 0.824722
v 30.449366 7.835573 0.909890
v 30.850235 8.123622 0.845435
v 31.251101 8.273933 0.591402
v 31.518412 8.263352 0.303099
v 31.684963 8.137375 0.076078
v 29.638073 6.605159 0.387835
v 30.081657 6.660041 0.076078
v 30.199253 6.797433 -0.173207
v 30.221256 6.944602 -0.374414
v 30.199545 6.929219 -0.385591
v 30.449366 7.049326 -0.633206
v 30.221550 7.101963 -0.560758
v 30.850235 7.270782 -0.828356
v 31.251101 7.564651 -0.800645
v 31.518412 7.791673 -0.622624
v 31.684963 7.901289 -0.387266
v 31.780800 7.836998 -0.012413
v 31.780800 7.796323 -0.092242
v 30.081657 6.832806 0.607794
v 30.199253 7.090484 0.728712
v 30.199545 7.321938 0.823072
v 30.221256 7.327814 0.804988
v 30.221550 7.564651 0.863249
v 30.449366 7.564651 0.952800
v 30.850235 7.858520 0.980511
v 31.251101 8.079975 0.785361
v 31.518412 8.159001 0.507899
v 31.684963 8.109344 0.253059
v 31.780800 7.851013 0.076078
v 30.081657 6.704316 0.355617
v 30.199253 6.757950 0.076078
v 30.221256 6.835740 -0.160760
v 30.199545 6.817656 -0.166636
v 30.449366 6.855367 -0.439247
v 30.221550 6.927816 -0.386610
v 30.850235 7.005680 -0.693280
v 31.251101 7.293729 -0.757736
v 31.518412 7.564651 -0.658581
v 31.684963 7.741632 -0.468616
v 31.780800 7.732970 -0.155594
v 30.199253 6.912016 0.550245
v 30.199545 7.102983 0.711509
v 30.221256 7.114159 0.696126
v 30.221550 7.321402 0.824722
v 30.449366 7.293729 0.909891
v 30.850235 7.564651 1.027056
v 31.251101 7.835573 0.909890
v 31.518412 7.996472 0.670428
v 31.684963 8.027994 0.412716
v 31.780800 7.836998 0.164568
v 30.199253 6.797433 0.325362
v 30.221256 6.798228 0.076078
v 30.199545 6.779214 0.076078
v 30.449366 6.730838 -0.194845
v 30.221550 6.816006 -0.167172
v 30.850235 6.795293 -0.482893
v 31.251101 7.049326 -0.633206
v 31.518412 7.337629 -0.622624
v 31.684963 7.564651 -0.496647
v 31.780800 7.653142 -0.196269
v 30.199545 6.929219 0.537746
v 30.221256 6.944602 0.526569
v 30.221550 7.101963 0.712913
v 30.449366 7.049326 0.785361
v 30.850235 7.270782 0.980511
v 31.251101 7.564651 0.952800
v 31.518412 7.791673 0.774779
v 31.684963 7.901289 0.539421
v 31.780800 7.796322 0.244397
v 30.221256 6.835740 0.312915
v 30.199545 6.817656 0.318791
v 30.449366 6.687928 0.076078
v 30.221550 6.777479 0.076078
v 30.850235 6.660217 -0.217791
v 31.251101 6.855367 -0.439247
v 31.518412 7.132830 -0.518273
v 31.684963 7.387670 -0.468616
v 31.780800 7.564651 -0.210285
v 30.221550 6.927816 0.538765
v 30.449366 6.855367 0.591402
v 30.850235 7.005680 0.845435
v 31.251101 7.293729 0.909891
v 31.518412 7.564651 0.810736
v 31.684963 7.741632 0.620771
v 31.780800 7.732970 0.307749
v 30.449366 6.730838 0.347000
v 30.221550 6.816006 0.319327
v 30.850235 6.613673 0.076078
v 31.251101 6.730838 -0.194845
v 31.518412 6.970300 -0.355744
v 31.684963 7.228012 -0.387266
v 31.780800 7.476160 -0.196269
v 30.850235 6.795293 0.635048
v 31.251101 7.049326 0.785361
v 31.518412 7.337629 0.774779
v 31.684963 7.564651 0.648802
v 31.780800 7.653142 0.348424
v 30.850235 6.660217 0.369946
v 31.251101 6.687928 0.076078
v 31.518412 6.865950 -0.150944
v 31.684963 7.101307 -0.260561
v 31.780800 7.396332 -0.155594
v 31.251101 6.855367 0.591402
v 31.518412 7.132830 0.670428
v 31.684963 7.387670 0.620771
v 31.780800 7.564651 0.362440
v 31.251101 6.730838 0.347000
v 31.518412 6.829992 0.076078
v 31.684963 7.019958 -0.100904
v 31.780800 7.332979 -0.092242
v 31.518412 6.970300 0.507899
v 31.684963 7.228012 0.539421
v 31.780800 7.476160 0.348424
v 31.518412 6.865950 0.303099
v 31.684963 6.991927 0.076078
v 31.780800 7.292304 -0.012413
v 31.684963 7.101307 0.412716
v 31.780800 7.396332 0.307749
v 31.684963 7.019958 0.253059
v 31.780800 7.278289 0.076078
v 31.780800 7.332979 0.244397
v 31.780800 7.292304 0.164568
v 9.539240 9.684406 0.133530
v 9.539240 8.160748 0.133530
v 10.355786 8.236386 0.298532
v 10.355786 9.940720 0.298532
v 4.164786 9.677582 0.133530
v 4.164786 8.158735 0.133530
v 11.172333 8.395964 0.298532
v 11.172333 10.481483 0.298532
v 9.539240 9.845598 0.070000
v 4.164786 9.838459 0.070000
v 3.458175 9.892927 0.133530
v 3.458175 8.223594 0.133530
v 4.164786 7.600000 0.332719
v 9.539240 7.600000 0.332840
v 9.539240 9.684406 0.006470
v 4.164786 9.677582 0.006470
v 4.164786 7.041265 0.133530
v 9.539240 7.039251 0.133530
v 9.539240 8.160748 0.006470
v 4.164786 8.158735 0.006470
v 4.164786 5.522418 0.133530
v 9.539240 5.515594 0.133530
v 11.541698 8.568853 0.402206
v 11.541698 7.600000 0.323539
v 12.332212 7.600000 0.323539
v 12.332168 8.540844 0.402206
v 12.193598 10.976767 0.402206
v 11.583023 11.150011 0.402206
v 10.355786 9.940720 -0.158532
v 11.172333 10.481483 -0.158532
v 11.172333 8.395964 -0.158532
v 10.355786 8.236386 -0.158532
v 3.458175 8.223594 0.006470
v 3.458175 9.892927 0.006470
v 9.539240 7.600000 -0.192840
v 4.164786 7.600000 -0.192719
v 3.458175 6.976406 0.133530
v 3.458175 5.307073 0.133530
v 4.164786 5.361541 0.070000
v 9.539240 5.354402 0.070000
v 10.355786 5.259280 0.298532
v 10.355786 6.963614 0.298532
v 11.172333 4.718516 0.298532
v 11.172333 6.804036 0.298532
v 11.541698 6.631146 0.402206
v 12.332206 6.659158 0.402206
v 12.369761 7.600000 0.323539
v 12.369717 8.540844 0.402206
v 12.231148 10.976767 0.402206
v 9.539240 7.039251 0.006470
v 4.164786 7.041265 0.006470
v 4.164786 5.522418 0.006470
v 9.539240 5.515594 0.006470
v 11.583023 4.049990 0.402206
v 12.193108 4.223094 0.402206
v 12.369755 6.659158 0.402206
v 12.394737 7.600000 0.348602
v 12.394737 8.539957 0.427227
v 12.225911 11.246994 0.070000
v 12.188362 11.246994 0.070000
v 1.450235 9.696635 0.133530
v 0.620510 9.438171 0.133530
v 0.620510 8.088086 0.133530
v 1.450235 8.165406 0.133530
v 11.583023 11.150011 -0.262206
v 12.193108 10.976906 -0.262206
v 12.332206 8.540842 -0.262206
v 11.541698 8.568853 -0.262206
v 12.230657 4.223094 0.402206
v 12.394737 6.660043 0.427189
v 12.357188 7.600000 0.348602
v 12.357188 8.539957 0.427227
v 12.230657 10.976906 -0.262206
v 12.332212 7.600000 -0.183539
v 11.541698 7.600000 -0.183539
v 3.458175 5.307073 0.006470
v 3.458175 6.976406 0.006470
v 10.355786 6.963614 -0.158532
v 10.355786 5.259280 -0.158532
v -13.007832 9.446888 0.133530
v -13.007832 8.050048 0.133530
v 12.369755 8.540842 -0.262206
v 12.188362 3.953005 0.070000
v 12.225911 3.953005 0.070000
v 12.357188 6.660043 0.427189
v 12.357188 7.600000 0.910169
v 12.357188 8.539957 0.989308
v 12.219495 10.985147 0.427013
v 12.257044 10.985147 0.427013
v 12.369761 7.600000 -0.183539
v 12.332168 6.659156 -0.262206
v 11.541698 6.631146 -0.262206
v 11.172333 6.804036 -0.158532
v 11.172333 4.718516 -0.158532
v 0.620510 9.587997 0.070000
v -13.007832 9.597116 0.070000
v -15.742191 9.881748 0.133530
v -15.742190 8.153315 0.133530
v 12.193598 4.223233 -0.262206
v 12.231148 4.223233 -0.262206
v 12.256816 4.214555 0.427483
v 12.219267 4.214555 0.427483
v 12.357188 6.660043 0.988716
v 12.278664 9.924860 1.066784
v 12.484742 7.600000 1.038170
v 12.484366 8.529819 1.116838
v 12.213939 11.278307 0.070000
v 12.251489 11.278307 0.070000
v 12.369717 6.659156 -0.262206
v 12.394737 8.539957 -0.287189
v 12.394737 7.600000 -0.208602
v 11.583023 4.049990 -0.262206
v 1.450235 8.165406 0.006470
v 0.620510 8.088086 0.006470
v 0.620510 9.438171 0.006470
v 1.450235 9.696635 0.006470
v -13.007832 9.446888 0.006470
v -18.476551 10.068709 0.133530
v -18.476549 8.190461 0.133530
v 1.450235 7.034594 0.133530
v 0.620510 7.111914 0.133530
v 0.620510 5.761828 0.133530
v 1.450235 5.503365 0.133530
v 12.251489 3.921692 0.070000
v 12.213939 3.921692 0.070000
v 12.278664 5.275139 1.066784
v 12.484957 6.670228 1.116838
v 12.220199 10.955983 0.989282
v 12.219816 10.962709 0.695744
v 12.256816 10.985445 -0.287483
v 12.219267 10.985445 -0.287483
v 12.357188 8.539957 -0.287189
v 12.394737 6.660043 -0.287228
v 12.357188 7.600000 -0.208602
v -13.007832 8.050048 0.006470
v -22.666071 9.643414 0.133530
v -22.666071 8.298031 0.133530
v -13.007832 7.149952 0.133530
v -13.007832 5.753112 0.133530
v 12.257044 4.214853 -0.287013
v 12.219495 4.214853 -0.287013
v 12.220199 4.244017 0.989282
v 12.219816 4.237290 0.695744
v 12.867960 -0.012196 -0.106058
v 13.014627 -0.061080 -0.018038
v 13.014627 -0.107793 0.070000
v 12.892493 -0.105975 0.070000
v 14.178594 8.394760 1.116838
v 13.999516 9.470521 1.116838
v 12.463548 9.725595 1.116838
v 12.220199 10.955983 -0.849282
v 12.219816 10.962709 -0.555744
v 12.278664 9.924860 -0.926784
v 12.357188 8.539957 -0.848716
v 12.357188 6.660043 -0.287228
v 12.357188 7.600000 -0.770169
v 1.450235 7.034594 0.006470
v 1.450235 5.503365 0.006470
v 0.620510 5.761828 0.006470
v 0.620510 7.111914 0.006470
v -15.742190 8.153315 0.006470
v -15.742191 9.881748 0.006470
v -15.742190 7.046685 0.133530
v -15.742191 5.318252 0.133530
v -13.007832 5.602883 0.070000
v 0.620510 5.612002 0.070000
v 12.219816 4.237290 -0.555744
v 12.220199 4.244017 -0.849282
v 12.463548 5.474404 1.116838
v 13.999516 5.729479 1.116838
v 14.178594 6.805240 1.116838
v 12.847304 15.305302 0.070000
v 13.014627 15.307793 0.070000
v 13.014627 15.261082 -0.018038
v 12.867960 15.212195 -0.106058
v 13.820436 10.546282 1.116838
v 12.352051 10.934384 1.116838
v 12.871456 7.600000 1.038170
v 12.871456 7.600000 1.002590
v 14.178594 8.213689 1.061102
v 14.178594 8.213689 1.098915
v 15.717998 8.258417 1.116838
v 15.420024 9.203524 1.116838
v 12.357188 6.660043 -0.849308
v 12.484957 8.529772 -0.976838
v 12.484742 7.600000 -0.898170
v -13.007832 5.753112 0.006470
v -13.007832 7.149952 0.006470
v -18.476549 8.190461 0.006470
v -18.476551 10.068709 0.006470
v -18.476549 7.009539 0.133530
v -18.476551 5.131290 0.133530
v 12.278664 5.275139 -0.926784
v 12.352051 4.265615 1.116838
v 13.820436 4.653718 1.116838
v 15.420024 5.996476 1.116838
v 15.721679 6.941909 1.116838
v 14.178594 6.986049 1.098941
v 14.178594 6.986049 1.061127
v 13.605654 11.130150 1.002826
v 12.295430 11.464177 1.002826
v 15.075897 10.162552 1.116838
v 15.374817 7.600000 1.055414
v 15.374817 7.600000 1.093009
v 12.167861 11.514348 0.867268
v 12.282000 12.043343 0.721240
v 12.282000 12.143730 0.070000
v 12.167861 11.618141 0.070000
v 12.484366 6.670181 -0.976838
v -15.742191 5.318252 0.006470
v -15.742190 7.046685 0.006470
v -22.666071 8.298031 0.006470
v -22.666071 9.643414 0.006470
v -22.666071 6.901969 0.133530
v -22.666071 5.556586 0.133530
v 12.352051 4.265615 -0.976838
v 12.305236 3.738322 -0.862826
v 12.167861 3.685652 -0.727268
v 12.167861 3.685652 0.867268
v 12.167861 3.581859 0.070000
v 12.282000 3.056270 0.070000
v 12.282000 3.156657 0.721240
v 12.295430 3.735822 1.002826
v 13.605654 4.069850 1.002826
v 15.075897 5.037448 1.116838
v 14.740840 10.798263 1.002826
v 13.556583 11.714018 0.846943
v 12.408381 11.993233 0.846943
v 14.177341 8.182325 1.068859
v 15.312510 7.600000 1.063180
v 12.282000 12.043343 -0.581240
v 12.167861 11.514348 -0.727268
v 12.463548 9.725595 -0.976838
v 12.352051 10.934384 -0.976838
v 13.820436 10.546282 -0.976838
v 13.999516 9.470521 -0.976838
v 14.178594 8.394760 -0.976838
v 12.867960 -0.012196 0.246058
v 13.014627 -0.061080 0.158038
v -18.476551 5.131290 0.006470
v -18.476549 7.009539 0.006470
v 13.820436 4.653718 -0.976838
v 13.605654 4.069850 -0.862826
v 12.408381 3.206767 -0.706943
v 12.282000 3.156657 -0.581240
v 12.405527 3.206073 0.846943
v 13.556583 3.485982 0.846943
v 14.734482 4.399878 1.002826
v 14.177341 7.017674 1.068859
v 15.214873 10.114862 1.007161
v 14.859403 10.778152 0.891036
v 14.569373 11.434502 0.846943
v 14.177341 8.182325 1.106967
v 15.312510 7.600000 1.101072
v 12.938645 7.600000 1.012245
v 12.938645 7.600000 1.048194
v 12.295430 11.464177 -0.862826
v 12.405527 11.993927 -0.706943
v 13.556583 11.714018 -0.706943
v 13.605654 11.130150 -0.862826
v 15.075897 10.162552 -0.976838
v 15.420024 9.203524 -0.976838
v 15.721679 8.258091 -0.976838
v 12.656426 -0.009047 -0.106058
v 12.656426 -0.102460 0.070000
v 14.178594 6.805240 -0.976838
v 13.999516 5.729479 -0.976838
v 12.463548 5.474404 -0.976838
v 14.178594 8.213950 -0.958941
v 14.178594 8.213950 -0.921127
v 12.871456 7.600000 -0.862590
v 12.871456 7.600000 -0.898170
v -22.666071 5.556586 0.006470
v -22.666071 6.901969 0.006470
v 15.075897 5.037448 -0.976838
v 14.740840 4.401737 -0.862826
v 13.556583 3.485982 -0.706943
v 14.569500 3.765533 0.846943
v 14.859403 4.421847 0.891036
v 15.214873 5.085137 1.007161
v 14.177341 7.017674 1.106967
v 15.204878 10.245501 0.070000
v 14.859403 10.885040 0.070000
v 14.569500 11.434467 -0.706943
v 14.734482 10.800121 -0.862826
v 14.178594 6.986310 -0.921102
v 14.178594 6.986310 -0.958915
v 15.717998 6.941583 -0.976838
v 15.420024 5.996476 -0.976838
v 15.374817 7.600000 -0.953009
v 15.374817 7.600000 -0.915414
v 15.214873 5.085137 -0.867161
v 14.859403 4.421847 -0.751036
v 14.569373 3.765498 -0.706943
v 14.859403 4.314960 0.070000
v 15.204878 4.954499 0.070000
v 15.214873 10.114862 -0.867161
v 14.859403 10.778152 -0.751036
v 14.679640 11.523834 0.070000
v 14.679640 11.422059 0.730240
v 14.786569 12.417928 0.570719
v 14.674834 12.400874 0.690742
v 15.312510 7.600000 -0.923180
v 14.177341 8.182325 -0.928859
v 14.672614 2.799021 0.690789
v 14.786569 2.782072 0.570719
v 14.679640 3.777940 0.730240
v 14.679640 3.676166 0.070000
v 14.679640 11.422059 -0.590240
v 14.786569 12.512887 0.070000
v 14.672614 12.400979 -0.550789
v 14.786569 12.417928 -0.430719
v 14.177341 7.017674 -0.928859
v 15.312510 7.600000 -0.961072
v 14.177341 8.182325 -0.966967
v 12.938645 7.600000 -0.872245
v 12.938645 7.600000 -0.908194
v 14.679640 3.777940 -0.590240
v 14.786569 2.782072 -0.430719
v 14.674834 2.799125 -0.550742
v 14.786569 2.687113 0.070000
v 14.766109 13.499908 0.070000
v 14.766109 13.415248 0.403047
v 13.342526 13.387152 0.513589
v 13.992051 13.387150 0.513589
v 13.475767 14.242998 0.359337
v 13.183856 14.242997 0.359337
v 14.177341 7.017674 -0.966967
v 13.344566 1.812849 0.513589
v 13.183856 0.957003 0.359337
v 13.475767 0.957002 0.359337
v 13.992051 1.812850 0.513589
v 14.766109 1.784752 0.403047
v 14.766109 1.700091 0.070000
v 14.766109 13.415248 -0.263047
v 13.345451 13.387152 -0.373589
v 13.183856 14.242997 -0.219337
v 13.475767 14.242998 -0.219337
v 13.992051 13.387150 -0.373589
v 14.766109 1.784752 -0.263047
v 13.343079 1.812849 -0.373589
v 13.992051 1.812850 -0.373589
v 13.475767 0.957002 -0.219337
v 13.166456 0.957003 -0.219337
v 12.656426 15.209046 0.246058
v 12.867960 15.212195 0.246058
v 12.656426 15.302460 0.070000
v 12.656426 -0.009047 0.246058
v 13.014627 15.261082 0.158038
v 12.656426 15.209046 -0.106058
v 31.806095 7.564651 0.067282
v 10.355786 7.600000 0.219864
v 11.172333 7.600000 0.219864
v 10.355786 10.153315 0.070000
v 3.458175 7.600000 0.336268
v 11.172333 10.719039 0.070000
v 3.458175 10.063744 0.070000
v 2.723193 10.271723 0.179133
v 2.723193 8.336777 0.356143
v 2.723193 7.600000 0.736394
v 1.450235 7.600000 0.333117
v 2.723193 6.863223 0.356143
v 11.583023 11.426680 0.070000
v 10.355786 7.600000 -0.079864
v 3.458175 7.600000 -0.196268
v 2.723193 8.336777 -0.216143
v 2.723193 10.271723 -0.039133
v 2.723193 10.523942 0.070000
v 1.450234 9.858391 0.070000
v 11.172333 7.600000 -0.079864
v 2.723193 7.600000 -0.377455
v 3.458175 5.136257 0.070000
v 2.723193 4.928277 0.179133
v 10.355786 5.046685 0.070000
v 11.172333 4.480961 0.070000
v 0.620510 7.600000 0.327926
v 11.583023 3.773320 0.070000
v 1.450235 7.600000 -0.193117
v 2.723193 6.863223 -0.216143
v -13.007832 7.600000 0.324813
v 2.723193 4.676058 0.070000
v 1.450234 5.341609 0.070000
v 2.723193 4.928277 -0.039133
v -15.742189 7.600000 0.331961
v 0.620510 7.600000 -0.187926
v -15.742191 10.052050 0.070000
v -18.476549 7.600000 0.333938
v -13.007832 7.600000 -0.184813
v -18.476551 10.247639 0.070000
v -22.666073 9.793291 0.070000
v -22.666071 7.600000 0.338677
v -15.742189 7.600000 -0.191961
v -27.469864 8.890784 0.070000
v -27.469864 8.792138 0.133530
v -18.476549 7.600000 -0.193938
v -31.567003 7.810321 0.070000
v -32.190678 7.612923 0.069578
v -15.742191 5.147951 0.070000
v 15.856430 8.256694 1.027328
v 15.571951 9.206155 1.049085
v -22.666071 7.600000 -0.198677
v -27.469864 8.792138 0.006470
v -18.476551 4.952361 0.070000
v -22.666073 5.406710 0.070000
v 15.571951 5.993845 1.049085
v 15.856430 6.943306 1.027328
v 15.879990 8.799150 0.872307
v 12.813691 12.728361 0.568175
v 12.813690 12.822838 0.070000
v 12.813691 12.728060 -0.429763
v 12.915727 12.638248 0.697763
v -27.469864 6.407862 0.133530
v -27.469864 6.289413 0.070000
v 12.813690 2.377162 0.070000
v 12.813691 2.471940 0.569762
v 12.813691 2.472241 -0.431350
v 12.915727 2.561751 0.697763
v 15.879990 6.400849 0.872307
v 13.838012 12.550585 0.688409
v 15.889168 8.801718 0.070000
v 15.727501 7.600000 1.109178
v 15.872559 7.600000 1.041099
v 12.915727 12.638248 -0.557763
v 13.197509 13.395514 0.397569
v -32.190678 7.572091 0.069573
v -31.567001 7.378055 0.070000
v 12.913032 2.559973 -0.557516
v 13.197498 1.808711 0.397511
v 13.838012 2.649415 0.688409
v 15.892941 6.406242 0.070000
v 14.143223 7.808173 1.373644
v 14.548931 7.600000 1.366353
v 13.699550 7.600000 1.298763
v 13.197509 13.395514 -0.257569
v 13.139669 13.419122 0.070000
v 13.838012 12.550585 -0.548409
v 15.571951 9.206155 -0.909085
v 15.856430 8.256694 -0.887328
v -27.469864 6.407862 0.006470
v 13.838012 2.649415 -0.548409
v 13.197498 1.808711 -0.257511
v 13.139669 1.797036 0.070000
v 14.143223 7.391827 1.373644
v 14.648141 13.387148 0.513589
v 15.879990 8.799150 -0.732307
v 13.009399 14.256677 0.240429
v 15.856430 6.943306 -0.887328
v 15.571951 5.993845 -0.909085
v 15.879990 6.400849 -0.732307
v 13.009399 0.943323 0.240428
v 14.645951 1.812851 0.513589
v 13.009399 14.256677 -0.100429
v 12.954947 14.276285 0.070000
v 14.645951 13.387148 -0.373589
v 15.872559 7.600000 -0.901099
v 15.727501 7.600000 -0.969178
v 14.648141 1.812851 -0.373589
v 13.009399 0.943323 -0.100428
v 12.954947 0.923714 0.070000
v 13.969026 14.339914 0.366556
v 12.618894 15.106591 0.246058
v 12.520118 14.991326 0.143955
v 14.548931 7.600000 -1.226353
v 14.143223 7.808173 -1.233644
v 13.699550 7.600000 -1.158763
v 12.520118 0.208673 0.143955
v 12.618894 0.093408 0.246058
v 13.964982 0.863879 0.366957
v 14.041897 14.513423 0.070000
v 14.041897 14.443152 0.263412
v 14.041897 14.443152 -0.123412
v 12.520118 14.991326 -0.003955
v 12.618894 15.106591 -0.106058
v 13.964982 14.336121 -0.226957
v 12.481286 14.997134 0.070000
v 14.143223 7.391827 -1.233644
v 13.969026 0.860085 -0.226556
v 12.618894 0.093408 -0.106058
v 12.520118 0.208673 -0.003955
v 12.481286 0.202866 0.070000
v 14.041897 0.756847 0.263412
v 14.041897 0.686577 0.070000
v 14.041897 0.756847 -0.123412
v 12.563009 15.139603 0.070000
v 12.585463 0.021254 0.070000
v 15.980999 8.073715 -0.624590
v 15.980999 7.832282 -0.747607
v 15.980999 8.073715 0.776745
v 15.980999 7.832282 0.899761
v 15.980999 7.055586 -0.624590
v 15.980999 7.055586 0.776745
v -32.256844 7.593251 0.069569

# UV coordinates
vt 0.643557 0.310726
vt 0.653305 0.310514
vt 0.653895 0.334796
vt 0.644162 0.335007
vt 0.634431 0.335243
vt 0.633807 0.310982
vt 0.643505 0.308747
vt 0.653265 0.308566
vt 0.663030 0.310301
vt 0.663652 0.334540
vt 0.653947 0.336774
vt 0.644207 0.336955
vt 0.624692 0.335493
vt 0.624065 0.311259
vt 0.633743 0.309035
vt 0.634477 0.337191
vt 0.636743 0.396039
vt 0.636471 0.354451
vt 0.645908 0.354389
vt 0.646180 0.395978
vt 0.662992 0.308353
vt 0.672752 0.310058
vt 0.673411 0.334263
vt 0.663711 0.336487
vt 0.645754 0.259077
vt 0.646168 0.299382
vt 0.639046 0.299455
vt 0.638632 0.259150
vt 0.614947 0.335744
vt 0.614329 0.311530
vt 0.623998 0.309313
vt 0.624737 0.337440
vt 0.627306 0.396101
vt 0.627033 0.354512
vt 0.638935 0.424831
vt 0.638951 0.422907
vt 0.648625 0.423012
vt 0.648607 0.424967
vt 0.655346 0.354327
vt 0.655618 0.395916
vt 0.672714 0.308110
vt 0.682477 0.309801
vt 0.683167 0.333973
vt 0.673473 0.336209
vt 0.605197 0.335989
vt 0.604597 0.311789
vt 0.614263 0.309583
vt 0.614990 0.337691
vt 0.617868 0.396163
vt 0.617596 0.354574
vt 0.631510 0.259223
vt 0.631924 0.299528
vt 0.624802 0.299601
vt 0.624388 0.259296
vt 0.629263 0.424804
vt 0.629277 0.422849
vt 0.658327 0.423204
vt 0.658302 0.425157
vt 0.639060 0.410080
vt 0.648838 0.410227
vt 0.664783 0.354265
vt 0.665055 0.395854
vt 0.682437 0.307854
vt 0.692205 0.309540
vt 0.692920 0.333668
vt 0.683230 0.335919
vt 0.595445 0.336225
vt 0.594867 0.312039
vt 0.604533 0.309842
vt 0.605238 0.337936
vt 0.608431 0.396225
vt 0.608159 0.354636
vt 0.617680 0.299675
vt 0.617266 0.259369
vt 0.619565 0.424830
vt 0.619574 0.422876
vt 0.629280 0.410062
vt 0.668043 0.423408
vt 0.668017 0.425361
vt 0.658589 0.410417
vt 0.639076 0.408099
vt 0.648862 0.408274
vt 0.674221 0.354204
vt 0.674493 0.395792
vt 0.692161 0.307594
vt 0.701936 0.309284
vt 0.702670 0.333345
vt 0.692983 0.335613
vt 0.585691 0.336447
vt 0.585139 0.312282
vt 0.594805 0.310092
vt 0.595484 0.338172
vt 0.598993 0.396286
vt 0.598721 0.354698
vt 0.609849 0.424871
vt 0.609855 0.422917
vt 0.619528 0.410087
vt 0.629289 0.408109
vt 0.677766 0.423613
vt 0.677739 0.425566
vt 0.668323 0.410619
vt 0.658615 0.408464
vt 0.637707 0.459349
vt 0.637572 0.433937
vt 0.647010 0.433887
vt 0.647145 0.459299
vt 0.683658 0.354142
vt 0.683930 0.395731
vt 0.701885 0.307339
vt 0.711676 0.309032
vt 0.712416 0.333017
vt 0.702726 0.335289
vt 0.667120 0.258858
vt 0.674242 0.258785
vt 0.674656 0.299090
vt 0.667534 0.299163
vt 0.575935 0.336652
vt 0.575411 0.312525
vt 0.585078 0.310336
vt 0.585729 0.338394
vt 0.589556 0.396348
vt 0.589284 0.354759
vt 0.600125 0.424912
vt 0.600131 0.422959
vt 0.609791 0.410125
vt 0.619534 0.408134
vt 0.628270 0.459399
vt 0.628135 0.433987
vt 0.687492 0.423814
vt 0.687465 0.425767
vt 0.678051 0.410825
vt 0.668350 0.408666
vt 0.656447 0.433837
vt 0.656582 0.459249
vt 0.638594 0.487333
vt 0.638601 0.485414
vt 0.648255 0.485469
vt 0.648246 0.487420
vt 0.693095 0.354080
vt 0.693368 0.395669
vt 0.711600 0.307092
vt 0.721449 0.308727
vt 0.722147 0.332778
vt 0.712443 0.334959
vt 0.566177 0.336835
vt 0.565684 0.312771
vt 0.575354 0.310579
vt 0.575973 0.338598
vt 0.580118 0.396410
vt 0.579846 0.354821
vt 0.590399 0.424954
vt 0.590404 0.423000
vt 0.600061 0.410165
vt 0.609797 0.408171
vt 0.618832 0.459449
vt 0.618698 0.434037
vt 0.628942 0.487356
vt 0.628946 0.485405
vt 0.697222 0.424005
vt 0.697193 0.425957
vt 0.687775 0.411034
vt 0.678078 0.408872
vt 0.665885 0.433787
vt 0.666019 0.459199
vt 0.657937 0.485610
vt 0.657922 0.487560
vt 0.638643 0.472613
vt 0.648402 0.472710
vt 0.702533 0.354018
vt 0.702805 0.395607
vt 0.721275 0.306801
vt 0.731350 0.307995
vt 0.731772 0.333032
vt 0.722062 0.334712
vt 0.556420 0.337005
vt 0.555950 0.313016
vt 0.565635 0.310826
vt 0.566220 0.338780
vt 0.570681 0.396472
vt 0.570409 0.354883
vt 0.595900 0.259588
vt 0.596314 0.299894
vt 0.589192 0.299967
vt 0.588778 0.259661
vt 0.580671 0.424994
vt 0.580677 0.423041
vt 0.590333 0.410207
vt 0.600067 0.408212
vt 0.609395 0.459499
vt 0.609260 0.434087
vt 0.619265 0.487432
vt 0.619264 0.485482
vt 0.628884 0.472645
vt 0.706961 0.424168
vt 0.706922 0.426117
vt 0.697497 0.411250
vt 0.687802 0.409081
vt 0.675322 0.433736
vt 0.675457 0.459149
vt 0.667634 0.485765
vt 0.667617 0.487714
vt 0.658133 0.472849
vt 0.638650 0.470636
vt 0.648416 0.470761
vt 0.711971 0.353957
vt 0.712243 0.395546
vt 0.730767 0.306063
vt 0.536559 0.312821
vt 0.546172 0.313176
vt 0.546690 0.337227
vt 0.536774 0.337868
vt 0.731301 0.334990
vt 0.688486 0.258638
vt 0.695608 0.258565
vt 0.696022 0.298871
vt 0.688900 0.298944
vt 0.555932 0.311074
vt 0.556489 0.338945
vt 0.561244 0.396533
vt 0.560971 0.354944
vt 0.570942 0.425031
vt 0.570947 0.423077
vt 0.580606 0.410249
vt 0.590339 0.408253
vt 0.599957 0.459549
vt 0.599823 0.434137
vt 0.609569 0.487522
vt 0.609566 0.485572
vt 0.619152 0.472720
vt 0.628883 0.470696
vt 0.716735 0.424288
vt 0.716630 0.426238
vt 0.707215 0.411470
vt 0.697520 0.409298
vt 0.684760 0.433686
vt 0.684895 0.459099
vt 0.677338 0.485919
vt 0.677320 0.487869
vt 0.667848 0.473001
vt 0.658149 0.470900
vt 0.639599 0.521371
vt 0.639747 0.496008
vt 0.649166 0.496063
vt 0.649019 0.521425
vt 0.721408 0.353895
vt 0.721680 0.395484
vt 0.537050 0.310846
vt 0.546275 0.311254
vt 0.546852 0.339143
vt 0.537344 0.339830
vt 0.551806 0.396595
vt 0.551534 0.355006
vt 0.561210 0.425056
vt 0.561214 0.423104
vt 0.570880 0.410295
vt 0.580612 0.408296
vt 0.590520 0.459599
vt 0.590385 0.434187
vt 0.599866 0.487613
vt 0.599862 0.485664
vt 0.609436 0.472807
vt 0.619149 0.470771
vt 0.630180 0.521316
vt 0.630328 0.495953
vt 0.726690 0.424642
vt 0.726196 0.426625
vt 0.716925 0.411631
vt 0.707217 0.409522
vt 0.694197 0.433636
vt 0.694332 0.459049
vt 0.687044 0.486071
vt 0.687027 0.488020
vt 0.677556 0.473157
vt 0.667865 0.471052
vt 0.658585 0.496117
vt 0.658437 0.521480
vt 0.636871 0.548019
vt 0.636892 0.546107
vt 0.646513 0.546238
vt 0.646489 0.548182
vt 0.532931 0.396719
vt 0.532659 0.355130
vt 0.542097 0.355068
vt 0.542369 0.396657
vt 0.560291 0.259966
vt 0.567412 0.259887
vt 0.567861 0.300192
vt 0.560739 0.300271
vt 0.574534 0.259807
vt 0.575748 0.300105
vt 0.551477 0.425054
vt 0.551468 0.423103
vt 0.561158 0.410346
vt 0.570887 0.408342
vt 0.581083 0.459649
vt 0.580948 0.434237
vt 0.590160 0.487704
vt 0.590156 0.485754
vt 0.599727 0.472897
vt 0.609432 0.470857
vt 0.620761 0.521261
vt 0.620909 0.495899
vt 0.627251 0.547967
vt 0.627271 0.546022
vt 0.532498 0.425352
vt 0.532032 0.423391
vt 0.541666 0.423078
vt 0.541767 0.425041
vt 0.726525 0.411305
vt 0.716828 0.409690
vt 0.703634 0.433586
vt 0.703769 0.458999
vt 0.696754 0.486212
vt 0.696736 0.488160
vt 0.687262 0.473316
vt 0.677574 0.471208
vt 0.668004 0.496172
vt 0.667857 0.521535
vt 0.656161 0.546455
vt 0.656131 0.548397
vt 0.637035 0.533350
vt 0.646760 0.533523
vt 0.551443 0.410402
vt 0.561168 0.408394
vt 0.571645 0.459700
vt 0.571510 0.434287
vt 0.580453 0.487794
vt 0.580449 0.485844
vt 0.590019 0.472988
vt 0.599722 0.470947
vt 0.611342 0.521207
vt 0.611490 0.495844
vt 0.617607 0.547966
vt 0.617621 0.546023
vt 0.627309 0.533305
vt 0.531836 0.410088
vt 0.541760 0.410402
vt 0.726054 0.409346
vt 0.713072 0.433536
vt 0.713207 0.458949
vt 0.706474 0.486324
vt 0.706445 0.488270
vt 0.696964 0.473481
vt 0.687278 0.471367
vt 0.677423 0.496227
vt 0.677276 0.521589
vt 0.665824 0.546685
vt 0.665791 0.548627
vt 0.656456 0.533739
vt 0.637057 0.531380
vt 0.646789 0.531581
vt 0.551471 0.408453
vt 0.562208 0.459750
vt 0.562073 0.434337
vt 0.570745 0.487880
vt 0.570740 0.485931
vt 0.580313 0.473080
vt 0.590015 0.471038
vt 0.601923 0.521152
vt 0.602071 0.495789
vt 0.607944 0.547979
vt 0.607955 0.546036
vt 0.617610 0.533303
vt 0.627323 0.531363
vt 0.532325 0.408103
vt 0.541861 0.408478
vt 0.722509 0.433486
vt 0.722644 0.458898
vt 0.716228 0.486395
vt 0.716133 0.488341
vt 0.706663 0.473652
vt 0.696977 0.471534
vt 0.686842 0.496281
vt 0.686694 0.521644
vt 0.675492 0.546915
vt 0.675460 0.548857
vt 0.666137 0.533966
vt 0.656488 0.531797
vt 0.639309 0.586109
vt 0.639077 0.560828
vt 0.648466 0.560742
vt 0.648698 0.586023
vt 0.552770 0.459800
vt 0.552635 0.434387
vt 0.561034 0.487955
vt 0.561027 0.486007
vt 0.570608 0.473175
vt 0.580308 0.471131
vt 0.592504 0.521097
vt 0.592651 0.495735
vt 0.598273 0.547994
vt 0.598284 0.546051
vt 0.607927 0.533314
vt 0.617622 0.531361
vt 0.629921 0.586195
vt 0.629689 0.560914
vt 0.533895 0.459900
vt 0.533761 0.434487
vt 0.543198 0.434437
vt 0.543333 0.459850
vt 0.726165 0.486696
vt 0.725681 0.488678
vt 0.716353 0.473762
vt 0.706654 0.471707
vt 0.696261 0.496336
vt 0.696114 0.521699
vt 0.685165 0.547142
vt 0.685132 0.549084
vt 0.675811 0.534198
vt 0.666169 0.532024
vt 0.657855 0.560656
vt 0.658087 0.585937
vt 0.638037 0.613371
vt 0.638035 0.611461
vt 0.647647 0.611477
vt 0.647646 0.613419
vt 0.551321 0.488003
vt 0.551302 0.486056
vt 0.560906 0.473275
vt 0.570604 0.471226
vt 0.583085 0.521043
vt 0.583233 0.495680
vt 0.588599 0.548009
vt 0.588610 0.546066
vt 0.598250 0.533327
vt 0.607938 0.531371
vt 0.620532 0.586281
vt 0.620300 0.561000
vt 0.628427 0.613433
vt 0.628424 0.611490
vt 0.532383 0.488397
vt 0.531907 0.486443
vt 0.541520 0.486081
vt 0.541630 0.488040
vt 0.725931 0.473389
vt 0.716247 0.471826
vt 0.705680 0.496391
vt 0.705532 0.521753
vt 0.694840 0.547359
vt 0.694806 0.549300
vt 0.685481 0.534433
vt 0.675843 0.532255
vt 0.667244 0.560569
vt 0.667476 0.585851
vt 0.657287 0.611579
vt 0.657280 0.613520
vt 0.638027 0.598716
vt 0.647743 0.598774
vt 0.551212 0.473381
vt 0.560906 0.471327
vt 0.573666 0.520988
vt 0.573813 0.495625
vt 0.578925 0.548022
vt 0.578936 0.546079
vt 0.588575 0.533342
vt 0.598261 0.531384
vt 0.611143 0.586367
vt 0.610911 0.561086
vt 0.618794 0.613547
vt 0.618784 0.611606
vt 0.628311 0.598787
vt 0.531644 0.473168
vt 0.541549 0.473430
vt 0.725452 0.471436
vt 0.715099 0.496445
vt 0.714952 0.521808
vt 0.704526 0.547547
vt 0.704482 0.549486
vt 0.695150 0.534674
vt 0.685514 0.532490
vt 0.676632 0.560483
vt 0.676864 0.585765
vt 0.666942 0.611693
vt 0.666933 0.613634
vt 0.657431 0.598874
vt 0.638025 0.596748
vt 0.647748 0.596833
vt 0.551230 0.471436
vt 0.564247 0.520933
vt 0.564394 0.495571
vt 0.569249 0.548032
vt 0.569260 0.546089
vt 0.578901 0.533358
vt 0.588586 0.531399
vt 0.601754 0.586453
vt 0.601523 0.561172
vt 0.609141 0.613675
vt 0.609130 0.611734
vt 0.618622 0.598901
vt 0.628302 0.596847
vt 0.532123 0.471185
vt 0.541640 0.471510
vt 0.724518 0.496500
vt 0.724371 0.521863
vt 0.714246 0.547694
vt 0.714136 0.549633
vt 0.704814 0.534920
vt 0.695178 0.532732
vt 0.686021 0.560397
vt 0.686253 0.585679
vt 0.676603 0.611809
vt 0.676593 0.613749
vt 0.667103 0.598986
vt 0.657439 0.596933
vt 0.638623 0.645256
vt 0.638823 0.620064
vt 0.648178 0.620138
vt 0.647978 0.645330
vt 0.554828 0.520879
vt 0.554975 0.495516
vt 0.559571 0.548030
vt 0.559580 0.546089
vt 0.569228 0.533376
vt 0.578912 0.531415
vt 0.592366 0.586540
vt 0.592134 0.561258
vt 0.599481 0.613805
vt 0.599469 0.611864
vt 0.608950 0.599026
vt 0.618611 0.596960
vt 0.629267 0.645181
vt 0.629467 0.619990
vt 0.535990 0.520769
vt 0.536137 0.495407
vt 0.545556 0.495461
vt 0.545409 0.520824
vt 0.724146 0.548073
vt 0.723649 0.550044
vt 0.714470 0.535106
vt 0.704821 0.532982
vt 0.695410 0.560311
vt 0.695642 0.585593
vt 0.686267 0.611921
vt 0.686257 0.613861
vt 0.676769 0.599102
vt 0.667113 0.597045
vt 0.657533 0.620212
vt 0.657333 0.645404
vt 0.640680 0.669914
vt 0.640684 0.668015
vt 0.650236 0.668057
vt 0.650230 0.669988
vt 0.549891 0.548001
vt 0.549887 0.546061
vt 0.559559 0.533400
vt 0.569240 0.531433
vt 0.582977 0.586626
vt 0.582745 0.561344
vt 0.589819 0.613934
vt 0.589807 0.611993
vt 0.599284 0.599154
vt 0.608938 0.597085
vt 0.619912 0.645107
vt 0.620112 0.619915
vt 0.631129 0.669950
vt 0.631131 0.668019
vt 0.531015 0.548245
vt 0.530556 0.546294
vt 0.540138 0.546009
vt 0.540233 0.547962
vt 0.724018 0.534809
vt 0.714379 0.533176
vt 0.704799 0.560225
vt 0.705030 0.585506
vt 0.695934 0.612022
vt 0.695924 0.613961
vt 0.686432 0.599222
vt 0.676779 0.597161
vt 0.666889 0.620287
vt 0.666689 0.645478
vt 0.659817 0.668184
vt 0.659805 0.670113
vt 0.640709 0.655349
vt 0.650365 0.655432
vt 0.549897 0.533429
vt 0.559574 0.531458
vt 0.573588 0.586712
vt 0.573356 0.561430
vt 0.580155 0.614062
vt 0.580143 0.612122
vt 0.589620 0.599284
vt 0.599272 0.597214
vt 0.610557 0.645033
vt 0.610757 0.619841
vt 0.621554 0.670037
vt 0.621550 0.668108
vt 0.631052 0.655393
vt 0.530398 0.533063
vt 0.540267 0.533402
vt 0.723556 0.532859
vt 0.714187 0.560139
vt 0.714419 0.585420
vt 0.705612 0.612095
vt 0.705590 0.614032
vt 0.696093 0.599347
vt 0.686441 0.597281
vt 0.676244 0.620361
vt 0.676044 0.645552
vt 0.669413 0.668324
vt 0.669399 0.670253
vt 0.659994 0.655557
vt 0.640713 0.653392
vt 0.650376 0.653503
vt 0.549931 0.531490
vt 0.564200 0.586798
vt 0.563968 0.561517
vt 0.570490 0.614187
vt 0.570478 0.612247
vt 0.579957 0.599415
vt 0.589608 0.597343
vt 0.601201 0.644958
vt 0.601401 0.619767
vt 0.611960 0.670139
vt 0.611954 0.668210
vt 0.621423 0.655480
vt 0.631049 0.653465
vt 0.530890 0.531090
vt 0.540373 0.531489
vt 0.723576 0.560053
vt 0.723808 0.585334
vt 0.715323 0.612126
vt 0.715236 0.614064
vt 0.705749 0.599478
vt 0.696097 0.597408
vt 0.685599 0.620435
vt 0.685399 0.645627
vt 0.679014 0.668464
vt 0.679000 0.670393
vt 0.669607 0.655694
vt 0.660008 0.653628
vt 0.636781 0.704182
vt 0.636806 0.679075
vt 0.646130 0.679085
vt 0.646105 0.704192
vt 0.554811 0.586884
vt 0.554579 0.561603
vt 0.560823 0.614301
vt 0.560809 0.612361
vt 0.570295 0.599548
vt 0.579945 0.597474
vt 0.591846 0.644884
vt 0.592046 0.619693
vt 0.602359 0.670242
vt 0.602352 0.668313
vt 0.611809 0.655579
vt 0.621417 0.653552
vt 0.627457 0.704173
vt 0.627482 0.679066
vt 0.536033 0.587056
vt 0.535802 0.561775
vt 0.545190 0.561689
vt 0.545422 0.586970
vt 0.725216 0.612387
vt 0.724743 0.614362
vt 0.715397 0.599550
vt 0.705733 0.597542
vt 0.694955 0.620509
vt 0.694755 0.645701
vt 0.688619 0.668601
vt 0.688604 0.670529
vt 0.679214 0.655836
vt 0.669621 0.653765
vt 0.655454 0.679094
vt 0.655429 0.704201
vt 0.637418 0.726642
vt 0.637427 0.724744
vt 0.646974 0.724813
vt 0.646962 0.726743
vt 0.551153 0.614387
vt 0.551126 0.612449
vt 0.560637 0.599687
vt 0.570284 0.597608
vt 0.582491 0.644810
vt 0.582691 0.619618
vt 0.592755 0.670345
vt 0.592748 0.668416
vt 0.602202 0.655681
vt 0.611802 0.653650
vt 0.618133 0.704164
vt 0.618158 0.679057
vt 0.627873 0.726649
vt 0.627880 0.724720
vt 0.532301 0.614855
vt 0.531820 0.612911
vt 0.541388 0.612513
vt 0.541506 0.614463
vt 0.724931 0.599139
vt 0.715283 0.597623
vt 0.704310 0.620584
vt 0.704110 0.645775
vt 0.698227 0.668728
vt 0.698211 0.670655
vt 0.688817 0.655980
vt 0.679228 0.653907
vt 0.664778 0.679103
vt 0.664752 0.704210
vt 0.656548 0.724968
vt 0.656531 0.726896
vt 0.637489 0.712085
vt 0.647139 0.712196
vt 0.550986 0.599831
vt 0.560629 0.597748
vt 0.573135 0.644736
vt 0.573335 0.619544
vt 0.583150 0.670447
vt 0.583143 0.668518
vt 0.592596 0.655784
vt 0.602195 0.653752
vt 0.608809 0.704154
vt 0.608834 0.679047
vt 0.618304 0.726709
vt 0.618305 0.724781
vt 0.627838 0.712101
vt 0.531504 0.599698
vt 0.541366 0.599919
vt 0.724446 0.597197
vt 0.713665 0.620658
vt 0.713465 0.645849
vt 0.707846 0.668826
vt 0.707819 0.670751
vt 0.698418 0.656131
vt 0.688831 0.654052
vt 0.674102 0.679113
vt 0.674076 0.704220
vt 0.666137 0.725136
vt 0.666118 0.727064
vt 0.656762 0.712349
vt 0.637499 0.710130
vt 0.647156 0.710269
vt 0.550997 0.597894
vt 0.563780 0.644661
vt 0.563980 0.619470
vt 0.573544 0.670545
vt 0.573537 0.668617
vt 0.582992 0.655888
vt 0.592589 0.653855
vt 0.599485 0.704145
vt 0.599510 0.679038
vt 0.608715 0.726782
vt 0.608715 0.724855
vt 0.618215 0.712160
vt 0.627841 0.710174
vt 0.531973 0.597721
vt 0.541449 0.598007
vt 0.723021 0.620732
vt 0.722821 0.645924
vt 0.717497 0.668883
vt 0.717405 0.670809
vt 0.708015 0.656287
vt 0.698428 0.654204
vt 0.683426 0.679122
vt 0.683400 0.704229
vt 0.675733 0.725304
vt 0.675713 0.727232
vt 0.666369 0.712515
vt 0.656781 0.710422
vt 0.636039 0.784003
vt 0.635114 0.737460
vt 0.644469 0.737274
vt 0.645394 0.783818
vt 0.554425 0.644587
vt 0.554625 0.619396
vt 0.563935 0.670632
vt 0.563926 0.668705
vt 0.573389 0.655995
vt 0.582985 0.653959
vt 0.590161 0.704135
vt 0.590186 0.679028
vt 0.599120 0.726858
vt 0.599119 0.724930
vt 0.608607 0.712231
vt 0.618215 0.710233
vt 0.626684 0.784189
vt 0.625759 0.737645
vt 0.535714 0.644439
vt 0.535914 0.619247
vt 0.545269 0.619321
vt 0.545069 0.644513
vt 0.727329 0.669168
vt 0.726853 0.671130
vt 0.717604 0.656383
vt 0.708004 0.654363
vt 0.692750 0.679132
vt 0.692725 0.704239
vt 0.685331 0.725469
vt 0.685311 0.727396
vt 0.675969 0.712684
vt 0.666388 0.710587
vt 0.653825 0.737088
vt 0.654749 0.783632
vt 0.644237 0.913819
vt 0.643390 0.908918
vt 0.653267 0.908073
vt 0.653750 0.913046
vt 0.554325 0.670692
vt 0.554303 0.668766
vt 0.563789 0.656107
vt 0.573383 0.654066
vt 0.580837 0.704126
vt 0.580862 0.679019
vt 0.589522 0.726932
vt 0.589520 0.725005
vt 0.599005 0.712305
vt 0.608606 0.710303
vt 0.617328 0.784375
vt 0.616404 0.737831
vt 0.635107 0.915493
vt 0.633549 0.910538
vt 0.535586 0.671107
vt 0.535113 0.669174
vt 0.544624 0.668803
vt 0.544736 0.670742
vt 0.727081 0.656001
vt 0.717496 0.654468
vt 0.702074 0.679141
vt 0.702048 0.704248
vt 0.694933 0.725623
vt 0.694911 0.727550
vt 0.685566 0.712856
vt 0.675989 0.710756
vt 0.663180 0.736902
vt 0.664105 0.783446
vt 0.663324 0.907721
vt 0.663549 0.912708
vt 0.641298 0.894014
vt 0.651905 0.893368
vt 0.554197 0.656224
vt 0.563787 0.654180
vt 0.571513 0.704117
vt 0.571538 0.679010
vt 0.579922 0.727006
vt 0.579921 0.725079
vt 0.589405 0.712380
vt 0.599004 0.710377
vt 0.607973 0.784561
vt 0.607049 0.738017
vt 0.616481 0.916607
vt 0.607249 0.914922
vt 0.607988 0.909811
vt 0.617980 0.911513
vt 0.630801 0.895191
vt 0.534835 0.656040
vt 0.544636 0.656286
vt 0.726604 0.654069
vt 0.711398 0.679150
vt 0.711372 0.704257
vt 0.704545 0.725750
vt 0.704513 0.727674
vt 0.695161 0.713035
vt 0.685586 0.710929
vt 0.672535 0.736716
vt 0.673460 0.783260
vt 0.673513 0.907658
vt 0.673536 0.912647
vt 0.662602 0.893098
vt 0.639326 0.873535
vt 0.650569 0.873431
vt 0.554213 0.654300
vt 0.562189 0.704107
vt 0.562214 0.679000
vt 0.570322 0.727076
vt 0.570320 0.725149
vt 0.579807 0.712456
vt 0.589404 0.710452
vt 0.598618 0.784747
vt 0.597693 0.738203
vt 0.597662 0.914021
vt 0.598052 0.908821
vt 0.609900 0.894778
vt 0.620750 0.896172
vt 0.628081 0.873962
vt 0.535305 0.654077
vt 0.544723 0.654386
vt 0.720722 0.679160
vt 0.720696 0.704267
vt 0.714190 0.725834
vt 0.714093 0.727759
vt 0.704751 0.713219
vt 0.695176 0.711109
vt 0.681890 0.736530
vt 0.682815 0.783074
vt 0.683781 0.907782
vt 0.683632 0.912768
vt 0.673356 0.893071
vt 0.661840 0.873504
vt 0.638795 0.852913
vt 0.650269 0.853559
vt 0.552865 0.704098
vt 0.552890 0.678991
vt 0.560719 0.727135
vt 0.560716 0.725209
vt 0.570210 0.712534
vt 0.579805 0.710528
vt 0.589263 0.784933
vt 0.588338 0.738389
vt 0.587867 0.913565
vt 0.588048 0.908296
vt 0.599231 0.893875
vt 0.611750 0.874168
vt 0.623536 0.874972
vt 0.627234 0.852232
vt 0.534217 0.704079
vt 0.534242 0.678972
vt 0.543566 0.678982
vt 0.543541 0.704088
vt 0.724016 0.726148
vt 0.723534 0.728107
vt 0.714333 0.713343
vt 0.704746 0.711296
vt 0.691246 0.736345
vt 0.692170 0.782888
vt 0.694070 0.908052
vt 0.693758 0.913036
vt 0.684143 0.893197
vt 0.673127 0.873653
vt 0.661714 0.854118
vt 0.640352 0.832222
vt 0.651414 0.833712
vt 0.551114 0.727167
vt 0.551098 0.725242
vt 0.560615 0.712619
vt 0.570209 0.710607
vt 0.579908 0.785118
vt 0.578983 0.738575
vt 0.577933 0.913404
vt 0.577971 0.908090
vt 0.588671 0.893355
vt 0.600366 0.873700
vt 0.612207 0.853626
vt 0.624527 0.853333
vt 0.629307 0.830366
vt 0.532386 0.727528
vt 0.531919 0.725594
vt 0.541425 0.725251
vt 0.541531 0.727189
vt 0.723806 0.712988
vt 0.714231 0.711429
vt 0.700601 0.736159
vt 0.701525 0.782703
vt 0.704316 0.908487
vt 0.703830 0.913468
vt 0.694937 0.893440
vt 0.684421 0.873815
vt 0.673144 0.854529
vt 0.662492 0.834805
vt 0.644059 0.811771
vt 0.654181 0.813976
vt 0.551029 0.712708
vt 0.560618 0.710693
vt 0.570552 0.785304
vt 0.569628 0.738760
vt 0.567909 0.913459
vt 0.567836 0.908122
vt 0.578172 0.893130
vt 0.589272 0.873464
vt 0.600527 0.853910
vt 0.610714 0.833088
vt 0.622592 0.831534
vt 0.634080 0.808798
vt 0.531679 0.712467
vt 0.541473 0.712742
vt 0.723334 0.711057
vt 0.709956 0.735973
vt 0.710881 0.782517
vt 0.714460 0.909167
vt 0.713757 0.914140
vt 0.705710 0.893817
vt 0.695717 0.873959
vt 0.684567 0.854753
vt 0.673570 0.835497
vt 0.664348 0.815469
vt 0.648689 0.797003
vt 0.657574 0.799356
vt 0.551050 0.710784
vt 0.561197 0.785490
vt 0.560272 0.738946
vt 0.557859 0.913699
vt 0.557678 0.908361
vt 0.567676 0.893138
vt 0.578361 0.873388
vt 0.589267 0.854156
vt 0.599412 0.834234
vt 0.607278 0.812665
vt 0.618067 0.810048
vt 0.640303 0.793381
vt 0.532155 0.710507
vt 0.541566 0.710843
vt 0.719311 0.735787
vt 0.720236 0.782331
vt 0.724450 0.910261
vt 0.723418 0.915215
vt 0.716433 0.894400
vt 0.707010 0.874094
vt 0.695990 0.854769
vt 0.684642 0.835792
vt 0.674525 0.816352
vt 0.666580 0.800847
vt 0.650701 0.792273
vt 0.658932 0.794488
vt 0.551842 0.785676
vt 0.550917 0.739132
vt 0.547850 0.914142
vt 0.547537 0.908826
vt 0.557160 0.893352
vt 0.567520 0.873429
vt 0.578277 0.854344
vt 0.588504 0.835032
vt 0.596968 0.814549
vt 0.603280 0.797714
vt 0.612485 0.794455
vt 0.643231 0.788818
vt 0.533131 0.786048
vt 0.532207 0.739504
vt 0.541562 0.739318
vt 0.542487 0.785862
vt 0.734285 0.912139
vt 0.732565 0.917073
vt 0.727069 0.895316
vt 0.718292 0.874265
vt 0.707421 0.854573
vt 0.695711 0.835686
vt 0.684698 0.816694
vt 0.675655 0.801707
vt 0.667437 0.795895
vt 0.650992 0.791632
vt 0.651385 0.790755
vt 0.659393 0.792898
vt 0.659127 0.793817
vt 0.537936 0.914852
vt 0.537434 0.909588
vt 0.546610 0.893791
vt 0.556661 0.873566
vt 0.567390 0.854460
vt 0.577841 0.835525
vt 0.586926 0.815819
vt 0.594262 0.799901
vt 0.601662 0.792769
vt 0.609793 0.789472
vt 0.643669 0.788236
vt 0.644218 0.787432
vt 0.518858 0.917772
vt 0.517309 0.912638
vt 0.527379 0.910771
vt 0.528189 0.915946
vt 0.737544 0.896676
vt 0.729553 0.874555
vt 0.718870 0.854179
vt 0.706779 0.835160
vt 0.694862 0.816508
vt 0.684756 0.802039
vt 0.676079 0.796712
vt 0.667731 0.794270
vt 0.667562 0.795209
vt 0.717043 0.923956
vt 0.717365 0.932515
vt 0.707792 0.931087
vt 0.707918 0.922781
vt 0.535977 0.894508
vt 0.545700 0.873811
vt 0.556488 0.854490
vt 0.567277 0.835733
vt 0.577022 0.816573
vt 0.585241 0.801318
vt 0.593253 0.794882
vt 0.609385 0.788819
vt 0.601432 0.792068
vt 0.601117 0.791103
vt 0.608887 0.787920
vt 0.725917 0.923958
vt 0.726996 0.933178
vt 0.514278 0.897167
vt 0.525219 0.895597
vt 0.740786 0.875091
vt 0.730353 0.853624
vt 0.717845 0.834188
vt 0.705008 0.815755
vt 0.693840 0.801862
vt 0.684769 0.797030
vt 0.676229 0.795069
vt 0.676143 0.796019
vt 0.698017 0.929636
vt 0.698264 0.921458
vt 0.716498 0.947171
vt 0.706775 0.944756
vt 0.534538 0.874201
vt 0.545464 0.854437
vt 0.556708 0.835654
vt 0.567172 0.816865
vt 0.576167 0.802145
vt 0.584625 0.796246
vt 0.593106 0.794161
vt 0.592899 0.793161
vt 0.521054 0.929681
vt 0.529487 0.929415
vt 0.529625 0.937962
vt 0.520326 0.938808
vt 0.726205 0.949767
vt 0.511160 0.875757
vt 0.523064 0.874814
vt 0.741909 0.852975
vt 0.728897 0.832751
vt 0.715120 0.814346
vt 0.702864 0.801129
vt 0.693436 0.796869
vt 0.684783 0.795381
vt 0.684775 0.796335
vt 0.688044 0.928668
vt 0.688204 0.920537
vt 0.697311 0.942846
vt 0.712117 0.961576
vt 0.703937 0.958167
vt 0.534152 0.854308
vt 0.546033 0.835277
vt 0.557329 0.816707
vt 0.567076 0.802471
vt 0.575854 0.797043
vt 0.584532 0.795508
vt 0.584402 0.794486
vt 0.538390 0.927924
vt 0.538998 0.936223
vt 0.531225 0.952536
vt 0.521576 0.955070
vt 0.720124 0.965919
vt 0.509998 0.853904
vt 0.522407 0.854120
vt 0.739921 0.830846
vt 0.725166 0.812162
vt 0.711771 0.799708
vt 0.702010 0.796183
vt 0.693311 0.795223
vt 0.693384 0.796174
vt 0.677946 0.928449
vt 0.677905 0.920320
vt 0.687768 0.941670
vt 0.695527 0.955768
vt 0.706414 0.971410
vt 0.700105 0.967761
vt 0.535108 0.834572
vt 0.547444 0.816072
vt 0.558006 0.802314
vt 0.567030 0.797367
vt 0.575807 0.796299
vt 0.575739 0.795265
vt 0.547759 0.926166
vt 0.548527 0.934346
vt 0.540612 0.949899
vt 0.536002 0.966797
vt 0.527828 0.971120
vt 0.712180 0.976374
vt 0.511880 0.831978
vt 0.523785 0.833493
vt 0.735108 0.809120
vt 0.720475 0.797358
vt 0.710400 0.794861
vt 0.701732 0.794555
vt 0.701893 0.795496
vt 0.667836 0.929085
vt 0.667562 0.920920
vt 0.678179 0.941410
vt 0.687041 0.954374
vt 0.693178 0.965168
vt 0.700616 0.978145
vt 0.695924 0.974639
vt 0.537427 0.814894
vt 0.548986 0.801632
vt 0.558233 0.797236
vt 0.567022 0.796623
vt 0.567010 0.795587
vt 0.557537 0.924690
vt 0.558252 0.932828
vt 0.549947 0.947577
vt 0.544177 0.963214
vt 0.542040 0.976535
vt 0.536134 0.981603
vt 0.704235 0.982803
vt 0.516386 0.810479
vt 0.527147 0.813070
vt 0.728818 0.793686
vt 0.718466 0.792679
vt 0.709943 0.793270
vt 0.710208 0.794188
vt 0.657832 0.930520
vt 0.657385 0.922272
vt 0.668606 0.942143
vt 0.678529 0.954058
vt 0.686059 0.963713
vt 0.690608 0.972237
vt 0.690967 0.985229
vt 0.688793 0.982979
vt 0.540038 0.800324
vt 0.549537 0.796604
vt 0.558266 0.796497
vt 0.558312 0.795468
vt 0.567601 0.923814
vt 0.568139 0.931964
vt 0.559328 0.945882
vt 0.552441 0.960449
vt 0.548475 0.972611
vt 0.548277 0.983055
vt 0.544620 0.987915
vt 0.692251 0.987938
vt 0.521968 0.794960
vt 0.531100 0.798201
vt 0.725871 0.789151
vt 0.717778 0.791163
vt 0.718175 0.792037
vt 0.648013 0.932522
vt 0.647559 0.924110
vt 0.659110 0.943847
vt 0.670066 0.954852
vt 0.678874 0.963369
vt 0.684956 0.970881
vt 0.686031 0.981364
vt 0.541004 0.795358
vt 0.549619 0.795872
vt 0.549730 0.794863
vt 0.577774 0.923677
vt 0.578100 0.931878
vt 0.568777 0.945014
vt 0.560810 0.958599
vt 0.555283 0.969740
vt 0.552940 0.979351
vt 0.558579 0.989686
vt 0.557403 0.992568
vt 0.524674 0.790031
vt 0.532707 0.793312
vt 0.724873 0.787773
vt 0.725428 0.788572
vt 0.638367 0.934618
vt 0.638215 0.925896
vt 0.649710 0.946391
vt 0.661736 0.956759
vt 0.671750 0.964137
vt 0.679178 0.970546
vt 0.682908 0.980419
vt 0.541145 0.794647
vt 0.541343 0.793658
vt 0.587856 0.924233
vt 0.588028 0.932527
vt 0.578269 0.945062
vt 0.569253 0.957745
vt 0.562331 0.967900
vt 0.558213 0.976683
vt 0.560659 0.987312
vt 0.525085 0.789389
vt 0.525585 0.788503
vt 0.533240 0.791670
vt 0.532933 0.792621
vt 0.628802 0.936029
vt 0.629316 0.926586
vt 0.640356 0.949537
vt 0.653618 0.959752
vt 0.664826 0.966025
vt 0.673457 0.971224
vt 0.679628 0.980158
vt 0.597652 0.925236
vt 0.597848 0.933685
vt 0.587769 0.946007
vt 0.577718 0.957932
vt 0.569504 0.967100
vt 0.563848 0.975002
vt 0.563375 0.985529
vt 0.615538 0.926091
vt 0.616898 0.935338
vt 0.607557 0.934878
vt 0.607013 0.926168
vt 0.630878 0.952943
vt 0.645777 0.963795
vt 0.658260 0.969051
vt 0.667975 0.972921
vt 0.676380 0.980581
vt 0.597270 0.947716
vt 0.586143 0.959168
vt 0.576688 0.967358
vt 0.569655 0.974293
vt 0.566498 0.984385
vt 0.616554 0.952144
vt 0.606836 0.949931
vt 0.638252 0.968878
vt 0.652255 0.973263
vt 0.662948 0.975656
vt 0.673354 0.981673
vt 0.594472 0.961423
vt 0.583765 0.968693
vt 0.575470 0.974564
vt 0.569823 0.983904
vt 0.610919 0.968779
vt 0.602664 0.964643
vt 0.647081 0.978760
vt 0.658664 0.979475
vt 0.670751 0.983408
vt 0.590597 0.971131
vt 0.581123 0.975834
vt 0.573159 0.984099
vt 0.602998 0.979653
vt 0.597014 0.974719
vt 0.655558 0.984458
vt 0.668795 0.985730
vt 0.586417 0.978137
vt 0.576316 0.984970
vt 0.594851 0.986275
vt 0.591085 0.981541
vt 0.667746 0.988539
vt 0.579088 0.986505
vt 0.582559 0.991479
vt 0.581244 0.988666
vt 0.432557 0.077966
vt 0.399806 0.077771
vt 0.401251 0.059896
vt 0.437838 0.059953
vt 0.431378 0.193919
vt 0.398573 0.193336
vt 0.404732 0.042305
vt 0.450023 0.042592
vt 0.436284 0.078104
vt 0.435104 0.193960
vt 0.435794 0.209408
vt 0.399948 0.208417
vt 0.385743 0.193239
vt 0.387055 0.077802
vt 0.156382 0.074846
vt 0.160137 0.074817
vt 0.158036 0.191478
vt 0.154291 0.191408
vt 0.372915 0.193043
vt 0.374308 0.077481
vt 0.193080 0.075585
vt 0.190982 0.191878
vt 0.340105 0.192879
vt 0.341561 0.076930
vt 0.408560 0.034135
vt 0.387554 0.034065
vt 0.387750 0.016996
vt 0.408071 0.017106
vt 0.460827 0.020067
vt 0.463188 0.033137
vt 0.155352 0.056541
vt 0.143605 0.038717
vt 0.189171 0.039765
vt 0.192154 0.057562
vt 0.189318 0.207005
vt 0.153252 0.206869
vt 0.205900 0.075991
vt 0.203830 0.192168
vt 0.371196 0.208089
vt 0.335338 0.208261
vt 0.336381 0.192836
vt 0.337830 0.076983
vt 0.336691 0.058799
vt 0.373270 0.059577
vt 0.324907 0.041162
vt 0.370193 0.041911
vt 0.366553 0.033656
vt 0.367432 0.016641
vt 0.387759 0.016187
vt 0.408072 0.016298
vt 0.460849 0.019260
vt 0.218737 0.076046
vt 0.216670 0.192339
vt 0.255437 0.076618
vt 0.253355 0.193182
vt 0.249610 0.193118
vt 0.251685 0.076454
vt 0.311962 0.031407
vt 0.314620 0.018405
vt 0.367449 0.015833
vt 0.630393 0.139937
vt 0.630379 0.139152
vt 0.651385 0.138120
vt 0.651430 0.138903
vt 0.470777 0.020243
vt 0.470715 0.021050
vt 0.431090 0.253147
vt 0.425282 0.271136
vt 0.396182 0.270874
vt 0.398112 0.253164
vt 0.130642 0.028817
vt 0.133400 0.015751
vt 0.186556 0.014317
vt 0.185562 0.031433
vt 0.314616 0.017598
vt 0.609341 0.139691
vt 0.609356 0.138908
vt 0.630363 0.138317
vt 0.651390 0.137288
vt 0.123427 0.016437
vt 0.123388 0.015623
vt 0.133401 0.014938
vt 0.206999 0.014806
vt 0.206692 0.031982
vt 0.253840 0.208672
vt 0.217792 0.207516
vt 0.220306 0.058066
vt 0.257121 0.058361
vt 0.422104 0.564588
vt 0.392025 0.564220
vt 0.186578 0.013504
vt 0.304714 0.019151
vt 0.304670 0.018342
vt 0.609320 0.138077
vt 0.630126 0.125628
vt 0.651577 0.124607
vt 0.708364 0.135835
vt 0.708157 0.136647
vt 0.207013 0.013993
vt 0.227446 0.015049
vt 0.227828 0.032189
vt 0.223923 0.040386
vt 0.269497 0.040968
vt 0.428786 0.271192
vt 0.425617 0.564617
vt 0.430687 0.623600
vt 0.393478 0.623103
vt 0.290458 0.019423
vt 0.280514 0.018370
vt 0.280542 0.017558
vt 0.290526 0.018611
vt 0.552572 0.139592
vt 0.552333 0.138788
vt 0.608652 0.125426
vt 0.682740 0.122958
vt 0.630048 0.121485
vt 0.651277 0.120597
vt 0.717163 0.141871
vt 0.716670 0.142535
vt 0.227452 0.014236
vt 0.610232 0.251112
vt 0.610253 0.250384
vt 0.629830 0.250786
vt 0.629837 0.251517
vt 0.282806 0.031538
vt 0.189732 0.251789
vt 0.191045 0.269664
vt 0.161787 0.269022
vt 0.156627 0.250788
vt 0.158261 0.268971
vt 0.156253 0.564327
vt 0.152719 0.564252
vt 0.433996 0.682508
vt 0.393570 0.681987
vt 0.372008 0.252865
vt 0.373532 0.270614
vt 0.344428 0.270208
vt 0.339037 0.252092
vt 0.544297 0.145815
vt 0.543779 0.145170
vt 0.577450 0.124954
vt 0.608800 0.121388
vt 0.705094 0.123455
vt 0.706623 0.129798
vt 0.557391 0.250495
vt 0.549633 0.256208
vt 0.549156 0.255604
vt 0.557177 0.249745
vt 0.610226 0.249609
vt 0.649389 0.249996
vt 0.649424 0.250725
vt 0.629822 0.250009
vt 0.186525 0.564850
vt 0.423732 0.772607
vt 0.394770 0.772211
vt 0.370965 0.563979
vt 0.340890 0.563659
vt 0.702240 0.249075
vt 0.702439 0.248321
vt 0.710577 0.254006
vt 0.710113 0.254620
vt 0.555133 0.126303
vt 0.553848 0.132701
vt 0.792282 0.217378
vt 0.793345 0.214030
vt 0.795229 0.213169
vt 0.796122 0.216075
vt 0.647720 0.083471
vt 0.671556 0.085990
vt 0.678069 0.119158
vt 0.559898 0.238154
vt 0.558643 0.244095
vt 0.580680 0.237105
vt 0.609716 0.237830
vt 0.649400 0.249222
vt 0.629703 0.238201
vt 0.215772 0.252257
vt 0.248895 0.252444
vt 0.243087 0.270483
vt 0.213815 0.270074
vt 0.183320 0.624037
vt 0.145875 0.623435
vt 0.368164 0.622813
vt 0.330954 0.622457
vt 0.337378 0.563608
vt 0.340923 0.270184
vt 0.700868 0.242690
vt 0.699497 0.236776
vt 0.581972 0.120979
vt 0.587217 0.087588
vt 0.610945 0.084164
vt 0.462610 0.220602
vt 0.463737 0.216648
vt 0.465652 0.217449
vt 0.466816 0.220774
vt 0.695547 0.087805
vt 0.704222 0.119451
vt 0.629886 0.112935
vt 0.629872 0.112206
vt 0.642961 0.083654
vt 0.643763 0.083605
vt 0.642767 0.049969
vt 0.663646 0.055480
vt 0.649679 0.237425
vt 0.609889 0.234075
vt 0.629665 0.234346
vt 0.237982 0.565798
vt 0.207720 0.565231
vt 0.181485 0.683267
vt 0.140804 0.682594
vt 0.366723 0.681679
vt 0.326295 0.681273
vt 0.246613 0.270559
vt 0.241516 0.565851
vt 0.678696 0.236139
vt 0.555852 0.122269
vt 0.563305 0.090313
vt 0.593961 0.056797
vt 0.614647 0.050404
vt 0.614899 0.084149
vt 0.615701 0.084167
vt 0.708840 0.091702
vt 0.715520 0.119990
vt 0.685155 0.061380
vt 0.628866 0.058943
vt 0.628851 0.058162
vt 0.717231 0.123592
vt 0.728686 0.121688
vt 0.737151 0.132740
vt 0.725217 0.139001
vt 0.649434 0.233691
vt 0.246233 0.625238
vt 0.208792 0.624495
vt 0.177606 0.773989
vt 0.148461 0.773529
vt 0.363451 0.771851
vt 0.334488 0.771580
vt 0.698717 0.233047
vt 0.709185 0.233483
vt 0.710791 0.236991
vt 0.543012 0.126906
vt 0.535622 0.142611
vt 0.523459 0.136813
vt 0.531491 0.125444
vt 0.544584 0.123240
vt 0.550173 0.094717
vt 0.572685 0.063517
vt 0.700336 0.066596
vt 0.722190 0.092771
vt 0.727116 0.118089
vt 0.642250 0.083696
vt 0.628890 0.060243
vt 0.541588 0.253146
vt 0.530323 0.247635
vt 0.537904 0.237133
vt 0.548612 0.238602
vt 0.584924 0.233449
vt 0.560604 0.234407
vt 0.567834 0.204740
vt 0.590103 0.202430
vt 0.612207 0.199466
vt 0.454867 0.108528
vt 0.450698 0.107261
vt 0.451559 0.104107
vt 0.453613 0.104967
vt 0.249178 0.684540
vt 0.208499 0.683752
vt 0.690906 0.203535
vt 0.703244 0.207269
vt 0.720036 0.231961
vt 0.721466 0.235323
vt 0.729250 0.245679
vt 0.718094 0.251403
vt 0.532920 0.121837
vt 0.536871 0.096295
vt 0.557658 0.069440
vt 0.616419 0.084182
vt 0.684184 0.057530
vt 0.700304 0.062838
vt 0.715747 0.069285
vt 0.808300 0.134420
vt 0.821892 0.156361
vt 0.821320 0.156365
vt 0.808308 0.134869
vt 0.809060 0.180594
vt 0.809053 0.180163
vt 0.550109 0.235205
vt 0.539268 0.233790
vt 0.543186 0.210057
vt 0.555576 0.208714
vt 0.576812 0.179892
vt 0.596658 0.173848
vt 0.615932 0.168115
vt 0.792861 0.221324
vt 0.796755 0.221567
vt 0.646432 0.199122
vt 0.668594 0.201655
vt 0.674380 0.232566
vt 0.615886 0.199486
vt 0.616633 0.199509
vt 0.629580 0.225710
vt 0.629587 0.226389
vt 0.238264 0.775137
vt 0.209122 0.774553
vt 0.681450 0.178862
vt 0.695532 0.183836
vt 0.715655 0.208369
vt 0.542408 0.072585
vt 0.557605 0.065568
vt 0.573505 0.059633
vt 0.796010 0.156782
vt 0.795438 0.156797
vt 0.693793 0.039583
vt 0.708590 0.046525
vt 0.548560 0.188043
vt 0.562778 0.185261
vt 0.642002 0.199254
vt 0.642748 0.199215
vt 0.642081 0.167902
vt 0.661479 0.173208
vt 0.629079 0.175427
vt 0.629086 0.176153
vt 0.680579 0.175271
vt 0.695532 0.180339
vt 0.709848 0.186462
vt 0.548696 0.049578
vt 0.563206 0.042070
vt 0.568214 0.159844
vt 0.577613 0.176286
vt 0.562765 0.181657
vt 0.554633 0.166691
vt 0.721911 0.051279
vt 0.716050 0.065468
vt 0.738938 0.065769
vt 0.737962 0.069239
vt 0.629098 0.177363
vt 0.617301 0.199530
vt 0.689659 0.158643
vt 0.703369 0.165224
vt 0.520206 0.073438
vt 0.519097 0.069973
vt 0.541961 0.068786
vt 0.535564 0.054834
vt 0.548180 0.184504
vt 0.542360 0.171460
vt 0.743418 0.055332
vt 0.527895 0.188626
vt 0.526895 0.185391
vt 0.641340 0.199287
vt 0.843399 0.137150
vt 0.843397 0.137599
vt 0.830642 0.159261
vt 0.830070 0.159264
vt 0.843201 0.183349
vt 0.843203 0.182918
vt 0.715723 0.169757
vt 0.710160 0.182913
vt 0.731450 0.183377
vt 0.730517 0.186598
vt 0.514224 0.059715
vt 0.522454 0.175801
vt 0.764900 0.061638
vt 0.760361 0.067540
vt 0.761128 0.100196
vt 0.760095 0.085252
vt 0.780605 0.094201
vt 0.781889 0.100605
vt 0.856539 0.159378
vt 0.855966 0.159370
vt 0.735696 0.173700
vt 0.498232 0.105183
vt 0.477498 0.106413
vt 0.478542 0.099963
vt 0.498701 0.090248
vt 0.497761 0.072568
vt 0.493003 0.066843
vt 0.507013 0.187607
vt 0.502634 0.182240
vt 0.507168 0.217931
vt 0.487870 0.218933
vt 0.488890 0.212940
vt 0.507729 0.204066
vt 0.755623 0.179729
vt 0.751362 0.185190
vt 0.751854 0.215590
vt 0.750987 0.201674
vt 0.770015 0.210119
vt 0.771249 0.216442
vt 0.805263 0.106141
vt 0.804567 0.101908
vt 0.809080 0.101590
vt 0.809237 0.106466
vt 0.454380 0.112785
vt 0.450209 0.113185
vt 0.805713 0.098300
vt 0.807745 0.097379
vt 0.466287 0.224730
vt 0.462599 0.225143
vt 0.679961 0.989666
vt 0.570146 0.994000
vt 0.387257 0.060026
vt 0.387459 0.042351
vt 0.444315 0.061426
vt 0.148793 0.057831
vt 0.385569 0.208496
vt 0.456970 0.044988
vt 0.136546 0.040922
vt 0.439748 0.209402
vt 0.149280 0.206733
vt 0.443353 0.225560
vt 0.402059 0.225146
vt 0.385377 0.225366
vt 0.385062 0.252795
vt 0.368704 0.224766
vt 0.471910 0.035489
vt 0.121799 0.030926
vt 0.206224 0.058106
vt 0.203548 0.207694
vt 0.187070 0.223653
vt 0.145189 0.222804
vt 0.449299 0.225647
vt 0.139206 0.222701
vt 0.434850 0.253253
vt 0.206543 0.040320
vt 0.203255 0.224010
vt 0.331385 0.208164
vt 0.327410 0.224234
vt 0.330182 0.060123
vt 0.263630 0.059885
vt 0.257814 0.208678
vt 0.317906 0.043397
vt 0.707990 0.137453
vt 0.152842 0.250777
vt 0.384858 0.270717
vt 0.276473 0.043424
vt 0.303188 0.033558
vt 0.715849 0.142923
vt 0.557571 0.251251
vt 0.550407 0.256546
vt 0.202757 0.251727
vt 0.219442 0.224235
vt 0.381494 0.564102
vt 0.321464 0.224184
vt 0.335275 0.252111
vt 0.267310 0.224997
vt 0.261327 0.224886
vt 0.291568 0.033961
vt 0.552772 0.140402
vt 0.380821 0.622962
vt 0.545133 0.146170
vt 0.702078 0.249824
vt 0.709346 0.254974
vt 0.202430 0.269847
vt 0.434601 0.623627
vt 0.141937 0.623347
vt 0.380146 0.681834
vt 0.252678 0.252569
vt 0.197123 0.565043
vt 0.438084 0.682566
vt 0.427237 0.772693
vt 0.379111 0.771959
vt 0.196056 0.624270
vt 0.136690 0.682532
vt 0.406432 0.875925
vt 0.403909 0.875794
vt 0.194992 0.683510
vt 0.144934 0.773512
vt 0.381492 0.963683
vt 0.377028 0.977042
vt 0.327040 0.622394
vt 0.250172 0.625291
vt 0.642736 0.046331
vt 0.663529 0.051898
vt 0.629844 0.110753
vt 0.193365 0.774198
vt 0.165348 0.877913
vt 0.162807 0.877970
vt 0.322207 0.681238
vt 0.330983 0.771586
vt 0.593938 0.053214
vt 0.614537 0.046831
vt 0.654717 0.044131
vt 0.745328 0.111997
vt 0.752922 0.119999
vt 0.515320 0.236195
vt 0.522195 0.228532
vt 0.742658 0.108703
vt 0.189390 0.980555
vt 0.185292 0.966986
vt 0.351927 0.875194
vt 0.349034 0.875250
vt 0.253291 0.684625
vt 0.507220 0.124682
vt 0.514518 0.116376
vt 0.736992 0.226408
vt 0.744030 0.233956
vt 0.517035 0.113000
vt 0.602444 0.045116
vt 0.741281 0.088139
vt 0.659299 0.027039
vt 0.628704 0.050137
vt 0.628642 0.046528
vt 0.524572 0.225416
vt 0.762157 0.104420
vt 0.241789 0.775247
vt 0.376146 0.977032
vt 0.372062 0.963575
vt 0.734604 0.223404
vt 0.497461 0.109501
vt 0.517612 0.092403
vt 0.597319 0.028146
vt 0.812335 0.156998
vt 0.808553 0.149776
vt 0.808810 0.165379
vt 0.506327 0.221939
vt 0.765081 0.111501
vt 0.503797 0.228604
vt 0.525307 0.206249
vt 0.596675 0.170513
vt 0.615857 0.164796
vt 0.629566 0.224359
vt 0.220563 0.878990
vt 0.217654 0.878847
vt 0.194788 0.967156
vt 0.190279 0.980571
vt 0.733462 0.204210
vt 0.752691 0.219561
vt 0.495039 0.116757
vt 0.755143 0.226246
vt 0.805011 0.157119
vt 0.759278 0.070933
vt 0.644199 0.036061
vt 0.648168 0.031083
vt 0.599987 0.147277
vt 0.604669 0.163061
vt 0.608011 0.145320
vt 0.610375 0.150520
vt 0.783283 0.105173
vt 0.642076 0.164514
vt 0.661400 0.169876
vt 0.653265 0.162584
vt 0.657531 0.146652
vt 0.476274 0.111032
vt 0.498971 0.075954
vt 0.486701 0.223220
vt 0.784067 0.109176
vt 0.486084 0.226965
vt 0.508109 0.190769
vt 0.628959 0.164599
vt 0.628997 0.167959
vt 0.750330 0.188340
vt 0.772439 0.220418
vt 0.475632 0.115061
vt 0.773160 0.224145
vt 0.780973 0.082981
vt 0.803537 0.107508
vt 0.802238 0.111038
vt 0.843333 0.152514
vt 0.839638 0.159785
vt 0.843266 0.168126
vt 0.457542 0.117571
vt 0.456129 0.114088
vt 0.477830 0.088870
vt 0.787197 0.077636
vt 0.783576 0.080403
vt 0.485764 0.200201
vt 0.482321 0.197725
vt 0.469236 0.229201
vt 0.467930 0.225954
vt 0.488311 0.202606
vt 0.802732 0.112859
vt 0.468827 0.230908
vt 0.846966 0.159816
vt 0.770418 0.199689
vt 0.791277 0.222588
vt 0.790078 0.225875
vt 0.457089 0.119402
vt 0.790560 0.227563
vt 0.475076 0.086305
vt 0.471359 0.083672
vt 0.776231 0.194746
vt 0.772851 0.197303
vt 0.806368 0.110442
vt 0.452480 0.116321
vt 0.465378 0.228762
vt 0.794742 0.224551
vt 0.652876 0.259004
vt 0.653290 0.299309
vt 0.659998 0.258931
vt 0.660412 0.299236
vt 0.610558 0.299748
vt 0.610144 0.259442
vt 0.603436 0.299821
vt 0.603022 0.259515
vt 0.681364 0.258711
vt 0.681778 0.299017
vt 0.582070 0.300040
vt 0.581656 0.259734
vt 0.702730 0.258492
vt 0.703144 0.298798
vt 0.633649 0.042463
vt 0.627819 0.043262
vt 0.624184 0.160752
vt 0.618969 0.158569
vt 0.376586 0.978461
vt 0.189793 0.981995
vt 0.621972 0.042681
vt 0.629638 0.161367
vt 0.635069 0.160649
vt 0.639177 0.039978
vt 0.611669 0.037215
vt 0.616295 0.040447
vt 0.614197 0.155045
vt 0.640299 0.158402
vt 0.645048 0.154872
vt 0.648851 0.150353
vt 0.651153 0.145118
vt 0.604194 0.026543
vt 0.606845 0.032089
vt 0.650567 0.025428
vt 0.707937 0.922077
vt 0.717011 0.923244
vt 0.725729 0.923244
vt 0.698297 0.920757
vt 0.521203 0.928965
vt 0.529487 0.928704
vt 0.688230 0.919839
vt 0.538329 0.927221
vt 0.677912 0.919621
vt 0.547680 0.925469
vt 0.667546 0.920221
vt 0.557463 0.923994
vt 0.657350 0.921572
vt 0.567545 0.923117
vt 0.647523 0.923406
vt 0.577741 0.922977
vt 0.638215 0.925185
vt 0.587841 0.923531
vt 0.629461 0.925863
vt 0.597639 0.924530
vt 0.606957 0.925457
vt 0.615343 0.925380

# vertex normals
vn 0.000000 0.951057 -0.309017
vn 0.000000 0.809017 -0.587786
vn 0.000000 1.000000 0.000000
vn 1.000000 0.000000 0.000000
vn 0.000000 0.587785 -0.809017
vn -1.000000 0.000000 0.000000
vn 0.000000 0.951056 0.309019
vn 1.000000 -0.000013 0.000000
vn -1.000000 0.000030 0.000000
vn 0.000000 0.951056 -0.309018
vn 0.000000 0.309017 -0.951057
vn -1.000000 -0.000007 0.000000
vn 0.000000 0.809016 -0.587786
vn 0.000000 0.951056 -0.309017
vn 0.000000 0.809017 0.587786
vn 1.000000 -0.000008 0.000000
vn 0.000000 0.000000 -1.000000
vn -1.000000 -0.000004 0.000000
vn 0.000000 0.587786 0.809017
vn 1.000000 0.000009 0.000000
vn 0.000000 0.951056 0.309020
vn 0.000000 0.951056 0.309018
vn -1.000000 0.000022 0.000000
vn 0.000000 0.809016 -0.587787
vn 0.000000 0.309017 -0.951056
vn 1.000000 0.000004 0.000000
vn 0.000000 -0.309017 -0.951057
vn -1.000000 0.000004 0.000000
vn 0.000000 0.309017 0.951057
vn 1.000000 -0.000011 0.000000
vn -1.000000 -0.000015 0.000000
vn 0.000000 0.809016 0.587786
vn -1.000000 0.000009 0.000000
vn 1.000000 -0.000030 0.000000
vn 1.000000 -0.000004 0.000000
vn 0.000000 -0.587786 -0.809017
vn 0.000000 0.000000 1.000000
vn -1.000000 0.000015 0.000000
vn 1.000000 0.000017 0.000000
vn 0.000000 -0.809017 -0.587786
vn -1.000000 -0.000011 0.000000
vn 0.000000 -0.309017 -0.951056
vn 0.000000 0.041046 -0.999157
vn 0.000000 -0.309017 0.951057
vn 0.000000 0.309017 0.951056
vn -1.000000 0.000011 0.000000
vn 0.000000 0.809016 0.587787
vn 1.000000 -0.000009 0.000000
vn 1.000000 0.000015 0.000000
vn 0.000000 -0.951056 -0.309018
vn 0.000000 -0.587786 0.809017
vn 0.000000 0.587785 0.809017
vn 1.000000 0.000006 0.000000
vn -1.000000 -0.000006 0.000000
vn 0.000000 0.309018 -0.951056
vn 0.000000 -1.000000 0.000000
vn 0.000000 -0.809017 0.587786
vn 1.000000 0.000007 0.000000
vn 0.000000 -0.411555 0.911385
vn 0.000000 -0.587785 -0.809017
vn 0.000000 0.587784 -0.809018
vn 0.000000 -0.951056 -0.309017
vn 0.000000 -0.951056 0.309018
vn -1.000000 -0.000002 0.000000
vn 0.000000 -0.809017 -0.587785
vn 0.000000 -0.790772 -0.612111
vn 1.000000 -0.000007 0.000000
vn 1.000000 -0.000015 0.000000
vn -1.000000 -0.000008 0.000000
vn 0.000000 -0.809016 0.587786
vn 0.000000 -0.309016 0.951057
vn 0.000000 0.309018 0.951056
vn 1.000000 -0.000039 0.000000
vn -1.000000 -0.000030 0.000000
vn -0.001514 -0.947089 0.320967
vn 0.000000 -0.951056 0.309017
vn 0.000000 -0.999975 -0.007025
vn -0.001571 -0.810097 0.586294
vn 0.000000 -0.587784 0.809018
vn -1.000000 0.000007 0.000000
vn 0.000000 0.587785 0.809017
vn 1.000000 -0.000006 0.000000
vn -1.000000 -0.000013 0.000000
vn 0.000000 -0.309018 -0.951056
vn 0.000000 0.809017 -0.587785
vn -1.000000 0.000010 0.000000
vn 0.000000 -0.587786 -0.809016
vn 0.000000 0.951057 -0.309016
vn 0.000000 -0.809017 0.587785
vn 1.000000 -0.000040 0.000000
vn 0.000000 -0.951057 -0.309017
vn 0.000000 0.587785 -0.809017
vn 0.000000 -0.587785 0.809017
vn 1.000000 0.000030 0.000000
vn -1.000000 0.000018 0.000000
vn 0.000000 -0.309017 0.951056
vn 1.000000 0.000018 0.000000
vn 0.000000 -0.587787 -0.809016
vn -1.000000 0.000006 0.000000
vn 1.000000 0.000002 0.000000
vn 0.000000 -0.809017 -0.587785
vn -1.000000 -0.000018 0.000000
vn 0.000000 -0.951057 0.309017
vn -1.000000 0.000002 0.000000
vn -1.000000 0.000026 0.000000
vn 0.000000 -0.809016 0.587787
vn 1.000000 -0.000022 0.000000
vn 1.000000 -0.000024 0.000000
vn 0.000000 1.000000 0.000001
vn 0.000000 1.000000 0.000002
vn -1.000000 0.000000 -0.000006
vn -1.000000 0.000004 0.000007
vn 0.000000 0.951056 -0.309019
vn -1.000000 0.000012 0.000000
vn 0.000000 -0.951057 0.309016
vn 0.000000 0.587786 -0.809016
vn 1.000000 0.000013 0.000000
vn -0.066712 0.948938 -0.308329
vn -0.066712 0.807214 -0.586476
vn 1.000000 -0.000012 0.000000
vn -0.066713 0.997772 0.000000
vn -0.066712 0.586476 -0.807215
vn -0.588920 0.768636 -0.249744
vn -0.588917 0.653845 -0.475041
vn 1.000000 -0.000002 0.000000
vn -0.066713 0.948937 0.308330
vn -0.588921 0.808190 0.000000
vn -0.066713 0.308329 -0.948938
vn -0.588919 0.475046 -0.653839
vn -0.120065 0.944176 -0.306782
vn -0.117669 0.944449 -0.306871
vn -0.117669 0.803396 -0.583703
vn -0.120065 0.803163 -0.583535
vn -0.066713 0.807214 0.586477
vn -0.588921 0.768635 0.249746
vn -0.120065 0.992766 0.000000
vn -0.117669 0.993053 0.000000
vn -0.066713 -0.000000 -0.997772
vn -0.588921 0.249747 -0.768634
vn -0.117669 0.583702 -0.803397
vn -0.120065 0.583534 -0.803164
vn -0.089773 0.947216 -0.307769
vn -0.089773 0.805750 -0.585413
vn -0.066713 0.586476 0.807215
vn -0.588923 0.653836 0.475046
vn -0.120065 0.944176 0.306782
vn -0.117669 0.944449 0.306871
vn -0.089773 0.995962 0.000000
vn -0.066713 -0.308329 -0.948938
vn -0.588921 -0.000000 -0.808191
vn -0.117669 0.306871 -0.944449
vn -0.120065 0.306782 -0.944176
vn -0.089774 0.585412 -0.805750
vn -0.066712 0.308329 0.948938
vn -0.588921 0.475042 0.653840
vn -0.120065 0.803164 0.583535
vn -0.117669 0.803396 0.583703
vn -0.089774 0.947216 0.307771
vn -0.066712 -0.586475 -0.807215
vn -0.588921 -0.249745 -0.768635
vn -0.117669 -0.000000 -0.993053
vn -0.120065 -0.000000 -0.992766
vn -0.089774 0.307769 -0.947216
vn 0.000000 0.587786 -0.809017
vn 0.089773 0.947216 -0.307769
vn 0.089773 0.805750 -0.585413
vn -0.066713 0.000000 0.997772
vn -0.588920 0.249748 0.768634
vn -0.120065 0.583533 0.803165
vn -0.117669 0.583702 0.803397
vn -0.089774 0.805749 0.585414
vn 0.089773 0.995962 0.000000
vn -0.066712 -0.807214 -0.586477
vn 0.000000 -0.809016 -0.587786
vn -0.588922 -0.475039 -0.653842
vn -0.117669 -0.306870 -0.944449
vn -0.120065 -0.306782 -0.944176
vn -0.089774 -0.000000 -0.995962
vn 0.089773 0.585412 -0.805750
vn 0.161472 0.938576 -0.304961
vn 0.161472 0.798400 -0.580073
vn -0.066713 -0.308329 0.948938
vn -0.588921 0.000003 0.808191
vn -0.120065 0.306781 0.944177
vn -0.117669 0.306870 0.944449
vn -0.089774 0.585412 0.805750
vn 0.089773 0.947216 0.307770
vn 0.161472 0.986877 0.000000
vn -0.066713 -0.948938 -0.308329
vn -0.588919 -0.653842 -0.475042
vn -0.117669 -0.583703 -0.803396
vn -0.120065 -0.583534 -0.803164
vn -0.089774 -0.307770 -0.947216
vn 0.089773 0.307770 -0.947216
vn 0.161472 0.580071 -0.798401
vn 0.228803 0.925829 -0.300817
vn 0.228803 0.787557 -0.572192
vn -0.066713 -0.586475 0.807215
vn -0.588921 -0.249743 0.768635
vn -0.120065 0.000000 0.992766
vn -0.117669 0.000000 0.993053
vn -0.089774 0.307770 0.947216
vn 0.089773 0.805749 0.585413
vn 0.161472 0.938576 0.304962
vn 0.228803 0.973473 0.000000
vn -0.066713 -0.997772 -0.000000
vn -0.588921 -0.768636 -0.249744
vn -0.117669 -0.803397 -0.583702
vn -0.120065 -0.803165 -0.583533
vn -0.089774 -0.585413 -0.805750
vn 0.089773 0.000000 -0.995962
vn 0.161472 0.304962 -0.938576
vn 0.228803 0.572192 -0.787556
vn 0.639850 0.730886 -0.237481
vn 0.639849 0.621730 -0.451713
vn -0.066712 -0.807214 0.586477
vn -0.588922 -0.475039 0.653842
vn -0.120065 -0.306781 0.944177
vn -0.117669 -0.306870 0.944450
vn -0.089774 0.000000 0.995962
vn 0.089773 0.585411 0.805751
vn 0.161472 0.798400 0.580073
vn 0.228803 0.925828 0.300820
vn 0.639849 0.768501 0.000000
vn -0.066712 -0.948938 0.308329
vn -0.588919 -0.808192 -0.000000
vn -0.117669 -0.944449 -0.306870
vn -0.120065 -0.944177 -0.306781
vn -0.089774 -0.805750 -0.585412
vn 0.089773 -0.307770 -0.947216
vn 0.161472 0.000000 -0.986877
vn 0.228803 0.300819 -0.925828
vn 0.639848 0.451714 -0.621731
vn 0.658873 0.715437 -0.232456
vn 0.658873 0.715437 -0.232455
vn 0.658870 0.608596 -0.442155
vn 0.658870 0.608597 -0.442154
vn -0.588921 -0.653838 0.475044
vn -0.120065 -0.583534 0.803164
vn -0.117669 -0.583701 0.803397
vn -0.089774 -0.307769 0.947216
vn 0.089773 0.307769 0.947216
vn 0.161472 0.580071 0.798401
vn 0.228803 0.787556 0.572193
vn 0.639848 0.730888 0.237481
vn 0.639848 0.730888 0.237482
vn 0.658892 0.752238 0.000000
vn -0.588917 -0.768639 0.249742
vn -0.117669 -0.993053 0.000000
vn -0.120065 -0.992766 0.000000
vn -0.089774 -0.947216 -0.307771
vn 0.089773 -0.585413 -0.805750
vn 0.161472 -0.304963 -0.938576
vn 0.228803 0.000000 -0.973473
vn 0.639848 0.237481 -0.730888
vn 0.658879 0.442168 -0.608577
vn 0.658879 0.442170 -0.608576
vn -0.365838 0.885128 -0.287595
vn -0.245778 0.921884 -0.299538
vn -0.245778 0.784201 -0.569756
vn -0.365839 0.752933 -0.547041
vn -0.120065 -0.803165 0.583533
vn -0.117669 -0.803397 0.583702
vn -0.089774 -0.585412 0.805750
vn 0.089773 0.000000 0.995962
vn 0.161472 0.304962 0.938576
vn 0.228803 0.572194 0.787555
vn 0.639849 0.621731 0.451713
vn 0.658893 0.715415 0.232467
vn 0.658893 0.715416 0.232466
vn -0.365839 0.930678 0.000000
vn -0.245777 0.969326 0.000000
vn -0.117669 -0.944449 0.306871
vn -0.120065 -0.944176 0.306783
vn -0.089774 -0.995962 -0.000000
vn 0.000000 -0.951056 -0.309019
vn 0.089773 -0.805750 -0.585412
vn 0.161472 -0.580073 -0.798400
vn 0.228803 -0.300821 -0.925827
vn 0.639848 -0.000003 -0.768502
vn 0.658880 0.232457 -0.715430
vn 0.658880 0.232458 -0.715430
vn -0.245777 0.569756 -0.784201
vn -0.365837 0.547041 -0.752934
vn 0.000000 0.809017 -0.587785
vn -0.089774 -0.805750 0.585413
vn 0.089773 -0.307769 0.947216
vn 0.161472 0.000000 0.986877
vn 0.228803 0.300819 0.925828
vn 0.639848 0.451714 0.621731
vn 0.639848 0.451715 0.621731
vn 0.658873 0.608585 0.442165
vn 0.658873 0.608586 0.442164
vn -0.365840 0.885126 0.287598
vn -0.245777 0.921884 0.299540
vn -0.089774 -0.947216 0.307770
vn 0.089773 -0.947216 -0.307770
vn 0.161472 -0.798401 -0.580071
vn 0.228802 -0.572195 -0.787555
vn 0.639848 -0.237478 -0.730889
vn 0.658878 0.000000 -0.752250
vn -0.245777 0.299538 -0.921884
vn -0.365837 0.287597 -0.885128
vn 0.294485 0.908883 -0.295313
vn 0.294486 0.773142 -0.561720
vn 0.089774 -0.585411 0.805751
vn 0.161472 -0.304962 0.938576
vn 0.228803 0.000000 0.973473
vn 0.639848 0.237481 0.730888
vn 0.639847 0.237481 0.730889
vn 0.658879 0.442162 0.608582
vn 0.658879 0.442160 0.608583
vn -0.365838 0.752933 0.547042
vn -0.245778 0.784201 0.569757
vn 0.294486 0.955656 0.000000
vn 0.089773 -0.995962 0.000000
vn 0.161472 -0.938576 -0.304962
vn 0.228803 -0.787557 -0.572192
vn 0.639848 -0.451714 -0.621730
vn 0.658879 -0.232441 -0.715436
vn 0.658879 -0.232442 -0.715436
vn -0.245777 0.000000 -0.969326
vn -0.365837 -0.000001 -0.930679
vn 0.294486 0.561720 -0.773142
vn 0.469298 0.839820 -0.272876
vn 0.469297 0.714394 -0.519039
vn 0.089773 -0.805750 0.585413
vn 0.161472 -0.580071 0.798401
vn 0.228803 -0.300819 0.925828
vn 0.639847 0.000000 0.768502
vn 0.639848 0.000000 0.768502
vn 0.658880 0.232445 0.715435
vn 0.658880 0.232444 0.715435
vn -0.365838 0.547039 0.752935
vn -0.245778 0.569756 0.784201
vn 0.000000 0.809017 0.587785
vn 0.294486 0.908882 0.295317
vn 0.469300 0.883039 0.000000
vn 0.089773 -0.947216 0.307771
vn 0.161472 -0.986877 0.000000
vn 0.228803 -0.925828 -0.300818
vn 0.639846 -0.621734 -0.451712
vn 0.658876 -0.442160 -0.608587
vn 0.658876 -0.442158 -0.608588
vn -0.245777 -0.299538 -0.921884
vn -0.365838 -0.287596 -0.885128
vn 0.000000 0.000001 -1.000000
vn 0.294486 0.295315 -0.908882
vn 0.469298 0.519037 -0.714395
vn 0.697097 0.681886 -0.221556
vn 0.825201 0.537195 -0.174544
vn 0.825201 0.456965 -0.332003
vn 0.697097 0.580049 -0.421426
vn 0.161472 -0.798400 0.580073
vn 0.228803 -0.572193 0.787556
vn 0.639847 -0.237483 0.730888
vn 0.658876 0.000000 0.752252
vn -0.365837 0.287598 0.885127
vn -0.245777 0.299538 0.921884
vn 0.000000 0.587787 0.809016
vn 0.294486 0.773141 0.561721
vn 0.469298 0.839819 0.272879
vn 0.697096 0.716978 0.000000
vn 0.825201 0.564839 0.000000
vn 0.161472 -0.938576 0.304962
vn 0.228803 -0.973473 0.000000
vn 0.639855 -0.730881 -0.237482
vn 0.639855 -0.730882 -0.237482
vn 0.658879 -0.608580 -0.442164
vn -0.245777 -0.569755 -0.784202
vn -0.365838 -0.547039 -0.752935
vn 0.294486 0.000000 -0.955656
vn 0.469299 0.272876 -0.839820
vn 0.825201 0.332005 -0.456964
vn 0.697097 0.421431 -0.580045
vn 0.970531 0.229182 -0.074466
vn 0.970734 0.194392 -0.141024
vn 0.228803 -0.787556 0.572192
vn 0.639846 -0.451719 0.621729
vn 0.639846 -0.451719 0.621728
vn 0.658875 -0.232463 0.715434
vn 0.658875 -0.232462 0.715434
vn -0.365837 0.000002 0.930679
vn -0.245777 0.000001 0.969326
vn 0.000000 0.309016 0.951057
vn 0.294487 0.561721 0.773141
vn 0.469297 0.714394 0.519039
vn 0.697096 0.681887 0.221556
vn 0.825201 0.537194 0.174545
vn 0.971075 0.238773 0.000203
vn 0.228803 -0.925828 0.300819
vn 0.639850 -0.768500 -0.000001
vn 0.658895 -0.715413 -0.232467
vn 0.658895 -0.715413 -0.232466
vn -0.245777 -0.784201 -0.569757
vn -0.365838 -0.752934 -0.547040
vn 0.294486 -0.295313 -0.908883
vn 0.469298 0.000000 -0.883040
vn 0.825201 0.174549 -0.537193
vn 0.697098 0.221558 -0.681884
vn 0.970220 0.142383 -0.195961
vn 0.639847 -0.621733 0.451713
vn 0.658870 -0.442175 0.608582
vn 0.658870 -0.442177 0.608580
vn -0.365838 -0.287596 0.885128
vn -0.245777 -0.299538 0.921884
vn 0.000000 -0.000001 1.000000
vn 0.294486 0.295314 0.908883
vn 0.469299 0.519038 0.714394
vn 0.697096 0.580049 0.421427
vn 0.825201 0.456964 0.332004
vn 0.970907 0.227736 0.073997
vn 0.639844 -0.730893 0.237478
vn 0.658885 -0.752244 -0.000001
vn -0.245777 -0.921884 -0.299538
vn -0.365837 -0.885129 -0.287595
vn 0.294486 -0.561721 -0.773142
vn 0.469298 -0.272873 -0.839821
vn 0.825202 -0.000001 -0.564838
vn 0.697098 -0.000002 -0.716976
vn 0.970518 0.074555 -0.229206
vn 0.658866 -0.608598 0.442158
vn -0.365837 -0.547040 0.752934
vn -0.245777 -0.569756 0.784201
vn 0.294486 -0.000001 0.955656
vn 0.469299 0.272875 0.839820
vn 0.697097 0.421430 0.580046
vn 0.825201 0.332002 0.456965
vn 0.971408 0.191979 0.139682
vn 0.658873 -0.715436 0.232458
vn -0.245777 -0.969326 0.000000
vn -0.365838 -0.930679 0.000000
vn 0.000000 -0.951057 -0.309016
vn 0.294485 -0.773143 -0.561719
vn 0.469299 -0.519035 -0.714395
vn 0.825201 -0.174553 -0.537192
vn 0.697099 -0.221560 -0.681883
vn 0.970101 0.000000 -0.242700
vn -0.365838 -0.752935 0.547039
vn -0.245777 -0.784201 0.569757
vn 0.294486 -0.295316 0.908882
vn 0.469298 0.000000 0.883040
vn 0.697099 0.221553 0.681885
vn 0.825201 0.174548 0.537194
vn 0.971207 0.140026 0.192740
vn -0.245778 -0.921884 0.299539
vn -0.365839 -0.885127 0.287596
vn 0.294486 -0.908883 -0.295313
vn 0.469297 -0.714396 -0.519036
vn 0.825200 -0.332010 -0.456963
vn 0.697097 -0.421432 -0.580043
vn 0.970519 -0.074555 -0.229206
vn 0.294486 -0.561721 0.773141
vn 0.469298 -0.272877 0.839820
vn 0.697098 -0.000005 0.716976
vn 0.825201 -0.000003 0.564839
vn 0.971608 0.073062 0.225034
vn 0.294487 -0.955656 0.000000
vn 0.469299 -0.839821 -0.272874
vn 0.825201 -0.456965 -0.332004
vn 0.697096 -0.580049 -0.421426
vn 0.970219 -0.142384 -0.195962
vn 0.294487 -0.773141 0.561721
vn 0.469298 -0.519039 0.714394
vn 0.697098 -0.221563 0.681883
vn 0.825200 -0.174553 0.537192
vn 0.971320 0.000000 0.237777
vn 0.294486 -0.908883 0.295314
vn 0.469300 -0.883039 -0.000001
vn 0.825201 -0.537194 -0.174545
vn 0.697094 -0.681888 -0.221558
vn 0.970734 -0.194390 -0.141025
vn 0.469300 -0.714393 0.519038
vn 0.697098 -0.421430 0.580044
vn 0.825201 -0.332006 0.456964
vn 0.971608 -0.073065 0.225034
vn 0.469299 -0.839820 0.272875
vn 0.825200 -0.564840 0.000000
vn 0.697096 -0.716978 0.000000
vn 0.970531 -0.229181 -0.074466
vn 0.697098 -0.580046 0.421428
vn 0.825200 -0.456965 0.332005
vn 0.971206 -0.140039 0.192740
vn 0.825202 -0.537193 0.174546
vn 0.697097 -0.681886 0.221558
vn 0.971075 -0.238775 0.000203
vn 0.971406 -0.191987 0.139682
vn 0.970908 -0.227735 0.073996
vn -0.032528 0.000000 0.999471
vn -0.020755 0.086367 0.996047
vn -0.075211 -0.006817 0.997144
vn -0.067445 0.000000 0.997723
vn 0.000608 0.095809 0.995400
vn -0.083814 -0.027585 0.996100
vn -0.159907 0.001416 0.987131
vn -0.045344 0.406815 0.912385
vn -0.059618 0.419185 0.905941
vn 0.014917 0.365671 0.930625
vn 0.010749 0.366035 0.930539
vn 0.128854 0.031815 0.991153
vn 0.143161 0.123120 0.982011
vn 0.002019 0.333716 0.942671
vn -0.005043 0.000000 0.999987
vn -0.059618 0.419185 -0.905941
vn -0.045344 0.406815 -0.912385
vn 0.010749 0.366035 -0.930539
vn 0.014917 0.365671 -0.930625
vn 0.002019 -0.333716 0.942671
vn 0.000608 -0.095809 0.995400
vn -0.020755 -0.086367 0.996047
vn -0.032528 0.000000 -0.999471
vn -0.020755 0.086367 -0.996047
vn 0.000608 0.095809 -0.995400
vn -0.094788 -0.020140 0.995294
vn -0.079875 0.000001 0.996805
vn -0.001460 0.000002 0.999999
vn -0.000465 -0.026252 0.999655
vn -0.047547 0.000421 0.998869
vn -0.067445 0.000000 -0.997723
vn -0.159907 0.001416 -0.987131
vn -0.083814 -0.027585 -0.996100
vn -0.075211 -0.006817 -0.997144
vn 0.119136 0.099035 -0.987926
vn 0.128854 0.031815 -0.991153
vn -0.005043 0.000000 -0.999987
vn 0.002019 0.333716 -0.942671
vn 0.143161 -0.123120 0.982011
vn 0.128854 -0.031815 0.991153
vn 0.010749 -0.366036 0.930539
vn 0.014917 -0.365672 0.930624
vn -0.059618 -0.419186 0.905941
vn -0.045344 -0.406816 0.912384
vn -0.075211 0.006817 0.997144
vn -0.159907 -0.001416 0.987131
vn -0.083814 0.027585 0.996100
vn -0.094801 0.020143 0.995292
vn -0.000465 0.026260 0.999655
vn 0.000000 -0.083326 0.996522
vn -0.020755 -0.086367 -0.996047
vn 0.000608 -0.095809 -0.995400
vn 0.002019 -0.333716 -0.942671
vn -0.059618 -0.419186 -0.905941
vn 0.014917 -0.365672 -0.930624
vn 0.010749 -0.366036 -0.930539
vn -0.045344 -0.406816 -0.912384
vn -0.047559 -0.000421 0.998868
vn 0.000000 0.083327 0.996522
vn -0.708248 -0.000038 0.705963
vn -0.699075 -0.044854 0.713640
vn -0.698986 -0.044699 0.713737
vn 0.000000 0.775748 0.631043
vn -0.089066 0.037801 0.995308
vn -0.000516 0.104083 0.994568
vn -0.105725 0.138594 0.984690
vn -0.047559 0.000421 -0.998868
vn -0.000465 -0.026260 -0.999655
vn -0.094801 -0.020143 -0.995292
vn -0.700014 0.044852 0.712720
vn -0.700091 0.045004 0.712634
vn 0.000000 0.083356 -0.996520
vn 0.000000 0.775920 -0.630832
vn -0.001460 -0.000002 -0.999999
vn -0.079875 -0.000001 -0.996805
vn 0.128854 -0.031815 -0.991153
vn 0.119136 -0.099035 -0.987926
vn -0.075211 0.006817 -0.997144
vn 0.000250 0.103067 0.994674
vn 0.000000 -0.775919 0.630832
vn 0.000000 -0.083316 -0.996523
vn -0.999202 -0.039938 -0.000397
vn -0.999268 -0.038243 -0.000381
vn 0.000000 -0.000088 -1.000000
vn 0.000000 -0.083326 -0.996522
vn -0.000465 0.026252 -0.999655
vn -0.094788 0.020140 -0.995294
vn -0.083814 0.027585 -0.996100
vn -0.159907 -0.001416 -0.987131
vn -0.008098 0.389071 0.921172
vn 0.011533 0.385878 0.922478
vn 0.009897 0.386470 0.922249
vn -0.005683 0.389324 0.921083
vn 0.001299 0.087543 0.996160
vn 0.000000 -0.775748 -0.631042
vn 0.000000 -0.000120 -1.000000
vn -0.999267 0.038280 -0.000296
vn -0.999201 0.039976 -0.000309
vn -0.998409 -0.056390 -0.000610
vn -0.998770 -0.049584 -0.000684
vn -0.709390 -0.000146 0.704816
vn -0.709391 -0.000146 0.704816
vn -0.604567 -0.052016 0.794854
vn -0.600953 -0.051752 0.797607
vn 0.000000 -0.772841 -0.634600
vn 0.000000 0.083326 -0.996522
vn -0.700013 -0.044851 -0.712720
vn -0.700090 -0.045003 -0.712635
vn -0.708248 0.000039 -0.705963
vn -0.047547 -0.000421 -0.998869
vn -0.088075 0.107850 -0.990258
vn -0.000516 0.104083 -0.994568
vn -0.089066 0.037801 -0.995308
vn -0.008098 0.389071 -0.921172
vn -0.005683 0.389324 -0.921083
vn 0.009897 0.386470 -0.922249
vn 0.011533 0.385878 -0.922478
vn 0.001056 0.087886 0.996130
vn -0.105725 -0.138594 0.984690
vn -0.000516 -0.104083 0.994568
vn -0.089066 -0.037801 0.995308
vn 0.000000 0.773565 -0.633717
vn -0.998778 0.049422 -0.000439
vn -0.998406 0.056438 -0.000475
vn -0.601299 0.051755 0.797346
vn -0.604902 0.052005 0.794600
vn -0.996741 -0.079857 -0.011377
vn -0.998812 -0.048703 -0.001276
vn -0.994081 -0.108642 -0.000008
vn 0.000000 -0.773566 0.633716
vn 0.000000 0.000120 1.000000
vn -0.699074 0.044854 -0.713641
vn -0.698986 0.044699 -0.713737
vn 0.000000 0.083316 0.996523
vn 0.000250 0.103067 -0.994674
vn -0.005160 0.083952 0.996456
vn 0.000250 -0.103067 0.994674
vn 0.000000 0.772839 0.634602
vn -0.994081 0.108642 0.000008
vn -0.996750 0.079777 -0.011166
vn -0.998827 0.048414 -0.000882
vn -0.013151 -0.883283 -0.468655
vn -0.013149 -0.883285 -0.468653
vn -0.013150 -0.883284 -0.468655
vn -0.001719 -0.030271 0.999540
vn -0.003338 -0.025210 0.999677
vn -0.056509 -0.004213 0.998393
vn -0.996750 -0.079777 0.011166
vn -0.998827 -0.048414 0.000882
vn -0.998778 -0.049421 0.000439
vn -0.998406 -0.056438 0.000475
vn -0.999201 -0.039976 0.000309
vn -0.999267 -0.038280 0.000296
vn 0.000000 -0.083356 0.996520
vn -0.088075 -0.107850 -0.990258
vn -0.089066 -0.037801 -0.995308
vn -0.000516 -0.104083 -0.994568
vn 0.001299 0.087543 -0.996160
vn 0.001299 -0.087544 0.996160
vn -0.005683 -0.389323 0.921084
vn 0.009897 -0.386469 0.922249
vn 0.011533 -0.385877 0.922478
vn -0.008098 -0.389070 0.921173
vn 0.000000 0.000088 1.000000
vn -0.998770 0.049584 0.000684
vn -0.998812 0.048705 0.001276
vn -0.996741 0.079858 0.011377
vn -0.001719 0.030269 0.999540
vn -0.056683 0.004253 0.998383
vn -0.003335 0.025191 0.999677
vn -0.013151 0.883283 -0.468655
vn -0.013152 0.883288 -0.468647
vn -0.013151 0.883283 -0.468656
vn 0.018967 0.066320 0.997618
vn -0.044539 0.081691 0.995662
vn 0.424983 -0.905201 0.000000
vn 0.058407 -0.002864 0.998289
vn 0.053421 0.019353 0.998384
vn -0.999202 0.039937 0.000397
vn -0.999268 0.038243 0.000381
vn -0.601299 -0.051755 -0.797346
vn -0.604902 -0.052005 -0.794600
vn -0.709390 0.000146 -0.704816
vn -0.709390 0.000145 -0.704816
vn 0.000250 -0.103067 -0.994674
vn 0.001056 0.087886 -0.996130
vn 0.001056 -0.087886 0.996130
vn -0.008098 -0.389070 -0.921173
vn 0.011533 -0.385877 -0.922478
vn 0.009897 -0.386469 -0.922249
vn -0.005683 -0.389323 -0.921084
vn -0.998409 0.056389 0.000610
vn -0.044539 -0.081691 0.995662
vn 0.018943 -0.066240 0.997624
vn 0.053310 -0.019361 0.998390
vn 0.058679 0.002804 0.998273
vn 0.425132 0.905131 0.000000
vn 0.064008 0.236962 0.969408
vn 0.061520 0.242707 0.968147
vn 0.009817 0.032794 0.999414
vn -0.456458 -0.889745 0.000000
vn -0.999885 0.014842 -0.003131
vn -0.910254 0.408782 0.065845
vn -0.881208 0.472729 -0.000050
vn -0.997701 0.067764 0.000000
vn -0.604567 0.052016 -0.794854
vn -0.600953 0.051752 -0.797607
vn 0.001299 -0.087543 -0.996160
vn -0.005134 0.084059 -0.996448
vn -0.005098 -0.084076 0.996446
vn -0.576355 -0.035644 -0.816422
vn -0.045069 -0.081396 -0.995662
vn -0.653357 -0.188841 -0.733119
vn -0.631487 -0.248038 -0.734644
vn -0.999885 -0.014842 -0.003131
vn -0.997701 -0.067764 -0.000000
vn -0.881133 -0.472869 -0.000050
vn -0.910120 -0.409070 0.065906
vn 0.061532 -0.242766 0.968131
vn 0.064000 -0.236965 0.969408
vn 0.009727 -0.032492 0.999425
vn -0.456613 0.889665 0.000000
vn 0.066437 0.225874 0.971888
vn 0.051085 0.213635 0.975577
vn 0.052634 0.227699 0.972308
vn -0.015446 0.228371 0.973452
vn -0.018572 0.228292 0.973416
vn 0.125533 0.000197 0.992089
vn 0.125533 0.000158 0.992089
vn -0.910120 0.409070 -0.065906
vn -0.999885 0.014842 0.003131
vn -0.056683 -0.004253 -0.998383
vn -0.044539 0.081691 -0.995662
vn 0.018943 0.066240 -0.997624
vn -0.003335 -0.025191 -0.999677
vn -0.001719 -0.030269 -0.999540
vn -0.013151 -0.883283 0.468655
vn -0.013150 -0.883283 0.468655
vn -0.013149 -0.883283 0.468655
vn 0.001056 -0.087886 -0.996130
vn 0.018954 -0.066265 -0.997622
vn 0.064016 -0.236963 -0.969407
vn 0.061507 -0.242650 -0.968162
vn -0.527993 -0.444441 -0.723668
vn -0.519007 -0.457869 -0.721795
vn -0.999885 -0.014842 0.003131
vn -0.909986 -0.409357 -0.065967
vn 0.052634 -0.227690 0.972310
vn 0.051084 -0.213643 0.975575
vn 0.066453 -0.225938 0.971872
vn -0.015501 -0.227074 0.973754
vn -0.018567 -0.226996 0.973719
vn 0.608987 0.363156 0.705161
vn 0.582293 0.283691 0.761876
vn 0.664508 0.409624 0.625010
vn 0.670759 0.393142 0.628905
vn 0.056086 0.213788 0.975269
vn 0.456433 0.889758 0.000000
vn -0.425444 0.904985 0.000000
vn 0.061532 0.242766 -0.968131
vn 0.052633 0.227690 -0.972310
vn 0.051084 0.213643 -0.975575
vn 0.064000 0.236965 -0.969408
vn 0.009727 0.032492 -0.999425
vn 0.053310 0.019361 -0.998390
vn 0.058679 -0.002804 -0.998273
vn -0.405783 -0.796266 -0.448665
vn -0.310061 -0.950717 0.000000
vn -0.001719 0.030271 -0.999540
vn -0.003338 0.025210 -0.999677
vn -0.056509 0.004213 -0.998393
vn 0.425131 -0.905132 0.000000
vn -0.005072 -0.084183 -0.996437
vn 0.009816 -0.032794 -0.999414
vn 0.066437 -0.225874 -0.971888
vn 0.051054 -0.213558 -0.975595
vn 0.052471 -0.227265 -0.972418
vn 0.056052 -0.213699 0.975290
vn 0.605036 -0.363935 0.708155
vn 0.664090 -0.391134 0.637181
vn 0.657475 -0.409262 0.632638
vn 0.580636 -0.284228 0.762939
vn 0.456433 -0.889758 0.000000
vn -0.425444 -0.904985 0.000000
vn 0.892702 0.448827 0.040459
vn 0.891751 0.452526 0.000000
vn 0.922852 0.385155 0.000000
vn 0.909626 0.412053 0.052843
vn 0.056052 0.213698 -0.975290
vn 0.066453 0.225939 -0.971872
vn 0.424983 0.905201 0.000000
vn 0.058407 0.002864 -0.998289
vn 0.053421 -0.019353 -0.998384
vn -0.456612 -0.889666 0.000000
vn 0.670759 -0.393142 -0.628905
vn 0.608988 -0.363156 -0.705161
vn 0.582293 -0.283691 -0.761875
vn 0.664508 -0.409623 -0.625010
vn 0.056086 -0.213788 -0.975269
vn 0.892724 -0.448789 0.040404
vn 0.909626 -0.412053 0.052843
vn 0.922852 -0.385155 0.000000
vn 0.891772 -0.452486 0.000000
vn 0.892702 0.448827 -0.040459
vn 0.909626 0.412053 -0.052843
vn 0.998739 0.050202 0.000000
vn 0.993717 0.111005 0.014272
vn 0.720536 0.164128 0.673713
vn 0.720877 0.161037 0.674094
vn 0.705914 0.095095 0.701884
vn 0.712560 0.077530 0.697314
vn 0.605036 0.363935 -0.708155
vn 0.664091 0.391134 -0.637179
vn 0.657476 0.409262 -0.632637
vn 0.580636 0.284228 -0.762940
vn -0.456459 0.889744 0.000000
vn -0.015503 0.227082 -0.973752
vn 0.125535 -0.000159 -0.992089
vn 0.125535 -0.000198 -0.992089
vn -0.018570 0.227004 -0.973717
vn 0.892724 -0.448789 -0.040404
vn 0.909626 -0.412053 -0.052843
vn 0.715287 -0.164722 0.679139
vn 0.707776 -0.079182 0.701986
vn 0.700632 -0.096432 0.706976
vn 0.715709 -0.161375 0.679499
vn 0.993717 -0.111006 0.014271
vn 0.998739 -0.050202 0.000000
vn 0.993717 0.111006 -0.014272
vn 0.998885 -0.047218 0.000000
vn 0.997594 -0.068395 -0.011289
vn 0.715288 0.164721 -0.679139
vn 0.707775 0.079181 -0.701986
vn 0.700632 0.096430 -0.706976
vn 0.715709 0.161375 -0.679499
vn -0.015444 -0.228364 -0.973453
vn -0.018570 -0.228285 -0.973417
vn -0.425445 0.904984 0.000000
vn 0.993717 -0.111005 -0.014271
vn 0.720536 -0.164129 -0.673714
vn 0.720877 -0.161037 -0.674095
vn 0.705914 -0.095095 -0.701885
vn 0.712560 -0.077530 -0.697314
vn 0.997594 0.068394 -0.011289
vn 0.998885 0.047218 0.000000
vn 0.997594 -0.068394 0.011289
vn 0.999780 0.020998 0.000000
vn 0.999769 0.020997 0.004524
vn 0.011621 0.201740 0.979370
vn 0.004047 0.182173 0.983258
vn -0.014931 0.141466 0.989830
vn -0.012840 0.145357 0.989296
vn -0.425445 -0.904984 0.000000
vn 0.997594 0.068394 0.011289
vn 0.011637 -0.201726 0.979373
vn -0.012868 -0.145286 0.989306
vn -0.014945 -0.141469 0.989830
vn 0.004120 -0.182281 0.983238
vn 0.999769 -0.020997 0.004524
vn 0.999780 -0.020998 0.000000
vn 0.999769 0.020998 -0.004524
vn 0.011645 0.201720 -0.979374
vn -0.012881 0.145254 -0.989311
vn -0.014950 0.141457 -0.989832
vn 0.004121 0.182275 -0.983239
vn 0.999769 -0.020998 -0.004524
vn 0.011558 -0.201535 -0.979413
vn 0.004057 -0.182175 -0.983258
vn -0.014800 -0.141658 -0.989805
vn -0.012556 -0.145291 -0.989309
vn -0.468316 0.765936 0.440480
vn -0.013151 0.883283 0.468656
vn -0.013151 0.883283 0.468655
vn -0.372215 0.928146 0.000000
vn -0.405783 -0.796267 0.448664
vn -0.013152 0.883288 0.468647
vn -0.468315 0.765936 -0.440480
vn 0.999999 -0.000001 -0.001324
vn -0.010655 0.000000 0.999943
vn -0.084728 0.000000 0.996404
vn -0.361271 0.620124 0.696369
vn -0.387334 0.628339 0.674657
vn -0.387334 0.628339 -0.674657
vn -0.361271 0.620124 -0.696369
vn 0.257867 0.000000 0.966180
vn -0.562637 0.593865 0.575121
vn -0.789507 0.613741 0.000000
vn -0.562637 0.593865 -0.575121
vn 0.198629 0.364166 0.909907
vn 0.169404 0.361596 0.916815
vn 0.169404 0.361596 -0.916815
vn 0.198629 0.364166 -0.909907
vn -0.003755 0.050289 0.998728
vn 0.000786 0.148350 0.988935
vn -0.010312 0.000000 0.999947
vn -0.173600 0.382645 0.907439
vn 0.000786 -0.148350 0.988935
vn -0.797119 0.445026 0.408109
vn -0.873141 0.487468 0.000000
vn -0.797119 0.445026 -0.408109
vn 0.218914 0.754201 0.619079
vn -0.010655 0.000000 -0.999943
vn 0.169848 0.000000 -0.985470
vn -0.000157 0.105209 -0.994450
vn -0.003755 0.050289 -0.998728
vn -0.044539 0.382058 0.923065
vn -0.036066 0.382055 0.923436
vn -0.036066 0.382055 -0.923436
vn -0.044539 0.382058 -0.923064
vn -0.181244 0.376862 0.908364
vn -0.165615 0.376504 0.911491
vn -0.084728 0.000000 -0.996404
vn -0.001727 0.000000 -0.999999
vn 0.169403 -0.361596 0.916816
vn 0.198629 -0.364166 0.909907
vn -0.003755 -0.050289 0.998728
vn -0.387335 -0.628339 0.674657
vn -0.361272 -0.620124 0.696368
vn -0.361272 -0.620124 -0.696368
vn -0.387335 -0.628339 -0.674657
vn 0.198629 -0.364166 -0.909907
vn 0.169403 -0.361596 -0.916816
vn -0.789507 -0.613741 0.000000
vn -0.562637 -0.593864 0.575122
vn 0.218915 0.754199 -0.619080
vn -0.695916 -0.039356 0.717044
vn -0.165615 0.376504 -0.911491
vn -0.181244 0.376863 -0.908364
vn -0.173600 -0.382645 0.907439
vn -0.001815 0.378348 0.925662
vn -0.001815 -0.378348 0.925662
vn -0.562637 -0.593864 -0.575122
vn -0.873141 -0.487468 0.000000
vn -0.797119 -0.445026 0.408109
vn 0.218915 -0.754199 0.619080
vn -0.669258 0.570135 0.476488
vn -0.670818 0.569698 -0.474813
vn -0.118629 0.293921 -0.948440
vn -0.000157 -0.105209 -0.994450
vn -0.118629 -0.293921 -0.948440
vn 0.000890 0.377052 0.926192
vn -0.036066 -0.382056 0.923435
vn -0.044539 -0.382059 0.923064
vn -0.165614 -0.376503 0.911492
vn -0.181244 -0.376863 0.908364
vn -0.044539 -0.382059 -0.923064
vn -0.036066 -0.382056 -0.923435
vn -0.003755 -0.050289 -0.998728
vn -0.797119 -0.445026 -0.408109
vn 0.218913 -0.754201 -0.619079
vn -0.697356 0.039617 0.715630
vn -0.697355 -0.039617 -0.715630
vn 0.005155 0.344734 0.938686
vn -0.670819 -0.569696 0.474814
vn -0.670819 -0.569697 0.474814
vn -0.669257 -0.570135 -0.476489
vn -0.499344 -0.017298 0.866231
vn -0.001815 0.378348 -0.925662
vn -0.001815 -0.378348 -0.925662
vn 0.039935 0.353500 0.934582
vn 0.042413 0.355296 0.933791
vn 0.042413 0.355296 -0.933791
vn 0.039935 0.353500 -0.934582
vn 0.003724 0.310978 0.950410
vn 0.000890 -0.377052 0.926192
vn -0.181244 -0.376863 -0.908364
vn -0.165614 -0.376503 -0.911492
vn -0.695915 0.039356 -0.717045
vn -0.499525 0.017402 0.866125
vn -0.582626 0.030683 0.812161
vn 0.000890 0.377052 -0.926192
vn -0.012321 0.352776 0.935627
vn -0.012947 0.352961 0.935548
vn -0.057379 0.401273 0.914160
vn -0.061140 0.409093 0.910442
vn -0.009676 0.000035 0.999953
vn 0.005155 -0.344734 0.938686
vn -0.582626 -0.030683 0.812161
vn -0.668394 0.184231 0.720631
vn -0.645271 0.248058 0.722560
vn 0.000890 -0.377052 -0.926192
vn 0.005155 0.344734 -0.938686
vn -0.012947 0.352961 -0.935548
vn -0.012321 0.352776 -0.935627
vn -0.093216 0.450286 0.888005
vn -0.096954 0.449063 0.888224
vn 0.003724 -0.310978 0.950410
vn -0.648507 -0.246478 0.720199
vn -0.670398 -0.182912 0.719103
vn -0.530778 0.449773 0.718316
vn -0.521160 0.462496 0.717279
vn -0.648507 0.246478 -0.720199
vn -0.670398 0.182912 -0.719103
vn -0.582626 0.030684 -0.812161
vn -0.499525 -0.017402 -0.866125
vn 0.003724 0.310978 -0.950410
vn -0.061140 0.409093 -0.910442
vn -0.057379 0.401272 -0.914160
vn -0.119587 0.441498 0.889257
vn 0.042413 -0.355296 0.933791
vn 0.039934 -0.353499 0.934582
vn 0.039934 -0.353499 -0.934582
vn 0.042413 -0.355296 -0.933791
vn -0.523610 -0.462799 0.715297
vn -0.533894 -0.449386 0.716246
vn 0.763426 0.115284 0.635524
vn 0.631369 0.221251 0.743251
vn -0.151875 0.000163 0.988400
vn -0.151875 0.000203 0.988400
vn -0.523610 0.462799 -0.715297
vn -0.533894 0.449386 -0.716246
vn -0.499344 0.017298 -0.866231
vn 0.005155 -0.344734 -0.938686
vn -0.009626 0.000036 -0.999954
vn -0.097335 0.450611 -0.887398
vn -0.093499 0.451424 -0.887397
vn -0.012947 -0.352960 0.935549
vn -0.012320 -0.352775 0.935627
vn -0.058698 -0.395883 0.916423
vn -0.055443 -0.390358 0.918992
vn 0.632552 -0.221911 0.742047
vn 0.730078 -0.120816 0.672599
vn 0.908514 0.384245 0.164192
vn -0.801794 0.586929 0.112428
vn -0.819361 0.573278 -0.000088
vn -0.801783 0.586946 -0.112422
vn -0.489306 0.505907 0.710379
vn -0.496541 0.498251 0.710769
vn 0.003724 -0.310978 -0.950410
vn -0.120523 0.445543 -0.887111
vn -0.089719 -0.416864 0.904530
vn -0.086262 -0.419552 0.903623
vn -0.012320 -0.352775 -0.935627
vn -0.012947 -0.352960 -0.935549
vn -0.817595 -0.575794 -0.000089
vn -0.800744 -0.588722 0.110521
vn -0.800734 -0.588736 -0.110520
vn -0.496307 -0.499801 0.709844
vn -0.489489 -0.507213 0.709321
vn 0.906683 -0.388592 0.164081
vn 0.028264 0.185676 0.982204
vn 0.031453 0.193137 0.980668
vn 0.029129 0.173791 0.984352
vn 0.911465 0.411378 -0.000040
vn 0.488335 0.000731 0.872656
vn 0.603270 0.006893 0.797507
vn -0.493922 0.498331 -0.712536
vn -0.487737 0.506100 -0.711320
vn -0.570797 0.253273 0.781053
vn -0.573075 0.238585 0.784004
vn -0.055443 -0.390358 -0.918992
vn -0.058698 -0.395883 -0.916423
vn -0.109184 -0.401544 0.909308
vn -0.490912 -0.506726 -0.708685
vn -0.498135 -0.499984 -0.708433
vn -0.571243 -0.241091 0.784574
vn -0.570076 -0.248822 0.783008
vn 0.031491 -0.193098 0.980674
vn 0.028286 -0.185681 0.982203
vn 0.029158 -0.173788 0.984351
vn 0.913793 -0.406181 0.000260
vn 0.280968 0.534379 0.797180
vn 0.280968 0.534379 0.797180
vn -0.305398 0.514483 0.801273
vn -0.305398 0.514484 0.801273
vn -0.568422 0.238515 -0.787405
vn -0.566196 0.252434 -0.784665
vn -0.856603 0.498976 0.131357
vn -0.864082 0.503351 -0.000097
vn -0.856594 0.499008 -0.131291
vn 0.031498 0.193086 -0.980676
vn 0.028289 0.185675 -0.982204
vn 0.029158 0.173788 -0.984351
vn 0.632552 0.221911 -0.742047
vn 0.771698 0.114006 -0.625688
vn -0.151873 -0.000201 -0.988400
vn -0.151873 -0.000162 -0.988400
vn -0.086531 -0.420653 -0.903085
vn -0.090085 -0.418380 -0.903794
vn -0.110077 -0.405432 -0.907473
vn -0.110077 -0.405433 -0.907473
vn 0.028285 -0.185682 -0.982203
vn 0.031474 -0.193146 -0.980665
vn 0.029129 -0.173792 -0.984352
vn -0.584666 -0.247710 -0.772532
vn -0.586527 -0.238025 -0.774164
vn -0.860853 -0.508854 -0.000098
vn -0.854143 -0.504873 0.124674
vn -0.854136 -0.504898 -0.124622
vn 0.280967 -0.534379 0.797180
vn -0.305398 -0.514484 0.801273
vn -0.305398 -0.514483 0.801273
vn 0.005613 0.176707 0.984248
vn 0.978058 0.155968 0.138116
vn 0.978930 0.201530 0.032895
vn 0.908729 0.383705 -0.164264
vn 0.970705 0.240275 0.000351
vn 0.979085 0.200789 -0.032806
vn -0.581704 -0.071603 0.810243
vn -0.568874 -0.157260 0.807250
vn 0.740216 -0.119232 -0.661712
vn 0.631369 -0.221252 -0.743250
vn 0.906665 -0.388203 -0.165094
vn -0.568213 0.156582 0.807847
vn -0.580364 0.070960 0.811260
vn 0.005709 -0.176839 0.984223
vn 0.594169 0.324867 0.735816
vn 0.598761 0.317139 0.735464
vn -0.079325 0.000000 0.996849
vn -0.567664 -0.156805 -0.808189
vn -0.579425 -0.071008 -0.811926
vn -0.961109 -0.190224 0.200211
vn -0.937783 -0.271757 0.216126
vn -0.942682 -0.333692 -0.000000
vn -0.980971 -0.194157 0.000000
vn -0.937783 -0.271758 -0.216126
vn -0.961108 -0.190227 -0.200211
vn 0.005709 0.176839 -0.984223
vn 0.620496 0.005927 -0.784187
vn 0.488334 -0.000730 -0.872656
vn 0.005612 -0.176707 -0.984248
vn -0.602636 0.083956 -0.793588
vn -0.589194 0.167527 -0.790434
vn -0.981484 0.191546 0.000000
vn -0.943652 0.330939 0.000000
vn -0.937831 0.268803 0.219584
vn -0.960671 0.187484 0.204846
vn -0.960671 0.187484 -0.204846
vn -0.937832 0.268803 -0.219584
vn 0.589363 -0.316137 0.743444
vn 0.585315 -0.322721 0.743813
vn -0.020272 0.140500 0.989873
vn -0.026939 0.100435 0.994579
vn -0.031004 0.099692 0.994535
vn -0.548161 -0.257132 0.795866
vn 0.589363 0.316135 -0.743444
vn 0.585315 0.322720 -0.743813
vn 0.280968 0.534378 -0.797181
vn -0.305398 0.514484 -0.801273
vn 0.594168 -0.324867 -0.735816
vn 0.598761 -0.317139 -0.735465
vn -0.548161 0.257133 0.795866
vn -0.031004 -0.099692 0.994535
vn -0.027045 -0.100373 0.994582
vn -0.020265 -0.140619 0.989856
vn 0.729016 0.684497 0.000000
vn 0.744726 0.632912 0.211675
vn 0.798158 0.577941 0.170083
vn 0.809959 0.586487 0.000000
vn 0.798157 0.577942 -0.170083
vn 0.744725 0.632912 -0.211675
vn 0.398124 0.498330 0.770172
vn 0.422225 0.490506 0.762319
vn -0.024510 0.100878 0.994597
vn -0.548161 -0.257133 -0.795866
vn -0.031004 0.099692 -0.994535
vn -0.027045 0.100373 -0.994582
vn -0.020265 0.140619 -0.989856
vn -0.813848 -0.521435 0.256431
vn -0.842003 -0.539473 -0.000000
vn -0.813849 -0.521434 -0.256432
vn 0.280968 -0.534379 -0.797180
vn -0.305398 -0.514484 -0.801273
vn -0.020272 -0.140500 -0.989873
vn -0.026537 -0.100877 -0.994545
vn -0.029799 -0.100877 -0.994453
vn -0.567556 0.265932 -0.779205
vn -0.567555 0.265932 -0.779205
vn -0.842002 0.539474 0.000000
vn -0.813848 0.521436 0.256428
vn -0.813848 0.521436 -0.256428
vn -0.024661 -0.100783 0.994603
vn 0.414714 -0.485108 0.769859
vn 0.392004 -0.492517 0.777020
vn 0.798158 -0.577941 0.170081
vn 0.744726 -0.632912 0.211674
vn 0.729016 -0.684496 0.000000
vn 0.809959 -0.586487 0.000000
vn 0.744726 -0.632912 -0.211674
vn 0.798157 -0.577942 -0.170081
vn 0.414714 0.485108 -0.769859
vn 0.392004 0.492518 -0.777019
vn 0.328096 0.518651 0.789528
vn -0.892988 0.450080 0.000001
vn -0.847520 0.424990 0.317951
vn -0.024661 0.100783 -0.994603
vn -0.887808 0.460214 0.000001
vn -0.822080 0.426142 0.377607
vn -0.079325 0.000000 -0.996849
vn 0.398126 -0.498330 -0.770171
vn 0.422226 -0.490506 -0.762319
vn -0.024510 -0.100877 -0.994597
vn -0.884437 -0.466660 0.000000
vn -0.894291 -0.447485 0.000000
vn -0.844483 -0.425007 0.325910
vn -0.820853 -0.433110 0.372312
vn 0.323972 -0.512485 0.795236
vn 0.576182 0.754725 0.313696
vn 0.576182 0.754725 -0.313696
vn -0.847521 0.424990 -0.317950
vn -0.822081 0.426143 -0.377604
vn 0.323973 0.512486 -0.795235
vn 0.323973 0.512486 -0.795236
vn 0.328097 -0.518652 -0.789526
vn -0.844483 -0.425007 -0.325910
vn -0.820853 -0.433110 -0.372312
vn 0.576182 -0.754726 0.313694
vn 0.576182 -0.754726 -0.313694
vn 0.000000 0.647428 -0.762127
vn 0.000000 0.445435 -0.895314
vn 0.000000 0.457865 0.889022
vn 0.000000 -0.584076 0.811699
vn 0.827898 0.051201 0.558537
vn 0.720542 0.000000 0.693412
vn 0.841384 0.052685 -0.537863
vn 0.939920 0.122786 -0.318551
vn -0.005013 -0.000022 0.999987
vn -0.009512 -0.068037 0.997638
vn -0.005013 -0.000037 0.999987
vn -0.009504 0.067992 0.997641
vn -0.015769 -0.000002 0.999876
vn -0.015769 0.000071 0.999876
vn -0.014876 0.111494 0.993654
vn -0.014906 -0.004088 0.999881
vn -0.014266 0.106918 0.994165
vn -0.014753 -0.111919 0.993608
vn -0.014146 -0.107314 0.994125
vn -0.009504 -0.067992 -0.997641
vn -0.005013 0.000022 -0.999987
vn -0.005013 0.000037 -0.999987
vn -0.009512 0.068037 -0.997637
vn -0.014079 -0.107577 -0.994097
vn -0.014683 -0.112193 -0.993578
vn -0.014836 -0.004094 -0.999882
vn -0.015769 -0.000071 -0.999876
vn -0.015769 0.000002 -0.999876
vn -0.014807 0.111769 -0.993624
vn -0.014199 0.107183 -0.994138
vn 0.845999 -0.065873 0.529100
vn 0.736776 -0.007158 -0.676099
vn 0.910269 -0.087373 -0.404692
vn 0.920748 0.086064 0.380547
vn 0.972214 -0.184521 0.144058
vn 0.924536 -0.134419 0.356602
vn 0.978784 0.153979 -0.135177
vn 0.961489 -0.182680 -0.205346
vn 0.962557 -0.203334 -0.179275
vn 0.951000 -0.295637 -0.090545
vn 0.924254 -0.381778 0.000000
vn 0.951863 -0.291509 0.094756
vn 0.730479 0.000000 -0.682935
vn -0.999897 0.012809 -0.006506
vn 0.999903 0.012430 -0.006349
vn 0.999904 0.013698 -0.002188
vn -0.999899 0.014027 -0.002242
vn -0.999897 0.010117 -0.010134
vn -0.999897 0.010117 -0.010134
vn 0.999902 0.009867 -0.009888
vn 0.999902 0.009867 -0.009888
vn 0.999902 0.013811 0.002188
vn -0.999897 0.014192 0.002242
vn -0.999897 0.006509 -0.012769
vn 0.999902 0.006346 -0.012460
vn 0.999902 0.012462 0.006349
vn -0.999897 0.012768 0.006506
vn -0.999897 0.002214 -0.014155
vn 0.999902 0.002188 -0.013812
vn 0.999902 0.009901 0.009888
vn -0.999897 0.010195 0.010134
vn -0.999897 -0.002202 -0.014155
vn 0.999902 -0.002176 -0.013812
vn 0.999902 0.006358 0.012460
vn -0.999897 0.006521 0.012769
vn -0.999897 -0.006569 -0.012769
vn 0.999902 -0.006358 -0.012460
vn 0.999902 0.002176 0.013812
vn -0.999897 0.002226 0.014155
vn -0.999897 -0.010171 -0.010134
vn 0.999903 -0.009810 -0.009888
vn 0.999902 -0.002188 0.013812
vn -0.999897 -0.002238 0.014155
vn -0.999897 -0.012762 -0.006506
vn -0.999897 -0.012761 -0.006506
vn 0.999902 -0.012462 -0.006349
vn 0.999902 -0.006346 0.012460
vn -0.999897 -0.006509 0.012769
vn -0.999897 -0.014185 -0.002242
vn 0.999902 -0.013806 -0.002188
vn 0.999901 -0.009958 0.009888
vn -0.999898 -0.010111 0.010134
vn -0.999896 -0.014213 0.002242
vn 0.999901 -0.013880 0.002188
vn 0.999901 -0.012522 0.006349
vn 0.999901 -0.012522 0.006349
vn -0.999898 -0.012708 0.006506

# Mesh
g Sword
usemtl initialShadingGroup
f 4/4/1 1/1/1 2/2/2
f 2/2/2 3/3/2 4/4/1
f 6/6/3 1/1/1 4/4/1
f 4/4/1 5/5/3 6/6/3
f 2/2/4 1/1/4 7/7/4
f 7/7/4 8/8/4 2/2/4
f 3/3/2 2/2/2 9/9/5
f 9/9/5 10/10/5 3/3/2
f 4/4/6 3/3/6 11/11/6
f 11/11/6 12/12/6 4/4/6
f 14/14/7 6/6/3 5/5/3
f 5/5/3 13/13/7 14/14/7
f 7/7/8 1/1/8 6/6/8
f 6/6/8 15/15/8 7/7/8
f 5/5/9 4/4/9 12/12/9
f 12/12/9 16/16/9 5/5/9
f 8/20/2 7/17/10 17/18/10
f 17/18/10 18/19/2 8/20/2
f 9/9/4 2/2/4 8/8/4
f 8/8/4 19/21/4 9/9/4
f 10/10/5 9/9/5 20/22/11
f 20/22/11 21/23/11 10/10/5
f 11/11/12 3/3/12 10/10/12
f 10/10/12 22/24/12 11/11/12
f 12/28/14 11/25/13 23/26/2
f 23/26/2 24/27/14 12/28/14
f 26/30/15 14/14/7 13/13/7
f 13/13/7 25/29/15 26/30/15
f 15/15/16 6/6/16 14/14/16
f 14/14/16 27/31/16 15/15/16
f 13/13/6 5/5/6 16/16/6
f 16/16/6 28/32/6 13/13/6
f 17/18/10 7/17/10 15/33/3
f 15/33/3 29/34/3 17/18/10
f 18/38/6 17/35/6 30/36/6
f 30/36/6 31/37/6 18/38/6
f 19/40/5 8/20/2 18/19/2
f 18/19/2 32/39/5 19/40/5
f 20/22/4 9/9/4 19/21/4
f 19/21/4 33/41/4 20/22/4
f 21/23/11 20/22/11 34/42/17
f 34/42/17 35/43/17 21/23/11
f 22/24/18 10/10/18 21/23/18
f 21/23/18 36/44/18 22/24/18
f 38/46/19 26/30/15 25/29/15
f 25/29/15 37/45/19 38/46/19
f 27/31/20 14/14/20 26/30/20
f 26/30/20 39/47/20 27/31/20
f 25/29/6 13/13/6 28/32/6
f 28/32/6 40/48/6 25/29/6
f 29/34/3 15/33/3 27/49/21
f 27/49/21 41/50/21 29/34/3
f 28/54/22 16/51/3 42/52/3
f 42/52/3 43/53/7 28/54/22
f 30/36/23 17/35/23 29/55/23
f 29/55/23 44/56/23 30/36/23
f 32/58/6 18/38/6 31/37/6
f 31/37/6 45/57/6 32/58/6
f 31/37/24 30/36/10 46/59/10
f 46/59/10 47/60/24 31/37/24
f 33/62/25 19/40/5 32/39/5
f 32/39/5 48/61/25 33/62/25
f 34/42/26 20/22/26 33/41/26
f 33/41/26 49/63/26 34/42/26
f 35/43/17 34/42/17 50/64/27
f 50/64/27 51/65/27 35/43/17
f 36/44/28 21/23/28 35/43/28
f 35/43/28 52/66/28 36/44/28
f 54/68/29 38/46/19 37/45/19
f 37/45/19 53/67/29 54/68/29
f 39/47/30 26/30/30 38/46/30
f 38/46/30 55/69/30 39/47/30
f 37/45/31 25/29/31 40/48/31
f 40/48/31 56/70/31 37/45/31
f 41/50/21 27/49/21 39/71/32
f 39/71/32 57/72/32 41/50/21
f 40/74/32 28/54/22 43/53/7
f 43/53/7 58/73/32 40/74/32
f 44/56/33 29/55/33 41/75/33
f 41/75/33 59/76/33 44/56/33
f 46/59/10 30/36/10 44/56/3
f 44/56/3 60/77/3 46/59/10
f 48/79/31 32/58/31 45/57/31
f 45/57/31 61/78/31 48/79/31
f 45/57/5 31/37/24 47/60/24
f 47/60/24 62/80/5 45/57/5
f 47/60/34 46/59/34 63/81/34
f 63/81/34 64/82/34 47/60/34
f 49/84/17 33/62/25 48/61/25
f 48/61/25 65/83/17 49/84/17
f 50/64/35 34/42/35 49/63/35
f 49/63/35 66/85/35 50/64/35
f 51/65/27 50/64/27 67/86/36
f 67/86/36 68/87/36 51/65/27
f 52/66/6 35/43/6 51/65/6
f 51/65/6 69/88/6 52/66/6
f 71/90/37 54/68/29 53/67/29
f 53/67/29 70/89/37 71/90/37
f 55/69/4 38/46/4 54/68/4
f 54/68/4 72/91/4 55/69/4
f 53/67/6 37/45/6 56/70/6
f 56/70/6 73/92/6 53/67/6
f 57/72/32 39/71/32 55/93/19
f 55/93/19 74/94/19 57/72/32
f 59/76/38 41/75/38 57/95/38
f 57/95/38 75/96/38 59/76/38
f 60/77/3 44/56/3 59/76/7
f 59/76/7 76/97/7 60/77/3
f 63/81/39 46/59/39 60/77/39
f 60/77/39 77/98/39 63/81/39
f 65/100/18 48/79/18 61/78/18
f 61/78/18 78/99/18 65/100/18
f 61/78/11 45/57/5 62/80/5
f 62/80/5 79/101/11 61/78/11
f 62/80/4 47/60/4 64/82/4
f 64/82/4 80/102/4 62/80/4
f 64/106/24 63/103/10 81/104/10
f 81/104/10 82/105/24 64/106/24
f 66/108/27 49/84/17 65/83/17
f 65/83/17 83/107/27 66/108/27
f 67/86/4 50/64/4 66/85/4
f 66/85/4 84/109/4 67/86/4
f 68/87/36 67/86/36 85/110/40
f 85/110/40 86/111/40 68/87/36
f 69/88/41 51/65/41 68/87/41
f 68/87/41 87/112/41 69/88/41
f 89/116/43 52/113/17 69/114/27
f 69/114/27 88/115/42 89/116/43
f 91/118/44 71/90/37 70/89/37
f 70/89/37 90/117/44 91/118/44
f 72/91/4 54/68/4 71/90/4
f 71/90/4 92/119/4 72/91/4
f 70/89/6 53/67/6 73/92/6
f 73/92/6 93/120/6 70/89/6
f 74/94/19 55/93/19 72/121/45
f 72/121/45 94/122/45 74/94/19
f 75/96/46 57/95/46 74/123/46
f 74/123/46 95/124/46 75/96/46
f 76/97/7 59/76/7 75/96/47
f 75/96/47 96/125/47 76/97/7
f 77/98/48 60/77/48 76/97/48
f 76/97/48 97/126/48 77/98/48
f 81/104/10 63/103/10 77/127/3
f 77/127/3 98/128/3 81/104/10
f 83/130/6 65/100/6 78/99/6
f 78/99/6 99/129/6 83/130/6
f 78/99/17 61/78/11 79/101/11
f 79/101/11 100/131/17 78/99/17
f 79/101/4 62/80/4 80/102/4
f 80/102/4 101/132/4 79/101/4
f 80/134/5 64/106/24 82/105/24
f 82/105/24 102/133/5 80/134/5
f 82/138/6 81/135/6 103/136/6
f 103/136/6 104/137/6 82/138/6
f 84/140/36 66/108/27 83/107/27
f 83/107/27 105/139/36 84/140/36
f 85/110/49 67/86/49 84/109/49
f 84/109/49 106/141/49 85/110/49
f 86/111/40 85/110/40 107/142/50
f 107/142/50 108/143/50 86/111/40
f 87/112/18 68/87/18 86/111/18
f 86/111/18 109/144/18 87/112/18
f 111/146/51 91/118/44 90/117/44
f 90/117/44 110/145/51 111/146/51
f 92/119/4 71/90/4 91/118/4
f 91/118/4 112/147/4 92/119/4
f 90/117/28 70/89/28 93/120/28
f 93/120/28 113/148/28 90/117/28
f 94/122/45 72/121/45 92/149/37
f 92/149/37 114/150/37 94/122/45
f 95/124/31 74/123/31 94/151/31
f 94/151/31 115/152/31 95/124/31
f 96/125/47 75/96/47 95/124/52
f 95/124/52 116/153/52 96/125/47
f 97/126/53 76/97/53 96/125/53
f 96/125/53 117/154/53 97/126/53
f 98/128/3 77/127/3 97/155/7
f 97/155/7 118/156/7 98/128/3
f 103/136/54 81/135/54 98/157/54
f 98/157/54 119/158/54 103/136/54
f 105/160/6 83/130/6 99/129/6
f 99/129/6 120/159/6 105/160/6
f 99/129/27 78/99/17 100/131/17
f 100/131/17 121/161/27 99/129/27
f 100/131/26 79/101/26 101/132/26
f 101/132/26 122/162/26 100/131/26
f 101/164/55 80/134/5 102/133/5
f 102/133/5 123/163/55 101/164/55
f 102/166/6 82/138/6 104/137/6
f 104/137/6 124/165/6 102/166/6
f 104/137/24 103/136/14 125/167/14
f 125/167/14 126/168/24 104/137/24
f 106/170/40 84/140/36 105/139/36
f 105/139/36 127/169/40 106/170/40
f 107/142/34 85/110/34 106/141/34
f 106/141/34 128/171/34 107/142/34
f 108/143/50 107/142/50 129/172/56
f 129/172/56 130/173/56 108/143/50
f 109/144/41 86/111/41 108/143/41
f 108/143/41 131/174/41 109/144/41
f 133/176/57 111/146/51 110/145/51
f 110/145/51 132/175/57 133/176/57
f 112/147/58 91/118/58 111/146/58
f 111/146/58 134/177/58 112/147/58
f 110/145/6 90/117/6 113/148/6
f 113/148/6 135/178/6 110/145/6
f 114/150/37 92/149/37 112/179/44
f 112/179/44 136/180/44 114/150/37
f 113/184/44 93/181/37 137/182/37
f 137/182/37 138/183/59 113/184/44
f 115/152/12 94/151/12 114/185/12
f 114/185/12 139/186/12 115/152/12
f 116/153/52 95/124/52 115/152/29
f 115/152/29 140/187/29 116/153/52
f 117/154/4 96/125/4 116/153/4
f 116/153/4 141/188/4 117/154/4
f 118/156/7 97/155/7 117/189/32
f 117/189/32 142/190/32 118/156/7
f 119/158/33 98/157/33 118/191/33
f 118/191/33 143/192/33 119/158/33
f 125/167/14 103/136/14 119/158/3
f 119/158/3 144/193/3 125/167/14
f 127/195/6 105/160/6 120/159/6
f 120/159/6 145/194/6 127/195/6
f 120/159/60 99/129/27 121/161/27
f 121/161/27 146/196/60 120/159/60
f 121/161/4 100/131/4 122/162/4
f 122/162/4 147/197/4 121/161/4
f 122/199/17 101/164/55 123/163/55
f 123/163/55 148/198/17 122/199/17
f 123/201/6 102/166/6 124/165/6
f 124/165/6 149/200/6 123/201/6
f 124/165/61 104/137/24 126/168/24
f 126/168/24 150/202/61 124/165/61
f 126/168/4 125/167/4 151/203/4
f 151/203/4 152/204/4 126/168/4
f 128/206/62 106/170/40 127/169/40
f 127/169/40 153/205/62 128/206/62
f 129/172/4 107/142/4 128/171/4
f 128/171/4 154/207/4 129/172/4
f 130/211/56 129/208/56 155/209/63
f 155/209/63 156/210/63 130/211/56
f 131/174/64 108/143/64 130/173/64
f 130/173/64 157/212/64 131/174/64
f 159/216/66 109/213/65 131/214/62
f 131/214/62 158/215/62 159/216/66
f 155/209/63 133/176/57 132/175/57
f 132/175/57 156/210/63 155/209/63
f 134/177/67 111/146/67 133/176/67
f 133/176/67 160/217/67 134/177/67
f 132/175/31 110/145/31 135/178/31
f 135/178/31 161/218/31 132/175/31
f 136/180/44 112/179/44 134/219/51
f 134/219/51 162/220/51 136/180/44
f 139/186/6 114/185/6 136/221/6
f 136/221/6 163/222/6 139/186/6
f 140/187/29 115/152/29 139/186/37
f 139/186/37 164/223/37 140/187/29
f 141/188/26 116/153/26 140/187/26
f 140/187/26 165/224/26 141/188/26
f 142/190/32 117/189/32 141/225/19
f 141/225/19 166/226/19 142/190/32
f 143/192/31 118/191/31 142/227/31
f 142/227/31 167/228/31 143/192/31
f 144/193/3 119/158/3 143/192/7
f 143/192/7 168/229/7 144/193/3
f 151/203/35 125/167/35 144/193/35
f 144/193/35 169/230/35 151/203/35
f 153/232/9 127/195/9 145/194/9
f 145/194/9 170/231/9 153/232/9
f 145/194/65 120/159/60 146/196/60
f 146/196/60 171/233/65 145/194/65
f 146/196/68 121/161/68 147/197/68
f 147/197/68 172/234/68 146/196/68
f 147/236/27 122/199/17 148/198/17
f 148/198/17 173/235/27 147/236/27
f 148/238/18 123/201/18 149/200/18
f 149/200/18 174/237/18 148/238/18
f 149/200/11 124/165/61 150/202/61
f 150/202/61 175/239/11 149/200/11
f 150/202/4 126/168/4 152/204/4
f 152/204/4 176/240/4 150/202/4
f 152/244/13 151/241/10 177/242/10
f 177/242/10 178/243/13 152/244/13
f 154/246/56 128/206/62 153/205/62
f 153/205/62 179/245/56 154/246/56
f 155/209/34 129/208/34 154/247/34
f 154/247/34 180/248/34 155/209/34
f 157/250/69 130/211/69 156/210/69
f 156/210/69 181/249/69 157/250/69
f 160/217/26 133/176/26 155/209/26
f 155/209/26 180/248/26 160/217/26
f 156/210/6 132/175/6 161/218/6
f 161/218/6 181/249/6 156/210/6
f 162/220/51 134/219/51 160/251/70
f 160/251/70 182/252/70 162/220/51
f 163/222/12 136/221/12 162/253/12
f 162/253/12 183/254/12 163/222/12
f 164/223/37 139/186/37 163/222/71
f 163/222/71 184/255/71 164/223/37
f 165/224/58 140/187/58 164/223/58
f 164/223/58 185/256/58 165/224/58
f 166/226/19 141/225/19 165/257/72
f 165/257/72 186/258/72 166/226/19
f 167/228/41 142/227/41 166/259/41
f 166/259/41 187/260/41 167/228/41
f 168/229/7 143/192/7 167/228/47
f 167/228/47 188/261/47 168/229/7
f 169/230/73 144/193/73 168/229/73
f 168/229/73 189/262/73 169/230/73
f 177/242/10 151/241/10 169/263/3
f 169/263/3 190/264/3 177/242/10
f 179/266/6 153/232/6 170/231/6
f 170/231/6 191/265/6 179/266/6
f 170/231/62 145/194/65 171/233/65
f 171/233/65 192/267/62 170/231/62
f 171/233/4 146/196/4 172/234/4
f 172/234/4 193/268/4 171/233/4
f 172/270/36 147/236/27 173/235/27
f 173/235/27 194/269/36 172/270/36
f 173/272/18 148/238/18 174/237/18
f 174/237/18 195/271/18 173/272/18
f 174/237/17 149/200/11 175/239/11
f 175/239/11 196/273/17 174/237/17
f 175/239/4 150/202/4 176/240/4
f 176/240/4 197/274/4 175/239/4
f 176/276/5 152/244/13 178/243/13
f 178/243/13 198/275/5 176/276/5
f 178/280/74 177/277/74 199/278/74
f 199/278/74 200/279/74 178/280/74
f 180/284/63 154/281/56 179/282/56
f 179/282/56 201/283/63 180/284/63
f 203/288/77 157/285/56 181/286/75
f 181/286/75 202/287/76 203/288/77
f 182/252/70 160/251/70 180/284/63
f 180/284/63 201/283/63 182/252/70
f 181/286/75 161/289/78 204/290/57
f 204/290/57 202/287/76 181/286/75
f 183/254/31 162/253/31 182/291/31
f 182/291/31 205/292/31 183/254/31
f 184/255/71 163/222/71 183/254/79
f 183/254/79 206/293/79 184/255/71
f 185/256/4 164/223/4 184/255/4
f 184/255/4 207/294/4 185/256/4
f 186/258/72 165/257/72 185/295/37
f 185/295/37 208/296/37 186/258/72
f 187/260/80 166/259/80 186/297/80
f 186/297/80 209/298/80 187/260/80
f 188/261/47 167/228/47 187/260/81
f 187/260/81 210/299/81 188/261/47
f 189/262/82 168/229/82 188/261/82
f 188/261/82 211/300/82 189/262/82
f 190/264/3 169/263/3 189/301/7
f 189/301/7 212/302/7 190/264/3
f 199/278/83 177/277/83 190/303/83
f 190/303/83 213/304/83 199/278/83
f 201/308/6 179/305/6 191/306/6
f 191/306/6 214/307/6 201/308/6
f 191/265/56 170/231/62 192/267/62
f 192/267/62 215/309/56 191/265/56
f 192/267/34 171/233/34 193/268/34
f 193/268/34 216/310/34 192/267/34
f 193/312/65 172/270/36 194/269/36
f 194/269/36 217/311/65 193/312/65
f 194/314/6 173/272/6 195/271/6
f 195/271/6 218/313/6 194/314/6
f 195/271/84 174/237/17 196/273/17
f 196/273/17 219/315/84 195/271/84
f 196/273/4 175/239/4 197/274/4
f 197/274/4 220/316/4 196/273/4
f 197/318/11 176/276/5 198/275/5
f 198/275/5 221/317/11 197/318/11
f 198/320/6 178/280/6 200/279/6
f 200/279/6 222/319/6 198/320/6
f 200/279/85 199/278/10 223/321/10
f 223/321/10 224/322/85 200/279/85
f 205/292/18 182/291/18 201/308/18
f 201/308/18 214/307/18 205/292/18
f 206/293/79 183/254/79 205/292/57
f 205/292/57 225/323/57 206/293/79
f 207/294/67 184/255/67 206/293/67
f 206/293/67 226/324/67 207/294/67
f 208/296/37 185/295/37 207/325/44
f 207/325/44 227/326/44 208/296/37
f 209/298/6 186/297/6 208/327/6
f 208/327/6 228/328/6 209/298/6
f 210/299/81 187/260/81 209/298/29
f 209/298/29 229/329/29 210/299/81
f 211/300/30 188/261/30 210/299/30
f 210/299/30 230/330/30 211/300/30
f 212/302/7 189/301/7 211/331/32
f 211/331/32 231/332/32 212/302/7
f 213/304/86 190/303/86 212/333/86
f 212/333/86 232/334/86 213/304/86
f 223/321/10 199/278/10 213/304/3
f 213/304/3 233/335/3 223/321/10
f 214/307/76 191/306/56 215/336/56
f 215/336/56 234/337/76 214/307/76
f 215/309/4 192/267/4 216/310/4
f 216/310/4 235/338/4 215/309/4
f 216/340/50 193/312/65 217/311/65
f 217/311/65 236/339/50 216/340/50
f 217/342/38 194/314/38 218/313/38
f 218/313/38 237/341/38 217/342/38
f 218/313/87 195/271/84 219/315/84
f 219/315/84 238/343/87 218/313/87
f 219/315/67 196/273/67 220/316/67
f 220/316/67 239/344/67 219/315/67
f 220/346/17 197/318/11 221/317/11
f 221/317/11 240/345/17 220/346/17
f 221/348/38 198/320/38 222/319/38
f 222/319/38 241/347/38 221/348/38
f 222/319/5 200/279/85 224/322/85
f 224/322/85 242/349/5 222/319/5
f 224/322/4 223/321/4 243/350/4
f 243/350/4 244/351/4 224/322/4
f 225/323/57 205/292/57 214/307/76
f 214/307/76 234/337/76 225/323/57
f 226/324/35 206/293/35 225/323/35
f 225/323/35 245/352/35 226/324/35
f 227/326/44 207/325/44 226/353/51
f 226/353/51 246/354/51 227/326/44
f 228/328/6 208/327/6 227/355/6
f 227/355/6 247/356/6 228/328/6
f 229/329/29 209/298/29 228/328/37
f 228/328/37 248/357/37 229/329/29
f 230/330/58 210/299/58 229/329/58
f 229/329/58 249/358/58 230/330/58
f 231/332/32 211/331/32 230/359/19
f 230/359/19 250/360/19 231/332/32
f 232/334/54 212/333/54 231/361/54
f 231/361/54 251/362/54 232/334/54
f 233/335/3 213/304/3 232/334/21
f 232/334/21 252/363/21 233/335/3
f 243/350/4 223/321/4 233/335/4
f 233/335/4 253/364/4 243/350/4
f 234/337/34 215/336/34 235/365/34
f 235/365/34 254/366/34 234/337/34
f 235/368/56 216/340/50 236/339/50
f 236/339/50 255/367/56 235/368/56
f 236/370/6 217/342/6 237/341/6
f 237/341/6 256/369/6 236/370/6
f 237/341/65 218/313/87 238/343/87
f 238/343/87 257/371/65 237/341/65
f 238/343/4 219/315/4 239/344/4
f 239/344/4 258/372/4 238/343/4
f 239/374/84 220/346/17 240/345/17
f 240/345/17 259/373/84 239/374/84
f 240/376/12 221/348/12 241/347/12
f 241/347/12 260/375/12 240/376/12
f 241/347/11 222/319/5 242/349/5
f 242/349/5 261/377/11 241/347/11
f 242/349/34 224/322/34 244/351/34
f 244/351/34 262/378/34 242/349/34
f 244/382/13 243/379/88 263/380/88
f 263/380/88 264/381/13 244/382/13
f 245/352/4 225/323/4 234/337/4
f 234/337/4 254/366/4 245/352/4
f 246/354/51 226/353/51 245/383/89
f 245/383/89 265/384/89 246/354/51
f 247/356/6 227/355/6 246/385/6
f 246/385/6 266/386/6 247/356/6
f 248/357/37 228/328/37 247/356/44
f 247/356/44 267/387/44 248/357/37
f 249/358/4 229/329/4 248/357/4
f 248/357/4 268/388/4 249/358/4
f 250/360/19 230/359/19 249/389/29
f 249/389/29 269/390/29 250/360/19
f 251/362/18 231/361/18 250/391/18
f 250/391/18 270/392/18 251/362/18
f 252/363/21 232/334/21 251/362/47
f 251/362/47 271/393/47 252/363/21
f 253/364/90 233/335/90 252/363/90
f 252/363/90 272/394/90 253/364/90
f 263/380/88 243/379/88 253/395/3
f 253/395/3 273/396/3 263/380/88
f 254/400/63 235/397/56 255/398/56
f 255/398/56 274/399/63 254/400/63
f 255/402/6 236/370/6 256/369/6
f 256/369/6 275/401/6 255/402/6
f 256/369/91 237/341/65 257/371/65
f 257/371/65 276/403/91 256/369/91
f 257/371/4 238/343/4 258/372/4
f 258/372/4 277/404/4 257/371/4
f 258/406/36 239/374/84 259/373/84
f 259/373/84 278/405/36 258/406/36
f 259/408/28 240/376/28 260/375/28
f 260/375/28 279/407/28 259/408/28
f 260/375/17 241/347/11 261/377/11
f 261/377/11 280/409/17 260/375/17
f 261/377/49 242/349/49 262/378/49
f 262/378/49 281/410/49 261/377/49
f 262/412/92 244/382/13 264/381/13
f 264/381/13 282/411/92 262/412/92
f 264/416/9 263/413/9 283/414/9
f 283/414/9 284/415/9 264/416/9
f 265/384/89 245/383/89 254/400/63
f 254/400/63 274/399/63 265/384/89
f 266/386/80 246/385/80 265/417/80
f 265/417/80 285/418/80 266/386/80
f 267/387/44 247/356/44 266/386/93
f 266/386/93 286/419/93 267/387/44
f 268/388/58 248/357/58 267/387/58
f 267/387/58 287/420/58 268/388/58
f 269/390/29 249/389/29 268/421/37
f 268/421/37 288/422/37 269/390/29
f 270/392/12 250/391/12 269/423/12
f 269/423/12 289/424/12 270/392/12
f 271/393/47 251/362/47 270/392/81
f 270/392/81 290/425/81 271/393/47
f 272/394/30 252/363/30 271/393/30
f 271/393/30 291/426/30 272/394/30
f 273/396/3 253/395/3 272/427/7
f 272/427/7 292/428/7 273/396/3
f 283/414/80 263/413/80 273/429/80
f 273/429/80 293/430/80 283/414/80
f 274/434/74 255/431/74 275/432/74
f 275/432/74 294/433/74 274/434/74
f 275/401/56 256/369/91 276/403/91
f 276/403/91 295/435/56 275/401/56
f 276/403/94 257/371/94 277/404/94
f 277/404/94 296/436/94 276/403/94
f 277/438/65 258/406/36 278/405/36
f 278/405/36 297/437/65 277/438/65
f 278/440/6 259/408/6 279/407/6
f 279/407/6 298/439/6 278/440/6
f 279/407/84 260/375/17 280/409/17
f 280/409/17 299/441/84 279/407/84
f 280/409/26 261/377/26 281/410/26
f 281/410/26 300/442/26 280/409/26
f 281/444/11 262/412/92 282/411/92
f 282/411/92 301/443/11 281/444/11
f 282/446/6 264/416/6 284/415/6
f 284/415/6 302/445/6 282/446/6
f 284/415/24 283/414/10 303/447/10
f 303/447/10 304/448/24 284/415/24
f 285/418/95 265/417/95 274/434/95
f 274/434/95 294/433/95 285/418/95
f 286/419/93 266/386/93 285/418/70
f 285/418/70 305/449/70 286/419/93
f 287/420/49 267/387/49 286/419/49
f 286/419/49 306/450/49 287/420/49
f 288/422/37 268/421/37 287/451/96
f 287/451/96 307/452/96 288/422/37
f 289/424/12 269/423/12 288/453/12
f 288/453/12 308/454/12 289/424/12
f 290/425/81 270/392/81 289/424/29
f 289/424/29 309/455/29 290/425/81
f 291/426/97 271/393/97 290/425/97
f 290/425/97 310/456/97 291/426/97
f 292/428/7 272/427/7 291/457/32
f 291/457/32 311/458/32 292/428/7
f 293/430/46 273/429/46 292/459/46
f 292/459/46 312/460/46 293/430/46
f 303/447/10 283/414/10 293/430/3
f 293/430/3 313/461/3 303/447/10
f 294/433/63 275/432/56 295/462/56
f 295/462/56 314/463/63 294/433/63
f 295/435/4 276/403/4 296/436/4
f 296/436/4 315/464/4 295/435/4
f 296/466/91 277/438/65 297/437/65
f 297/437/65 316/465/91 296/466/91
f 297/468/9 278/440/9 298/439/9
f 298/439/9 317/467/9 297/468/9
f 298/439/98 279/407/84 299/441/84
f 299/441/84 318/469/98 298/439/98
f 299/441/67 280/409/67 300/442/67
f 300/442/67 319/470/67 299/441/67
f 300/472/17 281/444/11 301/443/11
f 301/443/11 320/471/17 300/472/17
f 301/474/6 282/446/6 302/445/6
f 302/445/6 321/473/6 301/474/6
f 302/445/5 284/415/24 304/448/24
f 304/448/24 322/475/5 302/445/5
f 304/448/34 303/447/34 323/476/34
f 323/476/34 324/477/34 304/448/34
f 305/449/70 285/418/70 294/433/63
f 294/433/63 314/463/63 305/449/70
f 306/450/67 286/419/67 305/449/67
f 305/449/67 325/478/67 306/450/67
f 307/452/96 287/451/96 306/479/93
f 306/479/93 326/480/93 307/452/96
f 308/454/6 288/453/6 307/481/6
f 307/481/6 327/482/6 308/454/6
f 309/455/29 289/424/29 308/454/37
f 308/454/37 328/483/37 309/455/29
f 310/456/58 290/425/58 309/455/58
f 309/455/58 329/484/58 310/456/58
f 311/458/32 291/457/32 310/485/19
f 310/485/19 330/486/19 311/458/32
f 312/460/99 292/459/99 311/487/99
f 311/487/99 331/488/99 312/460/99
f 313/461/3 293/430/3 312/460/7
f 312/460/7 332/489/7 313/461/3
f 323/476/100 303/447/100 313/461/100
f 313/461/100 333/490/100 323/476/100
f 314/463/4 295/462/4 315/491/4
f 315/491/4 334/492/4 314/463/4
f 315/494/56 296/466/91 316/465/91
f 316/465/91 335/493/56 315/494/56
f 316/496/6 297/468/6 317/467/6
f 317/467/6 336/495/6 316/496/6
f 317/467/101 298/439/98 318/469/98
f 318/469/98 337/497/101 317/467/101
f 318/469/4 299/441/4 319/470/4
f 319/470/4 338/498/4 318/469/4
f 319/500/42 300/472/17 320/471/17
f 320/471/17 339/499/42 319/500/42
f 320/502/28 301/474/28 321/473/28
f 321/473/28 340/501/28 320/502/28
f 321/473/25 302/445/5 322/475/5
f 322/475/5 341/503/25 321/473/25
f 322/475/4 304/448/4 324/477/4
f 324/477/4 342/504/4 322/475/4
f 324/508/2 323/505/1 343/506/1
f 343/506/1 344/507/2 324/508/2
f 325/478/30 305/449/30 314/463/30
f 314/463/30 334/492/30 325/478/30
f 326/480/93 306/479/93 325/509/89
f 325/509/89 345/510/89 326/480/93
f 327/482/31 307/481/31 326/511/31
f 326/511/31 346/512/31 327/482/31
f 328/483/37 308/454/37 327/482/44
f 327/482/44 347/513/44 328/483/37
f 329/484/4 309/455/4 328/483/4
f 328/483/4 348/514/4 329/484/4
f 330/486/19 310/485/19 329/515/45
f 329/515/45 349/516/45 330/486/19
f 331/488/102 311/487/102 330/517/102
f 330/517/102 350/518/102 331/488/102
f 332/489/7 312/460/7 331/488/47
f 331/488/47 351/519/47 332/489/7
f 333/490/30 313/461/30 332/489/30
f 332/489/30 352/520/30 333/490/30
f 343/506/1 323/505/1 333/521/3
f 333/521/3 353/522/3 343/506/1
f 334/526/103 315/523/56 335/524/56
f 335/524/56 354/525/103 334/526/103
f 335/528/74 316/496/74 336/495/74
f 336/495/74 355/527/74 335/528/74
f 336/495/91 317/467/101 337/497/101
f 337/497/101 356/529/91 336/495/91
f 337/497/94 318/469/94 338/498/94
f 338/498/94 357/530/94 337/497/94
f 338/532/87 319/500/42 339/499/42
f 339/499/42 358/531/87 338/532/87
f 339/534/80 320/502/80 340/501/80
f 340/501/80 359/533/80 339/534/80
f 340/501/17 321/473/25 341/503/25
f 341/503/25 360/535/17 340/501/17
f 341/503/4 322/475/4 342/504/4
f 342/504/4 361/536/4 341/503/4
f 342/538/5 324/508/2 344/507/2
f 344/507/2 362/537/5 342/538/5
f 344/542/9 343/539/9 363/540/9
f 363/540/9 364/541/9 344/542/9
f 345/510/89 325/509/89 334/526/103
f 334/526/103 354/525/103 345/510/89
f 346/512/12 326/511/12 345/543/12
f 345/543/12 365/544/12 346/512/12
f 347/513/44 327/482/44 346/512/93
f 346/512/93 366/545/93 347/513/44
f 348/514/67 328/483/67 347/513/67
f 347/513/67 367/546/67 348/514/67
f 349/516/45 329/515/45 348/547/37
f 348/547/37 368/548/37 349/516/45
f 350/518/12 330/517/12 349/549/12
f 349/549/12 369/550/12 350/518/12
f 351/519/47 331/488/47 350/518/81
f 350/518/81 370/551/81 351/519/47
f 352/520/68 332/489/68 351/519/68
f 351/519/68 371/552/68 352/520/68
f 353/522/3 333/521/3 352/553/7
f 352/553/7 372/554/7 353/522/3
f 363/540/104 343/539/104 353/555/104
f 353/555/104 373/556/104 363/540/104
f 354/560/74 335/557/74 355/558/74
f 355/558/74 374/559/74 354/560/74
f 355/527/56 336/495/91 356/529/91
f 356/529/91 375/561/56 355/527/56
f 356/529/4 337/497/4 357/530/4
f 357/530/4 376/562/4 356/529/4
f 357/564/65 338/532/87 358/531/87
f 358/531/87 377/563/65 357/564/65
f 358/566/6 339/534/6 359/533/6
f 359/533/6 378/565/6 358/566/6
f 359/533/42 340/501/17 360/535/17
f 360/535/17 379/567/42 359/533/42
f 360/535/4 341/503/4 361/536/4
f 361/536/4 380/568/4 360/535/4
f 361/570/11 342/538/5 362/537/5
f 362/537/5 381/569/11 361/570/11
f 362/572/6 344/542/6 364/541/6
f 364/541/6 382/571/6 362/572/6
f 364/541/24 363/540/14 383/573/14
f 383/573/14 384/574/24 364/541/24
f 365/544/105 345/543/105 354/560/105
f 354/560/105 374/559/105 365/544/105
f 366/545/93 346/512/93 365/544/106
f 365/544/106 385/575/106 366/545/93
f 367/546/49 347/513/49 366/545/49
f 366/545/49 386/576/49 367/546/49
f 368/548/37 348/547/37 367/577/96
f 367/577/96 387/578/96 368/548/37
f 369/550/31 349/549/31 368/579/31
f 368/579/31 388/580/31 369/550/31
f 370/551/81 350/518/81 369/550/45
f 369/550/45 389/581/45 370/551/81
f 371/552/26 351/519/26 370/551/26
f 370/551/26 390/582/26 371/552/26
f 372/554/7 352/553/7 371/583/32
f 371/583/32 391/584/32 372/554/7
f 373/556/46 353/555/46 372/585/46
f 372/585/46 392/586/46 373/556/46
f 383/573/14 363/540/14 373/556/3
f 373/556/3 393/587/3 383/573/14
f 374/559/63 355/558/56 375/588/56
f 375/588/56 394/589/63 374/559/63
f 375/561/4 356/529/4 376/562/4
f 376/562/4 395/590/4 375/561/4
f 376/592/50 357/564/65 377/563/65
f 377/563/65 396/591/50 376/592/50
f 377/594/6 358/566/6 378/565/6
f 378/565/6 397/593/6 377/594/6
f 378/565/60 359/533/42 379/567/42
f 379/567/42 398/595/60 378/565/60
f 379/567/67 360/535/67 380/568/67
f 380/568/67 399/596/67 379/567/67
f 380/598/17 361/570/11 381/569/11
f 381/569/11 400/597/17 380/598/17
f 381/600/38 362/572/38 382/571/38
f 382/571/38 401/599/38 381/600/38
f 382/571/5 364/541/24 384/574/24
f 384/574/24 402/601/5 382/571/5
f 384/574/94 383/573/94 403/602/94
f 403/602/94 404/603/94 384/574/94
f 385/575/106 365/544/106 374/559/63
f 374/559/63 394/589/63 385/575/106
f 386/576/107 366/545/107 385/575/107
f 385/575/107 405/604/107 386/576/107
f 387/578/96 367/577/96 386/605/93
f 386/605/93 406/606/93 387/578/96
f 388/580/80 368/579/80 387/607/80
f 387/607/80 407/608/80 388/580/80
f 389/581/45 369/550/45 388/580/37
f 388/580/37 408/609/37 389/581/45
f 390/582/4 370/551/4 389/581/4
f 389/581/4 409/610/4 390/582/4
f 391/584/32 371/583/32 390/611/19
f 390/611/19 410/612/19 391/584/32
f 392/586/102 372/585/102 391/613/102
f 391/613/102 411/614/102 392/586/102
f 393/587/3 373/556/3 392/586/7
f 392/586/7 412/615/7 393/587/3
f 403/602/108 383/573/108 393/587/108
f 393/587/108 413/616/108 403/602/108
f 394/589/4 375/588/4 395/617/4
f 395/617/4 414/618/4 394/589/4
f 395/620/56 376/592/50 396/591/50
f 396/591/50 415/619/56 395/620/56
f 396/622/6 377/594/6 397/593/6
f 397/593/6 416/621/6 396/622/6
f 397/593/65 378/565/60 398/595/60
f 398/595/60 417/623/65 397/593/65
f 398/595/4 379/567/4 399/596/4
f 399/596/4 418/624/4 398/595/4
f 399/626/84 380/598/17 400/597/17
f 400/597/17 419/625/84 399/626/84
f 400/628/6 381/600/6 401/599/6
f 401/599/6 420/627/6 400/628/6
f 401/599/25 382/571/5 402/601/5
f 402/601/5 421/629/25 401/599/25
f 402/601/94 384/574/94 404/603/94
f 404/603/94 422/630/94 402/601/94
f 404/634/13 403/631/88 423/632/88
f 423/632/88 424/633/13 404/634/13
f 405/604/30 385/575/30 394/589/30
f 394/589/30 414/618/30 405/604/30
f 406/606/93 386/605/93 405/635/57
f 405/635/57 425/636/57 406/606/93
f 407/608/80 387/607/80 406/637/80
f 406/637/80 426/638/80 407/608/80
f 408/609/37 388/580/37 407/608/96
f 407/608/96 427/639/96 408/609/37
f 409/610/4 389/581/4 408/609/4
f 408/609/4 428/640/4 409/610/4
f 410/612/19 390/611/19 409/641/29
f 409/641/29 429/642/29 410/612/19
f 411/614/31 391/613/31 410/643/31
f 410/643/31 430/644/31 411/614/31
f 412/615/7 392/586/7 411/614/47
f 411/614/47 431/645/47 412/615/7
f 413/616/97 393/587/97 412/615/97
f 412/615/97 432/646/97 413/616/97
f 423/632/88 403/631/88 413/647/109
f 413/647/109 433/648/110 423/632/88
f 414/652/63 395/649/56 415/650/56
f 415/650/56 434/651/63 414/652/63
f 415/654/6 396/622/6 416/621/6
f 416/621/6 435/653/6 415/654/6
f 416/621/62 397/593/65 417/623/65
f 417/623/65 436/655/62 416/621/62
f 417/623/4 398/595/4 418/624/4
f 418/624/4 437/656/4 417/623/4
f 418/658/36 399/626/84 419/625/84
f 419/625/84 438/657/36 418/658/36
f 419/660/6 400/628/6 420/627/6
f 420/627/6 439/659/6 419/660/6
f 420/627/17 401/599/25 421/629/25
f 421/629/25 440/661/17 420/627/17
f 421/629/4 402/601/4 422/630/4
f 422/630/4 441/662/4 421/629/4
f 422/664/92 404/634/13 424/633/13
f 424/633/13 442/663/92 422/664/92
f 424/668/111 423/665/111 443/666/111
f 443/666/111 444/667/111 424/668/111
f 425/636/57 405/635/57 414/652/63
f 414/652/63 434/651/63 425/636/57
f 426/638/80 406/637/80 425/669/80
f 425/669/80 445/670/80 426/638/80
f 427/639/96 407/608/96 426/638/93
f 426/638/93 446/671/93 427/639/96
f 428/640/58 408/609/58 427/639/58
f 427/639/58 447/672/58 428/640/58
f 429/642/29 409/641/29 428/673/37
f 428/673/37 448/674/37 429/642/29
f 430/644/31 410/643/31 429/675/31
f 429/675/31 449/676/31 430/644/31
f 431/645/47 411/614/47 430/644/81
f 430/644/81 450/677/81 431/645/47
f 432/646/58 412/615/58 431/645/58
f 431/645/58 451/678/58 432/646/58
f 433/648/110 413/647/109 432/679/7
f 432/679/7 452/680/7 433/648/110
f 443/666/112 423/665/112 433/681/112
f 433/681/112 453/682/112 443/666/112
f 434/686/9 415/683/9 435/684/9
f 435/684/9 454/685/9 434/686/9
f 435/653/56 416/621/62 436/655/62
f 436/655/62 455/687/56 435/653/56
f 436/655/94 417/623/94 437/656/94
f 437/656/94 456/688/94 436/655/94
f 437/690/65 418/658/36 438/657/36
f 438/657/36 457/689/65 437/690/65
f 438/692/38 419/660/38 439/659/38
f 439/659/38 458/691/38 438/692/38
f 439/659/42 420/627/17 440/661/17
f 440/661/17 459/693/42 439/659/42
f 440/661/4 421/629/4 441/662/4
f 441/662/4 460/694/4 440/661/4
f 441/696/11 422/664/92 442/663/92
f 442/663/92 461/695/11 441/696/11
f 442/698/6 424/668/6 444/667/6
f 444/667/6 462/697/6 442/698/6
f 444/667/2 443/666/113 463/699/113
f 463/699/113 464/700/13 444/667/2
f 445/670/46 425/669/46 434/686/46
f 434/686/46 454/685/46 445/670/46
f 446/671/93 426/638/93 445/670/89
f 445/670/89 465/701/89 446/671/93
f 447/672/49 427/639/49 446/671/49
f 446/671/49 466/702/49 447/672/49
f 448/674/37 428/673/37 447/703/44
f 447/703/44 467/704/44 448/674/37
f 449/676/6 429/675/6 448/705/6
f 448/705/6 468/706/6 449/676/6
f 450/677/81 430/644/81 449/676/45
f 449/676/45 469/707/45 450/677/81
f 451/678/49 431/645/49 450/677/49
f 450/677/49 470/708/49 451/678/49
f 452/680/7 432/679/7 451/709/15
f 451/709/15 471/710/15 452/680/7
f 453/682/114 433/681/114 452/711/114
f 452/711/114 472/712/114 453/682/114
f 463/699/113 443/666/113 453/682/3
f 453/682/3 473/713/3 463/699/113
f 454/685/115 435/684/56 455/714/56
f 455/714/56 474/715/115 454/685/115
f 455/687/34 436/655/34 456/688/34
f 456/688/34 475/716/34 455/687/34
f 456/718/91 437/690/65 457/689/65
f 457/689/65 476/717/91 456/718/91
f 457/720/6 438/692/6 458/691/6
f 458/691/6 477/719/6 457/720/6
f 458/691/60 439/659/42 459/693/42
f 459/693/42 478/721/60 458/691/60
f 459/693/67 440/661/67 460/694/67
f 460/694/67 479/722/67 459/693/67
f 460/724/17 441/696/11 461/695/11
f 461/695/11 480/723/17 460/724/17
f 461/726/74 442/698/74 462/697/74
f 462/697/74 481/725/74 461/726/74
f 462/697/116 444/667/2 464/700/13
f 464/700/13 482/727/116 462/697/116
f 464/700/94 463/699/94 483/728/94
f 483/728/94 484/729/94 464/700/94
f 465/701/89 445/670/89 454/685/115
f 454/685/115 474/715/115 465/701/89
f 466/702/68 446/671/68 465/701/68
f 465/701/68 485/730/68 466/702/68
f 467/704/44 447/703/44 466/731/93
f 466/731/93 486/732/93 467/704/44
f 468/706/6 448/705/6 467/733/6
f 467/733/6 487/734/6 468/706/6
f 469/707/45 449/676/45 468/706/37
f 468/706/37 488/735/37 469/707/45
f 470/708/4 450/677/4 469/707/4
f 469/707/4 489/736/4 470/708/4
f 471/710/15 451/709/15 470/737/81
f 470/737/81 490/738/81 471/710/15
f 472/712/38 452/711/38 471/739/38
f 471/739/38 491/740/38 472/712/38
f 473/713/3 453/682/3 472/712/21
f 472/712/21 492/741/21 473/713/3
f 483/728/117 463/699/117 473/713/117
f 473/713/117 493/742/117 483/728/117
f 474/715/4 455/714/4 475/743/4
f 475/743/4 494/744/4 474/715/4
f 475/746/56 456/718/91 476/717/91
f 476/717/91 495/745/56 475/746/56
f 476/748/6 457/720/6 477/719/6
f 477/719/6 496/747/6 476/748/6
f 477/719/65 458/691/60 478/721/60
f 478/721/60 497/749/65 477/719/65
f 478/721/4 459/693/4 479/722/4
f 479/722/4 498/750/4 478/721/4
f 479/752/27 460/724/17 480/723/17
f 480/723/17 499/751/27 479/752/27
f 480/754/6 461/726/6 481/725/6
f 481/725/6 500/753/6 480/754/6
f 481/725/55 462/697/116 482/727/116
f 482/727/116 501/755/55 481/725/55
f 482/727/34 464/700/34 484/729/34
f 484/729/34 502/756/34 482/727/34
f 484/760/13 483/757/14 503/758/118
f 503/758/118 504/759/119 484/760/13
f 485/730/30 465/701/30 474/715/30
f 474/715/30 494/744/30 485/730/30
f 486/732/93 466/731/93 485/761/89
f 485/761/89 505/762/89 486/732/93
f 487/734/80 467/733/80 486/763/80
f 486/763/80 506/764/80 487/734/80
f 488/735/37 468/706/37 487/734/96
f 487/734/96 507/765/96 488/735/37
f 489/736/4 469/707/4 488/735/4
f 488/735/4 508/766/4 489/736/4
f 490/738/81 470/737/81 489/767/29
f 489/767/29 509/768/29 490/738/81
f 491/740/46 471/739/46 490/769/46
f 490/769/46 510/770/46 491/740/46
f 492/741/21 472/712/21 491/740/47
f 491/740/47 511/771/47 492/741/21
f 493/742/120 473/713/120 492/741/120
f 492/741/120 512/772/120 493/742/120
f 503/758/118 483/757/14 493/773/3
f 493/773/3 513/774/121 503/758/118
f 494/778/103 475/775/56 495/776/56
f 495/776/56 514/777/103 494/778/103
f 495/780/6 476/748/6 496/747/6
f 496/747/6 515/779/6 495/780/6
f 496/747/62 477/719/65 497/749/65
f 497/749/65 516/781/62 496/747/62
f 497/749/34 478/721/34 498/750/34
f 498/750/34 517/782/34 497/749/34
f 498/784/60 479/752/27 499/751/27
f 499/751/27 518/783/60 498/784/60
f 499/786/80 480/754/80 500/753/80
f 500/753/80 519/785/80 499/786/80
f 500/753/17 481/725/55 501/755/55
f 501/755/55 520/787/17 500/753/17
f 501/755/4 482/727/4 502/756/4
f 502/756/4 521/788/4 501/755/4
f 502/790/5 484/760/13 504/759/119
f 504/759/119 522/789/122 502/790/5
f 504/794/119 503/791/118 523/792/123
f 523/792/123 524/793/124 504/794/119
f 505/762/89 485/761/89 494/778/103
f 494/778/103 514/777/103 505/762/89
f 506/764/6 486/763/6 505/795/6
f 505/795/6 525/796/6 506/764/6
f 507/765/96 487/734/96 506/764/93
f 506/764/93 526/797/93 507/765/96
f 508/766/58 488/735/58 507/765/58
f 507/765/58 527/798/58 508/766/58
f 509/768/29 489/767/29 508/799/37
f 508/799/37 528/800/37 509/768/29
f 510/770/31 490/769/31 509/801/31
f 509/801/31 529/802/31 510/770/31
f 511/771/47 491/740/47 510/770/19
f 510/770/19 530/803/19 511/771/47
f 512/772/125 492/741/125 511/771/125
f 511/771/125 531/804/125 512/772/125
f 513/774/121 493/773/3 512/805/7
f 512/805/7 532/806/126 513/774/121
f 523/792/123 503/791/118 513/807/121
f 513/807/121 533/808/127 523/792/123
f 514/812/9 495/809/9 515/810/9
f 515/810/9 534/811/9 514/812/9
f 515/779/56 496/747/62 516/781/62
f 516/781/62 535/813/56 515/779/56
f 516/781/94 497/749/94 517/782/94
f 517/782/94 536/814/94 516/781/94
f 517/816/65 498/784/60 518/783/60
f 518/783/60 537/815/65 517/816/65
f 518/818/6 499/786/6 519/785/6
f 519/785/6 538/817/6 518/818/6
f 519/785/84 500/753/17 520/787/17
f 520/787/17 539/819/84 519/785/84
f 520/787/4 501/755/4 521/788/4
f 521/788/4 540/820/4 520/787/4
f 521/822/11 502/790/5 522/789/122
f 522/789/122 541/821/128 521/822/11
f 522/824/122 504/794/119 524/793/124
f 524/793/124 542/823/129 522/824/122
f 524/793/133 523/792/130 543/825/131
f 543/825/131 544/826/132 524/793/133
f 525/796/38 505/795/38 514/812/38
f 514/812/38 534/811/38 525/796/38
f 526/797/93 506/764/93 525/796/89
f 525/796/89 545/827/89 526/797/93
f 527/798/67 507/765/67 526/797/67
f 526/797/67 546/828/67 527/798/67
f 528/800/37 508/799/37 527/829/71
f 527/829/71 547/830/71 528/800/37
f 529/802/31 509/801/31 528/831/31
f 528/831/31 548/832/31 529/802/31
f 530/803/19 510/770/19 529/802/72
f 529/802/72 549/833/72 530/803/19
f 531/804/58 511/771/58 530/803/58
f 530/803/58 550/834/58 531/804/58
f 532/806/126 512/805/7 531/835/32
f 531/835/32 551/836/134 532/806/126
f 533/840/127 513/837/121 532/838/126
f 532/838/126 552/839/135 533/840/127
f 543/825/131 523/792/130 533/808/136
f 533/808/136 553/841/137 543/825/131
f 534/811/115 515/810/56 535/842/56
f 535/842/56 554/843/115 534/811/115
f 535/813/34 516/781/34 536/814/34
f 536/814/34 555/844/34 535/813/34
f 536/846/50 517/816/65 537/815/65
f 537/815/65 556/845/50 536/846/50
f 537/848/6 518/818/6 538/817/6
f 538/817/6 557/847/6 537/848/6
f 538/817/98 519/785/84 539/819/84
f 539/819/84 558/849/98 538/817/98
f 539/819/67 520/787/67 540/820/67
f 540/820/67 559/850/67 539/819/67
f 540/852/17 521/822/11 541/821/128
f 541/821/128 560/851/138 540/852/17
f 541/854/128 522/824/122 542/823/129
f 542/823/129 561/853/139 541/854/128
f 542/823/141 524/793/133 544/826/132
f 544/826/132 562/855/140 542/823/141
f 544/826/132 543/825/131 563/856/142
f 563/856/142 564/857/143 544/826/132
f 545/827/89 525/796/89 534/811/115
f 534/811/115 554/843/115 545/827/89
f 546/828/67 526/797/67 545/827/67
f 545/827/67 565/858/67 546/828/67
f 547/830/71 527/829/71 546/859/93
f 546/859/93 566/860/93 547/830/71
f 548/832/80 528/831/80 547/861/80
f 547/861/80 567/862/80 548/832/80
f 549/833/72 529/802/72 548/832/37
f 548/832/37 568/863/37 549/833/72
f 550/834/4 530/803/4 549/833/4
f 549/833/4 569/864/4 550/834/4
f 551/836/134 531/835/32 550/865/81
f 550/865/81 570/866/144 551/836/134
f 552/839/135 532/838/126 551/867/134
f 551/867/134 571/868/145 552/839/135
f 553/870/137 533/840/136 552/839/146
f 552/839/146 572/869/147 553/870/137
f 563/856/142 543/825/131 553/841/137
f 553/841/137 573/871/148 563/856/142
f 554/843/4 535/842/4 555/872/4
f 555/872/4 574/873/4 554/843/4
f 555/875/56 536/846/50 556/845/50
f 556/845/50 575/874/56 555/875/56
f 556/877/6 537/848/6 557/847/6
f 557/847/6 576/876/6 556/877/6
f 557/847/40 538/817/98 558/849/98
f 558/849/98 577/878/40 557/847/40
f 558/849/4 539/819/4 559/850/4
f 559/850/4 578/879/4 558/849/4
f 559/881/84 540/852/17 560/851/138
f 560/851/138 579/880/149 559/881/84
f 560/883/138 541/854/128 561/853/139
f 561/853/139 580/882/150 560/883/138
f 561/853/152 542/823/141 562/855/140
f 562/855/140 581/884/151 561/853/152
f 562/855/140 544/826/132 564/857/143
f 564/857/143 582/885/153 562/855/140
f 564/857/143 563/856/142 583/886/88
f 583/886/88 584/887/2 564/857/143
f 565/858/68 545/827/68 554/843/68
f 554/843/68 574/873/68 565/858/68
f 566/860/93 546/859/93 565/888/89
f 565/888/89 585/889/89 566/860/93
f 567/862/6 547/861/6 566/890/6
f 566/890/6 586/891/6 567/862/6
f 568/863/37 548/832/37 567/862/44
f 567/862/44 587/892/44 568/863/37
f 569/864/4 549/833/4 568/863/4
f 568/863/4 588/893/4 569/864/4
f 570/866/144 550/865/81 569/894/29
f 569/894/29 589/895/154 570/866/144
f 571/868/145 551/867/134 570/896/144
f 570/896/144 590/897/155 571/868/145
f 572/869/147 552/839/146 571/868/156
f 571/868/156 591/898/157 572/869/147
f 573/900/148 553/870/137 572/869/147
f 572/869/147 592/899/158 573/900/148
f 583/886/88 563/856/142 573/871/148
f 573/871/148 593/901/3 583/886/88
f 574/905/63 555/902/56 575/903/56
f 575/903/56 594/904/63 574/905/63
f 575/907/74 556/877/74 576/876/74
f 576/876/74 595/906/74 575/907/74
f 576/876/50 557/847/40 577/878/40
f 577/878/40 596/908/50 576/876/50
f 577/878/94 558/849/94 578/879/94
f 578/879/94 597/909/94 577/878/94
f 578/911/60 559/881/84 579/880/149
f 579/880/149 598/910/159 578/911/60
f 579/913/149 560/883/138 580/882/150
f 580/882/150 599/912/160 579/913/149
f 580/882/162 561/853/152 581/884/151
f 581/884/151 600/914/161 580/882/162
f 581/884/151 562/855/140 582/885/153
f 582/885/153 601/915/163 581/884/151
f 582/885/153 564/857/143 584/887/2
f 584/887/2 602/916/164 582/885/153
f 584/887/2 583/886/88 603/917/165
f 603/917/165 604/918/166 584/887/2
f 585/889/89 565/888/89 574/905/63
f 574/905/63 594/904/63 585/889/89
f 586/891/31 566/890/31 585/919/31
f 585/919/31 605/920/31 586/891/31
f 587/892/44 567/862/44 586/891/93
f 586/891/93 606/921/93 587/892/44
f 588/893/4 568/863/4 587/892/4
f 587/892/4 607/922/4 588/893/4
f 589/895/154 569/894/29 588/923/37
f 588/923/37 608/924/167 589/895/154
f 590/897/155 570/896/144 589/925/154
f 589/925/154 609/926/168 590/897/155
f 591/898/157 571/868/156 590/897/169
f 590/897/169 610/927/170 591/898/157
f 592/899/158 572/869/147 591/898/157
f 591/898/157 611/928/171 592/899/158
f 593/930/3 573/900/148 592/899/158
f 592/899/158 612/929/7 593/930/3
f 603/917/165 583/886/88 593/901/3
f 593/901/3 613/931/172 603/917/165
f 594/935/6 575/932/6 595/933/6
f 595/933/6 614/934/6 594/935/6
f 595/906/56 576/876/50 596/908/50
f 596/908/50 615/936/56 595/906/56
f 596/908/4 577/878/4 597/909/4
f 597/909/4 616/937/4 596/908/4
f 597/939/174 578/911/60 598/910/159
f 598/910/159 617/938/173 597/939/174
f 598/941/159 579/913/149 599/912/160
f 599/912/160 618/940/175 598/941/159
f 599/912/177 580/882/162 600/914/161
f 600/914/161 619/942/176 599/912/177
f 600/914/161 581/884/151 601/915/163
f 601/915/163 620/943/178 600/914/161
f 601/915/163 582/885/153 602/916/164
f 602/916/164 621/944/25 601/915/163
f 602/916/164 584/887/2 604/918/166
f 604/918/166 622/945/179 602/916/164
f 604/918/166 603/917/165 623/946/180
f 623/946/180 624/947/181 604/918/166
f 605/920/46 585/919/46 594/935/46
f 594/935/46 614/934/46 605/920/46
f 606/921/93 586/891/93 605/920/106
f 605/920/106 625/948/106 606/921/93
f 607/922/67 587/892/67 606/921/67
f 606/921/67 626/949/67 607/922/67
f 608/924/167 588/923/37 607/950/96
f 607/950/96 627/951/182 608/924/167
f 609/926/168 589/925/154 608/952/167
f 608/952/167 628/953/183 609/926/168
f 610/927/170 590/897/169 609/926/184
f 609/926/184 629/954/185 610/927/170
f 611/928/171 591/898/157 610/927/170
f 610/927/170 630/955/186 611/928/171
f 612/929/7 592/899/158 611/928/171
f 611/928/171 631/956/47 612/929/7
f 613/958/172 593/930/3 612/929/7
f 612/929/7 632/957/187 613/958/172
f 623/946/180 603/917/165 613/931/172
f 613/931/172 633/959/188 623/946/180
f 614/934/63 595/933/56 615/960/56
f 615/960/56 634/961/63 614/934/63
f 615/936/4 596/908/4 616/937/4
f 616/937/4 635/962/4 615/936/4
f 616/964/62 597/939/174 617/938/173
f 617/938/173 636/963/189 616/964/62
f 617/966/173 598/941/159 618/940/175
f 618/940/175 637/965/190 617/966/173
f 618/940/192 599/912/177 619/942/176
f 619/942/176 638/967/191 618/940/192
f 619/942/176 600/914/161 620/943/178
f 620/943/178 639/968/193 619/942/176
f 620/943/178 601/915/163 621/944/25
f 621/944/25 640/969/17 620/943/178
f 621/944/25 602/916/164 622/945/179
f 622/945/179 641/970/194 621/944/25
f 622/945/179 604/918/166 624/947/181
f 624/947/181 642/971/195 622/945/179
f 624/947/181 623/946/180 643/972/196
f 643/972/196 644/973/197 624/947/181
f 625/948/106 605/920/106 614/934/63
f 614/934/63 634/961/63 625/948/106
f 626/949/67 606/921/67 625/948/67
f 625/948/67 645/974/67 626/949/67
f 627/951/182 607/950/96 626/975/93
f 626/975/93 646/976/198 627/951/182
f 628/953/183 608/952/167 627/977/182
f 627/977/182 647/978/199 628/953/183
f 629/954/185 609/926/184 628/953/200
f 628/953/200 648/979/201 629/954/185
f 630/955/186 610/927/170 629/954/185
f 629/954/185 649/980/202 630/955/186
f 631/956/47 611/928/171 630/955/186
f 630/955/186 650/981/19 631/956/47
f 632/957/187 612/929/7 631/956/47
f 631/956/47 651/982/203 632/957/187
f 633/984/188 613/958/172 632/957/187
f 632/957/187 652/983/204 633/984/188
f 643/972/196 623/946/180 633/959/188
f 633/959/188 653/985/205 643/972/196
f 634/961/4 615/960/4 635/986/4
f 635/986/4 654/987/4 634/961/4
f 635/989/56 616/964/62 636/963/189
f 636/963/189 655/988/206 635/989/56
f 636/991/189 617/966/173 637/965/190
f 637/965/190 656/990/207 636/991/189
f 637/965/209 618/940/192 638/967/191
f 638/967/191 657/992/208 637/965/209
f 638/967/191 619/942/176 639/968/193
f 639/968/193 658/993/210 638/967/191
f 639/968/193 620/943/178 640/969/17
f 640/969/17 659/994/84 639/968/193
f 640/969/17 621/944/25 641/970/194
f 641/970/194 660/995/211 640/969/17
f 641/970/194 622/945/179 642/971/195
f 642/971/195 661/996/212 641/970/194
f 642/971/195 624/947/181 644/973/197
f 644/973/197 662/997/213 642/971/195
f 644/973/215 643/972/214 663/998/214
f 663/998/214 664/999/215 644/973/215
f 645/974/107 625/948/107 634/961/107
f 634/961/107 654/987/107 645/974/107
f 646/976/198 626/975/93 645/1000/70
f 645/1000/70 665/1001/216 646/976/198
f 647/978/199 627/977/182 646/1002/198
f 646/1002/198 666/1003/217 647/978/199
f 648/979/201 628/953/200 647/978/218
f 647/978/218 667/1004/219 648/979/201
f 649/980/202 629/954/185 648/979/201
f 648/979/201 668/1005/220 649/980/202
f 650/981/19 630/955/186 649/980/202
f 649/980/202 669/1006/45 650/981/19
f 651/982/203 631/956/47 650/981/19
f 650/981/19 670/1007/221 651/982/203
f 652/983/204 632/957/187 651/982/203
f 651/982/203 671/1008/222 652/983/204
f 653/1010/205 633/984/188 652/983/204
f 652/983/204 672/1009/223 653/1010/205
f 663/998/214 643/972/214 653/985/224
f 653/985/224 673/1011/224 663/998/214
f 654/1015/76 635/1012/56 655/1013/206
f 655/1013/206 674/1014/225 654/1015/76
f 655/1017/206 636/991/189 656/990/207
f 656/990/207 675/1016/226 655/1017/206
f 656/990/228 637/965/209 657/992/208
f 657/992/208 676/1018/227 656/990/228
f 657/992/208 638/967/191 658/993/210
f 658/993/210 677/1019/229 657/992/208
f 658/993/210 639/968/193 659/994/84
f 659/994/84 678/1020/87 658/993/210
f 659/994/84 640/969/17 660/995/211
f 660/995/211 679/1021/230 659/994/84
f 660/995/211 641/970/194 661/996/212
f 661/996/212 680/1022/231 660/995/211
f 661/996/212 642/971/195 662/997/213
f 662/997/213 681/1023/232 661/996/212
f 662/997/233 644/973/215 664/999/215
f 664/999/215 682/1024/233 662/997/233
f 686/1028/237 683/1025/234 684/1026/235
f 684/1026/235 685/1027/236 686/1028/237
f 665/1001/216 645/1000/70 654/1015/76
f 654/1015/76 674/1014/225 665/1001/216
f 666/1003/217 646/1002/198 665/1029/216
f 665/1029/216 687/1030/238 666/1003/217
f 667/1004/219 647/978/218 666/1003/239
f 666/1003/239 688/1031/240 667/1004/219
f 668/1005/220 648/979/201 667/1004/219
f 667/1004/219 689/1032/241 668/1005/220
f 669/1006/45 649/980/202 668/1005/220
f 668/1005/220 690/1033/37 669/1006/45
f 670/1007/221 650/981/19 669/1006/45
f 669/1006/45 691/1034/242 670/1007/221
f 671/1008/222 651/982/203 670/1007/221
f 670/1007/221 692/1035/243 671/1008/222
f 672/1009/223 652/983/204 671/1008/222
f 671/1008/222 693/1036/244 672/1009/223
f 673/1038/224 653/1010/224 672/1009/245
f 672/1009/245 694/1037/246 673/1038/224
f 684/1026/235 683/1025/234 695/1039/247
f 695/1039/247 696/1040/247 684/1026/235
f 674/1044/225 655/1041/206 675/1042/226
f 675/1042/226 697/1043/248 674/1044/225
f 675/1016/250 656/990/228 676/1018/227
f 676/1018/227 698/1045/249 675/1016/250
f 676/1018/227 657/992/208 677/1019/229
f 677/1019/229 699/1046/251 676/1018/227
f 677/1019/229 658/993/210 678/1020/87
f 678/1020/87 700/1047/40 677/1019/229
f 678/1020/87 659/994/84 679/1021/230
f 679/1021/230 701/1048/252 678/1020/87
f 679/1021/230 660/995/211 680/1022/231
f 680/1022/231 702/1049/253 679/1021/230
f 680/1022/231 661/996/212 681/1023/232
f 681/1023/232 703/1050/254 680/1022/231
f 681/1023/255 662/997/233 682/1024/233
f 682/1024/233 704/1051/255 681/1023/255
f 706/1053/257 686/1028/237 685/1027/236
f 685/1027/236 705/1052/256 706/1053/257
f 710/1057/261 707/1054/258 708/1055/259
f 708/1055/259 709/1056/260 710/1057/261
f 687/1030/238 665/1029/216 674/1044/225
f 674/1044/225 697/1043/248 687/1030/238
f 688/1031/240 666/1003/239 687/1030/262
f 687/1030/262 711/1058/263 688/1031/240
f 689/1032/241 667/1004/219 688/1031/240
f 688/1031/240 712/1059/264 689/1032/241
f 690/1033/37 668/1005/220 689/1032/241
f 689/1032/241 713/1060/44 690/1033/37
f 691/1034/242 669/1006/45 690/1033/37
f 690/1033/37 714/1061/265 691/1034/242
f 692/1035/243 670/1007/221 691/1034/242
f 691/1034/242 715/1062/266 692/1035/243
f 693/1036/244 671/1008/222 692/1035/243
f 692/1035/243 716/1063/267 693/1036/244
f 694/1037/246 672/1009/245 693/1036/268
f 693/1036/268 717/1064/268 694/1037/246
f 696/1068/247 695/1065/247 718/1066/269
f 718/1066/269 719/1067/270 696/1068/247
f 708/1055/259 707/1054/258 720/1069/271
f 720/1069/271 721/1070/272 708/1055/259
f 697/1043/274 675/1042/250 698/1071/249
f 698/1071/249 722/1072/273 697/1043/274
f 698/1045/249 676/1018/227 699/1046/251
f 699/1046/251 723/1073/275 698/1045/249
f 699/1046/251 677/1019/229 700/1047/40
f 700/1047/40 724/1074/276 699/1046/251
f 700/1047/40 678/1020/87 701/1048/252
f 701/1048/252 725/1075/277 700/1047/40
f 701/1048/252 679/1021/230 702/1049/253
f 702/1049/253 726/1076/278 701/1048/252
f 702/1049/253 680/1022/231 703/1050/254
f 703/1050/254 727/1077/279 702/1049/253
f 703/1050/280 681/1023/255 704/1051/255
f 704/1051/255 728/1078/280 703/1050/280
f 730/1080/282 706/1053/257 705/1052/256
f 705/1052/256 729/1079/281 730/1080/282
f 732/1082/284 710/1057/261 709/1056/260
f 709/1056/260 731/1081/283 732/1082/284
f 709/1056/260 708/1055/259 733/1083/88
f 733/1083/88 734/1084/285 709/1056/260
f 711/1058/263 687/1030/262 697/1043/274
f 697/1043/274 722/1072/273 711/1058/263
f 712/1059/264 688/1031/240 711/1058/263
f 711/1058/263 735/1085/286 712/1059/264
f 713/1060/44 689/1032/241 712/1059/264
f 712/1059/264 736/1086/51 713/1060/44
f 714/1061/265 690/1033/37 713/1060/44
f 713/1060/44 737/1087/287 714/1061/265
f 715/1062/266 691/1034/242 714/1061/265
f 714/1061/265 738/1088/288 715/1062/266
f 716/1063/267 692/1035/243 715/1062/266
f 715/1062/266 739/1089/289 716/1063/267
f 717/1064/268 693/1036/268 716/1063/290
f 716/1063/290 740/1090/291 717/1064/268
f 719/1067/270 718/1066/269 741/1091/292
f 741/1091/292 742/1092/293 719/1067/270
f 721/1096/272 720/1093/271 743/1094/294
f 743/1094/294 744/1095/295 721/1096/272
f 733/1083/88 708/1055/259 721/1070/272
f 721/1070/272 745/1097/3 733/1083/88
f 722/1072/273 698/1071/249 723/1098/275
f 723/1098/275 746/1099/296 722/1072/273
f 723/1073/275 699/1046/251 724/1074/276
f 724/1074/276 747/1100/56 723/1073/275
f 724/1074/276 700/1047/40 725/1075/277
f 725/1075/277 748/1101/297 724/1074/276
f 725/1075/277 701/1048/252 726/1076/278
f 726/1076/278 749/1102/298 725/1075/277
f 726/1076/278 702/1049/253 727/1077/279
f 727/1077/279 750/1103/299 726/1076/278
f 727/1077/300 703/1050/280 728/1078/280
f 728/1078/280 751/1104/300 727/1077/300
f 753/1106/301 730/1080/282 729/1079/281
f 729/1079/281 752/1105/301 753/1106/301
f 755/1108/303 732/1082/284 731/1081/283
f 731/1081/283 754/1107/302 755/1108/303
f 731/1081/283 709/1056/260 734/1084/285
f 734/1084/285 756/1109/164 731/1081/283
f 758/1111/305 734/1084/285 733/1083/88
f 733/1083/88 757/1110/304 758/1111/305
f 735/1085/286 711/1058/263 722/1072/273
f 722/1072/273 746/1099/296 735/1085/286
f 736/1086/51 712/1059/264 735/1085/286
f 735/1085/286 759/1112/57 736/1086/51
f 737/1087/287 713/1060/44 736/1086/51
f 736/1086/51 760/1113/306 737/1087/287
f 738/1088/288 714/1061/265 737/1087/287
f 737/1087/287 761/1114/307 738/1088/288
f 739/1089/289 715/1062/266 738/1088/288
f 738/1088/288 762/1115/308 739/1089/289
f 740/1090/291 716/1063/290 739/1089/309
f 739/1089/309 763/1116/310 740/1090/291
f 742/1092/293 741/1091/292 764/1117/311
f 764/1117/311 765/1118/312 742/1092/293
f 744/1095/295 743/1094/294 766/1119/313
f 766/1119/313 767/1120/314 744/1095/295
f 745/1122/3 721/1096/272 744/1095/295
f 744/1095/295 768/1121/7 745/1122/3
f 757/1110/304 733/1083/88 745/1097/3
f 745/1097/3 769/1123/315 757/1110/304
f 746/1099/296 723/1098/275 747/1124/56
f 747/1124/56 770/1125/63 746/1099/296
f 747/1100/56 724/1074/276 748/1101/297
f 748/1101/297 771/1126/316 747/1100/56
f 748/1101/297 725/1075/277 749/1102/298
f 749/1102/298 772/1127/317 748/1101/297
f 749/1102/298 726/1076/278 750/1103/299
f 750/1103/299 773/1128/318 749/1102/298
f 750/1103/319 727/1077/300 751/1104/300
f 751/1104/300 774/1129/319 750/1103/319
f 776/1131/321 753/1106/301 752/1105/301
f 752/1105/301 775/1130/320 776/1131/321
f 778/1133/323 755/1108/303 754/1107/302
f 754/1107/302 777/1132/322 778/1133/323
f 754/1107/302 731/1081/283 756/1109/164
f 756/1109/164 779/1134/11 754/1107/302
f 756/1109/164 734/1084/285 758/1111/305
f 758/1111/305 780/1135/324 756/1109/164
f 782/1137/326 758/1111/305 757/1110/304
f 757/1110/304 781/1136/325 782/1137/326
f 759/1112/57 735/1085/286 746/1099/296
f 746/1099/296 770/1125/63 759/1112/57
f 760/1113/306 736/1086/51 759/1112/57
f 759/1112/57 783/1138/327 760/1113/306
f 761/1114/307 737/1087/287 760/1113/306
f 760/1113/306 784/1139/328 761/1114/307
f 762/1115/308 738/1088/288 761/1114/307
f 761/1114/307 785/1140/329 762/1115/308
f 763/1116/310 739/1089/309 762/1115/330
f 762/1115/330 786/1141/331 763/1116/310
f 765/1118/312 764/1117/311 787/1142/332
f 787/1142/332 788/1143/333 765/1118/312
f 767/1120/314 766/1119/313 789/1144/334
f 789/1144/334 790/1145/335 767/1120/314
f 768/1121/7 744/1095/295 767/1120/314
f 767/1120/314 791/1146/336 768/1121/7
f 769/1148/315 745/1122/3 768/1121/7
f 768/1121/7 792/1147/337 769/1148/315
f 781/1136/325 757/1110/304 769/1123/315
f 769/1123/315 793/1149/338 781/1136/325
f 770/1125/63 747/1124/56 771/1150/316
f 771/1150/316 794/1151/339 770/1125/63
f 771/1126/316 748/1101/297 772/1127/317
f 772/1127/317 795/1152/340 771/1126/316
f 772/1127/317 749/1102/298 773/1128/318
f 773/1128/318 796/1153/341 772/1127/317
f 773/1128/342 750/1103/319 774/1129/319
f 774/1129/319 797/1154/342 773/1128/342
f 799/1156/344 776/1131/321 775/1130/320
f 775/1130/320 798/1155/343 799/1156/344
f 801/1158/346 778/1133/323 777/1132/322
f 777/1132/322 800/1157/345 801/1158/346
f 777/1132/322 754/1107/302 779/1134/11
f 779/1134/11 802/1159/347 777/1132/322
f 779/1134/11 756/1109/164 780/1135/324
f 780/1135/324 803/1160/348 779/1134/11
f 780/1135/324 758/1111/305 782/1137/326
f 782/1137/326 804/1161/349 780/1135/324
f 782/1137/353 781/1136/350 805/1162/351
f 805/1162/351 806/1163/352 782/1137/353
f 783/1138/327 759/1112/57 770/1125/63
f 770/1125/63 794/1151/339 783/1138/327
f 784/1139/328 760/1113/306 783/1138/327
f 783/1138/327 807/1164/354 784/1139/328
f 785/1140/329 761/1114/307 784/1139/328
f 784/1139/328 808/1165/355 785/1140/329
f 786/1141/331 762/1115/330 785/1140/356
f 785/1140/356 809/1166/356 786/1141/331
f 788/1143/333 787/1142/332 810/1167/357
f 810/1167/357 811/1168/357 788/1143/333
f 790/1145/335 789/1144/334 812/1169/358
f 812/1169/358 813/1170/359 790/1145/335
f 791/1146/336 767/1120/314 790/1145/335
f 790/1145/335 814/1171/360 791/1146/336
f 792/1147/337 768/1121/7 791/1146/336
f 791/1146/336 815/1172/361 792/1147/337
f 793/1174/338 769/1148/315 792/1147/337
f 792/1147/337 816/1173/362 793/1174/338
f 805/1162/351 781/1136/350 793/1149/363
f 793/1149/363 817/1175/364 805/1162/351
f 794/1151/339 771/1150/316 795/1176/340
f 795/1176/340 818/1177/365 794/1151/339
f 795/1152/340 772/1127/317 796/1153/341
f 796/1153/341 819/1178/366 795/1152/340
f 796/1153/368 773/1128/342 797/1154/342
f 797/1154/342 820/1179/367 796/1153/368
f 822/1181/369 799/1156/344 798/1155/343
f 798/1155/343 821/1180/369 822/1181/369
f 824/1183/371 801/1158/346 800/1157/345
f 800/1157/345 823/1182/370 824/1183/371
f 800/1157/345 777/1132/322 802/1159/347
f 802/1159/347 825/1184/42 800/1157/345
f 802/1159/347 779/1134/11 803/1160/348
f 803/1160/348 826/1185/372 802/1159/347
f 803/1160/348 780/1135/324 804/1161/349
f 804/1161/349 827/1186/373 803/1160/348
f 804/1161/375 782/1137/353 806/1163/352
f 806/1163/352 828/1187/374 804/1161/375
f 806/1163/352 805/1162/351 829/1188/376
f 829/1188/376 830/1189/377 806/1163/352
f 807/1164/354 783/1138/327 794/1151/339
f 794/1151/339 818/1177/365 807/1164/354
f 808/1165/355 784/1139/328 807/1164/354
f 807/1164/354 831/1190/378 808/1165/355
f 809/1166/356 785/1140/356 808/1165/379
f 808/1165/379 832/1191/380 809/1166/356
f 811/1168/357 810/1167/357 833/1192/381
f 833/1192/381 834/1193/382 811/1168/357
f 813/1170/359 812/1169/358 835/1194/383
f 835/1194/383 836/1195/384 813/1170/359
f 814/1171/360 790/1145/335 813/1170/359
f 813/1170/359 837/1196/385 814/1171/360
f 815/1172/361 791/1146/336 814/1171/360
f 814/1171/360 838/1197/386 815/1172/361
f 816/1173/362 792/1147/337 815/1172/361
f 815/1172/361 839/1198/387 816/1173/362
f 817/1200/364 793/1174/363 816/1173/388
f 816/1173/388 840/1199/389 817/1200/364
f 829/1188/376 805/1162/351 817/1175/364
f 817/1175/364 841/1201/390 829/1188/376
f 818/1177/365 795/1176/340 819/1202/366
f 819/1202/366 842/1203/391 818/1177/365
f 819/1178/392 796/1153/368 820/1179/367
f 820/1179/367 843/1204/392 819/1178/392
f 845/1206/394 822/1181/369 821/1180/369
f 821/1180/369 844/1205/393 845/1206/394
f 847/1208/396 824/1183/371 823/1182/370
f 823/1182/370 846/1207/395 847/1208/396
f 823/1182/370 800/1157/345 825/1184/42
f 825/1184/42 848/1209/36 823/1182/370
f 825/1184/42 802/1159/347 826/1185/372
f 826/1185/372 849/1210/397 825/1184/42
f 826/1185/372 803/1160/348 827/1186/373
f 827/1186/373 850/1211/398 826/1185/372
f 827/1186/400 804/1161/375 828/1187/374
f 828/1187/374 851/1212/399 827/1186/400
f 828/1187/374 806/1163/352 830/1189/377
f 830/1189/377 852/1213/401 828/1187/374
f 831/1190/378 807/1164/354 818/1177/365
f 818/1177/365 842/1203/391 831/1190/378
f 832/1191/380 808/1165/379 831/1190/402
f 831/1190/402 853/1214/402 832/1191/380
f 834/1193/382 833/1192/381 854/1215/403
f 854/1215/403 855/1216/404 834/1193/382
f 836/1195/384 835/1194/383 856/1217/405
f 856/1217/405 857/1218/406 836/1195/384
f 837/1196/385 813/1170/359 836/1195/384
f 836/1195/384 858/1219/407 837/1196/385
f 838/1197/386 814/1171/360 837/1196/385
f 837/1196/385 859/1220/408 838/1197/386
f 839/1198/387 815/1172/361 838/1197/386
f 838/1197/386 860/1221/409 839/1198/387
f 840/1199/389 816/1173/388 839/1198/410
f 839/1198/410 861/1222/411 840/1199/389
f 841/1224/390 817/1200/364 840/1199/389
f 840/1199/389 862/1223/412 841/1224/390
f 842/1203/413 819/1202/392 843/1225/392
f 843/1225/392 863/1226/413 842/1203/413
f 865/1228/414 845/1206/394 844/1205/393
f 844/1205/393 864/1227/414 865/1228/414
f 867/1230/416 847/1208/396 846/1207/395
f 846/1207/395 866/1229/415 867/1230/416
f 846/1207/395 823/1182/370 848/1209/36
f 848/1209/36 868/1231/65 846/1207/395
f 848/1209/36 825/1184/42 849/1210/397
f 849/1210/397 869/1232/417 848/1209/36
f 849/1210/397 826/1185/372 850/1211/398
f 850/1211/398 870/1233/418 849/1210/397
f 850/1211/420 827/1186/400 851/1212/399
f 851/1212/399 871/1234/419 850/1211/420
f 851/1212/399 828/1187/374 852/1213/401
f 852/1213/401 872/1235/421 851/1212/399
f 853/1214/402 831/1190/402 842/1203/413
f 842/1203/413 863/1226/413 853/1214/402
f 855/1216/404 854/1215/403 873/1236/422
f 873/1236/422 874/1237/422 855/1216/404
f 857/1218/406 856/1217/405 875/1238/423
f 875/1238/423 876/1239/424 857/1218/406
f 858/1219/407 836/1195/384 857/1218/406
f 857/1218/406 877/1240/96 858/1219/407
f 859/1220/408 837/1196/385 858/1219/407
f 858/1219/407 878/1241/425 859/1220/408
f 860/1221/409 838/1197/386 859/1220/408
f 859/1220/408 879/1242/426 860/1221/409
f 861/1222/411 839/1198/410 860/1221/427
f 860/1221/427 880/1243/428 861/1222/411
f 862/1223/412 840/1199/389 861/1222/411
f 861/1222/411 881/1244/429 862/1223/412
f 883/1248/430 865/1245/414 864/1246/414
f 864/1246/414 882/1247/430 883/1248/430
f 885/1250/432 867/1230/416 866/1229/415
f 866/1229/415 884/1249/431 885/1250/432
f 866/1229/415 846/1207/395 868/1231/65
f 868/1231/65 886/1251/433 866/1229/415
f 868/1231/65 848/1209/36 869/1232/417
f 869/1232/417 887/1252/434 868/1231/65
f 869/1232/417 849/1210/397 870/1233/418
f 870/1233/418 888/1253/435 869/1232/417
f 870/1233/437 850/1211/420 871/1234/419
f 871/1234/419 889/1254/436 870/1233/437
f 871/1234/419 851/1212/399 872/1235/421
f 872/1235/421 890/1255/438 871/1234/419
f 874/1237/422 873/1236/422 883/1248/430
f 883/1248/430 882/1247/430 874/1237/422
f 876/1239/424 875/1238/423 891/1256/439
f 891/1256/439 892/1257/440 876/1239/424
f 877/1240/96 857/1218/406 876/1239/424
f 876/1239/424 893/1258/93 877/1240/96
f 878/1241/425 858/1219/407 877/1240/96
f 877/1240/96 894/1259/441 878/1241/425
f 879/1242/426 859/1220/408 878/1241/425
f 878/1241/425 895/1260/442 879/1242/426
f 880/1243/428 860/1221/427 879/1242/443
f 879/1242/443 896/1261/444 880/1243/428
f 881/1244/429 861/1222/411 880/1243/428
f 880/1243/428 897/1262/445 881/1244/429
f 899/1266/447 885/1263/432 884/1264/431
f 884/1264/431 898/1265/446 899/1266/447
f 884/1249/431 866/1229/415 886/1251/433
f 886/1251/433 900/1267/56 884/1249/431
f 886/1251/433 868/1231/65 887/1252/434
f 887/1252/434 901/1268/448 886/1251/433
f 887/1252/434 869/1232/417 888/1253/435
f 888/1253/435 902/1269/449 887/1252/434
f 888/1253/451 870/1233/437 889/1254/436
f 889/1254/436 903/1270/450 888/1253/451
f 889/1254/436 871/1234/419 890/1255/438
f 890/1255/438 904/1271/452 889/1254/436
f 892/1257/440 891/1256/439 899/1266/447
f 899/1266/447 898/1265/446 892/1257/440
f 893/1258/93 876/1239/424 892/1257/440
f 892/1257/440 905/1272/57 893/1258/93
f 894/1259/441 877/1240/96 893/1258/93
f 893/1258/93 906/1273/453 894/1259/441
f 895/1260/442 878/1241/425 894/1259/441
f 894/1259/441 907/1274/454 895/1260/442
f 896/1261/444 879/1242/443 895/1260/455
f 895/1260/455 908/1275/456 896/1261/444
f 897/1262/445 880/1243/428 896/1261/444
f 896/1261/444 909/1276/457 897/1262/445
f 898/1265/446 884/1264/431 900/1277/56
f 900/1277/56 910/1278/103 898/1265/446
f 900/1267/56 886/1251/433 901/1268/448
f 901/1268/448 911/1279/458 900/1267/56
f 901/1268/448 887/1252/434 902/1269/449
f 902/1269/449 912/1280/459 901/1268/448
f 902/1269/461 888/1253/451 903/1270/450
f 903/1270/450 913/1281/460 902/1269/461
f 903/1270/450 889/1254/436 904/1271/452
f 904/1271/452 914/1282/462 903/1270/450
f 905/1272/57 892/1257/440 898/1265/446
f 898/1265/446 910/1278/103 905/1272/57
f 906/1273/453 893/1258/93 905/1272/57
f 905/1272/57 915/1283/463 906/1273/453
f 907/1274/454 894/1259/441 906/1273/453
f 906/1273/453 916/1284/464 907/1274/454
f 908/1275/456 895/1260/455 907/1274/465
f 907/1274/465 917/1285/466 908/1275/456
f 909/1276/457 896/1261/444 908/1275/456
f 908/1275/456 918/1286/467 909/1276/457
f 910/1278/103 900/1277/56 911/1287/458
f 911/1287/458 919/1288/468 910/1278/103
f 911/1279/458 901/1268/448 912/1280/459
f 912/1280/459 920/1289/469 911/1279/458
f 912/1280/471 902/1269/461 913/1281/460
f 913/1281/460 921/1290/470 912/1280/471
f 913/1281/460 903/1270/450 914/1282/462
f 914/1282/462 922/1291/472 913/1281/460
f 915/1283/463 905/1272/57 910/1278/103
f 910/1278/103 919/1288/468 915/1283/463
f 916/1284/464 906/1273/453 915/1283/463
f 915/1283/463 923/1292/473 916/1284/464
f 917/1285/466 907/1274/465 916/1284/474
f 916/1284/474 924/1293/475 917/1285/466
f 918/1286/467 908/1275/456 917/1285/466
f 917/1285/466 925/1294/476 918/1286/467
f 919/1288/468 911/1287/458 920/1295/469
f 920/1295/469 926/1296/477 919/1288/468
f 920/1289/479 912/1280/471 921/1290/470
f 921/1290/470 927/1297/478 920/1289/479
f 921/1290/470 913/1281/460 922/1291/472
f 922/1291/472 928/1298/480 921/1290/470
f 923/1292/473 915/1283/463 919/1288/468
f 919/1288/468 926/1296/477 923/1292/473
f 924/1293/475 916/1284/474 923/1292/481
f 923/1292/481 929/1299/482 924/1293/475
f 925/1294/476 917/1285/466 924/1293/475
f 924/1293/475 930/1300/483 925/1294/476
f 926/1296/485 920/1295/479 927/1301/478
f 927/1301/478 931/1302/484 926/1296/485
f 927/1297/478 921/1290/470 928/1298/480
f 928/1298/480 932/1303/486 927/1297/478
f 929/1299/482 923/1292/481 926/1296/485
f 926/1296/485 931/1302/484 929/1299/482
f 930/1300/483 924/1293/475 929/1299/482
f 929/1299/482 933/1304/487 930/1300/483
f 931/1302/484 927/1301/478 932/1305/486
f 932/1305/486 934/1306/488 931/1302/484
f 933/1304/487 929/1299/482 931/1302/484
f 931/1302/484 934/1306/488 933/1304/487
f 938/1310/492 935/1307/489 936/1308/490
f 936/1308/490 937/1309/491 938/1310/492
f 936/1308/490 935/1307/489 939/1311/37
f 939/1311/37 940/1312/493 936/1308/490
f 938/1310/492 937/1309/491 941/1313/494
f 941/1313/494 942/1314/495 938/1310/492
f 939/1311/499 935/1307/496 943/1315/497
f 943/1315/497 944/1316/498 939/1311/499
f 940/1312/493 939/1311/37 945/1317/500
f 945/1317/500 946/1318/501 940/1312/493
f 948/1320/503 936/1308/490 940/1312/493
f 940/1312/493 947/1319/502 948/1320/503
f 944/1324/507 943/1321/504 949/1322/505
f 949/1322/505 950/1323/506 944/1324/507
f 948/1320/503 947/1319/508 951/1325/509
f 951/1325/509 952/1326/510 948/1320/503
f 950/1323/17 949/1322/511 953/1327/512
f 953/1327/512 954/1328/513 950/1323/17
f 952/1326/510 951/1325/509 955/1329/37
f 955/1329/37 956/1330/489 952/1326/510
f 960/1334/517 957/1331/514 958/1332/515
f 958/1332/515 959/1333/516 960/1334/517
f 962/1336/518 957/1331/514 960/1334/517
f 960/1334/517 961/1335/37 962/1336/518
f 966/1340/522 963/1337/519 964/1338/520
f 964/1338/520 965/1339/521 966/1340/522
f 949/1322/511 963/1337/519 966/1340/522
f 966/1340/522 953/1327/512 949/1322/511
f 968/1342/524 950/1323/17 954/1328/513
f 954/1328/513 967/1341/523 968/1342/524
f 954/1328/513 953/1327/512 969/1343/525
f 969/1343/525 970/1344/526 954/1328/513
f 955/1329/37 951/1325/509 971/1345/527
f 971/1345/527 972/1346/528 955/1329/37
f 956/1330/532 955/1329/529 973/1347/530
f 973/1347/530 974/1348/531 956/1330/532
f 976/1350/533 952/1326/510 956/1330/489
f 956/1330/489 975/1349/492 976/1350/533
f 978/1352/535 976/1350/533 975/1349/492
f 975/1349/492 977/1351/534 978/1352/535
f 959/1333/516 958/1332/515 979/1353/536
f 979/1353/536 980/1354/537 959/1333/516
f 960/1334/538 959/1333/538 981/1355/538
f 981/1355/538 982/1356/538 960/1334/538
f 961/1335/37 960/1334/37 982/1356/37
f 982/1356/37 983/1357/37 961/1335/37
f 970/1344/541 969/1343/525 984/1358/539
f 984/1358/539 985/1359/540 970/1344/541
f 987/1363/545 974/1360/542 973/1361/543
f 973/1361/543 986/1362/544 987/1363/545
f 980/1354/537 979/1353/536 988/1364/546
f 988/1364/546 989/1365/37 980/1354/537
f 981/1355/547 959/1333/547 980/1354/547
f 980/1354/547 990/1366/547 981/1355/547
f 982/1370/550 981/1367/548 991/1368/548
f 991/1368/548 992/1369/549 982/1370/550
f 994/1372/551 961/1335/551 983/1357/551
f 983/1357/551 993/1371/551 994/1372/551
f 986/1362/17 985/1359/540 984/1358/539
f 984/1358/539 987/1363/511 986/1362/17
f 998/1376/554 995/1373/552 996/1374/37
f 996/1374/37 997/1375/553 998/1376/554
f 1002/1380/557 999/1377/555 1000/1378/17
f 1000/1378/17 1001/1379/556 1002/1380/557
f 990/1366/37 980/1354/37 989/1365/37
f 989/1365/37 1003/1381/37 990/1366/37
f 991/1368/548 981/1367/548 990/1382/558
f 990/1382/558 1004/1383/559 991/1368/548
f 1006/1385/560 992/1369/560 991/1368/560
f 991/1368/560 1005/1384/560 1006/1385/560
f 1000/1378/561 994/1386/561 993/1387/561
f 993/1387/561 1007/1388/561 1000/1378/561
f 1009/1390/563 1002/1380/557 1001/1379/556
f 1001/1379/556 1008/1389/562 1009/1390/563
f 1011/1392/565 985/1359/540 986/1362/17
f 986/1362/17 1010/1391/564 1011/1392/565
f 987/1363/511 984/1358/539 1012/1393/566
f 1012/1393/566 1013/1394/519 987/1363/511
f 997/1375/553 996/1374/37 1014/1395/37
f 1014/1395/37 1015/1396/567 997/1375/553
f 1001/1379/17 1000/1378/17 1007/1388/17
f 1007/1388/17 1016/1397/17 1001/1379/17
f 1003/1381/568 989/1365/568 1017/1398/568
f 1017/1398/568 1018/1399/568 1003/1381/568
f 1005/1384/569 991/1368/569 1004/1383/569
f 1004/1383/569 1019/1400/569 1005/1384/569
f 1006/1385/571 1005/1384/6 1020/1401/6
f 1020/1401/6 1021/1402/570 1006/1385/571
f 1023/1404/572 992/1369/572 1006/1385/572
f 1006/1385/572 1022/1403/572 1023/1404/572
f 1008/1389/573 1001/1379/573 1016/1397/573
f 1016/1397/573 1024/1405/573 1008/1389/573
f 1026/1407/575 1009/1390/563 1008/1389/562
f 1008/1389/562 1025/1406/574 1026/1407/575
f 1028/1409/577 1013/1394/519 1012/1393/566
f 1012/1393/566 1027/1408/576 1028/1409/577
f 996/1374/581 1029/1410/578 1030/1411/579
f 1030/1411/579 1014/1395/580 996/1374/581
f 1032/1413/582 1015/1396/567 1014/1395/37
f 1014/1395/37 1031/1412/37 1032/1413/582
f 1018/1417/583 1017/1414/583 1033/1415/583
f 1033/1415/583 1034/1416/583 1018/1417/583
f 1019/1400/584 1004/1383/584 1035/1418/584
f 1035/1418/584 1036/1419/584 1019/1400/584
f 1020/1401/6 1005/1384/6 1019/1400/585
f 1019/1400/585 1037/1420/586 1020/1401/6
f 1022/1403/588 1006/1385/571 1021/1402/570
f 1021/1402/570 1038/1421/587 1022/1403/588
f 1021/1402/592 1020/1401/589 1039/1422/590
f 1039/1422/590 1040/1423/591 1021/1402/592
f 1042/1425/593 1023/1404/593 1022/1403/593
f 1022/1403/593 1041/1424/593 1042/1425/593
f 1025/1406/594 1008/1389/594 1024/1405/594
f 1024/1405/594 1043/1426/594 1025/1406/594
f 1024/1430/597 1016/1427/595 1044/1428/596
f 1044/1428/596 1045/1429/597 1024/1430/597
f 1046/1431/598 1026/1407/575 1025/1406/574
f 1025/1406/574 1033/1415/17 1046/1431/598
f 1050/1435/601 1047/1432/599 1048/1433/600
f 1048/1433/600 1049/1434/17 1050/1435/601
f 1030/1438/605 1029/1436/602 1049/1434/603
f 1049/1434/603 1051/1437/604 1030/1438/605
f 1032/1413/582 1031/1412/37 1052/1439/37
f 1052/1439/37 1053/1440/606 1032/1413/582
f 1057/1444/609 1054/1441/607 1055/1442/608
f 1055/1442/608 1056/1443/37 1057/1444/609
f 1033/1415/17 1025/1406/17 1043/1426/17
f 1043/1426/17 1034/1416/17 1033/1415/17
f 1036/1419/610 1035/1418/610 1058/1445/610
f 1058/1445/610 1059/1446/610 1036/1419/610
f 1037/1420/586 1019/1400/585 1036/1419/611
f 1036/1419/611 1060/1447/612 1037/1420/586
f 1039/1422/590 1020/1401/589 1037/1420/613
f 1037/1420/613 1061/1448/614 1039/1422/590
f 1063/1450/616 1022/1403/588 1038/1421/587
f 1038/1421/587 1062/1449/615 1063/1450/616
f 1041/1424/617 1022/1403/588 1063/1450/616
f 1063/1450/616 1062/1449/615 1041/1424/617
f 1065/1454/618 1064/1451/618 1042/1452/618
f 1042/1452/618 1041/1453/618 1065/1454/618
f 1044/1428/619 1064/1451/619 1065/1454/619
f 1065/1454/619 1066/1455/619 1044/1428/619
f 1043/1457/621 1024/1430/597 1045/1429/597
f 1045/1429/597 1067/1456/620 1043/1457/621
f 1045/1429/622 1044/1428/622 1066/1455/622
f 1066/1455/622 1068/1458/622 1045/1429/622
f 1051/1437/17 1049/1434/17 1048/1433/600
f 1048/1433/600 1069/1459/623 1051/1437/17
f 1053/1440/606 1052/1439/37 1070/1460/37
f 1070/1460/37 1071/1461/624 1053/1440/606
f 1056/1443/37 1055/1442/608 1072/1462/625
f 1072/1462/625 1073/1463/37 1056/1443/37
f 1058/1467/626 1074/1464/626 1075/1465/626
f 1075/1465/626 1059/1466/626 1058/1467/626
f 1077/1469/629 1036/1419/611 1059/1446/627
f 1059/1446/627 1076/1468/628 1077/1469/629
f 1060/1447/612 1036/1419/611 1077/1469/629
f 1077/1469/629 1076/1468/628 1060/1447/612
f 1081/1473/632 1078/1470/630 1079/1471/631
f 1079/1471/631 1080/1472/631 1081/1473/632
f 1084/1476/635 1040/1423/633 1082/1474/634
f 1082/1474/634 1083/1475/37 1084/1476/635
f 1065/1454/638 1041/1453/617 1085/1477/636
f 1085/1477/636 1086/1478/637 1065/1454/638
f 1066/1455/641 1065/1454/638 1087/1479/639
f 1087/1479/639 1088/1480/640 1066/1455/641
f 1067/1456/642 1045/1429/642 1068/1458/642
f 1068/1458/642 1089/1481/642 1067/1456/642
f 1068/1458/6 1066/1455/641 1088/1480/640
f 1088/1480/640 1090/1482/6 1068/1458/6
f 1094/1486/645 1091/1483/643 1092/1484/644
f 1092/1484/644 1093/1485/17 1094/1486/645
f 1096/1488/17 1051/1437/17 1069/1459/623
f 1069/1459/623 1095/1487/646 1096/1488/17
f 1073/1463/37 1072/1462/625 1097/1489/647
f 1097/1489/647 1098/1490/37 1073/1463/37
f 1100/1492/651 1056/1443/648 1073/1463/649
f 1073/1463/649 1099/1491/650 1100/1492/651
f 1075/1465/652 1074/1464/652 1067/1456/652
f 1067/1456/652 1089/1481/652 1075/1465/652
f 1102/1494/655 1059/1466/627 1075/1465/653
f 1075/1465/653 1101/1493/654 1102/1494/655
f 1105/1497/658 1061/1448/656 1103/1495/657
f 1103/1495/657 1104/1496/37 1105/1497/658
f 1109/1501/661 1106/1498/659 1107/1499/660
f 1107/1499/660 1108/1500/660 1109/1501/661
f 1111/1503/663 1084/1476/635 1083/1475/37
f 1083/1475/37 1110/1502/662 1111/1503/663
f 1115/1507/664 1112/1504/664 1113/1505/664
f 1113/1505/664 1114/1506/664 1115/1507/664
f 1083/1475/37 1082/1474/634 1116/1508/665
f 1116/1508/665 1117/1509/666 1083/1475/37
f 1087/1479/639 1065/1454/638 1086/1478/637
f 1086/1478/637 1085/1477/636 1087/1479/639
f 1089/1481/668 1068/1458/6 1090/1482/6
f 1090/1482/6 1118/1510/667 1089/1481/668
f 1090/1482/672 1088/1480/669 1119/1511/670
f 1119/1511/670 1120/1512/671 1090/1482/672
f 1122/1514/673 1094/1486/645 1093/1485/17
f 1093/1485/17 1121/1513/17 1122/1514/673
f 1124/1516/17 1096/1488/17 1095/1487/646
f 1095/1487/646 1123/1515/674 1124/1516/17
f 1098/1490/37 1097/1489/647 1125/1517/675
f 1125/1517/675 1126/1518/37 1098/1490/37
f 1093/1485/679 1100/1519/676 1099/1520/677
f 1099/1520/677 1121/1513/678 1093/1485/679
f 1127/1521/680 1075/1465/653 1089/1481/668
f 1089/1481/668 1118/1510/667 1127/1521/680
f 1101/1493/654 1075/1465/653 1127/1521/680
f 1127/1521/680 1102/1494/655 1101/1493/654
f 1104/1496/37 1103/1495/657 1128/1522/681
f 1128/1522/681 1129/1523/682 1104/1496/37
f 1131/1525/684 1105/1497/658 1104/1496/37
f 1104/1496/37 1130/1524/683 1131/1525/684
f 1113/1505/685 1112/1504/685 1132/1526/685
f 1132/1526/685 1133/1527/685 1113/1505/685
f 1135/1529/687 1111/1503/663 1110/1502/662
f 1110/1502/662 1134/1528/686 1135/1529/687
f 1110/1502/662 1083/1475/37 1117/1509/666
f 1117/1509/666 1136/1530/688 1110/1502/662
f 1138/1532/689 1115/1507/689 1114/1506/689
f 1114/1506/689 1137/1531/689 1138/1532/689
f 1142/1536/693 1139/1533/690 1140/1534/691
f 1140/1534/691 1141/1535/692 1142/1536/693
f 1118/1510/695 1090/1482/672 1120/1512/671
f 1120/1512/671 1143/1537/694 1118/1510/695
f 1145/1539/696 1122/1514/673 1121/1513/17
f 1121/1513/17 1144/1538/17 1145/1539/696
f 1147/1541/17 1124/1516/17 1123/1515/674
f 1123/1515/674 1146/1540/697 1147/1541/17
f 1126/1518/37 1125/1517/675 1148/1542/698
f 1148/1542/698 1149/1543/37 1126/1518/37
f 1152/1546/702 1102/1494/699 1150/1544/700
f 1150/1544/700 1151/1545/701 1152/1546/702
f 1156/1550/706 1153/1547/703 1154/1548/704
f 1154/1548/704 1155/1549/705 1156/1550/706
f 1129/1523/682 1128/1522/681 1157/1551/707
f 1157/1551/707 1158/1552/708 1129/1523/682
f 1130/1524/683 1104/1496/37 1129/1523/682
f 1129/1523/682 1159/1553/709 1130/1524/683
f 1133/1527/710 1132/1526/710 1138/1532/710
f 1138/1532/710 1137/1531/710 1133/1527/710
f 1134/1528/686 1110/1502/662 1136/1530/688
f 1136/1530/688 1160/1554/711 1134/1528/686
f 1162/1556/713 1135/1529/687 1134/1528/686
f 1134/1528/686 1161/1555/712 1162/1556/713
f 1137/1531/717 1114/1506/714 1163/1557/715
f 1163/1557/715 1164/1558/716 1137/1531/717
f 1166/1562/719 1142/1559/693 1141/1560/692
f 1141/1560/692 1165/1561/718 1166/1562/719
f 1170/1566/17 1167/1563/720 1168/1564/721
f 1168/1564/721 1169/1565/722 1170/1566/17
f 1119/1511/724 1167/1563/720 1170/1566/17
f 1170/1566/17 1171/1567/723 1119/1511/724
f 1173/1571/727 1172/1568/725 1081/1569/726
f 1081/1569/726 1080/1570/727 1173/1571/727
f 1145/1539/696 1144/1538/17 1174/1572/17
f 1174/1572/17 1175/1573/728 1145/1539/696
f 1151/1545/731 1150/1544/700 1176/1574/729
f 1176/1574/729 1177/1575/730 1151/1545/731
f 1179/1577/733 1152/1546/702 1151/1545/701
f 1151/1545/701 1178/1576/732 1179/1577/733
f 1154/1579/704 1152/1546/734 1179/1577/735
f 1179/1577/735 1155/1578/705 1154/1579/704
f 1158/1552/708 1157/1551/707 1180/1580/736
f 1180/1580/736 1181/1581/737 1158/1552/708
f 1159/1553/709 1129/1523/682 1158/1552/708
f 1158/1552/708 1182/1582/738 1159/1553/709
f 1183/1583/740 1133/1527/739 1137/1531/717
f 1137/1531/717 1164/1558/716 1183/1583/740
f 1160/1554/744 1136/1530/741 1184/1584/742
f 1184/1584/742 1185/1585/743 1160/1554/744
f 1161/1555/712 1134/1528/686 1160/1554/711
f 1160/1554/711 1186/1586/745 1161/1555/712
f 1188/1590/746 1164/1587/746 1163/1588/746
f 1163/1588/746 1187/1589/746 1188/1590/746
f 1163/1588/747 1189/1591/747 1190/1592/747
f 1190/1592/747 1187/1589/747 1163/1588/747
f 1194/1596/751 1191/1593/748 1192/1594/749
f 1192/1594/749 1193/1595/750 1194/1596/751
f 1168/1564/721 1191/1593/748 1194/1596/751
f 1194/1596/751 1169/1565/722 1168/1564/721
f 1170/1566/17 1169/1565/722 1195/1597/752
f 1195/1597/752 1196/1598/753 1170/1566/17
f 1197/1599/754 1171/1567/723 1170/1566/17
f 1170/1566/17 1196/1598/753 1197/1599/754
f 1199/1601/756 1198/1600/755 1078/1470/630
f 1078/1470/630 1081/1473/632 1199/1601/756
f 1202/1604/759 1143/1537/757 1200/1602/758
f 1200/1602/758 1201/1603/17 1202/1604/759
f 1206/1608/760 1203/1605/760 1204/1606/760
f 1204/1606/760 1205/1607/760 1206/1608/760
f 1175/1573/728 1174/1572/17 1207/1609/17
f 1207/1609/17 1208/1610/761 1175/1573/728
f 1150/1544/700 1202/1604/759 1201/1603/17
f 1201/1603/17 1176/1574/729 1150/1544/700
f 1177/1575/730 1176/1574/729 1209/1611/762
f 1209/1611/762 1210/1612/763 1177/1575/730
f 1178/1576/765 1151/1545/731 1177/1575/730
f 1177/1575/730 1211/1613/764 1178/1576/765
f 1182/1582/738 1158/1552/708 1181/1581/737
f 1181/1581/737 1212/1614/766 1182/1582/738
f 1214/1616/770 1159/1553/767 1182/1582/768
f 1182/1582/768 1213/1615/769 1214/1616/770
f 1183/1618/771 1164/1587/771 1188/1590/771
f 1188/1590/771 1215/1617/771 1183/1618/771
f 1190/1592/772 1189/1591/772 1183/1618/772
f 1183/1618/772 1215/1617/772 1190/1592/772
f 1185/1585/776 1184/1584/773 1216/1619/774
f 1216/1619/774 1217/1620/775 1185/1585/776
f 1194/1596/751 1193/1595/750 1218/1621/777
f 1218/1621/777 1219/1622/778 1194/1596/751
f 1195/1597/752 1169/1565/722 1194/1596/751
f 1194/1596/751 1219/1622/778 1195/1597/752
f 1221/1624/779 1206/1608/779 1205/1607/779
f 1205/1607/779 1220/1623/779 1221/1624/779
f 1201/1603/17 1200/1602/758 1222/1625/780
f 1222/1625/780 1223/1626/781 1201/1603/17
f 1204/1606/782 1203/1605/782 1224/1627/782
f 1224/1627/782 1225/1628/782 1204/1606/782
f 1209/1611/762 1176/1574/729 1201/1603/17
f 1201/1603/17 1223/1626/781 1209/1611/762
f 1227/1630/786 1210/1612/783 1209/1611/784
f 1209/1611/784 1226/1629/785 1227/1630/786
f 1211/1613/764 1177/1575/730 1210/1612/763
f 1210/1612/763 1228/1631/787 1211/1613/764
f 1230/1633/791 1214/1616/788 1213/1615/789
f 1213/1615/789 1229/1632/790 1230/1633/791
f 1217/1637/775 1216/1634/774 1231/1635/792
f 1231/1635/792 1232/1636/793 1217/1637/775
f 1234/1639/795 1185/1585/776 1217/1620/775
f 1217/1620/775 1233/1638/794 1234/1639/795
f 1236/1641/799 1186/1586/796 1234/1639/797
f 1234/1639/797 1235/1640/798 1236/1641/799
f 1231/1635/803 1195/1597/800 1219/1622/801
f 1219/1622/801 1232/1636/802 1231/1635/803
f 1224/1627/804 1221/1624/804 1220/1623/804
f 1220/1623/804 1225/1628/804 1224/1627/804
f 1238/1643/808 1204/1606/805 1225/1628/806
f 1225/1628/806 1237/1642/807 1238/1643/808
f 1227/1630/810 1226/1629/809 1230/1644/791
f 1230/1644/791 1229/1645/790 1227/1630/810
f 1241/1648/814 1212/1614/811 1239/1646/812
f 1239/1646/812 1240/1647/813 1241/1648/814
f 1229/1632/790 1213/1615/789 1241/1648/815
f 1241/1648/815 1242/1649/816 1229/1632/790
f 1233/1651/794 1217/1637/775 1232/1636/793
f 1232/1636/793 1243/1650/817 1233/1651/794
f 1235/1640/819 1234/1639/795 1233/1638/794
f 1233/1638/794 1244/1652/818 1235/1640/819
f 1243/1650/823 1218/1621/820 1245/1653/821
f 1245/1653/821 1246/1654/822 1243/1650/823
f 1225/1628/806 1220/1623/824 1247/1655/825
f 1247/1655/825 1237/1642/807 1225/1628/806
f 1238/1659/746 1237/1656/746 1248/1657/746
f 1248/1657/746 1249/1658/746 1238/1659/746
f 1251/1661/826 1250/1660/826 1238/1659/826
f 1238/1659/826 1249/1658/826 1251/1661/826
f 1252/1663/827 1227/1630/810 1229/1645/790
f 1229/1645/790 1242/1662/816 1252/1663/827
f 1254/1665/831 1228/1631/828 1252/1663/829
f 1252/1663/829 1253/1664/830 1254/1665/831
f 1242/1649/816 1241/1648/815 1240/1647/832
f 1240/1647/832 1255/1666/833 1242/1649/816
f 1244/1667/818 1233/1651/794 1243/1650/817
f 1243/1650/817 1246/1654/834 1244/1667/818
f 1257/1669/836 1235/1640/819 1244/1652/818
f 1244/1652/818 1256/1668/835 1257/1669/836
f 1261/1673/840 1258/1670/837 1259/1671/838
f 1259/1671/838 1260/1672/839 1261/1673/840
f 1248/1657/771 1237/1656/771 1247/1674/771
f 1247/1674/771 1262/1675/771 1248/1657/771
f 1247/1674/841 1250/1660/841 1251/1661/841
f 1251/1661/841 1262/1675/841 1247/1674/841
f 1253/1664/842 1252/1663/827 1242/1662/816
f 1242/1662/816 1255/1676/833 1253/1664/842
f 1266/1680/846 1263/1677/843 1264/1678/844
f 1264/1678/844 1265/1679/845 1266/1680/846
f 1255/1666/833 1240/1647/832 1267/1681/847
f 1267/1681/847 1268/1682/848 1255/1666/833
f 1256/1684/835 1244/1667/818 1246/1654/834
f 1246/1654/834 1269/1683/849 1256/1684/835
f 1273/1688/853 1270/1685/850 1271/1686/851
f 1271/1686/851 1272/1687/852 1273/1688/853
f 1274/1690/854 1253/1664/842 1255/1676/833
f 1255/1676/833 1268/1689/848 1274/1690/854
f 1278/1694/858 1275/1691/855 1276/1692/856
f 1276/1692/856 1277/1693/857 1278/1694/858
f 1281/1698/862 1279/1695/859 1280/1696/860
f 1280/1696/860 1106/1697/861 1281/1698/862
f 1172/1568/725 1282/1699/863 1199/1700/756
f 1199/1700/756 1081/1569/726 1172/1568/725
f 1106/1697/861 1280/1696/860 1283/1701/864
f 1283/1701/864 1107/1702/864 1106/1697/861
f 1109/1501/661 1284/1703/865 1281/1704/862
f 1281/1704/862 1106/1498/659 1109/1501/661
f 829/1188/376 841/1201/390 1285/1705/866
f 1285/1705/866 830/1189/377 829/1188/376
f 852/1213/401 830/1189/377 1285/1705/866
f 1285/1705/866 872/1235/421 852/1213/401
f 1285/1706/866 841/1224/390 862/1223/412
f 862/1223/412 881/1244/429 1285/1706/866
f 1285/1705/866 904/1271/452 890/1255/438
f 890/1255/438 872/1235/421 1285/1705/866
f 1285/1706/866 881/1244/429 897/1262/445
f 897/1262/445 909/1276/457 1285/1706/866
f 1285/1705/866 922/1291/472 914/1282/462
f 914/1282/462 904/1271/452 1285/1705/866
f 1285/1706/866 909/1276/457 918/1286/467
f 918/1286/467 925/1294/476 1285/1706/866
f 1285/1705/866 932/1303/486 928/1298/480
f 928/1298/480 922/1291/472 1285/1705/866
f 1285/1706/866 925/1294/476 930/1300/483
f 930/1300/483 933/1304/487 1285/1706/866
f 1285/1706/866 933/1304/487 934/1306/488
f 934/1306/488 932/1305/486 1285/1706/866
f 936/1308/490 948/1320/503 1286/1707/867
f 1286/1707/867 937/1309/491 936/1308/490
f 937/1309/491 1286/1707/867 1287/1708/868
f 1287/1708/868 941/1313/494 937/1309/491
f 935/1307/496 938/1310/869 1288/1709/870
f 1288/1709/870 943/1315/497 935/1307/496
f 943/1321/504 1288/1710/871 963/1337/872
f 963/1337/872 949/1322/505 943/1321/504
f 940/1312/493 946/1318/501 1289/1711/873
f 1289/1711/873 947/1319/502 940/1312/493
f 1286/1707/867 948/1320/503 952/1326/510
f 952/1326/510 976/1350/533 1286/1707/867
f 941/1313/494 1287/1708/868 958/1332/515
f 958/1332/515 957/1331/514 941/1313/494
f 938/1310/869 942/1314/874 1290/1712/875
f 1290/1712/875 1288/1709/870 938/1310/869
f 942/1314/495 941/1313/494 957/1331/514
f 957/1331/514 962/1336/518 942/1314/495
f 1288/1710/871 1290/1713/875 964/1338/876
f 964/1338/876 963/1337/872 1288/1710/871
f 939/1311/499 944/1316/498 1291/1714/877
f 1291/1714/877 945/1317/878 939/1311/499
f 944/1324/507 950/1323/506 968/1342/879
f 968/1342/879 1291/1715/880 944/1324/507
f 945/1317/500 1292/1716/881 1293/1717/882
f 1293/1717/882 946/1318/501 945/1317/500
f 1287/1708/868 1286/1707/867 976/1350/533
f 976/1350/533 978/1352/535 1287/1708/868
f 946/1318/501 1293/1717/882 1294/1718/883
f 1294/1718/883 1289/1711/873 946/1318/501
f 1293/1717/882 1292/1716/881 995/1373/552
f 995/1373/552 998/1376/554 1293/1717/882
f 1293/1717/882 998/1376/554 1295/1719/884
f 1295/1719/884 1294/1718/883 1293/1717/882
f 947/1319/508 1289/1711/873 971/1345/527
f 971/1345/527 951/1325/509 947/1319/508
f 1289/1711/873 1294/1718/883 1296/1720/885
f 1296/1720/885 971/1345/527 1289/1711/873
f 1290/1712/875 942/1314/874 962/1336/886
f 962/1336/886 1297/1721/887 1290/1712/875
f 1290/1713/875 1297/1722/887 999/1377/888
f 999/1377/888 964/1338/876 1290/1713/875
f 958/1332/515 1287/1708/868 978/1352/535
f 978/1352/535 979/1353/536 958/1332/515
f 962/1336/889 961/1335/889 994/1372/889
f 994/1372/889 1297/1721/889 962/1336/889
f 964/1338/520 999/1377/555 1002/1380/557
f 1002/1380/557 965/1339/521 964/1338/520
f 953/1327/512 966/1340/522 1298/1723/890
f 1298/1723/890 969/1343/525 953/1327/512
f 954/1328/513 970/1344/526 1299/1724/891
f 1299/1724/891 967/1341/523 954/1328/513
f 968/1342/524 967/1341/523 1300/1725/892
f 1300/1725/892 1301/1726/893 968/1342/524
f 945/1317/878 1291/1714/877 1302/1727/894
f 1302/1727/894 1292/1716/895 945/1317/878
f 1291/1715/880 968/1342/879 1301/1726/896
f 1301/1726/896 1302/1728/897 1291/1715/880
f 1292/1716/895 1302/1727/894 1303/1729/898
f 1303/1729/898 995/1373/899 1292/1716/895
f 965/1339/521 1002/1380/557 1009/1390/563
f 1009/1390/563 1304/1730/900 965/1339/521
f 966/1340/522 965/1339/521 1304/1730/900
f 1304/1730/900 1298/1723/890 966/1340/522
f 967/1341/523 1299/1724/891 1305/1731/901
f 1305/1731/901 1300/1725/892 967/1341/523
f 995/1373/899 1303/1729/898 1029/1410/578
f 1029/1410/578 996/1374/581 995/1373/899
f 955/1329/529 972/1346/902 1306/1732/903
f 1306/1732/903 973/1347/530 955/1329/529
f 972/1346/528 971/1345/527 1296/1720/885
f 1296/1720/885 1307/1733/904 972/1346/528
f 956/1330/532 974/1348/531 1308/1734/905
f 1308/1734/905 975/1349/906 956/1330/532
f 974/1360/542 987/1363/545 1013/1394/907
f 1013/1394/907 1308/1735/908 974/1360/542
f 973/1361/543 1306/1736/909 1010/1391/910
f 1010/1391/910 986/1362/544 973/1361/543
f 978/1352/535 977/1351/534 988/1364/546
f 988/1364/546 979/1353/536 978/1352/535
f 977/1351/912 975/1349/906 1308/1734/905
f 1308/1734/905 1309/1737/911 977/1351/912
f 999/1377/913 1297/1722/913 994/1386/913
f 994/1386/913 1000/1378/913 999/1377/913
f 983/1738/914 982/1370/550 992/1369/549
f 992/1369/549 1023/1404/914 983/1738/914
f 1304/1730/900 1027/1408/576 1012/1393/566
f 1012/1393/566 1298/1723/890 1304/1730/900
f 969/1343/525 1298/1723/890 1012/1393/566
f 1012/1393/566 984/1358/539 969/1343/525
f 1300/1725/892 1047/1432/599 1050/1435/601
f 1050/1435/601 1301/1726/893 1300/1725/892
f 1299/1724/891 970/1344/541 985/1359/540
f 985/1359/540 1011/1392/565 1299/1724/891
f 1301/1726/896 1050/1435/915 1303/1739/916
f 1303/1739/916 1302/1728/897 1301/1726/896
f 1296/1720/885 1294/1718/883 1295/1719/917
f 1295/1719/917 1054/1441/607 1296/1720/885
f 1296/1720/885 1054/1441/607 1057/1444/609
f 1057/1444/609 1307/1733/904 1296/1720/885
f 1295/1719/884 998/1376/554 997/1375/553
f 997/1375/553 1310/1740/918 1295/1719/884
f 1295/1719/917 1310/1740/919 1055/1442/608
f 1055/1442/608 1054/1441/607 1295/1719/917
f 1308/1735/908 1013/1394/907 1028/1409/920
f 1028/1409/920 1309/1741/911 1308/1735/908
f 988/1364/922 977/1351/912 1309/1737/911
f 1309/1737/911 1311/1742/921 988/1364/922
f 988/1364/923 1311/1742/923 1017/1398/923
f 1017/1398/923 989/1365/923 988/1364/923
f 993/1743/924 983/1738/924 1023/1404/924
f 1023/1404/924 1042/1425/924 993/1743/924
f 993/1745/925 1042/1452/925 1064/1451/925
f 1064/1451/925 1007/1744/925 993/1745/925
f 1304/1730/900 1009/1390/563 1026/1407/575
f 1026/1407/575 1027/1408/576 1304/1730/900
f 1300/1725/892 1305/1731/901 1312/1746/926
f 1312/1746/926 1047/1432/599 1300/1725/892
f 1305/1731/901 1299/1724/891 1011/1392/565
f 1011/1392/565 1313/1747/927 1305/1731/901
f 1305/1731/901 1313/1747/927 1091/1483/643
f 1091/1483/643 1312/1746/928 1305/1731/901
f 1029/1436/602 1303/1739/916 1050/1435/915
f 1050/1435/915 1049/1434/603 1029/1436/602
f 997/1375/553 1015/1396/567 1314/1748/929
f 1314/1748/929 1310/1740/918 997/1375/553
f 972/1346/902 1307/1733/930 1315/1749/931
f 1315/1749/931 1306/1732/903 972/1346/902
f 1307/1733/930 1057/1444/932 1316/1750/933
f 1316/1750/933 1315/1749/931 1307/1733/930
f 1306/1736/909 1315/1751/934 1317/1752/935
f 1317/1752/935 1010/1391/910 1306/1736/909
f 1010/1391/564 1317/1752/936 1313/1747/927
f 1313/1747/927 1011/1392/565 1010/1391/564
f 1309/1741/911 1028/1409/920 1046/1431/937
f 1046/1431/937 1311/1753/921 1309/1741/911
f 1017/1414/938 1311/1753/938 1046/1431/938
f 1046/1431/938 1033/1415/938 1017/1414/938
f 990/1382/558 1003/1754/939 1035/1418/939
f 1035/1418/939 1004/1383/559 990/1382/558
f 1007/1744/940 1064/1451/940 1044/1428/596
f 1044/1428/596 1016/1427/595 1007/1744/940
f 1015/1396/567 1032/1413/582 1318/1755/941
f 1318/1755/941 1314/1748/929 1015/1396/567
f 1057/1444/932 1056/1443/648 1100/1492/651
f 1100/1492/651 1316/1750/933 1057/1444/932
f 1028/1409/577 1027/1408/576 1026/1407/575
f 1026/1407/575 1046/1431/598 1028/1409/577
f 1003/1754/943 1018/1756/942 1058/1445/942
f 1058/1445/942 1035/1418/942 1003/1754/943
f 1018/1758/944 1034/1757/944 1074/1464/944
f 1074/1464/944 1058/1467/944 1018/1758/944
f 1021/1402/592 1040/1423/591 1084/1476/635
f 1084/1476/635 1038/1421/945 1021/1402/592
f 1047/1432/599 1312/1746/926 1319/1759/946
f 1319/1759/946 1048/1433/600 1047/1432/599
f 1312/1746/928 1091/1483/643 1094/1486/645
f 1094/1486/645 1319/1759/947 1312/1746/928
f 1313/1747/927 1317/1752/936 1092/1484/644
f 1092/1484/644 1091/1483/643 1313/1747/927
f 1014/1395/580 1030/1411/579 1320/1760/948
f 1320/1760/948 1031/1412/949 1014/1395/580
f 1030/1438/605 1051/1437/604 1096/1488/950
f 1096/1488/950 1320/1761/951 1030/1438/605
f 1032/1413/582 1053/1440/606 1321/1762/952
f 1321/1762/952 1318/1755/941 1032/1413/582
f 1310/1740/919 1314/1748/953 1072/1462/625
f 1072/1462/625 1055/1442/608 1310/1740/919
f 1315/1751/934 1316/1763/954 1092/1484/955
f 1092/1484/955 1317/1752/935 1315/1751/934
f 1034/1757/956 1043/1457/621 1067/1456/620
f 1067/1456/620 1074/1464/956 1034/1757/956
f 1037/1420/613 1060/1447/957 1103/1495/657
f 1103/1495/657 1061/1448/614 1037/1420/613
f 1038/1421/945 1084/1476/635 1111/1503/663
f 1111/1503/663 1062/1449/958 1038/1421/945
f 1041/1424/617 1062/1449/615 1139/1533/690
f 1139/1533/690 1142/1536/693 1041/1424/617
f 1041/1453/617 1142/1559/693 1166/1562/719
f 1166/1562/719 1085/1477/636 1041/1453/617
f 1048/1433/600 1319/1759/946 1322/1764/959
f 1322/1764/959 1069/1459/623 1048/1433/600
f 1052/1439/961 1031/1412/949 1320/1760/948
f 1320/1760/948 1323/1765/960 1052/1439/961
f 1052/1439/961 1323/1765/960 1324/1766/962
f 1324/1766/962 1070/1460/963 1052/1439/961
f 1053/1440/606 1071/1461/624 1325/1767/964
f 1325/1767/964 1321/1762/952 1053/1440/606
f 1314/1748/953 1318/1755/965 1097/1489/647
f 1097/1489/647 1072/1462/625 1314/1748/953
f 1316/1763/954 1100/1519/676 1093/1485/679
f 1093/1485/679 1092/1484/955 1316/1763/954
f 1059/1446/627 1154/1548/704 1153/1547/703
f 1153/1547/703 1076/1468/628 1059/1446/627
f 1059/1466/627 1102/1494/655 1152/1546/734
f 1152/1546/734 1154/1579/704 1059/1466/627
f 1060/1447/957 1076/1468/966 1128/1522/681
f 1128/1522/681 1103/1495/657 1060/1447/957
f 1062/1449/958 1111/1503/663 1135/1529/967
f 1135/1529/967 1139/1533/968 1062/1449/958
f 1319/1759/947 1094/1486/645 1122/1514/673
f 1122/1514/673 1322/1764/969 1319/1759/947
f 1069/1459/623 1322/1764/959 1326/1768/970
f 1326/1768/970 1095/1487/646 1069/1459/623
f 1320/1761/951 1096/1488/950 1124/1516/971
f 1124/1516/971 1323/1769/972 1320/1761/951
f 1070/1460/963 1324/1766/962 1327/1770/973
f 1327/1770/973 1328/1771/974 1070/1460/963
f 1318/1755/965 1321/1762/975 1125/1517/675
f 1125/1517/675 1097/1489/647 1318/1755/965
f 1076/1468/966 1153/1547/976 1157/1551/977
f 1157/1551/977 1128/1522/681 1076/1468/966
f 1139/1533/968 1135/1529/967 1162/1556/978
f 1162/1556/978 1140/1534/979 1139/1533/968
f 1085/1477/982 1166/1562/980 1191/1593/981
f 1191/1593/981 1168/1564/721 1085/1477/982
f 1087/1479/983 1085/1477/982 1168/1564/721
f 1168/1564/721 1167/1563/720 1087/1479/983
f 1088/1480/669 1087/1479/983 1167/1563/720
f 1167/1563/720 1119/1511/670 1088/1480/669
f 1095/1487/646 1326/1768/970 1329/1772/984
f 1329/1772/984 1123/1515/674 1095/1487/646
f 1324/1773/986 1323/1769/972 1124/1516/971
f 1124/1516/971 1147/1541/985 1324/1773/986
f 1328/1771/974 1327/1770/973 1330/1774/987
f 1330/1774/987 1331/1775/987 1328/1771/974
f 1321/1762/975 1325/1767/964 1148/1542/698
f 1148/1542/698 1125/1517/675 1321/1762/975
f 1073/1463/649 1098/1490/988 1332/1776/989
f 1332/1776/989 1099/1491/650 1073/1463/649
f 1099/1520/677 1332/1777/990 1144/1538/991
f 1144/1538/991 1121/1513/678 1099/1520/677
f 1153/1547/976 1156/1550/992 1180/1580/993
f 1180/1580/993 1157/1551/977 1153/1547/976
f 1116/1508/665 1333/1778/994 1334/1779/995
f 1334/1779/995 1117/1509/666 1116/1508/665
f 1114/1506/714 1113/1505/996 1189/1780/997
f 1189/1780/997 1163/1557/715 1114/1506/714
f 1117/1509/666 1334/1779/995 1184/1584/742
f 1184/1584/742 1136/1530/741 1117/1509/666
f 1166/1562/980 1165/1561/998 1192/1594/999
f 1192/1594/999 1191/1593/981 1166/1562/980
f 1118/1510/695 1143/1537/694 1202/1604/759
f 1202/1604/759 1127/1521/1000 1118/1510/695
f 1322/1764/969 1122/1514/673 1145/1539/696
f 1145/1539/696 1326/1768/1001 1322/1764/969
f 1123/1515/674 1329/1772/984 1335/1781/1002
f 1335/1781/1002 1146/1540/697 1123/1515/674
f 1327/1783/1004 1324/1773/986 1147/1541/985
f 1147/1541/985 1336/1782/1003 1327/1783/1004
f 1098/1490/988 1126/1518/1005 1337/1784/1006
f 1337/1784/1006 1332/1776/989 1098/1490/988
f 1126/1518/1005 1149/1543/1007 1338/1785/1008
f 1338/1785/1008 1337/1784/1006 1126/1518/1005
f 1102/1494/699 1127/1521/1000 1202/1604/759
f 1202/1604/759 1150/1544/700 1102/1494/699
f 1130/1524/683 1159/1553/767 1214/1616/770
f 1214/1616/770 1339/1786/1009 1130/1524/683
f 1131/1525/684 1130/1524/683 1339/1786/1009
f 1339/1786/1009 1340/1787/1010 1131/1525/684
f 1113/1505/996 1133/1527/739 1183/1583/740
f 1183/1583/740 1189/1780/997 1113/1505/996
f 1334/1779/995 1333/1778/994 1341/1788/1011
f 1341/1788/1011 1184/1584/742 1334/1779/995
f 1141/1535/692 1140/1534/691 1342/1789/1012
f 1342/1789/1012 1343/1790/1013 1141/1535/692
f 1141/1560/692 1343/1791/1013 1344/1792/1014
f 1344/1792/1014 1165/1561/718 1141/1560/692
f 1140/1534/979 1162/1556/978 1345/1793/1015
f 1345/1793/1015 1342/1789/1016 1140/1534/979
f 1326/1768/1001 1145/1539/696 1175/1573/728
f 1175/1573/728 1329/1772/1017 1326/1768/1001
f 1330/1795/1018 1327/1783/1004 1336/1782/1003
f 1336/1782/1003 1331/1794/1018 1330/1795/1018
f 1149/1543/1007 1346/1796/1019 1347/1797/1020
f 1347/1797/1020 1338/1785/1008 1149/1543/1007
f 1144/1538/991 1332/1777/990 1337/1798/1021
f 1337/1798/1021 1174/1572/1022 1144/1538/991
f 1155/1549/705 1348/1799/1023 1349/1800/1024
f 1349/1800/1024 1156/1550/706 1155/1549/705
f 1155/1578/705 1179/1577/735 1350/1801/1025
f 1350/1801/1025 1348/1802/1023 1155/1578/705
f 1156/1550/992 1349/1800/1026 1351/1803/1027
f 1351/1803/1027 1180/1580/993 1156/1550/992
f 1339/1786/1009 1214/1616/770 1352/1804/1028
f 1352/1804/1028 1340/1787/1010 1339/1786/1009
f 1160/1554/744 1185/1585/743 1234/1639/797
f 1234/1639/797 1186/1586/796 1160/1554/744
f 1162/1556/713 1161/1555/712 1353/1805/1029
f 1353/1805/1029 1345/1793/1030 1162/1556/713
f 1161/1555/712 1186/1586/745 1236/1641/1031
f 1236/1641/1031 1353/1805/1029 1161/1555/712
f 1184/1584/773 1341/1788/1011 1354/1806/1032
f 1354/1806/1032 1216/1619/774 1184/1584/773
f 1116/1508/665 1355/1807/1033 1356/1808/1034
f 1356/1808/1034 1333/1778/994 1116/1508/665
f 1355/1807/1033 1131/1525/684 1340/1787/1010
f 1340/1787/1010 1356/1808/1034 1355/1807/1033
f 1165/1561/998 1344/1792/1035 1357/1809/1036
f 1357/1809/1036 1192/1594/999 1165/1561/998
f 1342/1789/1016 1345/1793/1015 1258/1670/1037
f 1258/1670/1037 1358/1810/1038 1342/1789/1016
f 1174/1572/1022 1337/1798/1021 1338/1811/1039
f 1338/1811/1039 1207/1609/1040 1174/1572/1022
f 1329/1772/1017 1175/1573/728 1208/1610/761
f 1208/1610/761 1335/1781/1002 1329/1772/1017
f 1346/1796/1019 1359/1812/1041 1360/1813/1041
f 1360/1813/1041 1347/1797/1020 1346/1796/1019
f 1179/1577/733 1178/1576/732 1361/1814/1042
f 1361/1814/1042 1350/1801/1043 1179/1577/733
f 1349/1800/1026 1362/1815/1044 1263/1677/1045
f 1263/1677/1045 1351/1803/1027 1349/1800/1026
f 1181/1581/737 1180/1580/736 1351/1803/1046
f 1351/1803/1046 1363/1816/1047 1181/1581/737
f 1181/1581/737 1363/1816/1047 1239/1646/1048
f 1239/1646/1048 1212/1614/766 1181/1581/737
f 1182/1582/768 1212/1614/811 1241/1648/814
f 1241/1648/814 1213/1615/769 1182/1582/768
f 1214/1616/788 1230/1633/791 1364/1817/1049
f 1364/1817/1049 1352/1804/1028 1214/1616/788
f 1187/1589/1051 1365/1818/1050 1366/1819/1050
f 1366/1819/1050 1188/1590/1051 1187/1589/1051
f 1187/1589/1052 1190/1592/1052 1367/1820/1053
f 1367/1820/1053 1365/1818/1053 1187/1589/1052
f 1344/1792/1035 1368/1821/1054 1270/1685/1055
f 1270/1685/1055 1357/1809/1036 1344/1792/1035
f 1343/1790/1013 1342/1789/1012 1358/1810/1056
f 1358/1810/1056 1369/1822/1057 1343/1790/1013
f 1344/1792/1014 1343/1791/1013 1369/1823/1057
f 1369/1823/1057 1368/1821/1058 1344/1792/1014
f 1193/1595/750 1192/1594/749 1357/1809/1059
f 1357/1809/1059 1370/1824/1060 1193/1595/750
f 1193/1595/750 1370/1824/1060 1245/1653/1061
f 1245/1653/1061 1218/1621/777 1193/1595/750
f 1196/1598/753 1195/1597/800 1231/1635/803
f 1231/1635/803 1371/1825/1062 1196/1598/753
f 1197/1599/754 1196/1598/753 1371/1825/1062
f 1371/1825/1062 1372/1826/1063 1197/1599/754
f 1204/1606/805 1238/1643/808 1250/1827/1064
f 1250/1827/1064 1205/1607/1065 1204/1606/805
f 1207/1609/1040 1338/1811/1039 1347/1828/1066
f 1347/1828/1066 1373/1829/1067 1207/1609/1040
f 1359/1831/1069 1373/1829/1067 1347/1828/1066
f 1347/1828/1066 1360/1830/1068 1359/1831/1069
f 1210/1612/783 1227/1630/786 1252/1663/829
f 1252/1663/829 1228/1631/828 1210/1612/783
f 1178/1576/765 1211/1613/764 1374/1832/1070
f 1374/1832/1070 1361/1814/1071 1178/1576/765
f 1211/1613/764 1228/1631/787 1254/1665/1072
f 1254/1665/1072 1374/1832/1070 1211/1613/764
f 1350/1801/1043 1361/1814/1042 1275/1691/1073
f 1275/1691/1073 1375/1833/1074 1350/1801/1043
f 1349/1800/1024 1348/1799/1023 1376/1834/1075
f 1376/1834/1075 1362/1815/1076 1349/1800/1024
f 1348/1802/1023 1350/1801/1025 1375/1833/1077
f 1375/1833/1077 1376/1835/1075 1348/1802/1023
f 1215/1617/1078 1188/1590/1078 1366/1819/1078
f 1366/1819/1078 1377/1836/1078 1215/1617/1078
f 1190/1592/1080 1215/1617/1079 1377/1836/1079
f 1377/1836/1079 1367/1820/1080 1190/1592/1080
f 1345/1793/1030 1353/1805/1029 1259/1671/838
f 1259/1671/838 1258/1670/837 1345/1793/1030
f 1353/1805/1029 1236/1641/1031 1378/1837/1081
f 1378/1837/1081 1259/1671/838 1353/1805/1029
f 1341/1788/1011 58/1838/1082 43/1839/1083
f 43/1839/1083 1354/1806/1032 1341/1788/1011
f 1216/1634/774 1354/1840/1032 1379/1841/1084
f 1379/1841/1084 1231/1635/792 1216/1634/774
f 42/1842/1085 24/1843/1086 1354/1840/1032
f 1358/1810/1038 1258/1670/1037 1261/1673/1087
f 1261/1673/1087 1380/1844/1088 1358/1810/1038
f 1219/1622/801 1218/1621/820 1243/1650/823
f 1243/1650/823 1232/1636/802 1219/1622/801
f 1371/1825/1062 1231/1635/803 1379/1841/1084
f 1379/1841/1084 1372/1826/1063 1371/1825/1062
f 1222/1625/780 1381/1845/1089 1382/1846/1090
f 1382/1846/1090 1223/1626/781 1222/1625/780
f 1220/1623/824 1205/1607/1065 1250/1827/1064
f 1250/1827/1064 1247/1655/825 1220/1623/824
f 1209/1611/784 1223/1626/781 1382/1846/1090
f 1382/1846/1090 1226/1629/785 1209/1611/784
f 1226/1629/809 1383/1847/1091 1364/1848/1049
f 1364/1848/1049 1230/1644/791 1226/1629/809
f 1362/1815/1044 1384/1849/1092 1264/1678/1093
f 1264/1678/1093 1263/1677/1045 1362/1815/1044
f 1351/1803/1046 1263/1677/843 1266/1680/846
f 1266/1680/846 1363/1816/1047 1351/1803/1046
f 1363/1816/1047 1266/1680/846 1385/1850/1094
f 1385/1850/1094 1239/1646/1048 1363/1816/1047
f 1236/1641/799 1235/1640/798 1257/1669/1095
f 1257/1669/1095 1378/1837/1096 1236/1641/799
f 1366/1819/1097 1365/1818/1097 1367/1820/1097
f 1367/1820/1097 1377/1836/1097 1366/1819/1097
f 1368/1821/1054 1386/1851/1098 1271/1686/1099
f 1271/1686/1099 1270/1685/1055 1368/1821/1054
f 1357/1809/1059 1270/1685/850 1273/1688/853
f 1273/1688/853 1370/1824/1060 1357/1809/1059
f 1369/1822/1103 1358/1810/1100 1380/1844/1101
f 1380/1844/1101 1387/1852/1102 1369/1822/1103
f 1368/1821/1105 1369/1823/1103 1387/1853/1102
f 1387/1853/1102 1386/1851/1104 1368/1821/1105
f 1370/1824/1060 1273/1688/853 1388/1854/1106
f 1388/1854/1106 1245/1653/1061 1370/1824/1060
f 1197/1599/754 1372/1826/1063 1389/1855/1107
f 1389/1855/1107 1390/1856/1108 1197/1599/754
f 1226/1629/785 1382/1846/1090 1381/1845/1089
f 1381/1845/1089 1383/1847/1091 1226/1629/785
f 1222/1625/780 1390/1856/1108 1389/1855/1107
f 1389/1855/1107 1381/1845/1089 1222/1625/780
f 1361/1814/1071 1374/1832/1070 1276/1692/856
f 1276/1692/856 1275/1691/855 1361/1814/1071
f 1374/1832/1070 1254/1665/1072 1391/1857/1109
f 1391/1857/1109 1276/1692/856 1374/1832/1070
f 1375/1833/1074 1275/1691/1073 1278/1694/1110
f 1278/1694/1110 1392/1858/1111 1375/1833/1074
f 1362/1815/1115 1376/1834/1112 1393/1859/1113
f 1393/1859/1113 1384/1849/1114 1362/1815/1115
f 1376/1835/1112 1375/1833/1116 1392/1858/1117
f 1392/1858/1117 1393/1860/1113 1376/1835/1112
f 1240/1647/813 1239/1646/812 1385/1850/1118
f 1385/1850/1118 1267/1681/1119 1240/1647/813
f 1259/1671/838 1378/1837/1081 1394/1861/1120
f 1394/1861/1120 1260/1672/839 1259/1671/838
f 1261/1673/840 1260/1672/839 1279/1695/1121
f 1279/1695/1121 1395/1862/1122 1261/1673/840
f 1380/1844/1088 1261/1673/1087 1395/1862/1123
f 1395/1862/1123 1396/1863/1123 1380/1844/1088
f 1246/1654/822 1245/1653/821 1388/1854/1124
f 1388/1854/1124 1269/1683/1125 1246/1654/822
f 1249/1658/1126 1248/1657/1126 1397/1864/1126
f 1397/1864/1126 1398/1865/1126 1249/1658/1126
f 1249/1658/1127 1398/1865/1127 1399/1866/1127
f 1399/1866/1127 1251/1661/1127 1249/1658/1127
f 1254/1665/831 1253/1664/830 1274/1690/1128
f 1274/1690/1128 1391/1857/1129 1254/1665/831
f 1384/1849/1092 1400/1867/1130 1401/1868/1130
f 1401/1868/1130 1264/1678/1093 1384/1849/1092
f 1264/1678/844 1401/1868/1131 1282/1699/1132
f 1282/1699/1132 1265/1679/845 1264/1678/844
f 1266/1680/846 1265/1679/845 1402/1869/1133
f 1402/1869/1133 1385/1850/1094 1266/1680/846
f 1256/1668/1137 1403/1870/1134 1404/1871/1135
f 1404/1871/1135 1257/1669/1136 1256/1668/1137
f 1256/1684/1137 1269/1683/1138 1405/1872/1139
f 1405/1872/1139 1403/1873/1134 1256/1684/1137
f 1378/1837/1096 1257/1669/1095 1404/1871/1140
f 1404/1871/1140 1394/1861/1141 1378/1837/1096
f 1260/1672/839 1394/1861/1120 1280/1696/1142
f 1280/1696/1142 1279/1695/1121 1260/1672/839
f 1386/1851/1098 1406/1874/1143 1407/1875/1143
f 1407/1875/1143 1271/1686/1099 1386/1851/1098
f 1271/1686/851 1407/1875/1144 1284/1703/1145
f 1284/1703/1145 1272/1687/852 1271/1686/851
f 1273/1688/853 1272/1687/852 1408/1876/1146
f 1408/1876/1146 1388/1854/1106 1273/1688/853
f 1387/1852/1102 1380/1844/1101 1396/1863/1147
f 1396/1863/1147 1409/1877/1148 1387/1852/1102
f 1386/1851/1104 1387/1853/1102 1409/1878/1148
f 1409/1878/1148 1406/1874/1149 1386/1851/1104
f 1248/1657/1150 1262/1675/1150 1410/1879/1150
f 1410/1879/1150 1397/1864/1150 1248/1657/1150
f 1262/1675/1151 1251/1661/1151 1399/1866/1151
f 1399/1866/1151 1410/1879/1151 1262/1675/1151
f 1276/1692/856 1391/1857/1109 1411/1880/1152
f 1411/1880/1152 1277/1693/857 1276/1692/856
f 1278/1694/858 1277/1693/857 1198/1600/1153
f 1198/1600/1153 1412/1881/1154 1278/1694/858
f 1392/1858/1111 1278/1694/1110 1412/1881/1155
f 1412/1881/1155 1413/1882/1156 1392/1858/1111
f 1384/1849/1114 1393/1859/1113 1414/1883/1157
f 1414/1883/1157 1400/1867/1158 1384/1849/1114
f 1393/1860/1113 1392/1858/1117 1413/1882/1159
f 1413/1882/1159 1414/1884/1157 1393/1860/1113
f 1265/1679/845 1282/1699/1132 1172/1568/1160
f 1172/1568/1160 1402/1869/1133 1265/1679/845
f 1267/1681/1119 1385/1850/1118 1402/1869/1161
f 1402/1869/1161 1415/1885/1162 1267/1681/1119
f 1268/1682/1166 1267/1681/1163 1415/1885/1164
f 1415/1885/1164 1416/1886/1165 1268/1682/1166
f 1268/1689/1166 1416/1887/1165 1417/1888/1167
f 1417/1888/1167 1274/1690/1168 1268/1689/1166
f 1269/1683/1125 1388/1854/1124 1408/1876/1169
f 1408/1876/1169 1405/1872/1170 1269/1683/1125
f 1394/1861/1141 1404/1871/1140 1283/1701/1171
f 1283/1701/1171 1280/1696/1171 1394/1861/1141
f 1279/1695/859 1281/1698/862 1418/1889/1172
f 1418/1889/1172 1395/1862/1173 1279/1695/859
f 1272/1687/852 1284/1703/1145 1109/1501/1174
f 1109/1501/1174 1408/1876/1146 1272/1687/852
f 1396/1863/1176 1395/1862/1173 1418/1889/1172
f 1418/1889/1172 1409/1877/1175 1396/1863/1176
f 1399/1866/1177 1398/1865/1177 1397/1864/1177
f 1397/1864/1177 1410/1879/1177 1399/1866/1177
f 1391/1857/1129 1274/1690/1128 1417/1888/1178
f 1417/1888/1178 1411/1880/1179 1391/1857/1129
f 1277/1693/857 1411/1880/1152 1078/1470/1180
f 1078/1470/1180 1198/1600/1153 1277/1693/857
f 1400/1867/1184 1414/1883/1181 1419/1890/1182
f 1419/1890/1182 1401/1868/1183 1400/1867/1184
f 1282/1699/863 1401/1868/1183 1419/1890/1182
f 1419/1890/1182 1199/1700/756 1282/1699/863
f 1402/1869/1161 1172/1568/1185 1173/1571/1185
f 1173/1571/1185 1415/1885/1162 1402/1869/1161
f 1404/1871/1135 1403/1870/1134 1107/1702/1186
f 1107/1702/1186 1283/1701/1186 1404/1871/1135
f 1403/1873/1134 1405/1872/1139 1108/1500/1187
f 1108/1500/1187 1107/1499/1187 1403/1873/1134
f 1406/1874/1189 1409/1878/1175 1418/1891/1172
f 1418/1891/1172 1407/1875/1188 1406/1874/1189
f 1284/1703/865 1407/1875/1188 1418/1891/1172
f 1418/1891/1172 1281/1704/862 1284/1703/865
f 1405/1872/1170 1408/1876/1169 1109/1501/1190
f 1109/1501/1190 1108/1500/1191 1405/1872/1170
f 1411/1880/1179 1417/1888/1178 1079/1471/1192
f 1079/1471/1192 1078/1470/1192 1411/1880/1179
f 1198/1600/755 1199/1601/756 1419/1892/1182
f 1419/1892/1182 1412/1881/1193 1198/1600/755
f 1413/1882/1194 1412/1881/1193 1419/1892/1182
f 1419/1892/1182 1414/1884/1181 1413/1882/1194
f 1416/1886/1165 1415/1885/1164 1173/1571/1195
f 1173/1571/1195 1080/1570/1195 1416/1886/1165
f 1417/1888/1167 1416/1887/1165 1080/1472/1196
f 1080/1472/1196 1079/1471/1196 1417/1888/1167
f 16/51/3 12/28/14 24/27/14
f 24/27/14 42/52/3 16/51/3
f 23/26/2 11/25/13 22/1893/5
f 22/1893/5 1420/1894/1197 23/26/2
f 1420/1894/1197 22/1893/5 36/1895/25
f 36/1895/25 1421/1896/1198 1420/1894/1197
f 1421/1896/1198 36/1895/25 52/113/17
f 52/113/17 89/116/43 1421/1896/1198
f 56/1898/81 40/74/32 58/73/32
f 58/73/32 1422/1897/1199 56/1898/81
f 73/1900/45 56/1898/81 1422/1897/1199
f 1422/1897/1199 1423/1899/45 73/1900/45
f 88/115/42 69/114/27 87/1901/60
f 87/1901/60 1424/1902/60 88/115/42
f 93/181/37 73/1900/45 1423/1899/45
f 1423/1899/45 137/182/37 93/181/37
f 135/1904/1200 113/184/44 138/183/59
f 138/183/59 1425/1903/93 135/1904/1200
f 158/215/62 131/214/62 157/1905/56
f 157/1905/56 203/1906/77 158/215/62
f 1423/1907/1201 1356/1808/1034 137/1908/1202
f 1420/1910/1204 1421/1909/1203 1389/1855/1107
f 1389/1855/1107 1372/1826/1063 1420/1910/1204
f 1039/1422/1207 1112/1504/1205 1115/1507/1206
f 1039/1422/1207 1115/1507/1206 1082/1474/634
f 1082/1474/634 1040/1423/633 1039/1422/1207
f 1039/1422/1207 1061/1448/656 1105/1497/658
f 1039/1422/1207 1105/1497/658 1132/1526/1208
f 1132/1526/1208 1112/1504/1205 1039/1422/1207
f 1115/1507/1206 1138/1532/1209 1355/1807/1210
f 1115/1507/1206 1355/1807/1210 1116/1508/665
f 1116/1508/665 1082/1474/634 1115/1507/1206
f 1328/1771/1213 1331/1775/1211 1426/1911/1212
f 1328/1771/1213 1426/1911/1212 1325/1767/964
f 1325/1767/964 1071/1461/624 1328/1771/1213
f 1325/1767/964 1426/1911/1212 1359/1812/1214
f 1325/1767/964 1359/1812/1214 1346/1796/1215
f 1346/1796/1215 1148/1542/698 1325/1767/964
f 1105/1497/658 1131/1525/684 1355/1807/1210
f 1105/1497/658 1355/1807/1210 1138/1532/1209
f 1138/1532/1209 1132/1526/1208 1105/1497/658
f 1120/1512/1218 1119/1511/724 1171/1567/723
f 1120/1512/1218 1171/1567/723 1203/1605/1216
f 1203/1605/1216 1206/1608/1217 1120/1512/1218
f 1206/1608/1217 1221/1624/1219 1200/1602/758
f 1206/1608/1217 1200/1602/758 1143/1537/757
f 1143/1537/757 1120/1512/1218 1206/1608/1217
f 1335/1781/1002 1208/1610/761 1373/1829/1220
f 1335/1781/1002 1373/1829/1220 1359/1831/1221
f 1359/1831/1221 1426/1912/1222 1335/1781/1002
f 1171/1567/723 1197/1599/754 1390/1856/1223
f 1171/1567/723 1390/1856/1223 1224/1627/1224
f 1224/1627/1224 1203/1605/1216 1171/1567/723
f 1146/1540/697 1335/1781/1002 1426/1912/1222
f 1146/1540/697 1426/1912/1222 1331/1794/1225
f 1331/1794/1225 1336/1782/1226 1146/1540/697
f 1221/1624/1219 1224/1627/1224 1390/1856/1223
f 1221/1624/1219 1390/1856/1223 1222/1625/780
f 1222/1625/780 1200/1602/758 1221/1624/1219
f 1424/1902/60 87/1901/60 109/213/65
f 109/213/65 159/216/66 1424/1902/60
f 161/289/78 135/1904/1200 1425/1903/93
f 1425/1903/93 204/290/57 161/289/78
f 138/1913/1227 137/1908/1202 1356/1808/1034
f 1356/1808/1034 1340/1787/1010 138/1913/1227
f 1389/1855/1107 89/1914/1228 88/1915/1229
f 88/1915/1229 1381/1845/1089 1389/1855/1107
f 1333/1778/994 1422/1916/1230 58/1838/1082
f 58/1838/1082 1341/1788/1011 1333/1778/994
f 1425/1918/1232 1340/1787/1010 1352/1804/1028
f 1352/1804/1028 204/1917/1231 1425/1918/1232
f 23/1919/1233 1420/1910/1204 1372/1826/1063
f 1372/1826/1063 1379/1841/1084 23/1919/1233
f 1424/1920/1234 1381/1845/1089 88/1915/1229
f 1207/1609/17 1373/1829/1220 1208/1610/761
f 1147/1541/17 1146/1540/697 1336/1782/1226
f 1148/1542/698 1346/1796/1215 1149/1543/37
f 1070/1460/37 1328/1771/1213 1071/1461/624
f 1383/1847/1091 159/1921/1235 158/1922/1236
f 1383/1847/1091 158/1922/1236 203/1923/1237
f 203/1923/1237 1364/1848/1049 1383/1847/1091
f 202/1925/1238 204/1917/1231 1352/1804/1028
f 202/1925/1238 1352/1804/1028 1364/1817/1049
f 1364/1817/1049 203/1924/1237 202/1925/1238
f 1423/1907/1201 1422/1916/1230 1333/1778/994
f 1333/1778/994 1356/1808/1034 1423/1907/1201
f 1340/1787/1010 1425/1918/1232 138/1913/1227
f 1421/1909/1203 89/1914/1239 1389/1855/1107
f 1381/1845/1089 1424/1920/1234 159/1921/1235
f 159/1921/1235 1383/1847/1091 1381/1845/1089
f 1379/1841/1084 1354/1840/1032 24/1843/1086
f 24/1843/1086 23/1919/1233 1379/1841/1084
f 1354/1806/1032 43/1839/1083 42/1926/1085
f 684/1928/1240 707/1054/1240 710/1057/1240
f 710/1057/1240 685/1927/1240 684/1928/1240
f 686/1028/1241 664/999/1241 663/998/1241
f 663/998/1241 683/1025/1241 686/1028/1241
f 683/1025/1242 663/998/1242 673/1011/1242
f 673/1011/1242 695/1039/1242 683/1025/1242
f 696/1929/1243 720/1069/1243 707/1054/1243
f 707/1054/1243 684/1928/1243 696/1929/1243
f 685/1927/1245 710/1057/1244 732/1082/1244
f 732/1082/1244 705/1930/1245 685/1927/1245
f 706/1053/1247 682/1024/1246 664/999/1246
f 664/999/1246 686/1028/1247 706/1053/1247
f 695/1065/1248 673/1038/1248 694/1037/1248
f 694/1037/1248 718/1066/1248 695/1065/1248
f 719/1932/1249 743/1094/1249 720/1093/1249
f 720/1093/1249 696/1931/1249 719/1932/1249
f 705/1930/1250 732/1082/1250 755/1108/1250
f 755/1108/1250 729/1933/1250 705/1930/1250
f 730/1080/1251 704/1051/1251 682/1024/1251
f 682/1024/1251 706/1053/1251 730/1080/1251
f 718/1066/1252 694/1037/1252 717/1064/1252
f 717/1064/1252 741/1091/1252 718/1066/1252
f 742/1934/1253 766/1119/1253 743/1094/1253
f 743/1094/1253 719/1932/1253 742/1934/1253
f 729/1933/1254 755/1108/1254 778/1133/1254
f 778/1133/1254 752/1935/1254 729/1933/1254
f 753/1106/1255 728/1078/1255 704/1051/1255
f 704/1051/1255 730/1080/1255 753/1106/1255
f 741/1091/1256 717/1064/1256 740/1090/1256
f 740/1090/1256 764/1117/1256 741/1091/1256
f 765/1936/1257 789/1144/1257 766/1119/1257
f 766/1119/1257 742/1934/1257 765/1936/1257
f 752/1935/1258 778/1133/1258 801/1158/1258
f 801/1158/1258 775/1937/1258 752/1935/1258
f 776/1131/1259 751/1104/1259 728/1078/1259
f 728/1078/1259 753/1106/1259 776/1131/1259
f 764/1117/1260 740/1090/1260 763/1116/1260
f 763/1116/1260 787/1142/1260 764/1117/1260
f 788/1938/1261 812/1169/1261 789/1144/1261
f 789/1144/1261 765/1936/1261 788/1938/1261
f 775/1937/1262 801/1158/1262 824/1183/1262
f 824/1183/1262 798/1939/1262 775/1937/1262
f 799/1156/1263 774/1129/1263 751/1104/1263
f 751/1104/1263 776/1131/1263 799/1156/1263
f 787/1142/1264 763/1116/1264 786/1141/1264
f 786/1141/1264 810/1167/1264 787/1142/1264
f 811/1940/1265 835/1194/1265 812/1169/1265
f 812/1169/1265 788/1938/1265 811/1940/1265
f 798/1939/1266 824/1183/1266 847/1208/1266
f 847/1208/1266 821/1941/1266 798/1939/1266
f 822/1181/1267 797/1154/1267 774/1129/1267
f 774/1129/1267 799/1156/1267 822/1181/1267
f 810/1167/1268 786/1141/1268 809/1166/1268
f 809/1166/1268 833/1192/1268 810/1167/1268
f 834/1942/1269 856/1217/1269 835/1194/1269
f 835/1194/1269 811/1940/1269 834/1942/1269
f 821/1941/1271 847/1208/1270 867/1230/1270
f 867/1230/1270 844/1943/1270 821/1941/1271
f 845/1206/1272 820/1179/1272 797/1154/1272
f 797/1154/1272 822/1181/1272 845/1206/1272
f 833/1192/1273 809/1166/1273 832/1191/1273
f 832/1191/1273 854/1215/1273 833/1192/1273
f 855/1944/1274 875/1238/1274 856/1217/1274
f 856/1217/1274 834/1942/1274 855/1944/1274
f 844/1943/1275 867/1230/1275 885/1250/1275
f 885/1250/1275 864/1945/1275 844/1943/1275
f 865/1228/1276 843/1204/1276 820/1179/1276
f 820/1179/1276 845/1206/1276 865/1228/1276
f 854/1215/1277 832/1191/1277 853/1214/1277
f 853/1214/1277 873/1236/1277 854/1215/1277
f 874/1946/1278 891/1256/1278 875/1238/1278
f 875/1238/1278 855/1944/1278 874/1946/1278
f 864/1948/1279 885/1263/1279 899/1266/1279
f 899/1266/1279 882/1947/1279 864/1948/1279
f 883/1248/1280 863/1226/1280 843/1225/1280
f 843/1225/1280 865/1245/1280 883/1248/1280
f 873/1236/1282 853/1214/1281 863/1226/1282
f 863/1226/1282 883/1248/1282 873/1236/1282
f 882/1947/1283 899/1266/1283 891/1256/1283
f 891/1256/1283 874/1946/1283 882/1947/1283
