# This file uses centimeters as units for non-parametric coordinates.

mtllib Treasure Chest.mtl
g default
v 59.980015 29.679917 -41.556434
v 59.980015 29.643719 -41.625694
v 59.980015 29.587891 -41.680378
v 59.980015 29.517895 -41.715133
v 59.980023 29.434647 -41.721351
v 59.980004 29.450974 -41.222065
v 59.980015 29.522824 -41.240051
v 59.980015 29.592082 -41.276249
v 59.980015 29.646764 -41.332077
v 59.980015 29.681517 -41.402073
v 59.980015 29.707829 -41.479538
v 49.402749 29.679917 -41.556434
v 49.402749 29.643719 -41.625694
v 49.402749 29.587891 -41.680378
v 49.402749 29.517895 -41.715133
v 49.402749 29.434649 -41.721351
v 49.402764 29.450976 -41.222061
v 49.402749 29.522824 -41.240051
v 49.402749 29.592082 -41.276249
v 49.402749 29.646764 -41.332077
v 49.402749 29.681517 -41.402073
v 49.402749 29.707829 -41.479538
v 59.980015 29.442813 -41.471710
v 49.402764 29.442811 -41.471710
v 57.885811 29.679917 -41.556434
v 57.843453 29.679917 -41.556434
v 57.885811 29.643719 -41.625694
v 57.843453 29.643719 -41.625694
v 57.885811 29.587891 -41.680378
v 57.843453 29.587891 -41.680378
v 57.885811 29.517895 -41.715133
v 57.843453 29.517895 -41.715133
v 57.885811 29.434649 -41.721351
v 57.843449 29.434649 -41.721351
v 57.885811 29.450976 -41.222061
v 57.843453 29.450974 -41.222061
v 57.885811 29.522824 -41.240051
v 57.843453 29.522824 -41.240051
v 57.885811 29.592082 -41.276249
v 57.843453 29.592082 -41.276249
v 57.885811 29.646764 -41.332077
v 57.843453 29.646764 -41.332077
v 57.885811 29.681517 -41.402073
v 57.843453 29.681517 -41.402073
v 57.885811 29.707829 -41.479538
v 57.843453 29.707829 -41.479538
v 55.770310 29.679917 -41.556434
v 55.727902 29.679917 -41.556434
v 55.770310 29.643719 -41.625694
v 55.727902 29.643719 -41.625694
v 55.770310 29.587891 -41.680378
v 55.727902 29.587891 -41.680378
v 55.770310 29.517895 -41.715133
v 55.727902 29.517895 -41.715133
v 55.770310 29.434647 -41.721351
v 55.727902 29.434649 -41.721351
v 55.770310 29.450976 -41.222061
v 55.727894 29.450974 -41.222065
v 55.770310 29.522824 -41.240051
v 55.727902 29.522824 -41.240051
v 55.770310 29.592082 -41.276249
v 55.727902 29.592082 -41.276249
v 55.770310 29.646764 -41.332077
v 55.727902 29.646764 -41.332077
v 55.770310 29.681517 -41.402073
v 55.727902 29.681517 -41.402073
v 55.770310 29.707829 -41.479538
v 55.727902 29.707829 -41.479538
v 53.654828 29.679917 -41.556434
v 53.612538 29.679917 -41.556434
v 53.654828 29.643719 -41.625694
v 53.612538 29.643719 -41.625694
v 53.654828 29.587891 -41.680378
v 53.612538 29.587891 -41.680378
v 53.654828 29.517895 -41.715133
v 53.612538 29.517895 -41.715133
v 53.654835 29.434647 -41.721351
v 53.612538 29.434647 -41.721351
v 53.654828 29.450976 -41.222061
v 53.612538 29.450976 -41.222061
v 53.654828 29.522824 -41.240051
v 53.612538 29.522824 -41.240051
v 53.654828 29.592082 -41.276249
v 53.612538 29.592082 -41.276249
v 53.654828 29.646764 -41.332077
v 53.612538 29.646764 -41.332077
v 53.654828 29.681517 -41.402073
v 53.612538 29.681517 -41.402073
v 53.654828 29.707829 -41.479538
v 53.612538 29.707829 -41.479538
v 51.539376 29.679917 -41.556434
v 51.497067 29.679917 -41.556434
v 51.539376 29.643719 -41.625694
v 51.497067 29.643719 -41.625694
v 51.539376 29.587891 -41.680378
v 51.497067 29.587891 -41.680378
v 51.539376 29.517895 -41.715133
v 51.497067 29.517895 -41.715133
v 51.539376 29.434647 -41.721351
v 51.497056 29.434647 -41.721351
v 51.539368 29.450978 -41.222061
v 51.497067 29.450974 -41.222065
v 51.539376 29.522824 -41.240051
v 51.497067 29.522824 -41.240051
v 51.539376 29.592082 -41.276249
v 51.497067 29.592082 -41.276249
v 51.539376 29.646764 -41.332077
v 51.497067 29.646764 -41.332077
v 51.539376 29.681517 -41.402073
v 51.497067 29.681517 -41.402073
v 51.539376 29.707829 -41.479538
v 51.497067 29.707829 -41.479538
v 57.885811 29.650704 -41.546608
v 57.843453 29.650704 -41.546608
v 57.843453 29.666096 -41.479103
v 57.885811 29.666096 -41.479103
v 57.885811 29.618973 -41.607319
v 57.843453 29.618973 -41.607319
v 57.885811 29.570031 -41.655254
v 57.843453 29.570031 -41.655254
v 57.885811 29.508679 -41.685722
v 57.843453 29.508679 -41.685722
v 57.885811 29.435658 -41.690548
v 57.843453 29.435660 -41.690548
v 57.885811 29.449967 -41.252872
v 57.843464 29.449967 -41.252872
v 57.885811 29.512997 -41.269264
v 57.843453 29.512997 -41.269264
v 57.885811 29.573704 -41.300995
v 57.843453 29.573704 -41.300995
v 57.885811 29.621644 -41.349937
v 57.843453 29.621644 -41.349937
v 57.885811 29.652112 -41.411293
v 57.843453 29.652112 -41.411293
v 55.770310 29.650704 -41.546608
v 55.727902 29.650704 -41.546608
v 55.727902 29.666096 -41.479103
v 55.770310 29.666096 -41.479103
v 55.770310 29.618973 -41.607319
v 55.727902 29.618973 -41.607319
v 55.770310 29.570031 -41.655254
v 55.727902 29.570031 -41.655254
v 55.770310 29.508679 -41.685722
v 55.727902 29.508679 -41.685722
v 55.770325 29.435660 -41.690548
v 55.727894 29.435660 -41.690548
v 55.770306 29.449967 -41.252872
v 55.727902 29.449967 -41.252872
v 55.770310 29.512997 -41.269264
v 55.727902 29.512997 -41.269264
v 55.770310 29.573704 -41.300995
v 55.727902 29.573704 -41.300995
v 55.770310 29.621644 -41.349937
v 55.727902 29.621644 -41.349937
v 55.770310 29.652112 -41.411293
v 55.727902 29.652112 -41.411293
v 53.654828 29.650704 -41.546608
v 53.612538 29.650704 -41.546608
v 53.612538 29.666096 -41.479103
v 53.654828 29.666096 -41.479103
v 53.654828 29.618973 -41.607319
v 53.612538 29.618973 -41.607319
v 53.654828 29.570031 -41.655254
v 53.612538 29.570031 -41.655254
v 53.654828 29.508679 -41.685722
v 53.612538 29.508679 -41.685722
v 53.654828 29.435662 -41.690548
v 53.612538 29.435660 -41.690548
v 53.654828 29.449969 -41.252872
v 53.612538 29.449969 -41.252872
v 53.654828 29.512997 -41.269264
v 53.612538 29.512997 -41.269264
v 53.654828 29.573704 -41.300995
v 53.612538 29.573704 -41.300995
v 53.654828 29.621644 -41.349937
v 53.612538 29.621644 -41.349937
v 53.654828 29.652112 -41.411293
v 53.612538 29.652112 -41.411293
v 51.539376 29.650704 -41.546608
v 51.497067 29.650704 -41.546608
v 51.497067 29.666096 -41.479103
v 51.539376 29.666096 -41.479103
v 51.539376 29.618973 -41.607319
v 51.497067 29.618973 -41.607319
v 51.539376 29.570031 -41.655254
v 51.497067 29.570031 -41.655254
v 51.539376 29.508679 -41.685722
v 51.497067 29.508679 -41.685722
v 51.539376 29.435660 -41.690548
v 51.497067 29.435658 -41.690548
v 51.539376 29.449967 -41.252872
v 51.497067 29.449967 -41.252872
v 51.539376 29.512997 -41.269264
v 51.497067 29.512997 -41.269264
v 51.539376 29.573704 -41.300995
v 51.497067 29.573704 -41.300995
v 51.539376 29.621644 -41.349937
v 51.497067 29.621644 -41.349937
v 51.539376 29.652112 -41.411293
v 51.497067 29.652112 -41.411293
v 59.980015 30.617106 -41.455757
v 59.980015 30.617478 -41.488971
v 57.885811 30.617478 -41.488971
v 57.885811 30.617106 -41.455757
v 59.980015 30.617856 -41.522186
v 57.885811 30.617856 -41.522186
v 55.727902 30.617478 -41.488971
v 55.727902 30.617106 -41.455757
v 53.654828 30.617478 -41.488971
v 53.654828 30.617106 -41.455757
v 55.727902 30.617856 -41.522186
v 53.654828 30.617856 -41.522186
v 51.497067 30.617478 -41.488971
v 51.497067 30.617106 -41.455757
v 49.402749 30.617478 -41.488971
v 49.402749 30.617106 -41.455757
v 51.497067 30.617856 -41.522186
v 49.402749 30.617856 -41.522186
v 59.980015 29.729424 -41.479759
v 59.980015 29.712529 -41.512794
v 59.980015 29.823067 -41.513939
v 59.980015 29.822583 -41.480728
v 57.885811 29.712529 -41.512794
v 57.885811 29.823067 -41.513939
v 57.885811 29.729424 -41.479759
v 57.885811 29.822583 -41.480728
v 55.727902 29.712529 -41.512794
v 55.727902 29.729424 -41.479759
v 55.727902 29.823067 -41.513939
v 55.727902 29.822583 -41.480728
v 53.654828 29.712529 -41.512794
v 53.654828 29.823067 -41.513939
v 53.654828 29.729424 -41.479759
v 53.654828 29.822583 -41.480728
v 51.497067 29.712529 -41.512794
v 51.497067 29.729424 -41.479759
v 51.497067 29.823067 -41.513939
v 51.497067 29.822583 -41.480728
v 49.402749 29.712529 -41.512794
v 49.402749 29.823067 -41.513939
v 49.402749 29.729424 -41.479759
v 49.402749 29.822583 -41.480728
v 59.980015 29.713217 -41.446380
v 59.980015 29.822095 -41.447509
v 57.885811 29.713217 -41.446380
v 57.885811 29.822095 -41.447509
v 55.727902 29.713217 -41.446380
v 55.727902 29.822095 -41.447509
v 53.654828 29.713217 -41.446380
v 53.654828 29.822095 -41.447509
v 51.497067 29.713217 -41.446380
v 51.497067 29.822095 -41.447509
v 49.402749 29.713217 -41.446380
v 49.402749 29.822095 -41.447509
v 59.980004 29.202862 -41.541092
v 59.980023 29.236045 -41.611847
v 59.980004 29.289460 -41.668876
v 59.980023 29.357907 -41.706611
v 59.980023 29.373425 -41.231758
v 59.980015 29.302668 -41.264946
v 59.980015 29.245635 -41.318367
v 59.980023 29.207905 -41.386802
v 59.980015 29.158169 -41.462402
v 49.402749 29.202862 -41.541092
v 49.402764 29.236043 -41.611847
v 49.402749 29.289460 -41.668876
v 49.402764 29.357905 -41.706611
v 49.402741 29.373423 -41.231758
v 49.402764 29.302668 -41.264946
v 49.402749 29.245633 -41.318367
v 49.402749 29.207905 -41.386802
v 49.402749 29.158171 -41.462402
v 57.885811 29.202862 -41.541092
v 57.843449 29.202862 -41.541092
v 57.885811 29.236043 -41.611847
v 57.843464 29.236043 -41.611847
v 57.885808 29.289458 -41.668876
v 57.843445 29.289458 -41.668876
v 57.885811 29.357907 -41.706611
v 57.843453 29.357905 -41.706611
v 57.885808 29.373425 -41.231758
v 57.843453 29.373421 -41.231758
v 57.885811 29.302670 -41.264946
v 57.843453 29.302670 -41.264946
v 57.885819 29.245633 -41.318367
v 57.843453 29.245633 -41.318367
v 57.885819 29.207905 -41.386802
v 57.843453 29.207905 -41.386802
v 57.885811 29.158169 -41.462402
v 57.843453 29.158169 -41.462402
v 55.770306 29.202864 -41.541092
v 55.727902 29.202862 -41.541092
v 55.770310 29.236043 -41.611847
v 55.727910 29.236043 -41.611847
v 55.770325 29.289460 -41.668876
v 55.727894 29.289458 -41.668876
v 55.770310 29.357907 -41.706611
v 55.727917 29.357907 -41.706611
v 55.770325 29.373421 -41.231758
v 55.727917 29.373425 -41.231758
v 55.770310 29.302670 -41.264946
v 55.727887 29.302668 -41.264946
v 55.770306 29.245635 -41.318367
v 55.727902 29.245635 -41.318367
v 55.770318 29.207905 -41.386802
v 55.727902 29.207905 -41.386802
v 55.770310 29.158171 -41.462402
v 55.727910 29.158169 -41.462402
v 53.654828 29.202862 -41.541092
v 53.612538 29.202862 -41.541092
v 53.654828 29.236043 -41.611847
v 53.612538 29.236043 -41.611847
v 53.654828 29.289460 -41.668876
v 53.612530 29.289460 -41.668876
v 53.654835 29.357903 -41.706611
v 53.612538 29.357905 -41.706611
v 53.654835 29.373425 -41.231758
v 53.612538 29.373423 -41.231758
v 53.654835 29.302668 -41.264946
v 53.612538 29.302668 -41.264946
v 53.654828 29.245637 -41.318367
v 53.612530 29.245635 -41.318367
v 53.654828 29.207905 -41.386802
v 53.612538 29.207905 -41.386802
v 53.654828 29.158171 -41.462402
v 53.612546 29.158169 -41.462402
v 51.539376 29.202862 -41.541092
v 51.497067 29.202864 -41.541092
v 51.539376 29.236043 -41.611847
v 51.497067 29.236043 -41.611847
v 51.539376 29.289460 -41.668876
v 51.497075 29.289460 -41.668876
v 51.539376 29.357905 -41.706611
v 51.497067 29.357907 -41.706611
v 51.539376 29.373423 -41.231758
v 51.497067 29.373421 -41.231758
v 51.539376 29.302668 -41.264946
v 51.497056 29.302668 -41.264946
v 51.539368 29.245633 -41.318367
v 51.497067 29.245635 -41.318367
v 51.539376 29.207905 -41.386802
v 51.497067 29.207905 -41.386802
v 51.539368 29.158169 -41.462402
v 51.497075 29.158169 -41.462402
v 57.885811 29.232464 -41.532531
v 57.843464 29.232466 -41.532531
v 57.843464 29.199883 -41.463768
v 57.885819 29.199885 -41.463768
v 57.885811 29.261565 -41.594551
v 57.843483 29.261561 -41.594551
v 57.885811 29.308385 -41.644546
v 57.843453 29.308385 -41.644546
v 57.885811 29.368390 -41.677627
v 57.843453 29.368390 -41.677627
v 57.885800 29.381993 -41.261371
v 57.843464 29.381993 -41.261371
v 57.885811 29.319966 -41.290458
v 57.843453 29.319964 -41.290458
v 57.885811 29.269969 -41.337291
v 57.843453 29.269971 -41.337291
v 57.885811 29.236888 -41.397278
v 57.843445 29.236890 -41.397278
v 55.770310 29.232466 -41.532531
v 55.727902 29.232464 -41.532531
v 55.727894 29.199885 -41.463768
v 55.770318 29.199885 -41.463768
v 55.770306 29.261563 -41.594551
v 55.727910 29.261563 -41.594551
v 55.770318 29.308387 -41.644546
v 55.727894 29.308388 -41.644546
v 55.770318 29.368390 -41.677627
v 55.727902 29.368390 -41.677627
v 55.770295 29.381991 -41.261371
v 55.727902 29.381993 -41.261371
v 55.770310 29.319966 -41.290458
v 55.727894 29.319966 -41.290458
v 55.770306 29.269971 -41.337291
v 55.727894 29.269971 -41.337291
v 55.770310 29.236888 -41.397278
v 55.727887 29.236888 -41.397278
v 53.654835 29.232464 -41.532531
v 53.612530 29.232464 -41.532531
v 53.612546 29.199885 -41.463768
v 53.654828 29.199883 -41.463768
v 53.654835 29.261563 -41.594551
v 53.612538 29.261563 -41.594551
v 53.654828 29.308385 -41.644546
v 53.612538 29.308387 -41.644546
v 53.654828 29.368390 -41.677627
v 53.612538 29.368390 -41.677627
v 53.654828 29.381993 -41.261371
v 53.612538 29.381993 -41.261371
v 53.654828 29.319966 -41.290458
v 53.612546 29.319966 -41.290458
v 53.654835 29.269971 -41.337291
v 53.612530 29.269969 -41.337291
v 53.654828 29.236888 -41.397278
v 53.612538 29.236890 -41.397278
v 51.539376 29.232466 -41.532531
v 51.497056 29.232466 -41.532531
v 51.497075 29.199883 -41.463768
v 51.539368 29.199885 -41.463768
v 51.539376 29.261561 -41.594551
v 51.497056 29.261565 -41.594551
v 51.539376 29.308387 -41.644546
v 51.497075 29.308387 -41.644546
v 51.539368 29.368390 -41.677627
v 51.497067 29.368390 -41.677627
v 51.539376 29.381993 -41.261371
v 51.497067 29.381991 -41.261371
v 51.539368 29.319962 -41.290458
v 51.497067 29.319966 -41.290458
v 51.539387 29.269971 -41.337291
v 51.497067 29.269971 -41.337291
v 51.539376 29.236888 -41.397278
v 51.497067 29.236886 -41.397278
v 59.980015 28.250762 -41.399513
v 59.980004 28.248942 -41.432678
v 57.885800 28.248944 -41.432678
v 57.885819 28.250760 -41.399513
v 59.980015 28.247161 -41.465843
v 57.885811 28.247159 -41.465843
v 55.727910 28.248944 -41.432678
v 55.727910 28.250758 -41.399513
v 53.654816 28.248946 -41.432678
v 53.654835 28.250758 -41.399513
v 55.727910 28.247159 -41.465843
v 53.654828 28.247159 -41.465843
v 51.497067 28.248944 -41.432678
v 51.497075 28.250760 -41.399513
v 49.402749 28.248942 -41.432678
v 49.402764 28.250758 -41.399513
v 51.497075 28.247159 -41.465843
v 49.402764 28.247159 -41.465843
v 59.980023 29.136590 -41.461700
v 59.980015 29.152043 -41.495430
v 59.980015 29.041564 -41.491813
v 59.980015 29.043471 -41.458652
v 57.885811 29.152045 -41.495430
v 57.885819 29.041568 -41.491813
v 57.885808 29.136590 -41.461700
v 57.885811 29.043471 -41.458656
v 55.727894 29.152045 -41.495430
v 55.727910 29.136590 -41.461700
v 55.727910 29.041568 -41.491817
v 55.727894 29.043471 -41.458652
v 53.654828 29.152043 -41.495430
v 53.654828 29.041568 -41.491813
v 53.654835 29.136590 -41.461700
v 53.654828 29.043473 -41.458652
v 51.497056 29.152045 -41.495430
v 51.497056 29.136590 -41.461700
v 51.497067 29.041566 -41.491813
v 51.497067 29.043469 -41.458656
v 49.402764 29.152045 -41.495430
v 49.402749 29.041566 -41.491813
v 49.402749 29.136590 -41.461700
v 49.402764 29.043471 -41.458656
v 59.980015 29.154217 -41.429046
v 59.980015 29.045397 -41.425491
v 57.885811 29.154216 -41.429046
v 57.885811 29.045397 -41.425491
v 55.727902 29.154217 -41.429046
v 55.727910 29.045396 -41.425491
v 53.654828 29.154219 -41.429046
v 53.654828 29.045397 -41.425491
v 51.497075 29.154217 -41.429046
v 51.497075 29.045396 -41.425491
v 49.402749 29.154217 -41.429046
v 49.402749 29.045397 -41.425491
v 53.984078 27.531398 -3.559934
v 53.984078 27.531398 -40.583641
v 36.565304 27.531398 -14.124032
v 57.536690 1.310166 -15.788811
v 36.565304 27.531398 -31.500488
v 57.536690 1.310166 -29.525501
v 37.578850 27.531398 -3.559934
v 37.578850 27.531398 -40.583641
v 45.104844 1.310166 -29.218525
v 45.104847 1.310126 -16.051151
v 36.565304 27.531398 -4.421571
v 45.104847 1.310126 -8.971000
v 57.842171 1.310166 -8.971000
v 36.565304 27.531398 -39.870094
v 57.842171 1.310166 -35.288681
v 45.104851 1.310166 -35.288681
v 41.105504 14.420782 -6.752504
v 41.105504 14.420782 -15.173632
v 41.105504 14.420782 -30.255310
v 41.105504 14.420782 -37.519607
v 41.985199 14.420782 -38.138916
v 56.223908 14.420782 -38.138916
v 56.223908 14.420782 -6.004656
v 41.985199 14.420782 -6.004656
v 36.565304 29.246064 -39.870094
v 35.933476 29.647513 -39.882408
v 37.578850 29.246064 -3.559934
v 36.965649 29.647513 -2.811884
v 53.984078 29.246064 -3.559934
v 53.672375 29.647513 -2.811884
v 53.984078 29.246064 -40.583641
v 53.672375 29.647513 -40.610893
v 36.965649 29.647513 -40.610893
v 37.578850 29.246064 -40.583641
v 36.565304 29.246064 -14.124032
v 35.933476 29.647513 -13.597203
v 35.933476 29.647513 -3.691564
v 36.565304 29.246064 -4.421571
v 36.565304 29.246064 -31.500488
v 35.933476 29.647513 -31.337532
v 38.354561 29.246064 -40.153259
v 37.364579 29.246064 -39.461452
v 37.364579 29.246064 -31.292183
v 37.364579 29.246064 -4.839353
v 38.354561 29.246064 -3.990312
v 54.378388 29.246064 -3.990312
v 54.378388 29.246064 -40.153259
v 37.364579 29.246064 -14.325921
v 36.488724 31.302130 -2.248514
v 36.350960 31.302130 -41.166839
v 35.474396 31.302130 -3.206625
v 53.214264 31.302130 -2.355173
v 53.214264 31.302130 -41.067062
v 35.489724 31.302130 -13.187429
v 35.489724 31.302130 -31.823066
v 35.474286 31.302130 -40.469581
v 36.565304 29.246064 -3.948732
v 36.954102 29.246064 -3.559934
v 36.954102 29.246064 -40.583641
v 36.565304 29.246064 -40.194839
v 37.753377 29.246064 -40.153259
v 37.364579 29.246064 -39.764465
v 36.329423 29.647513 -40.610893
v 35.933476 29.647513 -40.213951
v 37.364579 29.246064 -4.379110
v 37.753377 29.246064 -3.990312
v 35.933476 29.647513 -3.208826
v 36.329423 29.647513 -2.811884
v 35.479561 31.302130 -2.746052
v 35.855473 31.302130 -2.316124
v 35.852368 31.302130 -41.109077
v 35.515324 31.302130 -40.724357
v 53.208428 30.838374 -41.478248
v 53.208428 30.838374 -1.944530
v 34.993050 30.838374 -31.779308
v 34.993050 30.838374 -13.224815
v 36.052949 30.756766 -1.944530
v 36.052949 30.749884 -41.478248
v 34.993050 30.823821 -2.864582
v 34.993050 30.823821 -40.716331
v 34.993050 30.830615 -41.072036
v 35.390866 30.805161 -41.478248
v 35.390866 30.807746 -1.944530
v 34.993050 30.831950 -2.350744
v 53.528504 27.889411 -41.433204
v 53.697693 27.531398 -41.117691
v 53.697693 27.531398 -3.025882
v 53.528504 27.889411 -2.710369
v 35.962159 27.531398 -31.783111
v 35.641850 27.885127 -31.933201
v 35.641850 27.880826 -13.759285
v 35.966847 27.531398 -13.887652
v 36.834389 27.589459 -2.861643
v 36.682618 27.924548 -2.710369
v 36.682618 27.896821 -41.433204
v 36.834389 27.531398 -41.281929
v 35.641850 27.912835 -3.611549
v 35.795937 27.589459 -3.752607
v 35.795601 27.531398 -40.544967
v 35.593411 27.896821 -40.631447
v 37.006539 31.265776 -13.522470
v 36.890938 31.502829 -13.508333
v 37.006829 31.265931 -31.424680
v 36.891415 31.502898 -31.441360
v 37.771702 31.270785 -38.840526
v 37.670563 31.506583 -38.943695
v 37.768586 31.268904 -4.736835
v 37.667656 31.506049 -4.635025
v 53.665234 31.278706 -3.573431
v 53.641488 31.500506 -3.464330
v 53.665238 31.281735 -40.004039
v 53.638352 31.499051 -40.108745
v 57.405411 2.621228 -7.294240
v 44.309533 2.621228 -7.294240
v 43.500443 2.621228 -7.982063
v 43.500443 2.621228 -15.727294
v 43.500443 2.621228 -29.598482
v 43.500443 2.621228 -36.279728
v 44.309533 2.621228 -36.849334
v 57.405411 2.621228 -36.849334
v 43.773720 0.501651 -7.818811
v 43.420605 0.501651 -7.218756
v 57.165535 0.501651 -7.818811
v 57.165535 0.501651 -36.446834
v 43.773720 0.501651 -29.843801
v 43.773720 0.501651 -15.520508
v 43.773724 0.501651 -36.446834
v 43.438096 0.501651 -37.016704
v 57.842171 0.620043 -8.971000
v 57.842171 0.620043 -35.288681
v 45.104844 0.620043 -29.218525
v 45.104851 0.620043 -35.288681
v 57.204110 2.621228 -6.855109
v 57.046685 2.359978 -6.681602
v 57.204110 2.621228 -37.288463
v 57.046685 2.359978 -37.461971
v 42.902772 2.621228 -15.510334
v 42.702607 2.381802 -15.463608
v 42.901574 2.621228 -29.856201
v 42.702759 2.380639 -29.911260
v 43.674840 2.621228 -6.722926
v 43.543526 2.331261 -6.683626
v 43.674840 2.621228 -37.420646
v 43.543526 2.331261 -37.459945
v 42.827294 2.621228 -7.427232
v 42.703908 2.371785 -7.397148
v 42.827187 2.621228 -36.839271
v 42.703930 2.371600 -36.869537
v 43.098435 2.387847 -6.679638
v 42.702279 2.384320 -7.074645
v 42.702279 2.384318 -37.068927
v 43.098309 2.387845 -37.463936
v 43.145791 0.501651 -7.594180
v 42.918725 0.714747 -7.508514
v 42.919575 0.708188 -7.192735
v 43.150700 0.501651 -7.293621
v 57.165535 0.501651 -7.025886
v 57.151841 0.715728 -6.797503
v 57.151841 0.715728 -37.346069
v 57.165535 0.501651 -37.117687
v 43.151753 0.501651 -29.843801
v 42.919488 0.708855 -29.851240
v 42.919488 0.708874 -15.514236
v 43.151734 0.501651 -15.520507
v 43.746869 0.715083 -37.346023
v 43.773720 0.501651 -37.117050
v 43.773720 0.501651 -7.026522
v 43.746869 0.715083 -6.797548
v 43.145791 0.501651 -36.671463
v 42.918725 0.714743 -36.757251
v 43.150700 0.501651 -36.849952
v 42.919575 0.708188 -36.950836
v 43.429688 0.501651 -37.117099
v 43.315644 0.711371 -37.345764
v 43.315659 0.711373 -6.797810
v 43.429688 0.501651 -7.026474
v 54.114724 40.536065 -14.040664
v 54.098691 40.536065 -30.910143
v 53.337243 40.748791 -13.294508
v 53.404191 40.846101 -13.358762
v 53.344147 40.725304 -31.618547
v 53.409417 40.824143 -31.557270
v 54.114724 41.012864 -14.040665
v 54.007256 41.084252 -13.937530
v 54.098694 41.008580 -30.910143
v 53.988801 41.078458 -31.013317
v 53.316788 40.210332 -13.276067
v 53.337243 40.255006 -13.294508
v 53.324585 40.185200 -31.635238
v 53.344147 40.230420 -31.618547
v 53.970929 40.210324 -13.591741
v 53.990677 40.255006 -13.609548
v 53.997345 40.230420 -31.303446
v 53.978455 40.185193 -31.319563
v 53.576783 29.246064 -41.343170
v 53.528504 29.143899 -41.433204
v 53.576783 29.246064 -2.800405
v 53.528504 29.143899 -2.710369
v 35.733254 29.246064 -31.890369
v 35.641850 29.145123 -31.933201
v 35.734593 29.246064 -13.795916
v 35.641850 29.146350 -13.759285
v 36.696476 29.246064 -2.817917
v 36.682618 29.133874 -2.710369
v 36.764042 29.246064 -41.356022
v 36.682618 29.133874 -41.433204
v 35.775013 29.246064 -3.634294
v 35.641850 29.137215 -3.611549
v 35.723488 29.246064 -40.614700
v 35.641850 29.137072 -40.686912
v 34.845574 29.246064 -41.298164
v 34.749283 29.030635 -41.337963
v 35.796605 29.246064 -42.189285
v 35.755845 29.030635 -42.285431
v 35.755444 29.246064 -1.956585
v 35.783364 29.125348 -1.855364
v 34.803410 29.246064 -2.788818
v 34.717942 29.113635 -2.796341
v 53.208428 29.749678 -41.478248
v 53.257599 29.647513 -41.386329
v 53.257599 29.647513 -2.036451
v 53.208428 29.749678 -1.944530
v 35.086136 29.647513 -31.735580
v 34.993050 29.748454 -31.779308
v 34.993050 29.747227 -13.224815
v 35.087498 29.647513 -13.262217
v 36.135869 29.647513 -2.023327
v 36.052949 29.759703 -1.944530
v 36.052949 29.759703 -41.478248
v 36.135869 29.647513 -41.399448
v 34.993050 29.756362 -2.864582
v 35.076386 29.647513 -2.937862
v 35.076191 29.647513 -40.642608
v 34.993050 29.756505 -40.716331
v 35.440777 29.647513 -41.379936
v 35.398900 29.743676 -41.478248
v 34.993050 29.743678 -41.063820
v 35.091115 29.647513 -41.022903
v 35.091115 29.647513 -2.399877
v 34.993050 29.743678 -2.358959
v 35.398900 29.743676 -1.944530
v 35.440777 29.647513 -2.042837
v 71.052186 1.310166 -15.788811
v 71.052186 1.310166 -29.525501
v 71.116334 1.310166 -8.971000
v 71.116334 1.310166 -35.288681
v 71.052186 27.531398 -40.583641
v 71.052186 14.420782 -38.138916
v 71.052186 14.420782 -6.004656
v 71.052186 29.246064 -3.990312
v 71.052186 29.647513 -40.171501
v 71.052186 29.246064 -40.153259
v 71.052186 29.246064 -3.559934
v 71.052186 29.647513 -2.811884
v 71.052186 29.647513 -40.610893
v 71.052186 29.246064 -40.583641
v 71.052186 31.302132 -2.355173
v 71.052186 30.838374 -1.944530
v 71.052186 31.302130 -41.067062
v 71.052186 30.838374 -41.478248
v 71.052186 27.892121 -41.433204
v 71.052186 27.531398 -41.120826
v 71.052186 31.278483 -3.573181
v 71.052186 31.500621 -3.464973
v 71.052186 31.282176 -40.003612
v 71.052186 31.499007 -40.108959
v 71.052186 2.621228 -36.849334
v 71.052186 2.621228 -7.294241
v 71.116334 0.501651 -7.818811
v 71.116334 0.620043 -8.971000
v 71.116334 0.501652 -36.446834
v 71.116334 0.620043 -35.288681
v 71.116334 2.621228 -6.850781
v 71.116334 2.357037 -6.681809
v 71.116334 2.621228 -37.292793
v 71.116334 2.357037 -37.461765
v 71.116334 0.501651 -7.025922
v 71.116334 0.715689 -6.797505
v 71.116334 0.715689 -37.346069
v 71.116334 0.501652 -37.117653
v 71.052186 40.536065 -14.036043
v 71.052186 40.536065 -30.898887
v 71.052186 40.746773 -13.294430
v 71.052186 40.844208 -13.358719
v 71.052186 40.821736 -31.556785
v 71.052186 40.723008 -31.618522
v 71.052186 41.083329 -13.932089
v 71.052186 41.012513 -14.036043
v 71.052186 41.008950 -30.898887
v 71.052186 41.078637 -31.002552
v 71.052186 40.207986 -13.591716
v 71.052186 40.252763 -13.609474
v 71.052186 40.228066 -31.303423
v 71.052186 40.182740 -31.319484
v 71.052186 40.207978 -13.276042
v 71.052186 40.182732 -31.635158
v 71.052186 40.252759 -13.294430
v 71.052186 40.228059 -31.618522
v 71.052186 29.246064 -41.344063
v 71.052186 29.143126 -41.433204
v 71.052186 29.143126 -2.710369
v 71.052186 29.246064 -2.799511
v 71.052186 29.750449 -41.478248
v 71.052186 29.647513 -41.387237
v 71.052186 29.647513 -2.035537
v 71.052186 29.750449 -1.944530
v 71.648407 22.336409 -2.735939
v 71.052186 26.983874 -3.666349
v 71.052186 24.793458 -3.004818
v 71.648407 24.862878 -2.723154
v 71.052186 23.642407 -3.008714
v 71.648407 23.852290 -2.728267
v 73.857117 25.231415 -2.723154
v 74.195466 23.651181 -2.728267
v 74.195466 24.711400 -2.723793
v 74.029465 25.853829 -2.721555
v 73.857117 25.231415 -5.179777
v 74.195466 24.711400 -5.180416
v 74.029465 25.853829 -5.178179
v 74.195466 23.651181 -5.184890
v 70.891823 27.371031 -3.591102
v 70.504662 27.531398 -3.559934
v 70.501008 27.531398 -3.022848
v 70.890748 27.369961 -3.021721
v 71.052186 26.980221 -3.019138
v 71.939095 27.692767 -2.711734
v 72.035500 27.941203 -2.710369
v 71.475525 28.294896 -2.710369
v 71.010247 27.946404 -2.710369
v 71.461365 27.803330 -2.710968
v 71.648407 27.455323 -2.712412
v 71.648407 27.948485 -2.710369
v 71.052186 21.865544 -39.605751
v 54.880009 21.865544 -39.605751
v 39.341389 21.865544 -39.605751
v 38.381386 21.865544 -38.929901
v 38.381386 21.865544 -31.002418
v 38.381383 21.865544 -14.543872
v 38.381383 21.865544 -5.353944
v 39.341389 21.865544 -4.537822
v 54.880009 21.865544 -4.537822
v 71.755509 28.118050 -2.710369
v 70.058716 26.761647 -3.613142
v 37.522370 21.865544 -4.160904
v 37.914483 21.865544 -3.763517
v 36.053795 27.589461 -2.742447
v 35.663273 27.589461 -3.140775
v 37.522370 21.865544 -4.615680
v 38.505116 21.865544 -3.763517
v 35.783364 27.924548 -1.855364
v 35.813599 27.720528 -2.246431
v 35.120469 27.869094 -1.855364
v 35.118714 27.674990 -2.046642
v 35.059365 27.720528 -2.899465
v 34.717942 27.912835 -2.796341
v 34.888161 27.674990 -2.286169
v 34.717942 27.869094 -2.273546
v 43.155892 2.621228 -6.641659
v 40.705514 14.420782 -5.295126
v 41.211556 14.420782 -5.295126
v 42.762692 2.621228 -7.036977
v 40.311020 14.420782 -5.691095
v 40.311020 14.420782 -6.076001
v 43.027096 2.621228 -6.129971
v 42.806794 2.331261 -6.004081
v 42.415650 2.621228 -6.222501
v 42.351162 2.387847 -5.999916
v 41.947289 2.371785 -6.749112
v 42.139733 2.621228 -6.850874
v 41.945622 2.384320 -6.412367
v 42.155472 2.621228 -6.498932
v 36.053795 27.531398 -41.401127
v 35.663273 27.531398 -41.002800
v 37.913907 21.865544 -40.380058
v 37.522374 21.865544 -39.982670
v 37.522374 21.865544 -39.674358
v 38.505116 21.865544 -40.380058
v 35.741845 27.697919 -42.131630
v 35.763588 27.896821 -42.251091
v 35.143277 27.697919 -42.171554
v 35.120469 27.896821 -42.288208
v 34.778897 27.896821 -41.299392
v 34.926590 27.697919 -41.260158
v 34.717942 27.896821 -41.870025
v 34.814072 27.697919 -41.806427
v 42.762692 2.621228 -37.106598
v 40.311020 14.420782 -38.452476
v 40.311020 14.420782 -38.201786
v 40.704079 14.420782 -38.848449
v 43.155751 2.621228 -37.501915
v 41.211556 14.420782 -38.848449
v 42.806794 2.331261 -38.139492
v 43.027096 2.621228 -38.013603
v 42.351033 2.387845 -38.143657
v 42.419014 2.621228 -37.912307
v 42.139512 2.621228 -37.420524
v 41.947312 2.371600 -37.523010
v 42.154137 2.621228 -37.645244
v 41.945622 2.384318 -37.731209
v 35.120469 29.069894 -1.855364
v 34.717942 29.069894 -2.273546
v 35.131211 29.246064 -1.937095
v 34.805451 29.246064 -2.284326
v 35.890103 29.246064 -3.202236
v 36.148453 29.246064 -2.950926
v 35.117363 29.030635 -42.300308
v 34.705941 29.030635 -41.870914
v 34.778229 29.246064 -41.807472
v 35.179360 29.246064 -42.225418
v 36.228047 29.246064 -41.248436
v 35.827706 29.246064 -40.861065
v 74.634461 1.310168 -8.971000
v 74.634461 1.310166 -15.788811
v 74.634461 1.310166 -29.525501
v 74.634461 0.620043 -8.971000
v 74.634461 1.310168 -35.288681
v 74.634461 14.420782 -38.138916
v 74.634461 27.531398 -40.583641
v 74.634461 2.621230 -36.849334
v 74.634461 14.420782 -6.004656
v 74.634461 29.647511 -3.251278
v 74.634461 29.246064 -3.990312
v 74.634461 29.647511 -2.811884
v 74.634461 29.246064 -40.153259
v 74.634461 29.246064 -40.583641
v 74.634461 29.246064 -3.559934
v 74.634461 29.647511 -2.035537
v 74.634461 29.647511 -40.610893
v 74.634461 29.246064 -41.344063
v 74.634461 31.500619 -3.464975
v 74.634461 31.302132 -2.355173
v 74.634461 30.838374 -1.944532
v 74.634461 30.838374 -41.478248
v 74.634461 31.302130 -41.067062
v 74.634461 29.750449 -41.478248
v 74.634461 27.531398 -41.120826
v 74.634461 27.892121 -41.433204
v 74.634461 27.892308 -2.710369
v 74.634461 29.143126 -2.710369
v 74.634461 40.207978 -13.276042
v 74.634461 31.278483 -3.573183
v 74.634461 31.499007 -40.108959
v 74.634461 31.282176 -40.003612
v 74.634461 2.621228 -37.292789
v 74.634461 2.621230 -7.294242
v 74.634461 0.501651 -7.025922
v 74.634461 0.501651 -7.818812
v 74.634461 0.620043 -35.288681
v 74.634461 0.501652 -36.446834
v 74.634461 2.621228 -6.850781
v 74.634461 2.357037 -6.681809
v 74.634461 2.357037 -37.461765
v 74.634461 0.715689 -37.346069
v 74.634461 0.715689 -6.797505
v 74.634461 0.501652 -37.117653
v 74.634461 40.536065 -30.898887
v 74.634461 40.536065 -14.036043
v 74.634461 41.008950 -30.898887
v 74.634461 40.844208 -13.358719
v 74.634461 40.746770 -13.294430
v 74.634461 41.083329 -13.932089
v 74.634461 40.723008 -31.618522
v 74.634461 40.821736 -31.556785
v 74.634461 40.228055 -31.618522
v 74.634461 41.012513 -14.036043
v 74.634461 41.078637 -31.002552
v 74.634461 40.252763 -13.609475
v 74.634461 40.207986 -13.591716
v 74.634461 40.252755 -13.294430
v 74.634461 40.182740 -31.319484
v 74.634461 40.228062 -31.303423
v 74.634461 40.182732 -31.635158
v 74.634461 29.143126 -41.433204
v 74.634461 29.246064 -2.799511
v 74.634461 29.647511 -41.387237
v 74.634461 29.750449 -1.944532
v 74.634461 21.865533 -4.782415
v 74.634461 21.833630 -3.107074
v 74.634461 22.336409 -2.735941
v 74.634461 26.113454 -2.719984
v 74.634461 23.212195 -2.730119
v 74.634461 24.711400 -5.180416
v 74.634461 23.651181 -5.184890
v 74.634461 23.212195 -5.186744
v 74.634461 21.865544 -39.605751
v 74.634461 29.139579 -2.710369
v 74.634461 24.729975 -5.180380
v 74.634461 26.113454 -5.176607
v 89.288903 29.679917 -41.556434
v 89.288903 29.643719 -41.625694
v 89.288903 29.587891 -41.680378
v 89.288903 29.517895 -41.715133
v 89.288895 29.434647 -41.721351
v 89.288910 29.450974 -41.222065
v 89.288903 29.522824 -41.240051
v 89.288903 29.592082 -41.276249
v 89.288903 29.646764 -41.332077
v 89.288903 29.681517 -41.402073
v 89.288903 29.707829 -41.479538
v 99.866166 29.679917 -41.556434
v 99.866166 29.643719 -41.625694
v 99.866166 29.587891 -41.680378
v 99.866166 29.517895 -41.715133
v 99.866166 29.434649 -41.721351
v 99.866150 29.450976 -41.222061
v 99.866166 29.522824 -41.240051
v 99.866166 29.592082 -41.276249
v 99.866166 29.646764 -41.332077
v 99.866166 29.681517 -41.402073
v 99.866166 29.707829 -41.479538
v 89.288903 29.442813 -41.471710
v 99.866150 29.442811 -41.471710
v 91.383103 29.679917 -41.556434
v 91.425461 29.679917 -41.556434
v 91.383103 29.643719 -41.625694
v 91.425461 29.643719 -41.625694
v 91.383103 29.587891 -41.680378
v 91.425461 29.587891 -41.680378
v 91.383103 29.517895 -41.715133
v 91.425461 29.517895 -41.715133
v 91.383103 29.434649 -41.721351
v 91.425469 29.434649 -41.721351
v 91.383103 29.450976 -41.222061
v 91.425461 29.450974 -41.222061
v 91.383103 29.522824 -41.240051
v 91.425461 29.522824 -41.240051
v 91.383103 29.592082 -41.276249
v 91.425461 29.592082 -41.276249
v 91.383103 29.646764 -41.332077
v 91.425461 29.646764 -41.332077
v 91.383103 29.681517 -41.402073
v 91.425461 29.681517 -41.402073
v 91.383103 29.707829 -41.479538
v 91.425461 29.707829 -41.479538
v 93.498604 29.679917 -41.556434
v 93.541016 29.679917 -41.556434
v 93.498604 29.643719 -41.625694
v 93.541016 29.643719 -41.625694
v 93.498604 29.587891 -41.680378
v 93.541016 29.587891 -41.680378
v 93.498604 29.517895 -41.715133
v 93.541016 29.517895 -41.715133
v 93.498604 29.434647 -41.721351
v 93.541016 29.434649 -41.721351
v 93.498604 29.450976 -41.222061
v 93.541024 29.450974 -41.222065
v 93.498604 29.522824 -41.240051
v 93.541016 29.522824 -41.240051
v 93.498604 29.592082 -41.276249
v 93.541016 29.592082 -41.276249
v 93.498604 29.646764 -41.332077
v 93.541016 29.646764 -41.332077
v 93.498604 29.681517 -41.402073
v 93.541016 29.681517 -41.402073
v 93.498604 29.707829 -41.479538
v 93.541016 29.707829 -41.479538
v 95.614090 29.679917 -41.556434
v 95.656380 29.679917 -41.556434
v 95.614090 29.643719 -41.625694
v 95.656380 29.643719 -41.625694
v 95.614090 29.587891 -41.680378
v 95.656380 29.587891 -41.680378
v 95.614090 29.517895 -41.715133
v 95.656380 29.517895 -41.715133
v 95.614083 29.434647 -41.721351
v 95.656380 29.434647 -41.721351
v 95.614090 29.450976 -41.222061
v 95.656380 29.450976 -41.222061
v 95.614090 29.522824 -41.240051
v 95.656380 29.522824 -41.240051
v 95.614090 29.592082 -41.276249
v 95.656380 29.592082 -41.276249
v 95.614090 29.646764 -41.332077
v 95.656380 29.646764 -41.332077
v 95.614090 29.681517 -41.402073
v 95.656380 29.681517 -41.402073
v 95.614090 29.707829 -41.479538
v 95.656380 29.707829 -41.479538
v 97.729538 29.679917 -41.556434
v 97.771851 29.679917 -41.556434
v 97.729538 29.643719 -41.625694
v 97.771851 29.643719 -41.625694
v 97.729538 29.587891 -41.680378
v 97.771851 29.587891 -41.680378
v 97.729538 29.517895 -41.715133
v 97.771851 29.517895 -41.715133
v 97.729538 29.434647 -41.721351
v 97.771859 29.434647 -41.721351
v 97.729546 29.450978 -41.222061
v 97.771851 29.450974 -41.222065
v 97.729538 29.522824 -41.240051
v 97.771851 29.522824 -41.240051
v 97.729538 29.592082 -41.276249
v 97.771851 29.592082 -41.276249
v 97.729538 29.646764 -41.332077
v 97.771851 29.646764 -41.332077
v 97.729538 29.681517 -41.402073
v 97.771851 29.681517 -41.402073
v 97.729538 29.707829 -41.479538
v 97.771851 29.707829 -41.479538
v 91.383103 29.650704 -41.546608
v 91.425461 29.650704 -41.546608
v 91.425461 29.666096 -41.479103
v 91.383103 29.666096 -41.479103
v 91.383103 29.618973 -41.607319
v 91.425461 29.618973 -41.607319
v 91.383103 29.570031 -41.655254
v 91.425461 29.570031 -41.655254
v 91.383103 29.508679 -41.685722
v 91.425461 29.508679 -41.685722
v 91.383103 29.435658 -41.690548
v 91.425461 29.435660 -41.690548
v 91.383103 29.449967 -41.252872
v 91.425454 29.449967 -41.252872
v 91.383103 29.512997 -41.269264
v 91.425461 29.512997 -41.269264
v 91.383103 29.573704 -41.300995
v 91.425461 29.573704 -41.300995
v 91.383103 29.621644 -41.349937
v 91.425461 29.621644 -41.349937
v 91.383103 29.652112 -41.411293
v 91.425461 29.652112 -41.411293
v 93.498604 29.650704 -41.546608
v 93.541016 29.650704 -41.546608
v 93.541016 29.666096 -41.479103
v 93.498604 29.666096 -41.479103
v 93.498604 29.618973 -41.607319
v 93.541016 29.618973 -41.607319
v 93.498604 29.570031 -41.655254
v 93.541016 29.570031 -41.655254
v 93.498604 29.508679 -41.685722
v 93.541016 29.508679 -41.685722
v 93.498589 29.435660 -41.690548
v 93.541024 29.435660 -41.690548
v 93.498612 29.449967 -41.252872
v 93.541016 29.449967 -41.252872
v 93.498604 29.512997 -41.269264
v 93.541016 29.512997 -41.269264
v 93.498604 29.573704 -41.300995
v 93.541016 29.573704 -41.300995
v 93.498604 29.621644 -41.349937
v 93.541016 29.621644 -41.349937
v 93.498604 29.652112 -41.411293
v 93.541016 29.652112 -41.411293
v 95.614090 29.650704 -41.546608
v 95.656380 29.650704 -41.546608
v 95.656380 29.666096 -41.479103
v 95.614090 29.666096 -41.479103
v 95.614090 29.618973 -41.607319
v 95.656380 29.618973 -41.607319
v 95.614090 29.570031 -41.655254
v 95.656380 29.570031 -41.655254
v 95.614090 29.508679 -41.685722
v 95.656380 29.508679 -41.685722
v 95.614090 29.435662 -41.690548
v 95.656380 29.435660 -41.690548
v 95.614090 29.449969 -41.252872
v 95.656380 29.449969 -41.252872
v 95.614090 29.512997 -41.269264
v 95.656380 29.512997 -41.269264
v 95.614090 29.573704 -41.300995
v 95.656380 29.573704 -41.300995
v 95.614090 29.621644 -41.349937
v 95.656380 29.621644 -41.349937
v 95.614090 29.652112 -41.411293
v 95.656380 29.652112 -41.411293
v 97.729538 29.650704 -41.546608
v 97.771851 29.650704 -41.546608
v 97.771851 29.666096 -41.479103
v 97.729538 29.666096 -41.479103
v 97.729538 29.618973 -41.607319
v 97.771851 29.618973 -41.607319
v 97.729538 29.570031 -41.655254
v 97.771851 29.570031 -41.655254
v 97.729538 29.508679 -41.685722
v 97.771851 29.508679 -41.685722
v 97.729538 29.435660 -41.690548
v 97.771851 29.435658 -41.690548
v 97.729538 29.449967 -41.252872
v 97.771851 29.449967 -41.252872
v 97.729538 29.512997 -41.269264
v 97.771851 29.512997 -41.269264
v 97.729538 29.573704 -41.300995
v 97.771851 29.573704 -41.300995
v 97.729538 29.621644 -41.349937
v 97.771851 29.621644 -41.349937
v 97.729538 29.652112 -41.411293
v 97.771851 29.652112 -41.411293
v 89.288903 30.617106 -41.455757
v 89.288903 30.617478 -41.488971
v 91.383103 30.617478 -41.488971
v 91.383103 30.617106 -41.455757
v 89.288903 30.617856 -41.522186
v 91.383103 30.617856 -41.522186
v 93.541016 30.617478 -41.488971
v 93.541016 30.617106 -41.455757
v 95.614090 30.617478 -41.488971
v 95.614090 30.617106 -41.455757
v 93.541016 30.617856 -41.522186
v 95.614090 30.617856 -41.522186
v 97.771851 30.617478 -41.488971
v 97.771851 30.617106 -41.455757
v 99.866166 30.617478 -41.488971
v 99.866166 30.617106 -41.455757
v 97.771851 30.617856 -41.522186
v 99.866166 30.617856 -41.522186
v 89.288903 29.729424 -41.479759
v 89.288903 29.712529 -41.512794
v 89.288903 29.823067 -41.513939
v 89.288903 29.822583 -41.480728
v 91.383103 29.712529 -41.512794
v 91.383103 29.823067 -41.513939
v 91.383103 29.729424 -41.479759
v 91.383103 29.822583 -41.480728
v 93.541016 29.712529 -41.512794
v 93.541016 29.729424 -41.479759
v 93.541016 29.823067 -41.513939
v 93.541016 29.822583 -41.480728
v 95.614090 29.712529 -41.512794
v 95.614090 29.823067 -41.513939
v 95.614090 29.729424 -41.479759
v 95.614090 29.822583 -41.480728
v 97.771851 29.712529 -41.512794
v 97.771851 29.729424 -41.479759
v 97.771851 29.823067 -41.513939
v 97.771851 29.822583 -41.480728
v 99.866166 29.712529 -41.512794
v 99.866166 29.823067 -41.513939
v 99.866166 29.729424 -41.479759
v 99.866166 29.822583 -41.480728
v 89.288903 29.713217 -41.446380
v 89.288903 29.822095 -41.447509
v 91.383103 29.713217 -41.446380
v 91.383103 29.822095 -41.447509
v 93.541016 29.713217 -41.446380
v 93.541016 29.822095 -41.447509
v 95.614090 29.713217 -41.446380
v 95.614090 29.822095 -41.447509
v 97.771851 29.713217 -41.446380
v 97.771851 29.822095 -41.447509
v 99.866166 29.713217 -41.446380
v 99.866166 29.822095 -41.447509
v 89.288910 29.202862 -41.541092
v 89.288895 29.236045 -41.611847
v 89.288910 29.289460 -41.668876
v 89.288895 29.357907 -41.706611
v 89.288895 29.373425 -41.231758
v 89.288903 29.302668 -41.264946
v 89.288903 29.245635 -41.318367
v 89.288895 29.207905 -41.386802
v 89.288903 29.158169 -41.462402
v 99.866166 29.202862 -41.541092
v 99.866150 29.236043 -41.611847
v 99.866166 29.289460 -41.668876
v 99.866150 29.357905 -41.706611
v 99.866173 29.373423 -41.231758
v 99.866150 29.302668 -41.264946
v 99.866166 29.245633 -41.318367
v 99.866166 29.207905 -41.386802
v 99.866166 29.158171 -41.462402
v 91.383103 29.202862 -41.541092
v 91.425469 29.202862 -41.541092
v 91.383103 29.236043 -41.611847
v 91.425454 29.236043 -41.611847
v 91.383111 29.289458 -41.668876
v 91.425477 29.289458 -41.668876
v 91.383103 29.357907 -41.706611
v 91.425461 29.357905 -41.706611
v 91.383111 29.373425 -41.231758
v 91.425461 29.373421 -41.231758
v 91.383103 29.302670 -41.264946
v 91.425461 29.302670 -41.264946
v 91.383103 29.245633 -41.318367
v 91.425461 29.245633 -41.318367
v 91.383103 29.207905 -41.386802
v 91.425461 29.207905 -41.386802
v 91.383103 29.158169 -41.462402
v 91.425461 29.158169 -41.462402
v 93.498612 29.202864 -41.541092
v 93.541016 29.202862 -41.541092
v 93.498604 29.236043 -41.611847
v 93.541009 29.236043 -41.611847
v 93.498589 29.289460 -41.668876
v 93.541024 29.289458 -41.668876
v 93.498604 29.357907 -41.706611
v 93.541001 29.357907 -41.706611
v 93.498589 29.373421 -41.231758
v 93.541001 29.373425 -41.231758
v 93.498604 29.302670 -41.264946
v 93.541031 29.302668 -41.264946
v 93.498612 29.245635 -41.318367
v 93.541016 29.245635 -41.318367
v 93.498597 29.207905 -41.386802
v 93.541016 29.207905 -41.386802
v 93.498604 29.158171 -41.462402
v 93.541009 29.158169 -41.462402
v 95.614090 29.202862 -41.541092
v 95.656380 29.202862 -41.541092
v 95.614090 29.236043 -41.611847
v 95.656380 29.236043 -41.611847
v 95.614090 29.289460 -41.668876
v 95.656388 29.289460 -41.668876
v 95.614083 29.357903 -41.706611
v 95.656380 29.357905 -41.706611
v 95.614083 29.373425 -41.231758
v 95.656380 29.373423 -41.231758
v 95.614083 29.302668 -41.264946
v 95.656380 29.302668 -41.264946
v 95.614090 29.245637 -41.318367
v 95.656388 29.245635 -41.318367
v 95.614090 29.207905 -41.386802
v 95.656380 29.207905 -41.386802
v 95.614090 29.158171 -41.462402
v 95.656373 29.158169 -41.462402
v 97.729538 29.202862 -41.541092
v 97.771851 29.202864 -41.541092
v 97.729538 29.236043 -41.611847
v 97.771851 29.236043 -41.611847
v 97.729538 29.289460 -41.668876
v 97.771843 29.289460 -41.668876
v 97.729538 29.357905 -41.706611
v 97.771851 29.357907 -41.706611
v 97.729538 29.373423 -41.231758
v 97.771851 29.373421 -41.231758
v 97.729538 29.302668 -41.264946
v 97.771859 29.302668 -41.264946
v 97.729546 29.245633 -41.318367
v 97.771851 29.245635 -41.318367
v 97.729538 29.207905 -41.386802
v 97.771851 29.207905 -41.386802
v 97.729546 29.158169 -41.462402
v 97.771843 29.158169 -41.462402
v 91.383103 29.232464 -41.532531
v 91.425454 29.232466 -41.532531
v 91.425454 29.199883 -41.463768
v 91.383103 29.199885 -41.463768
v 91.383103 29.261565 -41.594551
v 91.425431 29.261561 -41.594551
v 91.383103 29.308385 -41.644546
v 91.425461 29.308385 -41.644546
v 91.383103 29.368390 -41.677627
v 91.425461 29.368390 -41.677627
v 91.383118 29.381993 -41.261371
v 91.425454 29.381993 -41.261371
v 91.383103 29.319966 -41.290458
v 91.425461 29.319964 -41.290458
v 91.383103 29.269969 -41.337291
v 91.425461 29.269971 -41.337291
v 91.383103 29.236888 -41.397278
v 91.425477 29.236890 -41.397278
v 93.498604 29.232466 -41.532531
v 93.541016 29.232464 -41.532531
v 93.541024 29.199885 -41.463768
v 93.498597 29.199885 -41.463768
v 93.498612 29.261563 -41.594551
v 93.541009 29.261563 -41.594551
v 93.498597 29.308387 -41.644546
v 93.541024 29.308388 -41.644546
v 93.498597 29.368390 -41.677627
v 93.541016 29.368390 -41.677627
v 93.498620 29.381991 -41.261371
v 93.541016 29.381993 -41.261371
v 93.498604 29.319966 -41.290458
v 93.541024 29.319966 -41.290458
v 93.498612 29.269971 -41.337291
v 93.541024 29.269971 -41.337291
v 93.498604 29.236888 -41.397278
v 93.541031 29.236888 -41.397278
v 95.614083 29.232464 -41.532531
v 95.656388 29.232464 -41.532531
v 95.656373 29.199885 -41.463768
v 95.614090 29.199883 -41.463768
v 95.614083 29.261563 -41.594551
v 95.656380 29.261563 -41.594551
v 95.614090 29.308385 -41.644546
v 95.656380 29.308387 -41.644546
v 95.614090 29.368390 -41.677627
v 95.656380 29.368390 -41.677627
v 95.614090 29.381993 -41.261371
v 95.656380 29.381993 -41.261371
v 95.614090 29.319966 -41.290458
v 95.656373 29.319966 -41.290458
v 95.614083 29.269971 -41.337291
v 95.656388 29.269969 -41.337291
v 95.614090 29.236888 -41.397278
v 95.656380 29.236890 -41.397278
v 97.729538 29.232466 -41.532531
v 97.771859 29.232466 -41.532531
v 97.771843 29.199883 -41.463768
v 97.729546 29.199885 -41.463768
v 97.729538 29.261561 -41.594551
v 97.771859 29.261565 -41.594551
v 97.729538 29.308387 -41.644546
v 97.771843 29.308387 -41.644546
v 97.729546 29.368390 -41.677627
v 97.771851 29.368390 -41.677627
v 97.729538 29.381993 -41.261371
v 97.771851 29.381991 -41.261371
v 97.729546 29.319962 -41.290458
v 97.771851 29.319966 -41.290458
v 97.729531 29.269971 -41.337291
v 97.771851 29.269971 -41.337291
v 97.729538 29.236888 -41.397278
v 97.771851 29.236886 -41.397278
v 89.288903 28.250762 -41.399513
v 89.288910 28.248942 -41.432678
v 91.383118 28.248944 -41.432678
v 91.383103 28.250760 -41.399513
v 89.288903 28.247161 -41.465843
v 91.383103 28.247159 -41.465843
v 93.541009 28.248944 -41.432678
v 93.541009 28.250758 -41.399513
v 95.614098 28.248946 -41.432678
v 95.614083 28.250758 -41.399513
v 93.541009 28.247159 -41.465843
v 95.614090 28.247159 -41.465843
v 97.771851 28.248944 -41.432678
v 97.771843 28.250760 -41.399513
v 99.866166 28.248942 -41.432678
v 99.866150 28.250758 -41.399513
v 97.771843 28.247159 -41.465843
v 99.866150 28.247159 -41.465843
v 89.288895 29.136590 -41.461700
v 89.288903 29.152043 -41.495430
v 89.288903 29.041564 -41.491813
v 89.288903 29.043471 -41.458652
v 91.383103 29.152045 -41.495430
v 91.383103 29.041568 -41.491813
v 91.383111 29.136590 -41.461700
v 91.383103 29.043471 -41.458656
v 93.541024 29.152045 -41.495430
v 93.541009 29.136590 -41.461700
v 93.541009 29.041568 -41.491817
v 93.541024 29.043471 -41.458652
v 95.614090 29.152043 -41.495430
v 95.614090 29.041568 -41.491813
v 95.614083 29.136590 -41.461700
v 95.614090 29.043473 -41.458652
v 97.771859 29.152045 -41.495430
v 97.771859 29.136590 -41.461700
v 97.771851 29.041566 -41.491813
v 97.771851 29.043469 -41.458656
v 99.866150 29.152045 -41.495430
v 99.866166 29.041566 -41.491813
v 99.866166 29.136590 -41.461700
v 99.866150 29.043471 -41.458656
v 89.288903 29.154217 -41.429046
v 89.288903 29.045397 -41.425491
v 91.383103 29.154216 -41.429046
v 91.383103 29.045397 -41.425491
v 93.541016 29.154217 -41.429046
v 93.541009 29.045396 -41.425491
v 95.614090 29.154219 -41.429046
v 95.614090 29.045397 -41.425491
v 97.771843 29.154217 -41.429046
v 97.771843 29.045396 -41.425491
v 99.866166 29.154217 -41.429046
v 99.866166 29.045397 -41.425491
v 95.284836 27.531398 -3.559934
v 95.284836 27.531398 -40.583641
v 112.703614 27.531398 -14.124032
v 91.732224 1.310166 -15.788811
v 112.703614 27.531398 -31.500488
v 91.732224 1.310166 -29.525501
v 111.690064 27.531398 -3.559934
v 111.690064 27.531398 -40.583641
v 104.164071 1.310166 -29.218525
v 104.164071 1.310166 -16.051151
v 112.703614 27.531398 -4.421571
v 104.164071 1.310166 -8.971000
v 91.426743 1.310166 -8.971000
v 112.703614 27.531398 -39.870094
v 91.426743 1.310166 -35.288681
v 104.164063 1.310166 -35.288681
v 108.163415 14.420782 -6.752504
v 108.163415 14.420782 -15.173632
v 108.163415 14.420782 -30.255310
v 108.163415 14.420782 -37.519607
v 107.283722 14.420782 -38.138916
v 93.045014 14.420782 -38.138916
v 93.045014 14.420782 -6.004656
v 107.283722 14.420782 -6.004656
v 112.703614 29.246064 -39.870094
v 113.335442 29.647513 -39.882408
v 111.690064 29.246064 -3.559934
v 112.303269 29.647513 -2.811884
v 95.284836 29.246064 -3.559934
v 95.596543 29.647513 -2.811884
v 95.284836 29.246064 -40.583641
v 95.596543 29.647513 -40.610893
v 112.303269 29.647513 -40.610893
v 111.690064 29.246064 -40.583641
v 112.703614 29.246064 -14.124032
v 113.335442 29.647513 -13.597203
v 113.335442 29.647513 -3.691564
v 112.703614 29.246064 -4.421571
v 112.703614 29.246064 -31.500488
v 113.335442 29.647513 -31.337532
v 111.513299 29.647513 -40.171501
v 110.914353 29.246064 -40.153259
v 111.904343 29.246064 -39.436180
v 112.521477 29.647511 -39.445541
v 111.904343 29.246064 -31.261438
v 112.521477 29.647513 -31.105652
v 112.521477 29.647513 -4.101482
v 111.904343 29.246064 -4.837465
v 110.914353 29.246064 -3.990312
v 111.513299 29.647513 -3.251276
v 94.890534 29.246064 -3.990312
v 95.194985 29.647513 -3.251276
v 94.890534 29.246064 -40.153259
v 95.194985 29.647513 -40.171501
v 111.904343 29.246064 -14.342813
v 112.521477 29.647513 -13.823469
v 112.780198 31.302130 -2.248514
v 112.917954 31.302130 -41.166839
v 113.794526 31.302130 -3.206625
v 96.054650 31.302130 -2.355173
v 96.054650 31.302130 -41.067062
v 113.779191 31.302130 -13.187429
v 113.779191 31.302130 -31.823066
v 113.794632 31.302130 -40.469581
v 112.703614 29.246064 -3.948732
v 112.314820 29.246064 -3.559934
v 112.314820 29.246064 -40.583641
v 112.703614 29.246064 -40.194839
v 111.515542 29.246064 -40.153259
v 111.904343 29.246064 -39.764465
v 112.939499 29.647513 -40.610893
v 113.335442 29.647513 -40.213951
v 112.125535 29.647513 -40.171501
v 112.521477 29.647513 -39.774559
v 111.904343 29.246064 -4.379110
v 111.515542 29.246064 -3.990312
v 113.335442 29.647513 -3.208826
v 112.939499 29.647513 -2.811884
v 112.521477 29.647513 -3.648214
v 112.125535 29.647513 -3.251276
v 113.789353 31.302130 -2.746052
v 113.413445 31.302130 -2.316124
v 113.416550 31.302130 -41.109077
v 113.753594 31.302130 -40.724357
v 96.060486 30.838374 -41.478248
v 96.060486 30.838374 -1.944530
v 114.275864 30.838374 -31.779308
v 114.275864 30.838374 -13.224815
v 113.215973 30.756766 -1.944530
v 113.215973 30.749884 -41.478248
v 114.275864 30.823821 -2.864582
v 114.275864 30.823821 -40.716331
v 114.275864 30.830615 -41.072036
v 113.878052 30.805161 -41.478248
v 113.878052 30.807746 -1.944530
v 114.275864 30.831950 -2.350744
v 95.740418 27.889411 -41.433204
v 95.571221 27.531398 -41.117691
v 95.571221 27.531398 -3.025882
v 95.740418 27.889411 -2.710369
v 113.306763 27.531398 -31.783111
v 113.627068 27.885127 -31.933201
v 113.627068 27.880826 -13.759285
v 113.302071 27.531398 -13.887652
v 112.434525 27.589459 -2.861643
v 112.586304 27.924548 -2.710369
v 112.586304 27.896821 -41.433204
v 112.434525 27.531398 -41.281929
v 113.627068 27.912835 -3.611549
v 113.472977 27.589459 -3.752607
v 113.473313 27.531398 -40.544967
v 113.675507 27.896821 -40.631447
v 112.262375 31.265773 -13.522470
v 112.377976 31.502829 -13.508333
v 112.262085 31.265927 -31.424680
v 112.377503 31.502898 -31.441360
v 111.497216 31.270789 -38.840526
v 111.598359 31.506583 -38.943695
v 111.500336 31.268904 -4.736835
v 111.601265 31.506049 -4.635025
v 95.603684 31.278706 -3.573431
v 95.627427 31.500506 -3.464330
v 95.603684 31.281739 -40.004039
v 95.630570 31.499051 -40.108745
v 91.863511 2.621228 -7.294240
v 104.959382 2.621228 -7.294240
v 105.768479 2.621228 -7.982063
v 105.768479 2.621228 -15.727294
v 105.768479 2.621228 -29.598482
v 105.768479 2.621228 -36.279728
v 104.959382 2.621228 -36.849334
v 91.863511 2.621228 -36.849334
v 105.495194 0.501651 -7.818811
v 105.848313 0.501651 -7.218756
v 92.103379 0.501651 -7.818811
v 92.103379 0.501651 -36.446834
v 105.495194 0.501651 -29.843801
v 105.495194 0.501651 -15.520508
v 105.495194 0.501651 -36.446834
v 105.830819 0.501651 -37.016704
v 91.426743 0.620043 -8.971000
v 91.426743 0.620043 -35.288681
v 104.164071 0.620043 -29.218525
v 104.164071 0.620043 -16.051151
v 104.164063 0.620043 -35.288681
v 104.164071 0.620043 -8.971000
v 92.064805 2.621228 -6.855109
v 92.222230 2.359978 -6.681602
v 92.064805 2.621228 -37.288463
v 92.222230 2.359978 -37.461971
v 106.366150 2.621228 -15.510334
v 106.566315 2.381802 -15.463608
v 106.367341 2.621228 -29.856201
v 106.566163 2.380639 -29.911260
v 105.594079 2.621228 -6.722926
v 105.725388 2.331261 -6.683626
v 105.594079 2.621228 -37.420646
v 105.725388 2.331261 -37.459945
v 106.441620 2.621228 -7.427232
v 106.565011 2.371785 -7.397148
v 106.441727 2.621228 -36.839271
v 106.564988 2.371600 -36.869537
v 106.170487 2.387847 -6.679638
v 106.566636 2.384320 -7.074645
v 106.566636 2.384318 -37.068927
v 106.170609 2.387845 -37.463936
v 106.123124 0.501651 -7.594180
v 106.350190 0.714747 -7.508514
v 106.349343 0.708188 -7.192735
v 106.118218 0.501651 -7.293621
v 92.103379 0.501651 -7.025886
v 92.117074 0.715728 -6.797503
v 92.117074 0.715728 -37.346069
v 92.103379 0.501651 -37.117687
v 106.117165 0.501651 -29.843801
v 106.349427 0.708855 -29.851240
v 106.349427 0.708874 -15.514236
v 106.117188 0.501651 -15.520507
v 105.522049 0.715083 -37.346023
v 105.495194 0.501651 -37.117050
v 105.495194 0.501651 -7.026522
v 105.522049 0.715083 -6.797548
v 106.123124 0.501651 -36.671463
v 106.350190 0.714743 -36.757251
v 106.118218 0.501651 -36.849952
v 106.349343 0.708188 -36.950836
v 105.839234 0.501651 -37.117099
v 105.953270 0.711371 -37.345764
v 105.953255 0.711373 -6.797810
v 105.839234 0.501651 -7.026474
v 95.154191 40.536065 -14.040664
v 95.170228 40.536065 -30.910143
v 95.931672 40.748791 -13.294508
v 95.864731 40.846101 -13.358762
v 95.924775 40.725304 -31.618547
v 95.859498 40.824143 -31.557270
v 95.154191 41.012864 -14.040665
v 95.261658 41.084252 -13.937530
v 95.170228 41.008580 -30.910143
v 95.280121 41.078458 -31.013317
v 95.952134 40.210328 -13.276067
v 95.931672 40.255006 -13.294508
v 95.944336 40.185200 -31.635238
v 95.924775 40.230420 -31.618547
v 95.297989 40.210324 -13.591741
v 95.278245 40.255006 -13.609548
v 95.271576 40.230420 -31.303446
v 95.290467 40.185193 -31.319563
v 95.692132 29.246064 -41.343170
v 95.740418 29.143899 -41.433204
v 95.692132 29.246064 -2.800405
v 95.740418 29.143899 -2.710369
v 113.535660 29.246064 -31.890369
v 113.627068 29.145123 -31.933201
v 113.534325 29.246064 -13.795916
v 113.627068 29.146350 -13.759285
v 112.572442 29.246064 -2.817917
v 112.586304 29.133874 -2.710369
v 112.504876 29.246064 -41.356022
v 112.586304 29.133874 -41.433204
v 113.493905 29.246064 -3.634294
v 113.627068 29.137215 -3.611549
v 113.545426 29.246064 -40.614700
v 113.627068 29.137072 -40.686912
v 114.423340 29.246064 -41.298164
v 114.519639 29.030635 -41.337963
v 113.472313 29.246064 -42.189285
v 113.513077 29.030635 -42.285431
v 113.513474 29.246064 -1.956585
v 113.485550 29.125348 -1.855364
v 114.465508 29.246064 -2.788818
v 114.550980 29.113635 -2.796341
v 96.060486 29.749678 -41.478248
v 96.011323 29.647513 -41.386329
v 96.011323 29.647513 -2.036451
v 96.060486 29.749678 -1.944530
v 114.182786 29.647513 -31.735580
v 114.275864 29.748454 -31.779308
v 114.275864 29.747227 -13.224815
v 114.181420 29.647513 -13.262217
v 113.133050 29.647513 -2.023327
v 113.215973 29.759703 -1.944530
v 113.215973 29.759703 -41.478248
v 113.133050 29.647513 -41.399448
v 114.275864 29.756362 -2.864582
v 114.192536 29.647513 -2.937862
v 114.192727 29.647513 -40.642608
v 114.275864 29.756505 -40.716331
v 113.828141 29.647513 -41.379936
v 113.870019 29.743676 -41.478248
v 114.275864 29.743678 -41.063820
v 114.177804 29.647513 -41.022903
v 114.177804 29.647513 -2.399877
v 114.275864 29.743678 -2.358959
v 113.870019 29.743676 -1.944530
v 113.828141 29.647513 -2.042837
v 78.216729 1.310166 -15.788811
v 78.216729 1.310166 -29.525501
v 78.152588 1.310166 -8.971000
v 78.152588 1.310166 -35.288681
v 78.216729 27.531398 -40.583641
v 78.216729 14.420782 -38.138916
v 78.216729 14.420782 -6.004656
v 78.216729 29.246064 -3.990312
v 78.216729 29.647513 -3.251276
v 78.216729 29.246064 -40.153259
v 78.216729 29.246064 -3.559934
v 78.216729 29.647513 -2.811884
v 78.216729 29.647513 -40.610893
v 78.216729 29.246064 -40.583641
v 78.216729 31.302132 -2.355173
v 78.216729 30.838374 -1.944530
v 78.216729 31.302130 -41.067062
v 78.216729 30.838374 -41.478248
v 78.216729 27.892121 -41.433204
v 78.216729 27.531398 -41.120826
v 78.216729 31.278483 -3.573181
v 78.216729 31.500621 -3.464973
v 78.216729 31.282176 -40.003612
v 78.216729 31.499007 -40.108959
v 78.216729 2.621228 -36.849334
v 78.216729 2.621228 -7.294241
v 78.152588 0.501651 -7.818811
v 78.152588 0.620043 -8.971000
v 78.152588 0.501652 -36.446834
v 78.152588 0.620043 -35.288681
v 78.152588 2.621228 -6.850781
v 78.152588 2.357037 -6.681809
v 78.152588 2.621228 -37.292793
v 78.152588 2.357037 -37.461765
v 78.152588 0.501651 -7.025922
v 78.152588 0.715689 -6.797505
v 78.152588 0.715689 -37.346069
v 78.152588 0.501652 -37.117653
v 78.216729 40.536065 -14.036043
v 78.216729 40.536065 -30.898887
v 78.216729 40.746773 -13.294430
v 78.216729 40.844208 -13.358719
v 78.216729 40.821736 -31.556785
v 78.216729 40.723008 -31.618522
v 78.216729 41.083329 -13.932089
v 78.216729 41.012513 -14.036043
v 78.216729 41.008950 -30.898887
v 78.216729 41.078637 -31.002552
v 78.216729 40.207986 -13.591716
v 78.216729 40.252763 -13.609474
v 78.216729 40.228066 -31.303423
v 78.216729 40.182740 -31.319484
v 78.216729 40.207978 -13.276042
v 78.216729 40.182732 -31.635158
v 78.216729 40.252759 -13.294430
v 78.216729 40.228059 -31.618522
v 78.216729 29.246064 -41.344063
v 78.216729 29.143126 -41.433204
v 78.216729 29.143126 -2.710369
v 78.216729 29.246064 -2.799511
v 78.216729 29.750449 -41.478248
v 78.216729 29.647513 -41.387237
v 78.216729 29.647513 -2.035537
v 78.216729 29.750449 -1.944530
v 77.620507 22.336409 -2.735939
v 78.216729 26.983874 -3.666349
v 78.216729 24.793458 -3.004818
v 77.620507 24.862878 -2.723154
v 78.216729 23.642407 -3.008714
v 77.620507 23.852290 -2.728267
v 75.411805 25.231415 -2.723154
v 75.073449 23.651181 -2.728267
v 75.073449 24.711400 -2.723793
v 75.239457 25.853829 -2.721555
v 75.411805 25.231415 -5.179777
v 75.073449 24.711400 -5.180416
v 75.239457 25.853829 -5.178179
v 75.073449 23.651181 -5.184890
v 78.377099 27.371031 -3.591102
v 78.764252 27.531398 -3.559934
v 78.767907 27.531398 -3.022848
v 78.378167 27.369961 -3.021721
v 78.216729 26.980221 -3.019138
v 77.329827 27.692767 -2.711734
v 77.233422 27.941203 -2.710369
v 77.793397 28.294896 -2.710369
v 78.258675 27.946404 -2.710369
v 77.807557 27.803330 -2.710968
v 77.620507 27.455323 -2.712412
v 77.620507 27.948485 -2.710369
v 78.216729 21.865544 -39.605751
v 94.388909 21.865544 -39.605751
v 109.927529 21.865544 -39.605751
v 110.887528 21.865544 -38.929901
v 110.887528 21.865544 -31.002418
v 110.887536 21.865544 -14.543872
v 110.887536 21.865544 -5.353944
v 109.927529 21.865544 -4.537822
v 94.388909 21.865544 -4.537822
v 77.513405 28.118050 -2.710369
v 79.210198 26.761647 -3.613142
v 111.746552 21.865544 -4.160904
v 111.354432 21.865544 -3.763517
v 113.215119 27.589461 -2.742447
v 113.605645 27.589461 -3.140775
v 111.746552 21.865544 -4.615680
v 110.763802 21.865544 -3.763517
v 113.485550 27.924548 -1.855364
v 113.455323 27.720528 -2.246431
v 114.148453 27.869094 -1.855364
v 114.150208 27.674990 -2.046642
v 114.209549 27.720528 -2.899465
v 114.550980 27.912835 -2.796341
v 114.380753 27.674990 -2.286169
v 114.550980 27.869094 -2.273546
v 106.113022 2.621228 -6.641659
v 108.563401 14.420782 -5.295126
v 108.057358 14.420782 -5.295126
v 106.506226 2.621228 -7.036977
v 108.957902 14.420782 -5.691095
v 108.957902 14.420782 -6.076001
v 106.241822 2.621228 -6.129971
v 106.462128 2.331261 -6.004081
v 106.853272 2.621228 -6.222501
v 106.917756 2.387847 -5.999916
v 107.321625 2.371785 -6.749112
v 107.129181 2.621228 -6.850874
v 107.323296 2.384320 -6.412367
v 107.113442 2.621228 -6.498932
v 113.215119 27.531398 -41.401127
v 113.605645 27.531398 -41.002800
v 111.355012 21.865544 -40.380058
v 111.746544 21.865544 -39.982670
v 111.746544 21.865544 -39.674358
v 110.763802 21.865544 -40.380058
v 113.527070 27.697919 -42.131630
v 113.505326 27.896821 -42.251091
v 114.125641 27.697919 -42.171554
v 114.148453 27.896821 -42.288208
v 114.490021 27.896821 -41.299392
v 114.342331 27.697919 -41.260158
v 114.550980 27.896821 -41.870025
v 114.454850 27.697919 -41.806427
v 106.506226 2.621228 -37.106598
v 108.957902 14.420782 -38.452476
v 108.957902 14.420782 -38.201786
v 108.564835 14.420782 -38.848449
v 106.113167 2.621228 -37.501915
v 108.057358 14.420782 -38.848449
v 106.462128 2.331261 -38.139492
v 106.241822 2.621228 -38.013603
v 106.917885 2.387845 -38.143657
v 106.849900 2.621228 -37.912307
v 107.129403 2.621228 -37.420524
v 107.321610 2.371600 -37.523010
v 107.114777 2.621228 -37.645244
v 107.323296 2.384318 -37.731209
v 114.148453 29.069894 -1.855364
v 114.550980 29.069894 -2.273546
v 114.137711 29.246064 -1.937095
v 114.463471 29.246064 -2.284326
v 113.378815 29.246064 -3.202236
v 113.120469 29.246064 -2.950926
v 114.151551 29.030635 -42.300308
v 114.562974 29.030635 -41.870914
v 114.490693 29.246064 -41.807472
v 114.089554 29.246064 -42.225418
v 113.040871 29.246064 -41.248436
v 113.441208 29.246064 -40.861065
v 37.755620 29.647513 -40.171501
v 36.747441 29.647513 -39.450554
v 36.747441 29.647515 -31.098333
v 36.747441 29.647513 -4.095529
v 37.755620 29.647513 -3.251276
v 54.073929 29.647513 -3.251276
v 54.073929 29.647513 -40.171501
v 36.747441 29.647515 -13.782384
v 37.143384 29.647513 -40.171501
v 36.747441 29.647513 -39.774559
v 36.747441 29.647513 -3.648214
v 37.143384 29.647513 -3.251276
v 71.052186 29.647513 -3.251276
v 74.634461 29.647511 -40.171501
v 78.216729 29.647513 -40.171501
v 112.125535 29.647511 -39.445564
v 111.513299 29.647517 -39.445610
v 95.194985 29.647515 -39.446686
v 78.216729 29.647517 -39.447792
v 74.634461 29.647515 -39.448051
v 71.052186 29.647517 -39.448284
v 54.073929 29.647517 -39.449417
v 37.755620 29.647517 -39.450485
v 37.143380 29.647515 -39.450523
v 37.143380 29.647515 -31.098381
v 37.755620 29.647519 -31.098421
v 111.513299 29.647517 -31.105566
v 112.125535 29.647511 -31.105604
v 112.125535 29.647513 -13.823246
v 111.513299 29.647517 -13.822925
v 37.755620 29.647519 -13.782926
v 37.143380 29.647515 -13.782606
v 37.143384 29.647513 -4.095564
v 37.755620 29.647517 -4.095609
v 54.073929 29.647517 -4.096891
v 71.052186 29.647517 -4.098226
v 74.634461 29.647515 -4.098507
v 78.216729 29.647517 -4.098787
v 95.194985 29.647517 -4.100122
v 111.513299 29.647517 -4.101406
v 112.125535 29.647513 -4.101452
v 110.555893 23.885483 -39.954376
v 37.753377 29.246064 -4.839342
v 111.515542 29.246064 -4.837465
v 111.515542 29.246064 -14.342712
v 37.753377 29.246064 -14.326003
v 37.753377 29.246064 -31.292032
v 111.515542 29.246064 -31.261604
v 37.753377 29.246064 -39.461326
v 111.515542 29.246064 -39.436313
v 61.184201 2.777093 -16.957060
v 72.255791 2.777091 -16.959552
v 74.634461 2.777091 -16.960092
v 77.013123 2.777091 -16.960636
v 88.084717 2.777093 -16.963152
v 61.184201 2.777091 -28.215624
v 72.255791 2.777091 -28.211042
v 74.634461 2.777091 -28.210062
v 77.013131 2.777091 -28.209085
v 88.084717 2.777093 -28.204517
v 111.092621 29.246064 -4.637954
v 110.835251 29.074284 -4.875240
v 111.094559 29.246064 -14.342626
v 110.839280 29.083043 -14.358743
v 38.173844 29.246064 -4.637033
v 38.434762 29.071915 -4.877577
v 54.378388 29.246064 -4.641630
v 54.426438 29.059174 -4.879987
v 71.052186 29.246064 -4.644067
v 71.060814 29.056351 -4.880186
v 74.634461 29.246064 -4.644073
v 74.634461 29.056256 -4.880117
v 78.216729 29.246064 -4.643888
v 78.208108 29.056351 -4.880007
v 94.890526 29.246064 -4.640604
v 94.842476 29.059174 -4.878965
v 111.094697 29.246064 -31.261774
v 110.839341 29.083163 -31.243004
v 38.174355 29.246064 -14.326111
v 38.429635 29.083045 -14.342346
v 38.174225 29.246064 -31.291853
v 38.429581 29.083165 -31.272871
v 111.095078 29.246064 -39.638752
v 110.834153 29.071908 -39.398300
v 38.176301 29.246064 -39.660721
v 38.433674 29.074279 -39.423366
v 54.378388 29.246064 -39.652992
v 54.426446 29.059159 -39.414627
v 71.052186 29.246064 -39.644478
v 71.060814 29.056334 -39.408371
v 74.634461 29.246064 -39.643165
v 74.634461 29.056241 -39.407131
v 78.216729 29.246064 -39.642040
v 78.208100 29.056334 -39.405937
v 94.890534 29.246064 -39.639251
v 94.842469 29.059155 -39.400924
v 44.868062 0.620043 -15.956759
v 44.868062 0.620043 -8.766045
v 51.217068 2.777091 -11.408416
v 50.645508 2.952603 -10.820573
v 50.245595 3.425494 -10.512803
v 61.184201 2.777093 -11.399716
v 61.133172 2.975560 -10.820919
v 61.002816 3.482535 -10.500007
v 51.224404 2.777091 -16.954801
v 50.651940 2.944155 -16.938099
v 50.260823 3.392428 -16.893541
v 72.255791 2.777091 -11.388639
v 72.246636 2.978327 -10.816758
v 72.223229 3.493188 -10.497383
v 74.634461 2.777091 -11.388218
v 74.634461 2.978419 -10.816568
v 74.634461 3.493540 -10.497244
v 77.013131 2.777091 -11.388520
v 77.022278 2.978327 -10.816639
v 77.045693 3.493186 -10.497262
v 88.084717 2.777091 -11.399036
v 88.135750 2.975558 -10.820235
v 88.266106 3.482533 -10.499317
v 98.042573 2.777091 -11.417627
v 98.622010 2.955022 -10.821650
v 99.027443 3.434436 -10.509617
v 98.044518 2.777093 -16.965404
v 98.616982 2.944159 -16.948961
v 99.008103 3.392436 -16.904579
v 51.224907 2.777091 -28.219728
v 50.652142 2.944049 -28.239307
v 50.261033 3.391974 -28.291366
v 98.044030 2.777093 -28.200414
v 98.616784 2.944054 -28.219524
v 99.007897 3.391988 -28.271259
v 61.184205 2.777091 -32.896187
v 61.133168 2.975575 -33.475013
v 61.002801 3.482587 -33.795921
v 51.226349 2.777091 -32.880714
v 50.646901 2.955031 -33.476886
v 50.241463 3.434462 -33.788997
v 72.255791 2.777091 -32.903240
v 72.246636 2.978348 -33.475124
v 72.223229 3.493247 -33.794460
v 74.634461 2.777091 -32.902790
v 74.634461 2.978442 -33.474441
v 74.634461 3.493602 -33.793716
v 77.013123 2.777091 -32.901619
v 77.022278 2.978350 -33.473495
v 77.045693 3.493249 -33.792816
v 88.084717 2.777091 -32.887077
v 88.135758 2.975585 -33.465858
v 88.266121 3.482600 -33.786682
v 98.051858 2.777093 -32.875229
v 98.623414 2.952614 -33.462898
v 99.023339 3.425515 -33.770496
v 95.194985 30.554169 -31.103969
v 95.194985 30.554169 -13.814075
v 78.216729 30.554173 -13.804873
v 78.216729 30.554173 -31.102325
v 74.634461 30.554169 -13.802933
v 74.634461 30.554169 -31.101978
v 71.052186 30.554169 -31.101650
v 71.052186 30.554169 -13.800971
v 54.073929 30.554169 -13.791791
v 54.073929 30.554169 -31.099989
v 111.513299 30.309399 -31.105566
v 111.268525 30.554173 -31.105541
v 111.268525 30.554173 -13.822793
v 111.513299 30.309399 -13.822925
v 37.755620 30.309401 -13.782926
v 38.000393 30.554173 -13.783059
v 38.000393 30.554173 -31.098446
v 37.755620 30.309401 -31.098421
v 38.000393 30.554173 -39.205696
v 37.755620 30.309399 -39.450485
v 54.073929 30.554173 -39.204643
v 54.073929 30.309399 -39.449417
v 71.052186 30.554173 -39.203514
v 71.052186 30.309399 -39.448284
v 74.634461 30.554169 -39.203277
v 74.634461 30.309399 -39.448051
v 78.216729 30.554173 -39.203022
v 78.216729 30.309399 -39.447792
v 95.194985 30.554169 -39.201912
v 95.194985 30.309399 -39.446686
v 111.268525 30.554173 -39.200851
v 111.513299 30.309399 -39.445610
v 38.000393 30.554173 -4.340400
v 37.755620 30.309399 -4.095609
v 54.073929 30.309399 -4.096891
v 54.073929 30.554173 -4.341663
v 71.052186 30.309399 -4.098226
v 71.052186 30.554173 -4.342998
v 74.634461 30.309399 -4.098507
v 74.634461 30.554169 -4.343279
v 78.216729 30.309399 -4.098787
v 78.216729 30.554173 -4.343559
v 95.194985 30.309399 -4.100122
v 95.194985 30.554173 -4.344894
v 111.268525 30.554173 -4.346159
v 111.513299 30.309399 -4.101406
v 71.284272 21.865529 -4.822561
v 71.120202 21.933270 -4.809189
v 71.052186 22.096682 -4.773000
v 70.853585 21.865529 -4.821811
v 71.052186 21.669364 -4.856416
v 71.284241 21.833630 -3.107074
v 71.165459 21.929148 -3.036566
v 71.052186 22.065495 -3.094465
v 71.120156 21.901541 -3.103382
v 78.216729 21.669364 -4.856416
v 78.415329 21.865529 -4.821811
v 78.216729 22.096682 -4.773000
v 78.148720 21.933270 -4.809189
v 77.984650 21.865529 -4.822561
v 78.216729 22.065495 -3.094465
v 78.103463 21.929148 -3.036566
v 77.984673 21.833630 -3.107074
v 78.148758 21.901541 -3.103382
v 70.972542 21.794463 -4.825342
v 78.296372 21.794463 -4.825342
v 74.634461 21.657572 -4.816557
v 71.224854 21.881390 -3.071821
v 78.044068 21.881390 -3.071821
v 71.108819 21.997323 -3.065515
v 78.160096 21.997323 -3.065515
v 70.952889 21.981106 -4.797407
v 78.316033 21.981106 -4.797407
v 78.210084 21.875582 -4.815901
v 78.100686 21.767447 -4.839489
v 74.634461 21.761552 -4.799486
v 71.168229 21.767447 -4.839489
v 71.059228 21.875954 -4.815859
vt 0.912409 0.662668
vt 0.913628 0.662734
vt 0.080550 0.896086
vt 0.910527 0.662662
vt 0.908169 0.662672
vt 0.095140 0.910060
vt 0.805849 0.344986
vt 0.803428 0.344961
vt 0.808183 0.345018
vt 0.810026 0.345031
vt 0.062784 0.905548
vt 0.065656 0.911530
vt 0.279736 0.913904
vt 0.912409 0.346185
vt 0.270817 0.895581
vt 0.910527 0.346191
vt 0.908169 0.346178
vt 0.905364 0.346177
vt 0.285422 0.881592
vt 0.805849 0.661907
vt 0.808183 0.661874
vt 0.810026 0.661862
vt 0.811197 0.661914
vt 0.285710 0.911025
vt 0.912644 0.598543
vt 0.912644 0.597397
vt 0.810677 0.410534
vt 0.810677 0.410189
vt 0.911575 0.598662
vt 0.911575 0.597407
vt 0.909925 0.598705
vt 0.909925 0.597418
vt 0.907858 0.598740
vt 0.907858 0.597423
vt 0.905398 0.598740
vt 0.905398 0.597441
vt 0.803394 0.410594
vt 0.803394 0.409282
vt 0.805518 0.409311
vt 0.805518 0.410596
vt 0.807564 0.409332
vt 0.807564 0.410620
vt 0.809179 0.409387
vt 0.809179 0.410644
vt 0.810206 0.409522
vt 0.810206 0.410662
vt 0.912644 0.538872
vt 0.912644 0.537737
vt 0.810677 0.469782
vt 0.810677 0.469470
vt 0.911575 0.538859
vt 0.911575 0.537612
vt 0.909925 0.538848
vt 0.909925 0.537565
vt 0.907858 0.538843
vt 0.907858 0.537533
vt 0.905398 0.538821
vt 0.905398 0.537531
vt 0.803394 0.470771
vt 0.803394 0.469451
vt 0.805518 0.469427
vt 0.805518 0.470712
vt 0.807564 0.469394
vt 0.807564 0.470670
vt 0.809179 0.469363
vt 0.809179 0.470599
vt 0.810206 0.469349
vt 0.810206 0.470468
vt 0.912644 0.468149
vt 0.912644 0.467269
vt 0.810677 0.537422
vt 0.810677 0.537110
vt 0.911575 0.468383
vt 0.911575 0.467342
vt 0.909925 0.468770
vt 0.909925 0.467498
vt 0.907858 0.469078
vt 0.907858 0.467613
vt 0.905398 0.469134
vt 0.905398 0.467664
vt 0.803394 0.537439
vt 0.803394 0.536124
vt 0.805518 0.536182
vt 0.805518 0.537464
vt 0.807564 0.536222
vt 0.807564 0.537497
vt 0.809179 0.536293
vt 0.809179 0.537528
vt 0.810206 0.536426
vt 0.810206 0.537542
vt 0.912644 0.411424
vt 0.912644 0.410352
vt 0.810677 0.596700
vt 0.810677 0.596357
vt 0.911575 0.411408
vt 0.911575 0.410219
vt 0.909925 0.411392
vt 0.909925 0.410165
vt 0.907858 0.411385
vt 0.907858 0.410129
vt 0.905398 0.411367
vt 0.905398 0.410129
vt 0.803394 0.597609
vt 0.803394 0.596297
vt 0.805518 0.596295
vt 0.805518 0.597579
vt 0.807564 0.596272
vt 0.807564 0.597557
vt 0.809179 0.596247
vt 0.809179 0.597502
vt 0.810206 0.596229
vt 0.810206 0.597367
vt 0.912409 0.599525
vt 0.913628 0.599452
vt 0.910527 0.599576
vt 0.908169 0.599608
vt 0.905364 0.599619
vt 0.805849 0.408424
vt 0.803428 0.408400
vt 0.808183 0.408465
vt 0.810026 0.408525
vt 0.811197 0.408606
vt 0.842722 0.344499
vt 0.842734 0.344203
vt 0.945220 0.599591
vt 0.842722 0.408457
vt 0.945233 0.663252
vt 0.945233 0.599590
vt 0.913628 0.596582
vt 0.912409 0.596565
vt 0.912409 0.539698
vt 0.913628 0.539682
vt 0.910527 0.596557
vt 0.910527 0.539704
vt 0.908169 0.596554
vt 0.908169 0.539704
vt 0.905364 0.596557
vt 0.905364 0.539697
vt 0.803428 0.411465
vt 0.805849 0.411471
vt 0.805849 0.468553
vt 0.803428 0.468563
vt 0.808183 0.411477
vt 0.808183 0.468542
vt 0.810026 0.411477
vt 0.810026 0.468540
vt 0.811197 0.411466
vt 0.811197 0.468550
vt 0.812083 0.411440
vt 0.914569 0.539654
vt 0.913628 0.536829
vt 0.912409 0.536754
vt 0.912409 0.469049
vt 0.913628 0.468794
vt 0.910527 0.536700
vt 0.910527 0.469648
vt 0.908169 0.536667
vt 0.908169 0.470108
vt 0.905364 0.470188
vt 0.803428 0.471631
vt 0.805849 0.471597
vt 0.805849 0.535296
vt 0.803428 0.535261
vt 0.808183 0.471543
vt 0.808183 0.535351
vt 0.810026 0.471465
vt 0.810026 0.535430
vt 0.811197 0.471359
vt 0.811197 0.535532
vt 0.842722 0.471157
vt 0.842734 0.471141
vt 0.945220 0.473591
vt 0.842722 0.535734
vt 0.945233 0.536703
vt 0.945233 0.473608
vt 0.913628 0.466608
vt 0.912409 0.466614
vt 0.912409 0.412205
vt 0.913628 0.412189
vt 0.910527 0.466643
vt 0.910527 0.412212
vt 0.908169 0.466671
vt 0.908169 0.412214
vt 0.905364 0.466686
vt 0.905364 0.412211
vt 0.803428 0.538328
vt 0.805849 0.538338
vt 0.805849 0.595421
vt 0.803428 0.595427
vt 0.808183 0.538349
vt 0.808183 0.595414
vt 0.810026 0.538351
vt 0.810026 0.595414
vt 0.811197 0.538341
vt 0.811197 0.595425
vt 0.812083 0.538315
vt 0.914569 0.412160
vt 0.913628 0.409493
vt 0.912409 0.409399
vt 0.910527 0.409332
vt 0.908169 0.409292
vt 0.905364 0.409276
vt 0.803428 0.598487
vt 0.805849 0.598465
vt 0.808183 0.598426
vt 0.810026 0.598365
vt 0.811197 0.598281
vt 0.842722 0.598430
vt 0.842734 0.598430
vt 0.945220 0.345344
vt 0.842722 0.662392
vt 0.945233 0.409500
vt 0.945233 0.345640
vt 0.812083 0.409703
vt 0.914569 0.537896
vt 0.812083 0.536646
vt 0.914569 0.410565
vt 0.812811 0.343724
vt 0.914727 0.662824
vt 0.918452 0.663011
vt 0.815950 0.343608
vt 0.914727 0.599399
vt 0.918452 0.599385
vt 0.812811 0.409712
vt 0.815950 0.408747
vt 0.812811 0.470231
vt 0.918452 0.536904
vt 0.815950 0.471152
vt 0.914727 0.469075
vt 0.918452 0.473163
vt 0.812811 0.536661
vt 0.815950 0.535740
vt 0.812811 0.597176
vt 0.914727 0.409566
vt 0.918452 0.409622
vt 0.815950 0.598141
vt 0.284098 0.913218
vt 0.918452 0.345850
vt 0.286944 0.912263
vt 0.815950 0.663284
vt 0.812265 0.344896
vt 0.815933 0.344725
vt 0.812265 0.408664
vt 0.815933 0.408681
vt 0.812265 0.471279
vt 0.815933 0.471217
vt 0.812265 0.535611
vt 0.815933 0.535675
vt 0.812265 0.598222
vt 0.815933 0.598207
vt 0.812265 0.661996
vt 0.815933 0.662168
vt 0.898672 0.662629
vt 0.098383 0.886549
vt 0.900471 0.662630
vt 0.902778 0.662654
vt 0.800815 0.344950
vt 0.798431 0.344950
vt 0.796509 0.344934
vt 0.795238 0.344859
vt 0.096532 0.879484
vt 0.897554 0.346163
vt 0.898672 0.346227
vt 0.900471 0.346223
vt 0.902778 0.346197
vt 0.800815 0.661942
vt 0.798431 0.661942
vt 0.796509 0.661958
vt 0.261998 0.877411
vt 0.254835 0.878979
vt 0.898551 0.598577
vt 0.897453 0.598005
vt 0.794968 0.410488
vt 0.898551 0.597426
vt 0.899531 0.597428
vt 0.899532 0.598682
vt 0.901109 0.597432
vt 0.901109 0.598720
vt 0.903131 0.597437
vt 0.903131 0.598739
vt 0.801104 0.410577
vt 0.801104 0.409273
vt 0.799014 0.410569
vt 0.799014 0.409275
vt 0.797329 0.410569
vt 0.797329 0.409304
vt 0.796215 0.410557
vt 0.796214 0.409400
vt 0.898551 0.538815
vt 0.897453 0.538774
vt 0.794968 0.470096
vt 0.898551 0.537668
vt 0.899531 0.537568
vt 0.899531 0.538823
vt 0.901109 0.537539
vt 0.901109 0.538819
vt 0.903131 0.537527
vt 0.903131 0.538821
vt 0.801104 0.470757
vt 0.801104 0.469456
vt 0.799014 0.470760
vt 0.799014 0.469458
vt 0.797329 0.470749
vt 0.797329 0.469469
vt 0.796214 0.470657
vt 0.796214 0.469484
vt 0.898551 0.468212
vt 0.897453 0.467991
vt 0.794968 0.537359
vt 0.898551 0.467312
vt 0.899531 0.467335
vt 0.899531 0.468348
vt 0.901109 0.467467
vt 0.901109 0.468696
vt 0.903131 0.467601
vt 0.903131 0.469015
vt 0.801104 0.537435
vt 0.801104 0.536137
vt 0.799014 0.537433
vt 0.799014 0.536132
vt 0.797329 0.537422
vt 0.797329 0.536143
vt 0.796215 0.537406
vt 0.796214 0.536237
vt 0.898551 0.411389
vt 0.897453 0.411350
vt 0.794968 0.596934
vt 0.898551 0.410305
vt 0.899532 0.410193
vt 0.899531 0.411386
vt 0.901109 0.410150
vt 0.901109 0.411379
vt 0.903131 0.410130
vt 0.903131 0.411372
vt 0.801104 0.597617
vt 0.801104 0.596315
vt 0.799014 0.597614
vt 0.799014 0.596322
vt 0.797329 0.597584
vt 0.797329 0.596322
vt 0.796214 0.597489
vt 0.796214 0.596334
vt 0.897554 0.599474
vt 0.898672 0.599542
vt 0.900471 0.599587
vt 0.902778 0.599613
vt 0.800815 0.408395
vt 0.798431 0.408411
vt 0.796509 0.408447
vt 0.795238 0.408506
vt 0.762986 0.344389
vt 0.762986 0.408372
vt 0.762925 0.408373
vt 0.865411 0.663490
vt 0.865350 0.599590
vt 0.865351 0.663193
vt 0.897554 0.596596
vt 0.897554 0.539645
vt 0.898672 0.539667
vt 0.898672 0.596578
vt 0.900471 0.539681
vt 0.900471 0.596566
vt 0.902778 0.539690
vt 0.902778 0.596560
vt 0.800815 0.468575
vt 0.800815 0.411453
vt 0.798431 0.468590
vt 0.798431 0.411439
vt 0.796509 0.468608
vt 0.796509 0.411421
vt 0.795238 0.468633
vt 0.795238 0.411395
vt 0.793562 0.468659
vt 0.896047 0.596620
vt 0.897554 0.468870
vt 0.898672 0.468974
vt 0.898672 0.536711
vt 0.900471 0.469534
vt 0.900471 0.536672
vt 0.902778 0.470020
vt 0.902778 0.536653
vt 0.800815 0.535249
vt 0.800815 0.471643
vt 0.798431 0.535256
vt 0.798431 0.471639
vt 0.796509 0.535283
vt 0.796509 0.471611
vt 0.795238 0.535333
vt 0.795238 0.471559
vt 0.762986 0.471731
vt 0.762986 0.535160
vt 0.762925 0.535160
vt 0.865411 0.536628
vt 0.865350 0.473619
vt 0.865350 0.536628
vt 0.897554 0.466632
vt 0.897554 0.412173
vt 0.898672 0.412193
vt 0.898672 0.466627
vt 0.900471 0.412203
vt 0.900471 0.466648
vt 0.902778 0.412209
vt 0.902778 0.466674
vt 0.800815 0.595438
vt 0.800815 0.538315
vt 0.798431 0.595453
vt 0.798431 0.538301
vt 0.796509 0.595471
vt 0.796509 0.538283
vt 0.795238 0.595496
vt 0.795238 0.538257
vt 0.793562 0.595524
vt 0.896047 0.466660
vt 0.897554 0.409457
vt 0.898672 0.409373
vt 0.900471 0.409316
vt 0.902778 0.409285
vt 0.800815 0.598493
vt 0.798431 0.598480
vt 0.796509 0.598443
vt 0.795238 0.598381
vt 0.762986 0.598515
vt 0.762986 0.662503
vt 0.762925 0.662799
vt 0.865411 0.409478
vt 0.865350 0.345691
vt 0.865350 0.409478
vt 0.896047 0.598397
vt 0.793562 0.470496
vt 0.896048 0.468770
vt 0.793562 0.597311
vt 0.097749 0.878231
vt 0.789697 0.343468
vt 0.892118 0.662980
vt 0.895841 0.662801
vt 0.892119 0.599402
vt 0.895841 0.599424
vt 0.789697 0.408636
vt 0.792835 0.409582
vt 0.895320 0.537832
vt 0.789697 0.471454
vt 0.892119 0.536834
vt 0.895841 0.536818
vt 0.892119 0.473249
vt 0.895841 0.469631
vt 0.789697 0.535438
vt 0.792835 0.536395
vt 0.895320 0.410538
vt 0.789697 0.598252
vt 0.892119 0.409590
vt 0.895841 0.409528
vt 0.892119 0.345882
vt 0.252613 0.880541
vt 0.789697 0.663424
vt 0.253617 0.877726
vt 0.094878 0.877335
vt 0.789762 0.344583
vt 0.789762 0.408572
vt 0.793429 0.408552
vt 0.793429 0.471521
vt 0.789762 0.471518
vt 0.789762 0.535373
vt 0.793429 0.535370
vt 0.793429 0.598333
vt 0.724644 0.324575
vt 0.043755 0.865197
vt 0.052736 0.883647
vt 0.722750 0.324580
vt 0.720375 0.324569
vt 0.717551 0.324568
vt 0.873189 0.338303
vt 0.058461 0.851111
vt 0.875539 0.338268
vt 0.877394 0.338255
vt 0.878573 0.338306
vt 0.058752 0.880748
vt 0.725873 0.643322
vt 0.533227 0.872019
vt 0.724644 0.643254
vt 0.722750 0.643248
vt 0.720375 0.643258
vt 0.547918 0.886090
vt 0.870751 0.019150
vt 0.873189 0.019177
vt 0.875539 0.019211
vt 0.877394 0.019225
vt 0.515338 0.881547
vt 0.518230 0.887570
vt 0.724881 0.389184
vt 0.725404 0.389841
vt 0.878050 0.272318
vt 0.724881 0.390265
vt 0.723805 0.390249
vt 0.723805 0.389050
vt 0.722144 0.390232
vt 0.722144 0.388996
vt 0.720063 0.390226
vt 0.720063 0.388959
vt 0.717585 0.390207
vt 0.717585 0.388959
vt 0.870717 0.272232
vt 0.872856 0.272234
vt 0.872856 0.273533
vt 0.870717 0.273564
vt 0.874915 0.272218
vt 0.874915 0.273504
vt 0.876542 0.272200
vt 0.876542 0.273454
vt 0.877576 0.272182
vt 0.877576 0.273335
vt 0.724881 0.446497
vt 0.725404 0.446668
vt 0.878050 0.212625
vt 0.724881 0.447386
vt 0.723805 0.447622
vt 0.723805 0.446570
vt 0.722144 0.448012
vt 0.722144 0.446727
vt 0.720063 0.448322
vt 0.720063 0.446842
vt 0.717585 0.448379
vt 0.717585 0.446895
vt 0.870717 0.211661
vt 0.872856 0.211699
vt 0.872856 0.212991
vt 0.870717 0.212989
vt 0.874915 0.211732
vt 0.874915 0.213025
vt 0.876542 0.211792
vt 0.876542 0.213049
vt 0.877576 0.211942
vt 0.877576 0.213067
vt 0.724881 0.517457
vt 0.725404 0.518117
vt 0.878050 0.144526
vt 0.724881 0.518598
vt 0.723805 0.518584
vt 0.723805 0.517332
vt 0.722144 0.518573
vt 0.722144 0.517285
vt 0.720063 0.518568
vt 0.720063 0.517253
vt 0.717585 0.518546
vt 0.717585 0.517251
vt 0.870717 0.144491
vt 0.872856 0.144490
vt 0.872856 0.145779
vt 0.870717 0.145818
vt 0.874915 0.144458
vt 0.874915 0.145745
vt 0.876542 0.144433
vt 0.876542 0.145686
vt 0.877576 0.144413
vt 0.877576 0.145538
vt 0.724881 0.577529
vt 0.725404 0.577676
vt 0.878050 0.084811
vt 0.724881 0.578682
vt 0.723805 0.578801
vt 0.723805 0.577538
vt 0.722144 0.578845
vt 0.722144 0.577550
vt 0.720063 0.578879
vt 0.720063 0.577554
vt 0.717585 0.578880
vt 0.717585 0.577573
vt 0.870717 0.083919
vt 0.872856 0.083950
vt 0.872856 0.085246
vt 0.870717 0.085248
vt 0.874915 0.083978
vt 0.874915 0.085263
vt 0.876542 0.084028
vt 0.876542 0.085281
vt 0.877576 0.084149
vt 0.877576 0.085299
vt 0.725873 0.388320
vt 0.724644 0.388225
vt 0.722750 0.388157
vt 0.720375 0.388116
vt 0.717551 0.388100
vt 0.870751 0.274444
vt 0.873189 0.274422
vt 0.875539 0.274383
vt 0.877394 0.274326
vt 0.878573 0.274249
vt 0.910317 0.338790
vt 0.910317 0.274399
vt 0.910330 0.274399
vt 0.757683 0.323729
vt 0.757696 0.388327
vt 0.757696 0.324027
vt 0.725873 0.391035
vt 0.725873 0.445832
vt 0.724644 0.445838
vt 0.724644 0.391052
vt 0.722750 0.445867
vt 0.722750 0.391059
vt 0.720375 0.445896
vt 0.720375 0.391060
vt 0.717551 0.445908
vt 0.717551 0.391058
vt 0.870751 0.271354
vt 0.870751 0.213869
vt 0.873189 0.213877
vt 0.873189 0.271351
vt 0.875539 0.213884
vt 0.875539 0.271349
vt 0.877394 0.213883
vt 0.877394 0.271353
vt 0.878573 0.213871
vt 0.878573 0.271368
vt 0.879466 0.213843
vt 0.726820 0.391005
vt 0.725873 0.448035
vt 0.725873 0.516544
vt 0.724644 0.516468
vt 0.724644 0.448292
vt 0.722750 0.516414
vt 0.722750 0.448896
vt 0.720375 0.516380
vt 0.720375 0.449359
vt 0.717551 0.449440
vt 0.870751 0.210776
vt 0.870751 0.146703
vt 0.873189 0.146668
vt 0.873189 0.210811
vt 0.875539 0.146614
vt 0.875539 0.210865
vt 0.877394 0.146537
vt 0.877394 0.210941
vt 0.878573 0.146434
vt 0.878573 0.211044
vt 0.910317 0.211243
vt 0.910317 0.146236
vt 0.910330 0.146221
vt 0.757683 0.452866
vt 0.757696 0.516418
vt 0.757696 0.452883
vt 0.725873 0.519414
vt 0.725873 0.576708
vt 0.724644 0.576690
vt 0.724644 0.519429
vt 0.722750 0.576683
vt 0.722750 0.519435
vt 0.720375 0.576680
vt 0.720375 0.519435
vt 0.717551 0.576683
vt 0.717551 0.519428
vt 0.870751 0.143612
vt 0.870751 0.086126
vt 0.873189 0.086130
vt 0.873189 0.143605
vt 0.875539 0.086132
vt 0.875539 0.143598
vt 0.877394 0.086127
vt 0.877394 0.143598
vt 0.878573 0.086112
vt 0.878573 0.143610
vt 0.879466 0.086084
vt 0.726820 0.519385
vt 0.725873 0.579597
vt 0.724644 0.579670
vt 0.722750 0.579721
vt 0.720375 0.579754
vt 0.717551 0.579764
vt 0.870751 0.083038
vt 0.873189 0.083061
vt 0.875539 0.083100
vt 0.877394 0.083158
vt 0.878573 0.083234
vt 0.910317 0.083085
vt 0.910317 0.018690
vt 0.910330 0.018391
vt 0.757683 0.579737
vt 0.757696 0.643841
vt 0.757696 0.579736
vt 0.726820 0.389399
vt 0.879466 0.212154
vt 0.726820 0.517619
vt 0.879466 0.084318
vt 0.059994 0.881994
vt 0.883360 0.339688
vt 0.730730 0.324238
vt 0.726979 0.324422
vt 0.730730 0.388449
vt 0.726979 0.388392
vt 0.883360 0.274115
vt 0.880199 0.273156
vt 0.727552 0.448020
vt 0.883360 0.211247
vt 0.730730 0.452435
vt 0.726979 0.448318
vt 0.730730 0.516619
vt 0.883360 0.146233
vt 0.880199 0.145320
vt 0.727552 0.578521
vt 0.883360 0.083368
vt 0.730730 0.579528
vt 0.726979 0.579543
vt 0.730730 0.643601
vt 0.519854 0.889778
vt 0.883360 0.017791
vt 0.516988 0.888816
vt 0.060957 0.879121
vt 0.883343 0.338563
vt 0.883343 0.274181
vt 0.879649 0.274194
vt 0.879649 0.211121
vt 0.883343 0.211181
vt 0.883343 0.146298
vt 0.879649 0.146358
vt 0.879649 0.083289
vt 0.883343 0.083302
vt 0.883343 0.018916
vt 0.879649 0.019091
vt 0.710812 0.324617
vt 0.709687 0.324554
vt 0.712625 0.324613
vt 0.714947 0.324588
vt 0.868120 0.338340
vt 0.865719 0.338342
vt 0.863784 0.338358
vt 0.034874 0.846900
vt 0.027662 0.848480
vt 0.551183 0.862415
vt 0.710812 0.643214
vt 0.712625 0.643217
vt 0.714947 0.643241
vt 0.868120 0.019137
vt 0.865719 0.019138
vt 0.863784 0.019122
vt 0.862504 0.019048
vt 0.549320 0.855302
vt 0.710691 0.389137
vt 0.710691 0.390229
vt 0.709585 0.390189
vt 0.862232 0.272851
vt 0.711678 0.389024
vt 0.711678 0.390226
vt 0.713267 0.388980
vt 0.713267 0.390220
vt 0.715303 0.388960
vt 0.715303 0.390212
vt 0.868411 0.273564
vt 0.868411 0.272250
vt 0.866306 0.273555
vt 0.866306 0.272258
vt 0.864610 0.273524
vt 0.864610 0.272256
vt 0.863487 0.273424
vt 0.863487 0.272262
vt 0.710691 0.446540
vt 0.710691 0.447449
vt 0.709586 0.447227
vt 0.862232 0.212895
vt 0.711678 0.446562
vt 0.711678 0.447586
vt 0.713267 0.446696
vt 0.713267 0.447937
vt 0.715303 0.446831
vt 0.715303 0.448259
vt 0.868411 0.212968
vt 0.868411 0.211646
vt 0.866306 0.212960
vt 0.866306 0.211657
vt 0.864610 0.212954
vt 0.864610 0.211682
vt 0.863487 0.212942
vt 0.863487 0.211764
vt 0.710691 0.517388
vt 0.710691 0.518540
vt 0.709586 0.518499
vt 0.862232 0.145141
vt 0.711678 0.517288
vt 0.711678 0.518548
vt 0.713267 0.517259
vt 0.713267 0.518543
vt 0.715303 0.517245
vt 0.715303 0.518546
vt 0.868411 0.145833
vt 0.868411 0.144513
vt 0.866306 0.145820
vt 0.866306 0.144523
vt 0.864610 0.145797
vt 0.864610 0.144527
vt 0.863487 0.145716
vt 0.863487 0.144538
vt 0.710691 0.577557
vt 0.710691 0.578716
vt 0.709585 0.578139
vt 0.862232 0.085174
vt 0.711678 0.577558
vt 0.711678 0.578822
vt 0.713267 0.577564
vt 0.713267 0.578859
vt 0.715303 0.577568
vt 0.715303 0.578879
vt 0.868411 0.085231
vt 0.868411 0.083918
vt 0.866306 0.085223
vt 0.866306 0.083927
vt 0.864610 0.085225
vt 0.864610 0.083958
vt 0.863487 0.085218
vt 0.863487 0.084059
vt 0.710812 0.388198
vt 0.709687 0.388283
vt 0.712625 0.388141
vt 0.714947 0.388109
vt 0.868120 0.274446
vt 0.865719 0.274430
vt 0.863784 0.274390
vt 0.862504 0.274325
vt 0.830029 0.338903
vt 0.829967 0.339201
vt 0.677321 0.388304
vt 0.830029 0.274443
vt 0.677260 0.324078
vt 0.677260 0.388303
vt 0.709687 0.391019
vt 0.710812 0.391038
vt 0.710812 0.445850
vt 0.709687 0.445855
vt 0.712625 0.391049
vt 0.712625 0.445871
vt 0.714947 0.391054
vt 0.714947 0.445897
vt 0.868120 0.271365
vt 0.868120 0.213856
vt 0.865719 0.271378
vt 0.865719 0.213841
vt 0.863784 0.271395
vt 0.863784 0.213823
vt 0.862504 0.271418
vt 0.862504 0.213799
vt 0.860816 0.271443
vt 0.708170 0.445883
vt 0.709687 0.448112
vt 0.710812 0.448216
vt 0.710812 0.516425
vt 0.712625 0.448781
vt 0.712625 0.516385
vt 0.714947 0.449271
vt 0.714947 0.516367
vt 0.868120 0.210762
vt 0.868120 0.146718
vt 0.865719 0.210768
vt 0.865719 0.146711
vt 0.863784 0.210798
vt 0.863784 0.146681
vt 0.862504 0.210851
vt 0.862504 0.146627
vt 0.830029 0.210690
vt 0.829967 0.210688
vt 0.677321 0.516341
vt 0.830029 0.146791
vt 0.677260 0.452895
vt 0.677260 0.516340
vt 0.709687 0.519377
vt 0.710812 0.519399
vt 0.710812 0.576703
vt 0.709687 0.576722
vt 0.712625 0.519413
vt 0.712625 0.576692
vt 0.714947 0.519421
vt 0.714947 0.576686
vt 0.868120 0.143625
vt 0.868120 0.086116
vt 0.865719 0.143641
vt 0.865719 0.086102
vt 0.863784 0.143658
vt 0.863784 0.086086
vt 0.862504 0.143682
vt 0.862504 0.086063
vt 0.860816 0.143707
vt 0.708170 0.576746
vt 0.709687 0.579620
vt 0.710812 0.579687
vt 0.712625 0.579732
vt 0.714947 0.579758
vt 0.868120 0.083036
vt 0.865719 0.083054
vt 0.863784 0.083094
vt 0.862504 0.083157
vt 0.830029 0.083040
vt 0.829967 0.083041
vt 0.677321 0.644081
vt 0.830029 0.018577
vt 0.677260 0.579735
vt 0.677260 0.643783
vt 0.860816 0.273248
vt 0.708170 0.448012
vt 0.860817 0.145544
vt 0.708170 0.578534
vt 0.026436 0.847218
vt 0.025425 0.850053
vt 0.704214 0.324271
vt 0.856925 0.339831
vt 0.707962 0.388354
vt 0.704214 0.388417
vt 0.707438 0.389372
vt 0.856925 0.274189
vt 0.860084 0.211934
vt 0.707962 0.448878
vt 0.704214 0.452522
vt 0.856925 0.210966
vt 0.707962 0.516532
vt 0.704214 0.516548
vt 0.707438 0.517553
vt 0.856925 0.146514
vt 0.860084 0.084230
vt 0.707962 0.579569
vt 0.704214 0.579546
vt 0.856925 0.083295
vt 0.707962 0.643388
vt 0.704214 0.643568
vt 0.550546 0.854040
vt 0.856925 0.017647
vt 0.860682 0.338543
vt 0.856990 0.338708
vt 0.860682 0.274276
vt 0.856990 0.274254
vt 0.860682 0.210892
vt 0.856990 0.210900
vt 0.860682 0.146586
vt 0.856990 0.146579
vt 0.860682 0.083206
vt 0.856990 0.083230
vt 0.547654 0.853137
vt 0.856990 0.018771
vt 0.897453 0.467475
vt 0.793562 0.538232
vt 0.794968 0.536796
vt 0.897453 0.410888
vt 0.794968 0.596403
vt 0.896047 0.412148
vt 0.892183 0.409655
vt 0.892183 0.473166
vt 0.895320 0.469256
vt 0.793562 0.536396
vt 0.792835 0.597306
vt 0.896047 0.410536
vt 0.914569 0.466635
vt 0.913163 0.467707
vt 0.913163 0.467438
vt 0.812083 0.595451
vt 0.913163 0.411297
vt 0.913163 0.411004
vt 0.914569 0.468312
vt 0.915296 0.468779
vt 0.812083 0.597186
vt 0.915296 0.410586
vt 0.918435 0.409688
vt 0.918435 0.473078
vt 0.897453 0.597467
vt 0.793562 0.411367
vt 0.794968 0.409955
vt 0.897453 0.538236
vt 0.794968 0.469532
vt 0.896048 0.539621
vt 0.892183 0.536899
vt 0.892183 0.599336
vt 0.895320 0.598410
vt 0.793562 0.409577
vt 0.792835 0.470497
vt 0.896047 0.537838
vt 0.914569 0.596611
vt 0.913163 0.597906
vt 0.913163 0.597543
vt 0.812083 0.468576
vt 0.913163 0.538738
vt 0.913163 0.538392
vt 0.914569 0.598391
vt 0.915296 0.598384
vt 0.812083 0.470245
vt 0.915296 0.537901
vt 0.918435 0.536970
vt 0.918435 0.599319
vt 0.077639 0.916363
vt 0.083959 0.916363
vt 0.089972 0.914410
vt 0.062801 0.887198
vt 0.060837 0.893206
vt 0.060836 0.899534
vt 0.273728 0.915858
vt 0.267408 0.915858
vt 0.261394 0.913906
vt 0.288566 0.886693
vt 0.290530 0.892701
vt 0.290531 0.899029
vt 0.071631 0.914409
vt 0.067269 0.913723
vt 0.913628 0.346120
vt 0.914727 0.346031
vt 0.945220 0.663546
vt 0.918435 0.664129
vt 0.842734 0.662689
vt 0.918435 0.344732
vt 0.945220 0.536704
vt 0.943596 0.034212
vt 0.842734 0.408457
vt 0.945220 0.409501
vt 0.842734 0.535749
vt 0.943596 0.034291
vt 0.811197 0.344980
vt 0.064423 0.912768
vt 0.915296 0.663988
vt 0.063466 0.909914
vt 0.288583 0.905043
vt 0.812811 0.663168
vt 0.915296 0.344863
vt 0.287901 0.909409
vt 0.100455 0.892508
vt 0.100576 0.898814
vt 0.905364 0.662672
vt 0.098749 0.904868
vt 0.065945 0.882097
vt 0.070990 0.878280
vt 0.076969 0.876205
vt 0.083305 0.876082
vt 0.250911 0.892003
vt 0.250790 0.898309
vt 0.256226 0.909555
vt 0.252618 0.904362
vt 0.803428 0.661932
vt 0.280377 0.877775
vt 0.274397 0.875700
vt 0.268062 0.875577
vt 0.762925 0.344093
vt 0.892183 0.664095
vt 0.865411 0.345395
vt 0.892183 0.344768
vt 0.762925 0.471730
vt 0.865411 0.599589
vt 0.762925 0.598513
vt 0.865411 0.473620
vt 0.792835 0.343574
vt 0.895320 0.663938
vt 0.895320 0.344916
vt 0.792835 0.663318
vt 0.098754 0.881046
vt 0.897554 0.662692
vt 0.895841 0.346056
vt 0.252984 0.886044
vt 0.793429 0.344749
vt 0.089369 0.877916
vt 0.256489 0.876829
vt 0.795238 0.662033
vt 0.897554 0.536773
vt 0.895841 0.473981
vt 0.892119 0.473800
vt 0.905364 0.536652
vt 0.902778 0.474154
vt 0.900471 0.474170
vt 0.898672 0.474164
vt 0.897554 0.474093
vt 0.913628 0.474108
vt 0.918452 0.473841
vt 0.914727 0.474022
vt 0.914727 0.536885
vt 0.945233 0.473640
vt 0.943566 0.034212
vt 0.943566 0.034291
vt 0.945220 0.473657
vt 0.905364 0.474143
vt 0.908169 0.474149
vt 0.910527 0.474167
vt 0.912409 0.474168
vt 0.793429 0.662145
vt 0.789762 0.662308
vt 0.789762 0.598316
vt 0.724644 0.453447
vt 0.722750 0.453446
vt 0.720375 0.453429
vt 0.717551 0.453421
vt 0.757683 0.452933
vt 0.943566 0.025516
vt 0.943566 0.025437
vt 0.757696 0.452916
vt 0.726979 0.453302
vt 0.730730 0.453117
vt 0.726979 0.516600
vt 0.725873 0.453387
vt 0.709687 0.453373
vt 0.710812 0.453444
vt 0.712625 0.453449
vt 0.717551 0.516364
vt 0.714947 0.453431
vt 0.704214 0.453076
vt 0.709687 0.516487
vt 0.707962 0.453259
vt 0.862504 0.338432
vt 0.029328 0.846315
vt 0.860816 0.211936
vt 0.707438 0.448500
vt 0.708170 0.389370
vt 0.860084 0.273253
vt 0.025799 0.855593
vt 0.707962 0.324445
vt 0.860084 0.339696
vt 0.707438 0.323297
vt 0.829967 0.146791
vt 0.677321 0.579735
vt 0.829967 0.274443
vt 0.677321 0.452895
vt 0.704279 0.388482
vt 0.704279 0.452438
vt 0.704279 0.644691
vt 0.829967 0.018279
vt 0.704279 0.323148
vt 0.677321 0.323781
vt 0.860817 0.213774
vt 0.709586 0.446704
vt 0.862232 0.212338
vt 0.709586 0.389724
vt 0.708170 0.390994
vt 0.862232 0.272307
vt 0.040981 0.845054
vt 0.047360 0.845178
vt 0.053381 0.847268
vt 0.870751 0.338329
vt 0.025430 0.874039
vt 0.029063 0.879267
vt 0.023590 0.867944
vt 0.023712 0.861594
vt 0.061644 0.874725
vt 0.879649 0.338388
vt 0.726820 0.447549
vt 0.880199 0.212159
vt 0.879466 0.273166
vt 0.727552 0.389420
vt 0.725873 0.324510
vt 0.057128 0.882956
vt 0.727552 0.323245
vt 0.880199 0.339541
vt 0.943597 0.025437
vt 0.757683 0.516417
vt 0.910330 0.083085
vt 0.757683 0.388326
vt 0.943597 0.025516
vt 0.910330 0.211258
vt 0.730713 0.388515
vt 0.730713 0.452349
vt 0.730713 0.644725
vt 0.757683 0.644140
vt 0.730713 0.323112
vt 0.910330 0.339089
vt 0.726820 0.445857
vt 0.878050 0.212954
vt 0.725404 0.446939
vt 0.878050 0.272672
vt 0.879466 0.271397
vt 0.725404 0.390136
vt 0.063606 0.868668
vt 0.063604 0.862297
vt 0.061627 0.856247
vt 0.034267 0.883648
vt 0.040323 0.885614
vt 0.046686 0.885614
vt 0.726820 0.578529
vt 0.880199 0.084328
vt 0.879466 0.145326
vt 0.727552 0.517623
vt 0.730713 0.516685
vt 0.730713 0.579463
vt 0.726820 0.576737
vt 0.878050 0.085164
vt 0.725404 0.578040
vt 0.878050 0.144854
vt 0.879466 0.143637
vt 0.725404 0.518463
vt 0.860816 0.084235
vt 0.707438 0.578547
vt 0.708170 0.517559
vt 0.860084 0.145545
vt 0.704278 0.516614
vt 0.704278 0.579480
vt 0.860816 0.086037
vt 0.709586 0.577599
vt 0.862232 0.084632
vt 0.709585 0.517961
vt 0.708170 0.519351
vt 0.862232 0.144586
vt 0.542107 0.853723
vt 0.860682 0.018939
vt 0.709687 0.643279
vt 0.551557 0.856875
vt 0.707438 0.644533
vt 0.860084 0.017783
vt 0.536001 0.851875
vt 0.529622 0.852000
vt 0.523601 0.854090
vt 0.518520 0.857933
vt 0.551553 0.880861
vt 0.717551 0.643259
vt 0.553392 0.874766
vt 0.553270 0.868416
vt 0.878573 0.019173
vt 0.516025 0.885943
vt 0.524246 0.890469
vt 0.726979 0.643412
vt 0.880199 0.017939
vt 0.727552 0.644584
vt 0.513376 0.875490
vt 0.513378 0.869119
vt 0.515355 0.863069
vt 0.542715 0.890470
vt 0.536659 0.892436
vt 0.530297 0.892436
vt 0.495254 0.720654
vt 0.471433 0.722456
vt 0.471374 0.683814
vt 0.495192 0.679857
vt 0.495366 0.793719
vt 0.471539 0.791661
vt 0.440133 0.725152
vt 0.440079 0.689743
vt 0.471369 0.680710
vt 0.495431 0.677044
vt 0.495420 0.828912
vt 0.471590 0.824995
vt 0.440231 0.788568
vt 0.390522 0.727556
vt 0.390472 0.694989
vt 0.440075 0.686899
vt 0.471366 0.678798
vt 0.495428 0.674471
vt 0.495425 0.831749
vt 0.471595 0.828125
vt 0.440277 0.819113
vt 0.390611 0.785882
vt 0.390468 0.692656
vt 0.440072 0.685280
vt 0.471364 0.677127
vt 0.495425 0.672797
vt 0.471597 0.829421
vt 0.495428 0.833674
vt 0.440282 0.821981
vt 0.390655 0.813975
vt 0.390466 0.691015
vt 0.440070 0.683615
vt 0.440283 0.823035
vt 0.495430 0.835349
vt 0.471600 0.831092
vt 0.390658 0.816328
vt 0.390463 0.689353
vt 0.390660 0.817452
vt 0.440286 0.824700
vt 0.390662 0.819115
vt 0.106231 0.798542
vt 0.107068 0.798707
vt 0.107068 0.801106
vt 0.106231 0.800839
vt 0.105531 0.795534
vt 0.107068 0.795898
vt 0.111835 0.798869
vt 0.111835 0.801110
vt 0.107068 0.802864
vt 0.106231 0.802374
vt 0.105531 0.758692
vt 0.107019 0.759324
vt 0.112283 0.796131
vt 0.112741 0.798702
vt 0.112741 0.800843
vt 0.111835 0.802915
vt 0.105531 0.683445
vt 0.107000 0.682906
vt 0.112317 0.759324
vt 0.112741 0.795828
vt 0.112741 0.802600
vt 0.105775 0.640829
vt 0.107135 0.640236
vt 0.112322 0.682906
vt 0.112741 0.759143
vt 0.106326 0.637242
vt 0.107135 0.636808
vt 0.112283 0.640236
vt 0.112741 0.683060
vt 0.106135 0.634663
vt 0.106951 0.634610
vt 0.112184 0.636808
vt 0.112741 0.640332
vt 0.106135 0.633656
vt 0.106951 0.632852
vt 0.112000 0.634610
vt 0.112741 0.636777
vt 0.112000 0.632852
vt 0.112741 0.634656
vt 0.112741 0.633196
vt 0.571108 0.128210
vt 0.572105 0.128270
vt 0.572119 0.165580
vt 0.571122 0.165152
vt 0.571109 0.052935
vt 0.572105 0.052865
vt 0.571129 0.021752
vt 0.572121 0.021319
vt 0.838456 0.828871
vt 0.838456 0.884238
vt 0.835554 0.884635
vt 0.835554 0.828871
vt 0.838456 0.914008
vt 0.835554 0.914870
vt 0.838456 0.803348
vt 0.835554 0.803348
vt 0.971957 0.827147
vt 0.971952 0.887896
vt 0.964923 0.887644
vt 0.964923 0.827359
vt 0.972964 0.827343
vt 0.972964 0.887665
vt 0.971914 0.917155
vt 0.964947 0.916683
vt 0.964051 0.887613
vt 0.964051 0.827386
vt 0.971915 0.793229
vt 0.964947 0.793697
vt 0.972964 0.793355
vt 0.972964 0.917027
vt 0.971968 0.917993
vt 0.964920 0.917496
vt 0.964051 0.916322
vt 0.964051 0.794057
vt 0.971968 0.791873
vt 0.964920 0.792369
vt 0.971982 0.919654
vt 0.964933 0.919157
vt 0.964051 0.917072
vt 0.964051 0.792793
vt 0.964933 0.790709
vt 0.971982 0.790212
vt 0.822518 0.898339
vt 0.822518 0.827406
vt 0.824505 0.827406
vt 0.824523 0.898339
vt 0.824823 0.898772
vt 0.824799 0.826972
vt 0.943566 0.085238
vt 0.943754 0.085313
vt 0.943765 0.159712
vt 0.943575 0.159780
vt 0.500340 0.888643
vt 0.500355 0.811594
vt 0.502431 0.811591
vt 0.502421 0.888641
vt 0.502841 0.811861
vt 0.502836 0.888383
vt 0.676681 0.791824
vt 0.672098 0.791824
vt 0.672093 0.713806
vt 0.676681 0.713806
vt 0.676619 0.829403
vt 0.672132 0.829403
vt 0.671673 0.791640
vt 0.671673 0.713963
vt 0.672131 0.670243
vt 0.676619 0.670243
vt 0.678631 0.713649
vt 0.678631 0.792008
vt 0.672078 0.830864
vt 0.676648 0.830898
vt 0.671673 0.829093
vt 0.678631 0.828365
vt 0.671673 0.670551
vt 0.672078 0.668117
vt 0.676654 0.668082
vt 0.678631 0.671681
vt 0.671673 0.830692
vt 0.678631 0.829436
vt 0.672078 0.832606
vt 0.676541 0.832606
vt 0.671673 0.668289
vt 0.672078 0.666374
vt 0.676552 0.666374
vt 0.678631 0.669744
vt 0.712887 0.025164
vt 0.707067 0.017202
vt 0.713983 0.018615
vt 0.711846 0.029891
vt 0.707121 0.038272
vt 0.707068 0.016498
vt 0.714097 0.017934
vt 0.709780 0.038851
vt 0.714346 0.018109
vt 0.714164 0.018362
vt 0.707074 0.039929
vt 0.709411 0.040448
vt 0.713845 0.026283
vt 0.715205 0.020056
vt 0.688436 0.034629
vt 0.688438 0.032012
vt 0.698767 0.031992
vt 0.698766 0.034609
vt 0.688436 0.029826
vt 0.698766 0.029806
vt 0.688447 0.025368
vt 0.698776 0.025348
vt 0.688451 0.023522
vt 0.698780 0.023502
vt 0.957080 0.937365
vt 0.957018 0.978162
vt 0.933200 0.974205
vt 0.933259 0.935564
vt 0.957257 0.980976
vt 0.933195 0.977310
vt 0.901905 0.968277
vt 0.901959 0.932868
vt 0.957192 0.864301
vt 0.933365 0.866359
vt 0.957253 0.983548
vt 0.933192 0.979222
vt 0.901901 0.971121
vt 0.852298 0.963031
vt 0.852348 0.930463
vt 0.902056 0.869452
vt 0.957246 0.829108
vt 0.933416 0.833025
vt 0.957251 0.985223
vt 0.933190 0.980893
vt 0.901898 0.972740
vt 0.852294 0.965364
vt 0.852437 0.872138
vt 0.902103 0.838907
vt 0.933421 0.829895
vt 0.957251 0.826271
vt 0.901896 0.974405
vt 0.852292 0.967005
vt 0.852481 0.844044
vt 0.902108 0.836038
vt 0.933423 0.828598
vt 0.957254 0.824345
vt 0.852289 0.968667
vt 0.852484 0.841691
vt 0.902109 0.834984
vt 0.933426 0.826927
vt 0.957256 0.822670
vt 0.852486 0.840567
vt 0.902112 0.833319
vt 0.852488 0.838905
vt 0.683547 0.652125
vt 0.683547 0.649828
vt 0.684384 0.649561
vt 0.684384 0.651960
vt 0.684384 0.647802
vt 0.683547 0.648293
vt 0.689151 0.649557
vt 0.689151 0.651798
vt 0.682847 0.655132
vt 0.684384 0.654768
vt 0.689151 0.647751
vt 0.690057 0.649824
vt 0.690057 0.651965
vt 0.689599 0.654535
vt 0.682847 0.691974
vt 0.684334 0.691343
vt 0.690057 0.648066
vt 0.690057 0.654839
vt 0.689632 0.691343
vt 0.684316 0.767761
vt 0.682847 0.767221
vt 0.690057 0.691523
vt 0.689638 0.767761
vt 0.684451 0.810430
vt 0.683091 0.809837
vt 0.690057 0.767607
vt 0.689599 0.810430
vt 0.684451 0.813858
vt 0.683642 0.813424
vt 0.690057 0.810335
vt 0.689500 0.813858
vt 0.684267 0.816057
vt 0.683451 0.816003
vt 0.690057 0.813890
vt 0.689316 0.816057
vt 0.683451 0.817011
vt 0.684267 0.817815
vt 0.690057 0.816011
vt 0.689316 0.817815
vt 0.690057 0.817471
vt 0.563659 0.059256
vt 0.563672 0.022314
vt 0.564669 0.021886
vt 0.564655 0.059197
vt 0.564656 0.134602
vt 0.563659 0.134532
vt 0.564671 0.166148
vt 0.563680 0.165714
vt 0.108433 0.893004
vt 0.105531 0.893004
vt 0.105531 0.837638
vt 0.108433 0.837638
vt 0.108433 0.918528
vt 0.105531 0.918528
vt 0.105531 0.807867
vt 0.108433 0.807867
vt 0.508246 0.765393
vt 0.501211 0.765180
vt 0.501211 0.704896
vt 0.508241 0.704644
vt 0.508204 0.799311
vt 0.501236 0.798843
vt 0.500340 0.765154
vt 0.500340 0.704927
vt 0.501236 0.675858
vt 0.508203 0.675385
vt 0.509253 0.704875
vt 0.509253 0.765197
vt 0.508256 0.800667
vt 0.501209 0.800171
vt 0.500340 0.798483
vt 0.509253 0.799185
vt 0.500340 0.676218
vt 0.501209 0.675044
vt 0.508256 0.674547
vt 0.509253 0.675513
vt 0.508271 0.802328
vt 0.501222 0.801831
vt 0.500340 0.799747
vt 0.509253 0.801608
vt 0.508204 0.802036
vt 0.500340 0.675468
vt 0.501222 0.673383
vt 0.508271 0.672886
vt 0.509253 0.803088
vt 0.508256 0.803452
vt 0.508271 0.805186
vt 0.509253 0.804250
vt 0.843003 0.826214
vt 0.845008 0.826214
vt 0.844990 0.897147
vt 0.843003 0.897147
vt 0.845308 0.825780
vt 0.845284 0.897581
vt 0.507795 0.885934
vt 0.507804 0.811392
vt 0.507994 0.811460
vt 0.507983 0.885860
vt 0.688434 0.824625
vt 0.690515 0.824628
vt 0.690525 0.901677
vt 0.688449 0.901675
vt 0.690930 0.824886
vt 0.690934 0.901407
vt 0.868496 0.707157
vt 0.868496 0.785175
vt 0.863907 0.785175
vt 0.863913 0.707157
vt 0.870446 0.785332
vt 0.870446 0.706973
vt 0.868434 0.828738
vt 0.863946 0.828738
vt 0.863488 0.785018
vt 0.863488 0.707340
vt 0.868434 0.669578
vt 0.863946 0.669578
vt 0.870446 0.827299
vt 0.870446 0.670616
vt 0.868469 0.830898
vt 0.863893 0.830864
vt 0.863488 0.828430
vt 0.863488 0.669888
vt 0.863893 0.668117
vt 0.868463 0.668082
vt 0.870446 0.829236
vt 0.870446 0.669544
vt 0.868367 0.832606
vt 0.863893 0.832606
vt 0.863488 0.830692
vt 0.863488 0.668289
vt 0.863893 0.666374
vt 0.868356 0.666374
vt 0.485893 0.849088
vt 0.491713 0.841125
vt 0.491659 0.862195
vt 0.486934 0.853815
vt 0.484797 0.842538
vt 0.489001 0.862774
vt 0.491712 0.840421
vt 0.484683 0.841858
vt 0.491706 0.863853
vt 0.489369 0.864371
vt 0.484434 0.842032
vt 0.484616 0.842285
vt 0.484935 0.850206
vt 0.483575 0.843979
vt 0.741615 0.036492
vt 0.731285 0.036472
vt 0.731284 0.033855
vt 0.741613 0.033875
vt 0.731285 0.031668
vt 0.741615 0.031688
vt 0.731275 0.027210
vt 0.741604 0.027230
vt 0.731271 0.025364
vt 0.741600 0.025384
vt 0.464989 0.941525
vt 0.464942 0.981322
vt 0.357104 0.957627
vt 0.356965 0.930798
vt 0.465674 0.982334
vt 0.465674 0.941593
vt 0.355115 0.956333
vt 0.355080 0.930610
vt 0.464990 0.870335
vt 0.356963 0.882872
vt 0.465674 0.870255
vt 0.355079 0.883091
vt 0.464952 0.836064
vt 0.357141 0.859755
vt 0.465674 0.835066
vt 0.355126 0.861068
vt 0.682843 0.842239
vt 0.682880 0.882116
vt 0.574856 0.892820
vt 0.575033 0.865931
vt 0.683566 0.841242
vt 0.683566 0.882048
vt 0.682881 0.953111
vt 0.574854 0.940615
vt 0.573017 0.867243
vt 0.572971 0.893007
vt 0.683566 0.953190
vt 0.682833 0.987402
vt 0.574995 0.963739
vt 0.572971 0.940398
vt 0.683566 0.988413
vt 0.573007 0.962445
vt 0.377427 0.785438
vt 0.377427 0.712768
vt 0.380210 0.712768
vt 0.380210 0.785438
vt 0.377427 0.671890
vt 0.380210 0.671890
vt 0.381240 0.785438
vt 0.381240 0.712767
vt 0.377427 0.820506
vt 0.380210 0.820506
vt 0.381240 0.672920
vt 0.381240 0.819477
vt 0.366253 0.778273
vt 0.366253 0.705465
vt 0.369036 0.705465
vt 0.369036 0.778273
vt 0.366253 0.670346
vt 0.369036 0.670346
vt 0.370066 0.778273
vt 0.370066 0.705465
vt 0.366253 0.819007
vt 0.369036 0.819007
vt 0.370066 0.671375
vt 0.370066 0.817977
vt 0.776773 0.914058
vt 0.721407 0.914058
vt 0.720116 0.861785
vt 0.777876 0.861785
vt 0.695883 0.914058
vt 0.695883 0.860500
vt 0.720116 0.804955
vt 0.777876 0.804955
vt 0.806544 0.860500
vt 0.806544 0.914058
vt 0.695883 0.804685
vt 0.720116 0.789892
vt 0.777876 0.789892
vt 0.806544 0.804685
vt 0.695883 0.789892
vt 0.720116 0.774829
vt 0.777876 0.774829
vt 0.806544 0.789892
vt 0.695883 0.775099
vt 0.720116 0.717999
vt 0.777876 0.717999
vt 0.806544 0.775099
vt 0.695883 0.719283
vt 0.776773 0.665725
vt 0.721407 0.665725
vt 0.806544 0.719283
vt 0.695883 0.665725
vt 0.806544 0.665725
vt 0.183435 0.345656
vt 0.148242 0.345656
vt 0.147366 0.342295
vt 0.181717 0.342295
vt 0.186566 0.349196
vt 0.149881 0.349155
vt 0.075177 0.345656
vt 0.076026 0.342295
vt 0.147366 0.340661
vt 0.181716 0.340661
vt 0.184800 0.345656
vt 0.182991 0.342295
vt 0.189440 0.352887
vt 0.073798 0.349149
vt 0.034380 0.345656
vt 0.036137 0.342295
vt 0.076027 0.340661
vt 0.182554 0.338882
vt 0.147365 0.338891
vt 0.184625 0.340661
vt 0.186435 0.344021
vt 0.187602 0.348758
vt 0.191581 0.353170
vt 0.031070 0.348979
vt 0.032392 0.345656
vt 0.034202 0.342295
vt 0.036137 0.340661
vt 0.076027 0.338890
vt 0.184625 0.338133
vt 0.189230 0.347074
vt 0.186435 0.341394
vt 0.193338 0.351484
vt 0.027515 0.353064
vt 0.030757 0.344021
vt 0.032567 0.340661
vt 0.035286 0.338893
vt 0.182522 0.270755
vt 0.184625 0.270755
vt 0.193186 0.348888
vt 0.189683 0.344820
vt 0.186435 0.272413
vt 0.025394 0.353056
vt 0.029253 0.348495
vt 0.028197 0.347409
vt 0.030757 0.341394
vt 0.032567 0.338133
vt 0.181556 0.337800
vt 0.181520 0.270553
vt 0.182486 0.200645
vt 0.184625 0.200645
vt 0.189629 0.274126
vt 0.186435 0.200645
vt 0.023934 0.351686
vt 0.024015 0.349061
vt 0.027637 0.345105
vt 0.030757 0.272413
vt 0.032567 0.270755
vt 0.035306 0.270755
vt 0.181493 0.200609
vt 0.182481 0.185582
vt 0.184625 0.185582
vt 0.189633 0.200645
vt 0.190007 0.274329
vt 0.190007 0.345163
vt 0.186435 0.185582
vt 0.023590 0.348944
vt 0.023590 0.351731
vt 0.027185 0.345163
vt 0.027564 0.274126
vt 0.030757 0.200645
vt 0.032567 0.200645
vt 0.035316 0.200645
vt 0.036298 0.337795
vt 0.036308 0.270553
vt 0.181488 0.185582
vt 0.182476 0.170520
vt 0.184625 0.170520
vt 0.189633 0.185582
vt 0.190007 0.200645
vt 0.186435 0.170520
vt 0.027185 0.274329
vt 0.027560 0.200645
vt 0.030757 0.185582
vt 0.032567 0.185582
vt 0.035316 0.185582
vt 0.036309 0.200609
vt 0.181483 0.170556
vt 0.182464 0.100409
vt 0.184625 0.100409
vt 0.189633 0.170520
vt 0.190007 0.185582
vt 0.186435 0.098751
vt 0.027185 0.200645
vt 0.027560 0.185582
vt 0.030757 0.170520
vt 0.032567 0.170520
vt 0.035315 0.170520
vt 0.036308 0.185582
vt 0.181462 0.100611
vt 0.182462 0.032272
vt 0.184625 0.033032
vt 0.189629 0.097039
vt 0.190007 0.170520
vt 0.186435 0.029770
vt 0.027185 0.185582
vt 0.027560 0.170520
vt 0.030757 0.098751
vt 0.032567 0.100409
vt 0.035301 0.100409
vt 0.036308 0.170556
vt 0.181451 0.033369
vt 0.184625 0.030504
vt 0.181611 0.030504
vt 0.189683 0.026344
vt 0.190007 0.096836
vt 0.186435 0.027143
vt 0.027185 0.170520
vt 0.027564 0.097039
vt 0.030757 0.029770
vt 0.032567 0.033032
vt 0.035290 0.032283
vt 0.036304 0.100611
vt 0.147238 0.032274
vt 0.147238 0.030504
vt 0.181610 0.028869
vt 0.182991 0.028869
vt 0.193186 0.022276
vt 0.190007 0.026002
vt 0.184800 0.025509
vt 0.027185 0.096836
vt 0.027637 0.026060
vt 0.030757 0.027143
vt 0.032567 0.030504
vt 0.036129 0.030504
vt 0.036288 0.033365
vt 0.076097 0.032274
vt 0.076097 0.030504
vt 0.147237 0.028869
vt 0.183435 0.025509
vt 0.193338 0.019681
vt 0.189230 0.024090
vt 0.187602 0.022407
vt 0.027185 0.026002
vt 0.024015 0.022103
vt 0.032392 0.025509
vt 0.034202 0.028869
vt 0.036129 0.028869
vt 0.076097 0.028869
vt 0.148242 0.025509
vt 0.186566 0.021969
vt 0.189440 0.018277
vt 0.191581 0.017994
vt 0.023590 0.022221
vt 0.023934 0.019478
vt 0.028197 0.023756
vt 0.034380 0.025509
vt 0.029253 0.022670
vt 0.075177 0.025509
vt 0.149881 0.022010
vt 0.023590 0.019433
vt 0.025394 0.018109
vt 0.027515 0.018100
vt 0.031070 0.022186
vt 0.073798 0.022016
vt 0.243148 0.347410
vt 0.207219 0.347410
vt 0.209034 0.343987
vt 0.244154 0.343987
vt 0.241474 0.350972
vt 0.204022 0.351014
vt 0.205824 0.347410
vt 0.207672 0.343987
vt 0.209035 0.342322
vt 0.244154 0.342322
vt 0.317743 0.347410
vt 0.316964 0.343987
vt 0.319151 0.350967
vt 0.202423 0.350951
vt 0.204155 0.345745
vt 0.206003 0.342322
vt 0.209035 0.339748
vt 0.244154 0.339748
vt 0.316963 0.342322
vt 0.359394 0.347410
vt 0.357696 0.343987
vt 0.362563 0.351013
vt 0.200922 0.349481
vt 0.204155 0.343069
vt 0.206003 0.339748
vt 0.316962 0.339748
vt 0.357696 0.342322
vt 0.361424 0.347410
vt 0.359577 0.343987
vt 0.364825 0.350951
vt 0.200508 0.349657
vt 0.202251 0.351364
vt 0.200840 0.346559
vt 0.204155 0.272821
vt 0.206003 0.271132
vt 0.209039 0.271132
vt 0.357695 0.339748
vt 0.361246 0.342322
vt 0.363093 0.345745
vt 0.366327 0.349481
vt 0.200508 0.346907
vt 0.200895 0.274565
vt 0.204155 0.199742
vt 0.206003 0.199742
vt 0.209044 0.199742
vt 0.361246 0.339748
vt 0.363093 0.343069
vt 0.366409 0.346559
vt 0.364998 0.351364
vt 0.366740 0.349657
vt 0.200508 0.274772
vt 0.200891 0.199742
vt 0.204155 0.184679
vt 0.206003 0.184679
vt 0.209045 0.184679
vt 0.361246 0.271132
vt 0.357690 0.271132
vt 0.363093 0.272821
vt 0.366354 0.274565
vt 0.366740 0.346907
vt 0.200508 0.199742
vt 0.200891 0.184679
vt 0.204155 0.169616
vt 0.206003 0.169616
vt 0.209046 0.169616
vt 0.361246 0.199742
vt 0.357684 0.199742
vt 0.363093 0.199742
vt 0.366358 0.199742
vt 0.366740 0.274772
vt 0.200508 0.184679
vt 0.200891 0.169616
vt 0.204155 0.096537
vt 0.206003 0.098226
vt 0.209051 0.098226
vt 0.357683 0.184679
vt 0.361246 0.184679
vt 0.363093 0.184679
vt 0.366358 0.184679
vt 0.366740 0.199742
vt 0.200508 0.169616
vt 0.200895 0.094793
vt 0.204155 0.026289
vt 0.206003 0.029610
vt 0.209055 0.029610
vt 0.361246 0.169616
vt 0.357682 0.169616
vt 0.363093 0.169616
vt 0.366358 0.169616
vt 0.366740 0.184679
vt 0.200508 0.094587
vt 0.200840 0.022800
vt 0.204155 0.023614
vt 0.206003 0.027036
vt 0.209055 0.027036
vt 0.361246 0.098226
vt 0.357676 0.098226
vt 0.363093 0.096537
vt 0.366354 0.094793
vt 0.366740 0.169616
vt 0.200508 0.022451
vt 0.200922 0.019877
vt 0.205824 0.021949
vt 0.207672 0.025371
vt 0.209055 0.025371
vt 0.244123 0.027036
vt 0.244124 0.029610
vt 0.357671 0.029610
vt 0.361246 0.029610
vt 0.363093 0.026289
vt 0.366409 0.022800
vt 0.366740 0.094587
vt 0.200508 0.019701
vt 0.202423 0.018407
vt 0.207219 0.021949
vt 0.244123 0.025371
vt 0.316792 0.027036
vt 0.316794 0.029610
vt 0.357671 0.027036
vt 0.361246 0.027036
vt 0.363093 0.023614
vt 0.366327 0.019877
vt 0.366740 0.022451
vt 0.202251 0.017994
vt 0.204022 0.018344
vt 0.243148 0.021949
vt 0.316792 0.025371
vt 0.357671 0.025371
vt 0.359577 0.025371
vt 0.361424 0.021949
vt 0.364825 0.018407
vt 0.366740 0.019701
vt 0.241474 0.018386
vt 0.317743 0.021949
vt 0.359394 0.021949
vt 0.362563 0.018345
vt 0.364998 0.017994
vt 0.319151 0.018391
vt 0.538382 0.347156
vt 0.539934 0.349097
vt 0.538227 0.350770
vt 0.536765 0.348574
vt 0.538625 0.345060
vt 0.539934 0.346313
vt 0.529277 0.339511
vt 0.538206 0.274153
vt 0.539934 0.274177
vt 0.535693 0.348746
vt 0.534176 0.272370
vt 0.538206 0.199148
vt 0.539934 0.199148
vt 0.499336 0.348681
vt 0.497731 0.342787
vt 0.534177 0.199148
vt 0.538206 0.184085
vt 0.539934 0.184085
vt 0.420977 0.348681
vt 0.422326 0.342789
vt 0.534177 0.184085
vt 0.538206 0.169022
vt 0.539934 0.169022
vt 0.379009 0.348746
vt 0.385016 0.339523
vt 0.534177 0.169022
vt 0.538206 0.094017
vt 0.539934 0.093992
vt 0.377073 0.348724
vt 0.534176 0.095800
vt 0.538625 0.023110
vt 0.539934 0.021857
vt 0.375265 0.347143
vt 0.529277 0.028659
vt 0.538382 0.021013
vt 0.539934 0.019073
vt 0.375411 0.350770
vt 0.373703 0.349097
vt 0.374981 0.344481
vt 0.536765 0.019596
vt 0.538227 0.017400
vt 0.373703 0.346313
vt 0.380093 0.272356
vt 0.375429 0.274153
vt 0.373703 0.274177
vt 0.375429 0.199148
vt 0.380096 0.199148
vt 0.535693 0.019424
vt 0.373703 0.199148
vt 0.375429 0.184085
vt 0.380096 0.184085
vt 0.499336 0.019489
vt 0.497731 0.025382
vt 0.373703 0.184085
vt 0.375429 0.169022
vt 0.380096 0.169022
vt 0.420977 0.019489
vt 0.422326 0.025380
vt 0.373703 0.169022
vt 0.375429 0.094017
vt 0.380093 0.095813
vt 0.379009 0.019424
vt 0.385016 0.028646
vt 0.373703 0.093992
vt 0.374981 0.023689
vt 0.377073 0.019446
vt 0.373703 0.021857
vt 0.375265 0.021027
vt 0.373703 0.019073
vt 0.375411 0.017400
vt 0.360178 0.701563
vt 0.360178 0.774628
vt 0.357662 0.775622
vt 0.357642 0.700375
vt 0.360178 0.815425
vt 0.356943 0.818238
vt 0.360178 0.666370
vt 0.356942 0.663533
vt 0.811805 0.811352
vt 0.813181 0.742384
vt 0.815402 0.743633
vt 0.814678 0.814540
vt 0.814566 0.672932
vt 0.816823 0.672992
vt 0.816714 0.744371
vt 0.815301 0.815190
vt 0.814467 0.671302
vt 0.816861 0.671354
vt 0.818180 0.670878
vt 0.818821 0.819042
vt 0.817179 0.818883
vt 0.818765 0.821829
vt 0.817960 0.821821
vt 0.815114 0.817831
vt 0.813406 0.819440
vt 0.816934 0.822770
vt 0.810845 0.818831
vt 0.814370 0.821999
vt 0.954588 0.265743
vt 0.954588 0.334724
vt 0.951652 0.337854
vt 0.952342 0.266947
vt 0.951015 0.267658
vt 0.951015 0.338492
vt 0.952329 0.193975
vt 0.954588 0.193975
vt 0.951015 0.193975
vt 0.952329 0.178912
vt 0.954588 0.178912
vt 0.951015 0.178912
vt 0.952329 0.163849
vt 0.954588 0.163849
vt 0.951015 0.163849
vt 0.952342 0.090877
vt 0.954588 0.092081
vt 0.951015 0.090165
vt 0.951652 0.019969
vt 0.954588 0.023100
vt 0.951015 0.019331
vt 0.680955 0.028088
vt 0.683298 0.028181
vt 0.683189 0.033096
vt 0.681122 0.033100
vt 0.684352 0.026477
vt 0.684574 0.031204
vt 0.679124 0.025318
vt 0.679557 0.031121
vt 0.679123 0.031391
vt 0.680822 0.033500
vt 0.208477 0.889064
vt 0.148251 0.889064
vt 0.150880 0.883467
vt 0.206643 0.884463
vt 0.148251 0.891680
vt 0.208477 0.891680
vt 0.125356 0.883467
vt 0.120486 0.889064
vt 0.240862 0.889064
vt 0.236879 0.884463
vt 0.119542 0.891705
vt 0.241806 0.891705
vt 0.125356 0.829909
vt 0.120486 0.832754
vt 0.236017 0.829909
vt 0.240862 0.832754
vt 0.118791 0.891684
vt 0.118090 0.890476
vt 0.243385 0.890549
vt 0.243070 0.891684
vt 0.117668 0.889064
vt 0.117665 0.832754
vt 0.120486 0.774094
vt 0.125356 0.774094
vt 0.236017 0.774094
vt 0.240862 0.774094
vt 0.244193 0.889064
vt 0.244196 0.832754
vt 0.117668 0.890511
vt 0.244193 0.890511
vt 0.116705 0.832812
vt 0.116705 0.889177
vt 0.117665 0.774094
vt 0.120486 0.759301
vt 0.125356 0.759301
vt 0.236017 0.759301
vt 0.240862 0.759301
vt 0.244196 0.774094
vt 0.245156 0.832812
vt 0.245156 0.889177
vt 0.118367 0.892656
vt 0.116706 0.890990
vt 0.245155 0.890990
vt 0.243494 0.892656
vt 0.116705 0.774094
vt 0.117665 0.759301
vt 0.120486 0.744508
vt 0.125356 0.744508
vt 0.236017 0.744508
vt 0.240862 0.744508
vt 0.244196 0.759301
vt 0.245156 0.774094
vt 0.116705 0.759301
vt 0.117665 0.744508
vt 0.120486 0.685847
vt 0.125356 0.688692
vt 0.236017 0.688692
vt 0.240862 0.685847
vt 0.244196 0.744508
vt 0.245156 0.759301
vt 0.116705 0.744508
vt 0.117665 0.685847
vt 0.120486 0.629537
vt 0.125356 0.635134
vt 0.236017 0.635134
vt 0.240862 0.629537
vt 0.244196 0.685847
vt 0.245156 0.744508
vt 0.116705 0.685789
vt 0.117668 0.629537
vt 0.148251 0.629537
vt 0.150880 0.635134
vt 0.206246 0.635134
vt 0.208477 0.629537
vt 0.244193 0.629537
vt 0.245156 0.685789
vt 0.116705 0.629424
vt 0.117668 0.628090
vt 0.118090 0.628126
vt 0.119542 0.626897
vt 0.148251 0.626922
vt 0.208477 0.626922
vt 0.241806 0.626897
vt 0.245156 0.629424
vt 0.243385 0.628052
vt 0.244193 0.628090
vt 0.116706 0.627611
vt 0.118791 0.626917
vt 0.243070 0.626917
vt 0.245155 0.627611
vt 0.118367 0.625945
vt 0.243494 0.625945
vt 0.559041 0.075399
vt 0.559041 0.133724
vt 0.556523 0.134808
vt 0.556528 0.074486
vt 0.559041 0.161818
vt 0.556210 0.164171
vt 0.559041 0.042831
vt 0.556210 0.040499
vt 0.953591 0.545531
vt 0.953591 0.600597
vt 0.951189 0.603266
vt 0.951745 0.546378
vt 0.951727 0.487879
vt 0.953591 0.488149
vt 0.951727 0.473086
vt 0.953591 0.473086
vt 0.951016 0.487879
vt 0.951015 0.547040
vt 0.951727 0.458293
vt 0.953591 0.458023
vt 0.951016 0.473086
vt 0.951016 0.458293
vt 0.951745 0.399795
vt 0.953591 0.400641
vt 0.951015 0.399133
vt 0.951189 0.342907
vt 0.953591 0.345575
vt 0.336456 0.612616
vt 0.336456 0.557550
vt 0.338303 0.558397
vt 0.338859 0.615285
vt 0.336456 0.500168
vt 0.338321 0.499898
vt 0.336456 0.485105
vt 0.338321 0.485105
vt 0.339032 0.559059
vt 0.339031 0.499898
vt 0.336456 0.470043
vt 0.338321 0.470312
vt 0.339031 0.485105
vt 0.336456 0.412660
vt 0.338303 0.411814
vt 0.339031 0.470312
vt 0.336456 0.357595
vt 0.338859 0.354926
vt 0.339032 0.411152
vt 0.933614 0.020865
vt 0.935956 0.020962
vt 0.936012 0.024373
vt 0.934416 0.024351
vt 0.936983 0.019653
vt 0.937148 0.023423
vt 0.933908 0.025183
vt 0.936339 0.025270
vt 0.932393 0.019025
vt 0.932393 0.022717
vt 0.937379 0.024308
vt 0.932628 0.023758
vt 0.765810 0.024534
vt 0.768152 0.024437
vt 0.767333 0.027888
vt 0.765752 0.027951
vt 0.769374 0.022597
vt 0.769373 0.026289
vt 0.765427 0.028842
vt 0.767857 0.028755
vt 0.765164 0.023575
vt 0.765014 0.027358
vt 0.769138 0.027330
vt 0.764786 0.028245
vt 0.023860 0.839442
vt 0.026294 0.836906
vt 0.098094 0.836984
vt 0.100382 0.839420
vt 0.023860 0.765236
vt 0.026271 0.765236
vt 0.098049 0.765236
vt 0.100380 0.765236
vt 0.023590 0.839724
vt 0.023590 0.765236
vt 0.023860 0.750173
vt 0.026271 0.750173
vt 0.026728 0.836454
vt 0.026708 0.765236
vt 0.097661 0.836522
vt 0.097613 0.765236
vt 0.098049 0.750173
vt 0.100380 0.750173
vt 0.100639 0.839695
vt 0.100639 0.765236
vt 0.023590 0.750173
vt 0.023860 0.735110
vt 0.026271 0.735110
vt 0.026708 0.750173
vt 0.097613 0.750173
vt 0.098049 0.735110
vt 0.100380 0.735110
vt 0.100639 0.750173
vt 0.023590 0.735110
vt 0.026294 0.663439
vt 0.023860 0.660903
vt 0.026708 0.735110
vt 0.097613 0.735110
vt 0.100382 0.660926
vt 0.098094 0.663362
vt 0.100639 0.735110
vt 0.023590 0.660622
vt 0.026728 0.663891
vt 0.097661 0.663824
vt 0.100639 0.660651
vt 0.479639 0.669787
vt 0.404364 0.669788
vt 0.403327 0.601207
vt 0.480524 0.601174
vt 0.367422 0.666584
vt 0.404655 0.598456
vt 0.479197 0.598425
vt 0.510821 0.666571
vt 0.362530 0.599742
vt 0.403327 0.526633
vt 0.404655 0.526633
vt 0.479197 0.526633
vt 0.480524 0.526633
vt 0.515714 0.599742
vt 0.362529 0.526633
vt 0.403327 0.511570
vt 0.404655 0.511570
vt 0.479197 0.511570
vt 0.480524 0.511570
vt 0.515712 0.526633
vt 0.362529 0.511570
vt 0.403327 0.496507
vt 0.404655 0.496507
vt 0.479197 0.496507
vt 0.480524 0.496507
vt 0.515712 0.511570
vt 0.362529 0.496507
vt 0.403327 0.421933
vt 0.404655 0.424684
vt 0.479197 0.424715
vt 0.480524 0.421966
vt 0.515712 0.496507
vt 0.362530 0.423398
vt 0.515714 0.423398
vt 0.367422 0.356556
vt 0.479639 0.353353
vt 0.404364 0.353351
vt 0.510821 0.356569
vt 0.590426 0.847293
vt 0.513376 0.847264
vt 0.514701 0.844517
vt 0.589101 0.844545
vt 0.513377 0.772805
vt 0.514701 0.772805
vt 0.589101 0.772805
vt 0.590426 0.772805
vt 0.513377 0.757742
vt 0.514701 0.757742
vt 0.589101 0.757742
vt 0.590426 0.757742
vt 0.513377 0.742679
vt 0.514701 0.742679
vt 0.589101 0.742679
vt 0.590426 0.742679
vt 0.513376 0.668220
vt 0.514701 0.670967
vt 0.589101 0.670939
vt 0.590426 0.668191
vt 0.595318 0.769556
vt 0.666223 0.769556
vt 0.666271 0.840842
vt 0.595338 0.840775
vt 0.595318 0.754493
vt 0.666223 0.754493
vt 0.595318 0.739430
vt 0.666223 0.739430
vt 0.595338 0.668211
vt 0.666271 0.668144
vt 0.477756 0.867814
vt 0.470543 0.867814
vt 0.470712 0.853728
vt 0.477756 0.853728
vt 0.470599 0.868504
vt 0.477772 0.868504
vt 0.470543 0.839640
vt 0.477756 0.839640
vt 0.479317 0.853728
vt 0.477905 0.868064
vt 0.478053 0.868314
vt 0.470599 0.838951
vt 0.477772 0.838950
vt 0.477905 0.839391
vt 0.479317 0.866283
vt 0.478053 0.839141
vt 0.479317 0.841172
vt 0.652822 0.019179
vt 0.654079 0.017792
vt 0.654079 0.022006
vt 0.652792 0.023426
vt 0.650472 0.019277
vt 0.650362 0.023503
vt 0.649480 0.018352
vt 0.649326 0.022538
vt 0.720093 0.017208
vt 0.721350 0.018596
vt 0.721380 0.022843
vt 0.720093 0.021423
vt 0.723700 0.018693
vt 0.723810 0.022920
vt 0.724311 0.018120
vt 0.724449 0.022321
vt 0.748708 0.022792
vt 0.748708 0.033121
vt 0.746165 0.033115
vt 0.746165 0.022785
vt 0.751252 0.022785
vt 0.751252 0.033115
vt 0.843003 0.704562
vt 0.845539 0.703373
vt 0.845519 0.778620
vt 0.843003 0.777627
vt 0.843003 0.669369
vt 0.846240 0.666531
vt 0.846238 0.821236
vt 0.843003 0.818424
vt 0.824873 0.680221
vt 0.827732 0.677021
vt 0.828755 0.747924
vt 0.826539 0.749182
vt 0.828353 0.676368
vt 0.830064 0.747181
vt 0.830475 0.818558
vt 0.828217 0.818628
vt 0.830215 0.672667
vt 0.831856 0.672501
vt 0.831840 0.820667
vt 0.830519 0.820196
vt 0.828125 0.820258
vt 0.828154 0.673728
vt 0.830984 0.669726
vt 0.831788 0.669714
vt 0.826440 0.672126
vt 0.829954 0.668781
vt 0.823882 0.672746
vt 0.827393 0.669563
vt 0.757309 0.029861
vt 0.757475 0.024849
vt 0.759543 0.024853
vt 0.759652 0.029768
vt 0.755478 0.032632
vt 0.755911 0.026828
vt 0.760928 0.026745
vt 0.760706 0.031472
vt 0.755477 0.026559
vt 0.757176 0.024449
vt 0.835554 0.710340
vt 0.838067 0.709428
vt 0.838072 0.769750
vt 0.835554 0.768666
vt 0.835554 0.677773
vt 0.838384 0.675440
vt 0.838385 0.799112
vt 0.835554 0.796759
vt 0.775320 0.024683
vt 0.776122 0.021197
vt 0.777718 0.021175
vt 0.777663 0.024586
vt 0.774099 0.026523
vt 0.774099 0.022830
vt 0.778854 0.022125
vt 0.778690 0.025894
vt 0.774334 0.021790
vt 0.775615 0.020365
vt 0.659660 0.027030
vt 0.659603 0.023613
vt 0.661183 0.023676
vt 0.662002 0.027126
vt 0.659014 0.027989
vt 0.658864 0.024205
vt 0.659278 0.022722
vt 0.661708 0.022808
vt 0.663224 0.025274
vt 0.663224 0.028967
vt 0.658637 0.023318
vt 0.662989 0.024234
vt 0.920991 0.021577
vt 0.920961 0.017329
vt 0.922248 0.018749
vt 0.922248 0.022964
vt 0.918641 0.021479
vt 0.918530 0.017252
vt 0.917649 0.022403
vt 0.917494 0.018217
vt 0.783410 0.022915
vt 0.783411 0.018701
vt 0.784697 0.017280
vt 0.784667 0.021528
vt 0.787128 0.017203
vt 0.787017 0.021430
vt 0.787766 0.017802
vt 0.787629 0.022003
vt 0.628622 0.421341
vt 0.628661 0.492731
vt 0.555928 0.492731
vt 0.555921 0.421341
vt 0.668438 0.421341
vt 0.668444 0.492731
vt 0.628669 0.507794
vt 0.555930 0.507794
vt 0.521866 0.492731
vt 0.521871 0.421341
vt 0.555915 0.353754
vt 0.628586 0.353754
vt 0.669473 0.492731
vt 0.669468 0.421341
vt 0.668445 0.507794
vt 0.668433 0.353754
vt 0.555931 0.522857
vt 0.628677 0.522857
vt 0.521865 0.507794
vt 0.520837 0.492731
vt 0.520842 0.421341
vt 0.521876 0.353754
vt 0.669474 0.507794
vt 0.669462 0.352725
vt 0.668446 0.522857
vt 0.521864 0.522857
vt 0.628716 0.594247
vt 0.555938 0.594247
vt 0.520836 0.507794
vt 0.520846 0.352725
vt 0.669476 0.522857
vt 0.668452 0.594247
vt 0.520835 0.522857
vt 0.521860 0.594247
vt 0.628752 0.661833
vt 0.555945 0.661833
vt 0.669481 0.594247
vt 0.668457 0.661833
vt 0.520830 0.594247
vt 0.521855 0.661833
vt 0.669487 0.662863
vt 0.520826 0.662863
vt 0.279815 0.824415
vt 0.279826 0.777861
vt 0.327136 0.777861
vt 0.327155 0.824415
vt 0.256448 0.824415
vt 0.256401 0.777861
vt 0.279828 0.767859
vt 0.327132 0.767859
vt 0.346866 0.777861
vt 0.346836 0.824415
vt 0.279806 0.866294
vt 0.327173 0.866292
vt 0.254014 0.824630
vt 0.253996 0.777899
vt 0.256399 0.767859
vt 0.256484 0.866325
vt 0.279830 0.757857
vt 0.327128 0.757857
vt 0.346864 0.767859
vt 0.349270 0.824630
vt 0.349271 0.777899
vt 0.346771 0.866286
vt 0.279735 0.868701
vt 0.327255 0.868700
vt 0.254012 0.868728
vt 0.252664 0.825178
vt 0.252653 0.777998
vt 0.253996 0.767859
vt 0.256400 0.757857
vt 0.279841 0.711304
vt 0.327109 0.711304
vt 0.346859 0.757857
vt 0.349268 0.767859
vt 0.349278 0.868722
vt 0.350619 0.825178
vt 0.350613 0.777998
vt 0.252718 0.870410
vt 0.252653 0.767859
vt 0.253996 0.757819
vt 0.256445 0.711304
vt 0.279850 0.669424
vt 0.327091 0.669426
vt 0.346798 0.711304
vt 0.349264 0.757819
vt 0.350610 0.767859
vt 0.350590 0.870427
vt 0.252653 0.757720
vt 0.254011 0.711089
vt 0.256523 0.669432
vt 0.279781 0.667017
vt 0.327172 0.667018
vt 0.346748 0.669393
vt 0.349232 0.711089
vt 0.350606 0.757720
vt 0.252661 0.710541
vt 0.254017 0.666996
vt 0.349219 0.666990
vt 0.350581 0.710541
vt 0.252705 0.665291
vt 0.350512 0.665309
vt 0.634041 0.261553
vt 0.634041 0.326890
vt 0.610217 0.334301
vt 0.610217 0.265320
vt 0.665345 0.255902
vt 0.665345 0.315773
vt 0.634041 0.330406
vt 0.610217 0.337432
vt 0.610217 0.193552
vt 0.634041 0.193552
vt 0.714959 0.250934
vt 0.714959 0.306000
vt 0.665345 0.319026
vt 0.665345 0.193552
vt 0.610217 0.340714
vt 0.634041 0.332892
vt 0.610217 0.178489
vt 0.634041 0.178489
vt 0.714959 0.308669
vt 0.714959 0.193552
vt 0.665345 0.321160
vt 0.665345 0.178489
vt 0.610217 0.163426
vt 0.634041 0.163426
vt 0.714959 0.310851
vt 0.714959 0.178489
vt 0.665345 0.163426
vt 0.610217 0.091658
vt 0.634041 0.095425
vt 0.714959 0.163426
vt 0.665345 0.101076
vt 0.610217 0.022677
vt 0.625547 0.027446
vt 0.634041 0.030088
vt 0.714959 0.106044
vt 0.665345 0.041205
vt 0.610217 0.019547
vt 0.634041 0.026572
vt 0.714959 0.050978
vt 0.665345 0.037952
vt 0.610217 0.016265
vt 0.634041 0.024086
vt 0.714959 0.048310
vt 0.665345 0.035818
vt 0.714959 0.046127
vt 0.824835 0.334661
vt 0.801011 0.327250
vt 0.801011 0.261913
vt 0.824835 0.265680
vt 0.825079 0.337792
vt 0.801011 0.330766
vt 0.769708 0.316133
vt 0.769708 0.256262
vt 0.821599 0.198089
vt 0.824835 0.196214
vt 0.801011 0.333250
vt 0.825079 0.341074
vt 0.769708 0.319386
vt 0.720093 0.306360
vt 0.720093 0.251294
vt 0.769708 0.193912
vt 0.801011 0.194747
vt 0.801497 0.194330
vt 0.822533 0.193912
vt 0.824161 0.194586
vt 0.769708 0.321514
vt 0.720093 0.309029
vt 0.720093 0.193912
vt 0.800187 0.193912
vt 0.800712 0.194247
vt 0.801055 0.193882
vt 0.801983 0.193912
vt 0.720093 0.311211
vt 0.720093 0.178849
vt 0.769708 0.178849
vt 0.800599 0.193424
vt 0.800137 0.178849
vt 0.801296 0.193626
vt 0.720093 0.163786
vt 0.769708 0.163786
vt 0.801011 0.192936
vt 0.800574 0.178849
vt 0.800187 0.163786
vt 0.720093 0.106404
vt 0.769708 0.101436
vt 0.801011 0.178849
vt 0.800599 0.164274
vt 0.801011 0.162951
vt 0.800712 0.163452
vt 0.720093 0.051339
vt 0.769708 0.041565
vt 0.801011 0.095785
vt 0.801011 0.164762
vt 0.801054 0.163814
vt 0.801497 0.163369
vt 0.720093 0.048670
vt 0.769708 0.038312
vt 0.801011 0.030448
vt 0.821599 0.159609
vt 0.801296 0.164072
vt 0.801983 0.163786
vt 0.769708 0.036184
vt 0.720093 0.046488
vt 0.801011 0.026932
vt 0.824835 0.023037
vt 0.824835 0.092018
vt 0.824835 0.161484
vt 0.822533 0.163786
vt 0.801011 0.024449
vt 0.825079 0.019907
vt 0.824161 0.163112
vt 0.825079 0.016625
vt 0.968767 0.328199
vt 0.967776 0.327774
vt 0.967822 0.260944
vt 0.968736 0.261057
vt 0.967824 0.187836
vt 0.968735 0.187836
vt 0.967824 0.172773
vt 0.968735 0.172773
vt 0.967824 0.157710
vt 0.968735 0.157710
vt 0.968736 0.084488
vt 0.967822 0.084601
vt 0.968767 0.017346
vt 0.967776 0.017772
vt 0.961324 0.329094
vt 0.960327 0.329518
vt 0.960350 0.262351
vt 0.961283 0.262251
vt 0.960350 0.189142
vt 0.961284 0.189142
vt 0.960350 0.174080
vt 0.961284 0.174080
vt 0.960350 0.159017
vt 0.961284 0.159017
vt 0.960350 0.085808
vt 0.961283 0.085908
vt 0.961324 0.019065
vt 0.960327 0.018641
vt 0.026492 0.553425
vt 0.026492 0.606983
vt 0.023590 0.606983
vt 0.023590 0.553425
vt 0.023590 0.497610
vt 0.026492 0.497610
vt 0.023590 0.482817
vt 0.026492 0.482817
vt 0.023590 0.468023
vt 0.026492 0.468023
vt 0.023590 0.412208
vt 0.026492 0.412208
vt 0.023590 0.358650
vt 0.026492 0.358650
vt 0.345768 0.603258
vt 0.345768 0.549701
vt 0.348670 0.549701
vt 0.348670 0.604254
vt 0.345768 0.493885
vt 0.348670 0.493885
vt 0.345768 0.479092
vt 0.348670 0.479092
vt 0.345768 0.464299
vt 0.348670 0.464299
vt 0.345768 0.408484
vt 0.348670 0.408484
vt 0.345768 0.354925
vt 0.348670 0.354925
vt 0.967259 0.541939
vt 0.968357 0.541277
vt 0.968357 0.598165
vt 0.967138 0.598717
vt 0.968357 0.600889
vt 0.967138 0.601815
vt 0.960342 0.597862
vt 0.960345 0.541497
vt 0.960345 0.482779
vt 0.967246 0.482779
vt 0.960345 0.467986
vt 0.967246 0.467986
vt 0.960345 0.453193
vt 0.967246 0.453193
vt 0.960345 0.394475
vt 0.967259 0.394032
vt 0.960342 0.338109
vt 0.967138 0.337254
vt 0.960327 0.336296
vt 0.967376 0.335383
vt 0.968357 0.337806
vt 0.968357 0.394694
vt 0.846728 0.549703
vt 0.847826 0.550365
vt 0.847947 0.607143
vt 0.846728 0.606591
vt 0.854740 0.549923
vt 0.854743 0.606288
vt 0.847947 0.610241
vt 0.846728 0.609315
vt 0.847839 0.491205
vt 0.854740 0.491205
vt 0.847839 0.476412
vt 0.854740 0.476412
vt 0.847839 0.461619
vt 0.854740 0.461619
vt 0.847826 0.402458
vt 0.854740 0.402900
vt 0.847947 0.345680
vt 0.854743 0.346535
vt 0.846728 0.403120
vt 0.846728 0.346232
vt 0.847709 0.343808
vt 0.854758 0.344722
vt 0.558037 0.033137
vt 0.556211 0.033614
vt 0.556211 0.026505
vt 0.558011 0.026288
vt 0.671638 0.025261
vt 0.671613 0.032111
vt 0.669813 0.031893
vt 0.669812 0.024785
vt 0.545942 0.350318
vt 0.545036 0.350058
vt 0.545036 0.347462
vt 0.545942 0.347634
vt 0.545036 0.343394
vt 0.545508 0.343737
vt 0.550709 0.347601
vt 0.550709 0.350305
vt 0.550709 0.343737
vt 0.552246 0.343099
vt 0.551545 0.347693
vt 0.545466 0.272903
vt 0.550740 0.272903
vt 0.545469 0.199219
vt 0.550729 0.199219
vt 0.545469 0.184156
vt 0.550729 0.184156
vt 0.545469 0.169094
vt 0.550729 0.169094
vt 0.550740 0.095410
vt 0.545466 0.095410
vt 0.550709 0.024576
vt 0.545508 0.024576
vt 0.545942 0.020679
vt 0.550709 0.020712
vt 0.545036 0.024918
vt 0.545036 0.020850
vt 0.545942 0.017994
vt 0.550709 0.018007
vt 0.551545 0.020620
vt 0.552246 0.025214
vt 0.545036 0.018255
vt 0.595853 0.345234
vt 0.591661 0.345234
vt 0.591619 0.273099
vt 0.596197 0.273099
vt 0.591594 0.347985
vt 0.596068 0.348018
vt 0.591622 0.198069
vt 0.596197 0.198069
vt 0.591622 0.183006
vt 0.596197 0.183006
vt 0.591622 0.167944
vt 0.596197 0.167944
vt 0.596197 0.092914
vt 0.591619 0.092914
vt 0.595853 0.020778
vt 0.591661 0.020778
vt 0.591594 0.018028
vt 0.596068 0.017994
vt 0.605441 0.345234
vt 0.601277 0.345234
vt 0.600905 0.273099
vt 0.605483 0.273099
vt 0.601045 0.348018
vt 0.605508 0.347985
vt 0.600905 0.198069
vt 0.605480 0.198069
vt 0.600905 0.183006
vt 0.605480 0.183006
vt 0.600905 0.167944
vt 0.605480 0.167944
vt 0.605483 0.092914
vt 0.600905 0.092914
vt 0.605441 0.020778
vt 0.601277 0.020778
vt 0.601045 0.017994
vt 0.605508 0.018028
vt 0.586218 0.343724
vt 0.581133 0.343724
vt 0.580985 0.272890
vt 0.586260 0.272890
vt 0.581133 0.347505
vt 0.586182 0.347505
vt 0.581225 0.199383
vt 0.582690 0.197426
vt 0.586257 0.199206
vt 0.580900 0.350292
vt 0.585949 0.350292
vt 0.580623 0.197486
vt 0.581233 0.196699
vt 0.581946 0.196249
vt 0.586241 0.184143
vt 0.586257 0.184143
vt 0.579479 0.201524
vt 0.578801 0.199885
vt 0.580158 0.195477
vt 0.579160 0.196699
vt 0.581203 0.195072
vt 0.580997 0.184143
vt 0.582690 0.170861
vt 0.586257 0.169081
vt 0.581946 0.172038
vt 0.577162 0.199206
vt 0.572426 0.186687
vt 0.568259 0.196699
vt 0.569809 0.187412
vt 0.581203 0.173215
vt 0.573517 0.184143
vt 0.586260 0.095397
vt 0.581225 0.168904
vt 0.580985 0.095397
vt 0.581233 0.171588
vt 0.567967 0.199206
vt 0.563164 0.185989
vt 0.567622 0.185989
vt 0.564010 0.196699
vt 0.572426 0.181599
vt 0.580158 0.172810
vt 0.580623 0.170801
vt 0.586218 0.024563
vt 0.581133 0.024563
vt 0.563127 0.199206
vt 0.557636 0.184143
vt 0.561318 0.184143
vt 0.557636 0.196699
vt 0.569809 0.180875
vt 0.568259 0.171588
vt 0.579160 0.171588
vt 0.579479 0.166763
vt 0.578801 0.168402
vt 0.581133 0.020782
vt 0.586182 0.020782
vt 0.556496 0.199206
vt 0.556210 0.198968
vt 0.557636 0.171588
vt 0.564010 0.171588
vt 0.563164 0.182297
vt 0.567622 0.182297
vt 0.567967 0.169081
vt 0.577162 0.169081
vt 0.580900 0.017994
vt 0.585949 0.017994
vt 0.563127 0.169081
vt 0.556210 0.169319
vt 0.556496 0.169081
vt 0.956602 0.779663
vt 0.956602 0.708376
vt 0.958591 0.708376
vt 0.958589 0.779663
vt 0.956602 0.693314
vt 0.958591 0.693314
vt 0.956602 0.678251
vt 0.958591 0.678251
vt 0.956602 0.606964
vt 0.958589 0.606964
vt 0.943764 0.340583
vt 0.943576 0.340666
vt 0.943566 0.268843
vt 0.943755 0.268843
vt 0.943566 0.253780
vt 0.943755 0.253780
vt 0.943566 0.238717
vt 0.943755 0.238717
vt 0.943764 0.166977
vt 0.943576 0.166894
vt 0.357132 0.641438
vt 0.356942 0.641358
vt 0.356952 0.569646
vt 0.357142 0.569646
vt 0.356952 0.554583
vt 0.357142 0.554583
vt 0.356952 0.539520
vt 0.357142 0.539520
vt 0.357132 0.467729
vt 0.356942 0.467808
vt 0.969648 0.783637
vt 0.969638 0.709149
vt 0.971715 0.709149
vt 0.971724 0.783637
vt 0.969638 0.694086
vt 0.971715 0.694086
vt 0.969638 0.679023
vt 0.971715 0.679023
vt 0.969648 0.604535
vt 0.971724 0.604535
vt 0.856040 0.715573
vt 0.858044 0.715573
vt 0.858044 0.786792
vt 0.856039 0.786792
vt 0.856040 0.700510
vt 0.858044 0.700510
vt 0.856040 0.685447
vt 0.858044 0.685447
vt 0.856039 0.614228
vt 0.858044 0.614228
vt 0.917504 0.131462
vt 0.919585 0.131462
vt 0.919575 0.205921
vt 0.917494 0.205921
vt 0.917504 0.116399
vt 0.919585 0.116399
vt 0.917504 0.101337
vt 0.919585 0.101337
vt 0.917494 0.026878
vt 0.919575 0.026878
vt 0.720087 0.035153
vt 0.721936 0.033313
vt 0.723740 0.033700
vt 0.723724 0.033776
vt 0.720247 0.037864
vt 0.722869 0.028954
vt 0.724674 0.029340
vt 0.726479 0.036522
vt 0.725222 0.038930
vt 0.725545 0.034086
vt 0.722506 0.039464
vt 0.725060 0.027536
vt 0.726479 0.029727
vt 0.034773 0.658071
vt 0.034827 0.590829
vt 0.142372 0.563176
vt 0.142612 0.608408
vt 0.034839 0.520884
vt 0.142327 0.515996
vt 0.034839 0.505858
vt 0.142326 0.505858
vt 0.034839 0.490831
vt 0.142327 0.495719
vt 0.034827 0.420887
vt 0.142372 0.448539
vt 0.034764 0.353640
vt 0.142574 0.403290
vt 0.330641 0.592119
vt 0.330704 0.659365
vt 0.222894 0.609716
vt 0.223096 0.564466
vt 0.330629 0.522174
vt 0.223141 0.517287
vt 0.330628 0.507148
vt 0.223142 0.507148
vt 0.330629 0.492121
vt 0.223141 0.497009
vt 0.330641 0.422177
vt 0.223096 0.449829
vt 0.330694 0.354935
vt 0.222856 0.404597
vt 0.924943 0.340783
vt 0.924943 0.272168
vt 0.927727 0.272168
vt 0.927727 0.340783
vt 0.924943 0.200777
vt 0.927727 0.200777
vt 0.924943 0.185715
vt 0.927727 0.185715
vt 0.924943 0.170652
vt 0.927727 0.170652
vt 0.924943 0.099261
vt 0.927727 0.099261
vt 0.924943 0.030646
vt 0.927727 0.030646
vt 0.937038 0.271298
vt 0.937038 0.339914
vt 0.934255 0.339914
vt 0.934255 0.271298
vt 0.937038 0.199908
vt 0.934255 0.199908
vt 0.937038 0.184845
vt 0.934255 0.184845
vt 0.937038 0.169782
vt 0.934255 0.169782
vt 0.937038 0.098392
vt 0.934255 0.098392
vt 0.937038 0.029776
vt 0.934255 0.029776
vt 0.943566 0.049932
vt 0.943566 0.047185
vt 0.944616 0.047616
vt 0.944616 0.050060
vt 0.944615 0.042178
vt 0.943566 0.042052
vt 0.943566 0.039327
vt 0.944615 0.039755
vt 0.943566 0.058061
vt 0.944616 0.057933
vt 0.944616 0.060377
vt 0.943566 0.060808
vt 0.943566 0.077642
vt 0.943566 0.074785
vt 0.944785 0.075314
vt 0.944785 0.077807
vt 0.944785 0.066359
vt 0.944785 0.068852
vt 0.943566 0.069382
vt 0.943566 0.066524
vn 1.000000 0.000000 0.000000
vn 1.000000 0.000000 0.000000
vn 1.000000 0.000002 0.000002
vn 1.000000 0.000000 0.000000
vn 1.000000 0.000058 0.000014
vn 1.000000 0.000058 0.000029
vn 1.000000 -0.000066 0.000025
vn 1.000000 0.000049 0.000044
vn 1.000000 0.000006 0.000000
vn 1.000000 -0.000006 0.000000
vn 1.000000 0.000002 0.000000
vn 1.000000 0.000002 0.000000
vn -1.000000 -0.000050 0.000024
vn -1.000000 -0.000049 0.000036
vn -1.000000 -0.000008 -0.000001
vn -1.000000 -0.000024 0.000049
vn -1.000000 0.000000 0.000058
vn -1.000000 -0.000091 0.000064
vn -1.000000 0.000059 -0.000002
vn -1.000000 -0.000105 -0.000025
vn -1.000000 -0.000051 -0.000050
vn -1.000000 -0.000075 -0.000036
vn -1.000000 -0.000055 -0.000023
vn -1.000000 -0.000055 0.000001
vn 0.000000 0.938615 -0.344967
vn 0.000000 0.938615 -0.344967
vn 0.000000 0.999946 -0.010399
vn 0.000000 0.999946 -0.010399
vn 0.000000 0.802868 -0.596156
vn 0.000000 0.802868 -0.596156
vn 0.000000 0.579389 -0.815051
vn 0.000000 0.579389 -0.815051
vn 0.000000 0.254041 -0.967193
vn 0.000000 0.254041 -0.967193
vn 0.000000 -0.057610 -0.998339
vn 0.000000 -0.057603 -0.998340
vn 0.000000 0.060172 0.998188
vn 0.000000 0.060171 0.998188
vn 0.000000 0.362467 0.931996
vn 0.000000 0.362473 0.931994
vn 0.000000 0.596160 0.802866
vn 0.000000 0.596160 0.802866
vn 0.000000 0.815053 0.579386
vn 0.000000 0.815053 0.579386
vn 0.000000 0.945569 0.325421
vn 0.000000 0.945569 0.325421
vn 0.000000 0.938616 -0.344965
vn 0.000000 0.938616 -0.344965
vn 0.000000 0.999946 -0.010402
vn 0.000000 0.999946 -0.010402
vn 0.000000 0.802871 -0.596153
vn 0.000000 0.802871 -0.596153
vn 0.000000 0.579393 -0.815049
vn 0.000000 0.579393 -0.815049
vn 0.000000 0.254006 -0.967203
vn 0.000000 0.254013 -0.967201
vn 0.000000 -0.057616 -0.998339
vn 0.000000 -0.057612 -0.998339
vn 0.000000 0.060154 0.998189
vn 0.000000 0.060167 0.998188
vn 0.000000 0.362466 0.931997
vn 0.000000 0.362464 0.931998
vn 0.000000 0.596155 0.802869
vn 0.000000 0.596155 0.802869
vn 0.000000 0.815052 0.579388
vn 0.000000 0.815052 0.579388
vn 0.000000 0.945570 0.325419
vn 0.000000 0.945570 0.325419
vn 0.000000 0.938615 -0.344967
vn 0.000000 0.938615 -0.344967
vn 0.000000 0.999946 -0.010405
vn 0.000000 0.999946 -0.010405
vn 0.000000 0.802877 -0.596145
vn 0.000000 0.802877 -0.596145
vn 0.000000 0.579390 -0.815050
vn 0.000000 0.579390 -0.815050
vn 0.000000 0.254041 -0.967193
vn 0.000000 0.254041 -0.967193
vn 0.000020 -0.057601 -0.998340
vn 0.000020 -0.057608 -0.998339
vn 0.000000 0.060137 0.998190
vn 0.000000 0.060137 0.998190
vn 0.000000 0.362465 0.931997
vn 0.000000 0.362465 0.931997
vn 0.000000 0.596155 0.802869
vn 0.000000 0.596155 0.802869
vn 0.000000 0.815048 0.579393
vn 0.000000 0.815048 0.579393
vn 0.000000 0.945570 0.325420
vn 0.000000 0.945570 0.325420
vn 0.000000 0.938614 -0.344970
vn 0.000000 0.938614 -0.344970
vn 0.000000 0.999946 -0.010400
vn 0.000000 0.999946 -0.010400
vn 0.000000 0.802872 -0.596152
vn 0.000000 0.802872 -0.596152
vn 0.000000 0.579389 -0.815051
vn 0.000000 0.579389 -0.815051
vn 0.000000 0.254040 -0.967194
vn 0.000000 0.254040 -0.967194
vn 0.000000 -0.057587 -0.998341
vn 0.000000 -0.057599 -0.998340
vn 0.000000 0.060134 0.998190
vn 0.000000 0.060134 0.998190
vn 0.000000 0.362457 0.932001
vn 0.000000 0.362457 0.932001
vn 0.000000 0.596149 0.802874
vn 0.000000 0.596149 0.802874
vn 0.000000 0.815050 0.579390
vn 0.000000 0.815050 0.579390
vn 0.000000 0.945571 0.325416
vn 0.000000 0.945571 0.325416
vn 0.000000 0.886257 -0.463193
vn 0.000000 0.802888 -0.596130
vn 0.000000 0.802888 -0.596130
vn 0.000000 0.886257 -0.463193
vn 0.000000 0.579373 -0.815063
vn 0.000000 0.579373 -0.815063
vn 0.000000 0.258297 -0.966065
vn 0.000000 0.258303 -0.966064
vn 0.000000 -0.053195 -0.998584
vn 0.000000 -0.053191 -0.998584
vn 0.000001 0.055419 0.998463
vn 0.000000 0.358490 0.933534
vn 0.000000 0.358484 0.933536
vn 0.000001 0.055422 0.998463
vn 0.000000 0.596140 0.802880
vn 0.000000 0.596140 0.802880
vn 0.000000 0.815076 0.579354
vn 0.000000 0.815076 0.579354
vn 0.000000 0.895676 0.444708
vn 0.000000 0.895676 0.444708
vn 0.000000 0.999937 0.011187
vn 0.000000 0.999937 0.011187
vn 0.000000 0.999937 0.011187
vn 0.000000 0.999937 0.011187
vn 0.000000 0.999935 0.011379
vn 0.000000 0.999935 0.011379
vn 0.000000 0.999935 0.011379
vn 0.000000 0.999935 0.011379
vn 0.000000 0.915773 -0.401696
vn 0.000000 0.802888 -0.596130
vn 0.000000 0.802888 -0.596130
vn 0.000000 0.915773 -0.401696
vn 0.000000 0.579372 -0.815064
vn 0.000000 0.579372 -0.815064
vn 0.000000 0.258305 -0.966063
vn 0.000000 0.258303 -0.966064
vn -0.000000 -0.053191 -0.998584
vn -0.000000 -0.053191 -0.998584
vn -0.000000 0.055424 0.998463
vn -0.000000 0.358495 0.933532
vn -0.000000 0.358495 0.933532
vn -0.000000 0.055435 0.998462
vn 0.000000 0.596142 0.802879
vn 0.000000 0.596142 0.802879
vn 0.000000 0.815074 0.579356
vn 0.000000 0.815074 0.579356
vn 0.000000 0.923912 0.382606
vn 0.000000 0.923912 0.382606
vn 0.000000 0.999946 -0.010370
vn 0.000000 0.999946 -0.010370
vn 0.000000 0.886257 -0.463194
vn 0.000000 0.802887 -0.596132
vn 0.000000 0.802887 -0.596132
vn 0.000000 0.886257 -0.463194
vn 0.000000 0.579373 -0.815063
vn 0.000000 0.579373 -0.815063
vn 0.000000 0.258304 -0.966064
vn 0.000000 0.258310 -0.966062
vn 0.000000 -0.053199 -0.998584
vn 0.000000 -0.053187 -0.998585
vn 0.000001 0.055414 0.998464
vn 0.000000 0.358488 0.933535
vn 0.000000 0.358484 0.933536
vn 0.000001 0.055431 0.998463
vn 0.000000 0.596140 0.802880
vn 0.000000 0.596140 0.802880
vn 0.000000 0.815077 0.579353
vn 0.000000 0.815077 0.579353
vn 0.000000 0.895676 0.444708
vn 0.000000 0.895676 0.444708
vn 0.000000 0.999937 0.011218
vn 0.000000 0.999937 0.011218
vn 0.000000 0.999937 0.011218
vn 0.000000 0.999937 0.011218
vn 0.000000 0.999936 0.011356
vn 0.000000 0.999936 0.011356
vn 0.000000 0.999936 0.011356
vn 0.000000 0.999936 0.011356
vn 0.000000 0.915772 -0.401698
vn 0.000000 0.802888 -0.596130
vn 0.000000 0.802888 -0.596130
vn 0.000000 0.915772 -0.401698
vn 0.000000 0.579373 -0.815063
vn 0.000000 0.579373 -0.815063
vn 0.000000 0.258302 -0.966064
vn 0.000000 0.258302 -0.966064
vn 0.000000 -0.053191 -0.998584
vn 0.000000 -0.053191 -0.998584
vn 0.000000 0.055423 0.998463
vn 0.000000 0.358499 0.933530
vn 0.000000 0.358495 0.933532
vn 0.000000 0.055423 0.998463
vn 0.000000 0.596142 0.802879
vn 0.000000 0.596142 0.802879
vn 0.000000 0.815077 0.579353
vn 0.000000 0.815077 0.579353
vn 0.000000 0.923911 0.382608
vn 0.000000 0.923911 0.382608
vn 0.000000 0.999946 -0.010364
vn 0.000000 0.999946 -0.010364
vn 0.000000 0.886258 -0.463192
vn 0.000000 0.802890 -0.596128
vn 0.000000 0.802890 -0.596128
vn 0.000000 0.886258 -0.463192
vn 0.000000 0.579371 -0.815064
vn 0.000000 0.579371 -0.815064
vn 0.000000 0.258311 -0.966062
vn 0.000000 0.258303 -0.966064
vn 0.000000 -0.053192 -0.998584
vn 0.000000 -0.053183 -0.998585
vn 0.000000 0.055423 0.998463
vn 0.000000 0.358483 0.933536
vn 0.000000 0.358490 0.933533
vn 0.000000 0.055418 0.998463
vn 0.000000 0.596142 0.802879
vn 0.000000 0.596142 0.802879
vn 0.000000 0.815077 0.579352
vn 0.000000 0.815077 0.579352
vn 0.000000 0.895676 0.444707
vn 0.000000 0.895676 0.444707
vn 0.000000 0.999937 0.011214
vn 0.000000 0.999937 0.011214
vn 0.000000 0.999937 0.011214
vn 0.000000 0.999937 0.011214
vn 0.000000 0.999936 0.011351
vn 0.000000 0.999936 0.011351
vn 0.000000 0.999936 0.011351
vn 0.000000 0.999936 0.011351
vn 1.000000 -0.000028 0.000000
vn 1.000000 -0.000028 0.000000
vn 1.000000 -0.000028 0.000000
vn 1.000000 -0.000028 0.000000
vn -1.000000 -0.000020 0.000000
vn -1.000000 -0.000020 0.000000
vn -1.000000 -0.000020 0.000000
vn -1.000000 -0.000020 0.000000
vn -1.000000 0.000007 0.000000
vn -1.000000 0.000007 0.000000
vn -1.000000 0.000007 0.000000
vn -1.000000 0.000007 0.000000
vn 1.000000 0.000033 0.000000
vn 1.000000 0.000033 0.000000
vn 1.000000 0.000033 0.000000
vn 1.000000 0.000033 0.000000
vn -1.000000 -0.000007 0.000000
vn -1.000000 -0.000007 0.000000
vn -1.000000 -0.000007 0.000000
vn -1.000000 -0.000007 0.000000
vn 1.000000 0.000027 0.000000
vn 1.000000 0.000027 0.000000
vn 1.000000 0.000027 0.000000
vn 1.000000 0.000027 0.000000
vn -1.000000 0.000000 0.000000
vn -1.000000 0.000000 0.000000
vn -1.000000 0.000000 0.000000
vn -1.000000 0.000000 0.000000
vn 1.000000 -0.000027 0.000000
vn 1.000000 -0.000027 0.000000
vn 1.000000 -0.000027 0.000000
vn 1.000000 -0.000027 0.000000
vn -1.000000 0.000000 0.000000
vn -1.000000 0.000000 0.000000
vn -1.000000 0.000000 0.000000
vn -1.000000 0.000000 0.000000
vn 1.000000 -0.000010 -0.000066
vn 1.000000 -0.000025 -0.000066
vn 1.000000 -0.000025 -0.000066
vn 1.000000 -0.000009 -0.000066
vn -1.000000 0.000055 0.000072
vn -1.000000 0.000028 0.000000
vn -1.000000 0.000028 0.000000
vn -1.000000 0.000054 0.000069
vn 1.000000 0.000141 0.000168
vn 1.000000 0.000039 0.000275
vn 1.000000 0.000043 0.000271
vn 1.000000 0.000141 0.000168
vn -1.000000 0.000013 0.000000
vn -1.000000 0.000013 0.000000
vn -1.000000 0.000013 0.000000
vn -1.000000 0.000013 0.000000
vn 1.000000 0.000013 0.000000
vn 1.000000 0.000013 0.000000
vn 1.000000 0.000013 0.000000
vn 1.000000 0.000013 0.000000
vn -1.000000 0.000013 0.000000
vn -1.000000 0.000013 0.000000
vn -1.000000 0.000013 0.000000
vn -1.000000 0.000013 0.000000
vn 1.000000 -0.000013 0.000000
vn 1.000000 -0.000013 0.000000
vn 1.000000 -0.000013 0.000000
vn 1.000000 -0.000013 0.000000
vn -1.000000 -0.000013 0.000000
vn -1.000000 -0.000013 0.000000
vn -1.000000 -0.000013 0.000000
vn -1.000000 -0.000013 0.000000
vn 1.000000 -0.000017 0.000000
vn 1.000000 -0.000017 0.000000
vn 1.000000 -0.000017 0.000000
vn 1.000000 -0.000017 0.000000
vn -1.000000 0.000022 0.000000
vn -1.000000 0.000022 0.000000
vn -1.000000 0.000022 0.000000
vn -1.000000 0.000022 0.000000
vn 1.000000 0.000024 0.000000
vn 1.000000 0.000024 0.000000
vn 1.000000 0.000024 0.000000
vn 1.000000 0.000024 0.000000
vn 1.000000 -0.000011 0.000000
vn 1.000000 -0.000011 0.000000
vn 1.000000 -0.000011 0.000000
vn 1.000000 -0.000011 0.000000
vn -1.000000 -0.000058 0.000000
vn -1.000000 -0.000058 0.000000
vn -1.000000 -0.000058 0.000000
vn -1.000000 -0.000058 0.000000
vn -1.000000 0.000007 0.000000
vn -1.000000 0.000007 0.000000
vn -1.000000 0.000007 0.000000
vn -1.000000 0.000007 0.000000
vn 1.000000 0.000000 0.000000
vn 1.000000 0.000000 0.000000
vn 1.000000 0.000000 0.000000
vn 1.000000 0.000000 0.000000
vn -1.000000 -0.000013 0.000000
vn -1.000000 -0.000013 0.000000
vn -1.000000 -0.000013 0.000000
vn -1.000000 -0.000013 0.000000
vn 1.000000 0.000013 0.000000
vn 1.000000 0.000013 0.000000
vn 1.000000 0.000013 0.000000
vn 1.000000 0.000013 0.000000
vn -1.000000 -0.000013 0.000000
vn -1.000000 -0.000013 0.000000
vn -1.000000 -0.000013 0.000000
vn -1.000000 -0.000013 0.000000
vn 1.000000 -0.000013 0.000000
vn 1.000000 -0.000013 0.000000
vn 1.000000 -0.000013 0.000000
vn 1.000000 -0.000013 0.000000
vn -1.000000 -0.000113 0.000238
vn -1.000000 -0.000002 0.000296
vn -1.000000 0.000002 0.000298
vn -1.000000 -0.000113 0.000238
vn 1.000000 0.000078 0.000224
vn 1.000000 -0.000063 0.000119
vn 1.000000 -0.000063 0.000119
vn 1.000000 0.000083 0.000228
vn -1.000000 -0.000019 0.000318
vn -1.000000 0.000070 0.000056
vn -1.000000 0.000070 0.000056
vn -1.000000 -0.000016 0.000308
vn 1.000000 -0.000028 0.000131
vn 1.000000 0.000081 0.000008
vn 1.000000 0.000077 0.000012
vn 1.000000 -0.000028 0.000131
vn -1.000000 0.000000 0.000000
vn -1.000000 0.000000 0.000000
vn -1.000000 0.000000 0.000000
vn -1.000000 0.000000 0.000000
vn 1.000000 0.000000 0.000000
vn 1.000000 0.000000 0.000000
vn 1.000000 0.000000 0.000000
vn 1.000000 0.000000 0.000000
vn -1.000000 0.000000 0.000000
vn -1.000000 0.000000 0.000000
vn -1.000000 0.000000 0.000000
vn -1.000000 0.000000 0.000000
vn 1.000000 0.000000 0.000000
vn 1.000000 0.000000 0.000000
vn 1.000000 0.000000 0.000000
vn 1.000000 0.000000 0.000000
vn -1.000000 0.000040 0.000000
vn -1.000000 0.000040 0.000000
vn -1.000000 0.000040 0.000000
vn -1.000000 0.000040 0.000000
vn 1.000000 0.000020 0.000000
vn 1.000000 0.000020 0.000000
vn 1.000000 0.000020 0.000000
vn 1.000000 0.000020 0.000000
vn -1.000000 -0.000028 0.000000
vn -1.000000 -0.000028 0.000000
vn -1.000000 -0.000028 0.000000
vn -1.000000 -0.000028 0.000000
vn 1.000000 0.000045 0.000000
vn 1.000000 0.000045 0.000000
vn 1.000000 0.000045 0.000000
vn 1.000000 0.000045 0.000000
vn 1.000000 0.000006 0.000000
vn 1.000000 0.000006 0.000000
vn 1.000000 0.000006 0.000000
vn 1.000000 0.000006 0.000000
vn -1.000000 0.000019 0.000000
vn -1.000000 0.000019 0.000000
vn -1.000000 0.000019 0.000000
vn -1.000000 0.000019 0.000000
vn -1.000000 0.000007 0.000000
vn -1.000000 0.000007 0.000000
vn -1.000000 0.000007 0.000000
vn -1.000000 0.000007 0.000000
vn 1.000000 -0.000027 0.000000
vn 1.000000 -0.000027 0.000000
vn 1.000000 -0.000027 0.000000
vn 1.000000 -0.000027 0.000000
vn -1.000000 0.000013 0.000000
vn -1.000000 0.000013 0.000000
vn -1.000000 0.000013 0.000000
vn -1.000000 0.000013 0.000000
vn 1.000000 -0.000027 0.000000
vn 1.000000 -0.000027 0.000000
vn 1.000000 -0.000027 0.000000
vn 1.000000 -0.000027 0.000000
vn -1.000000 -0.000013 0.000000
vn -1.000000 -0.000013 0.000000
vn -1.000000 -0.000013 0.000000
vn -1.000000 -0.000013 0.000000
vn 1.000000 0.000000 0.000000
vn 1.000000 0.000000 0.000000
vn 1.000000 0.000000 0.000000
vn 1.000000 0.000000 0.000000
vn -1.000000 -0.000025 -0.000132
vn -1.000000 -0.000032 -0.000186
vn -1.000000 -0.000032 -0.000188
vn -1.000000 -0.000025 -0.000132
vn 1.000000 0.000006 0.000000
vn 1.000000 0.000000 0.000000
vn 1.000000 0.000000 0.000000
vn 1.000000 0.000007 0.000000
vn -1.000000 -0.000045 0.000062
vn -1.000000 -0.000028 0.000000
vn -1.000000 -0.000028 0.000000
vn -1.000000 -0.000044 0.000059
vn 1.000000 0.000000 0.000000
vn 1.000000 -0.000007 0.000000
vn 1.000000 -0.000007 0.000000
vn 1.000000 0.000000 0.000000
vn -1.000000 0.000000 0.000000
vn -1.000000 0.000000 0.000000
vn -1.000000 0.000000 0.000000
vn -1.000000 0.000000 0.000000
vn 1.000000 0.000000 0.000000
vn 1.000000 0.000000 0.000000
vn 1.000000 0.000000 0.000000
vn 1.000000 0.000000 0.000000
vn -1.000000 -0.000013 0.000000
vn -1.000000 -0.000013 0.000000
vn -1.000000 -0.000013 0.000000
vn -1.000000 -0.000013 0.000000
vn 1.000000 -0.000013 0.000000
vn 1.000000 -0.000013 0.000000
vn 1.000000 -0.000013 0.000000
vn 1.000000 -0.000013 0.000000
vn -1.000000 0.000040 0.000000
vn -1.000000 0.000040 0.000000
vn -1.000000 0.000040 0.000000
vn -1.000000 0.000040 0.000000
vn 1.000000 -0.000047 0.000000
vn 1.000000 -0.000047 0.000000
vn 1.000000 -0.000047 0.000000
vn 1.000000 -0.000047 0.000000
vn -1.000000 0.000011 0.000000
vn -1.000000 0.000011 0.000000
vn -1.000000 0.000011 0.000000
vn -1.000000 0.000011 0.000000
vn 1.000000 0.000007 0.000000
vn 1.000000 0.000007 0.000000
vn 1.000000 0.000007 0.000000
vn 1.000000 0.000007 0.000000
vn 1.000000 0.000028 0.000000
vn 1.000000 0.000028 0.000000
vn 1.000000 0.000028 0.000000
vn 1.000000 0.000028 0.000000
vn -1.000000 0.000012 0.000000
vn -1.000000 0.000012 0.000000
vn -1.000000 0.000012 0.000000
vn -1.000000 0.000012 0.000000
vn -1.000000 0.000013 0.000000
vn -1.000000 0.000013 0.000000
vn -1.000000 0.000013 0.000000
vn -1.000000 0.000013 0.000000
vn 1.000000 -0.000040 0.000000
vn 1.000000 -0.000040 0.000000
vn 1.000000 -0.000040 0.000000
vn 1.000000 -0.000040 0.000000
vn -1.000000 -0.000027 0.000000
vn -1.000000 -0.000027 0.000000
vn -1.000000 -0.000027 0.000000
vn -1.000000 -0.000027 0.000000
vn 1.000000 -0.000013 0.000000
vn 1.000000 -0.000013 0.000000
vn 1.000000 -0.000013 0.000000
vn 1.000000 -0.000013 0.000000
vn -1.000000 0.000000 0.000000
vn -1.000000 0.000000 0.000000
vn -1.000000 0.000000 0.000000
vn -1.000000 0.000000 0.000000
vn 1.000000 0.000027 0.000000
vn 1.000000 0.000027 0.000000
vn 1.000000 0.000027 0.000000
vn 1.000000 0.000027 0.000000
vn -1.000000 0.000000 0.000000
vn -1.000000 0.000006 -0.000063
vn -1.000000 0.000007 -0.000066
vn -1.000000 0.000000 0.000000
vn 1.000000 -0.000007 -0.000199
vn 1.000000 -0.000050 -0.000198
vn 1.000000 -0.000050 -0.000198
vn 1.000000 -0.000006 -0.000199
vn -1.000000 -0.000004 -0.000131
vn -1.000000 0.000028 -0.000131
vn -1.000000 0.000028 -0.000131
vn -1.000000 -0.000003 -0.000131
vn 1.000000 0.000000 0.000000
vn 1.000000 0.000014 0.000000
vn 1.000000 0.000013 0.000000
vn 1.000000 0.000000 0.000000
vn -1.000000 0.000027 0.000000
vn -1.000000 0.000027 0.000000
vn -1.000000 0.000027 0.000000
vn -1.000000 0.000027 0.000000
vn 1.000000 -0.000013 0.000000
vn 1.000000 -0.000013 0.000000
vn 1.000000 -0.000013 0.000000
vn 1.000000 -0.000013 0.000000
vn -1.000000 0.000040 0.000000
vn -1.000000 0.000040 0.000000
vn -1.000000 0.000040 0.000000
vn -1.000000 0.000040 0.000000
vn 1.000000 0.000000 0.000000
vn 1.000000 0.000000 0.000000
vn 1.000000 0.000000 0.000000
vn 1.000000 0.000000 0.000000
vn -1.000000 -0.000053 0.000000
vn -1.000000 -0.000053 0.000000
vn -1.000000 -0.000053 0.000000
vn -1.000000 -0.000053 0.000000
vn 1.000000 0.000000 0.000000
vn 1.000000 0.000000 0.000000
vn 1.000000 0.000000 0.000000
vn 1.000000 0.000000 0.000000
vn -1.000000 0.000033 0.000000
vn -1.000000 0.000033 0.000000
vn -1.000000 0.000033 0.000000
vn -1.000000 0.000033 0.000000
vn 1.000000 -0.000004 0.000000
vn 1.000000 -0.000004 0.000000
vn 1.000000 -0.000004 0.000000
vn 1.000000 -0.000004 0.000000
vn 1.000000 -0.000000 0.000000
vn 1.000000 -0.000000 0.000000
vn 1.000000 -0.000000 0.000000
vn 1.000000 -0.000000 0.000000
vn 0.000000 -0.010353 -0.999946
vn 0.000000 -0.010353 -0.999946
vn 0.000000 -0.010353 -0.999946
vn 0.000000 -0.010353 -0.999946
vn -1.000000 -0.000008 0.000000
vn -1.000000 -0.000008 0.000000
vn -1.000000 -0.000008 0.000000
vn -1.000000 -0.000008 0.000000
vn 1.000000 0.000006 0.000000
vn 1.000000 0.000006 0.000000
vn 1.000000 0.000006 0.000000
vn 1.000000 0.000006 0.000000
vn 0.000000 -0.010352 -0.999946
vn 0.000000 -0.010352 -0.999946
vn 0.000000 -0.010352 -0.999946
vn 0.000000 -0.010352 -0.999946
vn -1.000000 -0.000002 0.000000
vn -1.000000 -0.000002 0.000000
vn -1.000000 -0.000002 0.000000
vn -1.000000 -0.000002 0.000000
vn 1.000000 -0.000004 0.000000
vn 1.000000 -0.000004 0.000000
vn 1.000000 -0.000004 0.000000
vn 1.000000 -0.000004 0.000000
vn 0.000000 -0.010353 -0.999946
vn 0.000000 -0.010353 -0.999946
vn 0.000000 -0.010353 -0.999946
vn 0.000000 -0.010353 -0.999946
vn -1.000000 -0.000003 0.000000
vn -1.000000 -0.000003 0.000000
vn -1.000000 -0.000003 0.000000
vn -1.000000 -0.000003 0.000000
vn 1.000000 -0.000000 0.000000
vn 1.000000 -0.000000 0.000000
vn 1.000000 -0.000000 0.000000
vn 1.000000 -0.000000 0.000000
vn 0.000000 -0.010376 -0.999946
vn 0.000000 -0.010376 -0.999946
vn 0.000000 -0.010376 -0.999946
vn 0.000000 -0.010376 -0.999946
vn 0.000000 -0.010376 -0.999946
vn 0.000000 -0.010376 -0.999946
vn 0.000000 -0.010376 -0.999946
vn 0.000000 -0.010376 -0.999946
vn 0.000000 -0.010376 -0.999946
vn 0.000000 -0.010376 -0.999946
vn 0.000000 -0.010376 -0.999946
vn 0.000000 -0.010376 -0.999946
vn -1.000000 -0.000002 0.000000
vn -1.000000 -0.000002 0.000000
vn -1.000000 -0.000002 0.000000
vn -1.000000 -0.000002 0.000000
vn 0.000000 -0.999894 -0.014583
vn 0.000000 -0.999894 -0.014583
vn 0.000000 -0.999894 -0.014583
vn 0.000000 -0.999894 -0.014583
vn 0.000000 -0.010376 -0.999946
vn 0.000000 -0.010376 -0.999946
vn 0.000000 -0.010376 -0.999946
vn 0.000000 -0.010376 -0.999946
vn 0.000000 0.999935 0.011389
vn 0.000000 0.999935 0.011389
vn 0.000000 0.999935 0.011389
vn 0.000000 0.999935 0.011389
vn 0.000000 -0.999894 -0.014584
vn 0.000000 -0.999894 -0.014584
vn 0.000000 -0.999894 -0.014584
vn 0.000000 -0.999894 -0.014584
vn 0.000000 -0.010376 -0.999946
vn 0.000000 -0.010376 -0.999946
vn 0.000000 -0.010376 -0.999946
vn 0.000000 -0.010376 -0.999946
vn 0.000000 0.999935 0.011390
vn 0.000000 0.999935 0.011390
vn 0.000000 0.999935 0.011390
vn 0.000000 0.999935 0.011390
vn 1.000000 0.000007 0.000000
vn 1.000000 0.000007 0.000000
vn 1.000000 0.000007 0.000000
vn 1.000000 0.000007 0.000000
vn -1.000000 -0.000002 0.000000
vn -1.000000 -0.000002 0.000000
vn -1.000000 -0.000002 0.000000
vn -1.000000 -0.000002 0.000000
vn 0.000000 0.010370 0.999946
vn 0.000000 0.010370 0.999946
vn 0.000000 0.010370 0.999946
vn 0.000000 0.010370 0.999946
vn 1.000000 0.000008 0.000000
vn 1.000000 0.000008 0.000000
vn 1.000000 0.000008 0.000000
vn 1.000000 0.000008 0.000000
vn -1.000000 -0.000013 0.000000
vn -1.000000 -0.000013 0.000000
vn -1.000000 -0.000013 0.000000
vn -1.000000 -0.000013 0.000000
vn 0.000000 0.010370 0.999946
vn 0.000000 0.010370 0.999946
vn 0.000000 0.010370 0.999946
vn 0.000000 0.010370 0.999946
vn 1.000000 0.000007 0.000000
vn 1.000000 0.000007 0.000000
vn 1.000000 0.000007 0.000000
vn 1.000000 0.000007 0.000000
vn -1.000000 0.000018 0.000000
vn -1.000000 0.000018 0.000000
vn -1.000000 0.000018 0.000000
vn -1.000000 0.000018 0.000000
vn 0.000000 0.010370 0.999946
vn 0.000000 0.010370 0.999946
vn 0.000000 0.010370 0.999946
vn 0.000000 0.010370 0.999946
vn 1.000000 -0.000001 0.000000
vn 1.000000 -0.000001 0.000000
vn 1.000000 -0.000001 0.000000
vn 1.000000 -0.000001 0.000000
vn 0.000000 0.010373 0.999946
vn 0.000000 0.010373 0.999946
vn 0.000000 0.010373 0.999946
vn 0.000000 0.010373 0.999946
vn 0.000000 0.010373 0.999946
vn 0.000000 0.010373 0.999946
vn 0.000000 0.010373 0.999946
vn 0.000000 0.010373 0.999946
vn -1.000000 -0.000001 0.000000
vn -1.000000 -0.000001 0.000000
vn -1.000000 -0.000001 0.000000
vn -1.000000 -0.000001 0.000000
vn 0.000000 0.010373 0.999946
vn 0.000000 0.010373 0.999946
vn 0.000000 0.010373 0.999946
vn 0.000000 0.010373 0.999946
vn 0.000000 -0.999892 -0.014687
vn 0.000000 -0.999892 -0.014687
vn 0.000000 -0.999892 -0.014687
vn 0.000000 -0.999892 -0.014687
vn 0.000000 0.999938 0.011177
vn 0.000000 0.999938 0.011177
vn 0.000000 0.999938 0.011177
vn 0.000000 0.999938 0.011177
vn 0.000000 0.010373 0.999946
vn 0.000000 0.010373 0.999946
vn 0.000000 0.010373 0.999946
vn 0.000000 0.010373 0.999946
vn 0.000000 0.999938 0.011176
vn 0.000000 0.999938 0.011176
vn 0.000000 0.999938 0.011176
vn 0.000000 0.999938 0.011176
vn 0.000000 -0.999892 -0.014686
vn 0.000000 -0.999892 -0.014686
vn 0.000000 -0.999892 -0.014686
vn 0.000000 -0.999892 -0.014686
vn 0.000000 0.010373 0.999946
vn 0.000000 0.010373 0.999946
vn 0.000000 0.010373 0.999946
vn 0.000000 0.010373 0.999946
vn 1.000000 -0.000029 0.000000
vn 1.000000 -0.000029 0.000000
vn 1.000000 -0.000029 0.000000
vn 1.000000 -0.000029 0.000000
vn 0.000000 0.801038 -0.598613
vn 0.000000 0.801038 -0.598613
vn 0.000000 0.801038 -0.598613
vn 0.000000 0.801038 -0.598613
vn -1.000000 0.000059 0.000000
vn -1.000000 0.000059 0.000000
vn -1.000000 0.000059 0.000000
vn -1.000000 0.000059 0.000000
vn 1.000000 -0.000008 0.000000
vn 1.000000 -0.000008 0.000000
vn 1.000000 -0.000008 0.000000
vn 1.000000 -0.000008 0.000000
vn 0.000000 0.801044 -0.598605
vn 0.000000 0.801044 -0.598605
vn 0.000000 0.801044 -0.598605
vn 0.000000 0.801044 -0.598605
vn -1.000000 -0.000059 0.000000
vn -1.000000 -0.000059 0.000000
vn -1.000000 -0.000059 0.000000
vn -1.000000 -0.000059 0.000000
vn 1.000000 -0.000076 0.000000
vn 1.000000 -0.000076 0.000000
vn 1.000000 -0.000076 0.000000
vn 1.000000 -0.000076 0.000000
vn 0.000000 0.801038 -0.598614
vn 0.000000 0.801038 -0.598614
vn 0.000000 0.801038 -0.598614
vn 0.000000 0.801038 -0.598614
vn -1.000000 0.000059 0.000000
vn -1.000000 0.000059 0.000000
vn -1.000000 0.000059 0.000000
vn -1.000000 0.000059 0.000000
vn 1.000000 -0.000030 0.000000
vn 1.000000 -0.000030 0.000000
vn 1.000000 -0.000030 0.000000
vn 1.000000 -0.000030 0.000000
vn -1.000000 -0.000048 0.000000
vn -1.000000 -0.000048 0.000000
vn -1.000000 -0.000048 0.000000
vn -1.000000 -0.000048 0.000000
vn 0.000000 0.813281 0.581871
vn 0.000000 0.813281 0.581871
vn 0.000000 0.813281 0.581871
vn 0.000000 0.813281 0.581871
vn 1.000000 -0.000059 0.000000
vn 1.000000 -0.000059 0.000000
vn 1.000000 -0.000059 0.000000
vn 1.000000 -0.000059 0.000000
vn -1.000000 0.000006 0.000000
vn -1.000000 0.000006 0.000000
vn -1.000000 0.000006 0.000000
vn -1.000000 0.000006 0.000000
vn 0.000000 0.813280 0.581873
vn 0.000000 0.813280 0.581873
vn 0.000000 0.813280 0.581873
vn 0.000000 0.813280 0.581873
vn 1.000000 0.000000 0.000000
vn 1.000000 0.000000 0.000000
vn 1.000000 0.000000 0.000000
vn 1.000000 0.000000 0.000000
vn -1.000000 -0.000010 0.000000
vn -1.000000 -0.000010 0.000000
vn -1.000000 -0.000010 0.000000
vn -1.000000 -0.000010 0.000000
vn 0.000000 0.813280 0.581872
vn 0.000000 0.813280 0.581872
vn 0.000000 0.813280 0.581872
vn 0.000000 0.813280 0.581872
vn 1.000000 0.000025 0.000017
vn 1.000000 -0.000049 0.000001
vn 1.000000 -0.000029 -0.000036
vn 1.000000 -0.000110 0.000071
vn 1.000000 0.000081 -0.000009
vn 1.000000 -0.000037 -0.000028
vn 1.000000 0.000031 0.000039
vn 1.000000 0.000022 -0.000027
vn 1.000000 -0.000008 -0.000123
vn -1.000000 0.000084 -0.000048
vn -1.000000 0.000006 0.000000
vn -1.000000 0.000028 0.000048
vn -1.000000 -0.000019 -0.000000
vn -1.000000 0.000022 -0.000088
vn -1.000000 -0.000031 -0.000028
vn -1.000000 0.000124 0.000041
vn -1.000000 0.000046 -0.000033
vn -1.000000 0.000054 -0.000002
vn 0.000000 -0.904460 -0.426560
vn 0.000007 -0.999464 0.032746
vn 0.000007 -0.999462 0.032786
vn 0.000000 -0.904460 -0.426560
vn 0.000013 -0.827780 -0.561052
vn 0.000013 -0.827779 -0.561054
vn 0.000016 -0.613853 -0.789420
vn 0.000016 -0.613871 -0.789406
vn 0.000000 -0.339916 -0.940456
vn 0.000000 -0.339916 -0.940456
vn 0.000000 -0.277765 0.960649
vn 0.000000 -0.277757 0.960652
vn 0.000000 -0.561043 0.827787
vn 0.000000 -0.561037 0.827791
vn -0.000016 -0.789381 0.613904
vn -0.000016 -0.789380 0.613904
vn -0.000011 -0.874685 0.484692
vn -0.000011 -0.874685 0.484693
vn 0.000019 -0.904463 -0.426552
vn 0.000008 -0.999465 0.032722
vn 0.000008 -0.999463 0.032755
vn 0.000019 -0.904463 -0.426552
vn 0.000013 -0.827767 -0.561073
vn 0.000013 -0.827767 -0.561073
vn -0.000017 -0.613869 -0.789408
vn -0.000017 -0.613873 -0.789405
vn -0.000017 -0.339912 -0.940457
vn -0.000017 -0.339907 -0.940459
vn 0.000001 -0.277762 0.960650
vn 0.000001 -0.277768 0.960648
vn 0.000001 -0.561049 0.827783
vn 0.000001 -0.561051 0.827781
vn 0.000000 -0.789372 0.613915
vn 0.000000 -0.789369 0.613919
vn 0.000000 -0.874682 0.484698
vn 0.000000 -0.874682 0.484698
vn -0.000010 -0.904463 -0.426552
vn -0.000037 -0.999468 0.032630
vn -0.000037 -0.999468 0.032630
vn -0.000010 -0.904463 -0.426552
vn -0.000010 -0.827795 -0.561031
vn -0.000010 -0.827795 -0.561031
vn -0.000007 -0.613895 -0.789388
vn -0.000007 -0.613905 -0.789380
vn 0.000024 -0.339919 -0.940455
vn 0.000024 -0.339919 -0.940455
vn 0.000000 -0.277727 0.960660
vn 0.000000 -0.277732 0.960659
vn 0.000000 -0.561027 0.827798
vn 0.000000 -0.561027 0.827798
vn 0.000005 -0.789374 0.613913
vn 0.000005 -0.789367 0.613922
vn -0.000020 -0.874680 0.484701
vn -0.000020 -0.874680 0.484701
vn -0.000000 -0.904461 -0.426556
vn 0.000037 -0.999468 0.032625
vn 0.000037 -0.999469 0.032600
vn -0.000000 -0.904461 -0.426556
vn -0.000026 -0.827795 -0.561030
vn -0.000026 -0.827793 -0.561034
vn -0.000016 -0.613910 -0.789376
vn -0.000016 -0.613908 -0.789377
vn 0.000000 -0.339908 -0.940459
vn 0.000000 -0.339913 -0.940457
vn -0.000001 -0.277742 0.960656
vn -0.000001 -0.277728 0.960660
vn -0.000011 -0.561028 0.827797
vn -0.000011 -0.561047 0.827784
vn -0.000000 -0.789368 0.613921
vn -0.000000 -0.789371 0.613916
vn 0.000035 -0.874679 0.484702
vn 0.000035 -0.874680 0.484702
vn 0.000000 -0.905386 -0.424590
vn 0.000000 -0.905386 -0.424590
vn 0.000000 -0.827820 -0.560993
vn 0.000000 -0.827822 -0.560991
vn 0.000000 -0.613870 -0.789407
vn 0.000000 -0.613870 -0.789407
vn 0.000000 -0.339906 -0.940459
vn 0.000000 -0.339892 -0.940464
vn 0.000000 -0.277773 0.960647
vn 0.000000 -0.277780 0.960645
vn 0.000000 -0.561021 0.827802
vn 0.000000 -0.561023 0.827800
vn 0.000000 -0.789391 0.613891
vn 0.000000 -0.789397 0.613883
vn 0.000000 -0.875735 0.482793
vn 0.000000 -0.875735 0.482793
vn -0.000000 -0.998501 0.054728
vn -0.000000 -0.998501 0.054728
vn -0.000000 -0.998501 0.054728
vn -0.000000 -0.998501 0.054728
vn 0.000000 -0.998557 0.053696
vn 0.000000 -0.998557 0.053696
vn 0.000000 -0.998557 0.053696
vn 0.000000 -0.998557 0.053696
vn -0.000001 -0.886826 -0.462104
vn -0.000001 -0.886825 -0.462106
vn -0.000001 -0.827829 -0.560981
vn -0.000001 -0.827823 -0.560989
vn -0.000000 -0.613866 -0.789410
vn -0.000000 -0.613872 -0.789405
vn -0.000000 -0.339896 -0.940463
vn -0.000000 -0.339903 -0.940460
vn 0.000000 -0.277787 0.960643
vn 0.000000 -0.277787 0.960643
vn -0.000000 -0.561050 0.827782
vn -0.000000 -0.561040 0.827789
vn -0.000001 -0.789386 0.613897
vn -0.000001 -0.789389 0.613893
vn -0.000000 -0.854752 0.519036
vn -0.000000 -0.854752 0.519037
vn -0.000001 -0.999467 0.032636
vn -0.000001 -0.999466 0.032669
vn 0.000000 -0.905391 -0.424580
vn 0.000000 -0.905390 -0.424580
vn -0.000000 -0.827820 -0.560994
vn -0.000000 -0.827823 -0.560990
vn -0.000000 -0.613876 -0.789402
vn 0.000000 -0.613869 -0.789408
vn 0.000001 -0.339910 -0.940458
vn 0.000001 -0.339900 -0.940462
vn 0.000000 -0.277766 0.960649
vn 0.000000 -0.277766 0.960649
vn 0.000000 -0.561037 0.827790
vn 0.000000 -0.561025 0.827799
vn -0.000000 -0.789400 0.613880
vn -0.000000 -0.789403 0.613876
vn -0.000000 -0.875723 0.482813
vn -0.000000 -0.875723 0.482813
vn -0.000000 -0.998509 0.054584
vn -0.000000 -0.998509 0.054584
vn -0.000000 -0.998509 0.054584
vn -0.000000 -0.998509 0.054584
vn -0.000000 -0.998553 0.053783
vn -0.000000 -0.998553 0.053783
vn -0.000000 -0.998553 0.053783
vn -0.000000 -0.998553 0.053783
vn 0.000000 -0.886822 -0.462112
vn 0.000000 -0.886822 -0.462112
vn 0.000000 -0.827817 -0.560998
vn 0.000000 -0.827820 -0.560994
vn 0.000000 -0.613873 -0.789405
vn 0.000000 -0.613873 -0.789405
vn 0.000000 -0.339909 -0.940458
vn 0.000000 -0.339905 -0.940460
vn 0.000000 -0.277773 0.960647
vn 0.000000 -0.277778 0.960645
vn 0.000000 -0.561040 0.827789
vn 0.000000 -0.561031 0.827795
vn 0.000000 -0.789399 0.613881
vn 0.000000 -0.789399 0.613881
vn 0.000000 -0.854750 0.519040
vn 0.000000 -0.854749 0.519042
vn 0.000000 -0.999466 0.032665
vn 0.000000 -0.999466 0.032665
vn 0.000000 -0.905398 -0.424563
vn 0.000000 -0.905398 -0.424563
vn 0.000000 -0.827823 -0.560990
vn 0.000000 -0.827820 -0.560994
vn 0.000000 -0.613870 -0.789407
vn 0.000000 -0.613870 -0.789407
vn 0.000001 -0.339908 -0.940459
vn 0.000001 -0.339919 -0.940455
vn 0.000000 -0.277770 0.960648
vn 0.000000 -0.277763 0.960650
vn 0.000000 -0.561032 0.827794
vn 0.000000 -0.561036 0.827792
vn 0.000000 -0.789404 0.613874
vn 0.000000 -0.789402 0.613876
vn 0.000000 -0.875735 0.482793
vn 0.000000 -0.875735 0.482793
vn 0.000001 -0.998505 0.054667
vn 0.000001 -0.998505 0.054667
vn 0.000001 -0.998505 0.054667
vn 0.000001 -0.998505 0.054667
vn 0.000000 -0.998556 0.053724
vn 0.000000 -0.998556 0.053724
vn 0.000000 -0.998556 0.053724
vn 0.000000 -0.998556 0.053724
vn 1.000000 -0.000388 -0.000211
vn 1.000000 -0.000388 -0.000211
vn 1.000000 -0.000388 -0.000211
vn 1.000000 -0.000388 -0.000211
vn -1.000000 0.000086 0.000102
vn -1.000000 0.000086 0.000102
vn -1.000000 0.000086 0.000102
vn -1.000000 0.000086 0.000102
vn -1.000000 0.000000 0.000000
vn -1.000000 0.000000 0.000000
vn -1.000000 0.000000 0.000000
vn -1.000000 0.000000 0.000000
vn 1.000000 -0.000587 -0.000028
vn 1.000000 -0.000587 -0.000028
vn 1.000000 -0.000587 -0.000028
vn 1.000000 -0.000587 -0.000028
vn -1.000000 0.000027 0.000062
vn -1.000000 0.000027 0.000062
vn -1.000000 0.000027 0.000062
vn -1.000000 0.000027 0.000062
vn 1.000000 -0.000080 -0.000547
vn 1.000000 -0.000080 -0.000547
vn 1.000000 -0.000080 -0.000547
vn 1.000000 -0.000080 -0.000547
vn -1.000000 0.000053 0.000042
vn -1.000000 0.000053 0.000042
vn -1.000000 0.000053 0.000042
vn -1.000000 0.000053 0.000042
vn 1.000000 -0.000107 -0.000085
vn 1.000000 -0.000107 -0.000085
vn 1.000000 -0.000107 -0.000085
vn 1.000000 -0.000107 -0.000085
vn -1.000000 0.000000 0.000000
vn -1.000000 0.000000 0.000000
vn 1.000000 0.000007 -0.000066
vn 1.000000 0.000007 -0.000066
vn -1.000000 0.000080 0.000137
vn -1.000000 0.000080 0.000137
vn 1.000000 -0.000053 0.000373
vn 1.000000 -0.000053 0.000373
vn -1.000000 -0.000133 0.000069
vn -1.000000 -0.000133 0.000069
vn -1.000000 -0.000133 0.000069
vn -1.000000 -0.000133 0.000069
vn 1.000000 -0.000147 0.000137
vn 1.000000 -0.000147 0.000137
vn 1.000000 -0.000147 0.000137
vn 1.000000 -0.000147 0.000137
vn -1.000000 -0.000133 0.000056
vn -1.000000 -0.000133 0.000056
vn -1.000000 -0.000133 0.000056
vn -1.000000 -0.000133 0.000056
vn 1.000000 -0.000027 0.000000
vn 1.000000 -0.000027 0.000000
vn 1.000000 -0.000027 0.000000
vn 1.000000 -0.000027 0.000000
vn -1.000000 -0.000214 0.000121
vn -1.000000 -0.000214 0.000121
vn -1.000000 -0.000214 0.000121
vn -1.000000 -0.000214 0.000121
vn 1.000000 0.000080 -0.000106
vn 1.000000 0.000080 -0.000106
vn 1.000000 0.000080 -0.000106
vn 1.000000 0.000080 -0.000106
vn -1.000000 0.000000 0.000000
vn -1.000000 0.000000 0.000000
vn -1.000000 0.000000 0.000000
vn -1.000000 0.000000 0.000000
vn 1.000000 -0.000022 0.000152
vn 1.000000 -0.000022 0.000152
vn 1.000000 -0.000022 0.000152
vn 1.000000 -0.000022 0.000152
vn 1.000000 0.000215 0.000106
vn 1.000000 0.000215 0.000106
vn 1.000000 0.000215 0.000106
vn 1.000000 0.000215 0.000106
vn -1.000000 0.000172 0.000154
vn -1.000000 0.000172 0.000154
vn -1.000000 0.000172 0.000154
vn -1.000000 0.000172 0.000154
vn -1.000000 0.000000 0.000000
vn -1.000000 0.000000 0.000000
vn -1.000000 0.000000 0.000000
vn -1.000000 0.000000 0.000000
vn 1.000000 0.000000 0.000094
vn 1.000000 0.000000 0.000094
vn 1.000000 0.000000 0.000094
vn 1.000000 0.000000 0.000094
vn -1.000000 0.000000 -0.000261
vn -1.000000 0.000000 -0.000261
vn -1.000000 0.000000 -0.000261
vn -1.000000 0.000000 -0.000261
vn 1.000000 0.000133 -0.000152
vn 1.000000 0.000133 -0.000152
vn 1.000000 0.000133 -0.000152
vn 1.000000 0.000133 -0.000152
vn -1.000000 -0.000080 0.000050
vn -1.000000 -0.000080 0.000050
vn -1.000000 -0.000080 0.000050
vn -1.000000 -0.000080 0.000050
vn 1.000000 -0.000080 0.000320
vn 1.000000 -0.000080 0.000320
vn 1.000000 -0.000080 0.000320
vn 1.000000 -0.000080 0.000320
vn -1.000000 0.000120 0.000359
vn -1.000000 0.000120 0.000359
vn 1.000000 0.000234 0.000340
vn 1.000000 0.000234 0.000340
vn -1.000000 -0.000100 0.000556
vn -1.000000 -0.000100 0.000556
vn 1.000000 0.000180 -0.000105
vn 1.000000 0.000180 -0.000105
vn -1.000000 -0.000187 0.000454
vn -1.000000 -0.000187 0.000454
vn -1.000000 -0.000187 0.000454
vn -1.000000 -0.000187 0.000454
vn 1.000000 -0.000187 -0.000224
vn 1.000000 -0.000187 -0.000224
vn 1.000000 -0.000187 -0.000224
vn 1.000000 -0.000187 -0.000224
vn -1.000000 0.000027 0.000036
vn -1.000000 0.000027 0.000036
vn -1.000000 0.000027 0.000036
vn -1.000000 0.000027 0.000036
vn 1.000000 0.000080 0.000071
vn 1.000000 0.000080 0.000071
vn 1.000000 0.000080 0.000071
vn 1.000000 0.000080 0.000071
vn -1.000000 -0.000214 -0.000031
vn -1.000000 -0.000214 -0.000031
vn -1.000000 -0.000214 -0.000031
vn -1.000000 -0.000214 -0.000031
vn 1.000000 0.000267 -0.000227
vn 1.000000 0.000267 -0.000227
vn 1.000000 0.000267 -0.000227
vn 1.000000 0.000267 -0.000227
vn -1.000000 -0.000043 0.000000
vn -1.000000 -0.000043 0.000000
vn -1.000000 -0.000043 0.000000
vn -1.000000 -0.000043 0.000000
vn 1.000000 0.000388 -0.000142
vn 1.000000 0.000388 -0.000142
vn 1.000000 0.000388 -0.000142
vn 1.000000 0.000388 -0.000142
vn 1.000000 0.000086 -0.000094
vn 1.000000 0.000086 -0.000094
vn 1.000000 0.000086 -0.000094
vn 1.000000 0.000086 -0.000094
vn -1.000000 0.000086 0.000004
vn -1.000000 0.000086 0.000004
vn -1.000000 0.000086 0.000004
vn -1.000000 0.000086 0.000004
vn -1.000000 0.000214 0.000106
vn -1.000000 0.000214 0.000106
vn -1.000000 0.000214 0.000106
vn -1.000000 0.000214 0.000106
vn 1.000000 0.000107 0.000100
vn 1.000000 0.000107 0.000100
vn 1.000000 0.000107 0.000100
vn 1.000000 0.000107 0.000100
vn -1.000000 0.000053 0.000124
vn -1.000000 0.000053 0.000124
vn -1.000000 0.000053 0.000124
vn -1.000000 0.000053 0.000124
vn 1.000000 -0.000027 -0.000124
vn 1.000000 -0.000027 -0.000124
vn 1.000000 -0.000027 -0.000124
vn 1.000000 -0.000027 -0.000124
vn -1.000000 -0.000027 -0.000135
vn -1.000000 -0.000027 -0.000135
vn -1.000000 -0.000027 -0.000135
vn -1.000000 -0.000027 -0.000135
vn 1.000000 -0.000053 -0.000085
vn 1.000000 -0.000053 -0.000085
vn 1.000000 -0.000053 -0.000085
vn 1.000000 -0.000053 -0.000085
vn -1.000000 -0.000040 -0.000246
vn -1.000000 -0.000040 -0.000246
vn 1.000000 0.000013 0.000000
vn 1.000000 0.000013 0.000000
vn -1.000000 -0.000060 0.000118
vn -1.000000 -0.000060 0.000118
vn 1.000000 -0.000013 0.000000
vn 1.000000 -0.000013 0.000000
vn -1.000000 -0.000107 0.000227
vn -1.000000 -0.000107 0.000227
vn -1.000000 -0.000107 0.000227
vn -1.000000 -0.000107 0.000227
vn 1.000000 0.000000 0.000136
vn 1.000000 0.000000 0.000136
vn 1.000000 0.000000 0.000136
vn 1.000000 0.000000 0.000136
vn -1.000000 0.000000 0.000000
vn -1.000000 0.000000 0.000000
vn -1.000000 0.000000 0.000000
vn -1.000000 0.000000 0.000000
vn 1.000000 -0.000187 -0.000015
vn 1.000000 -0.000187 -0.000015
vn 1.000000 -0.000187 -0.000015
vn 1.000000 -0.000187 -0.000015
vn -1.000000 0.000160 -0.000015
vn -1.000000 0.000160 -0.000015
vn -1.000000 0.000160 -0.000015
vn -1.000000 0.000160 -0.000015
vn 1.000000 0.000053 0.000091
vn 1.000000 0.000053 0.000091
vn 1.000000 0.000053 0.000091
vn 1.000000 0.000053 0.000091
vn -1.000000 -0.000043 0.000000
vn -1.000000 -0.000043 0.000000
vn -1.000000 -0.000043 0.000000
vn -1.000000 -0.000043 0.000000
vn 1.000000 0.000000 0.000097
vn 1.000000 0.000000 0.000097
vn 1.000000 0.000000 0.000097
vn 1.000000 0.000000 0.000097
vn 1.000000 0.000172 -0.000092
vn 1.000000 0.000172 -0.000092
vn 1.000000 0.000172 -0.000092
vn 1.000000 0.000172 -0.000092
vn -1.000000 0.000000 -0.000098
vn -1.000000 0.000000 -0.000098
vn -1.000000 0.000000 -0.000098
vn -1.000000 0.000000 -0.000098
vn -1.000000 -0.000053 0.000000
vn -1.000000 -0.000053 0.000000
vn -1.000000 -0.000053 0.000000
vn -1.000000 -0.000053 0.000000
vn 1.000000 0.000320 0.000160
vn 1.000000 0.000320 0.000160
vn 1.000000 0.000320 0.000160
vn 1.000000 0.000320 0.000160
vn -1.000000 0.000000 0.000000
vn -1.000000 0.000000 0.000000
vn -1.000000 0.000000 0.000000
vn -1.000000 0.000000 0.000000
vn 1.000000 0.000000 0.000261
vn 1.000000 0.000000 0.000261
vn 1.000000 0.000000 0.000261
vn 1.000000 0.000000 0.000261
vn -1.000000 -0.000080 -0.000085
vn -1.000000 -0.000080 -0.000085
vn -1.000000 -0.000080 -0.000085
vn -1.000000 -0.000080 -0.000085
vn 1.000000 0.000107 -0.000050
vn 1.000000 0.000107 -0.000050
vn 1.000000 0.000107 -0.000050
vn 1.000000 0.000107 -0.000050
vn -1.000000 0.000013 -0.000133
vn -1.000000 0.000013 -0.000133
vn 1.000000 0.000040 -0.000199
vn 1.000000 0.000040 -0.000199
vn -1.000000 -0.000033 -0.000131
vn -1.000000 -0.000033 -0.000131
vn 1.000000 0.000027 0.000000
vn 1.000000 0.000027 0.000000
vn -1.000000 0.000000 0.000136
vn -1.000000 0.000000 0.000136
vn -1.000000 0.000000 0.000136
vn -1.000000 0.000000 0.000136
vn 1.000000 -0.000187 0.000137
vn 1.000000 -0.000187 0.000137
vn 1.000000 -0.000187 0.000137
vn 1.000000 -0.000187 0.000137
vn -1.000000 0.000160 -0.000191
vn -1.000000 0.000160 -0.000191
vn -1.000000 0.000160 -0.000191
vn -1.000000 0.000160 -0.000191
vn 1.000000 -0.000053 0.000191
vn 1.000000 -0.000053 0.000191
vn 1.000000 -0.000053 0.000191
vn 1.000000 -0.000053 0.000191
vn -1.000000 0.000267 -0.000128
vn -1.000000 0.000267 -0.000128
vn -1.000000 0.000267 -0.000128
vn -1.000000 0.000267 -0.000128
vn 1.000000 -0.000053 0.000000
vn 1.000000 -0.000053 0.000000
vn 1.000000 -0.000053 0.000000
vn 1.000000 -0.000053 0.000000
vn -1.000000 0.000043 0.000097
vn -1.000000 0.000043 0.000097
vn -1.000000 0.000043 0.000097
vn -1.000000 0.000043 0.000097
vn 1.000000 0.000000 0.000097
vn 1.000000 0.000000 0.000097
vn 1.000000 0.000000 0.000097
vn 1.000000 0.000000 0.000097
vn 1.000000 -0.000044 -0.000122
vn 1.000000 -0.000044 -0.000122
vn 1.000000 -0.000044 -0.000122
vn 1.000000 -0.000044 -0.000122
vn 0.000001 -0.032716 -0.999465
vn 0.000001 -0.032716 -0.999465
vn 0.000001 -0.032716 -0.999465
vn 0.000001 -0.032716 -0.999465
vn -1.000000 -0.000070 -0.000184
vn -1.000000 -0.000070 -0.000184
vn -1.000000 -0.000070 -0.000184
vn -1.000000 -0.000070 -0.000184
vn 1.000000 0.000000 0.000000
vn 1.000000 0.000000 0.000000
vn 1.000000 0.000000 0.000000
vn 1.000000 0.000000 0.000000
vn -0.000002 -0.032699 -0.999465
vn -0.000002 -0.032699 -0.999465
vn -0.000002 -0.032699 -0.999465
vn -0.000002 -0.032699 -0.999465
vn -1.000000 0.000070 0.000122
vn -1.000000 0.000070 0.000122
vn -1.000000 0.000070 0.000122
vn -1.000000 0.000070 0.000122
vn 1.000000 0.000106 0.000023
vn 1.000000 0.000106 0.000023
vn 1.000000 0.000106 0.000023
vn 1.000000 0.000106 0.000023
vn 0.000000 -0.032716 -0.999465
vn 0.000000 -0.032716 -0.999465
vn 0.000000 -0.032716 -0.999465
vn 0.000000 -0.032716 -0.999465
vn -1.000000 -0.000018 0.000000
vn -1.000000 -0.000018 0.000000
vn -1.000000 -0.000018 0.000000
vn -1.000000 -0.000018 0.000000
vn 1.000000 -0.000002 0.000173
vn 1.000000 -0.000002 0.000173
vn 1.000000 -0.000002 0.000173
vn 1.000000 -0.000002 0.000173
vn -0.000000 -0.032674 -0.999466
vn -0.000000 -0.032674 -0.999466
vn -0.000000 -0.032674 -0.999466
vn -0.000000 -0.032674 -0.999466
vn -0.000001 -0.032677 -0.999466
vn -0.000001 -0.032677 -0.999466
vn -0.000001 -0.032677 -0.999466
vn -0.000001 -0.032677 -0.999466
vn 0.000000 -0.032674 -0.999466
vn 0.000000 -0.032674 -0.999466
vn 0.000000 -0.032674 -0.999466
vn 0.000000 -0.032674 -0.999466
vn -1.000000 0.000000 0.000000
vn -1.000000 0.000000 0.000000
vn -1.000000 0.000000 0.000000
vn -1.000000 0.000000 0.000000
vn 0.000000 0.998358 -0.057290
vn 0.000000 0.998358 -0.057290
vn 0.000000 0.998358 -0.057290
vn 0.000000 0.998358 -0.057290
vn 0.000001 -0.032676 -0.999466
vn 0.000001 -0.032676 -0.999466
vn 0.000001 -0.032676 -0.999466
vn 0.000001 -0.032676 -0.999466
vn 0.000000 -0.998555 0.053748
vn 0.000000 -0.998555 0.053748
vn 0.000000 -0.998555 0.053748
vn 0.000000 -0.998555 0.053748
vn -0.000001 0.998356 -0.057326
vn -0.000001 0.998356 -0.057326
vn -0.000001 0.998356 -0.057326
vn -0.000001 0.998356 -0.057326
vn 0.000001 -0.032674 -0.999466
vn 0.000001 -0.032674 -0.999466
vn 0.000001 -0.032674 -0.999466
vn 0.000001 -0.032674 -0.999466
vn 0.000000 -0.998554 0.053765
vn 0.000000 -0.998554 0.053765
vn 0.000000 -0.998554 0.053765
vn 0.000000 -0.998554 0.053765
vn 1.000000 -0.000036 0.000126
vn 1.000000 -0.000036 0.000126
vn 1.000000 -0.000036 0.000126
vn 1.000000 -0.000036 0.000126
vn -1.000000 -0.000018 0.000063
vn -1.000000 -0.000018 0.000063
vn -1.000000 -0.000018 0.000063
vn -1.000000 -0.000018 0.000063
vn 0.000000 0.032654 0.999467
vn 0.000000 0.032654 0.999467
vn 0.000000 0.032654 0.999467
vn 0.000000 0.032654 0.999467
vn 1.000000 -0.000053 -0.000104
vn 1.000000 -0.000053 -0.000104
vn 1.000000 -0.000053 -0.000104
vn 1.000000 -0.000053 -0.000104
vn -1.000000 0.000036 -0.000126
vn -1.000000 0.000036 -0.000126
vn -1.000000 0.000036 -0.000126
vn -1.000000 0.000036 -0.000126
vn -0.000000 0.032653 0.999467
vn -0.000000 0.032653 0.999467
vn -0.000000 0.032653 0.999467
vn -0.000000 0.032653 0.999467
vn 1.000000 0.000036 -0.000418
vn 1.000000 0.000036 -0.000418
vn 1.000000 0.000036 -0.000418
vn 1.000000 0.000036 -0.000418
vn -1.000000 -0.000071 -0.000207
vn -1.000000 -0.000071 -0.000207
vn -1.000000 -0.000071 -0.000207
vn -1.000000 -0.000071 -0.000207
vn 0.000000 0.032654 0.999467
vn 0.000000 0.032654 0.999467
vn 0.000000 0.032654 0.999467
vn 0.000000 0.032654 0.999467
vn 1.000000 -0.000012 -0.000172
vn 1.000000 -0.000012 -0.000172
vn 1.000000 -0.000012 -0.000172
vn 1.000000 -0.000012 -0.000172
vn 0.000000 0.032674 0.999466
vn 0.000000 0.032674 0.999466
vn 0.000000 0.032674 0.999466
vn 0.000000 0.032674 0.999466
vn 0.000000 0.032674 0.999466
vn 0.000000 0.032674 0.999466
vn 0.000000 0.032674 0.999466
vn 0.000000 0.032674 0.999466
vn -1.000000 0.000000 0.000000
vn -1.000000 0.000000 0.000000
vn -1.000000 0.000000 0.000000
vn -1.000000 0.000000 0.000000
vn 0.000000 0.032674 0.999466
vn 0.000000 0.032674 0.999466
vn 0.000000 0.032674 0.999466
vn 0.000000 0.032674 0.999466
vn -0.000001 0.998319 -0.057956
vn -0.000001 0.998319 -0.057956
vn -0.000001 0.998319 -0.057956
vn -0.000001 0.998319 -0.057956
vn 0.000000 -0.998507 0.054627
vn 0.000000 -0.998507 0.054627
vn 0.000000 -0.998507 0.054627
vn 0.000000 -0.998507 0.054627
vn -0.000001 0.032674 0.999466
vn -0.000001 0.032674 0.999466
vn -0.000001 0.032674 0.999466
vn -0.000001 0.032674 0.999466
vn 0.000000 -0.998506 0.054636
vn 0.000000 -0.998506 0.054636
vn 0.000000 -0.998506 0.054636
vn 0.000000 -0.998506 0.054636
vn -0.000001 0.998318 -0.057979
vn -0.000001 0.998318 -0.057979
vn -0.000001 0.998318 -0.057979
vn -0.000001 0.998318 -0.057979
vn 0.000000 0.032674 0.999466
vn 0.000000 0.032674 0.999466
vn 0.000000 0.032674 0.999466
vn 0.000000 0.032674 0.999466
vn 1.000000 0.000267 -0.000044
vn 1.000000 0.000267 -0.000044
vn 1.000000 0.000267 -0.000044
vn 1.000000 0.000267 -0.000044
vn 0.000000 -0.668359 -0.743839
vn 0.000000 -0.668359 -0.743839
vn 0.000000 -0.668359 -0.743839
vn 0.000000 -0.668359 -0.743839
vn -1.000000 0.000000 -0.000009
vn -1.000000 0.000000 -0.000009
vn -1.000000 0.000000 -0.000009
vn -1.000000 0.000000 -0.000009
vn 1.000000 -0.000356 -0.000395
vn 1.000000 -0.000356 -0.000395
vn 1.000000 -0.000356 -0.000395
vn 1.000000 -0.000356 -0.000395
vn 0.000000 -0.668360 -0.743838
vn 0.000000 -0.668360 -0.743838
vn 0.000000 -0.668359 -0.743838
vn 0.000000 -0.668359 -0.743838
vn -1.000000 -0.000089 0.000017
vn -1.000000 -0.000089 0.000017
vn -1.000000 -0.000089 0.000017
vn -1.000000 -0.000089 0.000017
vn 1.000000 -0.000713 -0.000446
vn 1.000000 -0.000713 -0.000446
vn 1.000000 -0.000713 -0.000446
vn 1.000000 -0.000713 -0.000446
vn 0.000000 -0.668358 -0.743840
vn 0.000000 -0.668358 -0.743840
vn 0.000000 -0.668358 -0.743840
vn 0.000000 -0.668358 -0.743840
vn -1.000000 -0.000535 -0.000378
vn -1.000000 -0.000535 -0.000378
vn -1.000000 -0.000535 -0.000378
vn -1.000000 -0.000535 -0.000378
vn 1.000000 0.000000 0.000000
vn 1.000000 0.000000 0.000000
vn 1.000000 0.000000 0.000000
vn 1.000000 0.000000 0.000000
vn -1.000000 0.000178 0.000017
vn -1.000000 0.000178 0.000017
vn -1.000000 0.000178 0.000017
vn -1.000000 0.000178 0.000017
vn 0.000000 -0.618367 0.785890
vn 0.000000 -0.618367 0.785890
vn 0.000000 -0.618367 0.785890
vn 0.000000 -0.618367 0.785890
vn 1.000000 0.000000 0.000215
vn 1.000000 0.000000 0.000215
vn 1.000000 0.000000 0.000215
vn 1.000000 0.000000 0.000215
vn -1.000000 -0.000089 -0.000011
vn -1.000000 -0.000089 -0.000011
vn -1.000000 -0.000089 -0.000011
vn -1.000000 -0.000089 -0.000011
vn -0.000001 -0.618375 0.785883
vn -0.000001 -0.618375 0.785883
vn -0.000001 -0.618375 0.785883
vn -0.000001 -0.618375 0.785883
vn 1.000000 -0.000089 -0.000017
vn 1.000000 -0.000089 -0.000017
vn 1.000000 -0.000089 -0.000017
vn 1.000000 -0.000089 -0.000017
vn -1.000000 0.000000 0.000000
vn -1.000000 0.000000 0.000000
vn -1.000000 0.000000 0.000000
vn -1.000000 0.000000 0.000000
vn 0.000000 -0.618375 0.785883
vn 0.000000 -0.618375 0.785883
vn 0.000000 -0.618375 0.785883
vn 0.000000 -0.618375 0.785883
vn 0.000002 -1.000000 -0.000001
vn 0.000001 -1.000000 -0.000001
vn 0.000001 -1.000000 -0.000000
vn 0.000001 -1.000000 -0.000000
vn 0.000002 -1.000000 0.000000
vn 0.000003 -1.000000 0.000000
vn 0.000000 -1.000000 0.000000
vn 0.000000 -1.000000 0.000000
vn -0.952277 -0.305235 -0.000000
vn -0.945262 -0.326314 -0.000000
vn -0.945871 -0.324542 0.000000
vn -0.952277 -0.305234 0.000000
vn -0.952277 -0.305235 -0.000000
vn -0.945303 -0.326195 -0.000000
vn -0.952277 -0.305235 0.000000
vn -0.945877 -0.324525 0.000000
vn 0.000000 -0.182885 -0.983134
vn 0.000000 -0.180514 -0.983572
vn 0.000000 -0.170079 -0.985430
vn 0.000000 -0.170079 -0.985430
vn 0.000000 -0.170079 0.985431
vn 0.000000 -0.180514 0.983572
vn 0.002397 -0.179276 0.983796
vn -0.001375 -0.166395 0.986058
vn 0.000000 1.000000 0.000000
vn 0.000000 1.000000 0.000000
vn 0.000000 1.000000 0.000000
vn 0.000000 1.000000 0.000000
vn 0.000001 -1.000000 0.000000
vn 0.000001 -1.000000 0.000000
vn 0.000001 -1.000000 0.000000
vn 0.000001 -1.000000 0.000000
vn 0.000000 1.000000 -0.000000
vn 0.000000 1.000000 -0.000001
vn 0.000000 1.000000 -0.000000
vn 0.000000 1.000000 -0.000001
vn 0.000000 -1.000000 0.000001
vn 0.000000 -1.000000 0.000001
vn 0.000000 -1.000000 0.000001
vn 0.000000 -1.000000 0.000001
vn 0.000000 1.000000 0.000001
vn 0.000000 1.000000 0.000000
vn 0.000000 1.000000 0.000001
vn 0.000000 1.000000 0.000001
vn 0.000000 -1.000000 -0.000002
vn 0.000000 -1.000000 -0.000002
vn 0.000000 -1.000000 -0.000002
vn 0.000000 -1.000000 -0.000002
vn 0.000002 -1.000000 0.000000
vn 0.000002 -1.000000 0.000000
vn 0.000002 -1.000000 0.000000
vn 0.000002 -1.000000 0.000000
vn 0.000000 1.000000 0.000000
vn 0.000000 1.000000 0.000000
vn 0.000000 1.000000 0.000000
vn 0.000000 1.000000 -0.000000
vn 0.000000 1.000000 0.000000
vn 0.000000 1.000000 0.000000
vn 0.000001 -1.000000 -0.000000
vn 0.000001 -1.000000 -0.000000
vn 0.000001 -1.000000 -0.000000
vn 0.000001 -1.000000 -0.000000
vn 0.001179 0.577583 0.816331
vn 0.001179 0.577583 0.816331
vn 0.001179 0.577583 0.816331
vn 0.001179 0.577583 0.816331
vn 0.000883 0.579404 -0.815040
vn 0.000883 0.579404 -0.815040
vn 0.000883 0.579404 -0.815040
vn 0.000883 0.579404 -0.815040
vn -0.693746 0.720220 -0.000007
vn -0.693746 0.720220 -0.000007
vn -0.693746 0.720220 -0.000007
vn -0.693746 0.720220 -0.000007
vn -0.682469 0.730915 0.000000
vn -0.682469 0.730915 0.000000
vn -0.682469 0.730914 0.000000
vn -0.682469 0.730915 0.000000
vn -0.693788 0.720180 0.000013
vn -0.693788 0.720180 0.000013
vn -0.693788 0.720180 0.000013
vn -0.693788 0.720180 0.000013
vn -0.663797 -0.359785 0.655689
vn -0.662862 -0.362573 0.655099
vn -0.671504 -0.335958 0.660465
vn -0.671504 -0.335958 0.660465
vn -0.670969 -0.339009 -0.659450
vn -0.670969 -0.339009 -0.659450
vn -0.663087 -0.363912 -0.654129
vn -0.663936 -0.361310 -0.654709
vn 0.000000 1.000000 -0.000001
vn 0.000000 1.000000 -0.000000
vn 0.000000 1.000000 0.000000
vn 0.000000 1.000000 0.000001
vn 0.000000 1.000000 0.000000
vn 0.000000 1.000000 0.000001
vn 0.000000 1.000000 0.000000
vn 0.000000 1.000000 0.000000
vn 0.000000 -1.000000 0.000001
vn 0.000000 -1.000000 0.000001
vn 0.000000 -1.000000 0.000001
vn 0.000000 -1.000000 0.000001
vn 0.000000 -1.000000 -0.000001
vn 0.000000 -1.000000 -0.000001
vn 0.000000 -1.000000 -0.000001
vn 0.000000 -1.000000 -0.000001
vn -0.952956 -0.278973 -0.118527
vn -0.945968 -0.320042 -0.052129
vn -0.947776 -0.312238 -0.065019
vn -0.952956 -0.278973 -0.118527
vn -0.946870 -0.307912 0.092890
vn -0.945631 -0.316496 0.074917
vn -0.948065 -0.272687 0.163750
vn -0.948065 -0.272687 0.163749
vn 0.085704 -0.140674 -0.986340
vn 0.085704 -0.140674 -0.986340
vn 0.033333 -0.178115 -0.983445
vn 0.050904 -0.165647 -0.984871
vn 0.051143 -0.164659 0.985024
vn 0.033629 -0.177370 0.983570
vn 0.085756 -0.139259 0.986536
vn 0.085756 -0.139259 0.986536
vn 0.000000 -1.000000 0.000000
vn 0.000000 -1.000000 0.000000
vn 0.000000 -1.000000 0.000000
vn 0.000000 -1.000000 0.000000
vn 0.000000 -1.000000 0.000000
vn 0.000000 -1.000000 0.000000
vn 0.000000 -1.000000 0.000000
vn 0.000000 -1.000000 0.000000
vn 0.000000 -1.000000 0.000000
vn 0.000000 -1.000000 0.000000
vn 0.000000 -1.000000 0.000000
vn 0.000000 -1.000000 0.000000
vn 0.000000 -1.000000 0.000002
vn 0.000000 -1.000000 0.000002
vn 0.000000 -1.000000 0.000002
vn 0.000000 -1.000000 0.000002
vn -0.021365 0.557658 0.829795
vn -0.021365 0.557659 0.829795
vn -0.021365 0.557659 0.829795
vn -0.021365 0.557659 0.829795
vn -0.700792 0.713362 -0.002237
vn -0.700792 0.713362 -0.002237
vn -0.700792 0.713362 -0.002237
vn -0.700792 0.713362 -0.002237
vn -0.675226 0.736673 -0.037191
vn -0.675226 0.736673 -0.037191
vn -0.675226 0.736673 -0.037191
vn -0.675226 0.736673 -0.037191
vn -0.015212 0.551861 -0.833798
vn -0.015212 0.551861 -0.833798
vn -0.015212 0.551861 -0.833798
vn -0.015212 0.551861 -0.833798
vn -0.446501 0.779170 -0.439921
vn -0.446501 0.779170 -0.439921
vn -0.446501 0.779170 -0.439921
vn -0.446501 0.779171 -0.439921
vn -0.444594 0.783522 0.434085
vn -0.444594 0.783522 0.434085
vn -0.444594 0.783522 0.434085
vn -0.444594 0.783522 0.434085
vn 0.002287 -0.592183 -0.805801
vn 0.001417 -0.617555 -0.786526
vn 0.003979 -0.540921 -0.841064
vn 0.003979 -0.540921 -0.841064
vn 0.001506 -0.606198 0.795313
vn 0.001836 -0.590441 0.807079
vn 0.002502 -0.557805 0.829969
vn 0.002502 -0.557805 0.829969
vn -0.754725 -0.656037 0.002231
vn -0.767559 -0.640966 0.003856
vn -0.810479 -0.585690 0.009588
vn -0.810479 -0.585690 0.009588
vn -0.757935 -0.652330 -0.001086
vn -0.770074 -0.637952 -0.001736
vn -0.815390 -0.578896 -0.004300
vn -0.815390 -0.578896 -0.004300
vn 0.143411 -0.813705 0.563309
vn 0.143411 -0.813706 0.563309
vn 0.143411 -0.813706 0.563309
vn 0.143411 -0.813706 0.563309
vn 0.053283 -0.509576 -0.858774
vn 0.053283 -0.509576 -0.858774
vn 0.053283 -0.509576 -0.858774
vn 0.053283 -0.509576 -0.858774
vn -0.617415 -0.771483 -0.153668
vn -0.617415 -0.771483 -0.153668
vn -0.617414 -0.771483 -0.153668
vn -0.617415 -0.771483 -0.153668
vn -0.859960 -0.492573 0.133566
vn -0.859960 -0.492573 0.133566
vn -0.859960 -0.492573 0.133566
vn -0.859960 -0.492573 0.133566
vn -0.646261 -0.466778 -0.603710
vn -0.646261 -0.466778 -0.603710
vn -0.646261 -0.466778 -0.603710
vn -0.646261 -0.466778 -0.603710
vn -0.596632 -0.560553 0.574291
vn -0.596632 -0.560553 0.574292
vn -0.596632 -0.560553 0.574292
vn -0.596632 -0.560553 0.574292
vn 0.000000 -1.000000 0.000000
vn -0.011443 -0.999934 0.000723
vn -0.020827 -0.999782 0.001317
vn 0.000000 -1.000000 0.000000
vn -0.001517 -0.998950 0.045796
vn -0.000568 -0.999853 0.017153
vn -0.001043 -0.999504 0.031492
vn -0.001517 -0.998950 0.045796
vn 0.000000 -1.000000 -0.000001
vn 0.000000 -1.000000 -0.000000
vn 0.000000 -1.000000 -0.000000
vn 0.000000 -1.000000 -0.000000
vn -0.040709 -0.999168 0.002574
vn -0.040709 -0.999168 0.002574
vn 0.000000 -1.000000 0.000000
vn 0.000000 -1.000000 0.000000
vn -0.027831 -0.984076 -0.175558
vn -0.168295 -0.985482 -0.022410
vn -0.126782 -0.989569 -0.068406
vn -0.070807 -0.989053 -0.129460
vn -0.159006 -0.986862 -0.028643
vn 0.028211 -0.981604 0.188832
vn -0.033867 -0.995871 0.084226
vn -0.085772 -0.995950 0.026949
vn -0.248082 -0.963835 -0.097355
vn -0.248082 -0.963835 -0.097355
vn 0.093411 -0.950487 0.296391
vn 0.093411 -0.950487 0.296391
vn 0.026891 -0.972087 -0.233073
vn 0.026891 -0.972087 -0.233073
vn -0.239468 -0.969147 0.058394
vn -0.239468 -0.969147 0.058394
vn 0.899445 0.429920 -0.078531
vn 0.899445 0.429920 -0.078531
vn 0.899445 0.429920 -0.078531
vn 0.899445 0.429920 -0.078531
vn 0.898922 0.438110 0.000022
vn 0.898922 0.438110 0.000022
vn 0.898922 0.438110 0.000022
vn 0.898922 0.438110 0.000022
vn 0.896084 0.434034 0.092993
vn 0.896084 0.434034 0.092993
vn 0.896084 0.434034 0.092993
vn 0.896084 0.434034 0.092993
vn 0.065714 0.431361 0.899783
vn 0.065714 0.431361 0.899783
vn 0.065714 0.431361 0.899783
vn 0.065714 0.431361 0.899783
vn 0.065838 0.431379 -0.899766
vn 0.065838 0.431379 -0.899765
vn 0.065838 0.431379 -0.899765
vn 0.065838 0.431379 -0.899765
vn -0.009931 0.996269 -0.085728
vn -0.009931 0.996269 -0.085728
vn -0.009931 0.996269 -0.085728
vn -0.141785 0.989897 0.000000
vn -0.141785 0.989898 0.000000
vn -0.141785 0.989898 0.000000
vn -0.141785 0.989897 0.000000
vn -0.003500 0.993618 0.112741
vn -0.003500 0.993618 0.112741
vn -0.003500 0.993618 0.112741
vn -0.003500 0.993618 0.112741
vn -0.003768 0.992383 -0.123134
vn -0.003768 0.992383 -0.123134
vn -0.003768 0.992383 -0.123134
vn -0.003768 0.992383 -0.123134
vn -0.109809 0.993944 0.004265
vn -0.109809 0.993944 0.004265
vn -0.109809 0.993944 0.004265
vn -0.109809 0.993944 0.004265
vn -0.109327 0.993994 -0.004943
vn -0.109327 0.993994 -0.004943
vn -0.109327 0.993994 -0.004943
vn -0.109327 0.993994 -0.004943
vn -0.091910 0.995767 0.001033
vn -0.091910 0.995767 0.001033
vn -0.091910 0.995767 0.001033
vn -0.008637 0.996685 0.080897
vn -0.008637 0.996685 0.080897
vn -0.008637 0.996685 0.080897
vn -0.054884 0.997334 -0.048082
vn -0.054884 0.997334 -0.048082
vn -0.054884 0.997334 -0.048082
vn -0.052976 0.997521 0.046320
vn -0.052976 0.997521 0.046320
vn -0.052976 0.997521 0.046320
vn -0.083423 0.996424 -0.013440
vn -0.083423 0.996424 -0.013440
vn -0.083423 0.996424 -0.013440
vn 0.002098 -0.139056 0.990282
vn 0.000000 -0.150332 0.988635
vn 0.000000 -0.108644 0.994081
vn 0.000000 -0.108644 0.994081
vn 0.040179 -0.150180 0.987842
vn 0.078638 -0.100229 0.991852
vn 0.078638 -0.100229 0.991852
vn 0.053477 -0.133000 0.989672
vn -0.691026 -0.222022 0.687888
vn -0.691026 -0.222022 0.687888
vn -0.680463 -0.281877 0.676398
vn -0.678745 -0.290325 0.674549
vn -0.962174 -0.268869 -0.043948
vn -0.965686 -0.254566 -0.051446
vn -0.977138 -0.196394 -0.081434
vn -0.977138 -0.196394 -0.081434
vn -0.963905 -0.266246 0.000000
vn -0.965373 -0.260873 -0.000000
vn -0.980017 -0.198913 0.000000
vn -0.980017 -0.198913 0.000000
vn -0.965273 -0.261242 -0.000000
vn -0.980017 -0.198913 0.000000
vn -0.963891 -0.266297 0.000000
vn -0.980017 -0.198913 0.000000
vn -0.961711 -0.266063 0.065738
vn -0.974045 -0.191127 0.121273
vn -0.974045 -0.191127 0.121273
vn -0.964873 -0.251195 0.076944
vn -0.679487 -0.290381 -0.673777
vn -0.681187 -0.281989 -0.675623
vn -0.691699 -0.222119 -0.687179
vn -0.691699 -0.222119 -0.687179
vn 0.040113 -0.150200 -0.987842
vn 0.053392 -0.133021 -0.989674
vn 0.078520 -0.100251 -0.991859
vn 0.078520 -0.100251 -0.991859
vn 0.000000 -0.108644 -0.994081
vn 0.000000 -0.108644 -0.994081
vn 0.000000 -0.150332 -0.988635
vn 0.000000 -0.143595 -0.989637
vn 0.063616 -0.997974 0.000290
vn 0.059321 -0.998239 0.000281
vn 0.097099 -0.995274 0.000833
vn 0.099488 -0.995039 0.000643
vn 0.000000 -0.994816 0.101695
vn 0.000000 -0.994816 0.101695
vn 0.015892 -0.999496 0.027482
vn 0.000000 -0.997959 0.063853
vn 0.017378 -0.999512 -0.025954
vn 0.107559 -0.994199 0.000000
vn 0.088592 -0.996068 0.000000
vn 0.088592 -0.996068 0.000000
vn 0.985663 -0.168495 0.008830
vn 0.975582 -0.219554 0.005994
vn 0.972799 -0.231590 0.005318
vn 0.985663 -0.168495 0.008830
vn 0.000000 0.000000 1.000000
vn 0.000000 0.000000 1.000000
vn 0.000000 0.000000 1.000000
vn 0.000000 0.000000 1.000000
vn -0.007886 -0.145557 -0.989318
vn -0.003911 -0.072196 -0.997383
vn -0.002082 -0.827471 -0.561504
vn -0.003087 -0.920924 -0.389730
vn 1.000000 0.000000 0.000001
vn 1.000000 0.000000 0.000001
vn 1.000000 0.000000 0.000001
vn 1.000000 0.000000 0.000001
vn 0.002565 0.430728 0.902478
vn 0.001318 0.486603 0.873622
vn 0.004115 0.358280 0.933605
vn 0.004115 0.358280 0.933605
vn 0.001317 0.486604 -0.873622
vn 0.002565 0.430728 -0.902478
vn 0.004115 0.358279 -0.933606
vn 0.004115 0.358279 -0.933606
vn -0.789728 0.613456 -0.001055
vn -0.795500 0.605952 -0.001358
vn -0.834150 0.551526 -0.003489
vn -0.834150 0.551526 -0.003489
vn -0.787831 0.615890 0.001075
vn -0.794511 0.607248 0.001467
vn -0.836075 0.548600 0.004035
vn -0.836075 0.548600 0.004035
vn -0.037956 0.568061 0.822111
vn -0.037956 0.568061 0.822111
vn -0.037956 0.568061 0.822111
vn -0.037956 0.568061 0.822111
vn -0.043481 0.579475 -0.813830
vn -0.043481 0.579475 -0.813830
vn -0.043481 0.579475 -0.813830
vn -0.043481 0.579475 -0.813830
vn -0.769760 0.638320 0.004111
vn -0.769760 0.638320 0.004111
vn -0.769760 0.638320 0.004111
vn -0.769760 0.638320 0.004111
vn -0.771073 0.636732 -0.004334
vn -0.771073 0.636732 -0.004334
vn -0.771073 0.636732 -0.004334
vn -0.771073 0.636732 -0.004334
vn -0.542573 0.658954 0.520955
vn -0.542573 0.658954 0.520955
vn -0.542573 0.658954 0.520955
vn -0.542573 0.658954 0.520955
vn -0.532962 0.665723 -0.522268
vn -0.532962 0.665723 -0.522268
vn -0.532962 0.665723 -0.522268
vn -0.532962 0.665723 -0.522268
vn -0.675114 -0.737714 -0.000053
vn -0.675130 -0.737699 -0.000091
vn -0.669147 -0.743130 -0.000004
vn -0.669035 -0.743231 -0.000004
vn -0.675743 -0.737136 -0.001533
vn -0.675743 -0.737136 -0.001533
vn -0.458631 -0.753378 0.471254
vn -0.458631 -0.753378 0.471254
vn -0.252986 -0.769271 0.586703
vn -0.269364 -0.769577 0.578960
vn 0.000000 -0.730073 0.683370
vn 0.000000 -0.730098 0.683343
vn 0.000103 -0.730645 0.682758
vn 0.000084 -0.730626 0.682778
vn 0.000000 -0.730098 -0.683343
vn 0.000000 -0.730073 -0.683369
vn 0.000084 -0.730625 -0.682779
vn 0.000103 -0.730643 -0.682759
vn -0.668704 -0.743528 0.000005
vn -0.668831 -0.743415 0.000005
vn -0.675095 -0.737731 0.000106
vn -0.675080 -0.737745 0.000062
vn -0.252974 -0.769277 -0.586700
vn -0.269364 -0.769584 -0.578951
vn -0.675951 -0.736942 0.002520
vn -0.675951 -0.736942 0.002520
vn -0.458628 -0.753388 -0.471239
vn -0.458628 -0.753388 -0.471240
vn 0.000000 -1.000000 0.000000
vn 0.000000 -1.000000 0.000002
vn 0.000000 -1.000000 0.000002
vn -0.991701 -0.128564 0.000000
vn -0.991701 -0.128564 0.000000
vn -0.991701 -0.128564 0.000000
vn -0.991701 -0.128564 0.000000
vn 0.000000 -1.000000 0.000000
vn 0.000000 -1.000000 -0.000000
vn -0.000000 -0.070314 0.997525
vn 0.000000 -0.070314 0.997525
vn 0.000000 -0.070314 0.997525
vn -0.000000 -0.070314 0.997525
vn 0.000000 -1.000000 -0.000003
vn 0.000000 -1.000000 -0.000002
vn 0.000000 -1.000000 0.000000
vn -0.000321 -0.998050 -0.062413
vn 0.000000 -1.000000 0.000000
vn -0.991701 -0.128565 -0.000000
vn -0.991701 -0.128565 -0.000000
vn -0.991701 -0.128563 0.000000
vn -0.991701 -0.128563 0.000000
vn 0.000000 -1.000000 0.000000
vn 0.000000 -1.000000 0.000001
vn 0.000000 -1.000000 -0.000001
vn -0.698589 -0.140014 -0.701691
vn -0.698589 -0.140014 -0.701691
vn -0.698589 -0.140014 -0.701691
vn -0.698589 -0.140014 -0.701691
vn 0.000000 -0.070314 0.997525
vn 0.000000 -0.070314 0.997525
vn -0.991701 -0.128564 -0.000006
vn -0.991701 -0.128564 -0.000006
vn -0.991701 -0.128564 0.000006
vn -0.991701 -0.128564 0.000006
vn 0.000000 -1.000000 -0.000002
vn 0.000000 -1.000000 0.000002
vn 0.000000 1.000000 -0.000000
vn 0.000000 1.000000 -0.000000
vn 0.000000 1.000000 -0.000000
vn 0.000000 1.000000 0.000000
vn 0.000000 1.000000 -0.000000
vn 0.000000 1.000000 -0.000000
vn 0.000000 1.000000 -0.000000
vn 0.000000 1.000000 -0.000000
vn 0.000000 1.000000 0.000000
vn 0.000000 1.000000 -0.000000
vn 0.000000 1.000000 -0.000000
vn 0.000000 1.000000 0.000000
vn 0.000000 1.000000 0.000000
vn 0.000000 1.000000 0.000000
vn 0.000000 1.000000 0.000000
vn 0.000000 1.000000 0.000000
vn 0.000000 1.000000 -0.000002
vn 0.000000 1.000000 0.000000
vn 0.000000 1.000000 0.000000
vn 0.000000 1.000000 -0.000001
vn 0.000000 1.000000 0.000000
vn 0.000000 1.000000 0.000000
vn 0.000000 1.000000 0.000000
vn 0.000000 1.000000 0.000000
vn 0.000000 1.000000 -0.000003
vn 0.000000 1.000000 -0.000003
vn 0.000000 1.000000 0.000000
vn 0.000000 1.000000 0.000000
vn 0.000000 1.000000 0.000000
vn 0.000000 1.000000 0.000000
vn 0.000000 1.000000 0.000000
vn 0.000000 1.000000 0.000000
vn -0.000000 -0.070314 -0.997525
vn -0.000000 -0.070314 -0.997525
vn 0.000000 -0.070314 -0.997525
vn 0.000000 -0.070314 -0.997525
vn 0.000005 -0.070313 -0.997525
vn 0.000005 -0.070313 -0.997525
vn -0.698527 -0.139989 0.701758
vn -0.698527 -0.139989 0.701758
vn -0.698527 -0.139989 0.701758
vn -0.698527 -0.139989 0.701758
vn -0.829220 0.558921 -0.000971
vn -0.829220 0.558921 -0.000971
vn -0.829220 0.558921 -0.000971
vn -0.829220 0.558921 -0.000971
vn 0.544929 0.838482 -0.000803
vn 0.544929 0.838482 -0.000803
vn 0.544929 0.838482 -0.000803
vn 0.544929 0.838482 -0.000803
vn 1.000000 -0.000006 -0.000950
vn 1.000000 -0.000006 -0.000950
vn 1.000000 -0.000006 -0.000950
vn 1.000000 -0.000006 -0.000950
vn -0.384481 0.923133 -0.000582
vn -0.384481 0.923133 -0.000582
vn -0.384481 0.923133 -0.000582
vn -0.384481 0.923133 -0.000582
vn -0.918741 0.394860 -0.000922
vn -0.918741 0.394860 -0.000922
vn -0.918741 0.394860 -0.000922
vn -0.918741 0.394860 -0.000922
vn -0.480233 0.877141 -0.000711
vn -0.480233 0.877141 -0.000711
vn -0.480233 0.877141 -0.000711
vn -0.480233 0.877140 -0.000711
vn -0.050028 0.733917 0.677394
vn -0.050028 0.733917 0.677394
vn -0.050028 0.733917 0.677394
vn -0.479538 0.876158 -0.048886
vn -0.479538 0.876158 -0.048886
vn -0.479538 0.876158 -0.048886
vn -0.480910 0.875792 0.041401
vn -0.480910 0.875792 0.041401
vn -0.480910 0.875792 0.041401
vn -0.053810 0.682804 -0.728617
vn -0.053810 0.682804 -0.728617
vn -0.053810 0.682804 -0.728617
vn -1.000000 0.000000 -0.000377
vn -1.000000 0.000000 -0.000377
vn -1.000000 0.000000 -0.000377
vn -1.000000 0.000000 -0.000377
vn -0.000000 -0.999999 0.001365
vn -0.000000 -0.999999 0.001365
vn -0.000000 -0.999999 0.001365
vn -0.000000 -0.999999 0.001365
vn 0.000012 0.999999 -0.001393
vn 0.000012 0.999999 -0.001393
vn 0.000012 0.999999 -0.001393
vn 0.000012 0.999999 -0.001393
vn 0.000042 0.641773 -0.766895
vn 0.000069 0.632473 -0.774583
vn 0.119742 0.560430 -0.819500
vn 0.021397 0.606141 -0.795069
vn -0.000361 0.670246 0.742139
vn -0.000236 0.665924 0.746020
vn 0.023227 0.678087 0.734614
vn 0.053324 0.677838 0.733275
vn -0.745515 0.666489 0.000037
vn -0.751554 0.659671 0.000060
vn -0.709803 0.704400 0.000793
vn -0.719033 0.694976 0.000526
vn -0.782616 0.620980 0.043543
vn -0.809079 0.544957 0.220030
vn -0.685792 0.720808 -0.100620
vn -0.681511 0.731069 -0.032876
vn 0.557857 0.572377 0.600982
vn 0.557857 0.572377 0.600982
vn 0.652718 0.149506 -0.742703
vn 0.652718 0.149506 -0.742703
vn -0.579971 0.484222 -0.655105
vn -0.579971 0.484222 -0.655105
vn -0.603119 0.056067 0.795679
vn -0.603119 0.056067 0.795679
vn -0.356969 0.417079 -0.835834
vn -0.301019 0.413107 -0.859494
vn 0.037854 0.360882 -0.931843
vn 0.037854 0.360882 -0.931843
vn -0.821466 0.449214 0.351283
vn -0.809114 0.440989 0.388410
vn -0.871997 0.488992 0.022554
vn -0.871997 0.488992 0.022554
vn 0.000117 -0.622946 -0.782265
vn 0.000117 -0.622946 -0.782265
vn 0.000117 -0.622946 -0.782265
vn 0.000117 -0.622946 -0.782265
vn 0.000117 -0.622942 0.782268
vn 0.000117 -0.622942 0.782268
vn 0.000117 -0.622942 0.782268
vn 0.000117 -0.622942 0.782268
vn -0.765951 -0.642898 0.000137
vn -0.765952 -0.642898 0.000137
vn -0.765952 -0.642898 0.000137
vn -0.765952 -0.642898 0.000137
vn -0.730584 -0.682822 0.000004
vn -0.730584 -0.682822 0.000004
vn -0.730584 -0.682822 0.000004
vn -0.730584 -0.682822 0.000004
vn -0.761072 -0.648668 -0.000122
vn -0.761072 -0.648668 -0.000122
vn -0.761072 -0.648668 -0.000122
vn -0.761072 -0.648668 -0.000122
vn -0.003298 -0.648798 0.760954
vn -0.003298 -0.648798 0.760954
vn -0.003298 -0.648798 0.760954
vn -0.003298 -0.648798 0.760954
vn -0.003298 -0.648819 -0.760936
vn -0.003298 -0.648819 -0.760936
vn -0.003298 -0.648819 -0.760936
vn -0.003298 -0.648819 -0.760936
vn -0.748237 -0.663427 0.002496
vn -0.748237 -0.663427 0.002496
vn -0.748237 -0.663427 0.002496
vn -0.748237 -0.663427 0.002496
vn -0.748478 -0.663149 -0.003660
vn -0.748478 -0.663149 -0.003660
vn -0.748478 -0.663149 -0.003660
vn -0.748478 -0.663149 -0.003660
vn -0.498579 -0.716248 -0.488271
vn -0.498579 -0.716248 -0.488271
vn -0.498579 -0.716248 -0.488271
vn -0.498579 -0.716248 -0.488271
vn -0.498592 -0.716234 0.488278
vn -0.498592 -0.716234 0.488278
vn -0.498592 -0.716234 0.488278
vn -0.498592 -0.716234 0.488278
vn -1.000000 0.000000 0.000000
vn -1.000000 0.000000 0.000000
vn -1.000000 0.000000 0.000000
vn -1.000000 0.000000 0.000000
vn 0.000000 0.000000 1.000000
vn 0.000000 0.000000 1.000000
vn 0.000000 0.000000 1.000000
vn 0.000000 0.000000 1.000000
vn 0.000000 0.000000 -1.000000
vn 0.000000 0.000000 -1.000000
vn 0.000000 0.000000 -1.000000
vn 0.000000 0.000000 -1.000000
vn -1.000000 0.000000 0.000000
vn -1.000000 0.000000 0.000000
vn -1.000000 0.000000 0.000000
vn -1.000000 0.000000 0.000000
vn -1.000000 0.000000 0.000000
vn -1.000000 0.000000 0.000000
vn -1.000000 0.000000 0.000000
vn -1.000000 0.000000 0.000000
vn -0.714530 -0.005350 -0.699584
vn -0.714530 -0.005350 -0.699584
vn -0.714530 -0.005350 -0.699584
vn -0.714530 -0.005350 -0.699584
vn -0.714528 -0.005339 0.699586
vn -0.714528 -0.005339 0.699586
vn -0.714528 -0.005339 0.699586
vn -0.714528 -0.005339 0.699586
vn -1.000000 0.000003 0.000000
vn -1.000000 0.000003 0.000000
vn -1.000000 0.000003 0.000000
vn -1.000000 0.000003 0.000000
vn 0.000000 0.000000 -1.000000
vn 0.000000 0.000000 -1.000000
vn 0.000000 0.000000 -1.000000
vn 0.000000 0.000000 -1.000000
vn 0.000000 0.000000 1.000000
vn 0.000000 0.000000 1.000000
vn 0.000000 0.000000 1.000000
vn 0.000000 0.000000 1.000000
vn -1.000000 0.000001 0.000000
vn -1.000000 0.000001 0.000000
vn -1.000000 0.000001 0.000000
vn -1.000000 0.000001 0.000000
vn 0.000000 1.000000 0.000000
vn 0.000000 1.000000 0.000000
vn 0.000000 1.000000 0.000000
vn 0.000000 1.000000 0.000000
vn 0.000000 1.000000 0.000000
vn 0.000000 1.000000 0.000000
vn 0.000000 1.000000 -0.000000
vn 0.000000 1.000000 0.000000
vn 0.000000 1.000000 0.000001
vn 0.000000 1.000000 0.000001
vn 0.000000 1.000000 0.000003
vn 0.000000 1.000000 0.000000
vn 0.000000 1.000000 -0.000000
vn 0.000000 1.000000 0.000000
vn 0.000000 1.000000 -0.000002
vn 0.000000 1.000000 0.000000
vn 0.000000 -1.000000 -0.000000
vn 0.000000 -1.000000 -0.000000
vn 0.000000 -1.000000 -0.000000
vn 0.000000 -1.000000 -0.000000
vn 0.000000 -1.000000 -0.000000
vn 0.000000 -1.000000 -0.000000
vn 0.000000 -1.000000 -0.000000
vn 0.000000 -1.000000 -0.000000
vn 0.000000 -1.000000 -0.000000
vn 0.000000 -1.000000 -0.000000
vn 0.000000 -1.000000 -0.000000
vn 0.000000 -1.000000 -0.000000
vn 0.000000 -1.000000 0.000000
vn 0.000000 -1.000000 0.000000
vn 0.000000 -1.000000 0.000000
vn 0.000000 -1.000000 0.000000
vn 0.000000 -1.000000 0.000000
vn 0.000000 -1.000000 0.000000
vn 0.000000 -1.000000 0.000000
vn 0.000000 -1.000000 0.000000
vn 0.000000 -1.000000 0.000001
vn 0.000000 -1.000000 0.000001
vn 0.000000 -1.000000 0.000001
vn 0.000000 -1.000000 0.000001
vn 0.000000 -1.000000 -0.000001
vn 0.000000 -1.000000 -0.000001
vn 0.000000 -1.000000 -0.000001
vn 0.000000 -1.000000 -0.000001
vn 0.000000 -1.000000 0.000000
vn 0.000000 -1.000000 0.000000
vn 0.000000 -1.000000 0.000000
vn 0.000000 -1.000000 0.000000
vn 0.000000 -1.000000 0.000000
vn 0.000000 -1.000000 0.000000
vn 0.000000 -1.000000 0.000000
vn 0.000000 -1.000000 0.000000
vn 0.000000 -1.000000 0.000000
vn 0.000000 -1.000000 0.000000
vn 0.000000 -1.000000 0.000000
vn 0.000000 -1.000000 0.000000
vn 0.000000 -1.000000 -0.000002
vn 0.000000 -1.000000 -0.000002
vn 0.000000 -1.000000 -0.000002
vn 0.000000 -1.000000 -0.000002
vn -0.999980 0.006259 0.000895
vn -0.999980 0.006257 0.000895
vn -1.000000 0.000000 0.000000
vn -1.000000 0.000000 0.000000
vn -0.000000 0.000000 1.000000
vn -0.000000 0.000000 1.000000
vn -0.000000 0.000000 1.000000
vn -0.000000 0.000000 1.000000
vn 0.000000 0.000000 -1.000000
vn 0.000000 0.000000 -1.000000
vn 0.000000 0.000000 -1.000000
vn 0.000000 0.000000 -1.000000
vn -1.000000 0.000000 0.000000
vn -1.000000 0.000000 0.000000
vn -0.999807 0.019431 0.002779
vn -0.999807 0.019431 0.002779
vn 0.004710 -0.184355 0.982849
vn 0.011838 -0.194979 0.980736
vn 0.019380 -0.236538 0.971429
vn 0.000000 1.000000 -0.000000
vn 0.000000 1.000000 -0.000000
vn 0.000000 -1.000000 0.000001
vn 0.000000 -1.000000 0.000001
vn 0.000000 -1.000000 0.000001
vn 0.000000 -1.000000 0.000001
vn 0.000000 0.663424 -0.748244
vn 0.000000 0.663424 -0.748244
vn 0.000000 0.663424 -0.748244
vn 0.000000 0.663424 -0.748244
vn -0.000014 -0.657354 -0.753582
vn -0.000014 -0.657354 -0.753582
vn -0.000010 0.435530 0.900174
vn -0.000010 0.435530 0.900174
vn -0.000010 0.435530 0.900174
vn -0.000010 0.435530 0.900174
vn 0.000000 0.979534 -0.201280
vn 0.000000 0.979534 -0.201280
vn 0.000000 0.979534 -0.201280
vn 0.000000 0.979534 -0.201280
vn -0.000000 -0.994762 -0.102217
vn -0.000000 -0.998182 -0.060272
vn 0.000000 0.000000 -1.000000
vn 0.000000 0.000000 -1.000000
vn -0.000053 0.544607 -0.838692
vn -0.000053 0.544607 -0.838692
vn -0.000000 -0.729654 0.683816
vn -0.000000 -0.729654 0.683816
vn -0.000000 -0.729656 -0.683814
vn -0.000000 -0.729656 -0.683814
vn 0.000000 -1.000000 0.000000
vn -0.000000 1.000000 -0.000001
vn -0.000000 1.000000 -0.000001
vn 0.000058 0.550862 0.834596
vn 0.000058 0.550862 0.834596
vn 0.000058 0.550862 0.834596
vn 0.000058 0.550862 0.834596
vn 0.000083 0.528547 -0.848904
vn 0.000083 0.528547 -0.848904
vn 0.000083 0.528547 -0.848904
vn 0.000083 0.528547 -0.848904
vn 0.000199 0.824407 -0.565998
vn 0.000199 0.824407 -0.565998
vn 0.000199 0.824407 -0.565998
vn 0.000199 0.824407 -0.565998
vn -0.000376 0.828855 0.559464
vn -0.000376 0.828855 0.559464
vn -0.000376 0.828855 0.559464
vn -0.000376 0.828855 0.559464
vn -0.000664 0.000000 1.000000
vn -0.000664 0.000000 1.000000
vn -0.000664 0.000000 1.000000
vn -0.000664 0.000000 1.000000
vn 0.000014 0.923865 0.382718
vn 0.000014 0.923865 0.382718
vn 0.000014 0.923865 0.382718
vn 0.000014 0.923865 0.382718
vn 0.000195 0.906545 -0.422109
vn 0.000195 0.906545 -0.422109
vn 0.000195 0.906545 -0.422109
vn 0.000195 0.906545 -0.422109
vn 0.000047 0.369421 0.929262
vn 0.000047 0.369421 0.929262
vn 0.000047 0.369421 0.929262
vn 0.000047 0.369421 0.929262
vn 0.000050 0.334833 -0.942278
vn 0.000050 0.334833 -0.942278
vn 0.000050 0.334833 -0.942278
vn 0.000050 0.334833 -0.942278
vn 0.000049 0.735779 0.677222
vn 0.000049 0.735779 0.677222
vn 0.000049 0.735779 0.677222
vn 0.000049 0.735779 0.677222
vn -0.000004 0.000000 1.000000
vn -0.000004 0.000000 1.000000
vn -0.000004 0.000000 1.000000
vn -0.000004 0.000000 1.000000
vn 0.000135 1.000000 0.000142
vn 0.000135 1.000000 0.000142
vn 0.000135 1.000000 0.000142
vn 0.000135 1.000000 0.000142
vn -0.000136 -1.000000 0.000151
vn -0.000136 -1.000000 0.000151
vn -0.000136 -1.000000 0.000151
vn -0.000136 -1.000000 0.000151
vn -0.000004 0.657349 -0.753586
vn -0.000004 0.657349 -0.753586
vn -0.000004 0.657352 0.753583
vn -0.000004 0.657352 0.753583
vn -0.000005 -0.665619 -0.746292
vn -0.000005 -0.665619 -0.746292
vn -0.000005 -0.665619 -0.746292
vn -0.000005 -0.665619 -0.746292
vn -0.000005 -0.665615 0.746295
vn -0.000005 -0.665615 0.746295
vn -0.000005 -0.665615 0.746295
vn -0.000005 -0.665615 0.746295
vn -0.000000 0.000000 -1.000000
vn -0.000000 0.000000 -1.000000
vn -0.000000 0.000000 -1.000000
vn -0.000000 0.000000 -1.000000
vn 0.000000 0.000000 1.000000
vn 0.000000 0.000000 1.000000
vn 0.000000 0.000000 1.000000
vn 0.000000 0.000000 1.000000
vn 0.000000 1.000000 0.000001
vn 0.000000 1.000000 0.000000
vn 0.000000 -1.000000 -0.000000
vn 0.000000 -1.000000 -0.000000
vn 0.000000 -1.000000 -0.000000
vn 0.000000 -1.000000 -0.000000
vn 0.000000 0.000000 -1.000000
vn 0.000000 0.000000 -1.000000
vn -0.001533 -0.075097 0.997175
vn 0.000000 -0.000006 1.000000
vn 0.000000 0.000000 1.000000
vn 0.000000 -1.000000 0.000000
vn 0.000000 -1.000000 0.000000
vn 0.000000 -1.000000 0.000000
vn 0.000000 -1.000000 0.000000
vn 0.000000 -0.170079 -0.985431
vn 0.000000 -0.182983 -0.983116
vn 0.000000 -1.000000 -0.000002
vn 0.000000 -1.000000 -0.000002
vn 0.000000 -1.000000 -0.000002
vn 0.000000 -1.000000 -0.000002
vn 0.000000 1.000000 0.000001
vn -0.000000 0.662932 0.748679
vn -0.000000 0.662932 0.748679
vn -0.000000 0.662932 0.748679
vn -0.000000 0.662932 0.748679
vn 0.000000 -1.000000 -0.000001
vn 0.000000 -1.000000 -0.000001
vn -0.000009 0.439653 -0.898168
vn -0.000009 0.439653 -0.898168
vn -0.000009 0.439653 -0.898168
vn -0.000009 0.439653 -0.898168
vn -0.000000 0.984380 0.176058
vn -0.000000 0.984380 0.176058
vn -0.000000 0.984380 0.176058
vn -0.000000 0.984380 0.176058
vn 0.000000 -0.143178 -0.989697
vn 0.000000 -0.108644 -0.994081
vn 0.000000 -0.108644 0.994081
vn 0.002523 -0.133818 0.991003
vn 0.000000 -0.997941 0.064133
vn 0.000000 -0.994816 0.101694
vn 0.000000 0.000000 1.000000
vn 0.000000 0.000000 1.000000
vn -0.000053 0.544605 0.838693
vn -0.000053 0.544605 0.838693
vn -0.000000 -0.070314 0.997525
vn -0.000000 -0.070314 0.997525
vn 0.000000 -1.000000 0.000000
vn -0.000000 1.000000 0.000001
vn -0.000000 1.000000 0.000001
vn -0.000000 -0.070314 -0.997525
vn -0.000000 -0.070314 -0.997525
vn 0.000000 1.000000 -0.000000
vn 0.000000 1.000000 -0.000000
vn 0.000000 1.000000 -0.000000
vn 0.000000 1.000000 -0.000000
vn 0.000273 -0.000001 -1.000000
vn 0.000273 -0.000001 -1.000000
vn 0.000273 -0.000001 -1.000000
vn 0.000273 -0.000001 -1.000000
vn 0.000050 0.684943 -0.728597
vn 0.000050 0.684943 -0.728597
vn 0.000050 0.684943 -0.728597
vn 0.000050 0.684943 -0.728597
vn 0.000001 0.000000 -1.000000
vn 0.000001 0.000000 -1.000000
vn 0.000001 0.000000 -1.000000
vn 0.000001 0.000000 -1.000000
vn -0.000129 -1.000000 -0.000139
vn -0.000129 -1.000000 -0.000139
vn -0.000129 -1.000000 -0.000139
vn -0.000129 -1.000000 -0.000139
vn 0.000141 1.000000 -0.000144
vn 0.000141 1.000000 -0.000144
vn 0.000141 1.000000 -0.000144
vn 0.000141 1.000000 -0.000144
vn 0.000000 1.000000 0.000000
vn 0.000000 -1.000000 0.000000
vn 0.000000 -1.000000 0.000000
vn 0.000000 -1.000000 0.000000
vn 0.000000 -1.000000 0.000000
vn 0.000000 -1.000000 0.000000
vn 0.000000 -1.000000 0.000000
vn 0.000000 0.000000 -1.000000
vn 0.000000 0.000000 -1.000000
vn 0.000000 -0.170079 -0.985430
vn 0.000000 -0.183309 -0.983055
vn 0.000000 -0.141786 -0.989897
vn 0.000000 -0.108644 -0.994081
vn -0.019558 -0.999632 -0.018799
vn -0.018725 -0.999648 -0.018800
vn 0.000000 -0.999823 -0.018812
vn 0.000000 -0.999823 -0.018812
vn -0.000001 -1.000000 0.000000
vn -0.000001 -1.000000 0.000000
vn -0.000001 -1.000000 0.000000
vn -0.000001 -1.000000 0.000000
vn 0.000000 1.000000 0.000000
vn 0.000000 1.000000 0.000000
vn -0.000001 -1.000000 0.000000
vn -0.000001 -1.000000 0.000000
vn -0.000001 -1.000000 0.000000
vn -0.000001 -1.000000 0.000000
vn 0.000000 1.000000 0.000000
vn 0.000000 0.984380 0.176056
vn 0.000000 0.984380 0.176056
vn 0.000000 0.984380 0.176056
vn 0.000000 0.984380 0.176056
vn 0.000000 0.663424 -0.748244
vn 0.000000 0.663424 -0.748244
vn 0.000000 0.663424 -0.748244
vn 0.000000 0.663424 -0.748244
vn 0.000000 0.000000 -1.000000
vn 0.000000 0.000000 -1.000000
vn 0.000000 0.000000 -1.000000
vn 0.000000 0.000000 -1.000000
vn 0.000000 -0.654633 -0.755947
vn 0.000000 -0.654633 -0.755947
vn 0.000000 0.735823 0.677174
vn 0.000000 0.735823 0.677174
vn 0.000000 0.735823 0.677174
vn 0.000000 0.735823 0.677174
vn 0.000000 0.437000 0.899461
vn 0.000000 0.437000 0.899461
vn 0.000000 0.437000 0.899461
vn 0.000000 0.437000 0.899461
vn 0.000000 1.000000 -0.000001
vn 0.000000 1.000000 -0.000001
vn -0.000000 -0.998153 -0.060755
vn 0.000000 -1.000000 0.000000
vn 0.000000 -0.997912 0.064595
vn 0.000000 -0.994816 0.101693
vn 0.000000 0.538811 -0.842427
vn 0.000000 0.538811 -0.842426
vn 0.000000 -0.070314 -0.997525
vn 0.000000 -0.070314 -0.997525
vn 0.000000 -0.729702 0.683766
vn 0.000000 -0.729702 0.683766
vn 0.000000 -0.729704 -0.683764
vn 0.000000 -0.729704 -0.683764
vn 0.000000 1.000000 0.000000
vn 0.000000 1.000000 0.000000
vn 0.000000 1.000000 0.000000
vn 0.000000 1.000000 0.000000
vn 0.000000 0.000000 1.000000
vn 0.000000 0.000000 1.000000
vn 0.000000 0.000000 1.000000
vn 0.000000 0.000000 1.000000
vn 0.000000 0.550723 0.834688
vn 0.000000 0.550723 0.834688
vn 0.000000 0.550723 0.834688
vn 0.000000 0.550723 0.834688
vn 0.000000 0.922953 0.384913
vn 0.000000 0.922953 0.384913
vn 0.000000 0.922953 0.384913
vn 0.000000 0.922953 0.384913
vn 0.000000 0.530192 -0.847878
vn 0.000000 0.530192 -0.847878
vn 0.000000 0.530192 -0.847878
vn 0.000000 0.530192 -0.847878
vn 0.000000 0.000000 -1.000000
vn 0.000000 0.000000 -1.000000
vn 0.000000 0.000000 -1.000000
vn 0.000000 0.000000 -1.000000
vn 0.000000 0.826454 -0.563004
vn 0.000000 0.826454 -0.563004
vn 0.000000 0.826454 -0.563004
vn 0.000000 0.826454 -0.563004
vn 0.000000 0.829907 0.557902
vn 0.000000 0.829907 0.557902
vn 0.000000 0.829907 0.557902
vn 0.000000 0.829907 0.557902
vn 0.000000 0.368659 0.929565
vn 0.000000 0.368659 0.929565
vn 0.000000 0.368659 0.929565
vn 0.000000 0.368659 0.929565
vn -0.000001 -1.000000 -0.000020
vn -0.000001 -1.000000 -0.000020
vn -0.000001 -1.000000 -0.000020
vn -0.000001 -1.000000 -0.000020
vn 0.000000 0.334027 -0.942564
vn 0.000000 0.334027 -0.942564
vn 0.000000 0.334027 -0.942564
vn 0.000000 0.334027 -0.942564
vn 0.000000 1.000000 -0.000027
vn 0.000000 1.000000 -0.000027
vn 0.000000 1.000000 -0.000027
vn 0.000000 1.000000 -0.000027
vn 0.000000 0.654634 -0.755946
vn 0.000000 0.654634 -0.755946
vn 0.000000 0.654634 0.755946
vn 0.000000 0.654634 0.755946
vn -0.000000 -0.662376 -0.749171
vn -0.000000 -0.662376 -0.749171
vn -0.000000 -0.662376 -0.749171
vn -0.000000 -0.662376 -0.749171
vn 0.000000 -0.662357 0.749189
vn 0.000000 -0.662357 0.749188
vn 0.000000 -0.662357 0.749189
vn 0.000000 -0.662357 0.749188
vn -0.000533 -0.002036 0.999998
vn -0.000290 -0.003031 0.999995
vn 0.000000 -0.003202 0.999995
vn 0.000000 -0.002147 0.999998
vn -0.001131 -0.002496 0.999996
vn -1.000000 0.000000 0.000000
vn -0.998647 -0.051984 -0.000968
vn -0.997611 -0.069073 -0.001286
vn -0.107288 -0.003183 0.994223
vn -0.436980 -0.000833 0.899471
vn -0.422421 -0.027213 0.905991
vn -0.431800 -0.015384 0.901838
vn -0.420546 -0.046470 0.906080
vn -0.485338 -0.026028 0.873939
vn -0.000243 -0.004993 0.999988
vn -0.000121 -0.003945 0.999992
vn 0.000493 -0.003931 0.999992
vn -0.000217 -0.004774 0.999989
vn 0.000466 -0.004614 0.999989
vn 0.000438 -0.004652 0.999989
vn -0.073640 -0.011165 0.997222
vn 0.000000 -0.004221 0.999991
vn 0.000000 -0.004221 0.999991
vn 0.000000 -0.004223 0.999991
vn 0.000001 -0.002727 0.999996
vn 0.838195 0.545371 0.000000
vn 0.838195 0.545371 0.000000
vn 0.838195 0.545371 0.000000
vn 0.838195 0.545371 0.000000
vn 0.963735 -0.266861 0.000000
vn 0.963735 -0.266861 0.000000
vn 0.963735 -0.266861 0.000000
vn 0.963735 -0.266861 0.000000
vn 1.000000 0.000000 0.000000
vn 1.000000 0.000000 0.000000
vn 1.000000 0.000000 0.000000
vn 1.000000 0.000000 0.000000
vn 0.707099 0.707114 0.000000
vn 0.707099 0.707114 0.000000
vn 0.707099 0.707114 0.000000
vn 0.707099 0.707114 0.000000
vn 0.000000 0.000000 1.000000
vn 0.000000 0.000000 1.000000
vn 0.000000 0.000000 1.000000
vn -0.010271 -0.999947 -0.000068
vn -0.382764 -0.923843 -0.002530
vn -0.382764 -0.923843 -0.002530
vn -0.009679 -0.999953 -0.000064
vn -0.923954 -0.382498 -0.002302
vn -0.999094 -0.042558 -0.000256
vn -0.994788 -0.101967 -0.000614
vn -0.923954 -0.382498 -0.002302
vn -0.001670 -0.628097 0.778134
vn -1.000000 -0.000000 0.000000
vn -0.434170 -0.017481 0.900661
vn -0.260125 -0.312920 0.913464
vn -0.166661 -0.166165 0.971912
vn 0.000198 -0.002111 0.999998
vn -0.000073 -0.003084 0.999995
vn 0.066145 -0.126227 0.989794
vn 0.066145 -0.126227 0.989794
vn 0.066145 -0.126227 0.989794
vn 0.066145 -0.126227 0.989794
vn -0.004321 -0.158493 0.987351
vn -0.653242 -0.084567 -0.752412
vn -0.653242 -0.084567 -0.752412
vn -0.653242 -0.084567 -0.752412
vn -0.653242 -0.084567 -0.752412
vn 0.680833 0.085165 0.727470
vn 0.680833 0.085165 0.727470
vn 0.680834 0.085165 0.727470
vn 0.680834 0.085165 0.727470
vn 0.493004 -0.528676 0.690976
vn 0.493004 -0.528676 0.690976
vn 0.493004 -0.528676 0.690976
vn 0.493004 -0.528676 0.690976
vn -0.678648 -0.345108 -0.648335
vn -0.678648 -0.345108 -0.648335
vn -0.678648 -0.345108 -0.648335
vn -0.678648 -0.345108 -0.648335
vn 0.671944 0.051244 0.738827
vn 0.671944 0.051244 0.738827
vn 0.671944 0.051244 0.738827
vn 0.671944 0.051244 0.738827
vn -0.641939 -0.049920 -0.765129
vn -0.641939 -0.049920 -0.765129
vn -0.641939 -0.049920 -0.765129
vn -0.641939 -0.049920 -0.765129
vn 0.663493 -0.196647 0.721877
vn 0.663493 -0.196647 0.721877
vn 0.663493 -0.196647 0.721877
vn 0.663493 -0.196647 0.721877
vn -0.124716 -0.982806 -0.136158
vn -0.124716 -0.982806 -0.136158
vn -0.124716 -0.982806 -0.136158
vn -0.124716 -0.982806 -0.136158
vn -0.633154 0.203462 -0.746806
vn -0.633154 0.203462 -0.746806
vn -0.633154 0.203462 -0.746806
vn -0.633154 0.203462 -0.746806
vn 0.033029 -0.998726 0.038144
vn 0.033029 -0.998726 0.038144
vn 0.033029 -0.998726 0.038144
vn 0.033029 -0.998726 0.038144
vn 0.004133 -0.999981 0.004630
vn 0.004133 -0.999981 0.004630
vn 0.004133 -0.999981 0.004630
vn 0.004133 -0.999981 0.004630
vn -0.647222 -0.094391 -0.756435
vn -0.647222 -0.094391 -0.756435
vn -0.647222 -0.094391 -0.756435
vn -0.647222 -0.094391 -0.756435
vn 0.674659 0.095020 0.731988
vn 0.674660 0.095020 0.731988
vn 0.674660 0.095020 0.731988
vn 0.674660 0.095020 0.731988
vn -0.654627 -0.084629 0.751200
vn -0.654627 -0.084629 0.751200
vn -0.654627 -0.084629 0.751200
vn -0.654627 -0.084629 0.751200
vn 0.679178 0.084838 -0.729054
vn 0.679178 0.084838 -0.729054
vn 0.679178 0.084838 -0.729054
vn 0.679178 0.084838 -0.729054
vn 0.611030 -0.223532 -0.759392
vn 0.611030 -0.223532 -0.759392
vn 0.611030 -0.223532 -0.759392
vn 0.611030 -0.223532 -0.759392
vn -0.631593 -0.226405 0.741506
vn -0.631593 -0.226405 0.741506
vn -0.631593 -0.226405 0.741506
vn -0.631593 -0.226405 0.741506
vn -0.645065 -0.050159 0.762479
vn -0.645065 -0.050159 0.762479
vn -0.645065 -0.050159 0.762479
vn -0.645065 -0.050159 0.762479
vn 0.671944 0.051245 -0.738827
vn 0.671944 0.051245 -0.738827
vn 0.671944 0.051245 -0.738827
vn 0.671944 0.051245 -0.738827
vn 0.663490 -0.196660 -0.721876
vn 0.663490 -0.196660 -0.721876
vn 0.663491 -0.196660 -0.721876
vn 0.663491 -0.196660 -0.721876
vn -0.124678 -0.982816 0.136121
vn -0.124678 -0.982816 0.136121
vn -0.124678 -0.982816 0.136121
vn -0.124678 -0.982816 0.136121
vn -0.636132 0.204093 0.744098
vn -0.636132 0.204093 0.744098
vn -0.636132 0.204093 0.744098
vn -0.636132 0.204093 0.744098
vn 0.054462 -0.996549 -0.062635
vn 0.054462 -0.996549 -0.062635
vn 0.054462 -0.996549 -0.062635
vn 0.054462 -0.996549 -0.062635
vn 0.004134 -0.999981 -0.004633
vn 0.004134 -0.999981 -0.004633
vn 0.004134 -0.999981 -0.004633
vn 0.004134 -0.999981 -0.004633
vn 0.674662 0.095020 -0.731985
vn 0.674662 0.095020 -0.731985
vn 0.674662 0.095020 -0.731985
vn 0.674662 0.095020 -0.731985
vn -0.650313 -0.094841 0.753723
vn -0.650313 -0.094841 0.753723
vn -0.650313 -0.094841 0.753723
vn -0.650313 -0.094841 0.753723
vn 0.689052 0.000000 0.724712
vn 0.689052 0.000000 0.724712
vn 0.689052 0.000000 0.724712
vn 0.689052 0.000000 0.724712
vn -0.000002 0.000000 1.000000
vn -0.000002 0.000000 1.000000
vn -0.000002 0.000000 1.000000
vn -0.000002 0.000000 1.000000
vn -0.661620 0.000000 -0.749840
vn -0.661620 0.000000 -0.749840
vn -0.661620 0.000000 -0.749840
vn -0.661620 0.000000 -0.749840
vn -1.000000 0.000000 0.000000
vn -1.000000 0.000000 0.000000
vn -1.000000 0.000000 0.000000
vn -1.000000 0.000000 0.000000
vn -0.720464 0.000000 0.693492
vn -0.720464 0.000000 0.693492
vn -0.720464 0.000000 0.693492
vn -0.720464 0.000000 0.693492
vn -0.009694 0.524189 0.851547
vn -0.009694 0.524189 0.851547
vn -0.366941 0.472598 0.801252
vn -0.328071 0.481801 0.812550
vn 0.000000 1.000000 -0.000001
vn 0.000000 1.000000 -0.000001
vn 0.671174 -0.008544 -0.741251
vn 0.671174 -0.008544 -0.741251
vn 0.671174 -0.008544 -0.741251
vn 0.671174 -0.008544 -0.741251
vn 0.040528 -0.020265 -0.998973
vn 0.040528 -0.020265 -0.998973
vn 0.040528 -0.020265 -0.998973
vn 0.040528 -0.020265 -0.998973
vn -0.612426 0.036135 0.789702
vn -0.612426 0.036135 0.789702
vn -0.612426 0.036135 0.789702
vn -0.612426 0.036135 0.789702
vn -0.995426 -0.016629 0.094076
vn -0.995426 -0.016629 0.094076
vn -0.995426 -0.016629 0.094076
vn -0.995426 -0.016629 0.094076
vn -0.721241 -0.008773 -0.692629
vn -0.721241 -0.008773 -0.692629
vn -0.721241 -0.008773 -0.692629
vn -0.721241 -0.008773 -0.692629
vn -0.934498 0.341854 0.099243
vn -0.934498 0.341854 0.099243
vn -0.868049 0.407178 -0.284073
vn -0.838586 0.412695 -0.355607
vn 0.000000 1.000000 0.000000
vn 0.000000 1.000000 0.000000
vn 0.000000 -1.000000 0.000000
vn 0.000000 -1.000000 0.000000
vn 0.000000 1.000000 0.000000
vn 0.000000 1.000000 0.000000
vn -0.000001 -1.000000 0.000000
vn -0.000001 -1.000000 0.000000
vn -0.000001 -1.000000 0.000000
vn -0.000001 -1.000000 0.000000
vn 0.000000 0.662930 0.748681
vn 0.000000 0.662930 0.748681
vn 0.000000 0.662930 0.748681
vn 0.000000 0.662930 0.748681
vn 0.000000 -1.000000 0.000000
vn 0.000000 -1.000000 0.000000
vn -0.000000 0.437927 -0.899011
vn -0.000000 0.437927 -0.899011
vn -0.000000 0.437927 -0.899011
vn -0.000000 0.437927 -0.899011
vn 0.000000 0.979534 -0.201280
vn 0.000000 0.979534 -0.201280
vn 0.000000 0.979534 -0.201280
vn 0.000000 0.979534 -0.201280
vn 0.000000 -0.108644 0.994081
vn 0.000000 -0.128007 0.991773
vn -0.000000 -0.994762 -0.102216
vn 0.000000 0.000000 1.000000
vn 0.000000 0.000000 1.000000
vn 0.000000 1.000000 0.000002
vn 0.000000 1.000000 0.000002
vn 0.000000 0.538807 0.842429
vn 0.000000 0.538807 0.842429
vn 0.000000 -0.070314 0.997525
vn 0.000000 -0.070314 0.997525
vn 0.000000 -1.000000 0.000000
vn 0.000000 0.000000 -1.000000
vn 0.000000 0.000000 -1.000000
vn 0.000000 0.000000 -1.000000
vn 0.000000 0.000000 -1.000000
vn 0.000000 0.907273 -0.420543
vn 0.000000 0.907273 -0.420543
vn 0.000000 0.907273 -0.420543
vn 0.000000 0.907273 -0.420543
vn 0.000000 1.000000 0.000027
vn 0.000000 1.000000 0.000027
vn 0.000000 1.000000 0.000027
vn 0.000000 1.000000 0.000027
vn 0.000000 0.684994 -0.728549
vn 0.000000 0.684994 -0.728549
vn 0.000000 0.684994 -0.728549
vn 0.000000 0.684994 -0.728549
vn 0.000000 0.000000 1.000000
vn 0.000000 0.000000 1.000000
vn 0.000000 0.000000 1.000000
vn 0.000000 0.000000 1.000000
vn -0.000001 -1.000000 0.000020
vn -0.000001 -1.000000 0.000020
vn -0.000001 -1.000000 0.000020
vn -0.000001 -1.000000 0.000020
vn 0.000000 0.000000 -1.000000
vn 0.000000 0.000000 -1.000000
vn 0.000000 1.000000 0.000000
vn -0.000001 -1.000000 0.000000
vn -0.000001 -1.000000 0.000000
vn -0.000001 -1.000000 0.000000
vn -0.000001 -1.000000 0.000000
vn 0.000000 0.000000 1.000000
vn 0.000000 0.000000 1.000000
vn 0.000000 0.000000 1.000000
vn 0.000000 0.000000 1.000000
vn -0.000000 -0.005508 0.999985
vn 0.000000 -0.005508 0.999985
vn -0.000303 -0.005508 0.999985
vn 0.000000 -0.005449 0.999985
vn 0.000000 -0.005449 0.999985
vn 0.394356 -0.918958 0.000000
vn 0.394356 -0.918958 0.000000
vn 0.394356 -0.918958 0.000000
vn 0.394356 -0.918958 0.000000
vn -0.000000 -0.159235 0.987241
vn -0.004795 -0.159190 0.987236
vn 0.000000 0.000000 1.000000
vn -1.000000 -0.000006 0.000000
vn -1.000000 0.000004 0.000002
vn -1.000000 0.000006 0.000000
vn -1.000000 0.000003 0.000000
vn -1.000000 0.000044 0.000014
vn -1.000000 0.000036 0.000029
vn -1.000000 -0.000052 0.000017
vn -1.000000 0.000043 0.000029
vn -1.000000 0.000012 0.000000
vn -1.000000 0.000000 0.000000
vn -1.000000 -0.000006 0.000000
vn -1.000000 0.000000 0.000000
vn 1.000000 -0.000036 0.000024
vn 1.000000 -0.000007 -0.000001
vn 1.000000 -0.000049 0.000036
vn 1.000000 -0.000048 0.000049
vn 1.000000 -0.000014 0.000058
vn 1.000000 -0.000072 0.000064
vn 1.000000 0.000059 -0.000002
vn 1.000000 -0.000121 -0.000025
vn 1.000000 -0.000031 -0.000050
vn 1.000000 -0.000038 -0.000036
vn 1.000000 -0.000061 -0.000023
vn 1.000000 -0.000058 0.000001
vn 0.000000 0.938614 -0.344970
vn 0.000000 0.999946 -0.010399
vn 0.000000 0.999946 -0.010399
vn 0.000000 0.938614 -0.344970
vn 0.000000 0.802868 -0.596156
vn 0.000000 0.802868 -0.596156
vn 0.000000 0.579386 -0.815053
vn 0.000000 0.579386 -0.815053
vn 0.000000 0.254038 -0.967194
vn 0.000000 0.254038 -0.967194
vn 0.000000 -0.057601 -0.998340
vn 0.000000 -0.057609 -0.998339
vn 0.000000 0.060173 0.998188
vn 0.000000 0.362476 0.931993
vn 0.000000 0.362472 0.931995
vn 0.000000 0.060179 0.998188
vn 0.000000 0.596163 0.802863
vn 0.000000 0.596163 0.802863
vn 0.000000 0.815050 0.579391
vn 0.000000 0.815050 0.579391
vn 0.000000 0.945569 0.325421
vn 0.000000 0.945569 0.325421
vn 0.000000 0.938617 -0.344962
vn 0.000000 0.999946 -0.010401
vn 0.000000 0.999946 -0.010401
vn 0.000000 0.938617 -0.344962
vn 0.000000 0.802872 -0.596151
vn 0.000000 0.802872 -0.596151
vn 0.000000 0.579379 -0.815058
vn 0.000000 0.579379 -0.815058
vn 0.000000 0.254003 -0.967203
vn 0.000000 0.253997 -0.967205
vn 0.000000 -0.057611 -0.998339
vn 0.000000 -0.057616 -0.998339
vn 0.000000 0.060157 0.998189
vn 0.000000 0.362468 0.931996
vn 0.000000 0.362472 0.931995
vn 0.000000 0.060170 0.998188
vn 0.000000 0.596161 0.802865
vn 0.000000 0.596161 0.802865
vn 0.000000 0.815053 0.579387
vn 0.000000 0.815053 0.579387
vn 0.000000 0.945569 0.325421
vn 0.000000 0.945569 0.325421
vn 0.000000 0.938612 -0.344974
vn 0.000000 0.999946 -0.010405
vn 0.000000 0.999946 -0.010405
vn 0.000000 0.938612 -0.344974
vn 0.000000 0.802866 -0.596160
vn 0.000000 0.802866 -0.596160
vn 0.000000 0.579390 -0.815050
vn 0.000000 0.579390 -0.815050
vn 0.000000 0.254050 -0.967191
vn 0.000000 0.254050 -0.967191
vn -0.000020 -0.057608 -0.998339
vn -0.000020 -0.057601 -0.998340
vn 0.000000 0.060140 0.998190
vn 0.000000 0.362465 0.931997
vn 0.000000 0.362465 0.931997
vn 0.000000 0.060140 0.998190
vn 0.000000 0.596162 0.802864
vn 0.000000 0.596162 0.802864
vn 0.000000 0.815052 0.579388
vn 0.000000 0.815052 0.579388
vn 0.000000 0.945570 0.325420
vn 0.000000 0.945570 0.325420
vn 0.000000 0.938611 -0.344977
vn 0.000000 0.999946 -0.010400
vn 0.000000 0.999946 -0.010400
vn 0.000000 0.938611 -0.344977
vn 0.000000 0.802859 -0.596169
vn 0.000000 0.802859 -0.596169
vn 0.000000 0.579382 -0.815056
vn 0.000000 0.579382 -0.815056
vn 0.000000 0.254042 -0.967193
vn 0.000000 0.254042 -0.967193
vn 0.000000 -0.057600 -0.998340
vn 0.000000 -0.057588 -0.998340
vn 0.000000 0.060134 0.998190
vn 0.000000 0.362457 0.932000
vn 0.000000 0.362457 0.932000
vn 0.000000 0.060134 0.998190
vn 0.000000 0.596154 0.802870
vn 0.000000 0.596154 0.802870
vn 0.000000 0.815051 0.579389
vn 0.000000 0.815051 0.579389
vn 0.000000 0.945570 0.325420
vn 0.000000 0.945570 0.325420
vn 0.000000 0.886262 -0.463185
vn 0.000000 0.886262 -0.463185
vn 0.000000 0.802888 -0.596130
vn 0.000000 0.802888 -0.596130
vn 0.000000 0.579369 -0.815065
vn 0.000000 0.579369 -0.815065
vn 0.000000 0.258302 -0.966064
vn 0.000000 0.258297 -0.966066
vn 0.000000 -0.053191 -0.998584
vn 0.000000 -0.053195 -0.998584
vn -0.000001 0.055418 0.998463
vn -0.000001 0.055418 0.998463
vn -0.000000 0.358485 0.933535
vn -0.000000 0.358489 0.933534
vn 0.000000 0.596142 0.802879
vn 0.000000 0.596142 0.802879
vn 0.000000 0.815076 0.579355
vn 0.000000 0.815076 0.579355
vn 0.000000 0.895675 0.444709
vn 0.000000 0.895675 0.444709
vn 0.000000 0.999937 0.011214
vn 0.000000 0.999937 0.011214
vn 0.000000 0.999937 0.011214
vn 0.000000 0.999937 0.011214
vn 0.000000 0.999936 0.011352
vn 0.000000 0.999936 0.011352
vn 0.000000 0.999936 0.011352
vn 0.000000 0.999936 0.011352
vn 0.000000 0.915773 -0.401696
vn 0.000000 0.915773 -0.401696
vn 0.000000 0.802888 -0.596130
vn 0.000000 0.802888 -0.596130
vn 0.000000 0.579372 -0.815063
vn 0.000000 0.579372 -0.815063
vn 0.000000 0.258304 -0.966064
vn 0.000000 0.258309 -0.966062
vn 0.000000 -0.053191 -0.998584
vn 0.000000 -0.053191 -0.998584
vn -0.000000 0.055423 0.998463
vn -0.000000 0.055435 0.998462
vn 0.000000 0.358495 0.933532
vn 0.000000 0.358495 0.933532
vn 0.000000 0.596142 0.802879
vn 0.000000 0.596142 0.802879
vn 0.000000 0.815075 0.579356
vn 0.000000 0.815075 0.579356
vn 0.000000 0.923912 0.382606
vn 0.000000 0.923912 0.382606
vn 0.000000 0.999946 -0.010370
vn 0.000000 0.999946 -0.010370
vn 0.000000 0.886257 -0.463193
vn 0.000000 0.886257 -0.463193
vn 0.000000 0.802887 -0.596131
vn 0.000000 0.802887 -0.596131
vn 0.000000 0.579373 -0.815063
vn 0.000000 0.579373 -0.815063
vn 0.000000 0.258310 -0.966062
vn 0.000000 0.258305 -0.966063
vn -0.000000 -0.053187 -0.998585
vn -0.000000 -0.053199 -0.998584
vn -0.000001 0.055414 0.998464
vn -0.000001 0.055431 0.998463
vn -0.000000 0.358483 0.933536
vn -0.000000 0.358487 0.933535
vn 0.000000 0.596140 0.802880
vn 0.000000 0.596140 0.802880
vn 0.000000 0.815077 0.579353
vn 0.000000 0.815077 0.579353
vn 0.000000 0.895675 0.444708
vn 0.000000 0.895675 0.444708
vn 0.000000 0.999937 0.011218
vn 0.000000 0.999937 0.011218
vn 0.000000 0.999937 0.011218
vn 0.000000 0.999937 0.011218
vn 0.000000 0.999936 0.011356
vn 0.000000 0.999936 0.011356
vn 0.000000 0.999936 0.011356
vn 0.000000 0.999936 0.011356
vn 0.000000 0.915774 -0.401694
vn 0.000000 0.915774 -0.401694
vn 0.000000 0.802887 -0.596131
vn 0.000000 0.802887 -0.596131
vn 0.000000 0.579372 -0.815064
vn 0.000000 0.579372 -0.815064
vn 0.000000 0.258303 -0.966064
vn 0.000000 0.258303 -0.966064
vn 0.000000 -0.053190 -0.998584
vn 0.000000 -0.053190 -0.998584
vn -0.000001 0.055424 0.998463
vn -0.000001 0.055424 0.998463
vn -0.000000 0.358496 0.933531
vn -0.000000 0.358500 0.933530
vn 0.000000 0.596142 0.802879
vn 0.000000 0.596142 0.802879
vn 0.000000 0.815074 0.579357
vn 0.000000 0.815074 0.579357
vn 0.000000 0.923912 0.382604
vn 0.000000 0.923912 0.382604
vn 0.000000 0.999946 -0.010370
vn 0.000000 0.999946 -0.010370
vn 0.000000 0.886263 -0.463183
vn 0.000000 0.886263 -0.463183
vn 0.000000 0.802889 -0.596128
vn 0.000000 0.802889 -0.596128
vn 0.000000 0.579371 -0.815064
vn 0.000000 0.579371 -0.815064
vn 0.000000 0.258304 -0.966064
vn 0.000000 0.258309 -0.966062
vn -0.000000 -0.053183 -0.998585
vn -0.000000 -0.053191 -0.998584
vn -0.000001 0.055423 0.998463
vn -0.000001 0.055418 0.998463
vn -0.000000 0.358492 0.933533
vn -0.000000 0.358485 0.933536
vn 0.000000 0.596144 0.802878
vn 0.000000 0.596144 0.802878
vn 0.000000 0.815074 0.579357
vn 0.000000 0.815074 0.579357
vn 0.000000 0.895671 0.444717
vn 0.000000 0.895671 0.444717
vn 0.000000 0.999937 0.011186
vn 0.000000 0.999937 0.011186
vn 0.000000 0.999937 0.011186
vn 0.000000 0.999937 0.011186
vn 0.000000 0.999935 0.011378
vn 0.000000 0.999935 0.011378
vn 0.000000 0.999935 0.011378
vn 0.000000 0.999935 0.011378
vn -1.000000 0.000045 0.000000
vn -1.000000 0.000045 0.000000
vn -1.000000 0.000045 0.000000
vn -1.000000 0.000045 0.000000
vn 1.000000 0.000000 0.000000
vn 1.000000 0.000000 0.000000
vn 1.000000 0.000000 0.000000
vn 1.000000 0.000000 0.000000
vn 1.000000 0.000053 0.000000
vn 1.000000 0.000053 0.000000
vn 1.000000 0.000053 0.000000
vn 1.000000 0.000053 0.000000
vn -1.000000 0.000000 0.000000
vn -1.000000 0.000000 0.000000
vn -1.000000 0.000000 0.000000
vn -1.000000 0.000000 0.000000
vn 1.000000 -0.000053 0.000000
vn 1.000000 -0.000053 0.000000
vn 1.000000 -0.000053 0.000000
vn 1.000000 -0.000053 0.000000
vn -1.000000 0.000000 0.000000
vn -1.000000 0.000000 0.000000
vn -1.000000 0.000000 0.000000
vn -1.000000 0.000000 0.000000
vn 1.000000 0.000027 0.000000
vn 1.000000 0.000027 0.000000
vn 1.000000 0.000027 0.000000
vn 1.000000 0.000027 0.000000
vn -1.000000 0.000000 0.000000
vn -1.000000 0.000000 0.000000
vn -1.000000 0.000000 0.000000
vn -1.000000 0.000000 0.000000
vn 1.000000 -0.000013 0.000000
vn 1.000000 -0.000013 0.000000
vn 1.000000 -0.000006 0.000000
vn 1.000000 -0.000007 0.000000
vn -1.000000 -0.000007 -0.000132
vn -1.000000 -0.000006 -0.000132
vn -1.000000 -0.000038 -0.000132
vn -1.000000 -0.000038 -0.000132
vn 1.000000 0.000063 0.000075
vn 1.000000 0.000060 0.000072
vn 1.000000 -0.000014 0.000000
vn 1.000000 -0.000014 0.000000
vn -1.000000 0.000070 0.000112
vn -1.000000 0.000070 0.000112
vn -1.000000 0.000008 0.000181
vn -1.000000 0.000006 0.000183
vn 1.000000 0.000000 0.000000
vn 1.000000 0.000000 0.000000
vn 1.000000 0.000000 0.000000
vn 1.000000 0.000000 0.000000
vn -1.000000 0.000000 0.000000
vn -1.000000 0.000000 0.000000
vn -1.000000 0.000000 0.000000
vn -1.000000 0.000000 0.000000
vn 1.000000 0.000000 0.000000
vn 1.000000 0.000000 0.000000
vn 1.000000 0.000000 0.000000
vn 1.000000 0.000000 0.000000
vn -1.000000 -0.000053 0.000000
vn -1.000000 -0.000053 0.000000
vn -1.000000 -0.000053 0.000000
vn -1.000000 -0.000053 0.000000
vn 1.000000 0.000000 0.000000
vn 1.000000 0.000000 0.000000
vn 1.000000 0.000000 0.000000
vn 1.000000 0.000000 0.000000
vn -1.000000 0.000000 0.000000
vn -1.000000 0.000000 0.000000
vn -1.000000 0.000000 0.000000
vn -1.000000 0.000000 0.000000
vn 1.000000 0.000000 0.000000
vn 1.000000 0.000000 0.000000
vn 1.000000 0.000000 0.000000
vn 1.000000 0.000000 0.000000
vn -1.000000 -0.000045 0.000000
vn -1.000000 -0.000045 0.000000
vn -1.000000 -0.000045 0.000000
vn -1.000000 -0.000045 0.000000
vn -1.000000 -0.000045 0.000000
vn -1.000000 -0.000045 0.000000
vn -1.000000 -0.000045 0.000000
vn -1.000000 -0.000045 0.000000
vn 1.000000 -0.000045 0.000000
vn 1.000000 -0.000045 0.000000
vn 1.000000 -0.000045 0.000000
vn 1.000000 -0.000045 0.000000
vn 1.000000 0.000000 0.000000
vn 1.000000 0.000000 0.000000
vn 1.000000 0.000000 0.000000
vn 1.000000 0.000000 0.000000
vn -1.000000 -0.000053 0.000000
vn -1.000000 -0.000053 0.000000
vn -1.000000 -0.000053 0.000000
vn -1.000000 -0.000053 0.000000
vn 1.000000 0.000000 0.000000
vn 1.000000 0.000000 0.000000
vn 1.000000 0.000000 0.000000
vn 1.000000 0.000000 0.000000
vn -1.000000 0.000053 0.000000
vn -1.000000 0.000053 0.000000
vn -1.000000 0.000053 0.000000
vn -1.000000 0.000053 0.000000
vn 1.000000 0.000000 0.000000
vn 1.000000 0.000000 0.000000
vn 1.000000 0.000000 0.000000
vn 1.000000 0.000000 0.000000
vn -1.000000 0.000000 0.000000
vn -1.000000 0.000000 0.000000
vn -1.000000 0.000000 0.000000
vn -1.000000 0.000000 0.000000
vn 1.000000 -0.000113 0.000238
vn 1.000000 -0.000113 0.000238
vn 1.000000 -0.000005 0.000298
vn 1.000000 -0.000008 0.000296
vn -1.000000 0.000075 0.000224
vn -1.000000 0.000080 0.000228
vn -1.000000 -0.000075 0.000119
vn -1.000000 -0.000075 0.000119
vn 1.000000 -0.000050 0.000375
vn 1.000000 -0.000046 0.000366
vn 1.000000 0.000042 0.000112
vn 1.000000 0.000042 0.000112
vn -1.000000 -0.000014 0.000131
vn -1.000000 -0.000014 0.000131
vn -1.000000 0.000074 0.000012
vn -1.000000 0.000077 0.000008
vn 1.000000 0.000027 0.000000
vn 1.000000 0.000027 0.000000
vn 1.000000 0.000027 0.000000
vn 1.000000 0.000027 0.000000
vn -1.000000 0.000000 0.000000
vn -1.000000 0.000000 0.000000
vn -1.000000 0.000000 0.000000
vn -1.000000 0.000000 0.000000
vn 1.000000 0.000000 0.000000
vn 1.000000 0.000000 0.000000
vn 1.000000 0.000000 0.000000
vn 1.000000 0.000000 0.000000
vn -1.000000 0.000000 0.000000
vn -1.000000 0.000000 0.000000
vn -1.000000 0.000000 0.000000
vn -1.000000 0.000000 0.000000
vn 1.000000 -0.000053 0.000000
vn 1.000000 -0.000053 0.000000
vn 1.000000 -0.000053 0.000000
vn 1.000000 -0.000053 0.000000
vn -1.000000 0.000000 0.000000
vn -1.000000 0.000000 0.000000
vn -1.000000 0.000000 0.000000
vn -1.000000 0.000000 0.000000
vn 1.000000 0.000045 0.000000
vn 1.000000 0.000045 0.000000
vn 1.000000 0.000045 0.000000
vn 1.000000 0.000045 0.000000
vn -1.000000 0.000000 0.000000
vn -1.000000 0.000000 0.000000
vn -1.000000 0.000000 0.000000
vn -1.000000 0.000000 0.000000
vn -1.000000 0.000000 0.000000
vn -1.000000 0.000000 0.000000
vn -1.000000 0.000000 0.000000
vn -1.000000 0.000000 0.000000
vn 1.000000 0.000000 0.000000
vn 1.000000 0.000000 0.000000
vn 1.000000 0.000000 0.000000
vn 1.000000 0.000000 0.000000
vn 1.000000 0.000000 0.000000
vn 1.000000 0.000000 0.000000
vn 1.000000 0.000000 0.000000
vn 1.000000 0.000000 0.000000
vn -1.000000 0.000000 0.000000
vn -1.000000 0.000000 0.000000
vn -1.000000 0.000000 0.000000
vn -1.000000 0.000000 0.000000
vn 1.000000 0.000000 0.000000
vn 1.000000 0.000000 0.000000
vn 1.000000 0.000000 0.000000
vn 1.000000 0.000000 0.000000
vn -1.000000 0.000053 0.000000
vn -1.000000 0.000053 0.000000
vn -1.000000 0.000053 0.000000
vn -1.000000 0.000053 0.000000
vn 1.000000 -0.000027 0.000000
vn 1.000000 -0.000027 0.000000
vn 1.000000 -0.000027 0.000000
vn 1.000000 -0.000027 0.000000
vn -1.000000 -0.000053 0.000000
vn -1.000000 -0.000053 0.000000
vn -1.000000 -0.000053 0.000000
vn -1.000000 -0.000053 0.000000
vn 1.000000 -0.000038 -0.000132
vn 1.000000 -0.000038 -0.000132
vn 1.000000 -0.000059 -0.000188
vn 1.000000 -0.000058 -0.000186
vn -1.000000 -0.000003 0.000000
vn -1.000000 -0.000004 0.000000
vn -1.000000 0.000019 0.000000
vn -1.000000 0.000019 0.000000
vn 1.000000 -0.000028 0.000062
vn 1.000000 -0.000027 0.000059
vn 1.000000 0.000000 0.000000
vn 1.000000 0.000000 0.000000
vn -1.000000 0.000000 0.000000
vn -1.000000 0.000000 0.000000
vn -1.000000 0.000000 0.000000
vn -1.000000 0.000000 0.000000
vn 1.000000 0.000027 0.000000
vn 1.000000 0.000027 0.000000
vn 1.000000 0.000027 0.000000
vn 1.000000 0.000027 0.000000
vn -1.000000 0.000000 0.000000
vn -1.000000 0.000000 0.000000
vn -1.000000 0.000000 0.000000
vn -1.000000 0.000000 0.000000
vn 1.000000 0.000000 0.000000
vn 1.000000 0.000000 0.000000
vn 1.000000 0.000000 0.000000
vn 1.000000 0.000000 0.000000
vn -1.000000 -0.000053 0.000000
vn -1.000000 -0.000053 0.000000
vn -1.000000 -0.000053 0.000000
vn -1.000000 -0.000053 0.000000
vn 1.000000 0.000053 0.000000
vn 1.000000 0.000053 0.000000
vn 1.000000 0.000053 0.000000
vn 1.000000 0.000053 0.000000
vn -1.000000 0.000000 0.000000
vn -1.000000 0.000000 0.000000
vn -1.000000 0.000000 0.000000
vn -1.000000 0.000000 0.000000
vn 1.000000 0.000000 0.000000
vn 1.000000 0.000000 0.000000
vn 1.000000 0.000000 0.000000
vn 1.000000 0.000000 0.000000
vn -1.000000 0.000000 0.000000
vn -1.000000 0.000000 0.000000
vn -1.000000 0.000000 0.000000
vn -1.000000 0.000000 0.000000
vn -1.000000 0.000000 0.000000
vn -1.000000 0.000000 0.000000
vn -1.000000 0.000000 0.000000
vn -1.000000 0.000000 0.000000
vn 1.000000 0.000000 0.000000
vn 1.000000 0.000000 0.000000
vn 1.000000 0.000000 0.000000
vn 1.000000 0.000000 0.000000
vn 1.000000 0.000000 0.000000
vn 1.000000 0.000000 0.000000
vn 1.000000 0.000000 0.000000
vn 1.000000 0.000000 0.000000
vn -1.000000 0.000000 0.000000
vn -1.000000 0.000000 0.000000
vn -1.000000 0.000000 0.000000
vn -1.000000 0.000000 0.000000
vn 1.000000 0.000000 0.000000
vn 1.000000 0.000000 0.000000
vn 1.000000 0.000000 0.000000
vn 1.000000 0.000000 0.000000
vn -1.000000 0.000107 0.000000
vn -1.000000 0.000107 0.000000
vn -1.000000 0.000107 0.000000
vn -1.000000 0.000107 0.000000
vn 1.000000 0.000027 0.000000
vn 1.000000 0.000027 0.000000
vn 1.000000 0.000027 0.000000
vn 1.000000 0.000027 0.000000
vn -1.000000 -0.000027 0.000000
vn -1.000000 -0.000027 0.000000
vn -1.000000 -0.000027 0.000000
vn -1.000000 -0.000027 0.000000
vn 1.000000 -0.000013 0.000000
vn 1.000000 -0.000013 0.000000
vn 1.000000 0.000007 -0.000066
vn 1.000000 0.000006 -0.000063
vn -1.000000 -0.000013 -0.000132
vn -1.000000 -0.000013 -0.000132
vn -1.000000 -0.000025 -0.000132
vn -1.000000 -0.000025 -0.000132
vn 1.000000 -0.000001 -0.000131
vn 1.000000 0.000001 -0.000131
vn 1.000000 0.000056 -0.000131
vn 1.000000 0.000056 -0.000131
vn -1.000000 0.000014 0.000000
vn -1.000000 0.000014 0.000000
vn -1.000000 -0.000006 0.000000
vn -1.000000 -0.000007 0.000000
vn 1.000000 0.000000 0.000000
vn 1.000000 0.000000 0.000000
vn 1.000000 0.000000 0.000000
vn 1.000000 0.000000 0.000000
vn -1.000000 0.000000 0.000000
vn -1.000000 0.000000 0.000000
vn -1.000000 0.000000 0.000000
vn -1.000000 0.000000 0.000000
vn 1.000000 -0.000053 0.000000
vn 1.000000 -0.000053 0.000000
vn 1.000000 -0.000053 0.000000
vn 1.000000 -0.000053 0.000000
vn -1.000000 0.000000 0.000000
vn -1.000000 0.000000 0.000000
vn -1.000000 0.000000 0.000000
vn -1.000000 0.000000 0.000000
vn 1.000000 -0.000053 0.000000
vn 1.000000 -0.000053 0.000000
vn 1.000000 -0.000053 0.000000
vn 1.000000 -0.000053 0.000000
vn -1.000000 0.000000 0.000000
vn -1.000000 0.000000 0.000000
vn -1.000000 0.000000 0.000000
vn -1.000000 0.000000 0.000000
vn 1.000000 0.000000 0.000000
vn 1.000000 0.000000 0.000000
vn 1.000000 0.000000 0.000000
vn 1.000000 0.000000 0.000000
vn -1.000000 0.000089 0.000000
vn -1.000000 0.000089 0.000000
vn -1.000000 0.000089 0.000000
vn -1.000000 0.000089 0.000000
vn -1.000000 0.000000 0.000000
vn -1.000000 0.000000 0.000000
vn -1.000000 0.000000 0.000000
vn -1.000000 0.000000 0.000000
vn 0.000000 -0.010353 -0.999946
vn 0.000000 -0.010353 -0.999946
vn 0.000000 -0.010353 -0.999946
vn 0.000000 -0.010353 -0.999946
vn 1.000000 -0.000018 0.000000
vn 1.000000 -0.000018 0.000000
vn 1.000000 -0.000018 0.000000
vn 1.000000 -0.000018 0.000000
vn -1.000000 0.000000 0.000000
vn -1.000000 0.000000 0.000000
vn -1.000000 0.000000 0.000000
vn -1.000000 0.000000 0.000000
vn 0.000000 -0.010352 -0.999946
vn 0.000000 -0.010352 -0.999946
vn 0.000000 -0.010352 -0.999946
vn 0.000000 -0.010352 -0.999946
vn 1.000000 0.000000 0.000000
vn 1.000000 0.000000 0.000000
vn 1.000000 0.000000 0.000000
vn 1.000000 0.000000 0.000000
vn -1.000000 0.000000 0.000000
vn -1.000000 0.000000 0.000000
vn -1.000000 0.000000 0.000000
vn -1.000000 0.000000 0.000000
vn 0.000000 -0.010352 -0.999946
vn 0.000000 -0.010352 -0.999946
vn 0.000000 -0.010352 -0.999946
vn 0.000000 -0.010352 -0.999946
vn 1.000000 0.000018 0.000000
vn 1.000000 0.000018 0.000000
vn 1.000000 0.000018 0.000000
vn 1.000000 0.000018 0.000000
vn -1.000000 0.000000 0.000000
vn -1.000000 0.000000 0.000000
vn -1.000000 0.000000 0.000000
vn -1.000000 0.000000 0.000000
vn 0.000000 -0.010376 -0.999946
vn 0.000000 -0.010376 -0.999946
vn 0.000000 -0.010376 -0.999946
vn 0.000000 -0.010376 -0.999946
vn 0.000000 -0.010376 -0.999946
vn 0.000000 -0.010376 -0.999946
vn 0.000000 -0.010376 -0.999946
vn 0.000000 -0.010376 -0.999946
vn 0.000000 -0.010376 -0.999946
vn 0.000000 -0.010376 -0.999946
vn 0.000000 -0.010376 -0.999946
vn 0.000000 -0.010376 -0.999946
vn 1.000000 0.000000 0.000000
vn 1.000000 0.000000 0.000000
vn 1.000000 0.000000 0.000000
vn 1.000000 0.000000 0.000000
vn 0.000000 -0.999894 -0.014583
vn 0.000000 -0.999894 -0.014583
vn 0.000000 -0.999894 -0.014583
vn 0.000000 -0.999894 -0.014583
vn 0.000000 -0.010376 -0.999946
vn 0.000000 -0.010376 -0.999946
vn 0.000000 -0.010376 -0.999946
vn 0.000000 -0.010376 -0.999946
vn 0.000000 0.999935 0.011362
vn 0.000000 0.999935 0.011362
vn 0.000000 0.999935 0.011362
vn 0.000000 0.999935 0.011362
vn 0.000000 -0.999894 -0.014584
vn 0.000000 -0.999894 -0.014584
vn 0.000000 -0.999894 -0.014584
vn 0.000000 -0.999894 -0.014584
vn 0.000000 -0.010376 -0.999946
vn 0.000000 -0.010376 -0.999946
vn 0.000000 -0.010376 -0.999946
vn 0.000000 -0.010376 -0.999946
vn 0.000000 0.999935 0.011390
vn 0.000000 0.999935 0.011390
vn 0.000000 0.999935 0.011390
vn 0.000000 0.999935 0.011390
vn -1.000000 0.000000 0.000000
vn -1.000000 0.000000 0.000000
vn -1.000000 0.000000 0.000000
vn -1.000000 0.000000 0.000000
vn 1.000000 0.000000 0.000000
vn 1.000000 0.000000 0.000000
vn 1.000000 0.000000 0.000000
vn 1.000000 0.000000 0.000000
vn 0.000000 0.010370 0.999946
vn 0.000000 0.010370 0.999946
vn 0.000000 0.010370 0.999946
vn 0.000000 0.010370 0.999946
vn -1.000000 0.000000 0.000000
vn -1.000000 0.000000 0.000000
vn -1.000000 0.000000 0.000000
vn -1.000000 0.000000 0.000000
vn 1.000000 0.000000 0.000000
vn 1.000000 0.000000 0.000000
vn 1.000000 0.000000 0.000000
vn 1.000000 0.000000 0.000000
vn 0.000000 0.010370 0.999946
vn 0.000000 0.010370 0.999946
vn 0.000000 0.010370 0.999946
vn 0.000000 0.010370 0.999946
vn -1.000000 0.000000 0.000000
vn -1.000000 0.000000 0.000000
vn -1.000000 0.000000 0.000000
vn -1.000000 0.000000 0.000000
vn 1.000000 0.000000 0.000000
vn 1.000000 0.000000 0.000000
vn 1.000000 0.000000 0.000000
vn 1.000000 0.000000 0.000000
vn 0.000000 0.010370 0.999946
vn 0.000000 0.010370 0.999946
vn 0.000000 0.010370 0.999946
vn 0.000000 0.010370 0.999946
vn -1.000000 0.000000 0.000000
vn -1.000000 0.000000 0.000000
vn -1.000000 0.000000 0.000000
vn -1.000000 0.000000 0.000000
vn 0.000000 0.010373 0.999946
vn 0.000000 0.010373 0.999946
vn 0.000000 0.010373 0.999946
vn 0.000000 0.010373 0.999946
vn 0.000000 0.010373 0.999946
vn 0.000000 0.010373 0.999946
vn 0.000000 0.010373 0.999946
vn 0.000000 0.010373 0.999946
vn 1.000000 0.000000 0.000000
vn 1.000000 0.000000 0.000000
vn 1.000000 0.000000 0.000000
vn 1.000000 0.000000 0.000000
vn 0.000000 0.010373 0.999946
vn 0.000000 0.010373 0.999946
vn 0.000000 0.010373 0.999946
vn 0.000000 0.010373 0.999946
vn 0.000000 -0.999892 -0.014687
vn 0.000000 -0.999892 -0.014687
vn 0.000000 -0.999892 -0.014687
vn 0.000000 -0.999892 -0.014687
vn 0.000000 0.999938 0.011177
vn 0.000000 0.999938 0.011177
vn 0.000000 0.999938 0.011177
vn 0.000000 0.999938 0.011177
vn 0.000000 0.010373 0.999946
vn 0.000000 0.010373 0.999946
vn 0.000000 0.010373 0.999946
vn 0.000000 0.010373 0.999946
vn 0.000000 0.999937 0.011203
vn 0.000000 0.999937 0.011203
vn 0.000000 0.999937 0.011203
vn 0.000000 0.999937 0.011203
vn 0.000000 -0.999892 -0.014686
vn 0.000000 -0.999892 -0.014686
vn 0.000000 -0.999892 -0.014686
vn 0.000000 -0.999892 -0.014686
vn 0.000000 0.010373 0.999946
vn 0.000000 0.010373 0.999946
vn 0.000000 0.010373 0.999946
vn 0.000000 0.010373 0.999946
vn -1.000000 0.000000 0.000000
vn -1.000000 0.000000 0.000000
vn -1.000000 0.000000 0.000000
vn -1.000000 0.000000 0.000000
vn 0.000000 0.801038 -0.598614
vn 0.000000 0.801038 -0.598614
vn 0.000000 0.801038 -0.598614
vn 0.000000 0.801038 -0.598614
vn 1.000000 0.000000 0.000000
vn 1.000000 0.000000 0.000000
vn 1.000000 0.000000 0.000000
vn 1.000000 0.000000 0.000000
vn -1.000000 0.000000 0.000000
vn -1.000000 0.000000 0.000000
vn -1.000000 0.000000 0.000000
vn -1.000000 0.000000 0.000000
vn 0.000000 0.801044 -0.598605
vn 0.000000 0.801044 -0.598605
vn 0.000000 0.801044 -0.598605
vn 0.000000 0.801044 -0.598605
vn 1.000000 -0.000119 0.000000
vn 1.000000 -0.000119 0.000000
vn 1.000000 -0.000119 0.000000
vn 1.000000 -0.000119 0.000000
vn -1.000000 0.000000 0.000000
vn -1.000000 0.000000 0.000000
vn -1.000000 0.000000 0.000000
vn -1.000000 0.000000 0.000000
vn 0.000000 0.801038 -0.598614
vn 0.000000 0.801038 -0.598614
vn 0.000000 0.801038 -0.598614
vn 0.000000 0.801038 -0.598614
vn 1.000000 0.000000 0.000000
vn 1.000000 0.000000 0.000000
vn 1.000000 0.000000 0.000000
vn 1.000000 0.000000 0.000000
vn -1.000000 0.000119 0.000000
vn -1.000000 0.000119 0.000000
vn -1.000000 0.000119 0.000000
vn -1.000000 0.000119 0.000000
vn 1.000000 0.000000 0.000000
vn 1.000000 0.000000 0.000000
vn 1.000000 0.000000 0.000000
vn 1.000000 0.000000 0.000000
vn 0.000000 0.813281 0.581872
vn 0.000000 0.813281 0.581872
vn 0.000000 0.813281 0.581872
vn 0.000000 0.813281 0.581872
vn -1.000000 0.000119 0.000000
vn -1.000000 0.000119 0.000000
vn -1.000000 0.000119 0.000000
vn -1.000000 0.000119 0.000000
vn 1.000000 0.000000 0.000000
vn 1.000000 0.000000 0.000000
vn 1.000000 0.000000 0.000000
vn 1.000000 0.000000 0.000000
vn 0.000000 0.813280 0.581873
vn 0.000000 0.813280 0.581873
vn 0.000000 0.813280 0.581873
vn 0.000000 0.813280 0.581873
vn -1.000000 0.000000 0.000000
vn -1.000000 0.000000 0.000000
vn -1.000000 0.000000 0.000000
vn -1.000000 0.000000 0.000000
vn 1.000000 0.000000 0.000000
vn 1.000000 0.000000 0.000000
vn 1.000000 0.000000 0.000000
vn 1.000000 0.000000 0.000000
vn 0.000000 0.813288 0.581862
vn 0.000000 0.813288 0.581862
vn 0.000000 0.813288 0.581862
vn 0.000000 0.813288 0.581862
vn -1.000000 0.000025 0.000017
vn -1.000000 -0.000037 0.000013
vn -1.000000 -0.000012 -0.000024
vn -1.000000 -0.000074 0.000062
vn -1.000000 0.000062 -0.000016
vn -1.000000 -0.000037 -0.000028
vn -1.000000 0.000037 0.000039
vn -1.000000 0.000029 -0.000027
vn -1.000000 -0.000007 -0.000099
vn 1.000000 0.000087 -0.000048
vn 1.000000 -0.000012 0.000000
vn 1.000000 0.000025 0.000048
vn 1.000000 0.000025 -0.000000
vn 1.000000 -0.000000 -0.000088
vn 1.000000 -0.000049 -0.000028
vn 1.000000 0.000124 0.000041
vn 1.000000 0.000046 -0.000033
vn 1.000000 0.000053 -0.000002
vn 0.000000 -0.904462 -0.426554
vn 0.000000 -0.904462 -0.426554
vn 0.000000 -0.999462 0.032802
vn 0.000000 -0.999464 0.032753
vn -0.000021 -0.827783 -0.561049
vn -0.000021 -0.827785 -0.561045
vn -0.000021 -0.613862 -0.789413
vn -0.000021 -0.613844 -0.789427
vn 0.000000 -0.339912 -0.940457
vn 0.000000 -0.339912 -0.940457
vn 0.000000 -0.277757 0.960652
vn 0.000000 -0.277762 0.960650
vn 0.000000 -0.561044 0.827786
vn 0.000000 -0.561046 0.827785
vn 0.000021 -0.789376 0.613910
vn 0.000021 -0.789379 0.613906
vn 0.000019 -0.874681 0.484700
vn 0.000019 -0.874681 0.484700
vn -0.000019 -0.904463 -0.426552
vn -0.000019 -0.904463 -0.426553
vn -0.000010 -0.999463 0.032760
vn -0.000010 -0.999464 0.032727
vn -0.000010 -0.827765 -0.561075
vn -0.000010 -0.827765 -0.561075
vn 0.000021 -0.613865 -0.789411
vn 0.000021 -0.613864 -0.789412
vn 0.000021 -0.339907 -0.940459
vn 0.000021 -0.339913 -0.940457
vn 0.000000 -0.277766 0.960649
vn 0.000000 -0.277758 0.960651
vn 0.000000 -0.561046 0.827785
vn 0.000000 -0.561046 0.827785
vn 0.000000 -0.789377 0.613909
vn 0.000000 -0.789380 0.613904
vn 0.000000 -0.874683 0.484695
vn 0.000000 -0.874683 0.484695
vn 0.000010 -0.904463 -0.426552
vn 0.000010 -0.904463 -0.426552
vn 0.000042 -0.999467 0.032632
vn 0.000042 -0.999467 0.032631
vn 0.000010 -0.827792 -0.561035
vn 0.000010 -0.827792 -0.561035
vn 0.000010 -0.613892 -0.789390
vn 0.000010 -0.613882 -0.789398
vn -0.000021 -0.339909 -0.940458
vn -0.000021 -0.339909 -0.940458
vn 0.000000 -0.277740 0.960656
vn 0.000000 -0.277735 0.960658
vn 0.000000 -0.561027 0.827798
vn 0.000000 -0.561027 0.827798
vn -0.000010 -0.789364 0.613925
vn -0.000010 -0.789371 0.613917
vn 0.000019 -0.874680 0.484701
vn 0.000019 -0.874680 0.484701
vn 0.000000 -0.904465 -0.426549
vn 0.000000 -0.904465 -0.426549
vn -0.000042 -0.999468 0.032622
vn -0.000042 -0.999467 0.032640
vn 0.000031 -0.827795 -0.561030
vn 0.000031 -0.827796 -0.561029
vn 0.000021 -0.613907 -0.789379
vn 0.000021 -0.613907 -0.789379
vn 0.000000 -0.339906 -0.940460
vn 0.000000 -0.339900 -0.940461
vn 0.000000 -0.277730 0.960659
vn 0.000000 -0.277744 0.960655
vn 0.000010 -0.561039 0.827789
vn 0.000010 -0.561022 0.827801
vn -0.000000 -0.789376 0.613910
vn 0.000000 -0.789373 0.613915
vn -0.000039 -0.874682 0.484697
vn -0.000039 -0.874682 0.484697
vn 0.000000 -0.905385 -0.424591
vn -0.000001 -0.827820 -0.560994
vn -0.000001 -0.827817 -0.560998
vn 0.000000 -0.905385 -0.424591
vn -0.000001 -0.613868 -0.789409
vn -0.000001 -0.613868 -0.789409
vn -0.000000 -0.339896 -0.940463
vn -0.000000 -0.339910 -0.940458
vn -0.000001 -0.277777 0.960646
vn -0.000001 -0.277772 0.960647
vn -0.000000 -0.561023 0.827800
vn -0.000000 -0.561023 0.827800
vn -0.000000 -0.789396 0.613884
vn -0.000000 -0.789393 0.613888
vn -0.000000 -0.875733 0.482795
vn -0.000000 -0.875733 0.482795
vn 0.000000 -0.998502 0.054718
vn 0.000000 -0.998502 0.054718
vn 0.000000 -0.998502 0.054718
vn 0.000000 -0.998502 0.054718
vn 0.000000 -0.998557 0.053707
vn 0.000000 -0.998557 0.053707
vn 0.000000 -0.998557 0.053707
vn 0.000000 -0.998557 0.053707
vn 0.000001 -0.886824 -0.462107
vn 0.000001 -0.827825 -0.560986
vn 0.000001 -0.827831 -0.560978
vn 0.000001 -0.886824 -0.462108
vn 0.000001 -0.613870 -0.789407
vn 0.000001 -0.613866 -0.789410
vn 0.000000 -0.339900 -0.940462
vn 0.000000 -0.339895 -0.940463
vn -0.000000 -0.277787 0.960643
vn -0.000000 -0.277787 0.960643
vn 0.000000 -0.561040 0.827789
vn 0.000000 -0.561053 0.827780
vn 0.000001 -0.789390 0.613893
vn 0.000001 -0.789387 0.613897
vn 0.000000 -0.854752 0.519036
vn 0.000000 -0.854753 0.519035
vn 0.000001 -0.999466 0.032678
vn 0.000001 -0.999468 0.032629
vn 0.000000 -0.905392 -0.424576
vn 0.000000 -0.827823 -0.560990
vn 0.000000 -0.827820 -0.560994
vn 0.000000 -0.905392 -0.424576
vn 0.000000 -0.613867 -0.789410
vn 0.000000 -0.613875 -0.789404
vn -0.000000 -0.339900 -0.940462
vn -0.000000 -0.339909 -0.940458
vn -0.000001 -0.277766 0.960649
vn -0.000001 -0.277766 0.960649
vn 0.000000 -0.561023 0.827800
vn 0.000000 -0.561036 0.827792
vn 0.000000 -0.789402 0.613876
vn 0.000000 -0.789399 0.613880
vn 0.000000 -0.875723 0.482813
vn 0.000000 -0.875723 0.482813
vn 0.000000 -0.998509 0.054584
vn 0.000000 -0.998509 0.054584
vn 0.000000 -0.998509 0.054584
vn 0.000000 -0.998509 0.054584
vn 0.000000 -0.998553 0.053769
vn 0.000000 -0.998553 0.053769
vn 0.000000 -0.998553 0.053769
vn 0.000000 -0.998553 0.053769
vn 0.000000 -0.886825 -0.462106
vn 0.000000 -0.827819 -0.560995
vn 0.000000 -0.827816 -0.561000
vn 0.000000 -0.886825 -0.462106
vn 0.000000 -0.613871 -0.789406
vn 0.000000 -0.613871 -0.789406
vn 0.000000 -0.339904 -0.940460
vn 0.000000 -0.339908 -0.940459
vn -0.000000 -0.277777 0.960645
vn -0.000000 -0.277773 0.960647
vn 0.000000 -0.561031 0.827795
vn 0.000000 -0.561039 0.827789
vn -0.000000 -0.789400 0.613879
vn -0.000000 -0.789400 0.613879
vn -0.000000 -0.854751 0.519038
vn -0.000000 -0.854752 0.519036
vn 0.000000 -0.999466 0.032671
vn 0.000000 -0.999466 0.032671
vn -0.000000 -0.905398 -0.424564
vn -0.000000 -0.827820 -0.560994
vn -0.000000 -0.827823 -0.560990
vn -0.000000 -0.905398 -0.424564
vn -0.000000 -0.613870 -0.789407
vn -0.000000 -0.613870 -0.789407
vn -0.000001 -0.339918 -0.940455
vn -0.000001 -0.339908 -0.940459
vn 0.000000 -0.277764 0.960649
vn 0.000000 -0.277769 0.960648
vn 0.000000 -0.561035 0.827792
vn 0.000000 -0.561031 0.827795
vn -0.000000 -0.789400 0.613879
vn -0.000000 -0.789403 0.613875
vn -0.000000 -0.875734 0.482794
vn -0.000000 -0.875734 0.482794
vn -0.000001 -0.998505 0.054661
vn -0.000001 -0.998505 0.054661
vn -0.000001 -0.998505 0.054661
vn -0.000001 -0.998505 0.054661
vn -0.000000 -0.998555 0.053731
vn -0.000000 -0.998555 0.053731
vn -0.000000 -0.998555 0.053731
vn -0.000000 -0.998555 0.053731
vn -1.000000 -0.000350 -0.000209
vn -1.000000 -0.000350 -0.000209
vn -1.000000 -0.000350 -0.000209
vn -1.000000 -0.000350 -0.000209
vn 1.000000 -0.000005 0.000000
vn 1.000000 -0.000005 0.000000
vn 1.000000 -0.000005 0.000000
vn 1.000000 -0.000005 0.000000
vn 1.000000 0.000007 0.000000
vn 1.000000 0.000007 0.000000
vn 1.000000 0.000007 0.000000
vn 1.000000 0.000007 0.000000
vn -1.000000 -0.000641 -0.000031
vn -1.000000 -0.000641 -0.000031
vn -1.000000 -0.000641 -0.000031
vn -1.000000 -0.000641 -0.000031
vn 1.000000 0.000053 0.000124
vn 1.000000 0.000053 0.000124
vn 1.000000 0.000053 0.000124
vn 1.000000 0.000053 0.000124
vn -1.000000 -0.000254 -0.000694
vn -1.000000 -0.000254 -0.000694
vn -1.000000 -0.000254 -0.000694
vn -1.000000 -0.000254 -0.000694
vn 1.000000 0.000120 0.000085
vn 1.000000 0.000120 0.000085
vn 1.000000 0.000120 0.000085
vn 1.000000 0.000120 0.000085
vn -1.000000 -0.000214 -0.000169
vn -1.000000 -0.000214 -0.000169
vn -1.000000 -0.000214 -0.000169
vn -1.000000 -0.000214 -0.000169
vn 1.000000 0.000000 0.000000
vn 1.000000 0.000000 0.000000
vn -1.000000 0.000027 -0.000133
vn -1.000000 0.000027 -0.000133
vn 1.000000 0.000133 0.000144
vn 1.000000 0.000133 0.000144
vn -1.000000 -0.000053 0.000249
vn -1.000000 -0.000053 0.000249
vn 1.000000 -0.000214 0.000047
vn 1.000000 -0.000214 0.000047
vn 1.000000 -0.000214 0.000047
vn 1.000000 -0.000214 0.000047
vn -1.000000 -0.000080 0.000091
vn -1.000000 -0.000080 0.000091
vn -1.000000 -0.000080 0.000091
vn -1.000000 -0.000080 0.000091
vn 1.000000 0.000027 0.000000
vn 1.000000 0.000027 0.000000
vn 1.000000 0.000027 0.000000
vn 1.000000 0.000027 0.000000
vn -1.000000 -0.000013 0.000000
vn -1.000000 -0.000013 0.000000
vn -1.000000 -0.000013 0.000000
vn -1.000000 -0.000013 0.000000
vn 1.000000 0.000013 0.000000
vn 1.000000 0.000013 0.000000
vn 1.000000 0.000013 0.000000
vn 1.000000 0.000013 0.000000
vn -1.000000 0.000140 -0.000212
vn -1.000000 0.000140 -0.000212
vn -1.000000 0.000140 -0.000212
vn -1.000000 0.000140 -0.000212
vn 1.000000 0.000022 0.000000
vn 1.000000 0.000022 0.000000
vn 1.000000 0.000022 0.000000
vn 1.000000 0.000022 0.000000
vn -1.000000 0.000115 0.000086
vn -1.000000 0.000115 0.000086
vn -1.000000 0.000115 0.000086
vn -1.000000 0.000115 0.000086
vn -1.000000 0.000199 0.000106
vn -1.000000 0.000199 0.000106
vn -1.000000 0.000199 0.000106
vn -1.000000 0.000199 0.000106
vn 1.000000 0.000205 0.000205
vn 1.000000 0.000205 0.000205
vn 1.000000 0.000205 0.000205
vn 1.000000 0.000205 0.000205
vn 1.000000 0.000020 0.000000
vn 1.000000 0.000020 0.000000
vn 1.000000 0.000020 0.000000
vn 1.000000 0.000020 0.000000
vn -1.000000 -0.000040 0.000094
vn -1.000000 -0.000040 0.000094
vn -1.000000 -0.000040 0.000094
vn -1.000000 -0.000040 0.000094
vn 1.000000 0.000000 -0.000323
vn 1.000000 0.000000 -0.000323
vn 1.000000 0.000000 -0.000323
vn 1.000000 0.000000 -0.000323
vn -1.000000 0.000133 -0.000152
vn -1.000000 0.000133 -0.000152
vn -1.000000 0.000133 -0.000152
vn -1.000000 0.000133 -0.000152
vn 1.000000 -0.000107 0.000050
vn 1.000000 -0.000107 0.000050
vn 1.000000 -0.000107 0.000050
vn 1.000000 -0.000107 0.000050
vn -1.000000 -0.000053 0.000320
vn -1.000000 -0.000053 0.000320
vn -1.000000 -0.000053 0.000320
vn -1.000000 -0.000053 0.000320
vn 1.000000 0.000107 0.000359
vn 1.000000 0.000107 0.000359
vn -1.000000 0.000240 0.000340
vn -1.000000 0.000240 0.000340
vn 1.000000 -0.000133 0.000615
vn 1.000000 -0.000133 0.000615
vn -1.000000 0.000160 -0.000105
vn -1.000000 0.000160 -0.000105
vn 1.000000 -0.000214 0.000454
vn 1.000000 -0.000214 0.000454
vn 1.000000 -0.000214 0.000454
vn 1.000000 -0.000214 0.000454
vn -1.000000 -0.000187 -0.000224
vn -1.000000 -0.000187 -0.000224
vn -1.000000 -0.000187 -0.000224
vn -1.000000 -0.000187 -0.000224
vn 1.000000 0.000107 0.000071
vn 1.000000 0.000107 0.000071
vn 1.000000 0.000107 0.000071
vn 1.000000 0.000107 0.000071
vn -1.000000 0.000067 0.000071
vn -1.000000 0.000067 0.000071
vn -1.000000 0.000067 0.000071
vn -1.000000 0.000067 0.000071
vn 1.000000 -0.000160 -0.000076
vn 1.000000 -0.000160 -0.000076
vn 1.000000 -0.000160 -0.000076
vn 1.000000 -0.000160 -0.000076
vn -1.000000 0.000300 -0.000227
vn -1.000000 0.000300 -0.000227
vn -1.000000 0.000300 -0.000227
vn -1.000000 0.000300 -0.000227
vn 1.000000 0.000016 0.000000
vn 1.000000 0.000016 0.000000
vn 1.000000 0.000016 0.000000
vn 1.000000 0.000016 0.000000
vn -1.000000 0.000381 -0.000142
vn -1.000000 0.000381 -0.000142
vn -1.000000 0.000381 -0.000142
vn -1.000000 0.000381 -0.000142
vn -1.000000 0.000129 -0.000094
vn -1.000000 0.000129 -0.000094
vn -1.000000 0.000129 -0.000094
vn -1.000000 0.000129 -0.000094
vn 1.000000 0.000073 0.000004
vn 1.000000 0.000073 0.000004
vn 1.000000 0.000073 0.000004
vn 1.000000 0.000073 0.000004
vn 1.000000 0.000247 0.000106
vn 1.000000 0.000247 0.000106
vn 1.000000 0.000247 0.000106
vn 1.000000 0.000247 0.000106
vn -1.000000 0.000120 0.000100
vn -1.000000 0.000120 0.000100
vn -1.000000 0.000120 0.000100
vn -1.000000 0.000120 0.000100
vn 1.000000 0.000053 0.000124
vn 1.000000 0.000053 0.000124
vn 1.000000 0.000053 0.000124
vn 1.000000 0.000053 0.000124
vn -1.000000 -0.000053 -0.000124
vn -1.000000 -0.000053 -0.000124
vn -1.000000 -0.000053 -0.000124
vn -1.000000 -0.000053 -0.000124
vn 1.000000 0.000000 -0.000135
vn 1.000000 0.000000 -0.000135
vn 1.000000 0.000000 -0.000135
vn 1.000000 0.000000 -0.000135
vn -1.000000 -0.000053 -0.000085
vn -1.000000 -0.000053 -0.000085
vn -1.000000 -0.000053 -0.000085
vn -1.000000 -0.000053 -0.000085
vn 1.000000 -0.000080 -0.000246
vn 1.000000 -0.000080 -0.000246
vn -1.000000 -0.000027 0.000000
vn -1.000000 -0.000027 0.000000
vn 1.000000 -0.000053 0.000118
vn 1.000000 -0.000053 0.000118
vn -1.000000 0.000000 0.000000
vn -1.000000 0.000000 0.000000
vn 1.000000 -0.000133 0.000227
vn 1.000000 -0.000133 0.000227
vn 1.000000 -0.000133 0.000227
vn 1.000000 -0.000133 0.000227
vn -1.000000 -0.000027 0.000136
vn -1.000000 -0.000027 0.000136
vn -1.000000 -0.000027 0.000136
vn -1.000000 -0.000027 0.000136
vn 1.000000 0.000000 0.000000
vn 1.000000 0.000000 0.000000
vn 1.000000 0.000000 0.000000
vn 1.000000 0.000000 0.000000
vn -1.000000 -0.000227 -0.000015
vn -1.000000 -0.000227 -0.000015
vn -1.000000 -0.000227 -0.000015
vn -1.000000 -0.000227 -0.000015
vn 1.000000 0.000120 -0.000015
vn 1.000000 0.000120 -0.000015
vn 1.000000 0.000120 -0.000015
vn 1.000000 0.000120 -0.000015
vn -1.000000 0.000053 0.000091
vn -1.000000 0.000053 0.000091
vn -1.000000 0.000053 0.000091
vn -1.000000 0.000053 0.000091
vn 1.000000 0.000000 0.000000
vn 1.000000 0.000000 0.000000
vn 1.000000 0.000000 0.000000
vn 1.000000 0.000000 0.000000
vn -1.000000 0.000013 0.000097
vn -1.000000 0.000013 0.000097
vn -1.000000 0.000013 0.000097
vn -1.000000 0.000013 0.000097
vn -1.000000 0.000113 -0.000094
vn -1.000000 0.000113 -0.000094
vn -1.000000 0.000113 -0.000094
vn -1.000000 0.000113 -0.000094
vn 1.000000 0.000001 -0.000098
vn 1.000000 0.000001 -0.000098
vn 1.000000 0.000001 -0.000098
vn 1.000000 0.000001 -0.000098
vn 1.000000 -0.000053 0.000000
vn 1.000000 -0.000053 0.000000
vn 1.000000 -0.000053 0.000000
vn 1.000000 -0.000053 0.000000
vn -1.000000 0.000280 0.000106
vn -1.000000 0.000280 0.000106
vn -1.000000 0.000280 0.000106
vn -1.000000 0.000280 0.000106
vn 1.000000 0.000013 0.000000
vn 1.000000 0.000013 0.000000
vn 1.000000 0.000013 0.000000
vn 1.000000 0.000013 0.000000
vn -1.000000 0.000000 0.000200
vn -1.000000 0.000000 0.000200
vn -1.000000 0.000000 0.000200
vn -1.000000 0.000000 0.000200
vn 1.000000 -0.000133 -0.000085
vn 1.000000 -0.000133 -0.000085
vn 1.000000 -0.000133 -0.000085
vn 1.000000 -0.000133 -0.000085
vn -1.000000 0.000080 -0.000050
vn -1.000000 0.000080 -0.000050
vn -1.000000 0.000080 -0.000050
vn -1.000000 0.000080 -0.000050
vn 1.000000 0.000027 -0.000133
vn 1.000000 0.000027 -0.000133
vn -1.000000 0.000000 -0.000133
vn -1.000000 0.000000 -0.000133
vn 1.000000 -0.000053 -0.000131
vn 1.000000 -0.000053 -0.000131
vn -1.000000 -0.000027 0.000000
vn -1.000000 -0.000027 0.000000
vn 1.000000 0.000000 0.000136
vn 1.000000 0.000000 0.000136
vn 1.000000 0.000000 0.000136
vn 1.000000 0.000000 0.000136
vn -1.000000 -0.000080 0.000091
vn -1.000000 -0.000080 0.000091
vn -1.000000 -0.000080 0.000091
vn -1.000000 -0.000080 0.000091
vn 1.000000 0.000027 -0.000127
vn 1.000000 0.000027 -0.000127
vn 1.000000 0.000027 -0.000127
vn 1.000000 0.000027 -0.000127
vn -1.000000 0.000000 0.000127
vn -1.000000 0.000000 0.000127
vn -1.000000 0.000000 0.000127
vn -1.000000 0.000000 0.000127
vn 1.000000 0.000267 -0.000121
vn 1.000000 0.000267 -0.000121
vn 1.000000 0.000267 -0.000121
vn 1.000000 0.000267 -0.000121
vn -1.000000 -0.000040 0.000000
vn -1.000000 -0.000040 0.000000
vn -1.000000 -0.000040 0.000000
vn -1.000000 -0.000040 0.000000
vn 1.000000 0.000065 0.000097
vn 1.000000 0.000065 0.000097
vn 1.000000 0.000065 0.000097
vn 1.000000 0.000065 0.000097
vn -1.000000 0.000020 0.000097
vn -1.000000 0.000020 0.000097
vn -1.000000 0.000020 0.000097
vn -1.000000 0.000020 0.000097
vn -1.000000 -0.000030 -0.000122
vn -1.000000 -0.000030 -0.000122
vn -1.000000 -0.000030 -0.000122
vn -1.000000 -0.000030 -0.000122
vn -0.000001 -0.032716 -0.999465
vn -0.000001 -0.032716 -0.999465
vn -0.000001 -0.032716 -0.999465
vn -0.000001 -0.032716 -0.999465
vn 1.000000 -0.000046 -0.000122
vn 1.000000 -0.000046 -0.000122
vn 1.000000 -0.000046 -0.000122
vn 1.000000 -0.000046 -0.000122
vn -1.000000 0.000011 0.000000
vn -1.000000 0.000011 0.000000
vn -1.000000 0.000011 0.000000
vn -1.000000 0.000011 0.000000
vn 0.000002 -0.032699 -0.999465
vn 0.000002 -0.032699 -0.999465
vn 0.000002 -0.032699 -0.999465
vn 0.000002 -0.032699 -0.999465
vn 1.000000 0.000033 0.000122
vn 1.000000 0.000033 0.000122
vn 1.000000 0.000033 0.000122
vn 1.000000 0.000033 0.000122
vn -1.000000 0.000066 0.000015
vn -1.000000 0.000066 0.000015
vn -1.000000 0.000066 0.000015
vn -1.000000 0.000066 0.000015
vn 0.000000 -0.032716 -0.999465
vn 0.000000 -0.032716 -0.999465
vn 0.000000 -0.032716 -0.999465
vn 0.000000 -0.032716 -0.999465
vn 1.000000 -0.000011 0.000000
vn 1.000000 -0.000011 0.000000
vn 1.000000 -0.000011 0.000000
vn 1.000000 -0.000011 0.000000
vn -1.000000 -0.000001 0.000115
vn -1.000000 -0.000001 0.000115
vn -1.000000 -0.000001 0.000115
vn -1.000000 -0.000001 0.000115
vn 0.000001 -0.032674 -0.999466
vn 0.000001 -0.032674 -0.999466
vn 0.000001 -0.032674 -0.999466
vn 0.000001 -0.032674 -0.999466
vn 0.000001 -0.032677 -0.999466
vn 0.000001 -0.032677 -0.999466
vn 0.000001 -0.032677 -0.999466
vn 0.000001 -0.032677 -0.999466
vn 0.000000 -0.032674 -0.999466
vn 0.000000 -0.032674 -0.999466
vn 0.000000 -0.032674 -0.999466
vn 0.000000 -0.032674 -0.999466
vn 1.000000 0.000000 0.000000
vn 1.000000 0.000000 0.000000
vn 1.000000 0.000000 0.000000
vn 1.000000 0.000000 0.000000
vn 0.000000 0.998356 -0.057319
vn 0.000000 0.998356 -0.057319
vn 0.000000 0.998356 -0.057319
vn 0.000000 0.998356 -0.057319
vn -0.000001 -0.032676 -0.999466
vn -0.000001 -0.032676 -0.999466
vn -0.000001 -0.032676 -0.999466
vn -0.000001 -0.032676 -0.999466
vn 0.000000 -0.998554 0.053758
vn 0.000000 -0.998554 0.053758
vn 0.000000 -0.998554 0.053758
vn 0.000000 -0.998554 0.053758
vn 0.000001 0.998356 -0.057326
vn 0.000001 0.998356 -0.057326
vn 0.000001 0.998356 -0.057326
vn 0.000001 0.998356 -0.057326
vn -0.000001 -0.032674 -0.999466
vn -0.000001 -0.032674 -0.999466
vn -0.000001 -0.032674 -0.999466
vn -0.000001 -0.032674 -0.999466
vn -0.000000 -0.998553 0.053775
vn -0.000000 -0.998553 0.053775
vn -0.000000 -0.998553 0.053775
vn -0.000000 -0.998553 0.053775
vn -1.000000 -0.000029 0.000126
vn -1.000000 -0.000029 0.000126
vn -1.000000 -0.000029 0.000126
vn -1.000000 -0.000029 0.000126
vn 1.000000 -0.000024 0.000126
vn 1.000000 -0.000024 0.000126
vn 1.000000 -0.000024 0.000126
vn 1.000000 -0.000024 0.000126
vn 0.000000 0.032654 0.999467
vn 0.000000 0.032654 0.999467
vn 0.000000 0.032654 0.999467
vn 0.000000 0.032654 0.999467
vn -1.000000 -0.000049 -0.000104
vn -1.000000 -0.000049 -0.000104
vn -1.000000 -0.000049 -0.000104
vn -1.000000 -0.000049 -0.000104
vn 1.000000 0.000038 -0.000126
vn 1.000000 0.000038 -0.000126
vn 1.000000 0.000038 -0.000126
vn 1.000000 0.000038 -0.000126
vn 0.000000 0.032653 0.999467
vn 0.000000 0.032654 0.999467
vn 0.000000 0.032654 0.999467
vn 0.000000 0.032653 0.999467
vn -1.000000 0.000033 -0.000356
vn -1.000000 0.000033 -0.000356
vn -1.000000 0.000033 -0.000356
vn -1.000000 0.000033 -0.000356
vn 1.000000 -0.000089 -0.000207
vn 1.000000 -0.000089 -0.000207
vn 1.000000 -0.000089 -0.000207
vn 1.000000 -0.000089 -0.000207
vn 0.000000 0.032654 0.999467
vn 0.000000 0.032654 0.999467
vn 0.000000 0.032654 0.999467
vn 0.000000 0.032654 0.999467
vn -1.000000 -0.000008 -0.000115
vn -1.000000 -0.000008 -0.000115
vn -1.000000 -0.000008 -0.000115
vn -1.000000 -0.000008 -0.000115
vn 0.000000 0.032674 0.999466
vn 0.000000 0.032674 0.999466
vn 0.000000 0.032674 0.999466
vn 0.000000 0.032674 0.999466
vn -0.000001 0.032674 0.999466
vn -0.000001 0.032674 0.999466
vn -0.000001 0.032674 0.999466
vn -0.000001 0.032674 0.999466
vn 1.000000 0.000000 0.000000
vn 1.000000 0.000000 0.000000
vn 1.000000 0.000000 0.000000
vn 1.000000 0.000000 0.000000
vn -0.000001 0.032674 0.999466
vn -0.000001 0.032674 0.999466
vn -0.000001 0.032674 0.999466
vn -0.000001 0.032674 0.999466
vn 0.000001 0.998319 -0.057956
vn 0.000001 0.998319 -0.057956
vn 0.000001 0.998319 -0.057956
vn 0.000001 0.998319 -0.057956
vn 0.000000 -0.998507 0.054624
vn 0.000000 -0.998507 0.054624
vn 0.000000 -0.998507 0.054624
vn 0.000000 -0.998507 0.054624
vn 0.000000 0.032674 0.999466
vn 0.000000 0.032674 0.999466
vn 0.000000 0.032674 0.999466
vn 0.000000 0.032674 0.999466
vn -0.000000 -0.998506 0.054647
vn -0.000000 -0.998506 0.054647
vn -0.000000 -0.998506 0.054647
vn -0.000000 -0.998506 0.054647
vn 0.000001 0.998319 -0.057952
vn 0.000001 0.998319 -0.057952
vn 0.000001 0.998319 -0.057952
vn 0.000001 0.998319 -0.057952
vn -0.000000 0.032674 0.999466
vn -0.000000 0.032674 0.999466
vn -0.000000 0.032674 0.999466
vn -0.000000 0.032674 0.999466
vn -1.000000 0.000184 -0.000035
vn -1.000000 0.000184 -0.000035
vn -1.000000 0.000184 -0.000035
vn -1.000000 0.000184 -0.000035
vn 0.000000 -0.668362 -0.743836
vn 0.000000 -0.668362 -0.743836
vn 0.000000 -0.668362 -0.743836
vn 0.000000 -0.668362 -0.743836
vn 1.000000 0.000134 -0.000017
vn 1.000000 0.000134 -0.000017
vn 1.000000 0.000134 -0.000017
vn 1.000000 0.000134 -0.000017
vn -1.000000 -0.000358 -0.000395
vn -1.000000 -0.000358 -0.000395
vn -1.000000 -0.000358 -0.000395
vn -1.000000 -0.000358 -0.000395
vn 0.000000 -0.668363 -0.743835
vn 0.000000 -0.668363 -0.743835
vn 0.000000 -0.668363 -0.743835
vn 0.000000 -0.668363 -0.743835
vn 1.000000 0.000000 0.000017
vn 1.000000 0.000000 0.000017
vn 1.000000 0.000000 0.000017
vn 1.000000 0.000000 0.000017
vn -1.000000 -0.000563 -0.000361
vn -1.000000 -0.000563 -0.000361
vn -1.000000 -0.000563 -0.000361
vn -1.000000 -0.000563 -0.000361
vn -0.000000 -0.668361 -0.743837
vn -0.000000 -0.668361 -0.743837
vn -0.000000 -0.668361 -0.743837
vn -0.000000 -0.668361 -0.743837
vn 1.000000 -0.000535 -0.000378
vn 1.000000 -0.000535 -0.000378
vn 1.000000 -0.000535 -0.000378
vn 1.000000 -0.000535 -0.000378
vn -1.000000 0.000045 0.000000
vn -1.000000 0.000045 0.000000
vn -1.000000 0.000045 0.000000
vn -1.000000 0.000045 0.000000
vn 1.000000 0.000068 0.000011
vn 1.000000 0.000068 0.000011
vn 1.000000 0.000068 0.000011
vn 1.000000 0.000068 0.000011
vn 0.000000 -0.618360 0.785895
vn 0.000000 -0.618360 0.785895
vn 0.000000 -0.618360 0.785895
vn 0.000000 -0.618360 0.785895
vn -1.000000 -0.000089 0.000215
vn -1.000000 -0.000089 0.000215
vn -1.000000 -0.000089 0.000215
vn -1.000000 -0.000089 0.000215
vn 1.000000 -0.000155 -0.000011
vn 1.000000 -0.000155 -0.000011
vn 1.000000 -0.000155 -0.000011
vn 1.000000 -0.000155 -0.000011
vn 0.000001 -0.618375 0.785883
vn 0.000001 -0.618375 0.785883
vn 0.000001 -0.618375 0.785884
vn 0.000001 -0.618375 0.785883
vn -1.000000 -0.000178 -0.000011
vn -1.000000 -0.000178 -0.000011
vn -1.000000 -0.000178 -0.000011
vn -1.000000 -0.000178 -0.000011
vn 1.000000 0.000091 0.000000
vn 1.000000 0.000091 0.000000
vn 1.000000 0.000091 0.000000
vn 1.000000 0.000091 0.000000
vn 0.000000 -0.618375 0.785883
vn 0.000000 -0.618375 0.785883
vn 0.000000 -0.618375 0.785883
vn 0.000000 -0.618375 0.785883
vn 0.000000 -1.000000 0.000000
vn 0.000000 -1.000000 0.000000
vn 0.000000 -1.000000 0.000000
vn 0.000000 -1.000000 0.000000
vn 0.000000 -1.000000 0.000000
vn 0.000000 -1.000000 0.000000
vn 0.000000 -1.000000 0.000000
vn 0.000000 -1.000000 0.000000
vn 0.952277 -0.305234 -0.000000
vn 0.952277 -0.305234 0.000000
vn 0.945871 -0.324542 0.000000
vn 0.945262 -0.326314 -0.000000
vn 0.952277 -0.305235 -0.000000
vn 0.945303 -0.326194 -0.000000
vn 0.952277 -0.305236 0.000000
vn 0.945877 -0.324525 0.000000
vn 0.000000 -0.182885 -0.983134
vn 0.000000 -0.170079 -0.985430
vn 0.000000 -0.170079 -0.985431
vn 0.000000 -0.170079 -0.985431
vn 0.000000 -0.180514 -0.983572
vn 0.000000 -0.170079 0.985431
vn 0.001375 -0.166395 0.986058
vn -0.002397 -0.179276 0.983796
vn 0.000000 -0.180514 0.983572
vn 0.000000 1.000000 0.000000
vn 0.000000 1.000000 0.000000
vn 0.000000 1.000000 0.000000
vn 0.000000 1.000000 -0.000000
vn 0.000001 -1.000000 0.000000
vn 0.000001 -1.000000 0.000000
vn 0.000001 -1.000000 0.000000
vn 0.000001 -1.000000 0.000000
vn 0.000000 1.000000 -0.000000
vn 0.000000 1.000000 -0.000001
vn 0.000000 1.000000 -0.000000
vn 0.000000 1.000000 -0.000001
vn 0.000000 -1.000000 0.000002
vn 0.000000 -1.000000 0.000002
vn 0.000000 -1.000000 0.000002
vn 0.000000 -1.000000 0.000002
vn 0.000000 1.000000 0.000000
vn 0.000000 1.000000 0.000000
vn 0.000000 1.000000 0.000000
vn 0.000000 1.000000 0.000000
vn 0.000000 -1.000000 -0.000002
vn 0.000000 -1.000000 -0.000002
vn 0.000000 -1.000000 -0.000002
vn 0.000000 -1.000000 -0.000002
vn 0.000000 -1.000000 0.000000
vn 0.000000 -1.000000 0.000000
vn 0.000000 -1.000000 0.000000
vn 0.000000 -1.000000 0.000000
vn 0.000000 1.000000 0.000000
vn 0.000000 1.000000 0.000000
vn 0.000000 1.000000 -0.000000
vn 0.000000 1.000000 0.000000
vn 0.000000 1.000000 0.000000
vn 0.000000 1.000000 -0.000000
vn 0.000000 -1.000000 0.000000
vn 0.000000 -1.000000 0.000000
vn 0.000000 -1.000000 0.000000
vn 0.000000 -1.000000 0.000000
vn -0.001179 0.577583 0.816331
vn -0.001179 0.577583 0.816331
vn -0.001179 0.577583 0.816331
vn -0.001179 0.577583 0.816331
vn -0.000883 0.579404 -0.815040
vn -0.000883 0.579404 -0.815040
vn -0.000883 0.579404 -0.815040
vn -0.000883 0.579404 -0.815040
vn 0.693750 0.720216 -0.000008
vn 0.693750 0.720216 -0.000008
vn 0.693750 0.720216 -0.000008
vn 0.693750 0.720216 -0.000008
vn 0.682470 0.730914 0.000000
vn 0.682470 0.730914 0.000000
vn 0.682470 0.730914 0.000000
vn 0.682470 0.730914 0.000000
vn 0.693788 0.720179 0.000013
vn 0.693788 0.720179 0.000013
vn 0.693788 0.720179 0.000013
vn 0.693788 0.720179 0.000013
vn 0.663792 -0.359784 0.655695
vn 0.671500 -0.335957 0.660470
vn 0.671500 -0.335957 0.660470
vn 0.662857 -0.362572 0.655105
vn 0.670967 -0.339008 -0.659452
vn 0.663934 -0.361310 -0.654712
vn 0.663084 -0.363911 -0.654132
vn 0.670967 -0.339008 -0.659452
vn 0.000000 1.000000 -0.000000
vn 0.000000 1.000000 -0.000000
vn 0.000000 1.000000 -0.000001
vn 0.000000 1.000000 -0.000000
vn 0.000000 1.000000 -0.000000
vn 0.000000 1.000000 0.000001
vn 0.000000 1.000000 0.000000
vn 0.000000 1.000000 -0.000000
vn 0.000000 -1.000000 0.000001
vn 0.000000 -1.000000 0.000001
vn 0.000000 -1.000000 0.000001
vn 0.000000 -1.000000 0.000001
vn 0.000000 -1.000000 0.000000
vn 0.000000 -1.000000 0.000000
vn 0.000000 -1.000000 0.000000
vn 0.000000 -1.000000 0.000000
vn 0.952956 -0.278972 -0.118531
vn 0.952956 -0.278972 -0.118531
vn 0.947776 -0.312237 -0.065021
vn 0.945968 -0.320041 -0.052130
vn 0.946869 -0.307913 0.092892
vn 0.948064 -0.272688 0.163754
vn 0.948064 -0.272688 0.163754
vn 0.945630 -0.316497 0.074919
vn -0.085704 -0.140673 -0.986340
vn -0.050904 -0.165646 -0.984871
vn -0.033333 -0.178114 -0.983445
vn -0.085704 -0.140673 -0.986340
vn -0.051143 -0.164659 0.985024
vn -0.085756 -0.139259 0.986536
vn -0.085756 -0.139259 0.986536
vn -0.033629 -0.177369 0.983570
vn 0.000000 -1.000000 0.000000
vn 0.000000 -1.000000 0.000000
vn 0.000000 -1.000000 0.000000
vn 0.000000 -1.000000 0.000000
vn -0.000000 -1.000000 -0.000004
vn -0.000000 -1.000000 -0.000004
vn -0.000000 -1.000000 -0.000004
vn -0.000000 -1.000000 -0.000004
vn 0.000000 -1.000000 0.000000
vn 0.000000 -1.000000 0.000000
vn 0.000000 -1.000000 0.000000
vn 0.000000 -1.000000 0.000000
vn 0.000000 -1.000000 0.000002
vn 0.000000 -1.000000 0.000002
vn 0.000000 -1.000000 0.000002
vn 0.000000 -1.000000 0.000002
vn 0.021365 0.557658 0.829796
vn 0.021365 0.557658 0.829796
vn 0.021365 0.557658 0.829796
vn 0.021365 0.557658 0.829796
vn 0.700796 0.713358 -0.002232
vn 0.700796 0.713358 -0.002232
vn 0.700796 0.713358 -0.002232
vn 0.700796 0.713358 -0.002232
vn 0.675230 0.736669 -0.037192
vn 0.675230 0.736669 -0.037192
vn 0.675230 0.736669 -0.037192
vn 0.675230 0.736669 -0.037192
vn 0.015212 0.551860 -0.833798
vn 0.015212 0.551860 -0.833798
vn 0.015212 0.551860 -0.833798
vn 0.015212 0.551860 -0.833798
vn 0.446502 0.779170 -0.439920
vn 0.446502 0.779170 -0.439920
vn 0.446502 0.779170 -0.439920
vn 0.446502 0.779170 -0.439920
vn 0.444593 0.783525 0.434081
vn 0.444593 0.783525 0.434081
vn 0.444593 0.783525 0.434081
vn 0.444593 0.783525 0.434081
vn -0.002287 -0.592182 -0.805801
vn -0.003979 -0.540921 -0.841064
vn -0.003979 -0.540921 -0.841064
vn -0.001417 -0.617556 -0.786526
vn -0.001506 -0.606198 0.795313
vn -0.002502 -0.557805 0.829969
vn -0.002502 -0.557805 0.829969
vn -0.001836 -0.590440 0.807079
vn 0.754723 -0.656040 0.002231
vn 0.810476 -0.585694 0.009587
vn 0.810476 -0.585694 0.009587
vn 0.767557 -0.640969 0.003856
vn 0.770073 -0.637954 -0.001736
vn 0.757933 -0.652332 -0.001086
vn 0.815390 -0.578897 -0.004300
vn 0.815390 -0.578897 -0.004300
vn -0.143410 -0.813709 0.563304
vn -0.143410 -0.813709 0.563304
vn -0.143410 -0.813709 0.563304
vn -0.143410 -0.813709 0.563304
vn -0.053283 -0.509577 -0.858774
vn -0.053283 -0.509577 -0.858774
vn -0.053283 -0.509577 -0.858774
vn -0.053283 -0.509577 -0.858774
vn 0.617399 -0.771495 -0.153667
vn 0.617399 -0.771495 -0.153667
vn 0.617399 -0.771495 -0.153667
vn 0.617399 -0.771495 -0.153667
vn 0.859965 -0.492565 0.133570
vn 0.859965 -0.492565 0.133570
vn 0.859965 -0.492565 0.133570
vn 0.859965 -0.492565 0.133570
vn 0.646260 -0.466781 -0.603708
vn 0.646260 -0.466781 -0.603708
vn 0.646260 -0.466781 -0.603708
vn 0.646260 -0.466781 -0.603708
vn 0.596635 -0.560555 0.574286
vn 0.596635 -0.560555 0.574286
vn 0.596635 -0.560555 0.574286
vn 0.596635 -0.560555 0.574286
vn 0.000000 -1.000000 0.000000
vn 0.000000 -1.000000 0.000000
vn 0.020827 -0.999782 0.001317
vn 0.011443 -0.999934 0.000723
vn 0.001517 -0.998950 0.045796
vn 0.001517 -0.998950 0.045796
vn 0.001043 -0.999504 0.031492
vn 0.000568 -0.999853 0.017153
vn 0.000000 -1.000000 -0.000001
vn 0.000000 -1.000000 -0.000000
vn 0.000000 -1.000000 0.000000
vn 0.000000 -1.000000 0.000000
vn 0.040709 -0.999168 0.002574
vn 0.040709 -0.999168 0.002574
vn 0.000000 -1.000000 0.000000
vn 0.000000 -1.000000 0.000000
vn 0.027831 -0.984075 -0.175559
vn 0.070807 -0.989053 -0.129461
vn 0.126781 -0.989569 -0.068407
vn 0.168294 -0.985482 -0.022410
vn 0.159008 -0.986862 -0.028644
vn 0.085772 -0.995950 0.026949
vn 0.033867 -0.995871 0.084226
vn -0.028211 -0.981604 0.188833
vn 0.248086 -0.963834 -0.097358
vn 0.248086 -0.963834 -0.097358
vn -0.093411 -0.950487 0.296392
vn -0.093411 -0.950487 0.296392
vn -0.026891 -0.972087 -0.233075
vn -0.026891 -0.972087 -0.233075
vn 0.239466 -0.969147 0.058395
vn 0.239466 -0.969147 0.058395
vn -0.899455 0.429899 -0.078530
vn -0.899455 0.429899 -0.078530
vn -0.899455 0.429899 -0.078530
vn -0.899455 0.429899 -0.078530
vn -0.898928 0.438097 0.000022
vn -0.898928 0.438097 0.000022
vn -0.898928 0.438097 0.000022
vn -0.898928 0.438097 0.000022
vn -0.896077 0.434049 0.092991
vn -0.896077 0.434049 0.092991
vn -0.896077 0.434049 0.092991
vn -0.896077 0.434049 0.092991
vn -0.065714 0.431368 0.899780
vn -0.065714 0.431368 0.899780
vn -0.065714 0.431368 0.899780
vn -0.065714 0.431368 0.899780
vn -0.065838 0.431377 -0.899766
vn -0.065838 0.431377 -0.899766
vn -0.065838 0.431377 -0.899766
vn -0.065838 0.431377 -0.899766
vn 0.009931 0.996269 -0.085728
vn 0.009931 0.996269 -0.085728
vn 0.009931 0.996269 -0.085728
vn 0.141786 0.989897 0.000000
vn 0.141786 0.989897 0.000000
vn 0.141786 0.989897 0.000000
vn 0.141786 0.989897 0.000000
vn 0.003500 0.993618 0.112741
vn 0.003500 0.993618 0.112741
vn 0.003500 0.993618 0.112741
vn 0.003500 0.993618 0.112741
vn 0.003768 0.992383 -0.123134
vn 0.003768 0.992383 -0.123134
vn 0.003768 0.992383 -0.123134
vn 0.003768 0.992383 -0.123134
vn 0.109809 0.993944 0.004265
vn 0.109809 0.993944 0.004265
vn 0.109809 0.993944 0.004265
vn 0.109809 0.993944 0.004265
vn 0.109328 0.993994 -0.004943
vn 0.109328 0.993994 -0.004943
vn 0.109328 0.993994 -0.004943
vn 0.109328 0.993994 -0.004943
vn 0.091909 0.995767 0.001034
vn 0.091909 0.995767 0.001034
vn 0.091909 0.995767 0.001034
vn 0.008637 0.996685 0.080896
vn 0.008637 0.996685 0.080896
vn 0.008637 0.996685 0.080896
vn 0.054884 0.997334 -0.048082
vn 0.054884 0.997334 -0.048082
vn 0.054884 0.997334 -0.048082
vn 0.052976 0.997521 0.046320
vn 0.052976 0.997521 0.046320
vn 0.052976 0.997521 0.046320
vn 0.083423 0.996424 -0.013441
vn 0.083423 0.996424 -0.013441
vn 0.083423 0.996424 -0.013441
vn -0.002098 -0.139056 0.990282
vn 0.000000 -0.108644 0.994081
vn 0.000000 -0.108644 0.994081
vn 0.000000 -0.150332 0.988635
vn -0.040179 -0.150181 0.987842
vn -0.053477 -0.133000 0.989672
vn -0.078638 -0.100229 0.991852
vn -0.078638 -0.100229 0.991852
vn 0.691021 -0.222022 0.687893
vn 0.678740 -0.290324 0.674555
vn 0.680458 -0.281877 0.676404
vn 0.691021 -0.222022 0.687893
vn 0.962174 -0.268868 -0.043952
vn 0.977137 -0.196394 -0.081440
vn 0.977137 -0.196394 -0.081440
vn 0.965686 -0.254566 -0.051450
vn 0.963905 -0.266246 0.000000
vn 0.980017 -0.198912 0.000000
vn 0.980017 -0.198912 0.000000
vn 0.965373 -0.260873 -0.000000
vn 0.980017 -0.198912 0.000000
vn 0.965273 -0.261242 -0.000000
vn 0.980017 -0.198912 0.000000
vn 0.963891 -0.266296 0.000000
vn 0.961711 -0.266064 0.065742
vn 0.964873 -0.251195 0.076948
vn 0.974044 -0.191127 0.121280
vn 0.974044 -0.191127 0.121280
vn 0.679484 -0.290380 -0.673781
vn 0.691696 -0.222119 -0.687183
vn 0.691696 -0.222119 -0.687183
vn 0.681184 -0.281988 -0.675627
vn -0.040113 -0.150199 -0.987842
vn -0.078520 -0.100251 -0.991859
vn -0.078520 -0.100251 -0.991859
vn -0.053392 -0.133021 -0.989674
vn 0.000000 -0.108644 -0.994081
vn 0.000000 -0.143595 -0.989637
vn 0.000000 -0.150333 -0.988636
vn 0.000000 -0.108644 -0.994081
vn -0.088592 -0.996068 0.000000
vn -0.057420 -0.998350 0.000000
vn -0.058093 -0.998311 -0.000000
vn -0.088592 -0.996068 0.000000
vn -0.000000 -0.994816 0.101695
vn -0.000000 -0.997959 0.063854
vn -0.015892 -0.999496 0.027483
vn 0.000000 -0.994816 0.101696
vn 0.000000 -0.994762 -0.102217
vn -0.016526 -0.999567 -0.024344
vn 0.000000 -0.998200 -0.059978
vn 0.000000 -0.994762 -0.102216
vn -0.088592 -0.996068 0.000000
vn -0.088592 -0.996068 0.000000
vn -0.088592 -0.996068 0.000000
vn -0.088592 -0.996068 0.000000
vn -1.000000 0.000000 0.000000
vn -1.000000 0.000000 0.000000
vn -1.000000 0.000000 0.000000
vn -1.000000 0.000000 0.000000
vn 0.000000 0.000000 1.000000
vn 0.000000 0.000000 1.000000
vn 0.000000 0.000000 1.000000
vn 0.000000 0.000000 1.000000
vn 0.000000 0.000000 -1.000000
vn 0.000000 0.000000 -1.000000
vn 0.000000 0.000000 -1.000000
vn 0.000000 0.000000 -1.000000
vn -1.000000 0.000000 0.000000
vn -1.000000 0.000000 0.000000
vn -1.000000 0.000000 0.000000
vn -1.000000 0.000000 0.000000
vn -1.000000 0.000000 0.000001
vn -1.000000 0.000000 0.000001
vn -1.000000 0.000000 0.000001
vn -1.000000 0.000000 0.000001
vn -0.002565 0.430728 0.902478
vn -0.004115 0.358279 0.933605
vn -0.004115 0.358279 0.933605
vn -0.001318 0.486603 0.873622
vn -0.001317 0.486603 -0.873622
vn -0.004115 0.358279 -0.933605
vn -0.004115 0.358280 -0.933605
vn -0.002565 0.430728 -0.902478
vn 0.789720 0.613466 -0.001055
vn 0.834146 0.551533 -0.003489
vn 0.834146 0.551533 -0.003489
vn 0.795493 0.605961 -0.001358
vn 0.794503 0.607258 0.001466
vn 0.787823 0.615901 0.001075
vn 0.836069 0.548609 0.004035
vn 0.836069 0.548609 0.004035
vn 0.037956 0.568063 0.822110
vn 0.037956 0.568063 0.822110
vn 0.037956 0.568063 0.822110
vn 0.037956 0.568063 0.822109
vn 0.043482 0.579473 -0.813831
vn 0.043482 0.579473 -0.813831
vn 0.043482 0.579473 -0.813831
vn 0.043482 0.579473 -0.813831
vn 0.769763 0.638316 0.004107
vn 0.769763 0.638316 0.004107
vn 0.769763 0.638316 0.004107
vn 0.769763 0.638316 0.004107
vn 0.771060 0.636748 -0.004339
vn 0.771060 0.636748 -0.004339
vn 0.771060 0.636748 -0.004339
vn 0.771060 0.636748 -0.004339
vn 0.542573 0.658957 0.520951
vn 0.542573 0.658957 0.520951
vn 0.542573 0.658957 0.520951
vn 0.542573 0.658957 0.520951
vn 0.532960 0.665729 -0.522263
vn 0.532960 0.665729 -0.522263
vn 0.532960 0.665729 -0.522263
vn 0.532960 0.665729 -0.522263
vn 0.675117 -0.737711 -0.000053
vn 0.669044 -0.743223 -0.000004
vn 0.669156 -0.743122 -0.000004
vn 0.675132 -0.737697 -0.000090
vn 0.675736 -0.737142 -0.001538
vn 0.675737 -0.737142 -0.001538
vn 0.458630 -0.753374 0.471259
vn 0.269360 -0.769575 0.578964
vn 0.252988 -0.769270 0.586704
vn 0.458630 -0.753374 0.471259
vn -0.000000 -0.730073 0.683370
vn -0.000084 -0.730622 0.682782
vn -0.000103 -0.730641 0.682762
vn -0.000000 -0.730097 0.683343
vn -0.000000 -0.730096 -0.683345
vn -0.000103 -0.730639 -0.682764
vn -0.000084 -0.730621 -0.682784
vn -0.000000 -0.730071 -0.683371
vn 0.668716 -0.743518 0.000004
vn 0.675089 -0.737736 0.000062
vn 0.675105 -0.737722 0.000106
vn 0.668842 -0.743404 0.000005
vn 0.269362 -0.769581 -0.578956
vn 0.252978 -0.769275 -0.586702
vn 0.675960 -0.736934 0.002532
vn 0.675960 -0.736934 0.002532
vn 0.458630 -0.753382 -0.471247
vn 0.458630 -0.753382 -0.471247
vn 0.000000 -1.000000 0.000000
vn 0.000000 -1.000000 0.000005
vn 0.000000 -1.000000 0.000002
vn 0.991701 -0.128568 0.000000
vn 0.991701 -0.128568 0.000000
vn 0.991701 -0.128568 -0.000000
vn 0.991701 -0.128568 -0.000000
vn 0.000000 -1.000000 0.000000
vn 0.000000 -1.000000 -0.000000
vn 0.000000 -0.070314 0.997525
vn 0.000000 -0.070314 0.997525
vn -0.000000 -0.070314 0.997525
vn -0.000000 -0.070314 0.997525
vn -0.000000 -1.000000 0.000000
vn 0.000000 -1.000000 -0.000000
vn 0.000000 -1.000000 0.000000
vn 0.000000 -1.000000 0.000000
vn 0.991701 -0.128568 0.000000
vn 0.991701 -0.128568 0.000000
vn 0.991701 -0.128568 -0.000000
vn 0.991701 -0.128568 -0.000000
vn 0.000000 -1.000000 -0.000000
vn 0.000000 -1.000000 -0.000003
vn 0.000000 -1.000000 -0.000002
vn 0.698588 -0.140014 -0.701691
vn 0.698589 -0.140014 -0.701691
vn 0.698589 -0.140014 -0.701691
vn 0.698588 -0.140014 -0.701691
vn -0.000000 -0.070314 0.997525
vn -0.000000 -0.070314 0.997525
vn 0.991701 -0.128564 -0.000007
vn 0.991701 -0.128564 -0.000007
vn 0.991701 -0.128565 0.000006
vn 0.991701 -0.128565 0.000006
vn 0.000000 -1.000000 -0.000001
vn 0.000000 -1.000000 0.000000
vn 0.000000 1.000000 0.000000
vn 0.000000 1.000000 0.000000
vn 0.000000 1.000000 0.000000
vn 0.000000 1.000000 0.000000
vn 0.000000 1.000000 0.000000
vn 0.000000 1.000000 0.000000
vn 0.000000 1.000000 0.000000
vn 0.000000 1.000000 0.000000
vn 0.000000 1.000000 0.000002
vn 0.000000 1.000000 0.000002
vn 0.000000 1.000000 0.000002
vn 0.000000 1.000000 0.000001
vn 0.000000 1.000000 0.000000
vn 0.000000 1.000000 0.000000
vn 0.000000 1.000000 0.000000
vn 0.000000 1.000000 0.000000
vn 0.000000 1.000000 0.000001
vn 0.000000 1.000000 0.000002
vn 0.000000 1.000000 0.000001
vn 0.000000 1.000000 0.000000
vn 0.000000 1.000000 0.000000
vn 0.000000 1.000000 0.000001
vn 0.000000 1.000000 0.000001
vn 0.000000 1.000000 0.000000
vn 0.000000 1.000000 0.000000
vn 0.000000 1.000000 0.000000
vn 0.000000 1.000000 0.000000
vn 0.000000 1.000000 0.000000
vn 0.000000 1.000000 -0.000003
vn 0.000000 1.000000 -0.000003
vn 0.000000 1.000000 -0.000002
vn 0.000000 1.000000 -0.000002
vn 0.000000 -0.070314 -0.997525
vn -0.000000 -0.070314 -0.997525
vn -0.000000 -0.070314 -0.997525
vn 0.000000 -0.070314 -0.997525
vn -0.000005 -0.070313 -0.997525
vn -0.000005 -0.070313 -0.997525
vn 0.698529 -0.139988 0.701756
vn 0.698529 -0.139988 0.701756
vn 0.698529 -0.139988 0.701756
vn 0.698529 -0.139988 0.701756
vn 0.829216 0.558928 -0.000971
vn 0.829216 0.558928 -0.000971
vn 0.829216 0.558928 -0.000971
vn 0.829216 0.558928 -0.000971
vn -0.544936 0.838477 -0.000803
vn -0.544936 0.838477 -0.000803
vn -0.544936 0.838477 -0.000803
vn -0.544936 0.838477 -0.000803
vn -1.000000 0.000000 -0.000951
vn -1.000000 0.000000 -0.000951
vn -1.000000 0.000000 -0.000951
vn -1.000000 0.000000 -0.000951
vn 0.384481 0.923133 -0.000582
vn 0.384481 0.923133 -0.000582
vn 0.384481 0.923133 -0.000582
vn 0.384481 0.923133 -0.000582
vn 0.918773 0.394785 -0.000922
vn 0.918773 0.394785 -0.000922
vn 0.918773 0.394785 -0.000922
vn 0.918773 0.394785 -0.000922
vn 0.480234 0.877140 -0.000711
vn 0.480234 0.877140 -0.000711
vn 0.480234 0.877140 -0.000711
vn 0.480234 0.877140 -0.000711
vn 0.050028 0.733918 0.677394
vn 0.050028 0.733918 0.677394
vn 0.050028 0.733918 0.677394
vn 0.479539 0.876158 -0.048885
vn 0.479539 0.876158 -0.048885
vn 0.479539 0.876158 -0.048885
vn 0.480911 0.875792 0.041401
vn 0.480911 0.875792 0.041401
vn 0.480911 0.875792 0.041401
vn 0.053810 0.682804 -0.728617
vn 0.053810 0.682804 -0.728617
vn 0.053810 0.682804 -0.728617
vn 1.000000 0.000000 -0.000376
vn 1.000000 0.000000 -0.000376
vn 1.000000 0.000000 -0.000376
vn 1.000000 0.000000 -0.000376
vn 0.000000 -0.999999 0.001365
vn 0.000000 -0.999999 0.001365
vn 0.000000 -0.999999 0.001365
vn 0.000000 -0.999999 0.001365
vn -0.000009 0.999999 -0.001393
vn -0.000009 0.999999 -0.001393
vn -0.000009 0.999999 -0.001393
vn -0.000009 0.999999 -0.001393
vn -0.000042 0.641774 -0.766894
vn -0.021396 0.606140 -0.795071
vn -0.119744 0.560425 -0.819503
vn -0.000069 0.632472 -0.774584
vn 0.000361 0.670246 0.742139
vn -0.053324 0.677836 0.733277
vn -0.023226 0.678086 0.734616
vn 0.000236 0.665924 0.746020
vn 0.745501 0.666505 0.000037
vn 0.719019 0.694990 0.000526
vn 0.709792 0.704411 0.000793
vn 0.751544 0.659683 0.000060
vn 0.809077 0.544961 0.220028
vn 0.782616 0.620980 0.043542
vn 0.681510 0.731070 -0.032876
vn 0.685792 0.720809 -0.100620
vn -0.557859 0.572376 0.600982
vn -0.557859 0.572376 0.600982
vn -0.652721 0.149484 -0.742705
vn -0.652720 0.149484 -0.742705
vn 0.579973 0.484215 -0.655109
vn 0.579973 0.484215 -0.655109
vn 0.603118 0.056090 0.795678
vn 0.603118 0.056090 0.795678
vn 0.356970 0.417078 -0.835834
vn -0.037854 0.360882 -0.931843
vn -0.037854 0.360882 -0.931843
vn 0.301020 0.413107 -0.859494
vn 0.821460 0.449227 0.351280
vn 0.871986 0.489012 0.022551
vn 0.871986 0.489012 0.022551
vn 0.809109 0.441001 0.388407
vn -0.000117 -0.622948 -0.782263
vn -0.000117 -0.622948 -0.782263
vn -0.000117 -0.622948 -0.782264
vn -0.000117 -0.622948 -0.782264
vn -0.000117 -0.622944 0.782267
vn -0.000117 -0.622944 0.782267
vn -0.000117 -0.622944 0.782267
vn -0.000117 -0.622944 0.782267
vn 0.765966 -0.642881 0.000137
vn 0.765966 -0.642881 0.000137
vn 0.765966 -0.642881 0.000137
vn 0.765966 -0.642881 0.000137
vn 0.730595 -0.682811 0.000004
vn 0.730595 -0.682811 0.000004
vn 0.730595 -0.682811 0.000004
vn 0.730595 -0.682811 0.000004
vn 0.761084 -0.648653 -0.000123
vn 0.761084 -0.648653 -0.000123
vn 0.761084 -0.648653 -0.000123
vn 0.761085 -0.648653 -0.000123
vn 0.003297 -0.648796 0.760955
vn 0.003297 -0.648796 0.760955
vn 0.003297 -0.648796 0.760955
vn 0.003297 -0.648796 0.760955
vn 0.003299 -0.648817 -0.760938
vn 0.003299 -0.648817 -0.760938
vn 0.003299 -0.648817 -0.760938
vn 0.003299 -0.648817 -0.760938
vn 0.748252 -0.663410 0.002500
vn 0.748252 -0.663410 0.002500
vn 0.748252 -0.663410 0.002500
vn 0.748252 -0.663410 0.002500
vn 0.748484 -0.663143 -0.003659
vn 0.748484 -0.663143 -0.003659
vn 0.748484 -0.663143 -0.003659
vn 0.748484 -0.663143 -0.003659
vn 0.498585 -0.716239 -0.488277
vn 0.498585 -0.716239 -0.488277
vn 0.498585 -0.716239 -0.488277
vn 0.498585 -0.716239 -0.488277
vn 0.498590 -0.716238 0.488274
vn 0.498590 -0.716238 0.488274
vn 0.498590 -0.716238 0.488274
vn 0.498590 -0.716238 0.488274
vn 1.000000 0.000000 0.000000
vn 1.000000 0.000000 0.000000
vn 1.000000 0.000000 0.000000
vn 1.000000 0.000000 0.000000
vn 0.000000 0.000000 1.000000
vn 0.000000 0.000000 1.000000
vn 0.000000 0.000000 1.000000
vn 0.000000 0.000000 1.000000
vn 0.000000 0.000000 -1.000000
vn 0.000000 0.000000 -1.000000
vn 0.000000 0.000000 -1.000000
vn 0.000000 0.000000 -1.000000
vn 1.000000 0.000000 0.000000
vn 1.000000 0.000000 0.000000
vn 1.000000 0.000000 0.000000
vn 1.000000 0.000000 0.000000
vn 1.000000 0.000000 0.000000
vn 1.000000 0.000000 0.000000
vn 1.000000 0.000000 0.000000
vn 1.000000 0.000000 0.000000
vn 0.714533 -0.005349 -0.699581
vn 0.714533 -0.005349 -0.699581
vn 0.714533 -0.005349 -0.699581
vn 0.714533 -0.005349 -0.699581
vn 0.714532 -0.005336 0.699582
vn 0.714532 -0.005336 0.699582
vn 0.714532 -0.005336 0.699582
vn 0.714532 -0.005336 0.699582
vn 1.000000 0.000000 0.000000
vn 1.000000 0.000000 0.000000
vn 1.000000 0.000000 0.000000
vn 1.000000 0.000000 0.000000
vn 0.000001 0.000000 -1.000000
vn 0.000001 0.000000 -1.000000
vn 0.000001 0.000000 -1.000000
vn 0.000001 0.000000 -1.000000
vn 0.000001 0.000000 1.000000
vn 0.000001 0.000000 1.000000
vn 0.000001 0.000000 1.000000
vn 0.000001 0.000000 1.000000
vn 1.000000 0.000000 0.000000
vn 1.000000 0.000000 0.000000
vn 1.000000 0.000000 0.000000
vn 1.000000 0.000000 0.000000
vn 0.000000 1.000000 -0.000000
vn 0.000000 1.000000 0.000000
vn 0.000000 1.000000 0.000000
vn 0.000000 1.000000 -0.000000
vn 0.000000 1.000000 -0.000000
vn 0.000000 1.000000 0.000000
vn 0.000000 1.000000 -0.000000
vn 0.000000 1.000000 0.000000
vn 0.000000 1.000000 0.000000
vn 0.000000 1.000000 -0.000000
vn 0.000000 1.000000 -0.000000
vn 0.000000 1.000000 0.000000
vn 0.000000 1.000000 -0.000000
vn 0.000000 1.000000 0.000000
vn 0.000000 1.000000 0.000001
vn 0.000000 1.000000 0.000000
vn 0.000000 -1.000000 0.000000
vn 0.000000 -1.000000 0.000000
vn 0.000000 -1.000000 0.000000
vn 0.000000 -1.000000 0.000000
vn 0.000000 -1.000000 0.000000
vn 0.000000 -1.000000 0.000000
vn 0.000000 -1.000000 0.000000
vn 0.000000 -1.000000 0.000000
vn 0.000000 -1.000000 0.000000
vn 0.000000 -1.000000 0.000000
vn 0.000000 -1.000000 0.000000
vn 0.000000 -1.000000 0.000000
vn 0.000000 -1.000000 0.000000
vn 0.000000 -1.000000 0.000000
vn 0.000000 -1.000000 0.000000
vn 0.000000 -1.000000 0.000000
vn 0.000000 -1.000000 0.000000
vn 0.000000 -1.000000 0.000000
vn 0.000000 -1.000000 0.000000
vn 0.000000 -1.000000 0.000000
vn 0.000000 -1.000000 0.000001
vn 0.000000 -1.000000 0.000001
vn 0.000000 -1.000000 0.000001
vn 0.000000 -1.000000 0.000001
vn 0.000000 -1.000000 -0.000001
vn 0.000000 -1.000000 -0.000001
vn 0.000000 -1.000000 -0.000001
vn 0.000000 -1.000000 -0.000001
vn 0.000000 -1.000000 0.000001
vn 0.000000 -1.000000 0.000001
vn 0.000000 -1.000000 0.000001
vn 0.000000 -1.000000 0.000001
vn 0.000000 -1.000000 0.000000
vn 0.000000 -1.000000 0.000000
vn 0.000000 -1.000000 0.000000
vn 0.000000 -1.000000 0.000000
vn 0.000000 -1.000000 0.000000
vn 0.000000 -1.000000 0.000000
vn 0.000000 -1.000000 0.000000
vn 0.000000 -1.000000 0.000000
vn 0.000000 -1.000000 -0.000002
vn 0.000000 -1.000000 -0.000002
vn 0.000000 -1.000000 -0.000002
vn 0.000000 -1.000000 -0.000002
vn 0.999980 0.006259 0.000895
vn 1.000000 0.000000 0.000000
vn 1.000000 0.000000 0.000000
vn 0.999980 0.006258 0.000895
vn 0.000000 0.000000 1.000000
vn 0.000000 0.000000 1.000000
vn 0.000000 0.000000 1.000000
vn 0.000000 0.000000 1.000000
vn 0.000000 0.000000 -1.000000
vn 0.000000 0.000000 -1.000000
vn 0.000000 0.000000 -1.000000
vn 0.000000 0.000000 -1.000000
vn 1.000000 0.000000 0.000000
vn 1.000000 0.000000 0.000000
vn 0.999807 0.019433 0.002779
vn 0.999807 0.019433 0.002779
vn -0.019380 -0.236538 0.971429
vn -0.004710 -0.184355 0.982849
vn -0.093996 -0.221319 0.970661
vn -0.093763 -0.221229 0.970704
vn 0.000000 1.000000 0.000000
vn 0.000000 1.000000 0.000000
vn 0.000000 -1.000000 0.000002
vn 0.000000 -1.000000 0.000002
vn 0.000000 -1.000000 0.000002
vn 0.000000 -1.000000 0.000002
vn 0.000000 0.663424 -0.748243
vn 0.000000 0.663424 -0.748243
vn 0.000000 0.663424 -0.748243
vn 0.000000 0.663424 -0.748243
vn 0.000014 -0.657354 -0.753582
vn 0.000014 -0.657354 -0.753582
vn 0.000010 0.435532 0.900173
vn 0.000010 0.435532 0.900173
vn 0.000010 0.435532 0.900173
vn 0.000010 0.435532 0.900173
vn 0.000000 0.979534 -0.201281
vn 0.000000 0.979534 -0.201281
vn 0.000000 0.979534 -0.201281
vn 0.000000 0.979534 -0.201281
vn 0.000000 -0.998182 -0.060271
vn 0.000000 -0.994762 -0.102216
vn 0.000000 0.000000 -1.000000
vn 0.000000 0.000000 -1.000000
vn 0.000053 0.544606 -0.838692
vn 0.000053 0.544606 -0.838692
vn 0.000000 -0.729658 0.683813
vn 0.000000 -0.729658 0.683813
vn 0.000000 -0.729657 -0.683814
vn 0.000000 -0.729657 -0.683814
vn 0.000000 -1.000000 0.000000
vn 0.000000 1.000000 0.000000
vn 0.000000 1.000000 0.000000
vn -0.000058 0.550860 0.834598
vn -0.000058 0.550860 0.834598
vn -0.000058 0.550860 0.834598
vn -0.000058 0.550860 0.834598
vn -0.000083 0.528542 -0.848907
vn -0.000083 0.528542 -0.848907
vn -0.000083 0.528542 -0.848907
vn -0.000083 0.528542 -0.848907
vn -0.000199 0.824405 -0.566000
vn -0.000199 0.824405 -0.566000
vn -0.000199 0.824405 -0.566000
vn -0.000199 0.824405 -0.566000
vn 0.000376 0.828854 0.559466
vn 0.000376 0.828853 0.559466
vn 0.000376 0.828853 0.559466
vn 0.000376 0.828853 0.559466
vn 0.000664 0.000000 1.000000
vn 0.000664 0.000000 1.000000
vn 0.000664 0.000000 1.000000
vn 0.000664 0.000000 1.000000
vn -0.000014 0.923866 0.382717
vn -0.000014 0.923866 0.382717
vn -0.000014 0.923866 0.382717
vn -0.000014 0.923866 0.382717
vn -0.000195 0.906545 -0.422108
vn -0.000195 0.906545 -0.422108
vn -0.000195 0.906545 -0.422108
vn -0.000195 0.906545 -0.422108
vn -0.000047 0.369410 0.929267
vn -0.000047 0.369410 0.929267
vn -0.000047 0.369410 0.929267
vn -0.000047 0.369410 0.929267
vn -0.000050 0.334837 -0.942276
vn -0.000050 0.334837 -0.942276
vn -0.000050 0.334837 -0.942276
vn -0.000050 0.334837 -0.942276
vn -0.000049 0.735779 0.677222
vn -0.000049 0.735779 0.677222
vn -0.000049 0.735779 0.677222
vn -0.000049 0.735779 0.677222
vn 0.000004 0.000000 1.000000
vn 0.000004 0.000000 1.000000
vn 0.000004 0.000000 1.000000
vn 0.000004 0.000000 1.000000
vn -0.000135 1.000000 0.000144
vn -0.000135 1.000000 0.000144
vn -0.000135 1.000000 0.000144
vn -0.000135 1.000000 0.000144
vn 0.000136 -1.000000 0.000156
vn 0.000136 -1.000000 0.000156
vn 0.000136 -1.000000 0.000156
vn 0.000136 -1.000000 0.000156
vn 0.000004 0.657351 -0.753585
vn 0.000004 0.657351 -0.753585
vn 0.000004 0.657354 0.753582
vn 0.000004 0.657354 0.753582
vn 0.000005 -0.665621 -0.746290
vn 0.000005 -0.665621 -0.746290
vn 0.000005 -0.665621 -0.746290
vn 0.000005 -0.665621 -0.746290
vn 0.000005 -0.665617 0.746294
vn 0.000005 -0.665617 0.746294
vn 0.000005 -0.665617 0.746294
vn 0.000005 -0.665617 0.746294
vn 0.000000 0.000000 -1.000000
vn 0.000000 0.000000 -1.000000
vn 0.000000 0.000000 -1.000000
vn 0.000000 0.000000 -1.000000
vn 0.000000 0.000000 1.000000
vn 0.000000 0.000000 1.000000
vn 0.000000 0.000000 1.000000
vn 0.000000 0.000000 1.000000
vn 0.000000 1.000000 0.000000
vn 0.000000 1.000000 0.000000
vn 0.000000 -1.000000 0.000001
vn 0.000000 -1.000000 0.000001
vn 0.000000 -1.000000 0.000001
vn 0.000000 -1.000000 0.000001
vn 0.000000 0.000000 -1.000000
vn 0.000000 0.000000 -1.000000
vn -0.000000 0.000000 1.000000
vn -0.000000 -0.000006 1.000000
vn 0.001533 -0.075097 0.997175
vn -0.000000 -1.000000 0.000000
vn -0.000000 -1.000000 0.000000
vn -0.000000 -1.000000 0.000000
vn -0.000000 -1.000000 0.000000
vn 0.000000 -0.170079 -0.985431
vn 0.000000 -0.182983 -0.983116
vn 0.000000 -1.000000 -0.000002
vn 0.000000 -1.000000 -0.000002
vn 0.000000 -1.000000 -0.000002
vn 0.000000 -1.000000 -0.000002
vn 0.000000 1.000000 0.000000
vn 0.000000 0.662932 0.748679
vn 0.000000 0.662932 0.748679
vn 0.000000 0.662932 0.748679
vn 0.000000 0.662932 0.748679
vn 0.000000 -1.000000 -0.000001
vn 0.000000 -1.000000 -0.000001
vn 0.000009 0.439653 -0.898168
vn 0.000009 0.439653 -0.898168
vn 0.000009 0.439653 -0.898168
vn 0.000009 0.439653 -0.898168
vn 0.000000 0.984380 0.176058
vn 0.000000 0.984380 0.176058
vn 0.000000 0.984380 0.176058
vn 0.000000 0.984380 0.176058
vn 0.000000 -0.143178 -0.989697
vn 0.000000 -0.108644 -0.994081
vn 0.000000 -0.108644 0.994081
vn -0.002523 -0.133818 0.991003
vn -0.000000 -0.997941 0.064133
vn -0.000000 -0.994816 0.101694
vn 0.000000 0.000000 1.000000
vn 0.000000 0.000000 1.000000
vn 0.000053 0.544605 0.838693
vn 0.000053 0.544605 0.838693
vn 0.000000 -0.070314 0.997525
vn 0.000000 -0.070314 0.997525
vn -0.000000 -1.000000 0.000000
vn 0.000000 1.000000 0.000000
vn 0.000000 1.000000 0.000000
vn 0.000000 -0.070314 -0.997525
vn 0.000000 -0.070314 -0.997525
vn 0.000000 1.000000 0.000000
vn 0.000000 1.000000 0.000000
vn 0.000000 1.000000 0.000000
vn 0.000000 1.000000 0.000000
vn -0.000273 -0.000001 -1.000000
vn -0.000273 -0.000001 -1.000000
vn -0.000273 -0.000001 -1.000000
vn -0.000273 -0.000001 -1.000000
vn -0.000050 0.684943 -0.728597
vn -0.000050 0.684943 -0.728597
vn -0.000050 0.684943 -0.728597
vn -0.000050 0.684943 -0.728597
vn -0.000001 0.000000 -1.000000
vn -0.000001 0.000000 -1.000000
vn -0.000001 0.000000 -1.000000
vn -0.000001 0.000000 -1.000000
vn 0.000129 -1.000000 -0.000139
vn 0.000129 -1.000000 -0.000139
vn 0.000129 -1.000000 -0.000139
vn 0.000129 -1.000000 -0.000139
vn -0.000141 1.000000 -0.000144
vn -0.000141 1.000000 -0.000144
vn -0.000141 1.000000 -0.000144
vn -0.000141 1.000000 -0.000144
vn 0.000000 1.000000 0.000000
vn 0.000000 -1.000000 -0.000001
vn 0.000000 -1.000000 -0.000001
vn 0.000000 -1.000000 -0.000001
vn 0.000000 -1.000000 -0.000001
vn 0.018726 -0.999648 -0.018799
vn 0.019558 -0.999632 -0.018799
vn 0.000001 -1.000000 0.000000
vn 0.000001 -1.000000 0.000000
vn 0.000001 -1.000000 0.000000
vn 0.000001 -1.000000 0.000000
vn 0.000001 -1.000000 0.000000
vn 0.000001 -1.000000 0.000000
vn 0.000001 -1.000000 0.000000
vn 0.000001 -1.000000 0.000000
vn -0.000000 0.984380 0.176055
vn -0.000000 0.984380 0.176055
vn -0.000000 0.984380 0.176055
vn -0.000000 0.984380 0.176055
vn 0.000000 0.663424 -0.748244
vn 0.000000 0.663424 -0.748244
vn 0.000000 0.663424 -0.748244
vn 0.000000 0.663424 -0.748244
vn 0.000000 0.000000 -1.000000
vn 0.000000 0.000000 -1.000000
vn 0.000000 0.000000 -1.000000
vn 0.000000 0.000000 -1.000000
vn 0.000000 0.735823 0.677174
vn 0.000000 0.735823 0.677174
vn 0.000000 0.735823 0.677174
vn 0.000000 0.735823 0.677174
vn 0.000000 0.437000 0.899462
vn 0.000000 0.437000 0.899462
vn 0.000000 0.437000 0.899462
vn 0.000000 0.437000 0.899462
vn 0.000000 1.000000 0.000000
vn 0.000000 1.000000 0.000000
vn 0.000000 1.000000 0.000000
vn 0.000000 1.000000 0.000000
vn 0.000000 0.000000 1.000000
vn 0.000000 0.000000 1.000000
vn 0.000000 0.000000 1.000000
vn 0.000000 0.000000 1.000000
vn -0.000000 0.550722 0.834689
vn -0.000000 0.550722 0.834689
vn -0.000000 0.550722 0.834689
vn -0.000000 0.550722 0.834689
vn 0.000000 0.922954 0.384911
vn 0.000000 0.922954 0.384911
vn 0.000000 0.922954 0.384911
vn 0.000000 0.922954 0.384911
vn 0.000000 0.530199 -0.847873
vn 0.000000 0.530199 -0.847873
vn 0.000000 0.530199 -0.847873
vn 0.000000 0.530199 -0.847873
vn 0.000000 0.000000 -1.000000
vn 0.000000 0.000000 -1.000000
vn 0.000000 0.000000 -1.000000
vn 0.000000 0.000000 -1.000000
vn 0.000000 0.826453 -0.563005
vn 0.000000 0.826453 -0.563005
vn 0.000000 0.826453 -0.563005
vn 0.000000 0.826453 -0.563005
vn 0.000000 0.829907 0.557902
vn 0.000000 0.829907 0.557902
vn 0.000000 0.829907 0.557902
vn 0.000000 0.829907 0.557902
vn 0.000000 0.368658 0.929565
vn 0.000000 0.368658 0.929565
vn 0.000000 0.368658 0.929565
vn 0.000000 0.368658 0.929565
vn 0.000001 -1.000000 -0.000020
vn 0.000001 -1.000000 -0.000020
vn 0.000001 -1.000000 -0.000020
vn 0.000001 -1.000000 -0.000020
vn -0.000000 0.334026 -0.942564
vn -0.000000 0.334026 -0.942564
vn -0.000000 0.334026 -0.942564
vn -0.000000 0.334026 -0.942564
vn 0.000000 1.000000 -0.000027
vn 0.000000 1.000000 -0.000027
vn 0.000000 1.000000 -0.000027
vn 0.000000 1.000000 -0.000027
vn 0.000000 -0.662376 -0.749172
vn 0.000000 -0.662376 -0.749172
vn 0.000000 -0.662376 -0.749172
vn 0.000000 -0.662376 -0.749172
vn -0.000000 -0.662356 0.749189
vn -0.000000 -0.662356 0.749189
vn -0.000000 -0.662356 0.749189
vn -0.000000 -0.662356 0.749189
vn 0.000533 -0.002036 0.999998
vn 0.001131 -0.002496 0.999996
vn 0.000290 -0.003031 0.999995
vn 0.107288 -0.003183 0.994223
vn 0.431797 -0.015384 0.901840
vn 0.422419 -0.027213 0.905992
vn 0.436980 -0.000833 0.899471
vn 1.000000 -0.000000 0.000000
vn 0.998648 -0.051981 -0.000968
vn 0.999094 -0.042559 -0.000255
vn 1.000000 -0.000000 0.000000
vn 0.518017 -0.007030 0.855342
vn 0.520617 -0.010451 0.853726
vn 0.485339 -0.026026 0.873939
vn 0.000243 -0.004993 0.999988
vn 0.000217 -0.004774 0.999989
vn -0.000493 -0.003931 0.999992
vn 0.000121 -0.003945 0.999992
vn -0.000466 -0.004614 0.999989
vn 0.073640 -0.011165 0.997222
vn -0.000437 -0.004652 0.999989
vn 0.000000 -0.004221 0.999991
vn -0.838189 0.545380 0.000000
vn -0.838189 0.545380 0.000000
vn -0.838189 0.545380 0.000000
vn -0.838189 0.545380 0.000000
vn -0.963735 -0.266861 0.000000
vn -0.963735 -0.266861 0.000000
vn -0.963735 -0.266861 0.000000
vn -0.963735 -0.266861 0.000000
vn -1.000000 -0.000000 0.000000
vn -1.000000 -0.000000 0.000000
vn -1.000000 -0.000000 0.000000
vn -1.000000 -0.000000 0.000000
vn -0.707105 0.707108 0.000000
vn -0.707105 0.707108 0.000000
vn -0.707105 0.707108 0.000000
vn -0.707105 0.707108 0.000000
vn -0.000000 0.000000 1.000000
vn 0.010271 -0.999947 -0.000068
vn 0.009679 -0.999953 -0.000064
vn 0.382768 -0.923841 -0.002527
vn 0.382768 -0.923841 -0.002527
vn 0.923950 -0.382507 -0.002296
vn 0.923950 -0.382507 -0.002296
vn 0.994787 -0.101970 -0.000612
vn 0.001670 -0.628096 0.778134
vn 0.434170 -0.017482 0.900661
vn 0.166661 -0.166166 0.971912
vn 0.260123 -0.312921 0.913464
vn -0.000198 -0.002111 0.999998
vn 0.000073 -0.003084 0.999995
vn -0.066146 -0.126227 0.989794
vn -0.066146 -0.126227 0.989794
vn -0.066146 -0.126227 0.989794
vn -0.066146 -0.126227 0.989794
vn 0.004321 -0.158493 0.987351
vn 0.653242 -0.084566 -0.752412
vn 0.653242 -0.084566 -0.752412
vn 0.653242 -0.084566 -0.752412
vn 0.653242 -0.084566 -0.752412
vn -0.680834 0.085164 0.727470
vn -0.680834 0.085164 0.727470
vn -0.680834 0.085164 0.727470
vn -0.680834 0.085164 0.727470
vn -0.493004 -0.528678 0.690976
vn -0.493004 -0.528678 0.690976
vn -0.493004 -0.528678 0.690975
vn -0.493004 -0.528678 0.690976
vn 0.678646 -0.345116 -0.648332
vn 0.678646 -0.345116 -0.648332
vn 0.678646 -0.345117 -0.648332
vn 0.678646 -0.345116 -0.648332
vn -0.671945 0.051245 0.738826
vn -0.671945 0.051245 0.738826
vn -0.671945 0.051245 0.738826
vn -0.671945 0.051245 0.738826
vn 0.641940 -0.049920 -0.765128
vn 0.641940 -0.049920 -0.765128
vn 0.641940 -0.049920 -0.765128
vn 0.641940 -0.049920 -0.765128
vn -0.663491 -0.196653 0.721878
vn -0.663491 -0.196653 0.721878
vn -0.663491 -0.196653 0.721878
vn -0.663491 -0.196653 0.721878
vn 0.124716 -0.982805 -0.136161
vn 0.124716 -0.982805 -0.136161
vn 0.124716 -0.982805 -0.136161
vn 0.124716 -0.982805 -0.136161
vn 0.633154 0.203470 -0.746804
vn 0.633154 0.203470 -0.746804
vn 0.633153 0.203470 -0.746804
vn 0.633154 0.203470 -0.746804
vn -0.033029 -0.998726 0.038147
vn -0.033029 -0.998726 0.038147
vn -0.033029 -0.998726 0.038147
vn -0.033029 -0.998726 0.038147
vn -0.004133 -0.999981 0.004631
vn -0.004133 -0.999981 0.004631
vn -0.004133 -0.999981 0.004631
vn -0.004133 -0.999981 0.004631
vn 0.647221 -0.094390 -0.756436
vn 0.647221 -0.094390 -0.756436
vn 0.647221 -0.094390 -0.756436
vn 0.647221 -0.094390 -0.756436
vn -0.674661 0.095020 0.731986
vn -0.674661 0.095020 0.731986
vn -0.674661 0.095020 0.731986
vn -0.674661 0.095020 0.731986
vn 0.654627 -0.084627 0.751200
vn 0.654627 -0.084627 0.751200
vn 0.654627 -0.084627 0.751200
vn 0.654627 -0.084627 0.751200
vn -0.679179 0.084838 -0.729053
vn -0.679179 0.084838 -0.729053
vn -0.679179 0.084838 -0.729053
vn -0.679179 0.084838 -0.729053
vn -0.679179 0.084838 -0.729053
vn -0.611033 -0.223522 -0.759392
vn -0.611033 -0.223522 -0.759392
vn -0.611033 -0.223522 -0.759392
vn -0.611033 -0.223522 -0.759392
vn 0.631593 -0.226405 0.741506
vn 0.631593 -0.226405 0.741506
vn 0.631593 -0.226405 0.741506
vn 0.631593 -0.226405 0.741506
vn 0.645066 -0.050160 0.762479
vn 0.645066 -0.050160 0.762479
vn 0.645066 -0.050160 0.762479
vn 0.645066 -0.050160 0.762479
vn -0.671945 0.051245 -0.738826
vn -0.671945 0.051245 -0.738826
vn -0.671945 0.051245 -0.738826
vn -0.671945 0.051245 -0.738826
vn -0.663489 -0.196656 -0.721878
vn -0.663489 -0.196656 -0.721878
vn -0.663489 -0.196656 -0.721878
vn -0.663489 -0.196656 -0.721878
vn 0.124678 -0.982817 0.136114
vn 0.124678 -0.982817 0.136114
vn 0.124678 -0.982817 0.136114
vn 0.124678 -0.982817 0.136114
vn 0.636129 0.204105 0.744097
vn 0.636129 0.204105 0.744098
vn 0.636129 0.204105 0.744098
vn 0.636129 0.204105 0.744098
vn -0.054461 -0.996549 -0.062634
vn -0.054461 -0.996550 -0.062634
vn -0.054461 -0.996550 -0.062634
vn -0.054461 -0.996550 -0.062634
vn -0.004134 -0.999981 -0.004634
vn -0.004134 -0.999981 -0.004634
vn -0.004134 -0.999981 -0.004634
vn -0.004134 -0.999981 -0.004634
vn -0.674664 0.095020 -0.731984
vn -0.674664 0.095020 -0.731984
vn -0.674664 0.095020 -0.731984
vn -0.674664 0.095020 -0.731984
vn 0.650311 -0.094839 0.753725
vn 0.650311 -0.094839 0.753725
vn 0.650311 -0.094839 0.753725
vn 0.650311 -0.094839 0.753725
vn -0.689055 0.000000 0.724709
vn -0.689055 0.000000 0.724709
vn -0.689055 0.000000 0.724709
vn -0.689055 0.000000 0.724709
vn -0.000001 0.000000 1.000000
vn -0.000001 0.000000 1.000000
vn -0.000001 0.000000 1.000000
vn -0.000001 0.000000 1.000000
vn 0.661618 0.000000 -0.749841
vn 0.661618 0.000000 -0.749841
vn 0.661618 0.000000 -0.749841
vn 0.661618 0.000000 -0.749841
vn 1.000000 0.000000 0.000000
vn 1.000000 0.000000 0.000000
vn 1.000000 0.000000 0.000000
vn 1.000000 0.000000 0.000000
vn 0.720464 0.000000 0.693492
vn 0.720464 0.000000 0.693492
vn 0.720464 0.000000 0.693492
vn 0.720464 0.000000 0.693492
vn 0.009694 0.524192 0.851545
vn 0.328069 0.481805 0.812548
vn 0.366939 0.472602 0.801251
vn 0.009694 0.524192 0.851545
vn 0.000000 1.000000 0.000000
vn 0.000000 1.000000 0.000001
vn -0.671175 -0.008541 -0.741250
vn -0.671175 -0.008541 -0.741250
vn -0.671175 -0.008541 -0.741250
vn -0.671175 -0.008541 -0.741250
vn -0.040528 -0.020265 -0.998973
vn -0.040528 -0.020265 -0.998973
vn -0.040528 -0.020265 -0.998973
vn -0.040528 -0.020265 -0.998973
vn 0.612425 0.036134 0.789702
vn 0.612425 0.036134 0.789702
vn 0.612425 0.036134 0.789702
vn 0.612425 0.036134 0.789702
vn 0.995426 -0.016630 0.094072
vn 0.995427 -0.016630 0.094072
vn 0.995427 -0.016630 0.094072
vn 0.995426 -0.016630 0.094072
vn 0.721241 -0.008767 -0.692629
vn 0.721241 -0.008767 -0.692629
vn 0.721241 -0.008767 -0.692629
vn 0.721241 -0.008767 -0.692629
vn 0.934498 0.341854 0.099243
vn 0.838584 0.412695 -0.355612
vn 0.868049 0.407177 -0.284073
vn 0.934498 0.341854 0.099243
vn 0.000000 1.000000 0.000000
vn 0.000000 1.000000 -0.000000
vn 0.000001 -1.000000 0.000000
vn 0.000001 -1.000000 0.000000
vn 0.000001 -1.000000 0.000000
vn 0.000001 -1.000000 0.000000
vn -0.000000 0.662930 0.748681
vn -0.000000 0.662930 0.748681
vn -0.000000 0.662930 0.748681
vn -0.000000 0.662930 0.748681
vn 0.000001 0.437928 -0.899010
vn 0.000001 0.437928 -0.899010
vn 0.000001 0.437928 -0.899010
vn 0.000001 0.437928 -0.899010
vn 0.000000 0.979534 -0.201280
vn 0.000000 0.979534 -0.201280
vn 0.000000 0.979534 -0.201280
vn 0.000000 0.979534 -0.201280
vn 0.000000 0.000000 -1.000000
vn 0.000000 0.000000 -1.000000
vn 0.000000 0.000000 -1.000000
vn 0.000000 0.000000 -1.000000
vn 0.000000 0.907273 -0.420543
vn 0.000000 0.907273 -0.420543
vn 0.000000 0.907273 -0.420543
vn 0.000000 0.907273 -0.420543
vn 0.000000 1.000000 0.000027
vn 0.000000 1.000000 0.000027
vn 0.000000 1.000000 0.000027
vn 0.000000 1.000000 0.000027
vn 0.000000 0.684994 -0.728549
vn 0.000000 0.684994 -0.728549
vn 0.000000 0.684994 -0.728549
vn 0.000000 0.684994 -0.728549
vn 0.000000 0.000000 1.000000
vn 0.000000 0.000000 1.000000
vn 0.000000 0.000000 1.000000
vn 0.000000 0.000000 1.000000
vn 0.000001 -1.000000 0.000020
vn 0.000001 -1.000000 0.000020
vn 0.000001 -1.000000 0.000020
vn 0.000001 -1.000000 0.000020
vn 0.000001 -1.000000 0.000000
vn 0.000001 -1.000000 0.000000
vn 0.000001 -1.000000 0.000000
vn 0.000001 -1.000000 0.000000
vn -0.000000 0.000000 1.000000
vn -0.000000 0.000000 1.000000
vn -0.000000 0.000000 1.000000
vn -0.000000 0.000000 1.000000
vn 0.000303 -0.005508 0.999985
vn -0.394356 -0.918958 0.000000
vn -0.394356 -0.918958 0.000000
vn -0.394356 -0.918958 0.000000
vn -0.394356 -0.918958 0.000000
vn 0.004796 -0.159190 0.987236
vn 0.000002 -1.000000 0.000005
vn 0.000002 -1.000000 0.000005
vn 0.000004 -1.000000 0.000000
vn 0.000004 -1.000000 0.000000
vn 0.000003 -1.000000 0.000001
vn 0.000003 -1.000000 0.000001
vn 0.000002 -1.000000 0.000000
vn 0.000002 -1.000000 0.000000
vn -0.000000 -1.000000 0.000005
vn -0.000000 -1.000000 0.000005
vn -0.000000 -1.000000 0.000005
vn -0.000000 -1.000000 0.000005
vn -0.000000 -1.000000 0.000005
vn -0.000000 -1.000000 0.000005
vn -0.000000 -1.000000 0.000005
vn -0.000000 -1.000000 0.000005
vn -0.000001 -1.000000 0.000005
vn -0.000001 -1.000000 0.000005
vn -0.000001 -1.000000 0.000005
vn -0.000001 -1.000000 0.000005
vn 0.000001 -1.000000 0.000005
vn 0.000001 -1.000000 0.000005
vn 0.000001 -1.000000 0.000005
vn 0.000001 -1.000000 0.000005
vn -0.000000 -1.000000 0.000004
vn -0.000000 -1.000000 0.000004
vn -0.000000 -1.000000 0.000004
vn -0.000000 -1.000000 0.000004
vn 0.000000 -1.000000 0.000004
vn 0.000000 -1.000000 0.000004
vn 0.000000 -1.000000 0.000004
vn 0.000000 -1.000000 0.000004
vn -0.000005 -1.000000 0.000002
vn -0.000005 -1.000000 0.000002
vn -0.000009 -1.000000 0.000000
vn -0.000009 -1.000000 0.000000
vn 0.000002 -1.000000 -0.000005
vn 0.000002 -1.000000 -0.000005
vn 0.000002 -1.000000 -0.000000
vn 0.000002 -1.000000 -0.000000
vn 0.000002 -1.000000 0.000000
vn 0.000002 -1.000000 0.000000
vn 0.000002 -1.000000 0.000000
vn 0.000002 -1.000000 0.000000
vn -0.000008 -1.000000 0.000000
vn -0.000008 -1.000000 0.000000
vn -0.000007 -1.000000 0.000000
vn -0.000007 -1.000000 0.000000
vn -0.000000 -1.000000 0.000000
vn 0.000000 -1.000000 0.000000
vn 0.000000 -1.000000 0.000000
vn -0.000000 -1.000000 0.000000
vn 0.000000 -1.000000 0.000000
vn 0.000000 -1.000000 -0.000000
vn -0.000000 -1.000000 -0.000000
vn -0.000000 -1.000000 0.000000
vn -0.000000 -1.000000 0.000000
vn -0.000000 -1.000000 -0.000000
vn 0.000006 -1.000000 0.000000
vn 0.000006 -1.000000 0.000000
vn 0.000006 -1.000000 -0.000000
vn 0.000006 -1.000000 -0.000000
vn 0.000001 -1.000000 0.000000
vn 0.000001 -1.000000 0.000000
vn -0.000000 -1.000000 -0.000000
vn -0.000000 -1.000000 -0.000000
vn 0.000000 -1.000000 0.000000
vn 0.000000 -1.000000 0.000000
vn 0.000000 -1.000000 0.000000
vn 0.000000 -1.000000 0.000000
vn -0.000006 -1.000000 -0.000000
vn -0.000006 -1.000000 -0.000000
vn -0.000003 -1.000000 -0.000003
vn -0.000003 -1.000000 -0.000003
vn -0.000000 -1.000000 -0.000004
vn -0.000000 -1.000000 -0.000004
vn -0.000000 -1.000000 -0.000004
vn -0.000000 -1.000000 -0.000004
vn -0.000000 -1.000000 -0.000004
vn -0.000000 -1.000000 -0.000004
vn -0.000000 -1.000000 -0.000004
vn -0.000000 -1.000000 -0.000004
vn 0.000001 -1.000000 -0.000004
vn 0.000001 -1.000000 -0.000004
vn 0.000001 -1.000000 -0.000004
vn 0.000001 -1.000000 -0.000004
vn -0.000001 -1.000000 -0.000004
vn -0.000001 -1.000000 -0.000004
vn -0.000001 -1.000000 -0.000004
vn -0.000001 -1.000000 -0.000004
vn -0.000000 -1.000000 -0.000004
vn -0.000000 -1.000000 -0.000004
vn -0.000000 -1.000000 -0.000004
vn -0.000000 -1.000000 -0.000004
vn -0.000000 -1.000000 -0.000004
vn -0.000000 -1.000000 -0.000004
vn -0.000000 -1.000000 -0.000004
vn -0.000000 -1.000000 -0.000004
vn 0.000006 -1.000000 -0.000000
vn 0.000006 -1.000000 -0.000000
vn 0.000003 -1.000000 -0.000003
vn 0.000003 -1.000000 -0.000003
vn -0.000000 -1.000000 -0.000000
vn -0.000000 -1.000000 -0.000000
vn 0.000000 -1.000000 0.000000
vn 0.000000 -1.000000 0.000000
vn 0.000000 1.000000 0.000000
vn 0.000000 1.000000 -0.000000
vn 0.000000 1.000000 0.000000
vn 0.000000 1.000000 0.000000
vn 0.000000 1.000000 0.000000
vn 0.000000 1.000000 0.000000
vn 0.000000 1.000000 0.000000
vn 0.000000 1.000000 0.000000
vn 0.000000 1.000000 0.000000
vn 0.000000 1.000000 0.000000
vn 0.000000 1.000000 -0.000000
vn 0.000000 1.000000 0.000000
vn 0.000000 1.000000 0.000000
vn 0.000000 1.000000 0.000000
vn 0.000000 1.000000 0.000000
vn 0.000000 1.000000 0.000000
vn 0.000000 1.000000 0.000000
vn 0.000000 1.000000 0.000000
vn 0.000000 1.000000 -0.000000
vn 0.000000 1.000000 -0.000000
vn 0.000000 1.000000 -0.000000
vn -0.000000 1.000000 -0.000000
vn 0.000000 1.000000 0.000000
vn 0.000000 1.000000 0.000000
vn -0.000000 1.000000 0.000000
vn -0.000000 1.000000 -0.000000
vn -0.000000 1.000000 0.000000
vn -0.000000 1.000000 -0.000000
vn 0.000000 1.000000 0.000000
vn 0.000000 1.000000 -0.000000
vn -0.000256 0.798518 -0.601971
vn -0.000256 0.798518 -0.601971
vn -0.000104 0.789994 -0.613115
vn -0.000131 0.791524 -0.611138
vn -0.546871 0.837217 0.000212
vn -0.546871 0.837217 0.000212
vn -0.541389 0.840772 0.000081
vn -0.541112 0.840950 0.000074
vn -0.541101 0.840958 -0.000144
vn -0.540794 0.841155 -0.000130
vn 0.546977 0.837148 0.000355
vn 0.546977 0.837148 0.000355
vn 0.541155 0.840923 0.000124
vn 0.541437 0.840741 0.000135
vn 0.000185 0.798564 -0.601910
vn 0.000185 0.798564 -0.601910
vn 0.000108 0.791574 -0.611073
vn 0.000091 0.790039 -0.613056
vn 0.000017 0.782606 -0.622517
vn 0.000017 0.782566 -0.622568
vn 0.000016 0.779425 -0.626496
vn 0.000016 0.779425 -0.626496
vn 0.000015 0.782608 -0.622515
vn 0.000015 0.782567 -0.622566
vn -0.546815 0.837253 -0.000411
vn -0.546815 0.837253 -0.000411
vn 0.540737 0.841192 -0.000077
vn 0.541042 0.840996 -0.000086
vn 0.546698 0.837330 -0.000246
vn 0.546698 0.837330 -0.000246
vn -0.000375 0.798528 0.601957
vn -0.000375 0.798528 0.601957
vn -0.000300 0.791533 0.611126
vn -0.000283 0.789999 0.613108
vn 0.000067 0.798487 0.602012
vn 0.000067 0.798487 0.602012
vn -0.000089 0.789955 0.613165
vn -0.000061 0.791489 0.611183
vn -0.000210 0.782525 0.622620
vn -0.000210 0.782566 0.622568
vn -0.000213 0.779384 0.626547
vn -0.000213 0.779384 0.626547
vn -0.000212 0.782521 0.622624
vn -0.000212 0.782561 0.622574
vn 0.000000 1.000000 0.000000
vn 0.000000 1.000000 0.000000
vn 0.000000 1.000000 0.000000
vn 0.000000 1.000000 0.000000
vn 0.000000 1.000000 0.000000
vn 0.000000 1.000000 0.000000
vn 0.000000 1.000000 0.000000
vn 0.000000 1.000000 0.000000
vn 0.000000 1.000000 0.000000
vn 0.000000 1.000000 -0.000000
vn 0.000000 1.000000 0.000000
vn 0.000000 1.000000 0.000000
vn 0.000000 1.000000 0.000000
vn 0.000000 1.000000 0.000000
vn 0.000000 1.000000 0.000000
vn 0.000000 1.000000 0.000000
vn 0.000000 1.000000 0.000000
vn 0.000000 1.000000 -0.000000
vn 0.945867 -0.324554 0.000000
vn 0.945867 -0.324554 0.000000
vn 0.021442 0.998932 -0.040936
vn -0.000037 0.999486 -0.032068
vn 0.016332 0.999867 -0.000007
vn 0.000009 0.999473 -0.032475
vn 0.000001 0.999462 -0.032809
vn -0.000008 0.999473 -0.032456
vn 0.000025 0.999483 -0.032142
vn -0.021567 0.998924 -0.041069
vn -0.016373 0.999866 -0.000016
vn 0.016410 0.999865 0.000017
vn -0.016355 0.999866 0.000007
vn -0.000041 0.999296 0.037528
vn 0.021178 0.998639 0.047666
vn -0.000003 0.999282 0.037882
vn -0.000013 0.999267 0.038283
vn -0.000023 0.999282 0.037893
vn 0.000032 0.999301 0.037388
vn -0.021097 0.998653 0.047406
vn 0.000024 0.214618 -0.976698
vn 0.000024 0.214619 -0.976698
vn 0.000009 0.220480 -0.975391
vn 0.000011 0.217474 -0.976066
vn 0.908309 0.418300 0.000000
vn 0.908309 0.418300 -0.000000
vn 0.907107 0.420901 -0.000009
vn 0.906411 0.422398 -0.000005
vn 0.000025 0.214619 -0.976698
vn 0.000023 0.220774 -0.975325
vn 0.000025 0.214619 -0.976698
vn 0.000025 0.220536 -0.975379
vn 0.000025 0.214619 -0.976698
vn 0.000026 0.220774 -0.975325
vn 0.000025 0.214619 -0.976698
vn 0.000037 0.220506 -0.975386
vn 0.000025 0.214619 -0.976698
vn 0.000035 0.217491 -0.976062
vn -0.908309 0.418300 0.000000
vn -0.908309 0.418300 -0.000000
vn -0.906404 0.422413 -0.000008
vn -0.907101 0.420913 -0.000013
vn 0.908309 0.418300 0.000000
vn 0.906429 0.422359 0.000008
vn -0.908309 0.418300 -0.000000
vn -0.906434 0.422347 0.000005
vn -0.000331 0.214484 0.976727
vn -0.000331 0.214484 0.976727
vn -0.000341 0.217356 0.976092
vn -0.000343 0.220372 0.975416
vn 0.908309 0.418300 -0.000000
vn 0.907106 0.420903 0.000015
vn -0.000331 0.214484 0.976727
vn -0.000332 0.220641 0.975355
vn -0.000333 0.214484 0.976727
vn -0.000333 0.220402 0.975409
vn -0.000331 0.214484 0.976727
vn -0.000329 0.220640 0.975355
vn -0.000331 0.214484 0.976727
vn -0.000315 0.220347 0.975422
vn -0.908309 0.418300 0.000000
vn -0.907111 0.420893 0.000011
vn -0.000331 0.214484 0.976727
vn -0.000318 0.217340 0.976096
vn 0.101445 0.973848 -0.203298
vn -0.000426 0.948501 -0.316774
vn -0.001538 0.539417 -0.842038
vn -0.000670 0.534456 -0.845196
vn 0.000093 0.944397 -0.328809
vn -0.000048 0.530238 -0.847849
vn 0.758500 0.651673 -0.000850
vn 0.755119 0.655588 -0.000289
vn 0.282336 0.959316 -0.000121
vn 0.000008 0.943258 -0.332061
vn 0.000021 0.527007 -0.849861
vn -0.000076 0.944396 -0.328810
vn 0.000091 0.530239 -0.847848
vn 0.000290 0.948560 -0.316599
vn 0.000590 0.534532 -0.845148
vn -0.101668 0.973854 -0.203155
vn 0.001279 0.539567 -0.841942
vn -0.282293 0.959328 -0.000284
vn -0.758451 0.651729 -0.001275
vn -0.755117 0.655589 -0.000436
vn -0.282060 0.959397 0.000132
vn -0.754892 0.655849 0.000299
vn 0.754874 0.655869 0.000450
vn 0.281987 0.959418 0.000304
vn -0.090806 0.972539 0.214294
vn -0.758349 0.651848 0.000996
vn -0.000390 0.948554 0.316614
vn 0.090710 0.972540 0.214329
vn -0.000855 0.534446 0.845202
vn -0.001543 0.539485 0.841994
vn 0.758290 0.651916 0.001495
vn -0.000358 0.530151 0.847903
vn -0.000027 0.944387 0.328836
vn -0.000290 0.526920 0.849915
vn -0.000113 0.943247 0.332093
vn -0.000217 0.530154 0.847902
vn -0.000196 0.944383 0.328847
vn 0.000405 0.534377 0.845246
vn 0.000327 0.948489 0.316809
vn 0.001273 0.539344 0.842085
vn -0.707107 -0.707107 0.000000
vn -0.707107 -0.707107 0.000000
vn -0.707106 -0.707107 0.000000
vn -0.707106 -0.707107 0.000000
vn -0.707107 -0.707107 0.000000
vn -0.707107 -0.707107 0.000000
vn -0.707106 -0.707108 0.000000
vn -0.707106 -0.707108 0.000000
vn 0.707108 -0.707105 -0.000000
vn 0.707108 -0.707105 -0.000000
vn 0.707103 -0.707111 -0.000000
vn 0.707103 -0.707111 -0.000000
vn 0.707109 -0.707104 0.000000
vn 0.707109 -0.707104 0.000000
vn 0.707105 -0.707108 0.000000
vn 0.707106 -0.707108 0.000000
vn -0.000046 -0.707107 0.707106
vn -0.000046 -0.707107 0.707106
vn -0.000047 -0.707106 0.707108
vn -0.000047 -0.707106 0.707108
vn -0.000047 -0.707104 0.707109
vn -0.000047 -0.707104 0.707109
vn -0.000049 -0.707107 0.707106
vn -0.000049 -0.707107 0.707106
vn -0.000047 -0.707107 0.707106
vn -0.000047 -0.707107 0.707106
vn -0.000046 -0.707109 0.707104
vn -0.000046 -0.707109 0.707104
vn -0.000047 -0.707111 0.707102
vn -0.000047 -0.707111 0.707102
vn -0.000056 -0.707105 -0.707108
vn -0.000056 -0.707105 -0.707108
vn -0.000056 -0.707104 -0.707109
vn -0.000056 -0.707104 -0.707109
vn -0.000056 -0.707104 -0.707109
vn -0.000056 -0.707104 -0.707109
vn -0.000055 -0.707107 -0.707106
vn -0.000055 -0.707107 -0.707106
vn -0.000056 -0.707104 -0.707109
vn -0.000056 -0.707104 -0.707109
vn -0.000056 -0.707105 -0.707109
vn -0.000056 -0.707105 -0.707109
vn -0.000056 -0.707106 -0.707108
vn -0.000056 -0.707106 -0.707108
vn 0.000000 -1.000000 0.000000
vn 0.000000 -1.000000 0.000000
vn -0.000000 -1.000000 0.000000
vn -0.000000 -1.000000 -0.000000
vn -0.000000 -1.000000 -0.000000
vn -0.000000 -1.000000 -0.000000
vn -0.000000 -1.000000 -0.000000
vn 0.000000 -1.000000 -0.000000
vn 0.000000 -1.000000 0.000000
vn -0.000000 -1.000000 0.000000
vn 0.000000 -1.000000 0.000000
vn -0.000000 -1.000000 0.000000
vn -0.000000 -1.000000 0.000000
vn -0.000000 -1.000000 0.000000
vn 0.000000 -1.000000 0.000000
vn 0.000000 -1.000000 0.000000
vn 0.000000 -1.000000 0.000000
vn 0.000000 -1.000000 0.000000
vn -1.000000 0.000000 0.000000
vn -1.000000 0.000000 0.000000
vn -1.000000 0.000000 0.000000
vn -1.000000 0.000000 0.000000
vn 1.000000 0.000000 0.000000
vn 1.000000 0.000000 0.000000
vn 1.000000 0.000000 0.000000
vn 1.000000 0.000000 0.000000
vn 1.000000 0.000000 0.000000
vn 1.000000 0.000000 0.000000
vn -0.000065 0.000000 1.000000
vn -0.000066 0.000000 1.000000
vn -0.000066 0.000000 1.000000
vn -0.000065 0.000000 1.000000
vn -0.000066 0.000000 1.000000
vn -0.000066 0.000000 1.000000
vn -0.000069 0.000000 1.000000
vn -0.000069 0.000000 1.000000
vn -0.000066 0.000000 1.000000
vn -0.000066 0.000000 1.000000
vn -0.000066 0.000000 1.000000
vn -0.000066 0.000000 1.000000
vn -0.000066 0.000000 1.000000
vn -0.000066 0.000000 1.000000
vn -1.000000 0.000000 0.000000
vn -1.000000 0.000000 0.000000
vn -0.000079 0.000000 -1.000000
vn -0.000078 0.000000 -1.000000
vn -0.000078 0.000000 -1.000000
vn -0.000079 0.000000 -1.000000
vn 1.000000 0.000000 0.000000
vn 1.000000 0.000000 0.000000
vn -0.000079 0.000000 -1.000000
vn -0.000079 0.000000 -1.000000
vn -0.000078 0.000000 -1.000000
vn -0.000078 0.000000 -1.000000
vn -0.000079 0.000000 -1.000000
vn -0.000079 0.000000 -1.000000
vn -0.000079 0.000000 -1.000000
vn -0.000079 0.000000 -1.000000
vn -1.000000 0.000000 0.000000
vn -1.000000 0.000000 0.000000
vn -0.000079 0.000000 -1.000000
vn -0.000079 0.000000 -1.000000
vn -0.002266 -0.595714 0.803193
vn -0.002290 -0.595732 0.803180
vn -0.000000 -0.593888 0.804548
vn 0.000002 -0.593893 0.804544
vn -0.011838 -0.194978 0.980736
vn 0.002290 -0.595732 0.803180
vn 0.002265 -0.595715 0.803193
vn -0.000002 -0.593893 0.804544
vn -0.923817 -0.382768 -0.007128
vn -0.923817 -0.382768 -0.007128
vn -0.382732 -0.923700 -0.017187
vn -0.382732 -0.923700 -0.017187
vn 0.382730 -0.923700 -0.017185
vn 0.382730 -0.923700 -0.017185
vn 0.923826 -0.382747 -0.007126
vn 0.997611 -0.069069 -0.001286
vn 0.923826 -0.382747 -0.007126
vn -0.520616 -0.010453 0.853727
vn -0.712829 -0.329199 0.619277
vn -0.312525 -0.784262 0.535968
vn -0.000401 -0.594210 0.804310
vn 0.000401 -0.594209 0.804310
vn 0.312525 -0.784285 0.535934
vn 0.712858 -0.329190 0.619247
vn 0.420545 -0.046470 0.906081
vn -0.009312 -0.160705 0.986959
vn 0.015402 -0.177443 0.984011
vn 0.016084 -0.158265 0.987266
vn -0.015396 -0.177431 0.984013
vn -0.016083 -0.158265 0.987266
vn 0.009313 -0.160704 0.986959
vn -0.000000 -0.159407 0.987213
vn -0.000000 -0.593887 0.804548
vn -0.518016 -0.007033 0.855342
vn -0.018110 -0.181772 0.983174
vn 0.010956 -0.159696 0.987105
vn 0.000000 -0.159362 0.987220
vn -0.010960 -0.159695 0.987106
vn 0.018064 -0.181834 0.983163
vn 0.093765 -0.221229 0.970704
vn 0.093998 -0.221319 0.970661
s 1
g Treasure_Chest:pCylinder4
usemtl set4
f 2/980/1 1/992/2 23/3/3
f 3/981/4 2/980/1 23/3/3
f 4/982/5 3/981/4 23/3/3
f 5/6/6 4/982/5 23/3/3
f 7/983/7 6/1018/8 23/3/3
f 8/984/9 7/983/7 23/3/3
f 9/985/10 8/984/9 23/3/3
f 10/11/11 9/985/10 23/3/3
f 11/12/12 10/11/11 23/3/3
f 1/992/2 11/12/12 23/3/3
s 3
f 12/13/13 13/986/14 24/15/15
f 13/986/14 14/987/16 24/15/15
f 14/987/16 15/988/17 24/15/15
f 15/988/17 16/1024/18 24/15/15
f 17/19/19 18/989/20 24/15/15
f 18/989/20 19/990/21 24/15/15
f 19/990/21 20/991/22 24/15/15
f 20/991/22 21/1010/23 24/15/15
f 21/1010/23 22/24/24 24/15/15
f 22/24/24 12/13/13 24/15/15
s 5
f 113/25/25 114/26/26 115/970/27 116/969/28
f 114/26/26 113/25/25 117/29/29 118/30/30
f 118/30/30 117/29/29 119/31/31 120/32/32
f 120/32/32 119/31/31 121/33/33 122/34/34
f 122/34/34 121/33/33 123/35/35 124/36/36
f 126/37/37 125/38/38 127/39/39 128/40/40
f 128/40/40 127/39/39 129/41/41 130/42/42
f 130/42/42 129/41/41 131/43/43 132/44/44
f 132/44/44 131/43/43 133/45/45 134/46/46
f 134/46/46 133/45/45 116/28/28 115/27/27
s 7
f 135/47/47 136/48/48 137/973/49 138/972/50
f 136/48/48 135/47/47 139/51/51 140/52/52
f 140/52/52 139/51/51 141/53/53 142/54/54
f 142/54/54 141/53/53 143/55/55 144/56/56
f 144/56/56 143/55/55 145/57/57 146/58/58
f 148/59/59 147/60/60 149/61/61 150/62/62
f 150/62/62 149/61/61 151/63/63 152/64/64
f 152/64/64 151/63/63 153/65/65 154/66/66
f 154/66/66 153/65/65 155/67/67 156/68/68
f 156/68/68 155/67/67 138/50/50 137/49/49
s 9
f 157/69/69 158/70/70 159/946/71 160/945/72
f 158/70/70 157/69/69 161/73/73 162/74/74
f 162/74/74 161/73/73 163/75/75 164/76/76
f 164/76/76 163/75/75 165/77/77 166/78/78
f 166/78/78 165/77/77 167/79/79 168/80/80
f 170/81/81 169/82/82 171/83/83 172/84/84
f 172/84/84 171/83/83 173/85/85 174/86/86
f 174/86/86 173/85/85 175/87/87 176/88/88
f 176/88/88 175/87/87 177/89/89 178/90/90
f 178/90/90 177/89/89 160/72/72 159/71/71
s 11
f 179/91/91 180/92/92 181/949/93 182/948/94
f 180/92/92 179/91/91 183/95/95 184/96/96
f 184/96/96 183/95/95 185/97/97 186/98/98
f 186/98/98 185/97/97 187/99/99 188/100/100
f 188/100/100 187/99/99 189/101/101 190/102/102
f 192/103/103 191/104/104 193/105/105 194/106/106
f 194/106/106 193/105/105 195/107/107 196/108/108
f 196/108/108 195/107/107 197/109/109 198/110/110
f 198/110/110 197/109/109 199/111/111 200/112/112
f 200/112/112 199/111/111 182/94/94 181/93/93
s 13
f 1/2/113 2/1/114 27/113/115 25/114/116
f 2/1/114 3/4/117 29/115/118 27/113/115
f 3/4/117 4/5/119 31/116/120 29/115/118
f 4/5/119 5/1016/121 33/117/122 31/116/120
s 14
f 6/8/123 7/7/124 37/118/125 35/119/126
f 7/7/124 8/9/127 39/120/128 37/118/125
f 8/9/127 9/10/129 41/121/130 39/120/128
f 9/10/129 10/1006/131 43/122/132 41/121/130
s off
f 201/123/133 202/124/134 203/1002/135 204/126/136
f 202/996/137 205/127/138 206/128/139 203/125/140
s 15
f 26/129/141 28/130/142 49/131/143 47/132/144
f 28/130/142 30/133/145 51/134/146 49/131/143
f 30/133/145 32/135/147 53/136/148 51/134/146
f 32/135/147 34/137/149 55/138/150 53/136/148
f 36/139/151 38/140/152 59/141/153 57/142/154
f 38/140/152 40/143/155 61/144/156 59/141/153
f 40/143/155 42/145/157 63/146/158 61/144/156
f 42/145/157 44/147/159 65/148/160 63/146/158
f 44/147/159 46/149/161 67/971/162 65/148/160
f 46/968/161 26/129/141 47/132/144 67/150/162
s 17
f 48/151/163 50/152/164 71/1069/165 69/1058/166
f 50/152/164 52/155/167 73/1068/168 71/1069/165
f 52/155/167 54/157/169 75/1067/170 73/1068/168
f 54/157/169 56/1053/171 77/1066/172 75/1067/170
s 18
f 58/160/173 60/161/174 81/162/175 79/163/176
f 60/161/174 62/164/177 83/165/178 81/162/175
f 62/164/177 64/166/179 85/167/180 83/165/178
f 64/166/179 66/168/181 87/169/182 85/167/180
s off
f 208/1063/183 207/1001/184 209/1005/185 210/1064/186
f 207/1000/187 211/174/188 212/1062/189 209/1065/190
s 19
f 70/176/191 72/177/192 93/178/193 91/179/194
f 72/177/192 74/180/195 95/181/196 93/178/193
f 74/180/195 76/182/197 97/183/198 95/181/196
f 76/182/197 78/184/199 99/185/200 97/183/198
f 80/186/201 82/187/202 103/188/203 101/189/204
f 82/187/202 84/190/205 105/191/206 103/188/203
f 84/190/205 86/192/207 107/193/208 105/191/206
f 86/192/207 88/194/209 109/195/210 107/193/208
f 88/194/209 90/196/211 111/947/212 109/195/210
f 90/944/211 70/176/191 91/179/194 111/197/212
s 21
f 92/198/213 94/199/214 13/14/215 12/994/216
f 94/199/214 96/200/217 14/16/218 13/14/215
f 96/200/217 98/201/219 15/17/220 14/16/218
f 98/201/219 100/202/221 16/18/222 15/17/220
s 22
f 102/203/223 104/204/224 18/20/225 17/1026/226
f 104/204/224 106/205/227 19/21/228 18/20/225
f 106/205/227 108/206/229 20/22/230 19/21/228
f 108/206/229 110/207/231 21/23/232 20/22/230
s off
f 214/208/233 213/209/234 215/998/235 216/211/236
f 213/1003/237 217/212/238 218/213/239 215/210/240
f 26/129/241 46/968/242 115/970/243 114/26/244
f 45/974/245 25/114/246 113/25/247 116/969/248
f 25/114/249 27/113/250 117/29/251 113/25/252
f 28/130/253 26/129/254 114/26/255 118/30/256
f 27/113/257 29/115/258 119/31/259 117/29/260
f 30/133/261 28/130/262 118/30/263 120/32/264
f 29/115/265 31/116/266 121/33/267 119/31/268
f 32/135/269 30/133/270 120/32/271 122/34/272
s 23
f 31/116/273 33/117/274 123/35/275 121/33/276
s 24
f 34/137/277 32/135/278 122/34/279 124/36/280
s 25
f 35/119/281 37/118/282 127/39/283 125/38/284
s 26
f 38/140/285 36/139/286 126/37/287 128/40/288
s off
f 37/118/289 39/120/290 129/41/291 127/39/292
f 40/143/293 38/140/294 128/40/295 130/42/296
f 39/120/297 41/121/298 131/43/299 129/41/300
f 42/145/301 40/143/302 130/42/303 132/44/304
f 41/121/305 43/122/306 133/45/307 131/43/308
f 44/147/309 42/145/310 132/44/311 134/46/312
f 43/122/313 45/214/314 116/28/315 133/45/316
f 46/149/317 44/147/318 134/46/319 115/27/320
f 48/151/321 68/215/322 137/973/323 136/48/324
f 67/150/325 47/132/326 135/47/327 138/972/328
f 47/132/329 49/131/330 139/51/331 135/47/332
f 50/152/333 48/151/334 136/48/335 140/52/336
f 49/131/337 51/134/338 141/53/339 139/51/340
f 52/155/341 50/152/342 140/52/343 142/54/344
f 51/134/345 53/136/346 143/55/347 141/53/348
f 54/157/349 52/155/350 142/54/351 144/56/352
s 27
f 53/136/353 55/138/354 145/57/355 143/55/356
s 28
f 56/1053/357 54/157/358 144/56/359 146/58/360
s 29
f 57/142/361 59/141/362 149/61/363 147/60/364
s 30
f 60/161/365 58/160/366 148/59/367 150/62/368
s off
f 59/141/369 61/144/370 151/63/371 149/61/372
f 62/164/373 60/161/374 150/62/375 152/64/376
f 61/144/377 63/146/378 153/65/379 151/63/380
f 64/166/381 62/164/382 152/64/383 154/66/384
f 63/146/385 65/148/386 155/67/387 153/65/388
f 66/168/389 64/166/390 154/66/391 156/68/392
f 65/148/393 67/971/394 138/50/395 155/67/396
f 68/976/397 66/168/398 156/68/399 137/49/400
f 70/176/401 90/944/402 159/946/403 158/70/404
f 89/950/405 69/154/406 157/69/407 160/945/408
f 69/154/409 71/153/410 161/73/411 157/69/412
f 72/177/413 70/176/414 158/70/415 162/74/416
f 71/153/417 73/156/418 163/75/419 161/73/420
f 74/180/421 72/177/422 162/74/423 164/76/424
f 73/156/425 75/158/426 165/77/427 163/75/428
f 76/182/429 74/180/430 164/76/431 166/78/432
s 31
f 75/158/433 77/159/434 167/79/435 165/77/436
s 32
f 78/184/437 76/182/438 166/78/439 168/80/440
s 33
f 79/163/441 81/162/442 171/83/443 169/82/444
s 34
f 82/187/445 80/186/446 170/81/447 172/84/448
s off
f 81/162/449 83/165/450 173/85/451 171/83/452
f 84/190/453 82/187/454 172/84/455 174/86/456
f 83/165/457 85/167/458 175/87/459 173/85/460
f 86/192/461 84/190/462 174/86/463 176/88/464
f 85/167/465 87/169/466 177/89/467 175/87/468
f 88/194/469 86/192/470 176/88/471 178/90/472
f 87/169/473 89/216/474 160/72/475 177/89/476
f 90/196/477 88/194/478 178/90/479 159/71/480
f 92/198/481 112/217/482 181/949/483 180/92/484
f 111/197/485 91/179/486 179/91/487 182/948/488
f 91/179/489 93/178/490 183/95/491 179/91/492
f 94/199/493 92/198/494 180/92/495 184/96/496
f 93/178/497 95/181/498 185/97/499 183/95/500
f 96/200/501 94/199/502 184/96/503 186/98/504
f 95/181/505 97/183/506 187/99/507 185/97/508
f 98/201/509 96/200/510 186/98/511 188/100/512
s 35
f 97/183/513 99/185/514 189/101/515 187/99/516
s 36
f 100/202/517 98/201/518 188/100/519 190/102/520
s 37
f 101/189/521 103/188/522 193/105/523 191/104/524
s 38
f 104/204/525 102/203/526 192/103/527 194/106/528
s off
f 103/188/529 105/191/530 195/107/531 193/105/532
f 106/205/533 104/204/534 194/106/535 196/108/536
f 105/191/537 107/193/538 197/109/539 195/107/540
f 108/206/541 106/205/542 196/108/543 198/110/544
f 107/193/545 109/195/546 199/111/547 197/109/548
f 110/207/549 108/206/550 198/110/551 200/112/552
f 109/195/553 111/947/554 182/94/555 199/111/556
f 112/952/557 110/207/558 200/112/559 181/93/560
f 219/1008/561 220/219/562 221/220/563 222/997/564
f 220/219/565 223/222/566 224/223/567 221/220/568
f 223/222/569 225/975/570 226/979/571 224/223/572
f 228/977/573 227/1061/574 229/227/575 230/978/576
f 227/1061/577 231/1060/578 232/1059/579 229/227/580
f 231/229/581 233/951/582 234/955/583 232/230/584
f 236/953/585 235/234/586 237/235/587 238/954/588
f 235/234/589 239/995/590 240/238/591 237/235/592
f 239/995/593 241/1012/594 242/999/595 240/238/596
f 222/997/597 221/220/598 205/127/599 202/996/600
f 221/220/601 224/223/602 206/128/603 205/127/604
f 229/227/605 232/1059/606 212/1062/607 211/174/608
f 237/235/609 240/238/610 218/213/611 217/212/612
f 240/238/613 242/999/614 215/210/615 218/213/616
f 224/223/617 226/979/618 230/978/619 229/227/620
f 206/128/621 224/223/622 229/227/623 211/174/624
f 203/125/625 206/128/626 211/174/627 207/1000/628
f 232/230/629 234/955/630 238/954/631 237/235/632
f 212/175/633 232/230/634 237/235/635 217/212/636
f 209/172/637 212/175/638 217/212/639 213/1003/640
f 243/241/641 219/218/642 222/221/643 244/242/644
f 225/224/645 245/243/646 246/244/647 226/225/648
f 245/243/649 243/241/650 244/242/651 246/244/652
f 247/245/653 228/226/654 230/228/655 248/246/656
f 233/231/657 249/247/658 250/248/659 234/232/660
f 249/247/661 247/245/662 248/246/663 250/248/664
f 251/249/665 236/233/666 238/236/667 252/250/668
f 241/1011/669 253/251/670 254/252/671 242/240/672
f 253/251/673 251/249/674 252/250/675 254/252/676
f 244/242/677 222/221/678 202/124/679 201/123/680
f 246/244/681 244/242/682 201/123/683 204/126/684
f 250/248/685 248/246/686 208/170/687 210/173/688
f 242/240/689 254/252/690 216/211/691 215/998/692
f 254/252/693 252/250/694 214/208/695 216/211/696
f 234/232/697 250/248/698 252/250/699 238/236/700
f 210/173/701 209/1004/702 213/209/703 214/208/704
f 250/248/705 210/173/706 214/208/707 252/250/708
f 204/126/709 203/1002/710 207/171/711 208/170/712
f 226/225/713 246/244/714 248/246/715 230/228/716
f 246/244/717 204/126/718 208/170/719 248/246/720
f 11/12/721 1/992/722 220/993/723 219/1007/724
f 1/2/725 25/114/726 223/222/727 220/219/728
f 25/114/729 45/974/730 225/975/731 223/222/732
f 68/215/733 48/151/734 227/1061/735 228/977/736
f 48/151/737 69/1058/738 231/1060/739 227/1061/740
f 69/154/741 89/950/742 233/951/743 231/229/744
f 112/217/745 92/198/746 235/234/747 236/953/748
f 92/198/749 12/994/750 239/995/751 235/234/752
f 12/13/753 22/24/754 241/239/755 239/237/756
f 10/11/757 11/12/758 219/1007/759 243/1009/760
f 45/214/761 43/122/762 245/243/763 225/224/764
f 43/122/765 10/1006/766 243/241/767 245/243/768
f 66/168/769 68/976/770 228/226/771 247/245/772
f 89/216/773 87/169/774 249/247/775 233/231/776
f 87/169/777 66/168/778 247/245/779 249/247/780
f 110/207/781 112/952/782 236/233/783 251/249/784
f 22/24/785 21/1010/786 253/1013/787 241/239/788
f 21/23/789 110/207/790 251/249/791 253/251/792
s 1
f 256/1014/793 23/3/3 255/254/794
f 257/1015/795 23/3/3 256/1014/793
f 258/1017/796 23/3/3 257/1015/795
f 5/6/6 23/3/3 258/1017/796
f 259/1019/797 23/3/3 6/1018/8
f 260/1020/798 23/3/3 259/1019/797
f 261/1021/799 23/3/3 260/1020/798
f 262/1047/800 23/3/3 261/1021/799
f 263/261/801 23/3/3 262/1047/800
f 255/254/794 23/3/3 263/261/801
s 3
f 264/1045/802 24/15/15 265/1022/803
f 265/1022/803 24/15/15 266/1023/804
f 266/1023/804 24/15/15 267/1025/805
f 267/1025/805 24/15/15 16/1024/18
f 17/19/19 24/15/15 268/1027/806
f 268/1027/806 24/15/15 269/1028/807
f 269/1028/807 24/15/15 270/1029/808
f 270/1029/808 24/15/15 271/269/809
f 271/269/809 24/15/15 272/270/810
f 272/270/810 24/15/15 264/1045/802
s 5
f 345/271/811 348/272/812 347/956/813 346/274/814
f 346/274/814 350/275/815 349/276/816 345/271/811
f 350/275/815 352/277/817 351/278/818 349/276/816
f 352/277/817 354/279/819 353/280/820 351/278/818
f 354/279/819 124/36/36 123/35/35 353/280/820
f 126/37/37 356/281/821 355/282/822 125/38/38
f 356/281/821 358/283/823 357/284/824 355/282/822
f 358/283/823 360/285/825 359/286/826 357/284/824
f 360/285/825 362/287/827 361/288/828 359/286/826
f 362/287/827 347/273/813 348/958/812 361/288/828
s 7
f 363/289/829 366/290/830 365/959/831 364/292/832
f 364/292/832 368/293/833 367/294/834 363/289/829
f 368/293/833 370/295/835 369/296/836 367/294/834
f 370/295/835 372/297/837 371/298/838 369/296/836
f 372/297/837 146/58/58 145/57/57 371/298/838
f 148/59/59 374/299/839 373/300/840 147/60/60
f 374/299/839 376/301/841 375/302/842 373/300/840
f 376/301/841 378/303/843 377/304/844 375/302/842
f 378/303/843 380/305/845 379/306/846 377/304/844
f 380/305/845 365/291/831 366/960/830 379/306/846
s 9
f 381/307/847 384/308/848 383/932/849 382/310/850
f 382/310/850 386/311/851 385/312/852 381/307/847
f 386/311/851 388/313/853 387/314/854 385/312/852
f 388/313/853 390/315/855 389/316/856 387/314/854
f 390/315/855 168/80/80 167/79/79 389/316/856
f 170/81/81 392/317/857 391/318/858 169/82/82
f 392/317/857 394/319/859 393/320/860 391/318/858
f 394/319/859 396/321/861 395/322/862 393/320/860
f 396/321/861 398/323/863 397/324/864 395/322/862
f 398/323/863 383/309/849 384/934/848 397/324/864
s 11
f 399/325/865 402/326/866 401/935/867 400/328/868
f 400/328/868 404/329/869 403/330/870 399/325/865
f 404/329/869 406/331/871 405/332/872 403/330/870
f 406/331/871 408/333/873 407/334/874 405/332/872
f 408/333/873 190/102/102 189/101/101 407/334/874
f 192/103/103 410/335/875 409/336/876 191/104/104
f 410/335/875 412/337/877 411/338/878 409/336/876
f 412/337/877 414/339/879 413/340/880 411/338/878
f 414/339/879 416/341/881 415/342/882 413/340/880
f 416/341/881 401/327/867 402/936/866 415/342/882
s 13
f 255/1043/883 273/343/884 275/344/885 256/253/886
f 256/253/886 275/344/885 277/345/887 257/255/888
f 257/255/888 277/345/887 279/346/889 258/256/890
f 258/256/890 279/346/889 33/117/122 5/1016/121
s 14
f 6/8/123 35/119/126 281/347/891 259/257/892
f 259/257/892 281/347/891 283/348/893 260/258/894
f 260/258/894 283/348/893 285/349/895 261/259/896
f 261/259/896 285/349/895 287/350/897 262/260/898
s off
f 417/351/899 420/352/900 419/353/901 418/1030/902
f 418/354/903 419/1035/904 422/355/905 421/356/906
s 15
f 274/357/907 291/358/908 293/359/909 276/360/910
f 276/360/910 293/359/909 295/361/911 278/362/912
f 278/362/912 295/361/911 297/363/913 280/364/914
f 280/364/914 297/363/913 55/138/150 34/137/149
f 36/139/151 57/142/154 299/365/915 282/366/916
f 282/366/916 299/365/915 301/367/917 284/368/918
f 284/368/918 301/367/917 303/369/919 286/370/920
f 286/370/920 303/369/919 305/371/921 288/372/922
f 288/372/922 305/371/921 307/373/923 290/957/924
f 290/374/924 307/961/923 291/358/908 274/357/907
s 17
f 292/1050/925 309/1057/926 311/1056/927 294/377/928
f 294/377/928 311/1056/927 313/1055/929 296/379/930
f 296/379/930 313/1055/929 315/1054/931 298/381/932
f 298/381/932 315/1054/931 77/1066/172 56/1053/171
s 18
f 58/160/173 79/163/176 317/382/933 300/383/934
f 300/383/934 317/382/933 319/384/935 302/385/936
f 302/385/936 319/384/935 321/386/937 304/387/938
f 304/387/938 321/386/937 323/388/939 306/389/940
s off
f 424/390/941 426/391/942 425/392/943 423/1034/944
f 423/393/945 425/1037/946 428/394/947 427/395/948
s 19
f 310/396/949 327/397/950 329/398/951 312/399/952
f 312/399/952 329/398/951 331/400/953 314/401/954
f 314/401/954 331/400/953 333/402/955 316/403/956
f 316/403/956 333/402/955 99/185/200 78/184/199
f 80/186/201 101/189/204 335/404/957 318/405/958
f 318/405/958 335/404/957 337/406/959 320/407/960
f 320/407/960 337/406/959 339/408/961 322/409/962
f 322/409/962 339/408/961 341/410/963 324/411/964
f 324/411/964 341/410/963 343/412/965 326/933/966
f 326/413/966 343/937/965 327/397/950 310/396/949
s 21
f 328/414/967 264/262/968 265/263/969 330/415/970
f 330/415/970 265/263/969 266/264/971 332/416/972
f 332/416/972 266/264/971 267/265/973 334/417/974
f 334/417/974 267/265/973 16/18/222 100/202/221
s 22
f 102/203/223 17/1026/226 268/266/975 336/418/976
f 336/418/976 268/266/975 269/267/977 338/419/978
f 338/419/978 269/267/977 270/268/979 340/420/980
f 340/420/980 270/268/979 271/1049/981 342/421/982
s off
f 430/422/983 432/423/984 431/424/985 429/1036/986
f 429/425/987 431/1032/988 434/426/989 433/427/990
f 274/357/991 346/274/992 347/956/993 290/374/994
f 289/428/995 348/272/996 345/271/997 273/343/998
f 273/343/999 345/271/1000 349/276/1001 275/344/1002
f 276/360/1003 350/275/1004 346/274/1005 274/357/1006
f 275/344/1007 349/276/1008 351/278/1009 277/345/1010
f 278/362/1011 352/277/1012 350/275/1013 276/360/1014
f 277/345/1015 351/278/1016 353/280/1017 279/346/1018
f 280/364/1019 354/279/1020 352/277/1021 278/362/1022
s 23
f 279/346/1023 353/280/1024 123/35/275 33/117/274
s 24
f 34/137/277 124/36/280 354/279/1025 280/364/1026
s 25
f 35/119/281 125/38/284 355/282/1027 281/347/1028
s 26
f 282/366/1029 356/281/1030 126/37/287 36/139/286
s off
f 281/347/1031 355/282/1032 357/284/1033 283/348/1034
f 284/368/1035 358/283/1036 356/281/1037 282/366/1038
f 283/348/1039 357/284/1040 359/286/1041 285/349/1042
f 286/370/1043 360/285/1044 358/283/1045 284/368/1046
f 285/349/1047 359/286/1048 361/288/1049 287/350/1050
f 288/372/1051 362/287/1052 360/285/1053 286/370/1054
f 287/350/1055 361/288/1056 348/958/1057 289/965/1058
f 290/957/1059 347/273/1060 362/287/1061 288/372/1062
f 292/1050/1063 364/292/1064 365/959/1065 308/967/1066
f 307/961/1067 366/290/1068 363/289/1069 291/358/1070
f 291/358/1071 363/289/1072 367/294/1073 293/359/1074
f 294/377/1075 368/293/1076 364/292/1077 292/1050/1078
f 293/359/1079 367/294/1080 369/296/1081 295/361/1082
f 296/379/1083 370/295/1084 368/293/1085 294/377/1086
f 295/361/1087 369/296/1088 371/298/1089 297/363/1090
f 298/381/1091 372/297/1092 370/295/1093 296/379/1094
s 27
f 297/363/1095 371/298/1096 145/57/355 55/138/354
s 28
f 56/1053/357 146/58/360 372/297/1097 298/381/1098
s 29
f 57/142/361 147/60/364 373/300/1099 299/365/1100
s 30
f 300/383/1101 374/299/1102 148/59/367 58/160/366
s off
f 299/365/1103 373/300/1104 375/302/1105 301/367/1106
f 302/385/1107 376/301/1108 374/299/1109 300/383/1110
f 301/367/1111 375/302/1112 377/304/1113 303/369/1114
f 304/387/1115 378/303/1116 376/301/1117 302/385/1118
f 303/369/1119 377/304/1120 379/306/1121 305/371/1122
f 306/389/1123 380/305/1124 378/303/1125 304/387/1126
f 305/371/1127 379/306/1128 366/960/1129 307/373/1130
f 308/429/1131 365/291/1132 380/305/1133 306/389/1134
f 310/396/1135 382/310/1136 383/932/1137 326/413/1138
f 325/430/1139 384/308/1140 381/307/1141 309/375/1142
f 309/375/1143 381/307/1144 385/312/1145 311/376/1146
f 312/399/1147 386/311/1148 382/310/1149 310/396/1150
f 311/376/1151 385/312/1152 387/314/1153 313/378/1154
f 314/401/1155 388/313/1156 386/311/1157 312/399/1158
f 313/378/1159 387/314/1160 389/316/1161 315/380/1162
f 316/403/1163 390/315/1164 388/313/1165 314/401/1166
s 31
f 315/380/1167 389/316/1168 167/79/435 77/159/434
s 32
f 78/184/437 168/80/440 390/315/1169 316/403/1170
s 33
f 79/163/441 169/82/444 391/318/1171 317/382/1172
s 34
f 318/405/1173 392/317/1174 170/81/447 80/186/446
s off
f 317/382/1175 391/318/1176 393/320/1177 319/384/1178
f 320/407/1179 394/319/1180 392/317/1181 318/405/1182
f 319/384/1183 393/320/1184 395/322/1185 321/386/1186
f 322/409/1187 396/321/1188 394/319/1189 320/407/1190
f 321/386/1191 395/322/1192 397/324/1193 323/388/1194
f 324/411/1195 398/323/1196 396/321/1197 322/409/1198
f 323/388/1199 397/324/1200 384/934/1201 325/941/1202
f 326/933/1203 383/309/1204 398/323/1205 324/411/1206
f 328/414/1207 400/328/1208 401/935/1209 344/943/1210
f 343/937/1211 402/326/1212 399/325/1213 327/397/1214
f 327/397/1215 399/325/1216 403/330/1217 329/398/1218
f 330/415/1219 404/329/1220 400/328/1221 328/414/1222
f 329/398/1223 403/330/1224 405/332/1225 331/400/1226
f 332/416/1227 406/331/1228 404/329/1229 330/415/1230
f 331/400/1231 405/332/1232 407/334/1233 333/402/1234
f 334/417/1235 408/333/1236 406/331/1237 332/416/1238
s 35
f 333/402/1239 407/334/1240 189/101/515 99/185/514
s 36
f 100/202/517 190/102/520 408/333/1241 334/417/1242
s 37
f 101/189/521 191/104/524 409/336/1243 335/404/1244
s 38
f 336/418/1245 410/335/1246 192/103/527 102/203/526
s off
f 335/404/1247 409/336/1248 411/338/1249 337/406/1250
f 338/419/1251 412/337/1252 410/335/1253 336/418/1254
f 337/406/1255 411/338/1256 413/340/1257 339/408/1258
f 340/420/1259 414/339/1260 412/337/1261 338/419/1262
f 339/408/1263 413/340/1264 415/342/1265 341/410/1266
f 342/421/1267 416/341/1268 414/339/1269 340/420/1270
f 341/410/1271 415/342/1272 402/936/1273 343/412/1274
f 344/431/1275 401/327/1276 416/341/1277 342/421/1278
f 435/1039/1279 438/1031/1280 437/434/1281 436/435/1282
f 436/435/1283 437/434/1284 440/436/1285 439/437/1286
f 439/437/1287 440/436/1288 442/963/1289 441/964/1290
f 444/440/1291 446/962/1292 445/442/1293 443/443/1294
f 443/443/1295 445/442/1296 448/1052/1297 447/1051/1298
f 447/445/1299 448/444/1300 450/939/1301 449/940/1302
f 452/448/1303 454/938/1304 453/450/1305 451/451/1306
f 451/451/1307 453/450/1308 456/452/1309 455/1044/1310
f 455/1044/1311 456/452/1312 458/1033/1313 457/1040/1314
f 438/1031/1315 418/354/1316 421/356/1317 437/434/1318
f 437/434/1319 421/356/1320 422/355/1321 440/436/1322
f 445/442/1323 427/395/1324 428/394/1325 448/1052/1326
f 453/450/1327 433/427/1328 434/426/1329 456/452/1330
f 456/452/1331 434/426/1332 431/1032/1333 458/1033/1334
f 440/436/1335 445/442/1336 446/962/1337 442/963/1338
f 422/355/1339 427/395/1340 445/442/1341 440/436/1342
f 419/1035/1343 423/393/1344 427/395/1345 422/355/1346
f 448/444/1347 453/450/1348 454/938/1349 450/939/1350
f 428/394/1351 433/427/1352 453/450/1353 448/444/1354
f 425/1037/1355 429/425/1356 433/427/1357 428/394/1358
f 459/1046/1359 460/457/1360 438/433/1361 435/1038/1362
f 441/439/1363 442/438/1364 462/458/1365 461/459/1366
f 461/459/1367 462/458/1368 460/457/1369 459/1046/1370
f 463/460/1371 464/461/1372 446/441/1373 444/966/1374
f 449/447/1375 450/446/1376 466/462/1377 465/463/1378
f 465/463/1379 466/462/1380 464/461/1381 463/460/1382
f 467/464/1383 468/1072/1384 454/449/1385 452/942/1386
f 457/1041/1387 458/454/1388 470/1071/1389 469/1070/1390
f 469/1070/1391 470/1071/1392 468/1072/1393 467/464/1394
f 460/457/1395 417/351/1396 418/1030/1397 438/433/1398
f 462/458/1399 420/352/1400 417/351/1401 460/457/1402
f 466/462/1403 426/391/1404 424/390/1405 464/461/1406
f 458/454/1407 431/424/1408 432/423/1409 470/1071/1410
f 470/1071/1411 432/423/1412 430/422/1413 468/1072/1414
f 450/446/1415 454/449/1416 468/1072/1417 466/462/1418
f 426/391/1419 430/422/1420 429/1036/1421 425/392/1422
f 466/462/1423 468/1072/1424 430/422/1425 426/391/1426
f 420/352/1427 424/390/1428 423/1034/1429 419/353/1430
f 442/438/1431 446/441/1432 464/461/1433 462/458/1434
f 462/458/1435 464/461/1436 424/390/1437 420/352/1438
f 263/261/1439 435/432/1440 436/1042/1441 255/254/1442
f 255/1043/1443 436/435/1444 439/437/1445 273/343/1446
f 273/343/1447 439/437/1448 441/964/1449 289/428/1450
f 308/967/1451 444/440/1452 443/443/1453 292/1050/1454
f 292/1050/1455 443/443/1456 447/1051/1457 309/1057/1458
f 309/375/1459 447/445/1460 449/940/1461 325/430/1462
f 344/943/1463 452/448/1464 451/451/1465 328/414/1466
f 328/414/1467 451/451/1468 455/1044/1469 264/262/1470
f 264/1045/1471 455/453/1472 457/455/1473 272/270/1474
f 262/1047/1475 459/456/1476 435/432/1477 263/261/1478
f 289/965/1479 441/439/1480 461/459/1481 287/350/1482
f 287/350/1483 461/459/1484 459/1046/1485 262/260/1486
f 306/389/1487 463/460/1488 444/966/1489 308/429/1490
f 325/941/1491 449/447/1492 465/463/1493 323/388/1494
f 323/388/1495 465/463/1496 463/460/1497 306/389/1498
f 342/421/1499 467/464/1500 452/942/1501 344/431/1502
f 272/270/1503 457/455/1504 469/1048/1505 271/269/1506
f 271/1049/1507 469/1070/1508 467/464/1509 342/421/1510
s 50
f 480/1653/1511 479/1654/1512 476/1655/1513 474/1656/1514
f 483/1661/1515 482/1662/1516 480/1653/1511 474/1656/1514
f 479/1654/1512 486/1657/1517 485/1658/1518 476/1655/1513
s 51
f 473/1211/1519 808/1212/1520 809/1213/1521 481/1214/1522
f 475/1215/1523 807/1216/1524 808/1212/1520 473/1211/1519
f 484/1221/1525 806/1222/1526 807/1216/1524 475/1215/1523
s 52
f 804/2607/1527 805/2608/1528 478/2609/1529 472/2610/1530
s 53
f 477/2652/1531 810/2653/1532 811/2654/1533 471/2655/1534
s 54
f 495/1681/1535 509/1682/1536 513/1683/1537 512/1684/1538
s off
f 510/1845/1539 496/1846/1540 1855/1847/1541 1856/1848/1542
s 54
f 497/1725/1543 499/1736/1544 516/1737/1545 515/1726/1546
s off
f 500/1902/1547 498/1891/1548 1858/1890/1549 1859/1900/1550
s 54
f 501/1721/1551 504/1711/1552 511/1709/1553 517/1718/1554
s off
f 503/1868/1555 502/1878/1556 1860/1879/1557 1854/1869/1558
f 506/1855/1559 510/1845/1560 1856/1848/1561 1861/1856/1562
s 54
f 509/1682/1536 505/1687/1563 518/1688/1564 513/1683/1565
f 505/1687/1563 508/1695/1566 514/1696/1567 518/1688/1568
s off
f 507/1864/1569 506/1855/1570 1861/1856/1571 1857/1865/1572
f 522/2026/1573 519/2021/1574 547/2024/1575 544/2027/1576
f 520/1987/1577 523/1990/1578 543/1991/1579 548/1988/1580
f 521/1368/1581 524/1359/1582 546/1352/1583 549/1358/1584
f 524/1359/1585 525/1360/1586 545/1349/1587 546/1352/1588
f 525/1360/1589 526/1364/1590 550/1353/1591 545/1349/1592
s 59
f 814/1227/1593 815/1235/1594 816/1236/1595 817/1228/1596
s 60
f 843/1238/1597 842/1244/1598 844/1245/1599 845/1237/1600
s 54
f 527/1705/1601 528/1714/1602 536/1715/1603 535/1706/1604
f 529/1701/1605 530/1691/1606 532/1692/1607 531/1700/1608
s off
f 534/1851/1609 533/1859/1610 1862/1860/1611 1863/1852/1612
f 538/1883/1613 537/1872/1614 1864/1873/1615 1865/1882/1616
s 63
f 568/1220/1617 818/1219/1618 814/1227/1619 817/1228/1620
s 64
f 845/1237/1621 846/1230/1622 569/1229/1623 843/1238/1624
s 65
f 842/2621/1625 566/2614/1626 847/2613/1627 844/2622/1628
s 66
f 815/2662/1629 819/2657/1630 563/2656/1631 816/2663/1632
s off
f 533/1859/1633 503/1868/1634 1854/1869/1635 1862/1860/1636
s 54
f 504/1711/1552 529/1701/1605 531/1700/1608 511/1709/1553
f 530/1691/1606 495/1681/1535 512/1684/1538 532/1692/1607
s off
f 496/1846/1637 534/1851/1638 1863/1852/1639 1855/1847/1640
f 537/1872/1641 507/1864/1642 1857/1865/1643 1864/1873/1644
s 54
f 508/1695/1566 527/1705/1601 535/1706/1604 514/1696/1567
f 528/1714/1602 497/1725/1543 515/1726/1546 536/1715/1603
s off
f 498/1891/1645 538/1883/1646 1865/1882/1647 1858/1890/1648
f 519/2021/1649 540/2015/1650 553/2020/1651 547/2024/1652
f 539/1376/1653 521/1368/1654 549/1358/1655 554/1367/1656
f 526/1364/1657 542/1370/1658 551/1362/1659 550/1353/1660
f 541/1983/1661 520/1987/1662 548/1988/1663 552/1984/1664
f 541/1983/1665 552/1984/1666 551/1985/1667 542/1986/1668
f 539/2011/1669 554/2019/1670 553/2020/1671 540/2015/1672
s 67
f 555/2085/1673 556/2084/1674 566/2083/1675 565/2086/1676
s 68
f 557/2063/1677 558/2067/1678 564/2068/1679 563/2064/1680
s 69
f 559/1261/1681 560/1262/1682 570/1256/1683 569/1255/1684
f 560/1262/1682 559/1261/1681 562/1267/1685 561/1268/1686
f 561/1268/1686 562/1267/1685 568/1272/1687 567/1273/1688
s off
f 821/2073/1689 820/2072/1690 822/2074/1691 823/2075/1692
f 849/2110/1693 848/2109/1694 850/2105/1695 851/2111/1696
f 825/1277/1697 824/1276/1698 826/1280/1699 827/1281/1700
f 853/1251/1701 852/1252/1702 854/1253/1703 855/1254/1704
f 851/1259/1705 850/1260/1706 855/1254/1707 854/1253/1708
f 823/1284/1709 822/1285/1710 827/1281/1711 826/1280/1712
s 70
f 475/2053/1713 473/2054/1714 562/2055/1715 559/2056/1716
s 71
f 477/2061/1717 471/2062/1718 557/2063/1719 563/2064/1720
s 72
f 472/2081/1721 478/2082/1722 566/2083/1723 556/2084/1724
s 70
f 473/2054/1714 481/2057/1725 568/2058/1726 562/2055/1715
f 484/2059/1727 475/2053/1713 559/2056/1716 569/2060/1728
s 73
f 842/2102/1729 843/2103/1730 855/2104/1731 850/2105/1732
s 74
f 817/2077/1733 816/2076/1734 823/2075/1735 826/2078/1736
f 568/2079/1737 817/2077/1733 826/2078/1736 824/2080/1738
f 816/2076/1734 563/2064/1739 821/2073/1740 823/2075/1735
s 73
f 566/2108/1741 842/2102/1729 850/2105/1732 848/2109/1742
f 843/2103/1730 569/2106/1743 853/2107/1744 855/2104/1731
s off
f 571/1291/1745 572/1292/1746 578/1293/1747 577/1294/1748
f 572/1292/1749 571/1291/1750 573/1295/1751 574/1296/1752
f 574/1296/1753 573/1295/1754 575/1297/1755 576/1298/1756
f 576/2719/1757 575/2720/1758 581/2721/1759 582/2722/1760
f 577/2733/1761 578/2734/1762 580/2735/1763 579/2736/1764
f 541/1983/1765 576/1989/1766 520/1987/1767
f 524/2001/1768 572/2002/1769 574/1997/1770 525/1996/1771
f 580/2025/1772 578/2007/1773 519/2021/1774 522/2026/1775
f 520/1987/1776 576/1989/1777 582/1993/1778 523/1990/1779
f 521/2006/1780 578/2007/1781 572/2002/1782 524/2001/1783
f 525/1996/1784 574/1997/1785 576/1989/1786 526/1992/1787
f 539/2011/1788 578/2007/1789 521/2006/1790
f 578/2007/1791 540/2015/1792 519/2021/1793
f 542/1986/1794 576/1989/1795 541/1983/1796
f 539/2011/1797 540/2015/1798 578/2007/1799
f 526/1992/1800 576/1989/1801 542/1986/1802
s 53
f 493/2659/1803 494/2658/1804 584/2665/1805 583/2666/1806
s 66
f 829/2672/1807 828/2679/1808 611/2673/1809 830/2664/1810
s 59
f 831/1241/1811 828/1247/1812 829/1242/1813 832/1234/1814
s 63
f 832/1234/1815 833/1226/1816 615/1233/1817 831/1241/1818
s 51
f 487/1218/1819 488/1217/1820 586/1224/1821 585/1225/1822
f 488/1217/1820 489/1223/1823 587/1232/1824 586/1224/1821
f 489/1223/1823 490/1231/1825 588/1240/1826 587/1232/1824
s 64
f 857/1243/1827 856/1248/1828 617/1246/1829 858/1239/1830
s 60
f 857/1243/1831 859/1249/1832 860/1250/1833 856/1248/1834
s 65
f 859/2627/1835 861/2619/1836 613/2625/1837 860/2631/1838
s 52
f 590/2617/1839 589/2618/1840 491/2612/1841 492/2611/1842
s 75
f 596/2112/1843 595/2113/1844 601/2114/1845 1950/2115/1846
f 600/2124/1847 602/2118/1848 597/2119/1849 594/2125/1850
f 591/2120/1851 596/2112/1843 1950/2115/1846 1951/2121/1852
f 602/2118/1853 601/2114/1854 595/2113/1844 597/2119/1849
s 78
f 479/1299/1855 480/1300/1856 1950/1301/1857 601/1302/1858
s 79
f 485/2747/1859 486/2748/1860 602/2749/1861 600/2750/1862
s 75
f 482/2761/1863 483/2762/1864 599/2763/1865 1951/2764/1866
s off
f 486/1305/1867 479/1299/1868 601/1302/1869 602/1306/1870
s 81
f 604/2775/1871 603/2776/1872 611/2777/1873 612/2778/1874
s 82
f 605/2797/1875 606/2798/1876 614/2799/1877 613/2800/1878
s 83
f 607/1311/1879 608/1307/1880 616/1317/1881 615/1319/1882
f 608/1307/1880 607/1311/1879 609/1312/1883 610/1308/1884
f 610/1308/1884 609/1312/1883 617/1320/1885 618/1313/1886
s off
f 835/2261/1887 834/2259/1888 836/2253/1889 837/2256/1890
f 863/2267/1891 862/2272/1892 864/2269/1893 865/2264/1894
f 839/2255/1895 838/2260/1896 840/2257/1897 841/2252/1898
f 867/2273/1899 866/2271/1900 868/2265/1901 869/2268/1902
f 837/2256/1903 836/2253/1904 841/2252/1905 840/2257/1906
f 869/2268/1907 868/2265/1908 865/2264/1909 864/2269/1910
s 84
f 623/1324/1911 624/1318/1912 633/1310/1913 634/1316/1914
f 624/1318/1912 623/1324/1911 626/1330/1915 625/1326/1916
s 85
f 625/2155/1917 626/2131/1918 646/2141/1919 645/2154/1920
f 627/2139/1921 628/2150/1922 638/2151/1923 637/2138/1924
s 87
f 629/2142/1925 630/2133/1926 636/2132/1927 635/2143/1928
s 84
f 631/1315/1929 632/1309/1930 640/1314/1931 639/1323/1932
f 632/1309/1930 631/1315/1929 634/1316/1914 633/1310/1913
s 87
f 635/2143/1928 636/2132/1927 643/2140/1933 644/2153/1934
s 85
f 637/2138/1924 638/2151/1923 645/2154/1920 646/2141/1919
s 84
f 639/1323/1932 640/1314/1931 642/1322/1935 641/1329/1936
s 87
f 641/2128/1937 642/2152/1938 644/2153/1934 643/2140/1933
s 75
f 623/2123/1939 591/2120/1851 592/2130/1940 626/2131/1941
s 88
f 608/1307/1942 610/1308/1943 632/1309/1944 633/1310/1945
s 75
f 631/2116/1946 595/2113/1844 596/2112/1843 634/2117/1947
s 89
f 604/2775/1948 612/2778/1949 638/2781/1950 628/2782/1951
s 75
f 594/2125/1850 597/2119/1849 636/2132/1952 630/2133/1953
f 637/2138/1954 591/2120/1851 593/2127/1955 627/2139/1956
s 88
f 616/1317/1957 608/1307/1942 633/1310/1945 624/1318/1958
s 75
f 634/2117/1947 596/2112/1843 591/2120/1851 623/2123/1939
s 88
f 610/1308/1943 618/1313/1959 640/1314/1960 632/1309/1944
s 75
f 639/2122/1961 597/2119/1849 595/2113/1844 631/2116/1946
f 641/2128/1962 598/2129/1963 597/2119/1849 639/2122/1961
s off
f 621/1321/1964 622/1327/1965 644/1328/1966 642/1322/1967
s 89
f 612/2819/1949 619/2820/1968 645/2821/1969 638/2822/1950
s 88
f 620/1325/1970 616/1317/1957 624/1318/1958 625/1326/1971
f 618/1313/1959 621/1321/1972 642/1322/1973 640/1314/1960
s 75
f 641/2128/1962 643/2140/1974 598/2129/1963
f 597/2119/1849 598/2129/1963 643/2140/1974 636/2132/1952
f 626/2131/1941 592/2130/1940 646/2141/1975
f 592/2130/1940 591/2120/1851 637/2138/1954 646/2141/1975
s 90
f 586/2204/1976 587/2205/1977 609/2206/1978 607/2207/1979
s 91
f 583/2212/1980 584/2213/1981 611/2214/1982 603/2215/1983
s 92
f 589/2231/1984 590/2232/1985 605/2233/1986 613/2234/1987
s 90
f 585/2210/1988 586/2204/1976 607/2207/1979 615/2211/1989
f 587/2205/1977 588/2208/1990 617/2209/1991 609/2206/1978
s 93
f 828/2250/1992 831/2251/1993 841/2252/1994 836/2253/1995
s 94
f 856/2262/1996 860/2263/1997 865/2264/1998 868/2265/1999
s 93
f 611/2258/2000 828/2250/1992 836/2253/1995 834/2259/2001
s 94
f 860/2263/1997 613/2266/2002 863/2267/2003 865/2264/1998
s 93
f 831/2251/1993 615/2254/2004 839/2255/2005 841/2252/1994
s 94
f 617/2270/2006 856/2262/1996 868/2265/1999 866/2271/2007
s 95
f 606/2798/2008 629/2801/2009 635/2802/2010 614/2799/2011
f 614/2823/2011 635/2824/2010 644/2825/2012 622/2826/2013
s off
f 620/1325/2014 625/1326/2015 645/1331/2016 619/1332/2017
f 649/1345/2018 650/1347/2019 652/1348/2020 651/1346/2021
f 654/1337/2022 653/1336/2023 655/1335/2024 656/1338/2025
f 647/1333/2026 648/1334/2027 655/1335/2028 653/1336/2029
f 650/2274/2030 654/2275/2031 656/2276/2032 652/2277/2033
f 661/1339/2034 662/1340/2035 663/1341/2036 664/1342/2037
f 573/2314/2038 571/2315/2039 657/2316/2040 659/2317/2041
f 577/2318/2042 579/2322/2043 657/2316/2044
f 575/2321/2045 573/2314/2046 659/2317/2047
f 571/2315/2048 577/2318/2049 657/2316/2050
f 581/2327/2051 575/2321/2052 659/2317/2053
f 660/1343/2054 658/1344/2055 649/1345/2056 651/1346/2057
f 658/2352/2058 660/2353/2059 663/2354/2060 662/2355/2061
f 659/2317/2062 657/2316/2063 661/2319/2064 664/2320/2065
s 96
f 665/1731/2066 666/1743/2067 676/1744/2068 675/1720/2069
s 97
f 668/1761/2070 667/1749/2071 673/1735/2072 674/1748/2073
s 98
f 669/1275/2074 670/1269/2075 672/1274/2076 671/1279/2077
f 670/1269/2075 669/1275/2074 679/1270/2078 680/1263/2079
f 671/1279/2077 672/1274/2076 678/1278/2080 677/1283/2081
s 97
f 674/1748/2073 673/1735/2072 685/1734/2082 686/1746/2083
s 96
f 675/2831/2069 676/2832/2068 684/2830/2084 683/2829/2085
s 98
f 677/1283/2081 678/1278/2080 688/1282/2086 687/1287/2087
f 680/1263/2079 679/1270/2078 681/1264/2088 682/1257/2089
s 99
f 876/2827/2090 879/2828/2091 683/2829/2092 684/2830/2093
s 100
f 871/1286/2094 873/1289/2095 687/1287/2096 688/1282/2097
s off
f 689/1895/2098 690/1886/2099 700/1877/2100 699/1885/2101
f 691/1903/2102 692/1914/2103 698/1904/2104 697/1892/2105
f 693/1355/2106 694/1350/2107 704/1354/2108 703/1363/2109
f 694/1350/2110 693/1355/2111 696/1356/2112 695/1351/2113
f 695/1351/2114 696/1356/2115 702/1365/2116 701/1357/2117
f 697/1892/2118 698/1904/2119 711/1894/2120 712/1884/2121
f 699/1885/2122 700/1877/2123 705/1867/2124 706/1875/2125
f 701/1357/2126 702/1365/2127 709/1373/2128 710/1366/2129
f 703/1363/2130 704/1354/2131 707/1361/2132 708/1369/2133
f 706/1875/2134 705/1867/2135 708/1858/2136 707/1876/2137
f 710/1893/2138 709/1874/2139 712/1884/2140 711/1894/2141
f 545/1349/2142 694/1350/2143 695/1351/2144 546/1352/2145
f 547/2859/2146 698/2860/2147 692/2861/2148 544/2862/2149
f 699/2877/2150 548/2878/2151 543/2879/2152 689/2880/2153
f 546/1352/2154 695/1351/2155 701/1357/2156 549/1358/2157
f 550/1353/2158 704/1354/2159 694/1350/2160 545/1349/2161
f 706/1371/2162 707/1361/2163 551/1362/2164 552/1372/2165
f 710/1366/2166 711/1374/2167 553/1375/2168 554/1367/2169
f 549/1358/2170 701/1357/2171 710/1366/2172 554/1367/2173
f 552/2881/2174 548/2878/2175 699/2877/2176 706/2882/2177
f 711/2863/2178 698/2860/2179 547/2859/2180 553/2864/2181
f 707/1361/2182 704/1354/2183 550/1353/2184 551/1362/2185
s 54
f 505/1687/1563 509/1682/1536 669/1686/2186 671/1694/2187
f 499/1736/1544 497/1725/1543 673/1735/2188 667/1749/2189
f 504/1711/1552 501/1721/1551 665/1731/2190 675/1720/2191
f 508/1695/1566 505/1687/1563 671/1694/2187 677/1704/2192
f 509/1682/1536 495/1681/1535 679/1685/2193 669/1686/2186
f 879/1712/2194 880/1710/2195 529/1701/1605 683/1719/2196
f 873/1722/2197 874/1723/2198 527/1705/1601 687/1713/2199
f 527/1705/1601 508/1695/1566 677/1704/2192 687/1713/2199
f 497/1725/1543 528/1714/1602 685/1734/2200 673/1735/2188
f 529/1701/1605 504/1711/1552 675/1720/2191 683/1719/2196
f 495/1681/1535 530/1691/1606 681/1693/2201 679/1685/2193
s off
f 510/1845/2202 506/1855/2203 696/1857/2204 693/1849/2205
f 498/1891/2206 500/1902/2207 691/1903/2208 697/1892/2209
f 502/1878/2210 503/1868/2211 700/1877/2212 690/1886/2213
f 506/1855/2214 507/1864/2215 702/1866/2216 696/1857/2217
f 496/1846/2218 510/1845/2219 693/1849/2220 703/1850/2221
f 533/1859/2222 534/1851/2223 708/1858/2224 705/1867/2225
f 537/1872/2226 538/1883/2227 712/1884/2228 709/1874/2229
f 507/1864/2230 537/1872/2231 709/1874/2232 702/1866/2233
f 503/1868/2234 533/1859/2235 705/1867/2236 700/1877/2237
f 538/1883/2238 498/1891/2239 697/1892/2240 712/1884/2241
f 534/1851/2242 496/1846/2243 703/1850/2244 708/1858/2245
s 103
f 670/1269/2246 560/1262/2247 561/1268/2248 672/1274/2249
s 68
f 674/2895/2250 564/2896/2251 558/2897/2252 668/2898/2253
s 105
f 565/2835/2254 676/2832/2255 666/2838/2256 555/2839/2257
s 103
f 672/1274/2249 561/1268/2248 567/1273/2258 678/1278/2259
f 680/1263/2260 570/1256/2261 560/1262/2247 670/1269/2246
s 53
f 813/2660/2262 811/2654/1533 2055/2668/2263 2077/2669/2264
s 54
f 499/1736/1544 723/1750/2265 720/1751/2266 516/1737/1545
s off
f 502/1878/2267 725/1887/2268 721/1888/2269 1860/1879/2270
f 523/1990/2271 729/1994/2272 730/1995/2273 543/1991/2274
s 67
f 556/2084/1674 555/2085/1673 731/2089/2275 732/2087/2276
s off
f 582/2722/2277 581/2721/2278 735/2723/2279 736/2724/2280
f 523/1990/2281 582/1993/2282 736/1998/2283 729/1994/2284
s 75
f 599/2126/1865 740/2136/2285 739/2137/2286 593/2127/1955
f 483/2762/1864 715/2765/2287 740/2766/2288 599/2763/1865
s 82
f 606/2239/1876 605/2233/1875 745/2236/2289 746/2240/2290
s 85
f 628/2150/1922 627/2139/1921 747/2149/2291 748/2163/2292
s 87
f 630/2133/1926 629/2142/1925 749/2156/2293 750/2144/2294
s 75
f 627/2139/1956 593/2127/1955 739/2137/2286 747/2149/2295
s 92
f 590/2232/1985 737/2235/2296 745/2236/2297 605/2233/1986
s off
f 650/2274/2298 649/2282/2299 753/2283/2300 754/2278/2301
f 651/2292/2302 652/2277/2303 755/2281/2304 756/2293/2305
f 653/2286/2306 654/2275/2307 757/2279/2308 758/2287/2309
f 656/2276/2310 655/2288/2311 759/2289/2312 760/2280/2313
f 648/2963/2314 752/2964/2315 759/2965/2316 655/2966/2317
f 654/2275/2318 650/2274/2319 754/2278/2320 757/2279/2321
f 652/2277/2322 656/2276/2323 760/2280/2324 755/2281/2325
f 662/2973/2326 661/2974/2327 761/2975/2328 762/2976/2329
f 664/2983/2330 663/2984/2331 763/2985/2332 764/2986/2333
f 579/2322/2334 733/2328/2335 765/2323/2336 657/2316/2337
f 658/2993/2338 767/2994/2339 753/2995/2340 649/2996/2341
f 657/2316/2342 765/2323/2343 761/2324/2344 661/2319/2345
f 660/2353/2346 768/2356/2347 763/2357/2348 663/2354/2349
s 96
f 666/1743/2067 665/1731/2066 769/1742/2350 770/1759/2351
s 97
f 667/1749/2071 668/1761/2070 771/1773/2352 772/1762/2353
s off
f 690/1886/2354 689/1895/2355 773/1905/2356 774/1896/2357
f 692/1914/2358 691/1903/2359 775/1913/2360 776/1924/2361
f 689/2880/2362 543/2879/2363 730/2883/2364 773/2884/2365
f 544/2862/2366 692/2861/2367 776/2865/2368 728/2866/2369
s 54
f 501/1721/1551 726/1732/2370 769/1742/2371 665/1731/2190
s off
f 500/1902/2372 724/1912/2373 775/1913/2374 691/1903/2375
s 105
f 555/2839/2257 666/2838/2256 770/2840/2376 731/2841/2377
s 68
f 668/2898/2253 558/2897/2252 799/2901/2378 798/2902/2379 771/2903/2380
s 50
f 714/1659/2381 713/1660/2382 474/1656/1514 476/1655/1513
f 713/1660/2382 715/1666/2383 483/1661/1515 474/1656/1514
f 716/1663/2384 714/1659/2381 476/1655/1513 485/1658/1518
s 52
f 717/2615/2385 803/2616/2386 804/2607/1527 472/2610/1530
s off
f 1866/1910/2387 724/1912/2388 500/1902/2389 1859/1900/2390
s 54
f 722/1730/2391 726/1732/2370 501/1721/1551 517/1718/1554
s off
f 728/2031/2392 727/2028/2393 522/2026/2394 544/2027/2395
s 72
f 732/2087/2396 717/2088/2397 472/2081/1721 556/2084/1724
s off
f 734/2737/2398 733/2738/2399 579/2736/2400 580/2735/2401
f 727/2028/2402 734/2029/2403 580/2025/2404 522/2026/2405
s 52
f 718/2620/2406 737/2626/2407 590/2617/1839 492/2611/1842
s 53
f 738/2674/2408 719/2667/2409 493/2659/1803 583/2666/1806
s 75
f 741/2134/2410 742/2135/2411 600/2124/1847 594/2125/1850
s 79
f 742/2751/2412 716/2752/2413 485/2747/1859 600/2750/1862
s 81
f 744/2220/2414 743/2216/2415 603/2215/1872 604/2221/1871
s 89
f 748/2783/2416 744/2784/2417 604/2775/1948 628/2782/1951
s 75
f 750/2144/2418 741/2134/2410 594/2125/1850 630/2133/1953
s 91
f 743/2216/2419 738/2217/2420 583/2212/1980 603/2215/1983
s 95
f 746/2805/2421 749/2806/2422 629/2801/2009 606/2798/2008
s off
f 751/2372/2423 752/2373/2424 648/2374/2425 647/2375/2426
f 758/3003/2427 751/3004/2428 647/3005/2429 653/3006/2430
f 766/2326/2431 735/2333/2432 581/2327/2433 659/2317/2434
f 756/3013/2435 768/3014/2436 660/3015/2437 651/3016/2438
f 762/2358/2439 767/2359/2440 658/2352/2441 662/2355/2442
f 764/2325/2443 766/2326/2444 659/2317/2445 664/2320/2446
s 54
f 772/1762/2447 723/1750/2265 499/1736/1544 667/1749/2189
s off
f 774/1896/2448 725/1887/2449 502/1878/2450 690/1886/2451
s 50
f 713/1660/2382 883/1665/2452 882/1670/2453 715/1666/2383
s 75
f 715/2765/2287 882/2767/2454 885/2768/2455 740/2766/2288
s 52
f 717/2615/2385 888/2623/2456 955/2624/2457 803/2616/2386
f 718/2620/2406 887/2628/2458 889/2632/2459 737/2626/2407
s 107
f 2057/2382/2460 2052/2383/2461 947/2384/2462 948/2385/2463
s off
f 1866/1910/2464 891/1921/2465 893/1922/2466 724/1912/2467
s 54
f 722/1730/2391 894/1741/2468 895/1745/2469 726/1732/2370
s off
f 724/1912/2470 893/1922/2471 897/1923/2472 775/1913/2473
s 54
f 726/1732/2370 895/1745/2469 899/1758/2474 769/1742/2371
s off
f 727/2028/2475 901/2032/2476 900/2033/2477 734/2029/2478
f 729/1994/2479 904/1999/2480 903/2000/2481 730/1995/2482
f 730/2883/2483 903/2885/2484 905/2886/2485 773/2884/2486
s 67
f 731/2089/2275 907/2092/2487 906/2090/2488 732/2087/2276
s off
f 733/2328/2489 911/2334/2490 910/2329/2491 765/2323/2492
f 735/2723/2493 913/2725/2494 912/2726/2495 736/2724/2496
s 92
f 737/2235/2296 889/2237/2497 914/2238/2498 745/2236/2297
s 75
f 739/2137/2286 917/2148/2499 916/2162/2500 747/2149/2295
f 741/2134/2410 919/2145/2501 918/2146/2502 742/2135/2411
s 82
f 745/2236/2289 914/2238/2503 922/2243/2504 746/2240/2290
s 95
f 746/2805/2421 922/2807/2505 923/2808/2506 749/2806/2422
s 85
f 747/2149/2291 916/2162/2507 924/2171/2508 748/2163/2292
s 87
f 749/2156/2293 923/2164/2509 925/2157/2510 750/2144/2294
s off
f 751/2372/2511 927/2376/2512 926/2377/2513 752/2373/2514
f 752/2964/2515 926/2967/2516 928/2968/2517 759/2965/2518
f 753/2283/2519 930/2294/2520 929/2284/2521 754/2278/2522
f 754/2278/2523 929/2284/2524 931/2285/2525 757/2279/2526
f 755/2281/2527 933/2291/2528 932/2301/2529 756/2293/2530
f 756/3013/2531 932/3017/2532 934/3018/2533 768/3014/2534
f 757/2279/2535 931/2285/2536 935/2297/2537 758/2287/2538
f 759/2289/2539 928/2298/2540 936/2290/2541 760/2280/2542
f 761/2975/2543 938/2977/2544 937/2978/2545 762/2976/2546
f 762/2358/2547 937/2362/2548 939/2363/2549 767/2359/2550
f 763/2985/2551 941/2987/2552 940/2988/2553 764/2986/2554
f 764/2325/2555 940/2331/2556 942/2332/2557 766/2326/2558
s 96
f 769/1742/2350 899/1758/2559 943/1771/2560 770/1759/2351
s 97
f 771/1773/2352 909/1785/2561 944/1774/2562 772/1762/2353
s off
f 773/1905/2563 905/1915/2564 945/1906/2565 774/1896/2566
f 775/1913/2567 897/1923/2568 946/1934/2569 776/1924/2570
s 108
f 787/3023/2571 788/3024/2572 952/3025/2573 957/3026/2574 789/3027/2575
s 109
f 781/1377/2576 2054/1378/2577 2059/1379/2578
s 68
f 780/2922/2579 779/2930/2580 781/2939/2581 782/2933/2582
f 782/2933/2582 781/2939/2581 2059/2950/2583 2075/2951/2584
f 784/2931/2585 785/2932/2586 783/2923/2587 780/2922/2579 782/2933/2588
f 786/2921/2589 796/2913/2590 801/2914/2591 780/2922/2579 783/2923/2587
s 108
f 790/3028/2592 953/3029/2593 952/3025/2573 788/3024/2572
f 790/3028/2592 954/3034/2594 953/3029/2593
f 789/3027/2575 957/3026/2574 958/3033/2595
s off
f 783/1392/2596 785/1395/2597 788/1396/2598 787/1393/2599
f 786/1391/2600 783/1392/2601 787/1393/2602 789/1394/2603
f 785/1395/2604 784/1397/2605 790/1398/2606 788/1396/2607
f 784/1397/2608 951/1399/2609 954/1400/2610 790/1398/2611
s 68
f 798/2902/2379 812/2908/2612 956/2909/2613 909/2910/2614 771/2903/2380
s 71
f 792/2065/2615 791/2069/2616 794/2070/2617 793/2066/2618
s 109
f 791/1387/2619 778/1381/2620 795/1384/2621 794/1388/2622
s 68
f 558/2067/1678 557/2063/1677 793/2066/2623 799/2071/2378
s 71
f 471/2062/1718 792/2065/2615 793/2066/2618 557/2063/1719
s 109
f 795/1384/2621 778/1381/2620 779/1380/2624
s 68
f 801/2914/2591 795/2920/2625 779/2930/2580 780/2922/2579
f 793/2911/2623 794/2912/2626 800/2906/2627 799/2901/2378
f 794/2912/2626 795/2920/2625 801/2914/2591 800/2906/2627
f 799/2901/2378 800/2906/2627 802/2907/2628 798/2902/2379
f 812/2908/2612 798/2902/2379 802/2907/2628 797/2915/2629
f 797/2915/2629 802/2907/2628 796/2913/2590
f 796/2913/2590 802/2907/2628 800/2906/2627 801/2914/2591
s 52
f 803/2616/2386 955/2624/2457 887/2628/2458 718/2620/2406
f 804/2607/1527 803/2616/2386 718/2620/2406 492/2611/1842
f 492/2611/1842 491/2612/1841 805/2608/1528 804/2607/1527
s 65
f 844/2622/1628 847/2613/1627 861/2619/1836 859/2627/1835
s 60
f 845/1237/1600 844/1245/1599 859/1249/1832 857/1243/1831
s 64
f 857/1243/1827 858/1239/1830 846/1230/1622 845/1237/1621
s 51
f 807/1216/1524 806/1222/1526 490/1231/1825 489/1223/1823
f 808/1212/1520 807/1216/1524 489/1223/1823 488/1217/1820
f 809/1213/1521 808/1212/1520 488/1217/1820 487/1218/1819
s 63
f 814/1227/1619 818/1219/1618 833/1226/1816 832/1234/1815
s 59
f 832/1234/1814 829/1242/1813 815/1235/1594 814/1227/1593
s 66
f 829/2672/1807 830/2664/1810 819/2657/1630 815/2662/1629
s 53
f 811/2654/1533 810/2653/1532 494/2658/1804 493/2659/1803
s off
f 792/2661/2630 813/2660/2631 778/2670/2632 791/2671/2633
s 53
f 471/2655/1534 811/2654/1533 813/2660/2262 792/2661/2634
s off
f 481/1214/2635 809/1213/2636 818/1219/2637 568/1220/2638
f 810/2653/2639 477/2652/2640 563/2656/2641 819/2657/2642
f 563/2064/2643 564/2068/2644 820/2072/2645 821/2073/2646
f 567/1273/2647 568/1272/2648 824/1276/2649 825/1277/2650
f 584/2665/2651 494/2658/2652 830/2664/2653 611/2673/2654
f 487/1218/2655 585/1225/2656 615/1233/2657 833/1226/2658
f 612/2778/2659 611/2777/2660 834/2779/2661 835/2780/2662
f 619/2399/2663 612/2400/2664 835/2401/2665 837/2402/2666
f 615/3096/2667 616/3097/2668 838/3098/2669 839/3099/2670
f 616/2405/2671 620/2403/2672 840/2404/2673 838/2406/2674
f 620/2403/2675 619/2399/2676 837/2402/2677 840/2404/2678
f 809/1213/2679 487/1218/2680 833/1226/2681 818/1219/2682
f 494/2658/2683 810/2653/2684 819/2657/2685 830/2664/2686
f 806/1222/2687 484/1221/2688 569/1229/2689 846/1230/2690
f 478/2609/2691 805/2608/2692 847/2613/2693 566/2614/2694
f 565/2835/2695 566/2836/2696 848/2837/2697 849/2833/2698
f 569/1255/2699 570/1256/2700 852/1252/2701 853/1251/2702
f 588/1240/2703 490/1231/2704 858/1239/2705 617/1246/2706
f 491/2612/2707 589/2618/2708 613/2625/2709 861/2619/2710
f 613/2800/2711 614/2799/2712 862/2803/2713 863/2804/2714
f 614/2407/2715 622/2408/2716 864/2409/2717 862/2410/2718
f 618/3100/2719 617/3101/2720 866/3102/2721 867/3103/2722
f 621/2411/2723 618/2413/2724 867/2414/2725 869/2412/2726
f 622/2408/2727 621/2411/2728 869/2412/2729 864/2409/2730
f 805/2608/2731 491/2612/2732 861/2619/2733 847/2613/2734
f 490/1231/2735 806/1222/2736 846/1230/2737 858/1239/2738
f 820/2899/2739 564/2896/2740 674/2895/2741 686/2900/2742
f 822/2904/2743 820/2899/2744 686/2900/2745 870/2905/2746
f 567/1273/2747 825/1277/2748 688/1282/2749 678/1278/2750
f 825/1277/2751 827/1281/2752 871/1286/2753 688/1282/2754
f 827/1281/2755 822/1285/2756 870/1288/2757 871/1286/2758
s 100
f 686/1746/2759 685/1734/2760 872/1733/2761 870/1747/2762
s 54
f 528/1714/1602 875/1724/2763 872/1733/2764 685/1734/2200
s 100
f 870/1288/2762 872/1290/2761 873/1289/2095 871/1286/2094
s 54
f 528/1714/1602 527/1705/1601 874/1723/2198 875/1724/2763
f 875/1724/2763 874/1723/2198 873/1722/2197 872/1733/2764
s off
f 565/2835/2765 849/2833/2766 684/2830/2767 676/2832/2768
f 849/2833/2769 851/2834/2770 876/2827/2771 684/2830/2772
f 852/1252/2773 570/1256/2774 680/1263/2775 682/1257/2776
f 854/1253/2777 852/1252/2778 682/1257/2779 877/1258/2780
f 851/1259/2781 854/1253/2782 877/1258/2783 876/1266/2784
s 99
f 682/1257/2785 681/1264/2786 878/1265/2787 877/1258/2788
s 54
f 530/1691/1606 881/1702/2789 878/1703/2790 681/1693/2201
s 99
f 877/1258/2788 878/1265/2787 879/1271/2091 876/1266/2090
s 54
f 530/1691/1606 529/1701/1605 880/1710/2195 881/1702/2789
f 881/1702/2789 880/1710/2195 879/1712/2194 878/1703/2790
s 50
f 884/1664/2791 883/1665/2452 713/1660/2382 714/1659/2381
f 886/1667/2792 884/1664/2791 714/1659/2381 716/1663/2384
s 54
f 896/1763/2793 892/1764/2794 720/1751/2266 723/1750/2265
s off
f 898/1897/2795 1867/1898/2796 721/1888/2797 725/1887/2798
f 902/2036/2799 901/2032/2800 727/2028/2801 728/2031/2802
s 72
f 906/2090/2803 888/2091/2804 717/2088/2397 732/2087/2396
s off
f 900/2739/2805 911/2740/2806 733/2738/2807 734/2737/2808
f 912/2003/2809 904/1999/2810 729/1994/2811 736/1998/2812
s 53
f 915/2680/2813 890/2681/2814 719/2667/2409 738/2674/2408
s 75
f 885/2147/2815 917/2148/2499 739/2137/2286 740/2136/2285
s 79
f 918/2753/2816 886/2754/2817 716/2752/2413 742/2751/2412
s 91
f 920/2218/2818 915/2219/2819 738/2217/2420 743/2216/2419
s 81
f 921/2224/2820 920/2218/2821 743/2216/2415 744/2220/2414
s 89
f 924/2785/2822 921/2786/2823 744/2784/2417 748/2783/2416
s 75
f 925/2157/2824 919/2145/2501 741/2134/2410 750/2144/2418
s off
f 935/3007/2825 927/3008/2826 751/3004/2827 758/3003/2828
f 936/2290/2829 933/2291/2830 755/2281/2831 760/2280/2832
f 910/2329/2833 938/2330/2834 761/2324/2835 765/2323/2836
f 942/2332/2837 913/2339/2838 735/2333/2839 766/2326/2840
f 939/2997/2841 930/2998/2842 753/2995/2843 767/2994/2844
f 934/2360/2845 941/2361/2846 763/2357/2847 768/2356/2848
s 105
f 943/2842/2849 907/2843/2850 731/2841/2377 770/2840/2376
s 54
f 944/1774/2851 896/1763/2793 723/1750/2265 772/1762/2447
s off
f 945/1906/2852 898/1897/2853 725/1887/2854 774/1896/2855
f 946/2867/2856 902/2868/2857 728/2866/2858 776/2865/2859
s 68
f 949/2940/2860 951/2941/2861 784/2931/2585 782/2933/2588 777/2942/2862
f 950/2925/2863 908/2916/2864 797/2915/2629 796/2913/2590 786/2921/2589
s off
f 958/2415/2865 950/2416/2866 786/2417/2867 789/2418/2868
s 53
f 890/2681/2814 2072/2683/2869 2056/2675/2870 719/2667/2409
s 68
f 908/2916/2871 956/2909/2613 812/2908/2612 797/2915/2629
s 113
f 960/1160/2872 981/466/2873 959/467/2874
f 961/1159/2875 981/466/2873 960/1160/2872
f 962/1158/2876 981/466/2873 961/1159/2875
f 963/1124/2877 981/466/2873 962/1158/2876
f 965/1157/2878 981/466/2873 964/472/2879
f 966/1156/2880 981/466/2873 965/1157/2878
f 967/1155/2881 981/466/2873 966/1156/2880
f 968/1127/2882 981/466/2873 967/1155/2881
f 969/476/2883 981/466/2873 968/1127/2882
f 959/467/2874 981/466/2873 969/476/2883
s 115
f 970/1201/2884 982/478/2885 971/1210/2886
f 971/1210/2886 982/478/2885 972/1209/2887
f 972/1209/2887 982/478/2885 973/1208/2888
f 973/1208/2888 982/478/2885 974/482/2889
f 975/1194/2890 982/478/2885 976/1207/2891
f 976/1207/2891 982/478/2885 977/1206/2892
f 977/1206/2892 982/478/2885 978/1205/2893
f 978/1205/2893 982/478/2885 979/487/2894
f 979/487/2894 982/478/2885 980/488/2895
f 980/488/2895 982/478/2885 970/1201/2884
s 117
f 1071/489/2896 1074/490/2897 1073/1154/2898 1072/492/2899
f 1072/492/2899 1076/493/2900 1075/494/2901 1071/489/2896
f 1076/493/2900 1078/495/2902 1077/496/2903 1075/494/2901
f 1078/495/2902 1080/497/2904 1079/498/2905 1077/496/2903
f 1080/497/2904 1082/499/2906 1081/500/2907 1079/498/2905
f 1084/501/2908 1086/502/2909 1085/503/2910 1083/504/2911
f 1086/502/2909 1088/505/2912 1087/506/2913 1085/503/2910
f 1088/505/2912 1090/507/2914 1089/508/2915 1087/506/2913
f 1090/507/2914 1092/509/2916 1091/510/2917 1089/508/2915
f 1092/509/2916 1073/491/2898 1074/1152/2897 1091/510/2917
s 119
f 1093/511/2918 1096/512/2919 1095/1151/2920 1094/514/2921
f 1094/514/2921 1098/515/2922 1097/516/2923 1093/511/2918
f 1098/515/2922 1100/517/2924 1099/518/2925 1097/516/2923
f 1100/517/2924 1102/519/2926 1101/520/2927 1099/518/2925
f 1102/519/2926 1104/521/2928 1103/522/2929 1101/520/2927
f 1106/523/2930 1108/524/2931 1107/525/2932 1105/526/2933
f 1108/524/2931 1110/527/2934 1109/528/2935 1107/525/2932
f 1110/527/2934 1112/529/2936 1111/530/2937 1109/528/2935
f 1112/529/2936 1114/531/2938 1113/532/2939 1111/530/2937
f 1114/531/2938 1095/513/2920 1096/1150/2919 1113/532/2939
s 121
f 1115/533/2940 1118/534/2941 1117/1172/2942 1116/536/2943
f 1116/536/2943 1120/537/2944 1119/538/2945 1115/533/2940
f 1120/537/2944 1122/539/2946 1121/540/2947 1119/538/2945
f 1122/539/2946 1124/541/2948 1123/542/2949 1121/540/2947
f 1124/541/2948 1126/543/2950 1125/544/2951 1123/542/2949
f 1128/545/2952 1130/546/2953 1129/547/2954 1127/548/2955
f 1130/546/2953 1132/549/2956 1131/550/2957 1129/547/2954
f 1132/549/2956 1134/551/2958 1133/552/2959 1131/550/2957
f 1134/551/2958 1136/553/2960 1135/554/2961 1133/552/2959
f 1136/553/2960 1117/535/2942 1118/1170/2941 1135/554/2961
s 123
f 1137/555/2962 1140/556/2963 1139/1169/2964 1138/558/2965
f 1138/558/2965 1142/559/2966 1141/560/2967 1137/555/2962
f 1142/559/2966 1144/561/2968 1143/562/2969 1141/560/2967
f 1144/561/2968 1146/563/2970 1145/564/2971 1143/562/2969
f 1146/563/2970 1148/565/2972 1147/566/2973 1145/564/2971
f 1150/567/2974 1152/568/2975 1151/569/2976 1149/570/2977
f 1152/568/2975 1154/571/2978 1153/572/2979 1151/569/2976
f 1154/571/2978 1156/573/2980 1155/574/2981 1153/572/2979
f 1156/573/2980 1158/575/2982 1157/576/2983 1155/574/2981
f 1158/575/2982 1139/557/2964 1140/1168/2963 1157/576/2983
s 125
f 959/1133/2984 983/577/2985 985/578/2986 960/465/2987
f 960/465/2987 985/578/2986 987/579/2988 961/468/2989
f 961/468/2989 987/579/2988 989/580/2990 962/469/2991
f 962/469/2991 989/580/2990 991/581/2992 963/470/2993
s 126
f 964/1122/2994 993/582/2995 995/583/2996 965/471/2997
f 965/471/2997 995/583/2996 997/584/2998 966/473/2999
f 966/473/2999 997/584/2998 999/585/3000 967/474/3001
f 967/474/3001 999/585/3000 1001/586/3002 968/475/3003
s off
f 1159/587/3004 1162/588/3005 1161/589/3006 1160/1148/3007
f 1160/590/3008 1161/1140/3009 1164/591/3010 1163/592/3011
s 127
f 984/593/3012 1005/594/3013 1007/595/3014 986/596/3015
f 986/596/3015 1007/595/3014 1009/597/3016 988/598/3017
f 988/598/3017 1009/597/3016 1011/599/3018 990/600/3019
f 990/600/3019 1011/599/3018 1013/601/3020 992/602/3021
f 994/603/3022 1015/604/3023 1017/605/3024 996/606/3025
f 996/606/3025 1017/605/3024 1019/607/3026 998/608/3027
f 998/608/3027 1019/607/3026 1021/609/3028 1000/610/3029
f 1000/610/3029 1021/609/3028 1023/611/3030 1002/612/3031
f 1002/612/3031 1023/611/3030 1025/613/3032 1004/1153/3033
f 1004/614/3033 1025/1149/3032 1005/594/3013 984/593/3012
s 129
f 1006/1084/3034 1027/616/3035 1029/617/3036 1008/1073/3037
f 1008/1073/3037 1029/617/3036 1031/619/3038 1010/1074/3039
f 1010/1074/3039 1031/619/3038 1033/621/3040 1012/1075/3041
f 1012/1075/3041 1033/621/3040 1035/1088/3042 1014/1076/3043
s 130
f 1016/624/3044 1037/625/3045 1039/626/3046 1018/627/3047
f 1018/627/3047 1039/626/3046 1041/628/3048 1020/629/3049
f 1020/629/3049 1041/628/3048 1043/630/3050 1022/631/3051
f 1022/631/3051 1043/630/3050 1045/632/3052 1024/633/3053
s off
f 1166/1078/3054 1168/1079/3055 1167/1137/3056 1165/1141/3057
f 1165/1077/3058 1167/1138/3059 1170/638/3060 1169/1080/3061
s 131
f 1028/640/3062 1049/641/3063 1051/642/3064 1030/643/3065
f 1030/643/3065 1051/642/3064 1053/644/3066 1032/645/3067
f 1032/645/3067 1053/644/3066 1055/646/3068 1034/647/3069
f 1034/647/3069 1055/646/3068 1057/648/3070 1036/649/3071
f 1038/650/3072 1059/651/3073 1061/652/3074 1040/653/3075
f 1040/653/3075 1061/652/3074 1063/654/3076 1042/655/3077
f 1042/655/3077 1063/654/3076 1065/656/3078 1044/657/3079
f 1044/657/3079 1065/656/3078 1067/658/3080 1046/659/3081
f 1046/659/3081 1067/658/3080 1069/660/3082 1048/1171/3083
f 1048/661/3083 1069/1167/3082 1049/641/3063 1028/640/3062
s 133
f 1050/662/3084 970/477/3085 971/479/3086 1052/663/3087
f 1052/663/3087 971/479/3086 972/480/3088 1054/664/3089
f 1054/664/3089 972/480/3088 973/481/3090 1056/665/3091
f 1056/665/3091 973/481/3090 974/1196/3092 1058/666/3093
s 134
f 1060/667/3094 975/483/3095 976/484/3096 1062/668/3097
f 1062/668/3097 976/484/3096 977/485/3098 1064/669/3099
f 1064/669/3099 977/485/3098 978/486/3100 1066/670/3101
f 1066/670/3101 978/486/3100 979/1199/3102 1068/671/3103
s off
f 1172/672/3104 1174/673/3105 1173/674/3106 1171/1139/3107
f 1171/675/3108 1173/1146/3109 1176/676/3110 1175/677/3111
f 984/593/3112 1072/492/3113 1073/1154/3114 1004/614/3115
f 1003/678/3116 1074/490/3117 1071/489/3118 983/577/3119
f 983/577/3120 1071/489/3121 1075/494/3122 985/578/3123
f 986/596/3124 1076/493/3125 1072/492/3126 984/593/3127
f 985/578/3128 1075/494/3129 1077/496/3130 987/579/3131
f 988/598/3132 1078/495/3133 1076/493/3134 986/596/3135
f 987/579/3136 1077/496/3137 1079/498/3138 989/580/3139
f 990/600/3140 1080/497/3141 1078/495/3142 988/598/3143
s 135
f 989/580/3144 1079/498/3145 1081/500/3146 991/581/3147
s 136
f 992/602/3148 1082/499/3149 1080/497/3150 990/600/3151
s 137
f 993/582/3152 1083/504/3153 1085/503/3154 995/583/3155
s 138
f 996/606/3156 1086/502/3157 1084/501/3158 994/603/3159
s off
f 995/583/3160 1085/503/3161 1087/506/3162 997/584/3163
f 998/608/3164 1088/505/3165 1086/502/3166 996/606/3167
f 997/584/3168 1087/506/3169 1089/508/3170 999/585/3171
f 1000/610/3172 1090/507/3173 1088/505/3174 998/608/3175
f 999/585/3176 1089/508/3177 1091/510/3178 1001/586/3179
f 1002/612/3180 1092/509/3181 1090/507/3182 1000/610/3183
f 1001/586/3184 1091/510/3185 1074/1152/3186 1003/1131/3187
f 1004/1153/3188 1073/491/3189 1092/509/3190 1002/612/3191
f 1006/615/3192 1094/514/3193 1095/1151/3194 1026/1129/3195
f 1025/1149/3196 1096/512/3197 1093/511/3198 1005/594/3199
f 1005/594/3200 1093/511/3201 1097/516/3202 1007/595/3203
f 1008/618/3204 1098/515/3205 1094/514/3206 1006/615/3207
f 1007/595/3208 1097/516/3209 1099/518/3210 1009/597/3211
f 1010/620/3212 1100/517/3213 1098/515/3214 1008/618/3215
f 1009/597/3216 1099/518/3217 1101/520/3218 1011/599/3219
f 1012/622/3220 1102/519/3221 1100/517/3222 1010/620/3223
s 139
f 1011/599/3224 1101/520/3225 1103/522/3226 1013/601/3227
s 140
f 1014/623/3228 1104/521/3229 1102/519/3230 1012/622/3231
s 141
f 1015/604/3232 1105/526/3233 1107/525/3234 1017/605/3235
s 142
f 1018/627/3236 1108/524/3237 1106/523/3238 1016/624/3239
s off
f 1017/605/3240 1107/525/3241 1109/528/3242 1019/607/3243
f 1020/629/3244 1110/527/3245 1108/524/3246 1018/627/3247
f 1019/607/3248 1109/528/3249 1111/530/3250 1021/609/3251
f 1022/631/3252 1112/529/3253 1110/527/3254 1020/629/3255
f 1021/609/3256 1111/530/3257 1113/532/3258 1023/611/3259
f 1024/633/3260 1114/531/3261 1112/529/3262 1022/631/3263
f 1023/611/3264 1113/532/3265 1096/1150/3266 1025/613/3267
f 1026/679/3268 1095/513/3269 1114/531/3270 1024/633/3271
f 1028/640/3272 1116/536/3273 1117/1172/3274 1048/661/3275
f 1047/680/3276 1118/534/3277 1115/533/3278 1027/616/3279
f 1027/616/3280 1115/533/3281 1119/538/3282 1029/617/3283
f 1030/643/3284 1120/537/3285 1116/536/3286 1028/640/3287
f 1029/617/3288 1119/538/3289 1121/540/3290 1031/619/3291
f 1032/645/3292 1122/539/3293 1120/537/3294 1030/643/3295
f 1031/619/3296 1121/540/3297 1123/542/3298 1033/621/3299
f 1034/647/3300 1124/541/3301 1122/539/3302 1032/645/3303
s 143
f 1033/621/3304 1123/542/3305 1125/544/3306 1035/1088/3307
s 144
f 1036/649/3308 1126/543/3309 1124/541/3310 1034/647/3311
s 145
f 1037/625/3312 1127/548/3313 1129/547/3314 1039/626/3315
s 146
f 1040/653/3316 1130/546/3317 1128/545/3318 1038/650/3319
s off
f 1039/626/3320 1129/547/3321 1131/550/3322 1041/628/3323
f 1042/655/3324 1132/549/3325 1130/546/3326 1040/653/3327
f 1041/628/3328 1131/550/3329 1133/552/3330 1043/630/3331
f 1044/657/3332 1134/551/3333 1132/549/3334 1042/655/3335
f 1043/630/3336 1133/552/3337 1135/554/3338 1045/632/3339
f 1046/659/3340 1136/553/3341 1134/551/3342 1044/657/3343
f 1045/632/3344 1135/554/3345 1118/1170/3346 1047/1163/3347
f 1048/1171/3348 1117/535/3349 1136/553/3350 1046/659/3351
f 1050/662/3352 1138/558/3353 1139/1169/3354 1070/1161/3355
f 1069/1167/3356 1140/556/3357 1137/555/3358 1049/641/3359
f 1049/641/3360 1137/555/3361 1141/560/3362 1051/642/3363
f 1052/663/3364 1142/559/3365 1138/558/3366 1050/662/3367
f 1051/642/3368 1141/560/3369 1143/562/3370 1053/644/3371
f 1054/664/3372 1144/561/3373 1142/559/3374 1052/663/3375
f 1053/644/3376 1143/562/3377 1145/564/3378 1055/646/3379
f 1056/665/3380 1146/563/3381 1144/561/3382 1054/664/3383
s 147
f 1055/646/3384 1145/564/3385 1147/566/3386 1057/648/3387
s 148
f 1058/666/3388 1148/565/3389 1146/563/3390 1056/665/3391
s 149
f 1059/651/3392 1149/570/3393 1151/569/3394 1061/652/3395
s 150
f 1062/668/3396 1152/568/3397 1150/567/3398 1060/667/3399
s off
f 1061/652/3400 1151/569/3401 1153/572/3402 1063/654/3403
f 1064/669/3404 1154/571/3405 1152/568/3406 1062/668/3407
f 1063/654/3408 1153/572/3409 1155/574/3410 1065/656/3411
f 1066/670/3412 1156/573/3413 1154/571/3414 1064/669/3415
f 1065/656/3416 1155/574/3417 1157/576/3418 1067/658/3419
f 1068/671/3420 1158/575/3421 1156/573/3422 1066/670/3423
f 1067/658/3424 1157/576/3425 1140/1168/3426 1069/660/3427
f 1070/681/3428 1139/557/3429 1158/575/3430 1068/671/3431
f 1177/1135/3432 1180/1147/3433 1179/684/3434 1178/685/3435
f 1178/685/3436 1179/684/3437 1182/686/3438 1181/687/3439
f 1181/687/3440 1182/686/3441 1184/1143/3442 1183/1132/3443
f 1186/690/3444 1188/1144/3445 1187/692/3446 1185/693/3447
f 1185/1081/3448 1187/1082/3449 1190/694/3450 1189/1083/3451
f 1189/1083/3452 1190/694/3453 1192/1165/3454 1191/1164/3455
f 1194/697/3456 1196/1166/3457 1195/699/3458 1193/700/3459
f 1193/700/3460 1195/699/3461 1198/701/3462 1197/1202/3463
f 1197/1202/3464 1198/701/3465 1200/1145/3466 1199/1204/3467
f 1180/1147/3468 1160/590/3469 1163/592/3470 1179/684/3471
f 1179/684/3472 1163/592/3473 1164/591/3474 1182/686/3475
f 1187/1082/3476 1169/1080/3477 1170/638/3478 1190/694/3479
f 1195/699/3480 1175/677/3481 1176/676/3482 1198/701/3483
f 1198/701/3484 1176/676/3485 1173/1146/3486 1200/1145/3487
f 1182/686/3488 1187/692/3489 1188/1144/3490 1184/1143/3491
f 1164/591/3492 1169/639/3493 1187/692/3494 1182/686/3495
f 1161/1140/3496 1165/637/3497 1169/639/3498 1164/591/3499
f 1190/694/3500 1195/699/3501 1196/1166/3502 1192/1165/3503
f 1170/638/3504 1175/677/3505 1195/699/3506 1190/694/3507
f 1167/1138/3508 1171/675/3509 1175/677/3510 1170/638/3511
f 1201/1128/3512 1202/706/3513 1180/683/3514 1177/1136/3515
f 1183/689/3516 1184/688/3517 1204/707/3518 1203/708/3519
f 1203/708/3520 1204/707/3521 1202/706/3522 1201/1128/3523
f 1205/709/3524 1206/710/3525 1188/691/3526 1186/1130/3527
f 1191/696/3528 1192/695/3529 1208/711/3530 1207/712/3531
f 1207/712/3532 1208/711/3533 1206/710/3534 1205/709/3535
f 1209/713/3536 1210/714/3537 1196/698/3538 1194/1162/3539
f 1199/1203/3540 1200/703/3541 1212/715/3542 1211/716/3543
f 1211/716/3544 1212/715/3545 1210/714/3546 1209/713/3547
f 1202/706/3548 1159/587/3549 1160/1148/3550 1180/683/3551
f 1204/707/3552 1162/588/3553 1159/587/3554 1202/706/3555
f 1208/711/3556 1168/635/3557 1166/634/3558 1206/710/3559
f 1200/703/3560 1173/674/3561 1174/673/3562 1212/715/3563
f 1212/715/3564 1174/673/3565 1172/672/3566 1210/714/3567
f 1192/695/3568 1196/698/3569 1210/714/3570 1208/711/3571
f 1168/635/3572 1172/672/3573 1171/1139/3574 1167/636/3575
f 1208/711/3576 1210/714/3577 1172/672/3578 1168/635/3579
f 1162/588/3580 1166/634/3581 1165/1142/3582 1161/589/3583
f 1184/688/3584 1188/691/3585 1206/710/3586 1204/707/3587
f 1204/707/3588 1206/710/3589 1166/634/3590 1162/588/3591
f 969/476/3592 1177/682/3593 1178/1134/3594 959/467/3595
f 959/1133/3596 1178/685/3597 1181/687/3598 983/577/3599
f 983/577/3600 1181/687/3601 1183/1132/3602 1003/678/3603
f 1026/1129/3604 1186/690/3605 1185/693/3606 1006/615/3607
f 1006/1084/3608 1185/1081/3609 1189/1083/3610 1027/616/3611
f 1027/616/3612 1189/1083/3613 1191/1164/3614 1047/680/3615
f 1070/1161/3616 1194/697/3617 1193/700/3618 1050/662/3619
f 1050/662/3620 1193/700/3621 1197/1202/3622 970/477/3623
f 970/1201/3624 1197/702/3625 1199/704/3626 980/488/3627
f 968/1127/3628 1201/705/3629 1177/682/3630 969/476/3631
f 1003/1131/3632 1183/689/3633 1203/708/3634 1001/586/3635
f 1001/586/3636 1203/708/3637 1201/1128/3638 968/475/3639
f 1024/633/3640 1205/709/3641 1186/1130/3642 1026/679/3643
f 1047/1163/3644 1191/696/3645 1207/712/3646 1045/632/3647
f 1045/632/3648 1207/712/3649 1205/709/3650 1024/633/3651
f 1068/671/3652 1209/713/3653 1194/1162/3654 1070/681/3655
f 980/488/3656 1199/704/3657 1211/1200/3658 979/487/3659
f 979/1199/3660 1211/716/3661 1209/713/3662 1068/671/3663
s 113
f 1214/1126/3664 1213/1099/3665 981/466/2873
f 1215/1125/3666 1214/1126/3664 981/466/2873
f 1216/1123/3667 1215/1125/3666 981/466/2873
f 963/1124/2877 1216/1123/3667 981/466/2873
f 1217/1121/3668 964/472/2879 981/466/2873
f 1218/1120/3669 1217/1121/3668 981/466/2873
f 1219/1119/3670 1218/1120/3669 981/466/2873
f 1220/724/3671 1219/1119/3670 981/466/2873
f 1221/725/3672 1220/724/3671 981/466/2873
f 1213/1099/3665 1221/725/3672 981/466/2873
s 115
f 1222/726/3673 1223/1198/3674 982/478/2885
f 1223/1198/3674 1224/1197/3675 982/478/2885
f 1224/1197/3675 1225/1195/3676 982/478/2885
f 1225/1195/3676 974/482/2889 982/478/2885
f 975/1194/2890 1226/1193/3677 982/478/2885
f 1226/1193/3677 1227/1192/3678 982/478/2885
f 1227/1192/3678 1228/1191/3679 982/478/2885
f 1228/1191/3679 1229/1185/3680 982/478/2885
f 1229/1185/3680 1230/734/3681 982/478/2885
f 1230/734/3681 1222/726/3673 982/478/2885
s 117
f 1303/735/3682 1304/736/3683 1305/737/3684 1306/1116/3685
f 1304/736/3683 1303/735/3682 1307/739/3686 1308/740/3687
f 1308/740/3687 1307/739/3686 1309/741/3688 1310/742/3689
f 1310/742/3689 1309/741/3688 1311/743/3690 1312/744/3691
f 1312/744/3691 1311/743/3690 1081/500/2907 1082/499/2906
f 1084/501/2908 1083/504/2911 1313/745/3692 1314/746/3693
f 1314/746/3693 1313/745/3692 1315/747/3694 1316/748/3695
f 1316/748/3695 1315/747/3694 1317/749/3696 1318/750/3697
f 1318/750/3697 1317/749/3696 1319/751/3698 1320/752/3699
f 1320/752/3699 1319/751/3698 1306/738/3685 1305/1118/3684
s 119
f 1321/753/3700 1322/754/3701 1323/755/3702 1324/1114/3703
f 1322/754/3701 1321/753/3700 1325/757/3704 1326/758/3705
f 1326/758/3705 1325/757/3704 1327/759/3706 1328/760/3707
f 1328/760/3707 1327/759/3706 1329/761/3708 1330/762/3709
f 1330/762/3709 1329/761/3708 1103/522/2929 1104/521/2928
f 1106/523/2930 1105/526/2933 1331/763/3710 1332/764/3711
f 1332/764/3711 1331/763/3710 1333/765/3712 1334/766/3713
f 1334/766/3713 1333/765/3712 1335/767/3714 1336/768/3715
f 1336/768/3715 1335/767/3714 1337/769/3716 1338/770/3717
f 1338/770/3717 1337/769/3716 1324/756/3703 1323/1115/3702
s 121
f 1339/771/3718 1340/772/3719 1341/773/3720 1342/1182/3721
f 1340/772/3719 1339/771/3718 1343/775/3722 1344/776/3723
f 1344/776/3723 1343/775/3722 1345/777/3724 1346/778/3725
f 1346/778/3725 1345/777/3724 1347/779/3726 1348/780/3727
f 1348/780/3727 1347/779/3726 1125/544/2951 1126/543/2950
f 1128/545/2952 1127/548/2955 1349/781/3728 1350/782/3729
f 1350/782/3729 1349/781/3728 1351/783/3730 1352/784/3731
f 1352/784/3731 1351/783/3730 1353/785/3732 1354/786/3733
f 1354/786/3733 1353/785/3732 1355/787/3734 1356/788/3735
f 1356/788/3735 1355/787/3734 1342/774/3721 1341/1184/3720
s 123
f 1357/789/3736 1358/790/3737 1359/791/3738 1360/1180/3739
f 1358/790/3737 1357/789/3736 1361/793/3740 1362/794/3741
f 1362/794/3741 1361/793/3740 1363/795/3742 1364/796/3743
f 1364/796/3743 1363/795/3742 1365/797/3744 1366/798/3745
f 1366/798/3745 1365/797/3744 1147/566/2973 1148/565/2972
f 1150/567/2974 1149/570/2977 1367/799/3746 1368/800/3747
f 1368/800/3747 1367/799/3746 1369/801/3748 1370/802/3749
f 1370/802/3749 1369/801/3748 1371/803/3750 1372/804/3751
f 1372/804/3751 1371/803/3750 1373/805/3752 1374/806/3753
f 1374/806/3753 1373/805/3752 1360/792/3739 1359/1181/3738
s 125
f 1213/718/3754 1214/717/3755 1233/807/3756 1231/808/3757
f 1214/717/3755 1215/719/3758 1235/809/3759 1233/807/3756
f 1215/719/3758 1216/720/3760 1237/810/3761 1235/809/3759
f 1216/720/3760 963/470/2993 991/581/2992 1237/810/3761
s 126
f 964/1122/2994 1217/721/3762 1239/811/3763 993/582/2995
f 1217/721/3762 1218/722/3764 1241/812/3765 1239/811/3763
f 1218/722/3764 1219/723/3766 1243/813/3767 1241/812/3765
f 1219/723/3766 1220/1093/3768 1245/814/3769 1243/813/3767
s off
f 1375/815/3770 1376/816/3771 1377/1105/3772 1378/818/3773
f 1376/1112/3774 1379/819/3775 1380/820/3776 1377/817/3777
s 127
f 1232/821/3778 1234/822/3779 1251/823/3780 1249/824/3781
f 1234/822/3779 1236/825/3782 1253/826/3783 1251/823/3780
f 1236/825/3782 1238/827/3784 1255/828/3785 1253/826/3783
f 1238/827/3784 992/602/3021 1013/601/3020 1255/828/3785
f 994/603/3022 1240/829/3786 1257/830/3787 1015/604/3023
f 1240/829/3786 1242/831/3788 1259/832/3789 1257/830/3787
f 1242/831/3788 1244/833/3790 1261/834/3791 1259/832/3789
f 1244/833/3790 1246/835/3792 1263/836/3793 1261/834/3791
f 1246/835/3792 1248/837/3794 1265/1113/3795 1263/836/3793
f 1248/1117/3794 1232/821/3778 1249/824/3781 1265/838/3795
s 129
f 1250/1085/3796 1252/1086/3797 1269/841/3798 1267/1091/3799
f 1252/1086/3797 1254/1087/3800 1271/843/3801 1269/841/3798
f 1254/1087/3800 1256/1089/3802 1273/845/3803 1271/843/3801
f 1256/1089/3802 1014/1076/3043 1035/1088/3042 1273/845/3803
s 130
f 1016/624/3044 1258/846/3804 1275/847/3805 1037/625/3045
f 1258/846/3804 1260/848/3806 1277/849/3807 1275/847/3805
f 1260/848/3806 1262/850/3808 1279/851/3809 1277/849/3807
f 1262/850/3808 1264/852/3810 1281/853/3811 1279/851/3809
s off
f 1382/854/3812 1381/855/3813 1383/1103/3814 1384/857/3815
f 1381/1106/3816 1385/858/3817 1386/859/3818 1383/856/3819
s 131
f 1268/860/3820 1270/861/3821 1287/862/3822 1285/863/3823
f 1270/861/3821 1272/864/3824 1289/865/3825 1287/862/3822
f 1272/864/3824 1274/866/3826 1291/867/3827 1289/865/3825
f 1274/866/3826 1036/649/3071 1057/648/3070 1291/867/3827
f 1038/650/3072 1276/868/3828 1293/869/3829 1059/651/3073
f 1276/868/3828 1278/870/3830 1295/871/3831 1293/869/3829
f 1278/870/3830 1280/872/3832 1297/873/3833 1295/871/3831
f 1280/872/3832 1282/874/3834 1299/875/3835 1297/873/3833
f 1282/874/3834 1284/876/3836 1301/1179/3837 1299/875/3835
f 1284/1183/3836 1268/860/3820 1285/863/3823 1301/877/3837
s 133
f 1286/878/3838 1288/879/3839 1223/727/3840 1222/1187/3841
f 1288/879/3839 1290/880/3842 1224/728/3843 1223/727/3840
f 1290/880/3842 1292/881/3844 1225/729/3845 1224/728/3843
f 1292/881/3844 1058/666/3093 974/1196/3092 1225/729/3845
s 134
f 1060/667/3094 1294/882/3846 1226/730/3847 975/483/3095
f 1294/882/3846 1296/883/3848 1227/731/3849 1226/730/3847
f 1296/883/3848 1298/884/3850 1228/732/3851 1227/731/3849
f 1298/884/3850 1300/885/3852 1229/733/3853 1228/732/3851
s off
f 1388/886/3854 1387/887/3855 1389/1110/3856 1390/889/3857
f 1387/1104/3858 1391/890/3859 1392/891/3860 1389/888/3861
f 1232/821/3862 1248/1117/3863 1305/737/3864 1304/736/3865
f 1247/1097/3866 1231/808/3867 1303/735/3868 1306/1116/3869
f 1231/808/3870 1233/807/3871 1307/739/3872 1303/735/3873
f 1234/822/3874 1232/821/3875 1304/736/3876 1308/740/3877
f 1233/807/3878 1235/809/3879 1309/741/3880 1307/739/3881
f 1236/825/3882 1234/822/3883 1308/740/3884 1310/742/3885
f 1235/809/3886 1237/810/3887 1311/743/3888 1309/741/3889
f 1238/827/3890 1236/825/3891 1310/742/3892 1312/744/3893
s 135
f 1237/810/3894 991/581/3147 1081/500/3146 1311/743/3895
s 136
f 992/602/3148 1238/827/3896 1312/744/3897 1082/499/3149
s 137
f 993/582/3152 1239/811/3898 1313/745/3899 1083/504/3153
s 138
f 1240/829/3900 994/603/3159 1084/501/3158 1314/746/3901
s off
f 1239/811/3902 1241/812/3903 1315/747/3904 1313/745/3905
f 1242/831/3906 1240/829/3907 1314/746/3908 1316/748/3909
f 1241/812/3910 1243/813/3911 1317/749/3912 1315/747/3913
f 1244/833/3914 1242/831/3915 1316/748/3916 1318/750/3917
f 1243/813/3918 1245/814/3919 1319/751/3920 1317/749/3921
f 1246/835/3922 1244/833/3923 1318/750/3924 1320/752/3925
f 1245/814/3926 1247/892/3927 1306/738/3928 1319/751/3929
f 1248/837/3930 1246/835/3931 1320/752/3932 1305/1118/3933
f 1250/839/3934 1266/893/3935 1323/755/3936 1322/754/3937
f 1265/838/3938 1249/824/3939 1321/753/3940 1324/1114/3941
f 1249/824/3942 1251/823/3943 1325/757/3944 1321/753/3945
f 1252/840/3946 1250/839/3947 1322/754/3948 1326/758/3949
f 1251/823/3950 1253/826/3951 1327/759/3952 1325/757/3953
f 1254/842/3954 1252/840/3955 1326/758/3956 1328/760/3957
f 1253/826/3958 1255/828/3959 1329/761/3960 1327/759/3961
f 1256/844/3962 1254/842/3963 1328/760/3964 1330/762/3965
s 139
f 1255/828/3966 1013/601/3227 1103/522/3226 1329/761/3967
s 140
f 1014/623/3228 1256/844/3968 1330/762/3969 1104/521/3229
s 141
f 1015/604/3232 1257/830/3970 1331/763/3971 1105/526/3233
s 142
f 1258/846/3972 1016/624/3239 1106/523/3238 1332/764/3973
s off
f 1257/830/3974 1259/832/3975 1333/765/3976 1331/763/3977
f 1260/848/3978 1258/846/3979 1332/764/3980 1334/766/3981
f 1259/832/3982 1261/834/3983 1335/767/3984 1333/765/3985
f 1262/850/3986 1260/848/3987 1334/766/3988 1336/768/3989
f 1261/834/3990 1263/836/3991 1337/769/3992 1335/767/3993
f 1264/852/3994 1262/850/3995 1336/768/3996 1338/770/3997
f 1263/836/3998 1265/1113/3999 1324/756/4000 1337/769/4001
f 1266/1095/4002 1264/852/4003 1338/770/4004 1323/1115/4005
f 1268/860/4006 1284/1183/4007 1341/773/4008 1340/772/4009
f 1283/1175/4010 1267/1091/4011 1339/771/4012 1342/1182/4013
f 1267/1091/4014 1269/841/4015 1343/775/4016 1339/771/4017
f 1270/861/4018 1268/860/4019 1340/772/4020 1344/776/4021
f 1269/841/4022 1271/843/4023 1345/777/4024 1343/775/4025
f 1272/864/4026 1270/861/4027 1344/776/4028 1346/778/4029
f 1271/843/4030 1273/845/4031 1347/779/4032 1345/777/4033
f 1274/866/4034 1272/864/4035 1346/778/4036 1348/780/4037
s 143
f 1273/845/4038 1035/1088/3307 1125/544/3306 1347/779/4039
s 144
f 1036/649/3308 1274/866/4040 1348/780/4041 1126/543/3309
s 145
f 1037/625/3312 1275/847/4042 1349/781/4043 1127/548/3313
s 146
f 1276/868/4044 1038/650/3319 1128/545/3318 1350/782/4045
s off
f 1275/847/4046 1277/849/4047 1351/783/4048 1349/781/4049
f 1278/870/4050 1276/868/4051 1350/782/4052 1352/784/4053
f 1277/849/4054 1279/851/4055 1353/785/4056 1351/783/4057
f 1280/872/4058 1278/870/4059 1352/784/4060 1354/786/4061
f 1279/851/4062 1281/853/4063 1355/787/4064 1353/785/4065
f 1282/874/4066 1280/872/4067 1354/786/4068 1356/788/4069
f 1281/853/4070 1283/894/4071 1342/774/4072 1355/787/4073
f 1284/876/4074 1282/874/4075 1356/788/4076 1341/1184/4077
f 1286/878/4078 1302/895/4079 1359/791/4080 1358/790/4081
f 1301/877/4082 1285/863/4083 1357/789/4084 1360/1180/4085
f 1285/863/4086 1287/862/4087 1361/793/4088 1357/789/4089
f 1288/879/4090 1286/878/4091 1358/790/4092 1362/794/4093
f 1287/862/4094 1289/865/4095 1363/795/4096 1361/793/4097
f 1290/880/4098 1288/879/4099 1362/794/4100 1364/796/4101
f 1289/865/4102 1291/867/4103 1365/797/4104 1363/795/4105
f 1292/881/4106 1290/880/4107 1364/796/4108 1366/798/4109
s 147
f 1291/867/4110 1057/648/3387 1147/566/3386 1365/797/4111
s 148
f 1058/666/3388 1292/881/4112 1366/798/4113 1148/565/3389
s 149
f 1059/651/3392 1293/869/4114 1367/799/4115 1149/570/3393
s 150
f 1294/882/4116 1060/667/3399 1150/567/3398 1368/800/4117
s off
f 1293/869/4118 1295/871/4119 1369/801/4120 1367/799/4121
f 1296/883/4122 1294/882/4123 1368/800/4124 1370/802/4125
f 1295/871/4126 1297/873/4127 1371/803/4128 1369/801/4129
f 1298/884/4130 1296/883/4131 1370/802/4132 1372/804/4133
f 1297/873/4134 1299/875/4135 1373/805/4136 1371/803/4137
f 1300/885/4138 1298/884/4139 1372/804/4140 1374/806/4141
f 1299/875/4142 1301/1179/4143 1360/792/4144 1373/805/4145
f 1302/1173/4146 1300/885/4147 1374/806/4148 1359/1181/4149
f 1393/1102/4150 1394/1100/4151 1395/898/4152 1396/1111/4153
f 1394/1100/4154 1397/900/4155 1398/901/4156 1395/898/4157
f 1397/900/4158 1399/902/4159 1400/1107/4160 1398/901/4161
f 1402/1096/4162 1401/905/4163 1403/906/4164 1404/1108/4165
f 1401/1092/4166 1405/908/4167 1406/909/4168 1403/1090/4169
f 1405/908/4170 1407/910/4171 1408/1177/4172 1406/909/4173
f 1410/1174/4174 1409/913/4175 1411/914/4176 1412/1178/4177
f 1409/913/4178 1413/916/4179 1414/917/4180 1411/914/4181
f 1413/916/4182 1415/1189/4183 1416/1109/4184 1414/917/4185
f 1396/1111/4186 1395/898/4187 1379/819/4188 1376/1112/4189
f 1395/898/4190 1398/901/4191 1380/820/4192 1379/819/4193
f 1403/1090/4194 1406/909/4195 1386/859/4196 1385/858/4197
f 1411/914/4198 1414/917/4199 1392/891/4200 1391/890/4201
f 1414/917/4202 1416/1109/4203 1389/888/4204 1392/891/4205
f 1398/901/4206 1400/1107/4207 1404/1108/4208 1403/906/4209
f 1380/820/4210 1398/901/4211 1403/906/4212 1385/858/4213
f 1377/817/4214 1380/820/4215 1385/858/4216 1381/1106/4217
f 1406/909/4218 1408/1177/4219 1412/1178/4220 1411/914/4221
f 1386/859/4222 1406/909/4223 1411/914/4224 1391/890/4225
f 1383/856/4226 1386/859/4227 1391/890/4228 1387/1104/4229
f 1417/920/4230 1393/1101/4231 1396/899/4232 1418/921/4233
f 1399/1098/4234 1419/922/4235 1420/923/4236 1400/903/4237
f 1419/922/4238 1417/920/4239 1418/921/4240 1420/923/4241
f 1421/924/4242 1402/904/4243 1404/907/4244 1422/925/4245
f 1407/1176/4246 1423/926/4247 1424/927/4248 1408/911/4249
f 1423/926/4250 1421/924/4251 1422/925/4252 1424/927/4253
f 1425/928/4254 1410/912/4255 1412/915/4256 1426/929/4257
f 1415/1190/4258 1427/1186/4259 1428/931/4260 1416/919/4261
f 1427/1186/4262 1425/928/4263 1426/929/4264 1428/931/4265
f 1418/921/4266 1396/899/4267 1376/816/4268 1375/815/4269
f 1420/923/4270 1418/921/4271 1375/815/4272 1378/818/4273
f 1424/927/4274 1422/925/4275 1382/854/4276 1384/857/4277
f 1416/919/4278 1428/931/4279 1390/889/4280 1389/1110/4281
f 1428/931/4282 1426/929/4283 1388/886/4284 1390/889/4285
f 1408/911/4286 1424/927/4287 1426/929/4288 1412/915/4289
f 1384/857/4290 1383/1103/4291 1387/887/4292 1388/886/4293
f 1424/927/4294 1384/857/4295 1388/886/4296 1426/929/4297
f 1378/818/4298 1377/1105/4299 1381/855/4300 1382/854/4301
f 1400/903/4302 1420/923/4303 1422/925/4304 1404/907/4305
f 1420/923/4306 1378/818/4307 1382/854/4308 1422/925/4309
f 1221/725/4310 1213/1099/4311 1394/897/4312 1393/896/4313
f 1213/718/4314 1231/808/4315 1397/900/4316 1394/1100/4317
f 1231/808/4318 1247/1097/4319 1399/902/4320 1397/900/4321
f 1266/893/4322 1250/839/4323 1401/905/4324 1402/1096/4325
f 1250/1085/4326 1267/1091/4327 1405/908/4328 1401/1092/4329
f 1267/1091/4330 1283/1175/4331 1407/910/4332 1405/908/4333
f 1302/895/4334 1286/878/4335 1409/913/4336 1410/1174/4337
f 1286/878/4338 1222/1187/4339 1413/916/4340 1409/913/4341
f 1222/726/4342 1230/734/4343 1415/918/4344 1413/1188/4345
f 1220/724/4346 1221/725/4347 1393/896/4348 1417/1094/4349
f 1247/892/4350 1245/814/4351 1419/922/4352 1399/1098/4353
f 1245/814/4354 1220/1093/4355 1417/920/4356 1419/922/4357
f 1264/852/4358 1266/1095/4359 1402/904/4360 1421/924/4361
f 1283/894/4362 1281/853/4363 1423/926/4364 1407/1176/4365
f 1281/853/4366 1264/852/4367 1421/924/4368 1423/926/4369
f 1300/885/4370 1302/1173/4371 1410/912/4372 1425/928/4373
f 1230/734/4374 1229/1185/4375 1427/930/4376 1415/918/4377
f 1229/733/4378 1300/885/4379 1425/928/4380 1427/1186/4381
s 50
f 1438/1676/4382 1432/1673/4383 1434/1672/4384 1437/1677/4385
f 1441/1678/4386 1432/1673/4383 1438/1676/4382 1440/1680/4387
f 1437/1677/4385 1434/1672/4384 1443/1675/4388 1444/1679/4389
s 163
f 1431/1401/4390 1439/1402/4391 1781/1403/4392 1780/1404/4393
f 1433/1409/4394 1431/1401/4390 1780/1404/4393 1779/1410/4395
f 1442/1417/4396 1433/1409/4394 1779/1410/4395 1778/1418/4397
s 52
f 1776/2635/4398 1430/2634/4399 1436/2638/4400 1895/2639/4401 1777/2640/4402
s 53
f 1435/2711/4403 1429/2712/4404 1783/2698/4405 1782/2704/4406
s 54
f 1453/1819/4407 1471/1805/4408 1473/1818/4409 1467/1829/4410
s off
f 1468/1970/4411 1474/1960/4412 1472/1949/4413 1454/1959/4414
s 54
f 1455/1799/4415 1477/1800/4416 1479/1788/4417 1457/1787/4418
s off
f 1458/1942/4419 1480/1940/4420 1478/1953/4421 1456/1954/4422
s 54
f 1459/1772/4423 1481/1769/4424 1470/1781/4425 1462/1784/4426
s off
f 1461/1927/4427 1469/1928/4428 1482/1918/4429 1460/1917/4430
f 1464/1978/4431 1484/1971/4432 1474/1960/4433 1468/1970/4434
s 54
f 1467/1829/4410 1473/1818/4435 1483/1828/4436 1463/1838/4437
f 1463/1838/4437 1483/1828/4438 1476/1827/4439 1466/1836/4440
s off
f 1465/1979/4441 1475/1972/4442 1484/1971/4443 1464/1978/4444
f 1488/2042/4445 1514/2046/4446 1517/2049/4447 1485/2047/4448
f 1486/2013/4449 1518/2014/4450 1513/2010/4451 1489/2009/4452
f 1487/1557/4453 1519/1551/4454 1516/1546/4455 1490/1549/4456
f 1490/1549/4457 1516/1546/4458 1515/1545/4459 1491/1550/4460
f 1491/1550/4461 1515/1545/4462 1520/1555/4463 1492/1558/4464
s 171
f 1786/1412/4465 1789/1411/4466 1788/1419/4467 1787/1420/4468
s 172
f 1815/1432/4469 1817/1431/4470 1816/1436/4471 1814/1437/4472
s 54
f 1493/1825/4473 1503/1826/4474 1504/1813/4475 1494/1812/4476
f 1495/1796/4477 1497/1792/4478 1498/1806/4479 1496/1809/4480
s off
f 1500/1947/4481 1502/1948/4482 1501/1938/4483 1499/1937/4484
f 1506/1965/4485 1508/1964/4486 1507/1973/4487 1505/1974/4488
s 173
f 1538/1405/4489 1789/1411/4490 1786/1412/4491 1790/1406/4492
s 174
f 1817/1431/4493 1815/1432/4494 1539/1426/4495 1818/1425/4496
s 175
f 1814/2647/4497 1816/2648/4498 1819/2644/4499 1536/2643/4500
s 176
f 1787/2715/4501 1788/2718/4502 1533/2716/4503 1791/2710/4504
s off
f 1499/1937/4505 1501/1938/4506 1469/1928/4507 1461/1927/4508
s 54
f 1462/1784/4426 1470/1781/4425 1497/1792/4478 1495/1796/4477
f 1496/1809/4480 1498/1806/4479 1471/1805/4408 1453/1819/4407
s off
f 1454/1959/4509 1472/1949/4510 1502/1948/4511 1500/1947/4512
f 1505/1974/4513 1507/1973/4514 1475/1972/4515 1465/1979/4516
s 54
f 1466/1836/4440 1476/1827/4439 1503/1826/4474 1493/1825/4473
f 1494/1812/4476 1504/1813/4475 1477/1800/4416 1455/1799/4415
s off
f 1456/1954/4517 1478/1953/4518 1508/1964/4519 1506/1965/4520
f 1485/2047/4521 1517/2049/4522 1523/2051/4523 1510/2050/4524
f 1509/1565/4525 1524/1559/4526 1519/1551/4527 1487/1557/4528
f 1492/1558/4529 1520/1555/4530 1521/1564/4531 1512/1566/4532
f 1511/2017/4533 1522/2018/4534 1518/2014/4535 1486/2013/4536
f 1511/2017/4537 1512/2022/4538 1521/2023/4539 1522/2018/4540
f 1509/2048/4541 1510/2050/4542 1523/2051/4543 1524/2052/4544
s 67
f 1525/2098/4545 1535/2101/4546 1536/2099/4547 1526/2096/4548
s 68
f 1527/2431/4549 1533/2430/4550 1534/2433/4551 1528/2434/4552
s 179
f 1529/1455/4553 1539/1449/4554 1540/1450/4555 1530/1456/4556
f 1530/1456/4556 1531/1460/4557 1532/1461/4558 1529/1455/4553
f 1531/1460/4557 1537/1464/4559 1538/1465/4560 1532/1461/4558
s off
f 1793/2437/4561 1795/2443/4562 1794/2444/4563 1792/2438/4564
f 1821/2457/4565 1823/2458/4566 1822/2450/4567 1820/2454/4568
f 1797/1468/4569 1799/1472/4570 1798/1473/4571 1796/1469/4572
f 1825/1441/4573 1827/1442/4574 1826/1443/4575 1824/1444/4576
f 1823/1445/4577 1826/1443/4578 1827/1442/4579 1822/1446/4580
f 1795/1476/4581 1798/1473/4582 1799/1472/4583 1794/1477/4584
s 180
f 1433/2421/4585 1529/2422/4586 1532/2423/4587 1431/2424/4588
s 181
f 1435/2429/4589 1533/2430/4590 1527/2431/4591 1429/2432/4592
s 72
f 1430/2097/4593 1526/2096/4594 1536/2099/4595 1436/2100/4596
s 180
f 1431/2424/4588 1532/2423/4587 1538/2427/4597 1439/2428/4598
f 1442/2425/4599 1539/2426/4600 1529/2422/4586 1433/2421/4585
s 183
f 1814/2449/4601 1822/2450/4602 1827/2451/4603 1815/2452/4604
s 184
f 1789/2445/4605 1798/2446/4606 1795/2443/4607 1788/2442/4608
f 1538/2447/4609 1796/2448/4610 1798/2446/4606 1789/2445/4605
f 1788/2442/4608 1795/2443/4607 1793/2437/4611 1533/2430/4612
s 183
f 1536/2453/4613 1820/2454/4614 1822/2450/4602 1814/2449/4601
f 1815/2452/4604 1827/2451/4603 1825/2455/4615 1539/2456/4616
s off
f 1541/1481/4617 1547/1482/4618 1548/1483/4619 1542/1484/4620
f 1542/1484/4621 1544/1485/4622 1543/1486/4623 1541/1481/4624
f 1544/1485/4625 1546/1487/4626 1545/1488/4627 1543/1486/4628
f 1546/2731/4629 1552/2729/4630 1551/2730/4631 1545/2732/4632
f 1547/2745/4633 1549/2744/4634 1550/2743/4635 1548/2746/4636
f 1511/2017/4637 1486/2013/4638 1546/2016/4639
f 1490/2039/4640 1491/2034/4641 1544/2035/4642 1542/2040/4643
f 1550/2043/4644 1488/2042/4645 1485/2047/4646 1548/2045/4647
f 1486/2013/4648 1489/2009/4649 1552/2012/4650 1546/2016/4651
f 1487/2044/4652 1490/2039/4653 1542/2040/4654 1548/2045/4655
f 1491/2034/4656 1492/2030/4657 1546/2016/4658 1544/2035/4659
f 1509/2048/4660 1487/2044/4661 1548/2045/4662
f 1548/2045/4663 1485/2047/4664 1510/2050/4665
f 1512/2022/4666 1511/2017/4667 1546/2016/4668
f 1509/2048/4669 1548/2045/4670 1510/2050/4671
f 1492/2030/4672 1512/2022/4673 1546/2016/4674
s 53
f 1451/2691/4675 1553/2690/4676 1554/2696/4677 1452/2697/4678
s 176
f 1801/2708/4679 1802/2703/4680 1583/2702/4681 1800/2709/4682
s 171
f 1803/1428/4683 1804/1421/4684 1801/1427/4685 1800/1433/4686
s 173
f 1804/1421/4687 1803/1428/4688 1587/1422/4689 1805/1413/4690
s 163
f 1445/1407/4691 1555/1414/4692 1556/1415/4693 1446/1408/4694
f 1446/1408/4694 1556/1415/4693 1557/1423/4695 1447/1416/4696
f 1447/1416/4696 1557/1423/4695 1558/1429/4697 1448/1424/4698
s 174
f 1829/1435/4699 1830/1430/4700 1589/1434/4701 1828/1438/4702
s 172
f 1829/1435/4703 1828/1438/4704 1832/1440/4705 1831/1439/4706
s 175
f 1831/2650/4707 1832/2651/4708 1585/2649/4709 1833/2646/4710
s 52
f 1560/2641/4711 1450/2637/4712 1449/2642/4713 1559/2645/4714
s 75
f 1571/2183/4715 1565/2182/4716 1566/2185/4717 1572/2184/4718
f 1570/2167/4719 1564/2166/4720 1567/2174/4721 1573/2175/4722
f 1574/2176/4723 1561/2177/4724 1563/2169/4725 1569/2168/4726
f 1572/2184/4727 1566/2185/4717 1561/2177/4724 1574/2176/4728
f 1573/2175/4729 1567/2174/4721 1565/2182/4716 1571/2183/4730
s off
f 1437/1489/4731 1571/1490/4732 1572/1491/4733 1438/1492/4734
s 79
f 1443/2758/4735 1570/2757/4736 1573/2759/4737 1444/2760/4738
s 75
f 1440/2773/4739 1574/2774/4740 1569/2772/4741 1441/2771/4742
s off
f 1438/1492/4743 1572/1491/4744 1574/1495/4745 1440/1496/4746
f 1444/1493/4747 1573/1494/4748 1571/1490/4749 1437/1489/4750
s 81
f 1576/2790/4751 1584/2792/4752 1583/2795/4753 1575/2796/4754
s 82
f 1577/2815/4755 1585/2816/4756 1586/2813/4757 1578/2811/4758
s 197
f 1579/1508/4759 1587/1512/4760 1588/1501/4761 1580/1497/4762
f 1580/1497/4762 1582/1500/4763 1581/1507/4764 1579/1508/4759
f 1582/1500/4763 1590/1506/4765 1589/1516/4766 1581/1507/4764
s off
f 1807/2475/4767 1809/2476/4768 1808/2468/4769 1806/2472/4770
f 1835/2485/4771 1837/2479/4772 1836/2484/4773 1834/2488/4774
f 1811/1520/4775 1813/1525/4776 1812/1526/4777 1810/1521/4778
f 1839/2487/4779 1841/2483/4780 1840/2478/4781 1838/2482/4782
f 1809/1527/4783 1812/1526/4784 1813/1525/4785 1808/1528/4786
f 1841/2483/4787 1836/2484/4788 1837/2479/4789 1840/2478/4790
s 198
f 1595/1511/4791 1606/1503/4792 1605/1498/4793 1596/1502/4794
f 1596/1502/4794 1597/1510/4795 1598/1519/4796 1595/1511/4791
s 85
f 1597/2203/4797 1617/2201/4798 1618/2197/4799 1598/2200/4800
f 1599/2178/4801 1609/2186/4802 1610/2195/4803 1600/2187/4804
s 87
f 1601/2180/4805 1607/2188/4806 1608/2181/4807 1602/2173/4808
s 198
f 1603/1504/4809 1611/1513/4810 1612/1505/4811 1604/1499/4812
f 1604/1499/4812 1605/1498/4793 1606/1503/4792 1603/1504/4809
s 87
f 1607/2188/4806 1616/2198/4813 1615/2189/4814 1608/2181/4807
s 85
f 1609/2186/4802 1618/2197/4799 1617/2201/4798 1610/2195/4803
s 198
f 1611/1513/4810 1613/1522/4815 1614/1514/4816 1612/1505/4811
s 87
f 1613/2199/4817 1615/2189/4814 1616/2198/4813 1614/2202/4818
s 75
f 1595/2194/4819 1598/2200/4820 1562/2196/4821 1561/2177/4724
s 203
f 1580/1497/4822 1605/1498/4823 1604/1499/4824 1582/1500/4825
s 75
f 1603/2192/4826 1606/2193/4827 1566/2185/4717 1565/2182/4716
s 89
f 1576/2790/4828 1600/2789/4829 1610/2791/4830 1584/2792/4831
s 75
f 1564/2166/4720 1602/2173/4832 1608/2181/4833 1567/2174/4721
f 1609/2186/4834 1599/2178/4835 1563/2169/4725 1561/2177/4724
s 203
f 1588/1501/4836 1596/1502/4837 1605/1498/4823 1580/1497/4822
s 75
f 1606/2193/4827 1595/2194/4819 1561/2177/4724 1566/2185/4717
s 203
f 1582/1500/4825 1604/1499/4824 1612/1505/4838 1590/1506/4839
s 75
f 1611/2191/4840 1603/2192/4826 1565/2182/4716 1567/2174/4721
f 1613/2199/4841 1611/2191/4840 1567/2174/4721 1568/2190/4842
s off
f 1593/1515/4843 1614/1514/4844 1616/1523/4845 1594/1524/4846
s 89
f 1584/2792/4831 1610/2791/4830 1617/2793/4847 1591/2794/4848
s 203
f 1592/1509/4849 1597/1510/4850 1596/1502/4837 1588/1501/4836
f 1590/1506/4839 1612/1505/4838 1614/1514/4851 1593/1515/4852
s 75
f 1613/2199/4841 1568/2190/4842 1615/2189/4853
f 1567/2174/4721 1608/2181/4833 1615/2189/4853 1568/2190/4842
f 1598/2200/4820 1618/2197/4854 1562/2196/4821
f 1562/2196/4821 1618/2197/4854 1609/2186/4834 1561/2177/4724
s 205
f 1556/2459/4855 1579/2460/4856 1581/2461/4857 1557/2462/4858
s 91
f 1553/2227/4859 1575/2226/4860 1583/2229/4861 1554/2230/4862
s 92
f 1559/2247/4863 1585/2248/4864 1577/2245/4865 1560/2244/4866
s 205
f 1555/2463/4867 1587/2464/4868 1579/2460/4856 1556/2459/4855
f 1557/2462/4858 1581/2461/4857 1589/2465/4869 1558/2466/4870
s 208
f 1800/2467/4871 1808/2468/4872 1813/2469/4873 1803/2470/4874
s 209
f 1828/2477/4875 1840/2478/4876 1837/2479/4877 1832/2480/4878
s 208
f 1583/2471/4879 1806/2472/4880 1808/2468/4872 1800/2467/4871
s 209
f 1832/2480/4878 1837/2479/4877 1835/2485/4881 1585/2486/4882
s 208
f 1803/2470/4874 1813/2469/4873 1811/2473/4883 1587/2474/4884
s 209
f 1589/2481/4885 1838/2482/4886 1840/2478/4876 1828/2477/4875
s 95
f 1578/2811/4887 1586/2813/4888 1607/2814/4889 1601/2812/4890
f 1586/2813/4888 1594/2817/4891 1616/2818/4892 1607/2814/4889
s off
f 1592/1509/4893 1591/1517/4894 1617/1518/4895 1597/1510/4896
f 1621/1541/4897 1623/1540/4898 1624/1543/4899 1622/1544/4900
f 1626/1533/4901 1628/1534/4902 1627/1531/4903 1625/1530/4904
f 1619/1529/4905 1625/1530/4906 1627/1531/4907 1620/1532/4908
f 1622/2304/4909 1624/2307/4910 1628/2308/4911 1626/2303/4912
f 1633/1535/4913 1636/1536/4914 1635/1537/4915 1634/1538/4916
f 1543/2349/4917 1631/2344/4918 1629/2341/4919 1541/2350/4920
f 1547/2348/4921 1629/2341/4922 1549/2346/4923
f 1545/2351/4924 1631/2344/4925 1543/2349/4926
f 1541/2350/4927 1629/2341/4928 1547/2348/4929
f 1551/2347/4930 1631/2344/4931 1545/2351/4932
f 1632/1539/4933 1623/1540/4934 1621/1541/4935 1630/1542/4936
f 1630/2371/4937 1634/2370/4938 1635/2369/4939 1632/2368/4940
f 1631/2344/4941 1636/2343/4942 1633/2342/4943 1629/2341/4944
s 96
f 1637/1782/4945 1647/1794/4946 1648/1808/4947 1638/1795/4948
s 97
f 1640/1810/4949 1646/1823/4950 1645/1811/4951 1639/1798/4952
s 213
f 1641/1462/4953 1643/1466/4954 1644/1463/4955 1642/1459/4956
f 1642/1459/4956 1652/1454/4957 1651/1458/4958 1641/1462/4953
f 1643/1466/4954 1649/1470/4959 1650/1467/4960 1644/1463/4955
s 97
f 1646/1823/4950 1658/1833/4961 1657/1824/4962 1645/1811/4951
s 96
f 1647/2852/4946 1655/2853/4963 1656/2850/4964 1648/2849/4947
s 213
f 1649/1470/4959 1659/1474/4965 1660/1471/4966 1650/1467/4960
f 1652/1454/4957 1654/1448/4967 1653/1453/4968 1651/1458/4958
s 214
f 1848/2854/4969 1656/2850/4970 1655/2853/4971 1851/2858/4972
s 215
f 1843/1475/4973 1660/1471/4974 1659/1474/4975 1845/1478/4976
s off
f 1661/1935/4977 1671/1945/4978 1672/1936/4979 1662/1926/4980
f 1663/1943/4981 1669/1955/4982 1670/1967/4983 1664/1956/4984
f 1665/1554/4985 1675/1562/4986 1676/1556/4987 1666/1548/4988
f 1666/1548/4989 1667/1547/4990 1668/1553/4991 1665/1554/4992
f 1667/1547/4993 1673/1552/4994 1674/1561/4995 1668/1553/4996
f 1669/1955/4997 1684/1966/4998 1683/1976/4999 1670/1967/5000
f 1671/1945/5001 1678/1957/5002 1677/1946/5003 1672/1936/5004
f 1673/1552/5005 1682/1560/5006 1681/1569/5007 1674/1561/5008
f 1675/1562/5009 1680/1570/5010 1679/1563/5011 1676/1556/5012
f 1678/1957/5013 1679/1968/5014 1680/1958/5015 1677/1946/5016
f 1682/1981/5017 1683/1976/5018 1684/1966/5019 1681/1975/5020
f 1515/1545/5021 1516/1546/5022 1667/1547/5023 1666/1548/5024
f 1517/2873/5025 1514/2871/5026 1664/2872/5027 1670/2874/5028
f 1671/2891/5029 1661/2889/5030 1513/2890/5031 1518/2892/5032
f 1516/1546/5033 1519/1551/5034 1673/1552/5035 1667/1547/5036
f 1520/1555/5037 1515/1545/5038 1666/1548/5039 1676/1556/5040
f 1678/1571/5041 1522/1572/5042 1521/1564/5043 1679/1563/5044
f 1682/1560/5045 1524/1559/5046 1523/1567/5047 1683/1568/5048
f 1519/1551/5049 1524/1559/5050 1682/1560/5051 1673/1552/5052
f 1522/2893/5053 1678/2894/5054 1671/2891/5055 1518/2892/5056
f 1683/2875/5057 1523/2876/5058 1517/2873/5059 1670/2874/5060
f 1679/1563/5061 1521/1564/5062 1520/1555/5063 1676/1556/5064
s 54
f 1463/1838/4437 1643/1844/5065 1641/1839/5066 1467/1829/4410
f 1457/1787/4418 1639/1798/5067 1645/1811/5068 1455/1799/4415
f 1462/1784/4426 1647/1794/5069 1637/1782/5070 1459/1772/4423
f 1466/1836/4440 1649/1843/5071 1643/1844/5065 1463/1838/4437
f 1467/1829/4410 1641/1839/5066 1651/1830/5072 1453/1819/4407
f 1851/1820/5073 1655/1807/5074 1495/1796/4477 1852/1821/5075
f 1845/1841/5076 1659/1842/5077 1493/1825/4473 1846/1837/5078
f 1493/1825/4473 1659/1842/5077 1649/1843/5071 1466/1836/4440
f 1455/1799/4415 1645/1811/5068 1657/1824/5079 1494/1812/4476
f 1495/1796/4477 1655/1807/5074 1647/1794/5069 1462/1784/4426
f 1453/1819/4407 1651/1830/5072 1653/1831/5080 1496/1809/4480
s off
f 1468/1970/5081 1665/1977/5082 1668/1982/5083 1464/1978/5084
f 1456/1954/5085 1669/1955/5086 1663/1943/5087 1458/1942/5088
f 1460/1917/5089 1662/1926/5090 1672/1936/5091 1461/1927/5092
f 1464/1978/5093 1668/1982/5094 1674/1980/5095 1465/1979/5096
f 1454/1959/5097 1675/1969/5098 1665/1977/5099 1468/1970/5100
f 1499/1937/5101 1677/1946/5102 1680/1958/5103 1500/1947/5104
f 1505/1974/5105 1681/1975/5106 1684/1966/5107 1506/1965/5108
f 1465/1979/5109 1674/1980/5110 1681/1975/5111 1505/1974/5112
f 1461/1927/5113 1672/1936/5114 1677/1946/5115 1499/1937/5116
f 1506/1965/5117 1684/1966/5118 1669/1955/5119 1456/1954/5120
f 1500/1947/5121 1680/1958/5122 1675/1969/5123 1454/1959/5124
s 216
f 1642/1459/5125 1644/1463/5126 1531/1460/5127 1530/1456/5128
s 68
f 1646/2937/5129 1640/2926/5130 1528/2928/5131 1534/2938/5132
s 105
f 1535/2848/5133 1525/2846/5134 1638/2847/5135 1648/2849/5136
s 216
f 1644/1463/5126 1650/1467/5137 1537/1464/5138 1531/1460/5127
f 1652/1454/5139 1642/1459/5125 1530/1456/5128 1540/1450/5140
s 53
f 2078/2701/5141 1785/2705/5142 1750/2714/5143 2063/2707/5144
s 54
f 1457/1787/4418 1479/1788/4417 1692/1776/5145 1695/1775/5146
s off
f 1460/1917/5147 1482/1918/5148 1868/1908/5149 1697/1907/5150
f 1489/2009/5151 1513/2010/5152 1702/2005/5153 1701/2004/5154
s 67
f 1526/2096/4548 1704/2093/5155 1703/2095/5156 1525/2098/4545
s off
f 1552/2729/5157 1708/2728/5158 1707/2727/5159 1551/2730/5160
f 1489/2009/5161 1701/2004/5162 1708/2008/5163 1552/2012/5164
s 75
f 1569/2168/4726 1563/2169/4725 1711/2161/5165 1712/2160/5166
f 1441/2771/4742 1569/2772/4741 1712/2770/5167 1687/2769/5168
s 82
f 1578/2249/4758 1718/2246/5169 1717/2242/5170 1577/2245/4755
s 85
f 1600/2187/4804 1720/2179/5171 1719/2170/5172 1599/2178/4801
s 87
f 1602/2173/4808 1722/2165/5173 1721/2172/5174 1601/2180/4805
s 75
f 1599/2178/4835 1719/2170/5175 1711/2161/5165 1563/2169/4725
s 92
f 1560/2244/4866 1577/2245/4865 1717/2242/5176 1709/2241/5177
s off
f 1622/2304/5178 1726/2295/5179 1725/2302/5180 1621/2310/5181
f 1623/2313/5182 1728/2309/5183 1727/2300/5184 1624/2307/5185
f 1625/2311/5186 1730/2305/5187 1729/2296/5188 1626/2303/5189
f 1628/2308/5190 1732/2299/5191 1731/2306/5192 1627/2312/5193
f 1620/2971/5194 1627/2972/5195 1731/2970/5196 1724/2969/5197
f 1626/2303/5198 1729/2296/5199 1726/2295/5200 1622/2304/5201
f 1624/2307/5202 1727/2300/5203 1732/2299/5204 1628/2308/5205
f 1634/2981/5206 1734/2980/5207 1733/2979/5208 1633/2982/5209
f 1636/2991/5210 1736/2990/5211 1735/2989/5212 1635/2992/5213
f 1549/2346/5214 1629/2341/5215 1737/2335/5216 1705/2340/5217
f 1630/3001/5218 1621/3002/5219 1725/3000/5220 1739/2999/5221
f 1629/2341/5222 1633/2342/5223 1733/2336/5224 1737/2335/5225
f 1632/2368/5226 1635/2369/5227 1735/2365/5228 1740/2364/5229
s 96
f 1638/1795/4948 1742/1783/5230 1741/1770/5231 1637/1782/4945
s 97
f 1639/1798/4952 1744/1786/5232 1743/1797/5233 1640/1810/4949
s off
f 1662/1926/5234 1746/1916/5235 1745/1925/5236 1661/1935/5237
f 1664/1956/5238 1748/1944/5239 1747/1933/5240 1663/1943/5241
f 1661/2889/5242 1745/2888/5243 1702/2887/5244 1513/2890/5245
f 1514/2871/5246 1700/2870/5247 1748/2869/5248 1664/2872/5249
s 54
f 1459/1772/4423 1637/1782/5070 1741/1770/5250 1698/1760/5251
s off
f 1458/1942/5252 1663/1943/5253 1747/1933/5254 1696/1932/5255
s 105
f 1525/2846/5134 1703/2845/5256 1742/2844/5257 1638/2847/5135
s 68
f 1640/2926/5130 1743/2918/5258 1770/2917/5259 1771/2927/5260 1528/2928/5131
s 50
f 1686/1668/5261 1434/1672/4384 1432/1673/4383 1685/1669/5262
f 1685/1669/5262 1432/1673/4383 1441/1678/4386 1687/1674/5263
f 1688/1671/5264 1443/1675/4388 1434/1672/4384 1686/1668/5261
s 52
f 1689/2629/5265 1430/2634/4399 1776/2635/4398 1775/2630/5266
s off
f 1693/1930/5267 1480/1940/5268 1458/1942/5269 1696/1932/5270
s 54
f 1694/1757/5271 1481/1769/4424 1459/1772/4423 1698/1760/5251
s off
f 1700/2041/5272 1514/2046/5273 1488/2042/5274 1699/2037/5275
s 72
f 1704/2093/5276 1526/2096/4594 1430/2097/4593 1689/2094/5277
s off
f 1706/2741/5278 1550/2743/5279 1549/2744/5280 1705/2742/5281
f 1699/2037/5282 1488/2042/5283 1550/2043/5284 1706/2038/5285
s 52
f 1690/2633/5286 1450/2637/4712 1560/2641/4711 1709/2636/5287
s 53
f 1710/2685/5288 1553/2690/4676 1451/2691/4675 1691/2686/5289
s 75
f 1713/2158/5290 1564/2166/4720 1570/2167/4719 1714/2159/5291
s 79
f 1714/2755/5292 1570/2757/4736 1443/2758/4735 1688/2756/5293
s 81
f 1716/2225/5294 1576/2228/4751 1575/2226/4754 1715/2222/5295
s 89
f 1720/2787/5296 1600/2789/4829 1576/2790/4828 1716/2788/5297
s 75
f 1722/2165/5298 1602/2173/4832 1564/2166/4720 1713/2158/5290
s 91
f 1715/2222/5299 1575/2226/4860 1553/2227/4859 1710/2223/5300
s 95
f 1718/2809/5301 1578/2811/4887 1601/2812/4890 1721/2810/5302
s off
f 1723/2378/5303 1619/2380/5304 1620/2381/5305 1724/2379/5306
f 1730/3009/5307 1625/3011/5308 1619/3012/5309 1723/3010/5310
f 1738/2338/5311 1631/2344/5312 1551/2347/5313 1707/2345/5314
f 1728/3019/5315 1623/3021/5316 1632/3022/5317 1740/3020/5318
f 1734/2366/5319 1634/2370/5320 1630/2371/5321 1739/2367/5322
f 1736/2337/5323 1636/2343/5324 1631/2344/5325 1738/2338/5326
s 54
f 1744/1786/5327 1639/1798/5067 1457/1787/4418 1695/1775/5146
s off
f 1746/1916/5328 1662/1926/5329 1460/1917/5330 1697/1907/5331
s 50
f 1685/1669/5262 1687/1674/5263 882/1670/2453 883/1665/2452
s 75
f 1687/2769/5168 1712/2770/5167 885/2768/2455 882/2767/2454
s 52
f 1689/2629/5265 1775/2630/5266 955/2624/2457 888/2623/2456
f 1690/2633/5286 1709/2636/5287 889/2632/2459 887/2628/2458
s 107
f 2065/2388/5332 2068/2389/5333 948/2385/2463 947/2384/2462
s off
f 1693/1930/5334 1696/1932/5335 893/1922/5336 891/1921/5337
s 54
f 1694/1757/5271 1698/1760/5251 895/1745/2469 894/1741/2468
s off
f 1696/1932/5338 1747/1933/5339 897/1923/5340 893/1922/5341
s 54
f 1698/1760/5251 1741/1770/5250 899/1758/2474 895/1745/2469
s off
f 1699/2037/5342 1706/2038/5343 900/2033/5344 901/2032/5345
f 1701/2004/5346 1702/2005/5347 903/2000/5348 904/1999/5349
f 1702/2887/5350 1745/2888/5351 905/2886/5352 903/2885/5353
s 67
f 1703/2095/5156 1704/2093/5155 906/2090/2488 907/2092/2487
s off
f 1705/2340/5354 1737/2335/5355 910/2329/5356 911/2334/5357
f 1707/2727/5358 1708/2728/5359 912/2726/5360 913/2725/5361
s 92
f 1709/2241/5177 1717/2242/5176 914/2238/2498 889/2237/2497
s 75
f 1711/2161/5165 1719/2170/5175 916/2162/2500 917/2148/2499
f 1713/2158/5290 1714/2159/5291 918/2146/2502 919/2145/2501
s 82
f 1717/2242/5170 1718/2246/5169 922/2243/2504 914/2238/2503
s 95
f 1718/2809/5301 1721/2810/5302 923/2808/2506 922/2807/2505
s 85
f 1719/2170/5172 1720/2179/5171 924/2171/2508 916/2162/2507
s 87
f 1721/2172/5174 1722/2165/5173 925/2157/2510 923/2164/2509
s off
f 1723/2378/5362 1724/2379/5363 926/2377/5364 927/2376/5365
f 1724/2969/5366 1731/2970/5367 928/2968/5368 926/2967/5369
f 1725/2302/5370 1726/2295/5371 929/2284/5372 930/2294/5373
f 1726/2295/5374 1729/2296/5375 931/2285/5376 929/2284/5377
f 1727/2300/5378 1728/2309/5379 932/2301/5380 933/2291/5381
f 1728/3019/5382 1740/3020/5383 934/3018/5384 932/3017/5385
f 1729/2296/5386 1730/2305/5387 935/2297/5388 931/2285/5389
f 1731/2306/5390 1732/2299/5391 936/2290/5392 928/2298/5393
f 1733/2979/5394 1734/2980/5395 937/2978/5396 938/2977/5397
f 1734/2366/5398 1739/2367/5399 939/2363/5400 937/2362/5401
f 1735/2989/5402 1736/2990/5403 940/2988/5404 941/2987/5405
f 1736/2337/5406 1738/2338/5407 942/2332/5408 940/2331/5409
s 96
f 1741/1770/5231 1742/1783/5230 943/1771/2560 899/1758/2559
s 97
f 1743/1797/5233 1744/1786/5232 944/1774/2562 909/1785/2561
s off
f 1745/1925/5410 1746/1916/5411 945/1906/5412 905/1915/5413
f 1747/1933/5414 1748/1944/5415 946/1934/5416 897/1923/5417
s 108
f 1759/3030/5418 1761/3031/5419 957/3026/2574 952/3025/2573 1760/3032/5420
s 68
f 1752/2944/5421 1754/2953/5422 1753/2960/5423 1751/2956/5424
s 221
f 1753/1573/5425 2063/1574/5426 1750/1575/5427 1751/1576/5428
s 68
f 1754/1585/5422 1749/1586/5429 2067/1583/5430 2076/1584/5431
f 1756/2954/5432 1754/2953/5433 1752/2944/5421 1755/2943/5434 1757/2955/5435
f 1758/2934/5436 1755/2943/5434 1752/2944/5421 1773/2945/5437 1768/2935/5438
s 108
f 1762/3035/5439 1760/3032/5420 952/3025/2573 953/3029/2593
f 1762/3035/5439 953/3029/2593 954/3034/2594
f 1761/3031/5419 958/3033/2595 957/3026/2574
s off
f 1755/1590/5440 1759/1589/5441 1760/1591/5442 1757/1592/5443
f 1758/1587/5444 1761/1588/5445 1759/1589/5446 1755/1590/5447
f 1757/1592/5448 1760/1591/5449 1762/1593/5450 1756/1594/5451
f 1756/1594/5452 1762/1593/5453 954/1595/5454 951/1596/5455
s 68
f 1770/2917/5259 1743/2918/5258 909/2910/2614 956/2909/2613 1784/2919/5456
s 181
f 1764/2436/5457 1765/2435/5458 1766/2440/5459 1763/2441/5460
s 221
f 1763/1581/5461 1766/1582/5462 1767/1578/5463 1750/1575/5427
s 68
f 1528/2434/4552 1771/2439/5260 1765/2435/5464 1527/2431/4549
s 181
f 1429/2432/4592 1527/2431/4591 1765/2435/5458 1764/2436/5457
s 221
f 1767/1578/5463 1751/1576/5428 1750/1575/5427
s 68
f 1773/2945/5437 1752/2944/5421 1751/2956/5424 1767/2957/5465
f 1765/2946/5464 1771/2927/5260 1772/2936/5466 1766/2947/5467
f 1766/2947/5467 1772/2936/5466 1773/2945/5437 1767/2957/5465
f 1771/2927/5260 1770/2917/5259 1774/2929/5468 1772/2936/5466
f 1784/2919/5456 1769/2924/5469 1774/2929/5468 1770/2917/5259
f 1769/2924/5469 1768/2935/5438 1774/2929/5468
f 1768/2935/5438 1773/2945/5437 1772/2936/5466 1774/2929/5468
s 52
f 1775/2630/5266 1690/2633/5286 887/2628/2458 955/2624/2457
f 1776/2635/4398 1450/2637/4712 1690/2633/5286 1775/2630/5266
f 1450/2637/4712 1776/2635/4398 1777/2640/4402 1449/2642/4713
s 175
f 1816/2648/4498 1831/2650/4707 1833/2646/4710 1819/2644/4499
s 172
f 1817/1431/4470 1829/1435/4703 1831/1439/4706 1816/1436/4471
s 174
f 1829/1435/4699 1817/1431/4493 1818/1425/4496 1830/1430/4700
s 163
f 1779/1410/4395 1447/1416/4696 1448/1424/4698 1778/1418/4397
f 1780/1404/4393 1446/1408/4694 1447/1416/4696 1779/1410/4395
f 1781/1403/4392 1445/1407/4691 1446/1408/4694 1780/1404/4393
s 173
f 1786/1412/4491 1804/1421/4687 1805/1413/4690 1790/1406/4492
s 171
f 1804/1421/4684 1786/1412/4465 1787/1420/4468 1801/1427/4685
s 176
f 1801/2708/4679 1787/2715/4501 1791/2710/4504 1802/2703/4680
s 53
f 1783/2698/4405 1451/2691/4675 1452/2697/4678 1782/2704/4406
s off
f 1764/2713/5470 1763/2717/5471 1750/2714/5472 1785/2705/5473
s 53
f 1429/2712/4404 1764/2713/5474 1785/2705/5142 1783/2698/4405
s off
f 1439/1402/5475 1538/1405/5476 1790/1406/5477 1781/1403/5478
f 1782/2704/5479 1791/2710/5480 1533/2716/5481 1435/2711/5482
f 1533/2430/5483 1793/2437/5484 1792/2438/5485 1534/2433/5486
f 1537/1464/5487 1797/1468/5488 1796/1469/5489 1538/1465/5490
f 1554/2696/5491 1583/2702/5492 1802/2703/5493 1452/2697/5494
f 1445/1407/5495 1805/1413/5496 1587/1422/5497 1555/1414/5498
f 1584/3104/5499 1807/3105/5500 1806/3106/5501 1583/3107/5502
f 1591/2489/5503 1809/2490/5504 1807/2491/5505 1584/2492/5506
f 1587/1512/5507 1811/1520/5508 1810/1521/5509 1588/1501/5510
f 1588/2495/5511 1810/2496/5512 1812/2494/5513 1592/2493/5514
f 1592/2493/5515 1812/2494/5516 1809/2490/5517 1591/2489/5518
f 1781/1403/5519 1790/1406/5520 1805/1413/5521 1445/1407/5522
f 1452/2697/5523 1802/2703/5524 1791/2710/5525 1782/2704/5526
f 1778/1418/5527 1818/1425/5528 1539/1426/5529 1442/1417/5530
f 1436/2638/5531 1536/2643/5532 1819/2644/5533 1777/2640/5534 1895/2639/5535
f 1535/2848/5536 1821/2851/5537 1820/2856/5538 1536/2857/5539
f 1539/1449/5540 1825/1441/5541 1824/1444/5542 1540/1450/5543
f 1558/1429/5544 1589/1434/5545 1830/1430/5546 1448/1424/5547
f 1449/2642/5548 1833/2646/5549 1585/2649/5550 1559/2645/5551
f 1585/3108/5552 1835/3109/5553 1834/3110/5554 1586/3111/5555
f 1586/2497/5556 1834/2498/5557 1836/2499/5558 1594/2500/5559
f 1590/3092/5560 1839/3093/5561 1838/3094/5562 1589/3095/5563
f 1593/2502/5564 1841/2501/5565 1839/2503/5566 1590/2504/5567
f 1594/2500/5568 1836/2499/5569 1841/2501/5570 1593/2502/5571
f 1777/2640/5572 1819/2644/5573 1833/2646/5574 1449/2642/5575
f 1448/1424/5576 1830/1430/5577 1818/1425/5578 1778/1418/5579
f 1792/2948/5580 1658/2949/5581 1646/2937/5582 1534/2938/5583
f 1794/2958/5584 1842/2959/5585 1658/2949/5586 1792/2948/5587
f 1537/1464/5588 1650/1467/5589 1660/1471/5590 1797/1468/5591
f 1797/1468/5592 1660/1471/5593 1843/1475/5594 1799/1472/5595
f 1799/1472/5596 1843/1475/5597 1842/1479/5598 1794/1477/5599
s 215
f 1658/1833/5600 1842/1840/5601 1844/1834/5602 1657/1824/5603
s 54
f 1494/1812/4476 1657/1824/5079 1844/1834/5604 1847/1835/5605
s 215
f 1842/1479/5601 1843/1475/4973 1845/1478/4976 1844/1480/5602
s 54
f 1494/1812/4476 1847/1835/5605 1846/1837/5078 1493/1825/4473
f 1847/1835/5605 1844/1834/5604 1845/1841/5076 1846/1837/5078
s off
f 1535/2848/5606 1648/2849/5607 1656/2850/5608 1821/2851/5609
f 1821/2851/5610 1656/2850/5611 1848/2854/5612 1823/2855/5613
f 1824/1444/5614 1654/1448/5615 1652/1454/5616 1540/1450/5617
f 1826/1443/5618 1849/1447/5619 1654/1448/5620 1824/1444/5621
f 1823/1445/5622 1848/1451/5623 1849/1447/5624 1826/1443/5625
s 214
f 1654/1448/5626 1849/1447/5627 1850/1452/5628 1653/1453/5629
s 54
f 1496/1809/4480 1653/1831/5080 1850/1832/5630 1853/1822/5631
s 214
f 1849/1447/5627 1848/1451/4969 1851/1457/4972 1850/1452/5628
s 54
f 1496/1809/4480 1853/1822/5631 1852/1821/5075 1495/1796/4477
f 1853/1822/5631 1850/1832/5630 1851/1820/5073 1852/1821/5075
s 50
f 884/1664/2791 1686/1668/5261 1685/1669/5262 883/1665/2452
f 886/1667/2792 1688/1671/5264 1686/1668/5261 884/1664/2791
s 54
f 896/1763/2793 1695/1775/5146 1692/1776/5145 892/1764/2794
s off
f 898/1897/5632 1697/1907/5633 1868/1908/5634 1867/1898/5635
f 902/2036/5636 1700/2041/5637 1699/2037/5638 901/2032/5639
s 72
f 906/2090/2803 1704/2093/5276 1689/2094/5277 888/2091/2804
s off
f 900/2739/5640 1706/2741/5641 1705/2742/5642 911/2740/5643
f 912/2003/5644 1708/2008/5645 1701/2004/5646 904/1999/5647
s 53
f 915/2680/2813 1710/2685/5288 1691/2686/5289 890/2681/2814
s 75
f 885/2147/2815 1712/2160/5166 1711/2161/5165 917/2148/2499
s 79
f 918/2753/2816 1714/2755/5292 1688/2756/5293 886/2754/2817
s 91
f 920/2218/2818 1715/2222/5299 1710/2223/5300 915/2219/2819
s 81
f 921/2224/2820 1716/2225/5294 1715/2222/5295 920/2218/2821
s 89
f 924/2785/2822 1720/2787/5296 1716/2788/5297 921/2786/2823
s 75
f 925/2157/2824 1722/2165/5298 1713/2158/5290 919/2145/2501
s off
f 935/3007/5648 1730/3009/5649 1723/3010/5650 927/3008/5651
f 936/2290/5652 1732/2299/5653 1727/2300/5654 933/2291/5655
f 910/2329/5656 1737/2335/5657 1733/2336/5658 938/2330/5659
f 942/2332/5660 1738/2338/5661 1707/2345/5662 913/2339/5663
f 939/2997/5664 1739/2999/5665 1725/3000/5666 930/2998/5667
f 934/2360/5668 1740/2364/5669 1735/2365/5670 941/2361/5671
s 105
f 943/2842/2849 1742/2844/5257 1703/2845/5256 907/2843/2850
s 54
f 944/1774/2851 1744/1786/5327 1695/1775/5146 896/1763/2793
s off
f 945/1906/5672 1746/1916/5673 1697/1907/5674 898/1897/5675
f 946/2867/5676 1748/2869/5677 1700/2870/5678 902/2868/5679
s 68
f 949/2940/2860 1749/2952/5680 1754/2953/5433 1756/2954/5432 951/2941/2861
f 950/2925/2863 1758/2934/5436 1768/2935/5438 1769/2924/5469 908/2916/2864
s off
f 958/2415/5681 1761/2419/5682 1758/2420/5683 950/2416/5684
s 53
f 890/2681/2814 1691/2686/5289 2061/2689/5685 2072/2683/2869
s 68
f 908/2916/2871 1769/2924/5469 1784/2919/5456 956/2909/2613
s 223
f 1862/1860/5686 1854/1869/5687 1876/1861/5688 1877/1853/5689
s 224
f 1863/1852/5690 1862/1860/5691 1877/1853/5692 1855/1847/5693
s off
f 1875/1880/5694 1876/1861/5695 1854/1869/5696 1860/1879/5697
f 1874/1889/5698 1875/1880/5699 1860/1879/5700 721/1888/5701
f 721/1888/5702 1867/1898/5703 1873/1899/5704 1874/1889/5705
f 1872/1909/5706 1873/1899/5707 1867/1898/5708 1868/1908/5709
f 1871/1919/5710 1872/1909/5711 1868/1908/5712 1482/1918/5713
f 1482/1918/5714 1469/1928/5715 1870/1929/5716 1871/1919/5717
s 225
f 1469/1928/5718 1501/1938/5719 1869/1939/5720 1870/1929/5721
s 226
f 1501/1938/5722 1502/1948/5723 1472/1949/5724 1869/1939/5725
f 1881/1950/5726 1474/1960/5727 1484/1971/5728 1882/1961/5729
s 225
f 1880/1951/5730 1881/1950/5731 1882/1961/5732 1883/1962/5733
s 227
f 2007/2505/5734 2008/2506/5735 2009/2507/5736 2006/2508/5737
f 2008/2506/5735 2010/2511/5738 2011/2512/5739 2009/2507/5736
f 2012/2521/5740 2011/2512/5739 2010/2511/5738 2013/2522/5741
f 2013/2522/5741 2014/2531/5742 2015/2532/5743 2012/2521/5740
s 223
f 1878/1854/5744 1879/1862/5745 1884/1870/5746 1885/1863/5747
s 224
f 1856/1848/5748 1878/1854/5749 1885/1863/5750 1861/1856/5751
f 1855/1847/5693 1877/1853/5692 1878/1854/5749 1856/1848/5748
s 223
f 1877/1853/5689 1876/1861/5688 1879/1862/5745 1878/1854/5744
s 225
f 1870/1929/5721 1869/1939/5720 1881/1950/5731 1880/1951/5730
s 226
f 1869/1939/5725 1472/1949/5724 1474/1960/5727 1881/1950/5726
f 1894/1963/5752 1475/1972/5753 1507/1973/5754 1508/1964/5755
s 225
f 1893/1952/5756 1894/1963/5757 1508/1964/5758 1478/1953/5759
s off
f 1892/1941/5760 1893/1952/5761 1478/1953/5762 1480/1940/5763
f 1480/1940/5764 1693/1930/5765 1891/1931/5766 1892/1941/5767
f 1693/1930/5768 891/1921/5769 1890/1920/5770 1891/1931/5771
f 1889/1911/5772 1890/1920/5773 891/1921/5774 1866/1910/5775
f 1866/1910/5776 1859/1900/5777 1888/1901/5778 1889/1911/5779
f 1859/1900/5780 1858/1890/5781 1887/1881/5782 1888/1901/5783
s 223
f 1886/1871/5784 1887/1881/5785 1858/1890/5786 1865/1882/5787
s 224
f 1857/1865/5788 1886/1871/5789 1865/1882/5790 1864/1873/5791
f 1861/1856/5751 1885/1863/5750 1886/1871/5789 1857/1865/5788
s 223
f 1885/1863/5747 1884/1870/5746 1887/1881/5785 1886/1871/5784
s 225
f 1883/1962/5733 1882/1961/5732 1894/1963/5757 1893/1952/5756
s 226
f 1882/1961/5729 1484/1971/5728 1475/1972/5753 1894/1963/5752
s 54
f 514/1696/5792 1896/1707/5793 1899/1697/5794 518/1688/5795
f 1897/1814/5796 1476/1827/5797 1483/1828/5798 1898/1817/5799
f 535/1706/5800 536/1715/1603 1896/1707/5793 514/1696/5792
f 1504/1813/4475 1503/1826/5801 1476/1827/5797 1897/1814/5796
f 1903/1793/5802 1471/1805/5803 1498/1806/5804 1497/1792/4478
f 512/1684/5805 1902/1690/5806 531/1700/1608 532/1692/5807
f 518/1688/5795 1899/1697/5794 1900/1689/5808 513/1683/5809
s 235
f 1904/2547/5810 1905/2548/5811 1910/2549/5812 1909/2550/5813
f 1905/2548/5811 1906/2553/5814 1911/2554/5815 1910/2549/5812
f 1906/2553/5814 1907/2563/5816 1912/2564/5817 1911/2554/5815
f 1907/2563/5816 1908/2576/5818 1913/2577/5819 1912/2564/5817
s 54
f 1898/1817/5799 1483/1828/5798 1473/1818/5820 1901/1804/5821
f 513/1683/5809 1900/1689/5808 1902/1690/5806 512/1684/5805
f 1901/1804/5821 1473/1818/5820 1471/1805/5803 1903/1793/5802
s 239
f 1914/1801/5822 1915/1815/5823 1929/1802/5824 1928/1789/5825
s 240
f 1915/1613/5826 1914/1617/5827 1916/1618/5828 1917/1614/5829
f 1917/1614/5829 1916/1618/5828 1930/1623/5830 1931/1619/5831
s 241
f 1918/1601/5832 1919/1598/5833 1933/1597/5834 1932/1602/5835
s 239
f 1919/1753/5836 1918/1716/5837 1920/1738/5838 1921/1754/5839
f 1921/1754/5839 1920/1738/5838 1922/1752/5840 1923/1766/5841
f 1923/1766/5841 1922/1752/5840 1924/1765/5842 1925/1778/5843
f 1925/1778/5843 1924/1765/5842 1926/1777/5844 1927/1790/5845
f 1927/1790/5845 1926/1777/5844 1928/1789/5825 1929/1802/5824
s 240
f 1931/1619/5831 1930/1623/5830 1936/1627/5846 1937/1624/5847
s 241
f 1932/1602/5835 1933/1597/5834 1935/1605/5848 1934/1607/5849
f 1934/1607/5849 1935/1605/5848 1939/1609/5850 1938/1611/5851
s 243
f 1937/1791/5852 1936/1780/5853 1948/1768/5854 1949/1779/5855
f 1938/1698/5856 1939/1727/5857 1941/1728/5858 1940/1717/5859
f 1940/1717/5859 1941/1728/5858 1943/1739/5860 1942/1729/5861
f 1942/1729/5861 1943/1739/5860 1945/1755/5862 1944/1740/5863
f 1944/1740/5863 1945/1755/5862 1947/1767/5864 1946/1756/5865
f 1946/1756/5865 1947/1767/5864 1949/1779/5855 1948/1768/5854
s 54
f 1932/1708/5866 1899/1697/5794 1896/1707/5793 1918/1716/5867
f 1898/1817/5799 1916/1816/5868 1914/1801/5869 1897/1814/5796
f 1918/1716/5867 1896/1707/5793 536/1715/1603 515/1726/1546
f 515/1726/1546 516/1737/1545 1920/1738/5870 1918/1716/5867
f 516/1737/1545 720/1751/2266 1922/1752/5871 1920/1738/5870
f 720/1751/2266 892/1764/2794 1924/1765/5872 1922/1752/5871
f 892/1764/2794 1692/1776/5145 1926/1777/5873 1924/1765/5872
f 1692/1776/5145 1479/1788/4417 1928/1789/5874 1926/1777/5873
f 1479/1788/4417 1477/1800/4416 1914/1801/5869 1928/1789/5874
f 1897/1814/5796 1914/1801/5869 1477/1800/4416 1504/1813/4475
f 1497/1792/4478 1470/1781/4425 1936/1780/5875 1903/1793/5802
f 1948/1768/5876 1936/1780/5875 1470/1781/4425 1481/1769/4424
f 1946/1756/5877 1948/1768/5876 1481/1769/4424 1694/1757/5271
f 1944/1740/5878 1946/1756/5877 1694/1757/5271 894/1741/2468
f 1942/1729/5879 1944/1740/5878 894/1741/2468 722/1730/2391
f 1940/1717/5880 1942/1729/5879 722/1730/2391 517/1718/1554
f 1938/1698/5881 1940/1717/5880 517/1718/1554 511/1709/1553
f 511/1709/1553 531/1700/1608 1902/1690/5806 1938/1698/5881
f 1934/1699/5882 1900/1689/5808 1899/1697/5794 1932/1708/5866
f 1901/1804/5821 1930/1803/5883 1916/1816/5868 1898/1817/5799
f 1938/1698/5881 1902/1690/5806 1900/1689/5808 1934/1699/5882
f 1903/1793/5802 1936/1780/5875 1930/1803/5883 1901/1804/5821
s 78
f 1950/1301/1857 480/1300/1856 482/1303/5884 1951/1304/5885
s 235
f 1952/2562/5886 1955/2551/5887 1904/2547/5810 1958/2557/5888
f 1955/2551/5887 1961/2552/5889 1905/2548/5811 1904/2547/5810
f 1961/2552/5889 1964/2561/5890 1906/2553/5814 1905/2548/5811
f 1964/2561/5890 1967/2575/5891 1907/2563/5816 1906/2553/5814
f 1967/2575/5891 1970/2586/5892 1908/2576/5818 1907/2563/5816
f 1970/2586/5892 1973/2595/5893 1976/2587/5894 1908/2576/5818
f 1958/2557/5888 1904/2547/5810 1909/2550/5813 1979/2558/5895
f 1908/2576/5818 1976/2587/5894 1982/2588/5896 1913/2577/5819
f 1979/2558/5895 1909/2550/5813 1985/2556/5897 1988/2568/5898
f 1909/2550/5813 1910/2549/5812 1991/2555/5899 1985/2556/5897
f 1910/2549/5812 1911/2554/5815 1994/2565/5900 1991/2555/5899
f 1911/2554/5815 1912/2564/5817 1997/2578/5901 1994/2565/5900
f 1912/2564/5817 1913/2577/5819 2000/2589/5902 1997/2578/5901
f 1913/2577/5819 1982/2588/5896 2003/2598/5903 2000/2589/5902
s 246
f 1919/3036/5904 1921/3037/5905 1957/3038/5906 1954/3039/5907
s 247
f 1933/1597/5908 1919/1598/5909 1954/1599/5910 1960/1600/5911
s 246
f 1921/3037/5905 1923/3040/5912 1963/3041/5913 1957/3038/5906
f 1923/3040/5912 1925/3042/5914 1966/3043/5915 1963/3041/5913
f 1925/3042/5914 1927/3044/5916 1969/3045/5917 1966/3043/5915
f 1927/3044/5916 1929/3046/5918 1972/3047/5919 1969/3045/5917
f 1929/3046/5918 1915/3048/5920 1975/3049/5921 1972/3047/5919
s 248
f 1915/1613/5922 1917/1614/5923 1978/1615/5924 1975/1616/5925
s 247
f 1935/1605/5926 1933/1597/5908 1960/1600/5911 1981/1606/5927
s 248
f 1917/1614/5923 1931/1619/5928 1984/1620/5929 1978/1615/5924
s 249
f 1941/3050/5930 1939/3051/5931 1990/3052/5932 1987/3053/5933
s 247
f 1939/1609/5934 1935/1605/5926 1981/1606/5927 1990/1610/5935
s 249
f 1943/3054/5936 1941/3050/5930 1987/3053/5933 1993/3055/5937
f 1945/3056/5938 1943/3054/5936 1993/3055/5937 1996/3057/5939
f 1947/3058/5940 1945/3056/5938 1996/3057/5939 1999/3059/5941
f 1949/3060/5942 1947/3058/5940 1999/3059/5941 2002/3061/5943
s 248
f 1931/1619/5928 1937/1624/5944 2005/1625/5945 1984/1620/5929
s 249
f 1937/3062/5946 1949/3060/5942 2002/3061/5943 2005/3063/5947
s 75
f 591/2120/1851 1951/2121/1866 599/2126/1865 593/2127/1955
s 235
f 1952/2562/5886 1953/2571/5948 1956/2559/5949 1955/2551/5887
s 246
f 1953/2571/5950 1954/2583/5907 1957/2572/5906 1956/2559/5951
s 235
f 1955/2551/5887 1956/2559/5949 1962/2560/5952 1961/2552/5889
s 246
f 1956/2559/5951 1957/2572/5906 1963/2573/5913 1962/2560/5953
s 247
f 1954/1599/5910 1953/1603/5954 1959/1604/5955 1960/1600/5911
s 235
f 1953/2571/5948 1952/2562/5886 1958/2557/5888 1959/2569/5956
f 1961/2552/5889 1962/2560/5952 1965/2574/5957 1964/2561/5890
s 246
f 1962/2560/5953 1963/2573/5913 1966/2584/5915 1965/2574/5958
s 235
f 1964/2561/5890 1965/2574/5957 1968/2585/5959 1967/2575/5891
s 246
f 1965/2574/5958 1966/2584/5915 1969/2593/5917 1968/2585/5960
s 235
f 1967/2575/5891 1968/2585/5959 1971/2594/5961 1970/2586/5892
s 246
f 1968/2585/5960 1969/2593/5917 1972/2601/5919 1971/2594/5962
s 235
f 1970/2586/5892 1971/2594/5961 1974/2602/5963 1973/2595/5893
s 246
f 1971/2594/5962 1972/2601/5919 1975/2605/5921 1974/2602/5964
s 235
f 1973/2595/5893 1974/2602/5963 1977/2596/5965 1976/2587/5894
s 248
f 1974/1621/5966 1975/1616/5925 1978/1615/5924 1977/1622/5967
s 235
f 1976/2587/5894 1977/2596/5965 1983/2597/5968 1982/2588/5896
s 248
f 1977/1622/5967 1978/1615/5924 1984/1620/5929 1983/1626/5969
s 247
f 1960/1600/5911 1959/1604/5955 1980/1608/5970 1981/1606/5927
s 235
f 1959/2569/5956 1958/2557/5888 1979/2558/5895 1980/2570/5971
f 1982/2588/5896 1983/2597/5968 2004/2603/5972 2003/2598/5903
s 248
f 1983/1626/5969 1984/1620/5929 2005/1625/5945 2004/1628/5973
s 235
f 1985/2556/5897 1986/2566/5974 1989/2580/5975 1988/2568/5898
s 249
f 1986/2566/5976 1987/2581/5933 1990/2592/5932 1989/2580/5977
s 247
f 1981/1606/5927 1980/1608/5970 1989/1612/5978 1990/1610/5935
s 235
f 1980/2570/5971 1979/2558/5895 1988/2568/5898 1989/2580/5975
s 249
f 1987/2581/5933 1986/2566/5976 1992/2567/5979 1993/2582/5937
s 235
f 1986/2566/5974 1985/2556/5897 1991/2555/5899 1992/2567/5980
s 249
f 1993/2582/5937 1992/2567/5979 1995/2579/5981 1996/2591/5939
s 235
f 1992/2567/5980 1991/2555/5899 1994/2565/5900 1995/2579/5982
s 249
f 1996/2591/5939 1995/2579/5981 1998/2590/5983 1999/2600/5941
s 235
f 1995/2579/5982 1994/2565/5900 1997/2578/5901 1998/2590/5984
s 249
f 1999/2600/5941 1998/2590/5983 2001/2599/5985 2002/2604/5943
s 235
f 1998/2590/5984 1997/2578/5901 2000/2589/5902 2001/2599/5986
s 249
f 2002/2604/5943 2001/2599/5985 2004/2603/5987 2005/2606/5947
s 235
f 2001/2599/5986 2000/2589/5902 2003/2598/5903 2004/2603/5972
s 250
f 2016/1632/5988 2017/1635/5989 2036/1640/5990 2037/1638/5991
f 2017/1635/5989 2016/1632/5988 2019/1631/5992 2018/1636/5993
f 2018/1636/5993 2019/1631/5992 2051/1634/5994 2050/1639/5995
s 251
f 2020/1644/5996 2021/1647/5997 2038/1652/5998 2039/1650/5999
f 2021/1647/5997 2020/1644/5996 2023/1643/6000 2022/1648/6001
f 2022/1648/6001 2023/1643/6000 2025/1646/6002 2024/1651/6003
s 252
f 2024/2544/6004 2025/2546/6005 2027/2543/6006 2026/2538/6007
f 2026/2538/6007 2027/2543/6006 2029/2537/6008 2028/2530/6009
f 2028/2530/6009 2029/2537/6008 2031/2533/6010 2030/2523/6011
f 2030/2523/6011 2031/2533/6010 2033/2524/6012 2032/2513/6013
f 2032/2513/6013 2033/2524/6012 2035/2525/6014 2034/2514/6015
f 2034/2514/6015 2035/2525/6014 2037/2534/6016 2036/2526/6017
s 253
f 2039/2545/6018 2038/2542/6019 2041/2536/6020 2040/2541/6021
f 2040/2541/6021 2041/2536/6020 2043/2529/6022 2042/2535/6023
f 2042/2535/6023 2043/2529/6022 2045/2519/6024 2044/2527/6025
f 2044/2527/6025 2045/2519/6024 2047/2510/6026 2046/2517/6027
f 2046/2517/6027 2047/2510/6026 2049/2509/6028 2048/2518/6029
f 2048/2518/6029 2049/2509/6028 2050/2520/6030 2051/2528/6031
s 227
f 2006/2508/5737 2017/2515/6032 2018/2516/6033 2007/2505/5734
f 2014/2531/5742 2021/2539/6034 2022/2540/6035 2015/2532/5743
f 2015/2532/5743 2022/2540/6035 2024/2544/6036 2026/2538/6037
f 2012/2521/5740 2015/2532/5743 2026/2538/6037 2028/2530/6038
f 2028/2530/6038 2030/2523/6039 2011/2512/5739 2012/2521/5740
f 2009/2507/5736 2011/2512/5739 2030/2523/6039 2032/2513/6040
f 2006/2508/5737 2009/2507/5736 2032/2513/6040 2034/2514/6041
f 2034/2514/6041 2036/2526/6042 2017/2515/6032 2006/2508/5737
f 2041/2536/6043 2038/2542/6044 2021/2539/6034 2014/2531/5742
f 2043/2529/6045 2041/2536/6043 2014/2531/5742 2013/2522/5741
f 2013/2522/5741 2010/2511/5738 2045/2519/6046 2043/2529/6045
f 2047/2510/6047 2045/2519/6046 2010/2511/5738 2008/2506/5735
f 2049/2509/6048 2047/2510/6047 2008/2506/5735 2007/2505/5734
f 2007/2505/5734 2018/2516/6033 2050/2520/6049 2049/2509/6048
s 254
f 1880/1629/6050 1883/1630/6051 2019/1631/6052 2016/1632/6053
s 255
f 1884/1641/6054 1879/1642/6055 2023/1643/6056 2020/1644/6057
f 1879/1642/6055 1876/1645/6058 2025/1646/6059 2023/1643/6056
s 256
f 1876/3064/6060 1875/3065/6061 2027/3066/6062 2025/3067/6063
f 1875/3065/6061 1874/3068/6064 2029/3069/6065 2027/3066/6062
f 1874/3068/6064 1873/3070/6066 2031/3071/6067 2029/3069/6065
f 1873/3070/6066 1872/3072/6068 2033/3073/6069 2031/3071/6067
f 1872/3072/6068 1871/3074/6070 2035/3075/6071 2033/3073/6069
f 1871/3074/6070 1870/3076/6072 2037/3077/6073 2035/3075/6071
s 254
f 1870/1637/6074 1880/1629/6050 2016/1632/6053 2037/1638/6075
s 257
f 1888/3078/6076 1887/3079/6077 2039/3080/6078 2040/3081/6079
s 255
f 1887/1649/6080 1884/1641/6054 2020/1644/6057 2039/1650/6081
s 257
f 1889/3082/6082 1888/3078/6076 2040/3081/6079 2042/3083/6083
f 1890/3084/6084 1889/3082/6082 2042/3083/6083 2044/3085/6085
f 1891/3086/6086 1890/3084/6084 2044/3085/6085 2046/3087/6087
f 1892/3088/6088 1891/3086/6086 2046/3087/6087 2048/3089/6089
s 254
f 1883/1630/6051 1893/1633/6090 2051/1634/6091 2019/1631/6052
s 257
f 1893/3090/6092 1892/3088/6088 2048/3089/6089 2051/3091/6093
s 258
f 2058/2392/6094 2073/2391/6095 949/2390/6096 777/2396/6097
s 53
f 2062/2694/6098 1691/2686/5289 1451/2691/4675 1783/2698/4405
s 258
f 949/2390/6096 2074/2395/6099 2067/2397/6100 1749/2398/6101
s 109
f 2054/1378/2577 2053/1382/6102 2060/1383/6103 2059/1379/2578
s 107
f 2053/2386/6104 2052/2383/2461 2057/2382/2460 2060/2387/6105
f 2065/2388/5332 2064/2393/6106 2069/2394/6107 2068/2389/5333
s 221
f 2064/1579/6108 2063/1574/5426 2066/1577/6109 2069/1580/6110
s 68
f 2058/1385/6111 2075/1386/2584 2059/1379/2583 2060/1383/6112
s 258
f 2058/2392/6094 2060/2387/6113 2057/2382/6114 2073/2391/6095
f 2067/2397/6100 2074/2395/6099 2068/2389/6115 2069/2394/6116
s 68
f 2067/1583/5430 2069/1580/6117 2066/1577/6118 2076/1584/5431
s 53
f 2082/2682/6119 2083/2677/6120 2070/2676/6121 2056/2675/2870
f 2056/2675/2870 2070/2676/6121 2055/2668/2263 719/2667/2409
f 2055/2668/2263 2070/2676/6121 2083/2677/6120 2077/2669/2264
f 2078/2701/5141 2079/2700/6122 2071/2695/6123 2062/2694/6098
f 2062/2694/6098 2071/2695/6123 2061/2689/5685 1691/2686/5289
f 2061/2689/5685 2071/2695/6123 2079/2700/6122 2080/2693/6124
f 2072/2683/2869 2061/2689/5685 2080/2693/6124 2081/2688/6125
f 2056/2675/2870 2072/2683/2869 2081/2688/6125 2082/2682/6119
s 109
f 781/1377/2576 779/1380/2624 778/1381/2620 2054/1378/2577
s 221
f 1753/1573/5425 2066/1577/6109 2063/1574/5426
s 53
f 719/2667/2409 2055/2668/2263 811/2654/1533 493/2659/1803
s 258
f 949/2390/6096 2073/2391/6095 2057/2382/6114 948/2385/6126
f 2068/2389/6115 2074/2395/6099 949/2390/6096 948/2385/6126
s 68
f 782/1389/2582 2075/1386/2584 2058/1385/6111 777/1390/6127
f 1754/2953/5422 2076/2961/5431 2066/2962/6118 1753/2960/5423
s 53
f 2063/2707/5144 2064/2706/6128 2079/2700/6122 2078/2701/5141
f 2080/2693/6124 2079/2700/6122 2064/2706/6128 2065/2699/6129
f 2081/2688/6125 2080/2693/6124 2065/2699/6129 947/2692/6130
f 2082/2682/6119 2081/2688/6125 947/2692/6130 2052/2687/6131
f 2052/2687/6131 2053/2684/6132 2083/2677/6120 2082/2682/6119
f 2077/2669/2264 2083/2677/6120 2053/2684/6132 2054/2678/6133
f 2062/2694/6098 1783/2698/4405 1785/2705/5142 2078/2701/5141
f 813/2660/2262 2077/2669/2264 2054/2678/6133 778/2670/6134
