# This file uses centimeters as units for non-parametric coordinates.

mtllib Treasure Chest.mtl
g default
v 59.980015 29.679917 -41.556434
v 59.980015 29.643719 -41.625694
v 59.980015 29.587891 -41.680378
v 59.980015 29.517895 -41.715133
v 59.980023 29.434647 -41.721351
v 59.980004 29.450974 -41.222065
v 59.980015 29.522824 -41.240051
v 59.980015 29.592082 -41.276249
v 59.980015 29.646764 -41.332077
v 59.980015 29.681517 -41.402073
v 59.980015 29.707829 -41.479538
v 49.402749 29.679917 -41.556434
v 49.402749 29.643719 -41.625694
v 49.402749 29.587891 -41.680378
v 49.402749 29.517895 -41.715133
v 49.402749 29.434649 -41.721351
v 49.402764 29.450976 -41.222061
v 49.402749 29.522824 -41.240051
v 49.402749 29.592082 -41.276249
v 49.402749 29.646764 -41.332077
v 49.402749 29.681517 -41.402073
v 49.402749 29.707829 -41.479538
v 59.980015 29.442813 -41.471710
v 49.402764 29.442811 -41.471710
v 57.885811 29.679917 -41.556434
v 57.843453 29.679917 -41.556434
v 57.885811 29.643719 -41.625694
v 57.843453 29.643719 -41.625694
v 57.885811 29.587891 -41.680378
v 57.843453 29.587891 -41.680378
v 57.885811 29.517895 -41.715133
v 57.843453 29.517895 -41.715133
v 57.885811 29.434649 -41.721351
v 57.843449 29.434649 -41.721351
v 57.885811 29.450976 -41.222061
v 57.843453 29.450974 -41.222061
v 57.885811 29.522824 -41.240051
v 57.843453 29.522824 -41.240051
v 57.885811 29.592082 -41.276249
v 57.843453 29.592082 -41.276249
v 57.885811 29.646764 -41.332077
v 57.843453 29.646764 -41.332077
v 57.885811 29.681517 -41.402073
v 57.843453 29.681517 -41.402073
v 57.885811 29.707829 -41.479538
v 57.843453 29.707829 -41.479538
v 55.770310 29.679917 -41.556434
v 55.727902 29.679917 -41.556434
v 55.770310 29.643719 -41.625694
v 55.727902 29.643719 -41.625694
v 55.770310 29.587891 -41.680378
v 55.727902 29.587891 -41.680378
v 55.770310 29.517895 -41.715133
v 55.727902 29.517895 -41.715133
v 55.770310 29.434647 -41.721351
v 55.727902 29.434649 -41.721351
v 55.770310 29.450976 -41.222061
v 55.727894 29.450974 -41.222065
v 55.770310 29.522824 -41.240051
v 55.727902 29.522824 -41.240051
v 55.770310 29.592082 -41.276249
v 55.727902 29.592082 -41.276249
v 55.770310 29.646764 -41.332077
v 55.727902 29.646764 -41.332077
v 55.770310 29.681517 -41.402073
v 55.727902 29.681517 -41.402073
v 55.770310 29.707829 -41.479538
v 55.727902 29.707829 -41.479538
v 53.654828 29.679917 -41.556434
v 53.612538 29.679917 -41.556434
v 53.654828 29.643719 -41.625694
v 53.612538 29.643719 -41.625694
v 53.654828 29.587891 -41.680378
v 53.612538 29.587891 -41.680378
v 53.654828 29.517895 -41.715133
v 53.612538 29.517895 -41.715133
v 53.654835 29.434647 -41.721351
v 53.612538 29.434647 -41.721351
v 53.654828 29.450976 -41.222061
v 53.612538 29.450976 -41.222061
v 53.654828 29.522824 -41.240051
v 53.612538 29.522824 -41.240051
v 53.654828 29.592082 -41.276249
v 53.612538 29.592082 -41.276249
v 53.654828 29.646764 -41.332077
v 53.612538 29.646764 -41.332077
v 53.654828 29.681517 -41.402073
v 53.612538 29.681517 -41.402073
v 53.654828 29.707829 -41.479538
v 53.612538 29.707829 -41.479538
v 51.539376 29.679917 -41.556434
v 51.497067 29.679917 -41.556434
v 51.539376 29.643719 -41.625694
v 51.497067 29.643719 -41.625694
v 51.539376 29.587891 -41.680378
v 51.497067 29.587891 -41.680378
v 51.539376 29.517895 -41.715133
v 51.497067 29.517895 -41.715133
v 51.539376 29.434647 -41.721351
v 51.497056 29.434647 -41.721351
v 51.539368 29.450978 -41.222061
v 51.497067 29.450974 -41.222065
v 51.539376 29.522824 -41.240051
v 51.497067 29.522824 -41.240051
v 51.539376 29.592082 -41.276249
v 51.497067 29.592082 -41.276249
v 51.539376 29.646764 -41.332077
v 51.497067 29.646764 -41.332077
v 51.539376 29.681517 -41.402073
v 51.497067 29.681517 -41.402073
v 51.539376 29.707829 -41.479538
v 51.497067 29.707829 -41.479538
v 57.885811 29.650704 -41.546608
v 57.843453 29.650704 -41.546608
v 57.843453 29.666096 -41.479103
v 57.885811 29.666096 -41.479103
v 57.885811 29.618973 -41.607319
v 57.843453 29.618973 -41.607319
v 57.885811 29.570031 -41.655254
v 57.843453 29.570031 -41.655254
v 57.885811 29.508679 -41.685722
v 57.843453 29.508679 -41.685722
v 57.885811 29.435658 -41.690548
v 57.843453 29.435660 -41.690548
v 57.885811 29.449967 -41.252872
v 57.843464 29.449967 -41.252872
v 57.885811 29.512997 -41.269264
v 57.843453 29.512997 -41.269264
v 57.885811 29.573704 -41.300995
v 57.843453 29.573704 -41.300995
v 57.885811 29.621644 -41.349937
v 57.843453 29.621644 -41.349937
v 57.885811 29.652112 -41.411293
v 57.843453 29.652112 -41.411293
v 55.770310 29.650704 -41.546608
v 55.727902 29.650704 -41.546608
v 55.727902 29.666096 -41.479103
v 55.770310 29.666096 -41.479103
v 55.770310 29.618973 -41.607319
v 55.727902 29.618973 -41.607319
v 55.770310 29.570031 -41.655254
v 55.727902 29.570031 -41.655254
v 55.770310 29.508679 -41.685722
v 55.727902 29.508679 -41.685722
v 55.770325 29.435660 -41.690548
v 55.727894 29.435660 -41.690548
v 55.770306 29.449967 -41.252872
v 55.727902 29.449967 -41.252872
v 55.770310 29.512997 -41.269264
v 55.727902 29.512997 -41.269264
v 55.770310 29.573704 -41.300995
v 55.727902 29.573704 -41.300995
v 55.770310 29.621644 -41.349937
v 55.727902 29.621644 -41.349937
v 55.770310 29.652112 -41.411293
v 55.727902 29.652112 -41.411293
v 53.654828 29.650704 -41.546608
v 53.612538 29.650704 -41.546608
v 53.612538 29.666096 -41.479103
v 53.654828 29.666096 -41.479103
v 53.654828 29.618973 -41.607319
v 53.612538 29.618973 -41.607319
v 53.654828 29.570031 -41.655254
v 53.612538 29.570031 -41.655254
v 53.654828 29.508679 -41.685722
v 53.612538 29.508679 -41.685722
v 53.654828 29.435662 -41.690548
v 53.612538 29.435660 -41.690548
v 53.654828 29.449969 -41.252872
v 53.612538 29.449969 -41.252872
v 53.654828 29.512997 -41.269264
v 53.612538 29.512997 -41.269264
v 53.654828 29.573704 -41.300995
v 53.612538 29.573704 -41.300995
v 53.654828 29.621644 -41.349937
v 53.612538 29.621644 -41.349937
v 53.654828 29.652112 -41.411293
v 53.612538 29.652112 -41.411293
v 51.539376 29.650704 -41.546608
v 51.497067 29.650704 -41.546608
v 51.497067 29.666096 -41.479103
v 51.539376 29.666096 -41.479103
v 51.539376 29.618973 -41.607319
v 51.497067 29.618973 -41.607319
v 51.539376 29.570031 -41.655254
v 51.497067 29.570031 -41.655254
v 51.539376 29.508679 -41.685722
v 51.497067 29.508679 -41.685722
v 51.539376 29.435660 -41.690548
v 51.497067 29.435658 -41.690548
v 51.539376 29.449967 -41.252872
v 51.497067 29.449967 -41.252872
v 51.539376 29.512997 -41.269264
v 51.497067 29.512997 -41.269264
v 51.539376 29.573704 -41.300995
v 51.497067 29.573704 -41.300995
v 51.539376 29.621644 -41.349937
v 51.497067 29.621644 -41.349937
v 51.539376 29.652112 -41.411293
v 51.497067 29.652112 -41.411293
v 59.980015 30.617106 -41.455757
v 59.980015 30.617478 -41.488971
v 57.885811 30.617478 -41.488971
v 57.885811 30.617106 -41.455757
v 59.980015 30.617856 -41.522186
v 57.885811 30.617856 -41.522186
v 55.727902 30.617478 -41.488971
v 55.727902 30.617106 -41.455757
v 53.654828 30.617478 -41.488971
v 53.654828 30.617106 -41.455757
v 55.727902 30.617856 -41.522186
v 53.654828 30.617856 -41.522186
v 51.497067 30.617478 -41.488971
v 51.497067 30.617106 -41.455757
v 49.402749 30.617478 -41.488971
v 49.402749 30.617106 -41.455757
v 51.497067 30.617856 -41.522186
v 49.402749 30.617856 -41.522186
v 59.980015 29.729424 -41.479759
v 59.980015 29.712529 -41.512794
v 59.980015 29.823067 -41.513939
v 59.980015 29.822583 -41.480728
v 57.885811 29.712529 -41.512794
v 57.885811 29.823067 -41.513939
v 57.885811 29.729424 -41.479759
v 57.885811 29.822583 -41.480728
v 55.727902 29.712529 -41.512794
v 55.727902 29.729424 -41.479759
v 55.727902 29.823067 -41.513939
v 55.727902 29.822583 -41.480728
v 53.654828 29.712529 -41.512794
v 53.654828 29.823067 -41.513939
v 53.654828 29.729424 -41.479759
v 53.654828 29.822583 -41.480728
v 51.497067 29.712529 -41.512794
v 51.497067 29.729424 -41.479759
v 51.497067 29.823067 -41.513939
v 51.497067 29.822583 -41.480728
v 49.402749 29.712529 -41.512794
v 49.402749 29.823067 -41.513939
v 49.402749 29.729424 -41.479759
v 49.402749 29.822583 -41.480728
v 59.980015 29.713217 -41.446380
v 59.980015 29.822095 -41.447509
v 57.885811 29.713217 -41.446380
v 57.885811 29.822095 -41.447509
v 55.727902 29.713217 -41.446380
v 55.727902 29.822095 -41.447509
v 53.654828 29.713217 -41.446380
v 53.654828 29.822095 -41.447509
v 51.497067 29.713217 -41.446380
v 51.497067 29.822095 -41.447509
v 49.402749 29.713217 -41.446380
v 49.402749 29.822095 -41.447509
v 59.980004 29.202862 -41.541092
v 59.980023 29.236045 -41.611847
v 59.980004 29.289460 -41.668876
v 59.980023 29.357907 -41.706611
v 59.980023 29.373425 -41.231758
v 59.980015 29.302668 -41.264946
v 59.980015 29.245635 -41.318367
v 59.980023 29.207905 -41.386802
v 59.980015 29.158169 -41.462402
v 49.402749 29.202862 -41.541092
v 49.402764 29.236043 -41.611847
v 49.402749 29.289460 -41.668876
v 49.402764 29.357905 -41.706611
v 49.402741 29.373423 -41.231758
v 49.402764 29.302668 -41.264946
v 49.402749 29.245633 -41.318367
v 49.402749 29.207905 -41.386802
v 49.402749 29.158171 -41.462402
v 57.885811 29.202862 -41.541092
v 57.843449 29.202862 -41.541092
v 57.885811 29.236043 -41.611847
v 57.843464 29.236043 -41.611847
v 57.885808 29.289458 -41.668876
v 57.843445 29.289458 -41.668876
v 57.885811 29.357907 -41.706611
v 57.843453 29.357905 -41.706611
v 57.885808 29.373425 -41.231758
v 57.843453 29.373421 -41.231758
v 57.885811 29.302670 -41.264946
v 57.843453 29.302670 -41.264946
v 57.885819 29.245633 -41.318367
v 57.843453 29.245633 -41.318367
v 57.885819 29.207905 -41.386802
v 57.843453 29.207905 -41.386802
v 57.885811 29.158169 -41.462402
v 57.843453 29.158169 -41.462402
v 55.770306 29.202864 -41.541092
v 55.727902 29.202862 -41.541092
v 55.770310 29.236043 -41.611847
v 55.727910 29.236043 -41.611847
v 55.770325 29.289460 -41.668876
v 55.727894 29.289458 -41.668876
v 55.770310 29.357907 -41.706611
v 55.727917 29.357907 -41.706611
v 55.770325 29.373421 -41.231758
v 55.727917 29.373425 -41.231758
v 55.770310 29.302670 -41.264946
v 55.727887 29.302668 -41.264946
v 55.770306 29.245635 -41.318367
v 55.727902 29.245635 -41.318367
v 55.770318 29.207905 -41.386802
v 55.727902 29.207905 -41.386802
v 55.770310 29.158171 -41.462402
v 55.727910 29.158169 -41.462402
v 53.654828 29.202862 -41.541092
v 53.612538 29.202862 -41.541092
v 53.654828 29.236043 -41.611847
v 53.612538 29.236043 -41.611847
v 53.654828 29.289460 -41.668876
v 53.612530 29.289460 -41.668876
v 53.654835 29.357903 -41.706611
v 53.612538 29.357905 -41.706611
v 53.654835 29.373425 -41.231758
v 53.612538 29.373423 -41.231758
v 53.654835 29.302668 -41.264946
v 53.612538 29.302668 -41.264946
v 53.654828 29.245637 -41.318367
v 53.612530 29.245635 -41.318367
v 53.654828 29.207905 -41.386802
v 53.612538 29.207905 -41.386802
v 53.654828 29.158171 -41.462402
v 53.612546 29.158169 -41.462402
v 51.539376 29.202862 -41.541092
v 51.497067 29.202864 -41.541092
v 51.539376 29.236043 -41.611847
v 51.497067 29.236043 -41.611847
v 51.539376 29.289460 -41.668876
v 51.497075 29.289460 -41.668876
v 51.539376 29.357905 -41.706611
v 51.497067 29.357907 -41.706611
v 51.539376 29.373423 -41.231758
v 51.497067 29.373421 -41.231758
v 51.539376 29.302668 -41.264946
v 51.497056 29.302668 -41.264946
v 51.539368 29.245633 -41.318367
v 51.497067 29.245635 -41.318367
v 51.539376 29.207905 -41.386802
v 51.497067 29.207905 -41.386802
v 51.539368 29.158169 -41.462402
v 51.497075 29.158169 -41.462402
v 57.885811 29.232464 -41.532531
v 57.843464 29.232466 -41.532531
v 57.843464 29.199883 -41.463768
v 57.885819 29.199885 -41.463768
v 57.885811 29.261565 -41.594551
v 57.843483 29.261561 -41.594551
v 57.885811 29.308385 -41.644546
v 57.843453 29.308385 -41.644546
v 57.885811 29.368390 -41.677627
v 57.843453 29.368390 -41.677627
v 57.885800 29.381993 -41.261371
v 57.843464 29.381993 -41.261371
v 57.885811 29.319966 -41.290458
v 57.843453 29.319964 -41.290458
v 57.885811 29.269969 -41.337291
v 57.843453 29.269971 -41.337291
v 57.885811 29.236888 -41.397278
v 57.843445 29.236890 -41.397278
v 55.770310 29.232466 -41.532531
v 55.727902 29.232464 -41.532531
v 55.727894 29.199885 -41.463768
v 55.770318 29.199885 -41.463768
v 55.770306 29.261563 -41.594551
v 55.727910 29.261563 -41.594551
v 55.770318 29.308387 -41.644546
v 55.727894 29.308388 -41.644546
v 55.770318 29.368390 -41.677627
v 55.727902 29.368390 -41.677627
v 55.770295 29.381991 -41.261371
v 55.727902 29.381993 -41.261371
v 55.770310 29.319966 -41.290458
v 55.727894 29.319966 -41.290458
v 55.770306 29.269971 -41.337291
v 55.727894 29.269971 -41.337291
v 55.770310 29.236888 -41.397278
v 55.727887 29.236888 -41.397278
v 53.654835 29.232464 -41.532531
v 53.612530 29.232464 -41.532531
v 53.612546 29.199885 -41.463768
v 53.654828 29.199883 -41.463768
v 53.654835 29.261563 -41.594551
v 53.612538 29.261563 -41.594551
v 53.654828 29.308385 -41.644546
v 53.612538 29.308387 -41.644546
v 53.654828 29.368390 -41.677627
v 53.612538 29.368390 -41.677627
v 53.654828 29.381993 -41.261371
v 53.612538 29.381993 -41.261371
v 53.654828 29.319966 -41.290458
v 53.612546 29.319966 -41.290458
v 53.654835 29.269971 -41.337291
v 53.612530 29.269969 -41.337291
v 53.654828 29.236888 -41.397278
v 53.612538 29.236890 -41.397278
v 51.539376 29.232466 -41.532531
v 51.497056 29.232466 -41.532531
v 51.497075 29.199883 -41.463768
v 51.539368 29.199885 -41.463768
v 51.539376 29.261561 -41.594551
v 51.497056 29.261565 -41.594551
v 51.539376 29.308387 -41.644546
v 51.497075 29.308387 -41.644546
v 51.539368 29.368390 -41.677627
v 51.497067 29.368390 -41.677627
v 51.539376 29.381993 -41.261371
v 51.497067 29.381991 -41.261371
v 51.539368 29.319962 -41.290458
v 51.497067 29.319966 -41.290458
v 51.539387 29.269971 -41.337291
v 51.497067 29.269971 -41.337291
v 51.539376 29.236888 -41.397278
v 51.497067 29.236886 -41.397278
v 59.980015 28.250762 -41.399513
v 59.980004 28.248942 -41.432678
v 57.885800 28.248944 -41.432678
v 57.885819 28.250760 -41.399513
v 59.980015 28.247161 -41.465843
v 57.885811 28.247159 -41.465843
v 55.727910 28.248944 -41.432678
v 55.727910 28.250758 -41.399513
v 53.654816 28.248946 -41.432678
v 53.654835 28.250758 -41.399513
v 55.727910 28.247159 -41.465843
v 53.654828 28.247159 -41.465843
v 51.497067 28.248944 -41.432678
v 51.497075 28.250760 -41.399513
v 49.402749 28.248942 -41.432678
v 49.402764 28.250758 -41.399513
v 51.497075 28.247159 -41.465843
v 49.402764 28.247159 -41.465843
v 59.980023 29.136590 -41.461700
v 59.980015 29.152043 -41.495430
v 59.980015 29.041564 -41.491813
v 59.980015 29.043471 -41.458652
v 57.885811 29.152045 -41.495430
v 57.885819 29.041568 -41.491813
v 57.885808 29.136590 -41.461700
v 57.885811 29.043471 -41.458656
v 55.727894 29.152045 -41.495430
v 55.727910 29.136590 -41.461700
v 55.727910 29.041568 -41.491817
v 55.727894 29.043471 -41.458652
v 53.654828 29.152043 -41.495430
v 53.654828 29.041568 -41.491813
v 53.654835 29.136590 -41.461700
v 53.654828 29.043473 -41.458652
v 51.497056 29.152045 -41.495430
v 51.497056 29.136590 -41.461700
v 51.497067 29.041566 -41.491813
v 51.497067 29.043469 -41.458656
v 49.402764 29.152045 -41.495430
v 49.402749 29.041566 -41.491813
v 49.402749 29.136590 -41.461700
v 49.402764 29.043471 -41.458656
v 59.980015 29.154217 -41.429046
v 59.980015 29.045397 -41.425491
v 57.885811 29.154216 -41.429046
v 57.885811 29.045397 -41.425491
v 55.727902 29.154217 -41.429046
v 55.727910 29.045396 -41.425491
v 53.654828 29.154219 -41.429046
v 53.654828 29.045397 -41.425491
v 51.497075 29.154217 -41.429046
v 51.497075 29.045396 -41.425491
v 49.402749 29.154217 -41.429046
v 49.402749 29.045397 -41.425491
v 53.984078 27.531398 -3.559934
v 53.984078 27.531398 -40.583641
v 36.565304 27.531398 -14.124032
v 57.536690 1.310166 -15.788811
v 36.565304 27.531398 -31.500488
v 57.536690 1.310166 -29.525501
v 37.578850 27.531398 -3.559934
v 37.578850 27.531398 -40.583641
v 45.104844 1.310166 -29.218525
v 45.104847 1.310126 -16.051151
v 36.565304 27.531398 -4.421571
v 45.104847 1.310126 -8.971000
v 57.842171 1.310166 -8.971000
v 36.565304 27.531398 -39.870094
v 57.842171 1.310166 -35.288681
v 45.104851 1.310166 -35.288681
v 41.105504 14.420782 -6.752504
v 41.105504 14.420782 -15.173632
v 41.105504 14.420782 -30.255310
v 41.105504 14.420782 -37.519607
v 41.985199 14.420782 -38.138916
v 56.223908 14.420782 -38.138916
v 56.223908 14.420782 -6.004656
v 41.985199 14.420782 -6.004656
v 36.565304 29.246064 -39.870094
v 35.933476 29.647513 -39.882408
v 37.578850 29.246064 -3.559934
v 36.965649 29.647513 -2.811884
v 53.984078 29.246064 -3.559934
v 53.672375 29.647513 -2.811884
v 53.984078 29.246064 -40.583641
v 53.672375 29.647513 -40.610893
v 36.965649 29.647513 -40.610893
v 37.578850 29.246064 -40.583641
v 36.565304 29.246064 -14.124032
v 35.933476 29.647513 -13.597203
v 35.933476 29.647513 -3.691564
v 36.565304 29.246064 -4.421571
v 36.565304 29.246064 -31.500488
v 35.933476 29.647513 -31.337532
v 38.354561 29.246064 -40.153259
v 37.364579 29.246064 -39.461452
v 37.364579 29.246064 -31.292183
v 37.364579 29.246064 -4.839353
v 38.354561 29.246064 -3.990312
v 54.378388 29.246064 -3.990312
v 54.378388 29.246064 -40.153259
v 37.364579 29.246064 -14.325921
v 36.488724 31.302130 -2.248514
v 36.350960 31.302130 -41.166839
v 35.474396 31.302130 -3.206625
v 53.214264 31.302130 -2.355173
v 53.214264 31.302130 -41.067062
v 35.489724 31.302130 -13.187429
v 35.489724 31.302130 -31.823066
v 35.474286 31.302130 -40.469581
v 36.565304 29.246064 -3.948732
v 36.954102 29.246064 -3.559934
v 36.954102 29.246064 -40.583641
v 36.565304 29.246064 -40.194839
v 37.753377 29.246064 -40.153259
v 37.364579 29.246064 -39.764465
v 36.329423 29.647513 -40.610893
v 35.933476 29.647513 -40.213951
v 37.364579 29.246064 -4.379110
v 37.753377 29.246064 -3.990312
v 35.933476 29.647513 -3.208826
v 36.329423 29.647513 -2.811884
v 35.479561 31.302130 -2.746052
v 35.855473 31.302130 -2.316124
v 35.852368 31.302130 -41.109077
v 35.515324 31.302130 -40.724357
v 53.208428 30.838374 -41.478248
v 53.208428 30.838374 -1.944530
v 34.993050 30.838374 -31.779308
v 34.993050 30.838374 -13.224815
v 36.052949 30.756766 -1.944530
v 36.052949 30.749884 -41.478248
v 34.993050 30.823821 -2.864582
v 34.993050 30.823821 -40.716331
v 34.993050 30.830615 -41.072036
v 35.390866 30.805161 -41.478248
v 35.390866 30.807746 -1.944530
v 34.993050 30.831950 -2.350744
v 53.528504 27.889411 -41.433204
v 53.697693 27.531398 -41.117691
v 53.697693 27.531398 -3.025882
v 53.528504 27.889411 -2.710369
v 35.962159 27.531398 -31.783111
v 35.641850 27.885127 -31.933201
v 35.641850 27.880826 -13.759285
v 35.966847 27.531398 -13.887652
v 36.834389 27.589459 -2.861643
v 36.682618 27.924548 -2.710369
v 36.682618 27.896821 -41.433204
v 36.834389 27.531398 -41.281929
v 35.641850 27.912835 -3.611549
v 35.795937 27.589459 -3.752607
v 35.795601 27.531398 -40.544967
v 35.593411 27.896821 -40.631447
v 37.006539 31.265776 -13.522470
v 36.890938 31.502829 -13.508333
v 37.006829 31.265931 -31.424680
v 36.891415 31.502898 -31.441360
v 37.771702 31.270785 -38.840526
v 37.670563 31.506583 -38.943695
v 37.768586 31.268904 -4.736835
v 37.667656 31.506049 -4.635025
v 53.665234 31.278706 -3.573431
v 53.641488 31.500506 -3.464330
v 53.665238 31.281735 -40.004039
v 53.638352 31.499051 -40.108745
v 57.405411 2.621228 -7.294240
v 44.309533 2.621228 -7.294240
v 43.500443 2.621228 -7.982063
v 43.500443 2.621228 -15.727294
v 43.500443 2.621228 -29.598482
v 43.500443 2.621228 -36.279728
v 44.309533 2.621228 -36.849334
v 57.405411 2.621228 -36.849334
v 43.773720 0.501651 -7.818811
v 43.420605 0.501651 -7.218756
v 57.165535 0.501651 -7.818811
v 57.165535 0.501651 -36.446834
v 43.773720 0.501651 -29.843801
v 43.773720 0.501651 -15.520508
v 43.773724 0.501651 -36.446834
v 43.438096 0.501651 -37.016704
v 57.842171 0.620043 -8.971000
v 57.842171 0.620043 -35.288681
v 45.104844 0.620043 -29.218525
v 45.104851 0.620043 -35.288681
v 57.204110 2.621228 -6.855109
v 57.046685 2.359978 -6.681602
v 57.204110 2.621228 -37.288463
v 57.046685 2.359978 -37.461971
v 42.902772 2.621228 -15.510334
v 42.702607 2.381802 -15.463608
v 42.901574 2.621228 -29.856201
v 42.702759 2.380639 -29.911260
v 43.674840 2.621228 -6.722926
v 43.543526 2.331261 -6.683626
v 43.674840 2.621228 -37.420646
v 43.543526 2.331261 -37.459945
v 42.827294 2.621228 -7.427232
v 42.703908 2.371785 -7.397148
v 42.827187 2.621228 -36.839271
v 42.703930 2.371600 -36.869537
v 43.098435 2.387847 -6.679638
v 42.702279 2.384320 -7.074645
v 42.702279 2.384318 -37.068927
v 43.098309 2.387845 -37.463936
v 43.145791 0.501651 -7.594180
v 42.918725 0.714747 -7.508514
v 42.919575 0.708188 -7.192735
v 43.150700 0.501651 -7.293621
v 57.165535 0.501651 -7.025886
v 57.151841 0.715728 -6.797503
v 57.151841 0.715728 -37.346069
v 57.165535 0.501651 -37.117687
v 43.151753 0.501651 -29.843801
v 42.919488 0.708855 -29.851240
v 42.919488 0.708874 -15.514236
v 43.151734 0.501651 -15.520507
v 43.746869 0.715083 -37.346023
v 43.773720 0.501651 -37.117050
v 43.773720 0.501651 -7.026522
v 43.746869 0.715083 -6.797548
v 43.145791 0.501651 -36.671463
v 42.918725 0.714743 -36.757251
v 43.150700 0.501651 -36.849952
v 42.919575 0.708188 -36.950836
v 43.429688 0.501651 -37.117099
v 43.315644 0.711371 -37.345764
v 43.315659 0.711373 -6.797810
v 43.429688 0.501651 -7.026474
v 54.114724 40.536065 -14.040664
v 54.098691 40.536065 -30.910143
v 53.337243 40.748791 -13.294508
v 53.404191 40.846101 -13.358762
v 53.344147 40.725304 -31.618547
v 53.409417 40.824143 -31.557270
v 54.114724 41.012864 -14.040665
v 54.007256 41.084252 -13.937530
v 54.098694 41.008580 -30.910143
v 53.988801 41.078458 -31.013317
v 53.316788 40.210332 -13.276067
v 53.337243 40.255006 -13.294508
v 53.324585 40.185200 -31.635238
v 53.344147 40.230420 -31.618547
v 53.970929 40.210324 -13.591741
v 53.990677 40.255006 -13.609548
v 53.997345 40.230420 -31.303446
v 53.978455 40.185193 -31.319563
v 53.576783 29.246064 -41.343170
v 53.528504 29.143899 -41.433204
v 53.576783 29.246064 -2.800405
v 53.528504 29.143899 -2.710369
v 35.733254 29.246064 -31.890369
v 35.641850 29.145123 -31.933201
v 35.734593 29.246064 -13.795916
v 35.641850 29.146350 -13.759285
v 36.696476 29.246064 -2.817917
v 36.682618 29.133874 -2.710369
v 36.764042 29.246064 -41.356022
v 36.682618 29.133874 -41.433204
v 35.775013 29.246064 -3.634294
v 35.641850 29.137215 -3.611549
v 35.723488 29.246064 -40.614700
v 35.641850 29.137072 -40.686912
v 34.845574 29.246064 -41.298164
v 34.749283 29.030635 -41.337963
v 35.796605 29.246064 -42.189285
v 35.755845 29.030635 -42.285431
v 35.755444 29.246064 -1.956585
v 35.783364 29.125348 -1.855364
v 34.803410 29.246064 -2.788818
v 34.717942 29.113635 -2.796341
v 53.208428 29.749678 -41.478248
v 53.257599 29.647513 -41.386329
v 53.257599 29.647513 -2.036451
v 53.208428 29.749678 -1.944530
v 35.086136 29.647513 -31.735580
v 34.993050 29.748454 -31.779308
v 34.993050 29.747227 -13.224815
v 35.087498 29.647513 -13.262217
v 36.135869 29.647513 -2.023327
v 36.052949 29.759703 -1.944530
v 36.052949 29.759703 -41.478248
v 36.135869 29.647513 -41.399448
v 34.993050 29.756362 -2.864582
v 35.076386 29.647513 -2.937862
v 35.076191 29.647513 -40.642608
v 34.993050 29.756505 -40.716331
v 35.440777 29.647513 -41.379936
v 35.398900 29.743676 -41.478248
v 34.993050 29.743678 -41.063820
v 35.091115 29.647513 -41.022903
v 35.091115 29.647513 -2.399877
v 34.993050 29.743678 -2.358959
v 35.398900 29.743676 -1.944530
v 35.440777 29.647513 -2.042837
v 71.052186 1.310166 -15.788811
v 71.052186 1.310166 -29.525501
v 71.116334 1.310166 -8.971000
v 71.116334 1.310166 -35.288681
v 71.052186 27.531398 -40.583641
v 71.052186 14.420782 -38.138916
v 71.052186 14.420782 -6.004656
v 71.052186 29.246064 -3.990312
v 71.052186 29.647513 -40.171501
v 71.052186 29.246064 -40.153259
v 71.052186 29.246064 -3.559934
v 71.052186 29.647513 -2.811884
v 71.052186 29.647513 -40.610893
v 71.052186 29.246064 -40.583641
v 71.052186 31.302132 -2.355173
v 71.052186 30.838374 -1.944530
v 71.052186 31.302130 -41.067062
v 71.052186 30.838374 -41.478248
v 71.052186 27.892121 -41.433204
v 71.052186 27.531398 -41.120826
v 71.052186 31.278483 -3.573181
v 71.052186 31.500621 -3.464973
v 71.052186 31.282176 -40.003612
v 71.052186 31.499007 -40.108959
v 71.052186 2.621228 -36.849334
v 71.052186 2.621228 -7.294241
v 71.116334 0.501651 -7.818811
v 71.116334 0.620043 -8.971000
v 71.116334 0.501652 -36.446834
v 71.116334 0.620043 -35.288681
v 71.116334 2.621228 -6.850781
v 71.116334 2.357037 -6.681809
v 71.116334 2.621228 -37.292793
v 71.116334 2.357037 -37.461765
v 71.116334 0.501651 -7.025922
v 71.116334 0.715689 -6.797505
v 71.116334 0.715689 -37.346069
v 71.116334 0.501652 -37.117653
v 71.052186 40.536065 -14.036043
v 71.052186 40.536065 -30.898887
v 71.052186 40.746773 -13.294430
v 71.052186 40.844208 -13.358719
v 71.052186 40.821736 -31.556785
v 71.052186 40.723008 -31.618522
v 71.052186 41.083329 -13.932089
v 71.052186 41.012513 -14.036043
v 71.052186 41.008950 -30.898887
v 71.052186 41.078637 -31.002552
v 71.052186 40.207986 -13.591716
v 71.052186 40.252763 -13.609474
v 71.052186 40.228066 -31.303423
v 71.052186 40.182740 -31.319484
v 71.052186 40.207978 -13.276042
v 71.052186 40.182732 -31.635158
v 71.052186 40.252759 -13.294430
v 71.052186 40.228059 -31.618522
v 71.052186 29.246064 -41.344063
v 71.052186 29.143126 -41.433204
v 71.052186 29.143126 -2.710369
v 71.052186 29.246064 -2.799511
v 71.052186 29.750449 -41.478248
v 71.052186 29.647513 -41.387237
v 71.052186 29.647513 -2.035537
v 71.052186 29.750449 -1.944530
v 71.648407 22.336409 -2.735939
v 71.052186 26.983874 -3.666349
v 71.052186 24.793458 -3.004818
v 71.648407 24.862878 -2.723154
v 71.052186 23.642407 -3.008714
v 71.648407 23.852290 -2.728267
v 73.857117 25.231415 -2.723154
v 74.195466 23.651181 -2.728267
v 74.195466 24.711400 -2.723793
v 74.029465 25.853829 -2.721555
v 73.857117 25.231415 -5.179777
v 74.195466 24.711400 -5.180416
v 74.029465 25.853829 -5.178179
v 74.195466 23.651181 -5.184890
v 70.891823 27.371031 -3.591102
v 70.504662 27.531398 -3.559934
v 70.501008 27.531398 -3.022848
v 70.890748 27.369961 -3.021721
v 71.052186 26.980221 -3.019138
v 71.939095 27.692767 -2.711734
v 72.035500 27.941203 -2.710369
v 71.475525 28.294896 -2.710369
v 71.010247 27.946404 -2.710369
v 71.461365 27.803330 -2.710968
v 71.648407 27.455323 -2.712412
v 71.648407 27.948485 -2.710369
v 71.052186 21.865544 -39.605751
v 54.880009 21.865544 -39.605751
v 39.341389 21.865544 -39.605751
v 38.381386 21.865544 -38.929901
v 38.381386 21.865544 -31.002418
v 38.381383 21.865544 -14.543872
v 38.381383 21.865544 -5.353944
v 39.341389 21.865544 -4.537822
v 54.880009 21.865544 -4.537822
v 71.755509 28.118050 -2.710369
v 70.058716 26.761647 -3.613142
v 37.522370 21.865544 -4.160904
v 37.914483 21.865544 -3.763517
v 36.053795 27.589461 -2.742447
v 35.663273 27.589461 -3.140775
v 37.522370 21.865544 -4.615680
v 38.505116 21.865544 -3.763517
v 35.783364 27.924548 -1.855364
v 35.813599 27.720528 -2.246431
v 35.120469 27.869094 -1.855364
v 35.118714 27.674990 -2.046642
v 35.059365 27.720528 -2.899465
v 34.717942 27.912835 -2.796341
v 34.888161 27.674990 -2.286169
v 34.717942 27.869094 -2.273546
v 43.155892 2.621228 -6.641659
v 40.705514 14.420782 -5.295126
v 41.211556 14.420782 -5.295126
v 42.762692 2.621228 -7.036977
v 40.311020 14.420782 -5.691095
v 40.311020 14.420782 -6.076001
v 43.027096 2.621228 -6.129971
v 42.806794 2.331261 -6.004081
v 42.415650 2.621228 -6.222501
v 42.351162 2.387847 -5.999916
v 41.947289 2.371785 -6.749112
v 42.139733 2.621228 -6.850874
v 41.945622 2.384320 -6.412367
v 42.155472 2.621228 -6.498932
v 36.053795 27.531398 -41.401127
v 35.663273 27.531398 -41.002800
v 37.913907 21.865544 -40.380058
v 37.522374 21.865544 -39.982670
v 37.522374 21.865544 -39.674358
v 38.505116 21.865544 -40.380058
v 35.741845 27.697919 -42.131630
v 35.763588 27.896821 -42.251091
v 35.143277 27.697919 -42.171554
v 35.120469 27.896821 -42.288208
v 34.778897 27.896821 -41.299392
v 34.926590 27.697919 -41.260158
v 34.717942 27.896821 -41.870025
v 34.814072 27.697919 -41.806427
v 42.762692 2.621228 -37.106598
v 40.311020 14.420782 -38.452476
v 40.311020 14.420782 -38.201786
v 40.704079 14.420782 -38.848449
v 43.155751 2.621228 -37.501915
v 41.211556 14.420782 -38.848449
v 42.806794 2.331261 -38.139492
v 43.027096 2.621228 -38.013603
v 42.351033 2.387845 -38.143657
v 42.419014 2.621228 -37.912307
v 42.139512 2.621228 -37.420524
v 41.947312 2.371600 -37.523010
v 42.154137 2.621228 -37.645244
v 41.945622 2.384318 -37.731209
v 35.120469 29.069894 -1.855364
v 34.717942 29.069894 -2.273546
v 35.131211 29.246064 -1.937095
v 34.805451 29.246064 -2.284326
v 35.890103 29.246064 -3.202236
v 36.148453 29.246064 -2.950926
v 35.117363 29.030635 -42.300308
v 34.705941 29.030635 -41.870914
v 34.778229 29.246064 -41.807472
v 35.179360 29.246064 -42.225418
v 36.228047 29.246064 -41.248436
v 35.827706 29.246064 -40.861065
v 74.634461 1.310168 -8.971000
v 74.634461 1.310166 -15.788811
v 74.634461 1.310166 -29.525501
v 74.634461 0.620043 -8.971000
v 74.634461 1.310168 -35.288681
v 74.634461 14.420782 -38.138916
v 74.634461 27.531398 -40.583641
v 74.634461 2.621230 -36.849334
v 74.634461 14.420782 -6.004656
v 74.634461 29.647511 -3.251278
v 74.634461 29.246064 -3.990312
v 74.634461 29.647511 -2.811884
v 74.634461 29.246064 -40.153259
v 74.634461 29.246064 -40.583641
v 74.634461 29.246064 -3.559934
v 74.634461 29.647511 -2.035537
v 74.634461 29.647511 -40.610893
v 74.634461 29.246064 -41.344063
v 74.634461 31.500619 -3.464975
v 74.634461 31.302132 -2.355173
v 74.634461 30.838374 -1.944532
v 74.634461 30.838374 -41.478248
v 74.634461 31.302130 -41.067062
v 74.634461 29.750449 -41.478248
v 74.634461 27.531398 -41.120826
v 74.634461 27.892121 -41.433204
v 74.634461 27.892308 -2.710369
v 74.634461 29.143126 -2.710369
v 74.634461 40.207978 -13.276042
v 74.634461 31.278483 -3.573183
v 74.634461 31.499007 -40.108959
v 74.634461 31.282176 -40.003612
v 74.634461 2.621228 -37.292789
v 74.634461 2.621230 -7.294242
v 74.634461 0.501651 -7.025922
v 74.634461 0.501651 -7.818812
v 74.634461 0.620043 -35.288681
v 74.634461 0.501652 -36.446834
v 74.634461 2.621228 -6.850781
v 74.634461 2.357037 -6.681809
v 74.634461 2.357037 -37.461765
v 74.634461 0.715689 -37.346069
v 74.634461 0.715689 -6.797505
v 74.634461 0.501652 -37.117653
v 74.634461 40.536065 -30.898887
v 74.634461 40.536065 -14.036043
v 74.634461 41.008950 -30.898887
v 74.634461 40.844208 -13.358719
v 74.634461 40.746770 -13.294430
v 74.634461 41.083329 -13.932089
v 74.634461 40.723008 -31.618522
v 74.634461 40.821736 -31.556785
v 74.634461 40.228055 -31.618522
v 74.634461 41.012513 -14.036043
v 74.634461 41.078637 -31.002552
v 74.634461 40.252763 -13.609475
v 74.634461 40.207986 -13.591716
v 74.634461 40.252755 -13.294430
v 74.634461 40.182740 -31.319484
v 74.634461 40.228062 -31.303423
v 74.634461 40.182732 -31.635158
v 74.634461 29.143126 -41.433204
v 74.634461 29.246064 -2.799511
v 74.634461 29.647511 -41.387237
v 74.634461 29.750449 -1.944532
v 74.634461 21.865533 -4.782415
v 74.634461 21.833630 -3.107074
v 74.634461 22.336409 -2.735941
v 74.634461 26.113454 -2.719984
v 74.634461 23.212195 -2.730119
v 74.634461 24.711400 -5.180416
v 74.634461 23.651181 -5.184890
v 74.634461 23.212195 -5.186744
v 74.634461 21.865544 -39.605751
v 74.634461 29.139579 -2.710369
v 74.634461 24.729975 -5.180380
v 74.634461 26.113454 -5.176607
v 89.288903 29.679917 -41.556434
v 89.288903 29.643719 -41.625694
v 89.288903 29.587891 -41.680378
v 89.288903 29.517895 -41.715133
v 89.288895 29.434647 -41.721351
v 89.288910 29.450974 -41.222065
v 89.288903 29.522824 -41.240051
v 89.288903 29.592082 -41.276249
v 89.288903 29.646764 -41.332077
v 89.288903 29.681517 -41.402073
v 89.288903 29.707829 -41.479538
v 99.866166 29.679917 -41.556434
v 99.866166 29.643719 -41.625694
v 99.866166 29.587891 -41.680378
v 99.866166 29.517895 -41.715133
v 99.866166 29.434649 -41.721351
v 99.866150 29.450976 -41.222061
v 99.866166 29.522824 -41.240051
v 99.866166 29.592082 -41.276249
v 99.866166 29.646764 -41.332077
v 99.866166 29.681517 -41.402073
v 99.866166 29.707829 -41.479538
v 89.288903 29.442813 -41.471710
v 99.866150 29.442811 -41.471710
v 91.383103 29.679917 -41.556434
v 91.425461 29.679917 -41.556434
v 91.383103 29.643719 -41.625694
v 91.425461 29.643719 -41.625694
v 91.383103 29.587891 -41.680378
v 91.425461 29.587891 -41.680378
v 91.383103 29.517895 -41.715133
v 91.425461 29.517895 -41.715133
v 91.383103 29.434649 -41.721351
v 91.425469 29.434649 -41.721351
v 91.383103 29.450976 -41.222061
v 91.425461 29.450974 -41.222061
v 91.383103 29.522824 -41.240051
v 91.425461 29.522824 -41.240051
v 91.383103 29.592082 -41.276249
v 91.425461 29.592082 -41.276249
v 91.383103 29.646764 -41.332077
v 91.425461 29.646764 -41.332077
v 91.383103 29.681517 -41.402073
v 91.425461 29.681517 -41.402073
v 91.383103 29.707829 -41.479538
v 91.425461 29.707829 -41.479538
v 93.498604 29.679917 -41.556434
v 93.541016 29.679917 -41.556434
v 93.498604 29.643719 -41.625694
v 93.541016 29.643719 -41.625694
v 93.498604 29.587891 -41.680378
v 93.541016 29.587891 -41.680378
v 93.498604 29.517895 -41.715133
v 93.541016 29.517895 -41.715133
v 93.498604 29.434647 -41.721351
v 93.541016 29.434649 -41.721351
v 93.498604 29.450976 -41.222061
v 93.541024 29.450974 -41.222065
v 93.498604 29.522824 -41.240051
v 93.541016 29.522824 -41.240051
v 93.498604 29.592082 -41.276249
v 93.541016 29.592082 -41.276249
v 93.498604 29.646764 -41.332077
v 93.541016 29.646764 -41.332077
v 93.498604 29.681517 -41.402073
v 93.541016 29.681517 -41.402073
v 93.498604 29.707829 -41.479538
v 93.541016 29.707829 -41.479538
v 95.614090 29.679917 -41.556434
v 95.656380 29.679917 -41.556434
v 95.614090 29.643719 -41.625694
v 95.656380 29.643719 -41.625694
v 95.614090 29.587891 -41.680378
v 95.656380 29.587891 -41.680378
v 95.614090 29.517895 -41.715133
v 95.656380 29.517895 -41.715133
v 95.614083 29.434647 -41.721351
v 95.656380 29.434647 -41.721351
v 95.614090 29.450976 -41.222061
v 95.656380 29.450976 -41.222061
v 95.614090 29.522824 -41.240051
v 95.656380 29.522824 -41.240051
v 95.614090 29.592082 -41.276249
v 95.656380 29.592082 -41.276249
v 95.614090 29.646764 -41.332077
v 95.656380 29.646764 -41.332077
v 95.614090 29.681517 -41.402073
v 95.656380 29.681517 -41.402073
v 95.614090 29.707829 -41.479538
v 95.656380 29.707829 -41.479538
v 97.729538 29.679917 -41.556434
v 97.771851 29.679917 -41.556434
v 97.729538 29.643719 -41.625694
v 97.771851 29.643719 -41.625694
v 97.729538 29.587891 -41.680378
v 97.771851 29.587891 -41.680378
v 97.729538 29.517895 -41.715133
v 97.771851 29.517895 -41.715133
v 97.729538 29.434647 -41.721351
v 97.771859 29.434647 -41.721351
v 97.729546 29.450978 -41.222061
v 97.771851 29.450974 -41.222065
v 97.729538 29.522824 -41.240051
v 97.771851 29.522824 -41.240051
v 97.729538 29.592082 -41.276249
v 97.771851 29.592082 -41.276249
v 97.729538 29.646764 -41.332077
v 97.771851 29.646764 -41.332077
v 97.729538 29.681517 -41.402073
v 97.771851 29.681517 -41.402073
v 97.729538 29.707829 -41.479538
v 97.771851 29.707829 -41.479538
v 91.383103 29.650704 -41.546608
v 91.425461 29.650704 -41.546608
v 91.425461 29.666096 -41.479103
v 91.383103 29.666096 -41.479103
v 91.383103 29.618973 -41.607319
v 91.425461 29.618973 -41.607319
v 91.383103 29.570031 -41.655254
v 91.425461 29.570031 -41.655254
v 91.383103 29.508679 -41.685722
v 91.425461 29.508679 -41.685722
v 91.383103 29.435658 -41.690548
v 91.425461 29.435660 -41.690548
v 91.383103 29.449967 -41.252872
v 91.425454 29.449967 -41.252872
v 91.383103 29.512997 -41.269264
v 91.425461 29.512997 -41.269264
v 91.383103 29.573704 -41.300995
v 91.425461 29.573704 -41.300995
v 91.383103 29.621644 -41.349937
v 91.425461 29.621644 -41.349937
v 91.383103 29.652112 -41.411293
v 91.425461 29.652112 -41.411293
v 93.498604 29.650704 -41.546608
v 93.541016 29.650704 -41.546608
v 93.541016 29.666096 -41.479103
v 93.498604 29.666096 -41.479103
v 93.498604 29.618973 -41.607319
v 93.541016 29.618973 -41.607319
v 93.498604 29.570031 -41.655254
v 93.541016 29.570031 -41.655254
v 93.498604 29.508679 -41.685722
v 93.541016 29.508679 -41.685722
v 93.498589 29.435660 -41.690548
v 93.541024 29.435660 -41.690548
v 93.498612 29.449967 -41.252872
v 93.541016 29.449967 -41.252872
v 93.498604 29.512997 -41.269264
v 93.541016 29.512997 -41.269264
v 93.498604 29.573704 -41.300995
v 93.541016 29.573704 -41.300995
v 93.498604 29.621644 -41.349937
v 93.541016 29.621644 -41.349937
v 93.498604 29.652112 -41.411293
v 93.541016 29.652112 -41.411293
v 95.614090 29.650704 -41.546608
v 95.656380 29.650704 -41.546608
v 95.656380 29.666096 -41.479103
v 95.614090 29.666096 -41.479103
v 95.614090 29.618973 -41.607319
v 95.656380 29.618973 -41.607319
v 95.614090 29.570031 -41.655254
v 95.656380 29.570031 -41.655254
v 95.614090 29.508679 -41.685722
v 95.656380 29.508679 -41.685722
v 95.614090 29.435662 -41.690548
v 95.656380 29.435660 -41.690548
v 95.614090 29.449969 -41.252872
v 95.656380 29.449969 -41.252872
v 95.614090 29.512997 -41.269264
v 95.656380 29.512997 -41.269264
v 95.614090 29.573704 -41.300995
v 95.656380 29.573704 -41.300995
v 95.614090 29.621644 -41.349937
v 95.656380 29.621644 -41.349937
v 95.614090 29.652112 -41.411293
v 95.656380 29.652112 -41.411293
v 97.729538 29.650704 -41.546608
v 97.771851 29.650704 -41.546608
v 97.771851 29.666096 -41.479103
v 97.729538 29.666096 -41.479103
v 97.729538 29.618973 -41.607319
v 97.771851 29.618973 -41.607319
v 97.729538 29.570031 -41.655254
v 97.771851 29.570031 -41.655254
v 97.729538 29.508679 -41.685722
v 97.771851 29.508679 -41.685722
v 97.729538 29.435660 -41.690548
v 97.771851 29.435658 -41.690548
v 97.729538 29.449967 -41.252872
v 97.771851 29.449967 -41.252872
v 97.729538 29.512997 -41.269264
v 97.771851 29.512997 -41.269264
v 97.729538 29.573704 -41.300995
v 97.771851 29.573704 -41.300995
v 97.729538 29.621644 -41.349937
v 97.771851 29.621644 -41.349937
v 97.729538 29.652112 -41.411293
v 97.771851 29.652112 -41.411293
v 89.288903 30.617106 -41.455757
v 89.288903 30.617478 -41.488971
v 91.383103 30.617478 -41.488971
v 91.383103 30.617106 -41.455757
v 89.288903 30.617856 -41.522186
v 91.383103 30.617856 -41.522186
v 93.541016 30.617478 -41.488971
v 93.541016 30.617106 -41.455757
v 95.614090 30.617478 -41.488971
v 95.614090 30.617106 -41.455757
v 93.541016 30.617856 -41.522186
v 95.614090 30.617856 -41.522186
v 97.771851 30.617478 -41.488971
v 97.771851 30.617106 -41.455757
v 99.866166 30.617478 -41.488971
v 99.866166 30.617106 -41.455757
v 97.771851 30.617856 -41.522186
v 99.866166 30.617856 -41.522186
v 89.288903 29.729424 -41.479759
v 89.288903 29.712529 -41.512794
v 89.288903 29.823067 -41.513939
v 89.288903 29.822583 -41.480728
v 91.383103 29.712529 -41.512794
v 91.383103 29.823067 -41.513939
v 91.383103 29.729424 -41.479759
v 91.383103 29.822583 -41.480728
v 93.541016 29.712529 -41.512794
v 93.541016 29.729424 -41.479759
v 93.541016 29.823067 -41.513939
v 93.541016 29.822583 -41.480728
v 95.614090 29.712529 -41.512794
v 95.614090 29.823067 -41.513939
v 95.614090 29.729424 -41.479759
v 95.614090 29.822583 -41.480728
v 97.771851 29.712529 -41.512794
v 97.771851 29.729424 -41.479759
v 97.771851 29.823067 -41.513939
v 97.771851 29.822583 -41.480728
v 99.866166 29.712529 -41.512794
v 99.866166 29.823067 -41.513939
v 99.866166 29.729424 -41.479759
v 99.866166 29.822583 -41.480728
v 89.288903 29.713217 -41.446380
v 89.288903 29.822095 -41.447509
v 91.383103 29.713217 -41.446380
v 91.383103 29.822095 -41.447509
v 93.541016 29.713217 -41.446380
v 93.541016 29.822095 -41.447509
v 95.614090 29.713217 -41.446380
v 95.614090 29.822095 -41.447509
v 97.771851 29.713217 -41.446380
v 97.771851 29.822095 -41.447509
v 99.866166 29.713217 -41.446380
v 99.866166 29.822095 -41.447509
v 89.288910 29.202862 -41.541092
v 89.288895 29.236045 -41.611847
v 89.288910 29.289460 -41.668876
v 89.288895 29.357907 -41.706611
v 89.288895 29.373425 -41.231758
v 89.288903 29.302668 -41.264946
v 89.288903 29.245635 -41.318367
v 89.288895 29.207905 -41.386802
v 89.288903 29.158169 -41.462402
v 99.866166 29.202862 -41.541092
v 99.866150 29.236043 -41.611847
v 99.866166 29.289460 -41.668876
v 99.866150 29.357905 -41.706611
v 99.866173 29.373423 -41.231758
v 99.866150 29.302668 -41.264946
v 99.866166 29.245633 -41.318367
v 99.866166 29.207905 -41.386802
v 99.866166 29.158171 -41.462402
v 91.383103 29.202862 -41.541092
v 91.425469 29.202862 -41.541092
v 91.383103 29.236043 -41.611847
v 91.425454 29.236043 -41.611847
v 91.383111 29.289458 -41.668876
v 91.425477 29.289458 -41.668876
v 91.383103 29.357907 -41.706611
v 91.425461 29.357905 -41.706611
v 91.383111 29.373425 -41.231758
v 91.425461 29.373421 -41.231758
v 91.383103 29.302670 -41.264946
v 91.425461 29.302670 -41.264946
v 91.383103 29.245633 -41.318367
v 91.425461 29.245633 -41.318367
v 91.383103 29.207905 -41.386802
v 91.425461 29.207905 -41.386802
v 91.383103 29.158169 -41.462402
v 91.425461 29.158169 -41.462402
v 93.498612 29.202864 -41.541092
v 93.541016 29.202862 -41.541092
v 93.498604 29.236043 -41.611847
v 93.541009 29.236043 -41.611847
v 93.498589 29.289460 -41.668876
v 93.541024 29.289458 -41.668876
v 93.498604 29.357907 -41.706611
v 93.541001 29.357907 -41.706611
v 93.498589 29.373421 -41.231758
v 93.541001 29.373425 -41.231758
v 93.498604 29.302670 -41.264946
v 93.541031 29.302668 -41.264946
v 93.498612 29.245635 -41.318367
v 93.541016 29.245635 -41.318367
v 93.498597 29.207905 -41.386802
v 93.541016 29.207905 -41.386802
v 93.498604 29.158171 -41.462402
v 93.541009 29.158169 -41.462402
v 95.614090 29.202862 -41.541092
v 95.656380 29.202862 -41.541092
v 95.614090 29.236043 -41.611847
v 95.656380 29.236043 -41.611847
v 95.614090 29.289460 -41.668876
v 95.656388 29.289460 -41.668876
v 95.614083 29.357903 -41.706611
v 95.656380 29.357905 -41.706611
v 95.614083 29.373425 -41.231758
v 95.656380 29.373423 -41.231758
v 95.614083 29.302668 -41.264946
v 95.656380 29.302668 -41.264946
v 95.614090 29.245637 -41.318367
v 95.656388 29.245635 -41.318367
v 95.614090 29.207905 -41.386802
v 95.656380 29.207905 -41.386802
v 95.614090 29.158171 -41.462402
v 95.656373 29.158169 -41.462402
v 97.729538 29.202862 -41.541092
v 97.771851 29.202864 -41.541092
v 97.729538 29.236043 -41.611847
v 97.771851 29.236043 -41.611847
v 97.729538 29.289460 -41.668876
v 97.771843 29.289460 -41.668876
v 97.729538 29.357905 -41.706611
v 97.771851 29.357907 -41.706611
v 97.729538 29.373423 -41.231758
v 97.771851 29.373421 -41.231758
v 97.729538 29.302668 -41.264946
v 97.771859 29.302668 -41.264946
v 97.729546 29.245633 -41.318367
v 97.771851 29.245635 -41.318367
v 97.729538 29.207905 -41.386802
v 97.771851 29.207905 -41.386802
v 97.729546 29.158169 -41.462402
v 97.771843 29.158169 -41.462402
v 91.383103 29.232464 -41.532531
v 91.425454 29.232466 -41.532531
v 91.425454 29.199883 -41.463768
v 91.383103 29.199885 -41.463768
v 91.383103 29.261565 -41.594551
v 91.425431 29.261561 -41.594551
v 91.383103 29.308385 -41.644546
v 91.425461 29.308385 -41.644546
v 91.383103 29.368390 -41.677627
v 91.425461 29.368390 -41.677627
v 91.383118 29.381993 -41.261371
v 91.425454 29.381993 -41.261371
v 91.383103 29.319966 -41.290458
v 91.425461 29.319964 -41.290458
v 91.383103 29.269969 -41.337291
v 91.425461 29.269971 -41.337291
v 91.383103 29.236888 -41.397278
v 91.425477 29.236890 -41.397278
v 93.498604 29.232466 -41.532531
v 93.541016 29.232464 -41.532531
v 93.541024 29.199885 -41.463768
v 93.498597 29.199885 -41.463768
v 93.498612 29.261563 -41.594551
v 93.541009 29.261563 -41.594551
v 93.498597 29.308387 -41.644546
v 93.541024 29.308388 -41.644546
v 93.498597 29.368390 -41.677627
v 93.541016 29.368390 -41.677627
v 93.498620 29.381991 -41.261371
v 93.541016 29.381993 -41.261371
v 93.498604 29.319966 -41.290458
v 93.541024 29.319966 -41.290458
v 93.498612 29.269971 -41.337291
v 93.541024 29.269971 -41.337291
v 93.498604 29.236888 -41.397278
v 93.541031 29.236888 -41.397278
v 95.614083 29.232464 -41.532531
v 95.656388 29.232464 -41.532531
v 95.656373 29.199885 -41.463768
v 95.614090 29.199883 -41.463768
v 95.614083 29.261563 -41.594551
v 95.656380 29.261563 -41.594551
v 95.614090 29.308385 -41.644546
v 95.656380 29.308387 -41.644546
v 95.614090 29.368390 -41.677627
v 95.656380 29.368390 -41.677627
v 95.614090 29.381993 -41.261371
v 95.656380 29.381993 -41.261371
v 95.614090 29.319966 -41.290458
v 95.656373 29.319966 -41.290458
v 95.614083 29.269971 -41.337291
v 95.656388 29.269969 -41.337291
v 95.614090 29.236888 -41.397278
v 95.656380 29.236890 -41.397278
v 97.729538 29.232466 -41.532531
v 97.771859 29.232466 -41.532531
v 97.771843 29.199883 -41.463768
v 97.729546 29.199885 -41.463768
v 97.729538 29.261561 -41.594551
v 97.771859 29.261565 -41.594551
v 97.729538 29.308387 -41.644546
v 97.771843 29.308387 -41.644546
v 97.729546 29.368390 -41.677627
v 97.771851 29.368390 -41.677627
v 97.729538 29.381993 -41.261371
v 97.771851 29.381991 -41.261371
v 97.729546 29.319962 -41.290458
v 97.771851 29.319966 -41.290458
v 97.729531 29.269971 -41.337291
v 97.771851 29.269971 -41.337291
v 97.729538 29.236888 -41.397278
v 97.771851 29.236886 -41.397278
v 89.288903 28.250762 -41.399513
v 89.288910 28.248942 -41.432678
v 91.383118 28.248944 -41.432678
v 91.383103 28.250760 -41.399513
v 89.288903 28.247161 -41.465843
v 91.383103 28.247159 -41.465843
v 93.541009 28.248944 -41.432678
v 93.541009 28.250758 -41.399513
v 95.614098 28.248946 -41.432678
v 95.614083 28.250758 -41.399513
v 93.541009 28.247159 -41.465843
v 95.614090 28.247159 -41.465843
v 97.771851 28.248944 -41.432678
v 97.771843 28.250760 -41.399513
v 99.866166 28.248942 -41.432678
v 99.866150 28.250758 -41.399513
v 97.771843 28.247159 -41.465843
v 99.866150 28.247159 -41.465843
v 89.288895 29.136590 -41.461700
v 89.288903 29.152043 -41.495430
v 89.288903 29.041564 -41.491813
v 89.288903 29.043471 -41.458652
v 91.383103 29.152045 -41.495430
v 91.383103 29.041568 -41.491813
v 91.383111 29.136590 -41.461700
v 91.383103 29.043471 -41.458656
v 93.541024 29.152045 -41.495430
v 93.541009 29.136590 -41.461700
v 93.541009 29.041568 -41.491817
v 93.541024 29.043471 -41.458652
v 95.614090 29.152043 -41.495430
v 95.614090 29.041568 -41.491813
v 95.614083 29.136590 -41.461700
v 95.614090 29.043473 -41.458652
v 97.771859 29.152045 -41.495430
v 97.771859 29.136590 -41.461700
v 97.771851 29.041566 -41.491813
v 97.771851 29.043469 -41.458656
v 99.866150 29.152045 -41.495430
v 99.866166 29.041566 -41.491813
v 99.866166 29.136590 -41.461700
v 99.866150 29.043471 -41.458656
v 89.288903 29.154217 -41.429046
v 89.288903 29.045397 -41.425491
v 91.383103 29.154216 -41.429046
v 91.383103 29.045397 -41.425491
v 93.541016 29.154217 -41.429046
v 93.541009 29.045396 -41.425491
v 95.614090 29.154219 -41.429046
v 95.614090 29.045397 -41.425491
v 97.771843 29.154217 -41.429046
v 97.771843 29.045396 -41.425491
v 99.866166 29.154217 -41.429046
v 99.866166 29.045397 -41.425491
v 95.284836 27.531398 -3.559934
v 95.284836 27.531398 -40.583641
v 112.703614 27.531398 -14.124032
v 91.732224 1.310166 -15.788811
v 112.703614 27.531398 -31.500488
v 91.732224 1.310166 -29.525501
v 111.690064 27.531398 -3.559934
v 111.690064 27.531398 -40.583641
v 104.164071 1.310166 -29.218525
v 104.164071 1.310166 -16.051151
v 112.703614 27.531398 -4.421571
v 104.164071 1.310166 -8.971000
v 91.426743 1.310166 -8.971000
v 112.703614 27.531398 -39.870094
v 91.426743 1.310166 -35.288681
v 104.164063 1.310166 -35.288681
v 108.163415 14.420782 -6.752504
v 108.163415 14.420782 -15.173632
v 108.163415 14.420782 -30.255310
v 108.163415 14.420782 -37.519607
v 107.283722 14.420782 -38.138916
v 93.045014 14.420782 -38.138916
v 93.045014 14.420782 -6.004656
v 107.283722 14.420782 -6.004656
v 112.703614 29.246064 -39.870094
v 113.335442 29.647513 -39.882408
v 111.690064 29.246064 -3.559934
v 112.303269 29.647513 -2.811884
v 95.284836 29.246064 -3.559934
v 95.596543 29.647513 -2.811884
v 95.284836 29.246064 -40.583641
v 95.596543 29.647513 -40.610893
v 112.303269 29.647513 -40.610893
v 111.690064 29.246064 -40.583641
v 112.703614 29.246064 -14.124032
v 113.335442 29.647513 -13.597203
v 113.335442 29.647513 -3.691564
v 112.703614 29.246064 -4.421571
v 112.703614 29.246064 -31.500488
v 113.335442 29.647513 -31.337532
v 111.513299 29.647513 -40.171501
v 110.914353 29.246064 -40.153259
v 111.904343 29.246064 -39.436180
v 112.521477 29.647511 -39.445541
v 111.904343 29.246064 -31.261438
v 112.521477 29.647513 -31.105652
v 112.521477 29.647513 -4.101482
v 111.904343 29.246064 -4.837465
v 110.914353 29.246064 -3.990312
v 111.513299 29.647513 -3.251276
v 94.890534 29.246064 -3.990312
v 95.194985 29.647513 -3.251276
v 94.890534 29.246064 -40.153259
v 95.194985 29.647513 -40.171501
v 111.904343 29.246064 -14.342813
v 112.521477 29.647513 -13.823469
v 112.780198 31.302130 -2.248514
v 112.917954 31.302130 -41.166839
v 113.794526 31.302130 -3.206625
v 96.054650 31.302130 -2.355173
v 96.054650 31.302130 -41.067062
v 113.779191 31.302130 -13.187429
v 113.779191 31.302130 -31.823066
v 113.794632 31.302130 -40.469581
v 112.703614 29.246064 -3.948732
v 112.314820 29.246064 -3.559934
v 112.314820 29.246064 -40.583641
v 112.703614 29.246064 -40.194839
v 111.515542 29.246064 -40.153259
v 111.904343 29.246064 -39.764465
v 112.939499 29.647513 -40.610893
v 113.335442 29.647513 -40.213951
v 112.125535 29.647513 -40.171501
v 112.521477 29.647513 -39.774559
v 111.904343 29.246064 -4.379110
v 111.515542 29.246064 -3.990312
v 113.335442 29.647513 -3.208826
v 112.939499 29.647513 -2.811884
v 112.521477 29.647513 -3.648214
v 112.125535 29.647513 -3.251276
v 113.789353 31.302130 -2.746052
v 113.413445 31.302130 -2.316124
v 113.416550 31.302130 -41.109077
v 113.753594 31.302130 -40.724357
v 96.060486 30.838374 -41.478248
v 96.060486 30.838374 -1.944530
v 114.275864 30.838374 -31.779308
v 114.275864 30.838374 -13.224815
v 113.215973 30.756766 -1.944530
v 113.215973 30.749884 -41.478248
v 114.275864 30.823821 -2.864582
v 114.275864 30.823821 -40.716331
v 114.275864 30.830615 -41.072036
v 113.878052 30.805161 -41.478248
v 113.878052 30.807746 -1.944530
v 114.275864 30.831950 -2.350744
v 95.740418 27.889411 -41.433204
v 95.571221 27.531398 -41.117691
v 95.571221 27.531398 -3.025882
v 95.740418 27.889411 -2.710369
v 113.306763 27.531398 -31.783111
v 113.627068 27.885127 -31.933201
v 113.627068 27.880826 -13.759285
v 113.302071 27.531398 -13.887652
v 112.434525 27.589459 -2.861643
v 112.586304 27.924548 -2.710369
v 112.586304 27.896821 -41.433204
v 112.434525 27.531398 -41.281929
v 113.627068 27.912835 -3.611549
v 113.472977 27.589459 -3.752607
v 113.473313 27.531398 -40.544967
v 113.675507 27.896821 -40.631447
v 112.262375 31.265773 -13.522470
v 112.377976 31.502829 -13.508333
v 112.262085 31.265927 -31.424680
v 112.377503 31.502898 -31.441360
v 111.497216 31.270789 -38.840526
v 111.598359 31.506583 -38.943695
v 111.500336 31.268904 -4.736835
v 111.601265 31.506049 -4.635025
v 95.603684 31.278706 -3.573431
v 95.627427 31.500506 -3.464330
v 95.603684 31.281739 -40.004039
v 95.630570 31.499051 -40.108745
v 91.863511 2.621228 -7.294240
v 104.959382 2.621228 -7.294240
v 105.768479 2.621228 -7.982063
v 105.768479 2.621228 -15.727294
v 105.768479 2.621228 -29.598482
v 105.768479 2.621228 -36.279728
v 104.959382 2.621228 -36.849334
v 91.863511 2.621228 -36.849334
v 105.495194 0.501651 -7.818811
v 105.848313 0.501651 -7.218756
v 92.103379 0.501651 -7.818811
v 92.103379 0.501651 -36.446834
v 105.495194 0.501651 -29.843801
v 105.495194 0.501651 -15.520508
v 105.495194 0.501651 -36.446834
v 105.830819 0.501651 -37.016704
v 91.426743 0.620043 -8.971000
v 91.426743 0.620043 -35.288681
v 104.164071 0.620043 -29.218525
v 104.164071 0.620043 -16.051151
v 104.164063 0.620043 -35.288681
v 104.164071 0.620043 -8.971000
v 92.064805 2.621228 -6.855109
v 92.222230 2.359978 -6.681602
v 92.064805 2.621228 -37.288463
v 92.222230 2.359978 -37.461971
v 106.366150 2.621228 -15.510334
v 106.566315 2.381802 -15.463608
v 106.367341 2.621228 -29.856201
v 106.566163 2.380639 -29.911260
v 105.594079 2.621228 -6.722926
v 105.725388 2.331261 -6.683626
v 105.594079 2.621228 -37.420646
v 105.725388 2.331261 -37.459945
v 106.441620 2.621228 -7.427232
v 106.565011 2.371785 -7.397148
v 106.441727 2.621228 -36.839271
v 106.564988 2.371600 -36.869537
v 106.170487 2.387847 -6.679638
v 106.566636 2.384320 -7.074645
v 106.566636 2.384318 -37.068927
v 106.170609 2.387845 -37.463936
v 106.123124 0.501651 -7.594180
v 106.350190 0.714747 -7.508514
v 106.349343 0.708188 -7.192735
v 106.118218 0.501651 -7.293621
v 92.103379 0.501651 -7.025886
v 92.117074 0.715728 -6.797503
v 92.117074 0.715728 -37.346069
v 92.103379 0.501651 -37.117687
v 106.117165 0.501651 -29.843801
v 106.349427 0.708855 -29.851240
v 106.349427 0.708874 -15.514236
v 106.117188 0.501651 -15.520507
v 105.522049 0.715083 -37.346023
v 105.495194 0.501651 -37.117050
v 105.495194 0.501651 -7.026522
v 105.522049 0.715083 -6.797548
v 106.123124 0.501651 -36.671463
v 106.350190 0.714743 -36.757251
v 106.118218 0.501651 -36.849952
v 106.349343 0.708188 -36.950836
v 105.839234 0.501651 -37.117099
v 105.953270 0.711371 -37.345764
v 105.953255 0.711373 -6.797810
v 105.839234 0.501651 -7.026474
v 95.154191 40.536065 -14.040664
v 95.170228 40.536065 -30.910143
v 95.931672 40.748791 -13.294508
v 95.864731 40.846101 -13.358762
v 95.924775 40.725304 -31.618547
v 95.859498 40.824143 -31.557270
v 95.154191 41.012864 -14.040665
v 95.261658 41.084252 -13.937530
v 95.170228 41.008580 -30.910143
v 95.280121 41.078458 -31.013317
v 95.952134 40.210328 -13.276067
v 95.931672 40.255006 -13.294508
v 95.944336 40.185200 -31.635238
v 95.924775 40.230420 -31.618547
v 95.297989 40.210324 -13.591741
v 95.278245 40.255006 -13.609548
v 95.271576 40.230420 -31.303446
v 95.290467 40.185193 -31.319563
v 95.692132 29.246064 -41.343170
v 95.740418 29.143899 -41.433204
v 95.692132 29.246064 -2.800405
v 95.740418 29.143899 -2.710369
v 113.535660 29.246064 -31.890369
v 113.627068 29.145123 -31.933201
v 113.534325 29.246064 -13.795916
v 113.627068 29.146350 -13.759285
v 112.572442 29.246064 -2.817917
v 112.586304 29.133874 -2.710369
v 112.504876 29.246064 -41.356022
v 112.586304 29.133874 -41.433204
v 113.493905 29.246064 -3.634294
v 113.627068 29.137215 -3.611549
v 113.545426 29.246064 -40.614700
v 113.627068 29.137072 -40.686912
v 114.423340 29.246064 -41.298164
v 114.519639 29.030635 -41.337963
v 113.472313 29.246064 -42.189285
v 113.513077 29.030635 -42.285431
v 113.513474 29.246064 -1.956585
v 113.485550 29.125348 -1.855364
v 114.465508 29.246064 -2.788818
v 114.550980 29.113635 -2.796341
v 96.060486 29.749678 -41.478248
v 96.011323 29.647513 -41.386329
v 96.011323 29.647513 -2.036451
v 96.060486 29.749678 -1.944530
v 114.182786 29.647513 -31.735580
v 114.275864 29.748454 -31.779308
v 114.275864 29.747227 -13.224815
v 114.181420 29.647513 -13.262217
v 113.133050 29.647513 -2.023327
v 113.215973 29.759703 -1.944530
v 113.215973 29.759703 -41.478248
v 113.133050 29.647513 -41.399448
v 114.275864 29.756362 -2.864582
v 114.192536 29.647513 -2.937862
v 114.192727 29.647513 -40.642608
v 114.275864 29.756505 -40.716331
v 113.828141 29.647513 -41.379936
v 113.870019 29.743676 -41.478248
v 114.275864 29.743678 -41.063820
v 114.177804 29.647513 -41.022903
v 114.177804 29.647513 -2.399877
v 114.275864 29.743678 -2.358959
v 113.870019 29.743676 -1.944530
v 113.828141 29.647513 -2.042837
v 78.216729 1.310166 -15.788811
v 78.216729 1.310166 -29.525501
v 78.152588 1.310166 -8.971000
v 78.152588 1.310166 -35.288681
v 78.216729 27.531398 -40.583641
v 78.216729 14.420782 -38.138916
v 78.216729 14.420782 -6.004656
v 78.216729 29.246064 -3.990312
v 78.216729 29.647513 -3.251276
v 78.216729 29.246064 -40.153259
v 78.216729 29.246064 -3.559934
v 78.216729 29.647513 -2.811884
v 78.216729 29.647513 -40.610893
v 78.216729 29.246064 -40.583641
v 78.216729 31.302132 -2.355173
v 78.216729 30.838374 -1.944530
v 78.216729 31.302130 -41.067062
v 78.216729 30.838374 -41.478248
v 78.216729 27.892121 -41.433204
v 78.216729 27.531398 -41.120826
v 78.216729 31.278483 -3.573181
v 78.216729 31.500621 -3.464973
v 78.216729 31.282176 -40.003612
v 78.216729 31.499007 -40.108959
v 78.216729 2.621228 -36.849334
v 78.216729 2.621228 -7.294241
v 78.152588 0.501651 -7.818811
v 78.152588 0.620043 -8.971000
v 78.152588 0.501652 -36.446834
v 78.152588 0.620043 -35.288681
v 78.152588 2.621228 -6.850781
v 78.152588 2.357037 -6.681809
v 78.152588 2.621228 -37.292793
v 78.152588 2.357037 -37.461765
v 78.152588 0.501651 -7.025922
v 78.152588 0.715689 -6.797505
v 78.152588 0.715689 -37.346069
v 78.152588 0.501652 -37.117653
v 78.216729 40.536065 -14.036043
v 78.216729 40.536065 -30.898887
v 78.216729 40.746773 -13.294430
v 78.216729 40.844208 -13.358719
v 78.216729 40.821736 -31.556785
v 78.216729 40.723008 -31.618522
v 78.216729 41.083329 -13.932089
v 78.216729 41.012513 -14.036043
v 78.216729 41.008950 -30.898887
v 78.216729 41.078637 -31.002552
v 78.216729 40.207986 -13.591716
v 78.216729 40.252763 -13.609474
v 78.216729 40.228066 -31.303423
v 78.216729 40.182740 -31.319484
v 78.216729 40.207978 -13.276042
v 78.216729 40.182732 -31.635158
v 78.216729 40.252759 -13.294430
v 78.216729 40.228059 -31.618522
v 78.216729 29.246064 -41.344063
v 78.216729 29.143126 -41.433204
v 78.216729 29.143126 -2.710369
v 78.216729 29.246064 -2.799511
v 78.216729 29.750449 -41.478248
v 78.216729 29.647513 -41.387237
v 78.216729 29.647513 -2.035537
v 78.216729 29.750449 -1.944530
v 77.620507 22.336409 -2.735939
v 78.216729 26.983874 -3.666349
v 78.216729 24.793458 -3.004818
v 77.620507 24.862878 -2.723154
v 78.216729 23.642407 -3.008714
v 77.620507 23.852290 -2.728267
v 75.411805 25.231415 -2.723154
v 75.073449 23.651181 -2.728267
v 75.073449 24.711400 -2.723793
v 75.239457 25.853829 -2.721555
v 75.411805 25.231415 -5.179777
v 75.073449 24.711400 -5.180416
v 75.239457 25.853829 -5.178179
v 75.073449 23.651181 -5.184890
v 78.377099 27.371031 -3.591102
v 78.764252 27.531398 -3.559934
v 78.767907 27.531398 -3.022848
v 78.378167 27.369961 -3.021721
v 78.216729 26.980221 -3.019138
v 77.329827 27.692767 -2.711734
v 77.233422 27.941203 -2.710369
v 77.793397 28.294896 -2.710369
v 78.258675 27.946404 -2.710369
v 77.807557 27.803330 -2.710968
v 77.620507 27.455323 -2.712412
v 77.620507 27.948485 -2.710369
v 78.216729 21.865544 -39.605751
v 94.388909 21.865544 -39.605751
v 109.927529 21.865544 -39.605751
v 110.887528 21.865544 -38.929901
v 110.887528 21.865544 -31.002418
v 110.887536 21.865544 -14.543872
v 110.887536 21.865544 -5.353944
v 109.927529 21.865544 -4.537822
v 94.388909 21.865544 -4.537822
v 77.513405 28.118050 -2.710369
v 79.210198 26.761647 -3.613142
v 111.746552 21.865544 -4.160904
v 111.354432 21.865544 -3.763517
v 113.215119 27.589461 -2.742447
v 113.605645 27.589461 -3.140775
v 111.746552 21.865544 -4.615680
v 110.763802 21.865544 -3.763517
v 113.485550 27.924548 -1.855364
v 113.455323 27.720528 -2.246431
v 114.148453 27.869094 -1.855364
v 114.150208 27.674990 -2.046642
v 114.209549 27.720528 -2.899465
v 114.550980 27.912835 -2.796341
v 114.380753 27.674990 -2.286169
v 114.550980 27.869094 -2.273546
v 106.113022 2.621228 -6.641659
v 108.563401 14.420782 -5.295126
v 108.057358 14.420782 -5.295126
v 106.506226 2.621228 -7.036977
v 108.957902 14.420782 -5.691095
v 108.957902 14.420782 -6.076001
v 106.241822 2.621228 -6.129971
v 106.462128 2.331261 -6.004081
v 106.853272 2.621228 -6.222501
v 106.917756 2.387847 -5.999916
v 107.321625 2.371785 -6.749112
v 107.129181 2.621228 -6.850874
v 107.323296 2.384320 -6.412367
v 107.113442 2.621228 -6.498932
v 113.215119 27.531398 -41.401127
v 113.605645 27.531398 -41.002800
v 111.355012 21.865544 -40.380058
v 111.746544 21.865544 -39.982670
v 111.746544 21.865544 -39.674358
v 110.763802 21.865544 -40.380058
v 113.527070 27.697919 -42.131630
v 113.505326 27.896821 -42.251091
v 114.125641 27.697919 -42.171554
v 114.148453 27.896821 -42.288208
v 114.490021 27.896821 -41.299392
v 114.342331 27.697919 -41.260158
v 114.550980 27.896821 -41.870025
v 114.454850 27.697919 -41.806427
v 106.506226 2.621228 -37.106598
v 108.957902 14.420782 -38.452476
v 108.957902 14.420782 -38.201786
v 108.564835 14.420782 -38.848449
v 106.113167 2.621228 -37.501915
v 108.057358 14.420782 -38.848449
v 106.462128 2.331261 -38.139492
v 106.241822 2.621228 -38.013603
v 106.917885 2.387845 -38.143657
v 106.849900 2.621228 -37.912307
v 107.129403 2.621228 -37.420524
v 107.321610 2.371600 -37.523010
v 107.114777 2.621228 -37.645244
v 107.323296 2.384318 -37.731209
v 114.148453 29.069894 -1.855364
v 114.550980 29.069894 -2.273546
v 114.137711 29.246064 -1.937095
v 114.463471 29.246064 -2.284326
v 113.378815 29.246064 -3.202236
v 113.120469 29.246064 -2.950926
v 114.151551 29.030635 -42.300308
v 114.562974 29.030635 -41.870914
v 114.490693 29.246064 -41.807472
v 114.089554 29.246064 -42.225418
v 113.040871 29.246064 -41.248436
v 113.441208 29.246064 -40.861065
v 37.755620 29.647513 -40.171501
v 36.747441 29.647513 -39.450554
v 36.747441 29.647515 -31.098333
v 36.747441 29.647513 -4.095529
v 37.755620 29.647513 -3.251276
v 54.073929 29.647513 -3.251276
v 54.073929 29.647513 -40.171501
v 36.747441 29.647515 -13.782384
v 37.143384 29.647513 -40.171501
v 36.747441 29.647513 -39.774559
v 36.747441 29.647513 -3.648214
v 37.143384 29.647513 -3.251276
v 71.052186 29.647513 -3.251276
v 74.634461 29.647511 -40.171501
v 78.216729 29.647513 -40.171501
v 112.125535 29.647511 -39.445564
v 111.513299 29.647517 -39.445610
v 95.194985 29.647515 -39.446686
v 78.216729 29.647517 -39.447792
v 74.634461 29.647515 -39.448051
v 71.052186 29.647517 -39.448284
v 54.073929 29.647517 -39.449417
v 37.755620 29.647517 -39.450485
v 37.143380 29.647515 -39.450523
v 37.143380 29.647515 -31.098381
v 37.755620 29.647519 -31.098421
v 111.513299 29.647517 -31.105566
v 112.125535 29.647511 -31.105604
v 112.125535 29.647513 -13.823246
v 111.513299 29.647517 -13.822925
v 37.755620 29.647519 -13.782926
v 37.143380 29.647515 -13.782606
v 37.143384 29.647513 -4.095564
v 37.755620 29.647517 -4.095609
v 54.073929 29.647517 -4.096891
v 71.052186 29.647517 -4.098226
v 74.634461 29.647515 -4.098507
v 78.216729 29.647517 -4.098787
v 95.194985 29.647517 -4.100122
v 111.513299 29.647517 -4.101406
v 112.125535 29.647513 -4.101452
v 110.555893 23.885483 -39.954376
v 37.753377 29.246064 -4.839342
v 111.515542 29.246064 -4.837465
v 111.515542 29.246064 -14.342712
v 37.753377 29.246064 -14.326003
v 37.753377 29.246064 -31.292032
v 111.515542 29.246064 -31.261604
v 37.753377 29.246064 -39.461326
v 111.515542 29.246064 -39.436313
v 61.184201 2.777093 -16.957060
v 72.255791 2.777091 -16.959552
v 74.634461 2.777091 -16.960092
v 77.013123 2.777091 -16.960636
v 88.084717 2.777093 -16.963152
v 61.184201 2.777091 -28.215624
v 72.255791 2.777091 -28.211042
v 74.634461 2.777091 -28.210062
v 77.013131 2.777091 -28.209085
v 88.084717 2.777093 -28.204517
v 111.092621 29.246064 -4.637954
v 110.835251 29.074284 -4.875240
v 111.094559 29.246064 -14.342626
v 110.839280 29.083043 -14.358743
v 38.173844 29.246064 -4.637033
v 38.434762 29.071915 -4.877577
v 54.378388 29.246064 -4.641630
v 54.426438 29.059174 -4.879987
v 71.052186 29.246064 -4.644067
v 71.060814 29.056351 -4.880186
v 74.634461 29.246064 -4.644073
v 74.634461 29.056256 -4.880117
v 78.216729 29.246064 -4.643888
v 78.208108 29.056351 -4.880007
v 94.890526 29.246064 -4.640604
v 94.842476 29.059174 -4.878965
v 111.094697 29.246064 -31.261774
v 110.839341 29.083163 -31.243004
v 38.174355 29.246064 -14.326111
v 38.429635 29.083045 -14.342346
v 38.174225 29.246064 -31.291853
v 38.429581 29.083165 -31.272871
v 111.095078 29.246064 -39.638752
v 110.834153 29.071908 -39.398300
v 38.176301 29.246064 -39.660721
v 38.433674 29.074279 -39.423366
v 54.378388 29.246064 -39.652992
v 54.426446 29.059159 -39.414627
v 71.052186 29.246064 -39.644478
v 71.060814 29.056334 -39.408371
v 74.634461 29.246064 -39.643165
v 74.634461 29.056241 -39.407131
v 78.216729 29.246064 -39.642040
v 78.208100 29.056334 -39.405937
v 94.890534 29.246064 -39.639251
v 94.842469 29.059155 -39.400924
v 44.868062 0.620043 -15.956759
v 44.868062 0.620043 -8.766045
v 51.217068 2.777091 -11.408416
v 50.645508 2.952603 -10.820573
v 50.245595 3.425494 -10.512803
v 61.184201 2.777093 -11.399716
v 61.133172 2.975560 -10.820919
v 61.002816 3.482535 -10.500007
v 51.224404 2.777091 -16.954801
v 50.651940 2.944155 -16.938099
v 50.260823 3.392428 -16.893541
v 72.255791 2.777091 -11.388639
v 72.246636 2.978327 -10.816758
v 72.223229 3.493188 -10.497383
v 74.634461 2.777091 -11.388218
v 74.634461 2.978419 -10.816568
v 74.634461 3.493540 -10.497244
v 77.013131 2.777091 -11.388520
v 77.022278 2.978327 -10.816639
v 77.045693 3.493186 -10.497262
v 88.084717 2.777091 -11.399036
v 88.135750 2.975558 -10.820235
v 88.266106 3.482533 -10.499317
v 98.042573 2.777091 -11.417627
v 98.622010 2.955022 -10.821650
v 99.027443 3.434436 -10.509617
v 98.044518 2.777093 -16.965404
v 98.616982 2.944159 -16.948961
v 99.008103 3.392436 -16.904579
v 51.224907 2.777091 -28.219728
v 50.652142 2.944049 -28.239307
v 50.261033 3.391974 -28.291366
v 98.044030 2.777093 -28.200414
v 98.616784 2.944054 -28.219524
v 99.007897 3.391988 -28.271259
v 61.184205 2.777091 -32.896187
v 61.133168 2.975575 -33.475013
v 61.002801 3.482587 -33.795921
v 51.226349 2.777091 -32.880714
v 50.646901 2.955031 -33.476886
v 50.241463 3.434462 -33.788997
v 72.255791 2.777091 -32.903240
v 72.246636 2.978348 -33.475124
v 72.223229 3.493247 -33.794460
v 74.634461 2.777091 -32.902790
v 74.634461 2.978442 -33.474441
v 74.634461 3.493602 -33.793716
v 77.013123 2.777091 -32.901619
v 77.022278 2.978350 -33.473495
v 77.045693 3.493249 -33.792816
v 88.084717 2.777091 -32.887077
v 88.135758 2.975585 -33.465858
v 88.266121 3.482600 -33.786682
v 98.051858 2.777093 -32.875229
v 98.623414 2.952614 -33.462898
v 99.023339 3.425515 -33.770496
v 95.194985 30.554169 -31.103969
v 95.194985 30.554169 -13.814075
v 78.216729 30.554173 -13.804873
v 78.216729 30.554173 -31.102325
v 74.634461 30.554169 -13.802933
v 74.634461 30.554169 -31.101978
v 71.052186 30.554169 -31.101650
v 71.052186 30.554169 -13.800971
v 54.073929 30.554169 -13.791791
v 54.073929 30.554169 -31.099989
v 111.513299 30.309399 -31.105566
v 111.268525 30.554173 -31.105541
v 111.268525 30.554173 -13.822793
v 111.513299 30.309399 -13.822925
v 37.755620 30.309401 -13.782926
v 38.000393 30.554173 -13.783059
v 38.000393 30.554173 -31.098446
v 37.755620 30.309401 -31.098421
v 38.000393 30.554173 -39.205696
v 37.755620 30.309399 -39.450485
v 54.073929 30.554173 -39.204643
v 54.073929 30.309399 -39.449417
v 71.052186 30.554173 -39.203514
v 71.052186 30.309399 -39.448284
v 74.634461 30.554169 -39.203277
v 74.634461 30.309399 -39.448051
v 78.216729 30.554173 -39.203022
v 78.216729 30.309399 -39.447792
v 95.194985 30.554169 -39.201912
v 95.194985 30.309399 -39.446686
v 111.268525 30.554173 -39.200851
v 111.513299 30.309399 -39.445610
v 38.000393 30.554173 -4.340400
v 37.755620 30.309399 -4.095609
v 54.073929 30.309399 -4.096891
v 54.073929 30.554173 -4.341663
v 71.052186 30.309399 -4.098226
v 71.052186 30.554173 -4.342998
v 74.634461 30.309399 -4.098507
v 74.634461 30.554169 -4.343279
v 78.216729 30.309399 -4.098787
v 78.216729 30.554173 -4.343559
v 95.194985 30.309399 -4.100122
v 95.194985 30.554173 -4.344894
v 111.268525 30.554173 -4.346159
v 111.513299 30.309399 -4.101406
v 71.284272 21.865529 -4.822561
v 71.120202 21.933270 -4.809189
v 71.052186 22.096682 -4.773000
v 70.853585 21.865529 -4.821811
v 71.052186 21.669364 -4.856416
v 71.284241 21.833630 -3.107074
v 71.165459 21.929148 -3.036566
v 71.052186 22.065495 -3.094465
v 71.120156 21.901541 -3.103382
v 78.216729 21.669364 -4.856416
v 78.415329 21.865529 -4.821811
v 78.216729 22.096682 -4.773000
v 78.148720 21.933270 -4.809189
v 77.984650 21.865529 -4.822561
v 78.216729 22.065495 -3.094465
v 78.103463 21.929148 -3.036566
v 77.984673 21.833630 -3.107074
v 78.148758 21.901541 -3.103382
v 70.972542 21.794463 -4.825342
v 78.296372 21.794463 -4.825342
v 74.634461 21.657572 -4.816557
v 71.224854 21.881390 -3.071821
v 78.044068 21.881390 -3.071821
v 71.108819 21.997323 -3.065515
v 78.160096 21.997323 -3.065515
v 70.952889 21.981106 -4.797407
v 78.316033 21.981106 -4.797407
v 78.210084 21.875582 -4.815901
v 78.100686 21.767447 -4.839489
v 74.634461 21.761552 -4.799486
v 71.168229 21.767447 -4.839489
v 71.059228 21.875954 -4.815859
vt 1.023807 0.133190
vt 1.023642 0.136273
vt 1.531875 0.477517
vt 1.023824 0.128434
vt 1.023799 0.122472
vt 1.547233 0.492225
vt 1.831664 0.339910
vt 1.831726 0.333790
vt 1.831582 0.345809
vt 1.831549 0.350467
vt 1.513176 0.487477
vt 1.516199 0.493773
vt 1.310718 0.487002
vt 1.823846 0.133190
vt 1.329976 0.477556
vt 1.823832 0.128434
vt 1.823863 0.122472
vt 1.823866 0.115381
vt 1.344748 0.492883
vt 1.030517 0.339910
vt 1.030601 0.345809
vt 1.030631 0.350467
vt 1.030500 0.353427
vt 1.313768 0.493282
vt 1.185908 0.133785
vt 1.188805 0.133785
vt 1.665965 0.352113
vt 1.666835 0.352113
vt 1.185609 0.131082
vt 1.188781 0.131082
vt 1.185499 0.126913
vt 1.188752 0.126913
vt 1.185412 0.121687
vt 1.188742 0.121687
vt 1.185411 0.115467
vt 1.188694 0.115467
vt 1.665811 0.333704
vt 1.669130 0.333704
vt 1.669056 0.339073
vt 1.665806 0.339073
vt 1.669002 0.344244
vt 1.665747 0.344244
vt 1.668863 0.348327
vt 1.665685 0.348327
vt 1.668522 0.350922
vt 1.665639 0.350922
vt 1.336751 0.133785
vt 1.339622 0.133785
vt 1.516191 0.352113
vt 1.516979 0.352113
vt 1.336786 0.131082
vt 1.339936 0.131082
vt 1.336814 0.126913
vt 1.340056 0.126913
vt 1.336826 0.121687
vt 1.340136 0.121687
vt 1.336882 0.115467
vt 1.340143 0.115467
vt 1.513690 0.333704
vt 1.517028 0.333704
vt 1.517088 0.339073
vt 1.513839 0.339073
vt 1.517171 0.344244
vt 1.513945 0.344244
vt 1.517249 0.348327
vt 1.514124 0.348327
vt 1.517285 0.350922
vt 1.514457 0.350922
vt 1.515532 0.133785
vt 1.517759 0.133785
vt 1.345203 0.352113
vt 1.345991 0.352113
vt 1.514941 0.131082
vt 1.517572 0.131082
vt 1.513962 0.126913
vt 1.517179 0.126913
vt 1.513184 0.121687
vt 1.516889 0.121687
vt 1.513044 0.115468
vt 1.516758 0.115467
vt 1.345159 0.333704
vt 1.348483 0.333704
vt 1.348337 0.339073
vt 1.345097 0.339073
vt 1.348236 0.344244
vt 1.345012 0.344244
vt 1.348057 0.348327
vt 1.344935 0.348327
vt 1.347721 0.350922
vt 1.344901 0.350922
vt 1.658929 0.133785
vt 1.661638 0.133785
vt 1.195355 0.352113
vt 1.196220 0.352113
vt 1.658969 0.131082
vt 1.661975 0.131082
vt 1.659009 0.126913
vt 1.662111 0.126913
vt 1.659026 0.121687
vt 1.662202 0.121687
vt 1.659072 0.115467
vt 1.662201 0.115467
vt 1.193057 0.333704
vt 1.196373 0.333704
vt 1.196378 0.339073
vt 1.193133 0.339073
vt 1.196436 0.344244
vt 1.193188 0.344244
vt 1.196499 0.348327
vt 1.193328 0.348327
vt 1.196546 0.350922
vt 1.193667 0.350922
vt 1.183428 0.133190
vt 1.183611 0.136273
vt 1.183298 0.128434
vt 1.183218 0.122472
vt 1.183189 0.115381
vt 1.671298 0.339910
vt 1.671359 0.333790
vt 1.671194 0.345809
vt 1.671041 0.350467
vt 1.670837 0.353427
vt 1.832893 0.433120
vt 1.833643 0.433152
vt 1.183259 0.216134
vt 1.671214 0.433120
vt 1.022332 0.216166
vt 1.183262 0.216166
vt 1.190868 0.136273
vt 1.190911 0.133190
vt 1.334664 0.133190
vt 1.334704 0.136273
vt 1.190931 0.128434
vt 1.334648 0.128434
vt 1.190937 0.122472
vt 1.334648 0.122472
vt 1.190929 0.115381
vt 1.334666 0.115381
vt 1.663611 0.333790
vt 1.663595 0.339910
vt 1.519298 0.339910
vt 1.519272 0.333790
vt 1.663579 0.345809
vt 1.519324 0.345809
vt 1.663580 0.350467
vt 1.519330 0.350467
vt 1.663607 0.353427
vt 1.519305 0.353427
vt 1.663673 0.355668
vt 1.334775 0.138650
vt 1.341915 0.136273
vt 1.342107 0.133190
vt 1.513259 0.133190
vt 1.513902 0.136273
vt 1.342242 0.128434
vt 1.511744 0.128434
vt 1.342327 0.122472
vt 1.510580 0.122472
vt 1.510379 0.115381
vt 1.511516 0.333790
vt 1.511603 0.339910
vt 1.350578 0.339910
vt 1.350667 0.333790
vt 1.511738 0.345809
vt 1.350438 0.345809
vt 1.511936 0.350467
vt 1.350239 0.350467
vt 1.512205 0.353427
vt 1.349980 0.353427
vt 1.512715 0.433120
vt 1.512754 0.433152
vt 1.501775 0.216134
vt 1.349470 0.433120
vt 1.342235 0.216166
vt 1.501734 0.216166
vt 1.519429 0.136273
vt 1.519413 0.133190
vt 1.656953 0.133190
vt 1.656993 0.136273
vt 1.519339 0.128434
vt 1.656936 0.128434
vt 1.519268 0.122472
vt 1.656932 0.122472
vt 1.519232 0.115381
vt 1.656938 0.115381
vt 1.342914 0.333790
vt 1.342887 0.339910
vt 1.198588 0.339910
vt 1.198572 0.333790
vt 1.342861 0.345809
vt 1.198604 0.345809
vt 1.342855 0.350467
vt 1.198604 0.350467
vt 1.342880 0.353427
vt 1.198578 0.353427
vt 1.342946 0.355668
vt 1.657067 0.138650
vt 1.663809 0.136273
vt 1.664047 0.133190
vt 1.664215 0.128434
vt 1.664318 0.122472
vt 1.664357 0.115381
vt 1.190837 0.333790
vt 1.190893 0.339910
vt 1.190991 0.345809
vt 1.191145 0.350467
vt 1.191357 0.353427
vt 1.190981 0.433120
vt 1.190980 0.433152
vt 1.825973 0.216134
vt 1.029291 0.433120
vt 1.663791 0.216166
vt 1.825224 0.216166
vt 1.668065 0.355668
vt 1.339219 0.138650
vt 1.347164 0.355668
vt 1.661100 0.138650
vt 1.834852 0.357508
vt 1.023414 0.139051
vt 1.022940 0.148466
vt 1.835146 0.365443
vt 1.183745 0.139051
vt 1.183782 0.148466
vt 1.668041 0.357508
vt 1.670481 0.365443
vt 1.515055 0.357508
vt 1.341726 0.148466
vt 1.512727 0.365443
vt 1.513192 0.139051
vt 1.502858 0.148466
vt 1.347128 0.357508
vt 1.349454 0.365443
vt 1.194152 0.357508
vt 1.663626 0.139051
vt 1.663483 0.148466
vt 1.191710 0.365443
vt 1.311454 0.491591
vt 1.824694 0.148466
vt 1.312469 0.494585
vt 1.027036 0.365443
vt 1.831889 0.356127
vt 1.832324 0.365401
vt 1.670690 0.356127
vt 1.670649 0.365401
vt 1.512405 0.356127
vt 1.512562 0.365401
vt 1.349780 0.356127
vt 1.349620 0.365401
vt 1.191507 0.356127
vt 1.191543 0.365401
vt 1.030293 0.356127
vt 1.029858 0.365401
vt 1.023907 0.098464
vt 1.550646 0.467478
vt 1.023903 0.103014
vt 1.023842 0.108844
vt 1.831755 0.327184
vt 1.831753 0.321157
vt 1.831795 0.316299
vt 1.831983 0.313085
vt 1.548699 0.460042
vt 1.823902 0.095638
vt 1.823740 0.098464
vt 1.823750 0.103014
vt 1.823816 0.108844
vt 1.030429 0.327184
vt 1.030429 0.321157
vt 1.030387 0.316299
vt 1.349073 0.468214
vt 1.347399 0.460679
vt 1.185824 0.098159
vt 1.187270 0.095384
vt 1.666080 0.312402
vt 1.188732 0.098159
vt 1.188729 0.100638
vt 1.185557 0.100638
vt 1.188718 0.104626
vt 1.185463 0.104626
vt 1.188707 0.109737
vt 1.185414 0.109737
vt 1.665856 0.327914
vt 1.669153 0.327914
vt 1.665874 0.322630
vt 1.669147 0.322630
vt 1.665875 0.318372
vt 1.669072 0.318372
vt 1.665905 0.315554
vt 1.668830 0.315554
vt 1.336897 0.098159
vt 1.336999 0.095384
vt 1.515396 0.312402
vt 1.339795 0.098159
vt 1.340047 0.100638
vt 1.336877 0.100638
vt 1.340122 0.104626
vt 1.336887 0.104626
vt 1.340153 0.109737
vt 1.336880 0.109737
vt 1.513725 0.327914
vt 1.517015 0.327914
vt 1.513718 0.322630
vt 1.517009 0.322630
vt 1.513746 0.318372
vt 1.516983 0.318372
vt 1.513980 0.315554
vt 1.516944 0.315554
vt 1.515373 0.098159
vt 1.515932 0.095384
vt 1.345362 0.312402
vt 1.517648 0.098159
vt 1.517592 0.100638
vt 1.515029 0.100638
vt 1.517257 0.104626
vt 1.514151 0.104626
vt 1.516919 0.109737
vt 1.513343 0.109737
vt 1.345171 0.327914
vt 1.348452 0.327914
vt 1.345175 0.322630
vt 1.348464 0.322630
vt 1.345202 0.318372
vt 1.348435 0.318372
vt 1.345243 0.315554
vt 1.348198 0.315554
vt 1.659018 0.098159
vt 1.659116 0.095384
vt 1.194763 0.312402
vt 1.661756 0.098159
vt 1.662041 0.100638
vt 1.659023 0.100638
vt 1.662149 0.104626
vt 1.659041 0.104626
vt 1.662200 0.109737
vt 1.659060 0.109737
vt 1.193035 0.327914
vt 1.196328 0.327914
vt 1.193043 0.322630
vt 1.196309 0.322630
vt 1.193118 0.318372
vt 1.196310 0.318372
vt 1.193359 0.315554
vt 1.196279 0.315554
vt 1.183555 0.095638
vt 1.183385 0.098464
vt 1.183270 0.103014
vt 1.183206 0.108844
vt 1.671370 0.327184
vt 1.671330 0.321157
vt 1.671239 0.316299
vt 1.671091 0.313085
vt 1.833172 0.231556
vt 1.671429 0.231556
vt 1.671427 0.231401
vt 1.021731 0.014383
vt 1.183264 0.014232
vt 1.022480 0.014232
vt 1.190831 0.095638
vt 1.334797 0.095638
vt 1.334742 0.098464
vt 1.190878 0.098464
vt 1.334706 0.103014
vt 1.190907 0.103014
vt 1.334683 0.108844
vt 1.190922 0.108844
vt 1.519242 0.327184
vt 1.663640 0.327184
vt 1.519204 0.321157
vt 1.663676 0.321157
vt 1.519157 0.316299
vt 1.663721 0.316299
vt 1.519094 0.313085
vt 1.663787 0.313085
vt 1.519028 0.308849
vt 1.190772 0.091831
vt 1.513711 0.095638
vt 1.513447 0.098464
vt 1.342214 0.098464
vt 1.512033 0.103014
vt 1.342313 0.103014
vt 1.510803 0.108844
vt 1.342360 0.108844
vt 1.350696 0.327184
vt 1.511485 0.327184
vt 1.350679 0.321157
vt 1.511496 0.321157
vt 1.350611 0.316299
vt 1.511566 0.316299
vt 1.350484 0.313085
vt 1.511699 0.313085
vt 1.511263 0.231556
vt 1.350922 0.231556
vt 1.350920 0.231402
vt 1.342425 0.014384
vt 1.501705 0.014232
vt 1.342424 0.014232
vt 1.519369 0.095638
vt 1.657034 0.095638
vt 1.656985 0.098464
vt 1.519379 0.098464
vt 1.656958 0.103014
vt 1.519327 0.103014
vt 1.656944 0.108844
vt 1.519262 0.108844
vt 1.198544 0.327184
vt 1.342945 0.327184
vt 1.198507 0.321157
vt 1.342981 0.321157
vt 1.198462 0.316299
vt 1.343027 0.316299
vt 1.198397 0.313085
vt 1.343091 0.313085
vt 1.198326 0.308849
vt 1.519297 0.091831
vt 1.663902 0.095638
vt 1.664114 0.098464
vt 1.664256 0.103014
vt 1.664336 0.108844
vt 1.190822 0.327184
vt 1.190853 0.321157
vt 1.190947 0.316299
vt 1.191104 0.313085
vt 1.190766 0.231556
vt 1.029011 0.231556
vt 1.028262 0.231401
vt 1.663847 0.014384
vt 1.825096 0.014232
vt 1.663849 0.014232
vt 1.186279 0.091831
vt 1.514384 0.308849
vt 1.513963 0.091831
vt 1.193808 0.308849
vt 1.549979 0.458723
vt 1.835500 0.299079
vt 1.023020 0.081898
vt 1.023471 0.091309
vt 1.183738 0.081899
vt 1.183682 0.091309
vt 1.670761 0.299079
vt 1.668371 0.307010
vt 1.339382 0.089993
vt 1.511963 0.299079
vt 1.341904 0.081899
vt 1.341945 0.091309
vt 1.502640 0.081899
vt 1.511786 0.091309
vt 1.350218 0.299079
vt 1.347800 0.307010
vt 1.661168 0.089993
vt 1.191430 0.299079
vt 1.663565 0.081899
vt 1.663721 0.091309
vt 1.824611 0.081899
vt 1.345747 0.458346
vt 1.026683 0.299079
vt 1.348714 0.459394
vt 1.546957 0.457779
vt 1.832681 0.299243
vt 1.670925 0.299243
vt 1.670973 0.308512
vt 1.511794 0.308512
vt 1.511801 0.299243
vt 1.350382 0.299243
vt 1.350390 0.308512
vt 1.191225 0.308512
vt 0.560886 0.407637
vt 0.560887 0.345429
vt 0.612610 0.513222
vt 0.189084 0.929790
vt 0.843976 0.164199
vt 0.841783 0.247099
vt 0.220082 0.966262
vt 0.189083 0.963480
vt 0.608999 0.733302
vt 0.594933 0.667311
vt 0.578393 0.665290
vt 0.565588 0.731542
vt 0.864344 0.246353
vt 0.864331 0.163547
vt 0.635775 0.653987
vt 0.635601 0.608598
vt 0.635437 0.514305
vt 0.463480 0.064093
vt 0.806722 0.887489
vt 0.631161 0.609767
vt 0.788165 0.974417
vt 0.181630 0.775256
vt 0.630993 0.513192
vt 0.630887 0.459271
vt 0.125328 0.663306
vt 0.292941 0.585879
vt 0.126346 0.668914
vt 0.116170 0.738446
vt 0.085699 0.886649
vt 0.069114 0.953394
vt 0.852142 0.166443
vt 0.855469 0.166177
vt 0.770806 0.887735
vt 0.746243 0.889598
vt 0.819017 0.707180
vt 0.770016 0.704021
vt 0.583178 0.572793
vt 0.589754 0.573308
vt 0.756356 0.969235
vt 0.775178 0.967623
vt 0.468433 0.065767
vt 0.466043 0.063827
vt 0.754291 0.874610
vt 0.794012 0.880106
vt 0.635782 0.655671
vt 0.124335 0.665452
vt 0.120517 0.666106
vt 0.120567 0.665070
vt 0.124896 0.667613
vt 0.121523 0.668353
vt 0.120755 0.667504
vt 0.068237 0.955498
vt 0.063842 0.953092
vt 0.067791 0.959739
vt 0.061737 0.963959
vt 0.062034 0.959039
vt 0.718892 0.705033
vt 0.711218 0.730133
vt 0.798001 0.900082
vt 0.796069 0.888880
vt 0.616128 0.611372
vt 0.618782 0.612204
vt 0.859575 0.739729
vt 0.849977 0.710506
vt 0.615933 0.511901
vt 0.618584 0.511183
vt 0.726458 0.892724
vt 0.724609 0.904594
vt 0.846862 0.809973
vt 0.762014 0.900271
vt 0.783129 0.735428
vt 0.760455 0.742518
vt 0.747776 0.908605
vt 0.755579 0.902312
vt 0.863000 0.092076
vt 0.850274 0.912391
vt 0.801201 0.740289
vt 0.887099 0.877089
vt 0.884285 0.831052
vt 0.868525 0.814028
vt 0.129061 0.743566
vt 0.126989 0.743023
vt 0.142894 0.666584
vt 0.188959 0.864571
vt 0.099703 0.886238
vt 0.097574 0.885986
vt 0.276013 0.576319
vt 0.088836 0.948988
vt 0.826717 0.884749
vt 0.826730 0.832071
vt 0.504663 0.625912
vt 0.504544 0.546410
vt 0.503653 0.403947
vt 0.603599 0.427405
vt 0.475207 0.899718
vt 0.475197 0.843266
vt 0.145173 0.181201
vt 0.553799 0.407640
vt 0.540040 0.401344
vt 0.553814 0.345533
vt 0.540187 0.333930
vt 0.872598 0.905058
vt 0.527995 0.828071
vt 0.504750 0.816700
vt 0.510691 0.548615
vt 0.513898 0.549080
vt 0.509797 0.401275
vt 0.512999 0.400711
vt 0.486239 0.917696
vt 0.510003 0.916849
vt 0.841923 0.865149
vt 0.538733 0.861033
vt 0.489757 0.863113
vt 0.844683 0.851735
vt 0.490083 0.874650
vt 0.521249 0.907664
vt 0.534778 0.629760
vt 0.246399 0.065350
vt 0.531225 0.548466
vt 0.534422 0.548386
vt 0.246553 0.069655
vt 0.244205 0.067579
vt 0.244833 0.073025
vt 0.242021 0.072270
vt 0.241828 0.076073
vt 0.245035 0.076231
vt 0.133891 0.179053
vt 0.536274 0.322687
vt 0.533641 0.401388
vt 0.530427 0.401335
vt 0.530613 0.331771
vt 0.533784 0.332451
vt 0.535462 0.327520
vt 0.533145 0.325562
vt 0.530782 0.330070
vt 0.533593 0.330757
vt 0.246575 0.072504
vt 0.535820 0.328444
vt 0.190084 0.782686
vt 0.738001 0.834312
vt 0.474347 0.059206
vt 0.785740 0.944449
vt 0.626542 0.611946
vt 0.625785 0.612186
vt 0.625616 0.511174
vt 0.626373 0.511377
vt 0.626681 0.660430
vt 0.819882 0.831329
vt 0.625530 0.454779
vt 0.748193 0.951210
vt 0.776134 0.930513
vt 0.778142 0.927921
vt 0.750900 0.788305
vt 0.756083 0.796849
vt 0.746275 0.928653
vt 0.748447 0.930792
vt 0.814489 0.798182
vt 0.820583 0.791327
vt 0.051185 0.959416
vt 0.112660 0.665398
vt 0.071537 0.883234
vt 0.055969 0.951015
vt 0.101539 0.736332
vt 0.113771 0.667681
vt 0.114204 0.665749
vt 0.054271 0.956890
vt 0.114507 0.666990
vt 0.055772 0.953346
vt 0.113609 0.540565
vt 0.080328 0.885082
vt 0.110528 0.737860
vt 0.062920 0.955188
vt 0.064365 0.878139
vt 0.092985 0.737532
vt 0.100365 0.736361
vt 0.070500 0.882673
vt 0.105236 0.662382
vt 0.111563 0.665141
vt 0.310189 0.581542
vt 0.304897 0.587219
vt 0.106310 0.668664
vt 0.112726 0.667819
vt 0.049410 0.944610
vt 0.055031 0.950362
vt 0.046468 0.951061
vt 0.049179 0.947369
vt 0.054987 0.953077
vt 0.053474 0.956243
vt 0.107604 0.667136
vt 0.107367 0.665060
vt 0.113409 0.665900
vt 0.113749 0.666949
vt 0.480266 0.155882
vt 0.309101 0.468283
vt 0.311382 0.350426
vt 0.291347 0.471527
vt 0.294831 0.350520
vt 0.295551 0.471534
vt 0.197077 0.628384
vt 0.192835 0.466602
vt 0.446743 0.149723
vt 0.283997 0.350580
vt 0.284693 0.468693
vt 0.290628 0.350544
vt 0.252088 0.356193
vt 0.667704 0.821496
vt 0.263990 0.356182
vt 0.143213 0.233258
vt 0.142011 0.289434
vt 0.243872 0.212879
vt 0.240724 0.356201
vt 0.135292 0.233060
vt 0.134104 0.289445
vt 0.252028 0.212875
vt 0.243941 0.356199
vt 0.399047 0.765627
vt 0.143277 0.289433
vt 0.869629 0.162393
vt 0.872002 0.143647
vt 0.874590 0.181599
vt 0.506179 0.159684
vt 0.870569 0.162339
vt 0.872927 0.143734
vt 0.875330 0.180641
vt 0.506901 0.159684
vt 0.567813 0.961038
vt 0.507025 0.159684
vt 0.869775 0.162380
vt 0.872772 0.143719
vt 0.506892 0.142748
vt 0.506295 0.159684
vt 0.207014 0.848892
vt 0.870843 0.143548
vt 0.873025 0.181811
vt 0.459406 0.167292
vt 0.129483 0.535174
vt 0.211896 0.829642
vt 0.869029 0.162451
vt 0.871856 0.143632
vt 0.206451 0.849501
vt 0.870783 0.143544
vt 0.873862 0.181879
vt 0.505375 0.159684
vt 0.184171 0.628058
vt 0.176858 0.467326
vt 0.484978 0.152830
vt 0.494579 0.250482
vt 0.303864 0.471137
vt 0.302934 0.471477
vt 0.303138 0.350474
vt 0.103437 0.541255
vt 0.089130 0.397978
vt 0.302207 0.350479
vt 0.104604 0.541507
vt 0.097907 0.397017
vt 0.176989 0.624765
vt 0.175598 0.467399
vt 0.096807 0.538694
vt 0.088022 0.398096
vt 0.185452 0.628454
vt 0.188434 0.466860
vt 0.681527 0.848285
vt 0.709385 0.820880
vt 0.667702 0.848414
vt 0.681530 0.820878
vt 0.709383 0.848287
vt 0.123838 0.235869
vt 0.359972 0.722823
vt 0.206245 0.624216
vt 0.081760 0.398775
vt 0.168569 0.467838
vt 0.102903 0.396474
vt 0.197788 0.466429
vt 0.201429 0.626782
vt 0.196982 0.825582
vt 0.127516 0.535625
vt 0.111991 0.395472
vt 0.118730 0.540048
vt 0.398239 0.722287
vt 0.360997 0.770255
vt 0.215888 0.215332
vt 0.126696 0.289455
vt 0.131319 0.233123
vt 0.123910 0.289458
vt 0.126624 0.235864
vt 0.220594 0.356217
vt 0.223631 0.211633
vt 0.223816 0.356215
vt 0.240644 0.212740
vt 0.131396 0.289448
vt 0.134028 0.233118
vt 0.216037 0.355561
vt 0.220403 0.213252
vt 0.135368 0.289443
vt 0.141946 0.232623
vt 0.507495 0.159684
vt 0.871320 0.162288
vt 0.535458 0.928531
vt 0.870729 0.162330
vt 0.282362 0.350589
vt 0.226380 0.857332
vt 0.505688 0.159684
vt 0.506181 0.142108
vt 0.871234 0.143581
vt 0.868626 0.161994
vt 0.459087 0.167292
vt 0.505329 0.142737
vt 0.490302 0.250809
vt 0.484249 0.153177
vt 0.308402 0.350443
vt 0.532201 0.258157
vt 0.510246 0.246368
vt 0.526955 0.254090
vt 0.614137 0.087854
vt 0.524657 0.256952
vt 0.614134 0.087857
vt 0.614137 0.087856
vt 0.614137 0.087852
vt 0.614135 0.087854
vt 0.614134 0.087854
vt 0.614135 0.087853
vt 0.614134 0.087855
vt 0.491950 0.152098
vt 0.495346 0.250421
vt 0.494697 0.152756
vt 0.545527 0.760480
vt 0.545534 0.790384
vt 0.504676 0.246416
vt 0.520966 0.252728
vt 0.508435 0.249892
vt 0.519415 0.255984
vt 0.502079 0.249728
vt 0.504836 0.253556
vt 0.500072 0.252665
vt 0.501970 0.255942
vt 0.503388 0.255351
vt 0.545834 0.791087
vt 0.506138 0.248568
vt 0.502922 0.252400
vt 0.502028 0.253591
vt 0.335466 0.723154
vt 0.336818 0.775412
vt 0.565916 0.660664
vt 0.584934 0.667452
vt 0.591410 0.668016
vt 0.607198 0.662290
vt 0.206791 0.965149
vt 0.206792 0.928384
vt 0.842578 0.211234
vt 0.851377 0.214265
vt 0.854648 0.213978
vt 0.864245 0.210555
vt 0.555942 0.762092
vt 0.501028 0.254298
vt 0.546931 0.789572
vt 0.848754 0.213747
vt 0.857946 0.212888
vt 0.772281 0.897611
vt 0.774510 0.905028
vt 0.764361 0.904931
vt 0.765220 0.733306
vt 0.779830 0.744545
vt 0.746438 0.902404
vt 0.755224 0.906224
vt 0.817653 0.739745
vt 0.818420 0.749351
vt 0.800244 0.747944
vt 0.858377 0.165383
vt 0.849872 0.166098
vt 0.592682 0.572860
vt 0.577401 0.571221
vt 0.861348 0.873563
vt 0.848537 0.879752
vt 0.863586 0.863977
vt 0.498432 0.850517
vt 0.512279 0.858053
vt 0.513248 0.869669
vt 0.847893 0.841549
vt 0.856353 0.844372
vt 0.491736 0.882769
vt 0.501505 0.880008
vt 0.767058 0.925944
vt 0.756394 0.926388
vt 0.766180 0.929272
vt 0.756899 0.929418
vt 0.758547 0.948816
vt 0.768548 0.948631
vt 0.799493 0.786577
vt 0.775963 0.785337
vt 0.799662 0.793850
vt 0.775687 0.793886
vt 0.765378 0.834397
vt 0.797213 0.835947
vt 0.667701 0.855548
vt 0.681527 0.855549
vt 0.709383 0.855552
vt 0.264021 0.392326
vt 0.123928 0.303662
vt 0.360064 0.711379
vt 0.195980 0.433349
vt 0.398107 0.710832
vt 0.166736 0.434875
vt 0.490237 0.271898
vt 0.173775 0.434493
vt 0.191020 0.433602
vt 0.186614 0.433826
vt 0.501841 0.271902
vt 0.495131 0.271899
vt 0.143296 0.303637
vt 0.216075 0.392370
vt 0.243975 0.392344
vt 0.252121 0.392337
vt 0.126714 0.303658
vt 0.131415 0.303652
vt 0.220631 0.392365
vt 0.223853 0.392362
vt 0.142030 0.303639
vt 0.135387 0.303647
vt 0.240759 0.392347
vt 0.134123 0.303649
vt 0.175036 0.434426
vt 0.494390 0.271898
vt 0.614136 0.087851
vt 0.527439 0.271942
vt 0.614134 0.087854
vt 0.614134 0.087854
vt 0.614134 0.087855
vt 0.335566 0.711647
vt 0.495150 0.271899
vt 0.614134 0.087854
vt 0.614135 0.087852
vt 1.845510 0.641849
vt 1.341056 0.969334
vt 1.321666 0.978846
vt 1.845498 0.637060
vt 1.845527 0.631057
vt 1.845529 0.623917
vt 1.039515 0.841763
vt 1.355930 0.984768
vt 1.039603 0.847703
vt 1.039636 0.852393
vt 1.039507 0.855374
vt 1.324736 0.985169
vt 1.039749 0.644953
vt 1.544356 0.969295
vt 1.039922 0.641849
vt 1.039938 0.637060
vt 1.039912 0.631057
vt 1.559820 0.984106
vt 1.846302 0.835601
vt 1.846234 0.841763
vt 1.846148 0.847703
vt 1.846113 0.852393
vt 1.525527 0.979324
vt 1.528571 0.985664
vt 1.682187 0.642448
vt 1.680526 0.643768
vt 1.206320 0.854052
vt 1.679455 0.642448
vt 1.679495 0.639726
vt 1.682526 0.639726
vt 1.679537 0.635528
vt 1.682662 0.635528
vt 1.679553 0.630266
vt 1.682755 0.630266
vt 1.679599 0.624004
vt 1.682754 0.624003
vt 1.206535 0.835514
vt 1.206530 0.840920
vt 1.203248 0.840920
vt 1.203170 0.835514
vt 1.206572 0.846127
vt 1.203321 0.846127
vt 1.206618 0.850239
vt 1.203446 0.850239
vt 1.206662 0.852852
vt 1.203749 0.852852
vt 1.537305 0.642448
vt 1.536872 0.643768
vt 1.357218 0.854052
vt 1.535057 0.642448
vt 1.534461 0.639726
vt 1.537119 0.639726
vt 1.533475 0.635528
vt 1.536724 0.635528
vt 1.532690 0.630266
vt 1.536431 0.630266
vt 1.532548 0.624004
vt 1.536300 0.624004
vt 1.359654 0.835514
vt 1.359558 0.840920
vt 1.356292 0.840920
vt 1.356297 0.835514
vt 1.359475 0.846127
vt 1.356207 0.846127
vt 1.359323 0.850239
vt 1.356146 0.850239
vt 1.358944 0.852852
vt 1.356099 0.852852
vt 1.357925 0.642448
vt 1.356257 0.643768
vt 1.529364 0.854052
vt 1.355040 0.642448
vt 1.355075 0.639726
vt 1.358240 0.639726
vt 1.355103 0.635528
vt 1.358360 0.635528
vt 1.355116 0.630266
vt 1.358440 0.630266
vt 1.355172 0.624004
vt 1.358446 0.624004
vt 1.529452 0.835514
vt 1.529455 0.840920
vt 1.526197 0.840920
vt 1.526098 0.835514
vt 1.529535 0.846127
vt 1.526283 0.846127
vt 1.529599 0.850239
vt 1.526432 0.850239
vt 1.529650 0.852852
vt 1.526806 0.852852
vt 1.206069 0.642448
vt 1.205697 0.643768
vt 1.680320 0.854052
vt 1.203155 0.642448
vt 1.202852 0.639726
vt 1.206044 0.639726
vt 1.202743 0.635528
vt 1.206015 0.635528
vt 1.202656 0.630266
vt 1.206004 0.630266
vt 1.202654 0.624003
vt 1.205956 0.624004
vt 1.682574 0.835514
vt 1.682496 0.840920
vt 1.679218 0.840920
vt 1.679213 0.835514
vt 1.682424 0.846127
vt 1.679175 0.846127
vt 1.682298 0.850239
vt 1.679129 0.850239
vt 1.681993 0.852852
vt 1.679085 0.852852
vt 1.684371 0.644953
vt 1.684610 0.641849
vt 1.684783 0.637060
vt 1.684885 0.631057
vt 1.684926 0.623917
vt 1.200946 0.835601
vt 1.201001 0.841763
vt 1.201098 0.847703
vt 1.201242 0.852393
vt 1.201438 0.855374
vt 1.038284 0.935619
vt 1.201058 0.935619
vt 1.201059 0.935651
vt 1.847651 0.725368
vt 1.684352 0.725400
vt 1.846898 0.725400
vt 1.677508 0.644953
vt 1.538986 0.644953
vt 1.538970 0.641849
vt 1.677464 0.641849
vt 1.538897 0.637060
vt 1.677447 0.637060
vt 1.538825 0.631057
vt 1.677443 0.631057
vt 1.538792 0.623917
vt 1.677449 0.623917
vt 1.208755 0.835601
vt 1.354073 0.835601
vt 1.354053 0.841763
vt 1.208764 0.841763
vt 1.354035 0.847703
vt 1.208769 0.847703
vt 1.354036 0.852393
vt 1.208757 0.852393
vt 1.354067 0.855374
vt 1.208719 0.855374
vt 1.354137 0.857631
vt 1.677582 0.647347
vt 1.533416 0.644953
vt 1.360231 0.644953
vt 1.360424 0.641849
vt 1.532768 0.641849
vt 1.360561 0.637060
vt 1.531241 0.637060
vt 1.360647 0.631057
vt 1.530069 0.631057
vt 1.529864 0.623917
vt 1.361892 0.835601
vt 1.523862 0.835601
vt 1.523950 0.841763
vt 1.361803 0.841763
vt 1.524087 0.847703
vt 1.361666 0.847703
vt 1.524281 0.852393
vt 1.361473 0.852393
vt 1.524541 0.855374
vt 1.361213 0.855374
vt 1.360710 0.935619
vt 1.525041 0.935619
vt 1.525080 0.935651
vt 1.521206 0.725368
vt 1.360551 0.725400
vt 1.521162 0.725400
vt 1.352978 0.644953
vt 1.208145 0.644953
vt 1.208189 0.641849
vt 1.352939 0.641849
vt 1.208208 0.637060
vt 1.352924 0.637060
vt 1.208215 0.631057
vt 1.352924 0.631057
vt 1.208207 0.623917
vt 1.352941 0.623917
vt 1.531675 0.835601
vt 1.676994 0.835601
vt 1.676983 0.841763
vt 1.531694 0.841763
vt 1.676978 0.847703
vt 1.531712 0.847703
vt 1.676991 0.852393
vt 1.531710 0.852393
vt 1.677029 0.855374
vt 1.531680 0.855374
vt 1.677101 0.857631
vt 1.353050 0.647347
vt 1.200841 0.644953
vt 1.200657 0.641849
vt 1.200528 0.637060
vt 1.200444 0.631057
vt 1.200417 0.623917
vt 1.684800 0.835601
vt 1.684742 0.841763
vt 1.684643 0.847703
vt 1.684498 0.852393
vt 1.684305 0.855374
vt 1.684682 0.935619
vt 1.847466 0.935619
vt 1.848222 0.935651
vt 1.200488 0.725368
vt 1.038437 0.725400
vt 1.200489 0.725400
vt 1.681643 0.647347
vt 1.358408 0.857631
vt 1.357516 0.647347
vt 1.681565 0.857631
vt 1.323428 0.986481
vt 1.036015 0.867474
vt 1.846364 0.657231
vt 1.845900 0.647751
vt 1.684044 0.657231
vt 1.684188 0.647751
vt 1.201775 0.867474
vt 1.204201 0.859483
vt 1.533456 0.649199
vt 1.360701 0.867474
vt 1.522294 0.657231
vt 1.532701 0.647751
vt 1.360042 0.657231
vt 1.525050 0.867474
vt 1.527357 0.859483
vt 1.203560 0.649199
vt 1.683965 0.867474
vt 1.201016 0.657231
vt 1.200976 0.647751
vt 1.039046 0.657231
vt 1.530280 0.987988
vt 1.849738 0.867474
vt 1.527263 0.986976
vt 1.326456 0.987485
vt 1.038858 0.867432
vt 1.201609 0.867432
vt 1.201578 0.858093
vt 1.361020 0.858093
vt 1.360866 0.867432
vt 1.524885 0.867432
vt 1.524734 0.858093
vt 1.684166 0.858093
vt 1.684132 0.867432
vt 1.846894 0.867432
vt 1.846452 0.858093
vt 1.845406 0.606883
vt 1.845566 0.604036
vt 1.845415 0.611464
vt 1.845480 0.617335
vt 1.039422 0.828949
vt 1.039416 0.822881
vt 1.039375 0.817989
vt 1.360286 0.959927
vt 1.358600 0.952341
vt 1.563257 0.959187
vt 1.040024 0.606882
vt 1.040017 0.611464
vt 1.039956 0.617335
vt 1.846335 0.828949
vt 1.846334 0.822881
vt 1.846375 0.817988
vt 1.846560 0.814753
vt 1.561296 0.951699
vt 1.682305 0.606575
vt 1.679544 0.606575
vt 1.679645 0.603781
vt 1.204971 0.814065
vt 1.682592 0.609071
vt 1.679552 0.609071
vt 1.682701 0.613087
vt 1.679568 0.613087
vt 1.682754 0.618234
vt 1.679587 0.618234
vt 1.203169 0.829684
vt 1.206492 0.829684
vt 1.203191 0.824364
vt 1.206471 0.824364
vt 1.203269 0.820076
vt 1.206476 0.820076
vt 1.203524 0.817238
vt 1.206460 0.817238
vt 1.537195 0.606575
vt 1.534898 0.606575
vt 1.535460 0.603781
vt 1.356535 0.814065
vt 1.537139 0.609071
vt 1.534552 0.609071
vt 1.536801 0.613087
vt 1.533664 0.613087
vt 1.536460 0.618234
vt 1.532849 0.618234
vt 1.356350 0.829684
vt 1.359691 0.829684
vt 1.356370 0.824364
vt 1.359665 0.824364
vt 1.356385 0.820076
vt 1.359602 0.820076
vt 1.356415 0.817238
vt 1.359393 0.817238
vt 1.358098 0.606575
vt 1.355187 0.606575
vt 1.355290 0.603781
vt 1.527809 0.814065
vt 1.358352 0.609071
vt 1.355167 0.609071
vt 1.358425 0.613087
vt 1.355180 0.613087
vt 1.358460 0.618234
vt 1.355171 0.618234
vt 1.526062 0.829684
vt 1.529397 0.829684
vt 1.526094 0.824364
vt 1.529372 0.824364
vt 1.526152 0.820076
vt 1.529362 0.820076
vt 1.526357 0.817238
vt 1.529334 0.817238
vt 1.205997 0.606575
vt 1.203069 0.606575
vt 1.204525 0.603781
vt 1.679400 0.814065
vt 1.205994 0.609071
vt 1.202800 0.609071
vt 1.205981 0.613087
vt 1.202707 0.613087
vt 1.205969 0.618234
vt 1.202657 0.618234
vt 1.679256 0.829684
vt 1.682575 0.829684
vt 1.679276 0.824364
vt 1.682553 0.824364
vt 1.679271 0.820076
vt 1.682474 0.820076
vt 1.679289 0.817238
vt 1.682218 0.817238
vt 1.684680 0.606882
vt 1.684464 0.604036
vt 1.684823 0.611464
vt 1.684905 0.617335
vt 1.200938 0.828949
vt 1.200981 0.822881
vt 1.201081 0.817988
vt 1.201244 0.814753
vt 1.037999 0.732658
vt 1.037245 0.732503
vt 1.684412 0.522219
vt 1.200946 0.732658
vt 1.846768 0.522066
vt 1.684413 0.522066
vt 1.677548 0.604036
vt 1.677500 0.606882
vt 1.538939 0.606882
vt 1.538927 0.604037
vt 1.677472 0.611464
vt 1.538887 0.611464
vt 1.677459 0.617335
vt 1.538822 0.617335
vt 1.208729 0.828949
vt 1.354105 0.828949
vt 1.208695 0.822881
vt 1.354144 0.822881
vt 1.208653 0.817988
vt 1.354189 0.817989
vt 1.208594 0.814753
vt 1.354249 0.814753
vt 1.208531 0.810487
vt 1.538857 0.600203
vt 1.533223 0.604036
vt 1.532958 0.606882
vt 1.360533 0.606882
vt 1.531532 0.611464
vt 1.360634 0.611464
vt 1.530292 0.617335
vt 1.360680 0.617334
vt 1.361928 0.828949
vt 1.523823 0.828949
vt 1.361912 0.822881
vt 1.523841 0.822881
vt 1.361836 0.817989
vt 1.523917 0.817989
vt 1.361702 0.814753
vt 1.524054 0.814753
vt 1.362109 0.732658
vt 1.362114 0.732503
vt 1.360747 0.522219
vt 1.523640 0.732658
vt 1.521131 0.522066
vt 1.360747 0.522066
vt 1.353072 0.604036
vt 1.353016 0.606882
vt 1.208157 0.606882
vt 1.208109 0.604036
vt 1.352981 0.611464
vt 1.208185 0.611464
vt 1.352959 0.617335
vt 1.208200 0.617335
vt 1.531642 0.828949
vt 1.677019 0.828949
vt 1.531603 0.822881
vt 1.677054 0.822881
vt 1.531558 0.817989
vt 1.677095 0.817988
vt 1.531498 0.814753
vt 1.677153 0.814753
vt 1.531434 0.810487
vt 1.208048 0.600203
vt 1.200783 0.604037
vt 1.200614 0.606882
vt 1.200498 0.611464
vt 1.200433 0.617335
vt 1.684806 0.828949
vt 1.684760 0.822881
vt 1.684659 0.817989
vt 1.684499 0.814753
vt 1.684795 0.732658
vt 1.684793 0.732503
vt 1.037831 0.522219
vt 1.847751 0.732658
vt 1.200492 0.522066
vt 1.038585 0.522066
vt 1.203967 0.810487
vt 1.533475 0.600203
vt 1.526792 0.810487
vt 1.203527 0.600203
vt 1.359925 0.951046
vt 1.356937 0.949991
vt 1.846280 0.590202
vt 1.035653 0.800649
vt 1.684283 0.599678
vt 1.684126 0.590202
vt 1.681712 0.598352
vt 1.201590 0.800649
vt 1.358964 0.808636
vt 1.531286 0.599678
vt 1.522075 0.590202
vt 1.361411 0.800649
vt 1.360263 0.599678
vt 1.360222 0.590202
vt 1.357682 0.598352
vt 1.524341 0.800649
vt 1.681786 0.808636
vt 1.200912 0.599678
vt 1.200970 0.590202
vt 1.684150 0.800649
vt 1.039583 0.599678
vt 1.039127 0.590202
vt 1.562585 0.950371
vt 1.850102 0.800649
vt 1.038909 0.810148
vt 1.038490 0.800814
vt 1.201369 0.810148
vt 1.201425 0.800814
vt 1.361598 0.810148
vt 1.361577 0.800814
vt 1.524157 0.810148
vt 1.524174 0.800814
vt 1.684375 0.810148
vt 1.684315 0.800814
vt 1.559541 0.949421
vt 1.847262 0.800814
vt 0.458765 0.533449
vt 0.458873 0.656819
vt 0.709380 0.890223
vt 0.681524 0.890221
vt 0.271279 0.564834
vt 0.459055 0.467299
vt 0.123677 0.422811
vt 0.721067 0.889605
vt 0.761882 0.511708
vt 0.311055 0.928445
vt 0.533784 0.204966
vt 0.762069 0.443330
vt 0.761679 0.634168
vt 0.311056 0.965210
vt 0.318399 0.581419
vt 0.335814 0.584522
vt 0.335127 0.647961
vt 0.336114 0.597925
vt 0.211090 0.096776
vt 0.316770 0.644615
vt 0.512023 0.240088
vt 0.512116 0.204290
vt 0.555947 0.833630
vt 0.497760 0.389773
vt 0.709202 0.701990
vt 0.168309 0.090250
vt 0.732738 0.632437
vt 0.708700 0.646788
vt 0.041984 0.073055
vt 0.056891 0.204533
vt 0.310553 0.186737
vt 0.312986 0.076790
vt 0.732935 0.513204
vt 0.708332 0.532382
vt 0.733062 0.446217
vt 0.709192 0.468230
vt 0.738142 0.693110
vt 0.738367 0.634136
vt 0.703838 0.704929
vt 0.470626 0.479246
vt 0.480197 0.387915
vt 0.060072 0.200901
vt 0.044802 0.066288
vt 0.160442 0.243908
vt 0.175703 0.081268
vt 0.310119 0.071570
vt 0.738570 0.511672
vt 0.282141 0.945952
vt 0.703884 0.466191
vt 0.080791 0.194852
vt 0.064891 0.060113
vt 0.293055 0.067719
vt 0.289730 0.180954
vt 0.686349 0.463283
vt 0.684497 0.528129
vt 0.685078 0.651681
vt 0.685734 0.708984
vt 0.524985 0.207999
vt 0.521714 0.207711
vt 0.258150 0.859166
vt 0.283277 0.860779
vt 0.193377 0.061530
vt 0.198134 0.065474
vt 0.334425 0.590661
vt 0.334200 0.588869
vt 0.272754 0.940488
vt 0.253908 0.939071
vt 0.733068 0.442987
vt 0.182098 0.081408
vt 0.180386 0.075442
vt 0.171329 0.090394
vt 0.174595 0.094269
vt 0.313063 0.072465
vt 0.309908 0.067082
vt 0.710991 0.461871
vt 0.708894 0.465029
vt 0.705017 0.459529
vt 0.703500 0.462927
vt 0.303271 0.864032
vt 0.527608 0.207480
vt 0.334410 0.587896
vt 0.189834 0.058497
vt 0.202952 0.068112
vt 0.335192 0.592464
vt 0.518416 0.206622
vt 0.232451 0.860858
vt 0.315576 0.069293
vt 0.311894 0.063652
vt 0.686691 0.456310
vt 0.691252 0.455966
vt 0.059460 0.057176
vt 0.687188 0.460136
vt 0.690720 0.461915
vt 0.691255 0.459245
vt 0.292274 0.060892
vt 0.297299 0.058798
vt 0.296688 0.056810
vt 0.293508 0.064144
vt 0.297345 0.066251
vt 0.297542 0.062208
vt 0.180360 0.240397
vt 0.184663 0.242168
vt 0.202466 0.072567
vt 0.494628 0.391047
vt 0.491880 0.391704
vt 0.230807 0.872166
vt 0.757430 0.636169
vt 0.754065 0.637225
vt 0.185964 0.060870
vt 0.757668 0.510033
vt 0.754306 0.509124
vt 0.305183 0.876035
vt 0.256842 0.869136
vt 0.254844 0.876624
vt 0.264616 0.876901
vt 0.266993 0.871715
vt 0.196164 0.073551
vt 0.196844 0.071522
vt 0.194298 0.071222
vt 0.193661 0.072787
vt 0.282451 0.880007
vt 0.283382 0.873637
vt 0.273838 0.873208
vt 0.274276 0.876554
vt 0.190379 0.066168
vt 0.189540 0.067781
vt 0.191074 0.070899
vt 0.191785 0.069680
vt 0.673386 0.530401
vt 0.675131 0.530267
vt 0.085254 0.067449
vt 0.537998 0.112879
vt 0.673934 0.649074
vt 0.675680 0.649212
vt 0.669370 0.698267
vt 0.277731 0.074100
vt 0.281456 0.184116
vt 0.283089 0.183889
vt 0.090257 0.197297
vt 0.204714 0.797737
vt 0.512023 0.157282
vt 0.215742 0.703934
vt 0.591190 0.829075
vt 0.520886 0.159911
vt 0.096895 0.102753
vt 0.120511 0.075106
vt 0.517977 0.159117
vt 0.096894 0.155459
vt 0.524213 0.160176
vt 0.526483 0.159831
vt 0.117015 0.177578
vt 0.532379 0.157931
vt 0.328763 0.929851
vt 0.406567 0.530476
vt 0.531917 0.086438
vt 0.328764 0.963540
vt 0.406815 0.660458
vt 0.406701 0.723048
vt 0.360063 0.586836
vt 0.401212 0.899936
vt 0.390543 0.918106
vt 0.360168 0.586037
vt 0.360289 0.588613
vt 0.401205 0.843563
vt 0.360811 0.590166
vt 0.371824 0.816969
vt 0.145183 0.373197
vt 0.399808 0.594461
vt 0.359470 0.652495
vt 0.452408 0.656830
vt 0.452298 0.533478
vt 0.439767 0.528561
vt 0.439892 0.662710
vt 0.126782 0.371456
vt 0.452535 0.713682
vt 0.131118 0.428149
vt 0.131479 0.374177
vt 0.264460 0.695692
vt 0.264189 0.564845
vt 0.252299 0.571815
vt 0.440196 0.456750
vt 0.224001 0.573079
vt 0.220778 0.571463
vt 0.142835 0.082479
vt 0.143410 0.374016
vt 0.142142 0.374654
vt 0.348554 0.828289
vt 0.412169 0.528438
vt 0.415093 0.528008
vt 0.138684 0.173533
vt 0.412427 0.662873
vt 0.415353 0.663385
vt 0.366899 0.917414
vt 0.131508 0.113948
vt 0.118703 0.107757
vt 0.112075 0.122376
vt 0.133747 0.123542
vt 0.377892 0.850987
vt 0.364441 0.859309
vt 0.363377 0.870571
vt 0.387052 0.863182
vt 0.118069 0.145975
vt 0.126525 0.143166
vt 0.114856 0.135804
vt 0.384553 0.882343
vt 0.386611 0.874687
vt 0.375112 0.880044
vt 0.434338 0.455264
vt 0.431432 0.454617
vt 0.430998 0.528528
vt 0.433928 0.528578
vt 0.434146 0.452674
vt 0.431600 0.452057
vt 0.435855 0.449709
vt 0.433764 0.447920
vt 0.244152 0.571827
vt 0.240936 0.571973
vt 0.436626 0.445293
vt 0.244450 0.709410
vt 0.135459 0.374227
vt 0.134191 0.374173
vt 0.133813 0.427929
vt 0.135074 0.427990
vt 0.434063 0.662719
vt 0.431146 0.662792
vt 0.133677 0.432009
vt 0.434167 0.726677
vt 0.133886 0.429216
vt 0.135004 0.429518
vt 0.134167 0.431425
vt 0.133199 0.430573
vt 0.436230 0.451421
vt 0.133523 0.429274
vt 0.355622 0.908160
vt 0.337937 0.861457
vt 0.157276 0.110476
vt 0.154451 0.156505
vt 0.161862 0.082013
vt 0.161745 0.082077
vt 0.161738 0.100091
vt 0.506184 0.184373
vt 0.875152 0.113623
vt 0.160975 0.082751
vt 0.160983 0.099450
vt 0.506896 0.183733
vt 0.160503 0.082752
vt 0.160515 0.099450
vt 0.163045 0.082309
vt 0.162997 0.082326
vt 0.162992 0.099841
vt 0.459406 0.191782
vt 0.219753 0.801498
vt 0.561249 0.077997
vt 0.162345 0.100153
vt 0.162350 0.082014
vt 0.167575 0.240279
vt 0.168843 0.239837
vt 0.191121 0.085214
vt 0.186852 0.085869
vt 0.484908 0.390969
vt 0.484180 0.390621
vt 0.247445 0.920552
vt 0.475101 0.484756
vt 0.744225 0.636899
vt 0.745184 0.637203
vt 0.745388 0.509113
vt 0.744428 0.509370
vt 0.180866 0.075400
vt 0.745011 0.698891
vt 0.285471 0.918348
vt 0.744280 0.437759
vt 0.254092 0.901159
vt 0.252441 0.898622
vt 0.192122 0.083562
vt 0.191073 0.085137
vt 0.281344 0.900213
vt 0.280087 0.902357
vt 0.183805 0.075612
vt 0.185044 0.074429
vt 0.190359 0.079949
vt 0.189966 0.081494
vt 0.274677 0.895380
vt 0.273207 0.901661
vt 0.301404 0.180917
vt 0.304001 0.066293
vt 0.067015 0.196341
vt 0.051427 0.058088
vt 0.050398 0.058881
vt 0.696803 0.651318
vt 0.305443 0.057439
vt 0.698210 0.710013
vt 0.696365 0.528475
vt 0.697513 0.462087
vt 0.697740 0.456273
vt 0.304911 0.066748
vt 0.303648 0.062676
vt 0.698386 0.462454
vt 0.697134 0.459353
vt 0.304314 0.059319
vt 0.689580 0.651363
vt 0.689045 0.528429
vt 0.293963 0.180921
vt 0.185661 0.081892
vt 0.270400 0.920072
vt 0.703314 0.648354
vt 0.697712 0.651023
vt 0.702923 0.530911
vt 0.697285 0.528715
vt 0.697815 0.459416
vt 0.304420 0.062662
vt 0.698485 0.456639
vt 0.305088 0.059647
vt 0.071899 0.341401
vt 0.490271 0.292992
vt 0.308127 0.301863
vt 0.290354 0.301960
vt 0.184715 0.400860
vt 0.189118 0.400717
vt 0.282088 0.302008
vt 0.283723 0.301998
vt 0.264055 0.428470
vt 0.252155 0.428482
vt 0.271145 0.428464
vt 0.143315 0.317842
vt 0.142049 0.317844
vt 0.244009 0.428490
vt 0.240793 0.428493
vt 0.135405 0.317852
vt 0.134141 0.317853
vt 0.145106 0.318099
vt 0.872620 0.134740
vt 0.872765 0.134751
vt 0.506295 0.166796
vt 0.506180 0.166796
vt 0.873538 0.134813
vt 0.873695 0.134826
vt 0.507026 0.166796
vt 0.506902 0.166796
vt 0.507495 0.166796
vt 0.871553 0.134665
vt 0.871613 0.134669
vt 0.505376 0.166796
vt 0.505328 0.166796
vt 0.199233 0.817434
vt 0.214159 0.821565
vt 0.872005 0.134695
vt 0.505689 0.166796
vt 0.171928 0.401544
vt 0.173186 0.401493
vt 0.495313 0.293382
vt 0.494547 0.293320
vt 0.301932 0.301896
vt 0.081701 0.340328
vt 0.082808 0.340207
vt 0.294556 0.301937
vt 0.164906 0.401831
vt 0.075442 0.341013
vt 0.065951 0.196860
vt 0.502044 0.294077
vt 0.500041 0.291139
vt 0.709382 0.862816
vt 0.681526 0.862814
vt 0.721069 0.862687
vt 0.316778 0.700172
vt 0.335280 0.700129
vt 0.091579 0.339247
vt 0.096573 0.338701
vt 0.075792 0.195362
vt 0.105661 0.337708
vt 0.359752 0.699925
vt 0.591202 0.804350
vt 0.131433 0.317856
vt 0.126732 0.317861
vt 0.223888 0.428509
vt 0.220666 0.428512
vt 0.535458 0.914793
vt 0.459087 0.174531
vt 0.302863 0.301891
vt 0.307590 0.184035
vt 0.302339 0.181243
vt 0.075059 0.370283
vt 0.078602 0.369896
vt 0.099732 0.367585
vt 0.108822 0.366589
vt 0.290492 0.326253
vt 0.294694 0.326229
vt 0.302071 0.326188
vt 0.532703 0.271952
vt 0.532145 0.285738
vt 0.198105 0.821504
vt 0.213029 0.825608
vt 0.446743 0.170911
vt 0.283859 0.326289
vt 0.873923 0.139347
vt 0.507495 0.163240
vt 0.507025 0.163240
vt 0.872259 0.139183
vt 0.872404 0.139195
vt 0.873176 0.139267
vt 0.506295 0.163240
vt 0.506180 0.163240
vt 0.505688 0.163240
vt 0.873332 0.139284
vt 0.506902 0.163240
vt 0.871192 0.139114
vt 0.871252 0.139117
vt 0.871644 0.139141
vt 0.505375 0.163240
vt 0.459406 0.170911
vt 0.459087 0.170911
vt 0.084861 0.369212
vt 0.085968 0.369091
vt 0.614134 0.087853
vt 0.614134 0.087854
vt 0.614134 0.087853
vt 0.520905 0.291122
vt 0.510188 0.297445
vt 0.519366 0.287860
vt 0.524601 0.286910
vt 0.614132 0.087856
vt 0.614132 0.087853
vt 0.614133 0.087851
vt 0.512676 0.275412
vt 0.503361 0.288454
vt 0.504803 0.290251
vt 0.614134 0.087855
vt 0.501000 0.289506
vt 0.545535 0.805339
vt 0.508518 0.297546
vt 0.506097 0.295240
vt 0.504639 0.297389
vt 0.508389 0.293920
vt 0.502889 0.291406
vt 0.501999 0.290213
vt 0.501944 0.287862
vt 0.546932 0.806151
vt 0.265479 0.897248
vt 0.264433 0.899491
vt 0.260752 0.919827
vt 0.187890 0.076678
vt 0.187136 0.077256
vt 0.183462 0.076938
vt 0.308266 0.326153
vt 0.094738 0.368132
vt 0.303002 0.326182
vt 0.604401 0.569081
vt 0.565606 0.567595
vt 0.856903 0.851646
vt 0.498908 0.883175
vt 0.361173 0.582809
vt 0.361951 0.593353
vt 0.127067 0.135873
vt 0.377649 0.882872
vt 0.313116 0.576158
vt 0.043602 0.940751
vt 0.058255 0.874936
vt 0.100564 0.667107
vt 0.101269 0.658114
vt 0.092956 0.535963
vt 0.312059 0.465538
vt 0.086156 0.737556
vt 0.039949 0.946743
vt 0.043278 0.943525
vt 0.102171 0.665294
vt 0.102429 0.662085
vt 0.078216 0.399158
vt 0.311245 0.326136
vt 0.311107 0.301847
vt 0.711824 0.701968
vt 0.040433 0.940370
vt 0.055095 0.874309
vt 0.711323 0.646773
vt 0.710961 0.532364
vt 0.082987 0.736839
vt 0.098076 0.664986
vt 0.711796 0.468019
vt 0.329638 0.595562
vt 0.639938 0.514298
vt 0.463705 0.066258
vt 0.730195 0.513198
vt 0.468782 0.069115
vt 0.478102 0.158324
vt 0.465075 0.068483
vt 0.487887 0.250992
vt 0.474478 0.158700
vt 0.487867 0.271898
vt 0.484229 0.251260
vt 0.487857 0.292808
vt 0.484236 0.271901
vt 0.478035 0.385473
vt 0.484199 0.292536
vt 0.726096 0.440234
vt 0.474414 0.385095
vt 0.730322 0.446212
vt 0.464971 0.475295
vt 0.730333 0.440242
vt 0.173937 0.099629
vt 0.726814 0.691438
vt 0.156328 0.247409
vt 0.151593 0.247178
vt 0.160935 0.401990
vt 0.156225 0.402249
vt 0.162757 0.435095
vt 0.158055 0.435420
vt 0.164596 0.468111
vt 0.159911 0.468542
vt 0.172867 0.621489
vt 0.168289 0.622115
vt 0.641292 0.657811
vt 0.637951 0.657824
vt 0.637936 0.653978
vt 0.640101 0.608584
vt 0.637598 0.514302
vt 0.729998 0.632431
vt 0.727228 0.513193
vt 0.640290 0.655077
vt 0.637762 0.608591
vt 0.168053 0.093488
vt 0.727032 0.632425
vt 0.559590 0.542851
vt 0.263912 0.219813
vt 0.541211 0.627422
vt 0.540811 0.548353
vt 0.270240 0.089041
vt 0.296621 0.746513
vt 0.280508 0.746509
vt 0.296649 0.778624
vt 0.296648 0.785524
vt 0.280491 0.778619
vt 0.296644 0.792424
vt 0.280486 0.785517
vt 0.296603 0.824535
vt 0.280481 0.792414
vt 0.296501 0.853338
vt 0.280444 0.853424
vt 0.280508 0.717597
vt 0.280450 0.824515
vt 0.247873 0.853421
vt 0.247852 0.717598
vt 0.247859 0.746502
vt 0.247850 0.778604
vt 0.234273 0.746483
vt 0.247849 0.785502
vt 0.234240 0.778595
vt 0.247849 0.792399
vt 0.234239 0.785496
vt 0.247854 0.824511
vt 0.234240 0.792396
vt 0.234308 0.853376
vt 0.234277 0.824510
vt 0.665452 0.792377
vt 0.652482 0.768999
vt 0.678602 0.781610
vt 0.653567 0.762744
vt 0.651599 0.802708
vt 0.643695 0.775175
vt 0.648636 0.804893
vt 0.634529 0.781913
vt 0.645678 0.807077
vt 0.632554 0.783376
vt 0.631948 0.817232
vt 0.630578 0.784842
vt 0.617779 0.665735
vt 0.621358 0.791667
vt 0.626843 0.669263
vt 0.612476 0.798185
vt 0.681077 0.771889
vt 0.656122 0.751581
vt 0.643102 0.675734
vt 0.618531 0.697132
vt 0.686578 0.746119
vt 0.652311 0.736957
vt 0.684910 0.754592
vt 0.657600 0.746306
vt 0.679348 0.730748
vt 0.646937 0.726957
vt 0.671290 0.715434
vt 0.645785 0.724795
vt 0.669555 0.712171
vt 0.644636 0.722632
vt 0.667823 0.708908
vt 0.639343 0.712582
vt 0.651022 0.679094
vt 0.629295 0.701229
vt 0.659655 0.693666
vt 0.634524 0.702971
vt 0.552094 0.543809
vt 0.296600 0.717645
vt 0.234359 0.717677
vt 0.262838 0.086705
vt 0.298367 0.715945
vt 0.643243 0.774742
vt 0.280565 0.715866
vt 0.634145 0.781425
vt 0.632186 0.782876
vt 0.630228 0.784329
vt 0.621099 0.791093
vt 0.612523 0.695441
vt 0.618358 0.697719
vt 0.247788 0.715866
vt 0.629050 0.701788
vt 0.232497 0.746330
vt 0.656924 0.746322
vt 0.232482 0.778567
vt 0.232481 0.785495
vt 0.232481 0.792423
vt 0.232502 0.824662
vt 0.634138 0.703516
vt 0.408369 0.737351
vt 0.468442 0.866805
vt 0.452854 0.735909
vt 0.421596 0.868353
vt 0.407051 0.867269
vt 0.406758 0.839128
vt 0.421219 0.838958
vt 0.406707 0.808240
vt 0.406811 0.801720
vt 0.421346 0.808334
vt 0.421458 0.801916
vt 0.406926 0.795220
vt 0.421566 0.795498
vt 0.407338 0.764655
vt 0.422195 0.736108
vt 0.422118 0.765181
vt 0.452350 0.868140
vt 0.452274 0.838989
vt 0.469532 0.839543
vt 0.452796 0.808697
vt 0.452902 0.802286
vt 0.469901 0.809016
vt 0.470009 0.802526
vt 0.453012 0.795875
vt 0.470111 0.796018
vt 0.453180 0.765296
vt 0.469847 0.736998
vt 0.470100 0.765196
vt 0.453023 0.734094
vt 0.422130 0.735479
vt 0.421417 0.870167
vt 0.452412 0.868769
vt 0.405566 0.868476
vt 0.421532 0.868981
vt 0.404933 0.839238
vt 0.406465 0.867784
vt 0.404893 0.808238
vt 0.406130 0.839164
vt 0.404996 0.801684
vt 0.406084 0.808239
vt 0.405112 0.795171
vt 0.406188 0.801708
vt 0.405525 0.764514
vt 0.406303 0.795205
vt 0.406877 0.736173
vt 0.406712 0.764607
vt 0.422005 0.734286
vt 0.407791 0.736849
vt 0.469909 0.868016
vt 0.470158 0.839594
vt 0.452531 0.869963
vt 0.469015 0.867316
vt 0.471345 0.839693
vt 0.470525 0.809032
vt 0.471715 0.809065
vt 0.470633 0.802538
vt 0.471824 0.802562
vt 0.470734 0.796019
vt 0.471925 0.796021
vt 0.470728 0.765157
vt 0.471308 0.735759
vt 0.452914 0.735281
vt 0.471925 0.765080
vt 0.470429 0.736474
vt 0.556046 0.797861
vt 0.542101 0.251091
vt 0.556060 0.791018
vt 0.555632 0.791378
vt 0.556420 0.791379
vt 0.569687 0.764516
vt 0.569708 0.791372
vt 0.556061 0.804704
vt 0.569692 0.831204
vt 0.569709 0.797860
vt 0.569709 0.804348
vt 0.556421 0.804343
vt 0.556061 0.803924
vt 0.540012 0.294924
vt 0.536463 0.271961
vt 0.526889 0.289782
vt 0.535306 0.256490
vt 0.534182 0.288417
vt 0.534250 0.255486
vt 0.534692 0.256079
vt 0.535242 0.287418
vt 0.534627 0.287826
vt 0.555935 0.791501
vt 0.534894 0.255873
vt 0.555936 0.804221
vt 0.534828 0.288033
vt 0.556188 0.791234
vt 0.556189 0.804488
vt 0.556428 0.797861
vt 0.534993 0.256257
vt 0.534928 0.287649
vt 0.534472 0.255793
vt 0.534405 0.288111
vt 0.555846 0.791198
vt 0.555847 0.804524
vt 0.556041 0.804332
vt 0.556241 0.804133
vt 0.556237 0.797861
vt 0.556240 0.791589
vt 0.556039 0.791391
vt 0.541071 0.293933
vt 0.555633 0.804344
vt 0.542010 0.292849
vt 0.541167 0.250001
vt 0.556060 0.791798
vt 0.540111 0.249004
vt 0.507507 0.298293
vt 0.545532 0.835244
vt 0.545835 0.804636
vt 0.546553 0.804344
vt 0.546743 0.271986
vt 0.316933 0.711821
vt 0.194069 0.400432
vt 0.189428 0.244911
vt 0.316835 0.584251
vt 0.762089 0.693133
vt 0.297763 0.905834
vt 0.529019 0.243252
vt 0.317388 0.592565
vt 0.316656 0.589869
vt 0.517646 0.242381
vt 0.488303 0.481088
vt 0.522099 0.243866
vt 0.316176 0.587415
vt 0.316266 0.585639
vt 0.525404 0.244140
vt 0.297765 0.966323
vt 0.297764 0.927508
vt 0.316988 0.723541
vt 0.585746 0.738423
vt 0.576935 0.735463
vt 0.597711 0.737515
vt 0.592291 0.738966
vt 0.858721 0.248646
vt 0.854269 0.250132
vt 0.850963 0.250407
vt 0.847348 0.249519
vt 0.508565 0.246263
vt 0.546552 0.791379
vt 0.507545 0.245512
vt 0.497829 0.154031
vt 0.318502 0.779123
vt 0.612458 0.656294
vt 0.612458 0.459298
vt 0.211014 0.775943
vt 0.488405 0.062712
vt 0.220083 0.927447
vt 0.612778 0.609794
vt 0.511200 0.271908
vt 0.614134 0.087851
vt 0.524874 0.274106
vt 0.614133 0.087857
vt 0.516064 0.276190
vt 0.518761 0.274229
vt 0.512671 0.268408
vt 0.516091 0.267641
vt 0.524896 0.269763
vt 0.518815 0.269608
vt 0.153437 0.402473
vt 0.148786 0.247480
vt 0.155266 0.435588
vt 0.157117 0.468644
vt 0.165493 0.622000
vt 0.642005 0.653752
vt 0.166439 0.099303
vt 0.641784 0.608474
vt 0.641621 0.514385
vt 0.724897 0.632287
vt 0.472756 0.384653
vt 0.482512 0.292361
vt 0.482542 0.271901
vt 0.482541 0.251435
vt 0.472819 0.159142
vt 0.463573 0.070107
vt 0.725093 0.513302
vt 0.725160 0.446468
vt 0.050048 0.205296
vt 0.035133 0.073833
vt 0.065066 0.342149
vt 0.068228 0.371029
vt 0.071385 0.399897
vt 0.086101 0.536766
vt 0.094493 0.661228
vt 0.078111 0.735725
vt 0.715019 0.532336
vt 0.715379 0.646749
vt 0.050221 0.873339
vt 0.316956 0.465500
vt 0.318005 0.576110
vt 0.316286 0.350398
vt 0.316151 0.326108
vt 0.316014 0.301821
vt 0.315472 0.186712
vt 0.715880 0.701932
vt 0.638848 0.712965
vt 0.232541 0.855073
vt 0.644096 0.722939
vt 0.645236 0.725087
vt 0.646380 0.727232
vt 0.651717 0.737154
vt 0.655520 0.751477
vt 0.232569 0.715959
vt 0.247809 0.855153
vt 0.652978 0.762586
vt 0.280499 0.855156
vt 0.298289 0.855059
vt 0.298378 0.824689
vt 0.298402 0.792452
vt 0.298405 0.785525
vt 0.298407 0.778598
vt 0.651887 0.768695
vt 0.298397 0.746361
vt 0.537132 0.101478
vt 0.537136 0.078266
vt 0.282225 0.326299
vt 0.446743 0.167291
vt 0.110815 0.366371
vt 0.113984 0.395254
vt 0.447540 0.133641
vt 0.283060 0.468489
vt 0.446743 0.174530
vt 0.107654 0.337490
vt 0.092271 0.197307
vt 0.446741 0.192098
vt 0.669707 0.470439
vt 0.538011 0.068639
vt 0.191595 0.845531
vt 0.144889 0.666478
vt 0.217976 0.877479
vt 0.198298 0.869613
vt 0.459406 0.174531
vt 0.163040 0.099857
vt 0.505328 0.163240
vt 0.505327 0.159684
vt 0.213387 0.825707
vt 0.212253 0.829744
vt 0.226303 0.856475
vt 0.214516 0.821664
vt 0.562099 0.101392
vt 0.868565 0.161999
vt 0.535466 0.882317
vt 0.567813 0.882286
vt 0.567791 0.921662
vt 0.567791 0.928530
vt 0.535458 0.921662
vt 0.873516 0.143800
vt 0.567791 0.914793
vt 0.874287 0.134878
vt 0.535467 0.961007
vt 0.875895 0.180479
vt 0.337099 0.595633
vt 0.569672 0.856991
vt 0.555926 0.861769
vt 0.311054 0.907917
vt 0.328762 0.911040
vt 0.328765 0.979767
vt 0.311057 0.982919
vt 0.360026 0.606903
vt 0.545511 0.864952
vt 0.297766 0.985019
vt 0.534584 0.240831
vt 0.555917 0.733953
vt 0.545501 0.730771
vt 0.206793 0.907856
vt 0.189084 0.910979
vt 0.206791 0.982858
vt 0.220081 0.984958
vt 0.339189 0.825375
vt 0.362953 0.815877
vt 0.189082 0.979707
vt 0.569664 0.738729
vt 0.220084 0.905774
vt 0.321108 0.832074
vt 0.591202 0.797859
vt 0.216111 0.429175
vt 0.145086 0.303635
vt 0.397944 0.699381
vt 0.216269 0.569389
vt 0.397666 0.655868
vt 0.355660 0.976997
vt 0.400476 0.584813
vt 0.399545 0.587493
vt 0.526878 0.087599
vt 0.355658 0.913786
vt 0.407284 0.457006
vt 0.399460 0.591767
vt 0.397652 0.614260
vt 0.145013 0.426374
vt 0.591174 0.852794
vt 0.513343 0.085811
vt 0.518265 0.086995
vt 0.399257 0.590120
vt 0.399319 0.588348
vt 0.355659 0.962072
vt 0.355658 0.931087
vt 0.524567 0.087924
vt 0.521289 0.087693
vt 0.591201 0.791368
vt 0.145067 0.289172
vt 0.583914 0.429752
vt 0.577924 0.428376
vt 0.590409 0.430204
vt 0.593584 0.429712
vt 0.851776 0.094191
vt 0.849466 0.093866
vt 0.855055 0.093959
vt 0.858079 0.093261
vt 0.591186 0.766643
vt 0.144985 0.234072
vt 0.162187 0.976936
vt 0.504304 0.334280
vt 0.162189 0.913725
vt 0.844427 0.092707
vt 0.400410 0.807156
vt 0.568174 0.426039
vt 0.591166 0.742923
vt 0.216574 0.079971
vt 0.162188 0.962012
vt 0.162189 0.931026
vt 0.721069 0.855553
vt 0.123946 0.317864
vt 0.271112 0.392319
vt 0.667701 0.862682
vt 0.123995 0.371461
vt 0.667699 0.889600
vt 0.721064 0.915434
vt 0.708755 0.915433
vt 0.682054 0.915431
vt 0.667696 0.915430
vt 0.721070 0.848418
vt 0.271082 0.356176
vt 0.721072 0.821501
vt 0.271002 0.219759
vt 0.721074 0.795671
vt 0.708765 0.795671
vt 0.667706 0.795667
vt 0.682064 0.795668
vt 0.034960 0.946137
vt 0.035532 0.939680
vt 0.091047 0.948440
vt 0.277733 0.577064
vt 0.070252 0.962247
vt 0.297260 0.587855
vt 0.041325 0.950792
vt 0.049644 0.958234
vt 0.303973 0.587790
vt 0.177544 0.768802
vt 0.173108 0.770894
vt 0.170399 0.769106
vt 0.201307 0.783111
vt 0.732507 0.824556
vt 0.188831 0.782029
vt 0.636990 0.660219
vt 0.204876 0.781940
vt 0.505377 0.142756
vt 0.872972 0.181851
vt 0.505690 0.142108
vt 0.874461 0.181699
vt 0.875200 0.180789
vt 0.506296 0.142173
vt 0.507485 0.142856
vt 0.507016 0.142857
vt 0.459089 0.149379
vt 0.459408 0.150040
vt 0.226380 0.879971
vt 0.135154 0.178941
vt 0.141693 0.178103
vt 0.131185 0.179060
vt 0.538496 0.326135
vt 0.142875 0.178630
vt 0.126498 0.184445
vt 0.123712 0.184452
vt 0.715832 0.467766
vt 0.715078 0.461493
vt 0.219904 0.802338
vt 0.873167 0.113430
vt 0.873224 0.113459
vt 0.874292 0.112721
vt 0.874431 0.112815
vt 0.561251 0.101802
vt 0.087398 0.068123
vt 0.210695 0.779985
vt 0.683602 0.454327
vt 0.690548 0.451999
vt 0.709168 0.458858
vt 0.701185 0.454368
vt 0.699749 0.453702
vt 0.873678 0.112676
vt 0.161103 0.082649
vt 0.875891 0.113813
vt 0.875298 0.113767
vt 0.671393 0.469656
vt 0.468682 0.474679
vt 0.727344 0.444800
vt 0.463490 0.473692
vt 0.243689 0.916065
vt 0.481835 0.485460
vt 0.731569 0.437211
vt 0.474244 0.484589
vt 0.483971 0.484830
vt 0.438681 0.448430
vt 0.252589 0.709392
vt 0.224594 0.711819
vt 0.241234 0.709693
vt 0.221585 0.710477
vt 0.271550 0.695677
vt 0.452598 0.467360
vt 0.317927 0.072102
vt 0.317910 0.076671
vt 0.317766 0.069107
vt 0.505380 0.183724
vt 0.562097 0.078406
vt 0.505332 0.183743
vt 0.505693 0.184373
vt 0.507019 0.183623
vt 0.161112 0.099552
vt 0.506300 0.184308
vt 0.161855 0.100152
vt 0.507488 0.183624
vt 0.447536 0.208180
vt 0.276002 0.074883
vt 0.671032 0.699034
vt 0.459087 0.192443
vt 0.290984 0.060041
vt 0.690242 0.710574
vt 0.314045 0.063209
vt 0.306843 0.058367
vt 0.697307 0.710509
vt 0.169420 0.097390
vt 0.729782 0.690023
vt 0.724609 0.689736
vt 0.732522 0.690032
vt 0.180504 0.073723
vt 0.753757 0.698533
vt 0.172073 0.083203
vt 0.744053 0.698379
vt 0.756701 0.697927
vt 0.132528 0.430826
vt 0.440044 0.724559
vt 0.415606 0.728578
vt 0.431252 0.727486
vt 0.412997 0.728302
vt 0.459000 0.713668
vt 0.126462 0.422802
vt 0.612460 0.797467
vt 0.612458 0.694725
vt 0.618784 0.826996
vt 0.249316 0.068558
vt 0.514440 0.631891
vt 0.531586 0.630655
vt 0.253137 0.075495
vt 0.552460 0.617643
vt 0.559937 0.615503
vt 1.517236 0.095384
vt 1.343157 0.308849
vt 1.346786 0.312402
vt 1.660282 0.095384
vt 1.196105 0.312402
vt 1.657099 0.091831
vt 1.663399 0.082061
vt 1.502851 0.082061
vt 1.512736 0.089993
vt 1.347798 0.308849
vt 1.193821 0.307010
vt 1.661173 0.091831
vt 1.519361 0.138650
vt 1.516652 0.135096
vt 1.517331 0.135096
vt 1.198510 0.355668
vt 1.659249 0.135096
vt 1.659990 0.135096
vt 1.515122 0.138650
vt 1.513942 0.140490
vt 1.194126 0.355668
vt 1.661047 0.140490
vt 1.663317 0.148425
vt 1.503073 0.148425
vt 1.188630 0.095384
vt 1.663858 0.308849
vt 1.667428 0.312402
vt 1.338359 0.095384
vt 0.228567 0.061238
vt 0.226129 0.066926
vt 0.230463 0.058312
vt 0.225503 0.072047
vt 0.511582 0.631598
vt 0.222479 0.073394
vt 0.618725 0.454783
vt 0.743522 0.946820
vt 0.475205 0.059039
vt 0.481939 0.058337
vt 0.626486 0.454904
vt 0.747046 0.974414
vt 0.470728 0.064547
vt 0.781988 0.949121
vt 0.616735 0.455568
vt 0.484075 0.058968
vt 0.470367 0.061068
vt 0.467977 0.059127
vt 0.517009 0.319922
vt 0.514618 0.325858
vt 0.514148 0.328144
vt 0.520121 0.316030
vt 0.511280 0.328446
vt 0.625926 0.660834
vt 0.619028 0.660552
vt 0.631342 0.656275
vt 0.809882 0.839129
vt 0.616707 0.660074
vt 0.631349 0.658080
vt 0.633518 0.660233
vt 0.726079 0.887469
vt 0.141510 0.429494
vt 0.141316 0.431483
vt 0.140435 0.433705
vt 0.139986 0.434411
vt 0.142697 0.428962
vt 0.202316 0.087430
vt 0.178776 0.092622
vt 0.205697 0.089420
vt 0.180844 0.075401
vt 0.175045 0.083161
vt 0.178746 0.086761
vt 0.416985 0.448118
vt 0.419138 0.442719
vt 0.416262 0.451481
vt 0.421964 0.439176
vt 0.413647 0.451752
vt 0.754121 0.437605
vt 0.745493 0.437600
vt 0.280800 0.922692
vt 0.738700 0.443297
vt 0.756645 0.438600
vt 0.240705 0.945953
vt 0.735971 0.437219
vt 0.738706 0.439964
vt 0.637494 0.461579
vt 0.639829 0.460450
vt 0.641575 0.461784
vt 0.635333 0.461584
vt 0.465344 0.059401
vt 1.516823 0.312402
vt 1.334858 0.091831
vt 1.341740 0.082061
vt 1.183904 0.082061
vt 1.186246 0.089993
vt 1.668384 0.308849
vt 1.514382 0.307010
vt 1.339366 0.091831
vt 1.190794 0.138650
vt 1.187519 0.135096
vt 1.188437 0.135096
vt 1.519239 0.355668
vt 1.337092 0.135096
vt 1.337966 0.135096
vt 1.186293 0.138650
vt 1.186311 0.140490
vt 1.515019 0.355668
vt 1.339207 0.140490
vt 1.341559 0.148425
vt 1.183948 0.148425
vt 1.528812 0.498860
vt 1.535464 0.498860
vt 1.541794 0.496805
vt 1.513193 0.468162
vt 1.511127 0.474486
vt 1.511125 0.481146
vt 1.308642 0.480685
vt 1.308622 0.474033
vt 1.310657 0.467697
vt 1.339388 0.496209
vt 1.333071 0.498295
vt 1.326411 0.498317
vt 1.522488 0.496803
vt 1.517897 0.496082
vt 1.824011 0.136273
vt 1.824236 0.139051
vt 1.021588 0.216134
vt 1.020114 0.148425
vt 1.028540 0.433152
vt 1.827520 0.148425
vt 1.342232 0.216134
vt 1.734035 0.433152
vt 1.671215 0.433152
vt 1.663790 0.216134
vt 1.349432 0.433152
vt 1.733953 0.433152
vt 1.831679 0.353427
vt 1.514900 0.495076
vt 1.020470 0.140490
vt 1.513894 0.492072
vt 1.320073 0.496286
vt 1.027329 0.357508
vt 1.827187 0.140490
vt 1.315475 0.495582
vt 1.552827 0.473751
vt 1.552955 0.480389
vt 1.023798 0.115381
vt 1.551032 0.486760
vt 1.516502 0.462792
vt 1.521813 0.458775
vt 1.528107 0.456591
vt 1.534775 0.456461
vt 1.333678 0.456592
vt 1.327039 0.456485
vt 1.315220 0.462243
vt 1.320674 0.458428
vt 1.030454 0.333790
vt 1.348749 0.487560
vt 1.350914 0.481260
vt 1.351023 0.474591
vt 1.833920 0.231401
vt 1.020200 0.082061
vt 1.825843 0.014383
vt 1.827429 0.082061
vt 1.511266 0.231401
vt 1.183265 0.014384
vt 1.190770 0.231401
vt 1.501703 0.014384
vt 1.835232 0.307010
vt 1.020596 0.089993
vt 1.827054 0.089993
vt 1.026950 0.307010
vt 1.551037 0.461686
vt 1.023747 0.095638
vt 1.824173 0.091309
vt 1.339957 0.458754
vt 1.832261 0.308512
vt 1.541158 0.458391
vt 1.349667 0.462414
vt 1.030198 0.313085
vt 1.342059 0.095638
vt 1.500789 0.091309
vt 1.501248 0.081899
vt 1.342365 0.115381
vt 1.500353 0.108844
vt 1.500314 0.103014
vt 1.500329 0.098464
vt 1.500506 0.095638
vt 1.500470 0.136273
vt 1.501144 0.148466
vt 1.500685 0.139051
vt 1.341776 0.139051
vt 1.501653 0.216166
vt 1.734035 0.433120
vt 1.733953 0.433120
vt 1.501610 0.216134
vt 1.500382 0.115381
vt 1.500365 0.122472
vt 1.500320 0.128434
vt 1.500319 0.133190
vt 1.029916 0.308512
vt 1.029502 0.299243
vt 1.191268 0.299243
vt 1.519735 0.641849
vt 1.519737 0.637060
vt 1.519782 0.631057
vt 1.519801 0.623917
vt 1.521035 0.725368
vt 1.747834 0.935619
vt 1.747917 0.935619
vt 1.521078 0.725400
vt 1.520103 0.647751
vt 1.520570 0.657231
vt 1.360090 0.647751
vt 1.519887 0.644953
vt 1.519923 0.604036
vt 1.519743 0.606882
vt 1.519730 0.611464
vt 1.360688 0.623917
vt 1.519775 0.617335
vt 1.520674 0.590202
vt 1.360377 0.604036
vt 1.520210 0.599678
vt 1.039188 0.814753
vt 1.360884 0.954087
vt 1.358960 0.810487
vt 1.532241 0.598352
vt 1.681717 0.600203
vt 1.203954 0.808636
vt 1.351107 0.950402
vt 1.845840 0.599678
vt 1.035994 0.808636
vt 1.848741 0.598352
vt 1.523638 0.732503
vt 1.200491 0.522219
vt 1.200947 0.732503
vt 1.521132 0.522219
vt 1.683961 0.590366
vt 1.522287 0.590366
vt 1.036289 0.590366
vt 1.848506 0.732503
vt 1.849119 0.590366
vt 1.847520 0.522219
vt 1.354312 0.810487
vt 1.536780 0.603781
vt 1.357943 0.814065
vt 1.680822 0.603781
vt 1.677611 0.600203
vt 1.206347 0.814065
vt 1.362249 0.966349
vt 1.362140 0.973064
vt 1.359959 0.979408
vt 1.039450 0.835601
vt 1.331690 0.950073
vt 1.326199 0.953915
vt 1.338100 0.948117
vt 1.344784 0.948225
vt 1.331086 0.988194
vt 1.039300 0.858093
vt 1.534646 0.647347
vt 1.358395 0.859483
vt 1.204176 0.857631
vt 1.681591 0.649199
vt 1.845677 0.644953
vt 1.322407 0.983467
vt 1.848874 0.649199
vt 1.036386 0.859483
vt 1.747917 0.935651
vt 1.360553 0.725368
vt 1.684682 0.935651
vt 1.684356 0.725368
vt 1.747834 0.935651
vt 1.360672 0.935651
vt 1.683877 0.657190
vt 1.522511 0.657190
vt 1.036202 0.657190
vt 1.037683 0.725368
vt 1.849211 0.657190
vt 1.037529 0.935651
vt 1.538921 0.647347
vt 1.356385 0.854052
vt 1.536186 0.643768
vt 1.205423 0.854052
vt 1.208646 0.857631
vt 1.679779 0.643768
vt 1.337467 0.990239
vt 1.344173 0.990217
vt 1.350534 0.988117
vt 1.321604 0.959407
vt 1.319555 0.965787
vt 1.319575 0.972485
vt 1.203542 0.647347
vt 1.681540 0.859483
vt 1.527343 0.857631
vt 1.357505 0.649199
vt 1.359875 0.657190
vt 1.201180 0.657190
vt 1.208071 0.647347
vt 1.679426 0.854052
vt 1.204776 0.643768
vt 1.528534 0.854052
vt 1.531611 0.857631
vt 1.355382 0.643768
vt 1.681774 0.810487
vt 1.203494 0.598352
vt 1.357666 0.600203
vt 1.526788 0.808636
vt 1.360056 0.590365
vt 1.201136 0.590365
vt 1.677218 0.810487
vt 1.205892 0.603781
vt 1.680772 0.814065
vt 1.356652 0.603781
vt 1.353136 0.600203
vt 1.529212 0.814065
vt 1.553703 0.950037
vt 1.846837 0.810148
vt 1.039859 0.604036
vt 1.563650 0.953354
vt 1.036688 0.598352
vt 1.849758 0.808636
vt 1.547276 0.948092
vt 1.540561 0.948223
vt 1.534224 0.950423
vt 1.528876 0.954468
vt 1.563645 0.978602
vt 1.039910 0.623917
vt 1.565582 0.972187
vt 1.565453 0.965503
vt 1.846244 0.855374
vt 1.526249 0.983951
vt 1.534903 0.988715
vt 1.039522 0.647751
vt 1.849365 0.859483
vt 1.036559 0.649199
vt 1.523462 0.972949
vt 1.523463 0.966243
vt 1.525544 0.959875
vt 1.554343 0.988717
vt 1.547969 0.990786
vt 1.541271 0.990786
vn 1.000000 0.000000 0.000000
vn 1.000000 0.000000 0.000000
vn 1.000000 0.000002 0.000002
vn 1.000000 0.000000 0.000000
vn 1.000000 0.000058 0.000014
vn 1.000000 0.000058 0.000029
vn 1.000000 -0.000066 0.000025
vn 1.000000 0.000049 0.000044
vn 1.000000 0.000006 0.000000
vn 1.000000 -0.000006 0.000000
vn 1.000000 0.000002 0.000000
vn 1.000000 0.000002 0.000000
vn -1.000000 -0.000050 0.000024
vn -1.000000 -0.000049 0.000036
vn -1.000000 -0.000008 -0.000001
vn -1.000000 -0.000024 0.000049
vn -1.000000 0.000000 0.000058
vn -1.000000 -0.000091 0.000064
vn -1.000000 0.000059 -0.000002
vn -1.000000 -0.000105 -0.000025
vn -1.000000 -0.000051 -0.000050
vn -1.000000 -0.000075 -0.000036
vn -1.000000 -0.000055 -0.000023
vn -1.000000 -0.000055 0.000001
vn 0.000000 0.938615 -0.344967
vn 0.000000 0.938615 -0.344967
vn 0.000000 0.999946 -0.010399
vn 0.000000 0.999946 -0.010399
vn 0.000000 0.802868 -0.596156
vn 0.000000 0.802868 -0.596156
vn 0.000000 0.579389 -0.815051
vn 0.000000 0.579389 -0.815051
vn 0.000000 0.254041 -0.967193
vn 0.000000 0.254041 -0.967193
vn 0.000000 -0.057610 -0.998339
vn 0.000000 -0.057603 -0.998340
vn 0.000000 0.060172 0.998188
vn 0.000000 0.060171 0.998188
vn 0.000000 0.362467 0.931996
vn 0.000000 0.362473 0.931994
vn 0.000000 0.596160 0.802866
vn 0.000000 0.596160 0.802866
vn 0.000000 0.815053 0.579386
vn 0.000000 0.815053 0.579386
vn 0.000000 0.945569 0.325421
vn 0.000000 0.945569 0.325421
vn 0.000000 0.938616 -0.344965
vn 0.000000 0.938616 -0.344965
vn 0.000000 0.999946 -0.010402
vn 0.000000 0.999946 -0.010402
vn 0.000000 0.802871 -0.596153
vn 0.000000 0.802871 -0.596153
vn 0.000000 0.579393 -0.815049
vn 0.000000 0.579393 -0.815049
vn 0.000000 0.254006 -0.967203
vn 0.000000 0.254013 -0.967201
vn 0.000000 -0.057616 -0.998339
vn 0.000000 -0.057612 -0.998339
vn 0.000000 0.060154 0.998189
vn 0.000000 0.060167 0.998188
vn 0.000000 0.362466 0.931997
vn 0.000000 0.362464 0.931998
vn 0.000000 0.596155 0.802869
vn 0.000000 0.596155 0.802869
vn 0.000000 0.815052 0.579388
vn 0.000000 0.815052 0.579388
vn 0.000000 0.945570 0.325419
vn 0.000000 0.945570 0.325419
vn 0.000000 0.938615 -0.344967
vn 0.000000 0.938615 -0.344967
vn 0.000000 0.999946 -0.010405
vn 0.000000 0.999946 -0.010405
vn 0.000000 0.802877 -0.596145
vn 0.000000 0.802877 -0.596145
vn 0.000000 0.579390 -0.815050
vn 0.000000 0.579390 -0.815050
vn 0.000000 0.254041 -0.967193
vn 0.000000 0.254041 -0.967193
vn 0.000020 -0.057601 -0.998340
vn 0.000020 -0.057608 -0.998339
vn 0.000000 0.060137 0.998190
vn 0.000000 0.060137 0.998190
vn 0.000000 0.362465 0.931997
vn 0.000000 0.362465 0.931997
vn 0.000000 0.596155 0.802869
vn 0.000000 0.596155 0.802869
vn 0.000000 0.815048 0.579393
vn 0.000000 0.815048 0.579393
vn 0.000000 0.945570 0.325420
vn 0.000000 0.945570 0.325420
vn 0.000000 0.938614 -0.344970
vn 0.000000 0.938614 -0.344970
vn 0.000000 0.999946 -0.010400
vn 0.000000 0.999946 -0.010400
vn 0.000000 0.802872 -0.596152
vn 0.000000 0.802872 -0.596152
vn 0.000000 0.579389 -0.815051
vn 0.000000 0.579389 -0.815051
vn 0.000000 0.254040 -0.967194
vn 0.000000 0.254040 -0.967194
vn 0.000000 -0.057587 -0.998341
vn 0.000000 -0.057599 -0.998340
vn 0.000000 0.060134 0.998190
vn 0.000000 0.060134 0.998190
vn 0.000000 0.362457 0.932001
vn 0.000000 0.362457 0.932001
vn 0.000000 0.596149 0.802874
vn 0.000000 0.596149 0.802874
vn 0.000000 0.815050 0.579390
vn 0.000000 0.815050 0.579390
vn 0.000000 0.945571 0.325416
vn 0.000000 0.945571 0.325416
vn 0.000000 0.886257 -0.463193
vn 0.000000 0.802888 -0.596130
vn 0.000000 0.802888 -0.596130
vn 0.000000 0.886257 -0.463193
vn 0.000000 0.579373 -0.815063
vn 0.000000 0.579373 -0.815063
vn 0.000000 0.258297 -0.966065
vn 0.000000 0.258303 -0.966064
vn 0.000000 -0.053195 -0.998584
vn 0.000000 -0.053191 -0.998584
vn 0.000001 0.055419 0.998463
vn 0.000000 0.358490 0.933534
vn 0.000000 0.358484 0.933536
vn 0.000001 0.055422 0.998463
vn 0.000000 0.596140 0.802880
vn 0.000000 0.596140 0.802880
vn 0.000000 0.815076 0.579354
vn 0.000000 0.815076 0.579354
vn 0.000000 0.895676 0.444708
vn 0.000000 0.895676 0.444708
vn 0.000000 0.999937 0.011187
vn 0.000000 0.999937 0.011187
vn 0.000000 0.999937 0.011187
vn 0.000000 0.999937 0.011187
vn 0.000000 0.999935 0.011379
vn 0.000000 0.999935 0.011379
vn 0.000000 0.999935 0.011379
vn 0.000000 0.999935 0.011379
vn 0.000000 0.915773 -0.401696
vn 0.000000 0.802888 -0.596130
vn 0.000000 0.802888 -0.596130
vn 0.000000 0.915773 -0.401696
vn 0.000000 0.579372 -0.815064
vn 0.000000 0.579372 -0.815064
vn 0.000000 0.258305 -0.966063
vn 0.000000 0.258303 -0.966064
vn -0.000000 -0.053191 -0.998584
vn -0.000000 -0.053191 -0.998584
vn -0.000000 0.055424 0.998463
vn -0.000000 0.358495 0.933532
vn -0.000000 0.358495 0.933532
vn -0.000000 0.055435 0.998462
vn 0.000000 0.596142 0.802879
vn 0.000000 0.596142 0.802879
vn 0.000000 0.815074 0.579356
vn 0.000000 0.815074 0.579356
vn 0.000000 0.923912 0.382606
vn 0.000000 0.923912 0.382606
vn 0.000000 0.999946 -0.010370
vn 0.000000 0.999946 -0.010370
vn 0.000000 0.886257 -0.463194
vn 0.000000 0.802887 -0.596132
vn 0.000000 0.802887 -0.596132
vn 0.000000 0.886257 -0.463194
vn 0.000000 0.579373 -0.815063
vn 0.000000 0.579373 -0.815063
vn 0.000000 0.258304 -0.966064
vn 0.000000 0.258310 -0.966062
vn 0.000000 -0.053199 -0.998584
vn 0.000000 -0.053187 -0.998585
vn 0.000001 0.055414 0.998464
vn 0.000000 0.358488 0.933535
vn 0.000000 0.358484 0.933536
vn 0.000001 0.055431 0.998463
vn 0.000000 0.596140 0.802880
vn 0.000000 0.596140 0.802880
vn 0.000000 0.815077 0.579353
vn 0.000000 0.815077 0.579353
vn 0.000000 0.895676 0.444708
vn 0.000000 0.895676 0.444708
vn 0.000000 0.999937 0.011218
vn 0.000000 0.999937 0.011218
vn 0.000000 0.999937 0.011218
vn 0.000000 0.999937 0.011218
vn 0.000000 0.999936 0.011356
vn 0.000000 0.999936 0.011356
vn 0.000000 0.999936 0.011356
vn 0.000000 0.999936 0.011356
vn 0.000000 0.915772 -0.401698
vn 0.000000 0.802888 -0.596130
vn 0.000000 0.802888 -0.596130
vn 0.000000 0.915772 -0.401698
vn 0.000000 0.579373 -0.815063
vn 0.000000 0.579373 -0.815063
vn 0.000000 0.258302 -0.966064
vn 0.000000 0.258302 -0.966064
vn 0.000000 -0.053191 -0.998584
vn 0.000000 -0.053191 -0.998584
vn 0.000000 0.055423 0.998463
vn 0.000000 0.358499 0.933530
vn 0.000000 0.358495 0.933532
vn 0.000000 0.055423 0.998463
vn 0.000000 0.596142 0.802879
vn 0.000000 0.596142 0.802879
vn 0.000000 0.815077 0.579353
vn 0.000000 0.815077 0.579353
vn 0.000000 0.923911 0.382608
vn 0.000000 0.923911 0.382608
vn 0.000000 0.999946 -0.010364
vn 0.000000 0.999946 -0.010364
vn 0.000000 0.886258 -0.463192
vn 0.000000 0.802890 -0.596128
vn 0.000000 0.802890 -0.596128
vn 0.000000 0.886258 -0.463192
vn 0.000000 0.579371 -0.815064
vn 0.000000 0.579371 -0.815064
vn 0.000000 0.258311 -0.966062
vn 0.000000 0.258303 -0.966064
vn 0.000000 -0.053192 -0.998584
vn 0.000000 -0.053183 -0.998585
vn 0.000000 0.055423 0.998463
vn 0.000000 0.358483 0.933536
vn 0.000000 0.358490 0.933533
vn 0.000000 0.055418 0.998463
vn 0.000000 0.596142 0.802879
vn 0.000000 0.596142 0.802879
vn 0.000000 0.815077 0.579352
vn 0.000000 0.815077 0.579352
vn 0.000000 0.895676 0.444707
vn 0.000000 0.895676 0.444707
vn 0.000000 0.999937 0.011214
vn 0.000000 0.999937 0.011214
vn 0.000000 0.999937 0.011214
vn 0.000000 0.999937 0.011214
vn 0.000000 0.999936 0.011351
vn 0.000000 0.999936 0.011351
vn 0.000000 0.999936 0.011351
vn 0.000000 0.999936 0.011351
vn 1.000000 -0.000028 0.000000
vn 1.000000 -0.000028 0.000000
vn 1.000000 -0.000028 0.000000
vn 1.000000 -0.000028 0.000000
vn -1.000000 -0.000020 0.000000
vn -1.000000 -0.000020 0.000000
vn -1.000000 -0.000020 0.000000
vn -1.000000 -0.000020 0.000000
vn -1.000000 0.000007 0.000000
vn -1.000000 0.000007 0.000000
vn -1.000000 0.000007 0.000000
vn -1.000000 0.000007 0.000000
vn 1.000000 0.000033 0.000000
vn 1.000000 0.000033 0.000000
vn 1.000000 0.000033 0.000000
vn 1.000000 0.000033 0.000000
vn -1.000000 -0.000007 0.000000
vn -1.000000 -0.000007 0.000000
vn -1.000000 -0.000007 0.000000
vn -1.000000 -0.000007 0.000000
vn 1.000000 0.000027 0.000000
vn 1.000000 0.000027 0.000000
vn 1.000000 0.000027 0.000000
vn 1.000000 0.000027 0.000000
vn -1.000000 0.000000 0.000000
vn -1.000000 0.000000 0.000000
vn -1.000000 0.000000 0.000000
vn -1.000000 0.000000 0.000000
vn 1.000000 -0.000027 0.000000
vn 1.000000 -0.000027 0.000000
vn 1.000000 -0.000027 0.000000
vn 1.000000 -0.000027 0.000000
vn -1.000000 0.000000 0.000000
vn -1.000000 0.000000 0.000000
vn -1.000000 0.000000 0.000000
vn -1.000000 0.000000 0.000000
vn 1.000000 -0.000010 -0.000066
vn 1.000000 -0.000025 -0.000066
vn 1.000000 -0.000025 -0.000066
vn 1.000000 -0.000009 -0.000066
vn -1.000000 0.000055 0.000072
vn -1.000000 0.000028 0.000000
vn -1.000000 0.000028 0.000000
vn -1.000000 0.000054 0.000069
vn 1.000000 0.000141 0.000168
vn 1.000000 0.000039 0.000275
vn 1.000000 0.000043 0.000271
vn 1.000000 0.000141 0.000168
vn -1.000000 0.000013 0.000000
vn -1.000000 0.000013 0.000000
vn -1.000000 0.000013 0.000000
vn -1.000000 0.000013 0.000000
vn 1.000000 0.000013 0.000000
vn 1.000000 0.000013 0.000000
vn 1.000000 0.000013 0.000000
vn 1.000000 0.000013 0.000000
vn -1.000000 0.000013 0.000000
vn -1.000000 0.000013 0.000000
vn -1.000000 0.000013 0.000000
vn -1.000000 0.000013 0.000000
vn 1.000000 -0.000013 0.000000
vn 1.000000 -0.000013 0.000000
vn 1.000000 -0.000013 0.000000
vn 1.000000 -0.000013 0.000000
vn -1.000000 -0.000013 0.000000
vn -1.000000 -0.000013 0.000000
vn -1.000000 -0.000013 0.000000
vn -1.000000 -0.000013 0.000000
vn 1.000000 -0.000017 0.000000
vn 1.000000 -0.000017 0.000000
vn 1.000000 -0.000017 0.000000
vn 1.000000 -0.000017 0.000000
vn -1.000000 0.000022 0.000000
vn -1.000000 0.000022 0.000000
vn -1.000000 0.000022 0.000000
vn -1.000000 0.000022 0.000000
vn 1.000000 0.000024 0.000000
vn 1.000000 0.000024 0.000000
vn 1.000000 0.000024 0.000000
vn 1.000000 0.000024 0.000000
vn 1.000000 -0.000011 0.000000
vn 1.000000 -0.000011 0.000000
vn 1.000000 -0.000011 0.000000
vn 1.000000 -0.000011 0.000000
vn -1.000000 -0.000058 0.000000
vn -1.000000 -0.000058 0.000000
vn -1.000000 -0.000058 0.000000
vn -1.000000 -0.000058 0.000000
vn -1.000000 0.000007 0.000000
vn -1.000000 0.000007 0.000000
vn -1.000000 0.000007 0.000000
vn -1.000000 0.000007 0.000000
vn 1.000000 0.000000 0.000000
vn 1.000000 0.000000 0.000000
vn 1.000000 0.000000 0.000000
vn 1.000000 0.000000 0.000000
vn -1.000000 -0.000013 0.000000
vn -1.000000 -0.000013 0.000000
vn -1.000000 -0.000013 0.000000
vn -1.000000 -0.000013 0.000000
vn 1.000000 0.000013 0.000000
vn 1.000000 0.000013 0.000000
vn 1.000000 0.000013 0.000000
vn 1.000000 0.000013 0.000000
vn -1.000000 -0.000013 0.000000
vn -1.000000 -0.000013 0.000000
vn -1.000000 -0.000013 0.000000
vn -1.000000 -0.000013 0.000000
vn 1.000000 -0.000013 0.000000
vn 1.000000 -0.000013 0.000000
vn 1.000000 -0.000013 0.000000
vn 1.000000 -0.000013 0.000000
vn -1.000000 -0.000113 0.000238
vn -1.000000 -0.000002 0.000296
vn -1.000000 0.000002 0.000298
vn -1.000000 -0.000113 0.000238
vn 1.000000 0.000078 0.000224
vn 1.000000 -0.000063 0.000119
vn 1.000000 -0.000063 0.000119
vn 1.000000 0.000083 0.000228
vn -1.000000 -0.000019 0.000318
vn -1.000000 0.000070 0.000056
vn -1.000000 0.000070 0.000056
vn -1.000000 -0.000016 0.000308
vn 1.000000 -0.000028 0.000131
vn 1.000000 0.000081 0.000008
vn 1.000000 0.000077 0.000012
vn 1.000000 -0.000028 0.000131
vn -1.000000 0.000000 0.000000
vn -1.000000 0.000000 0.000000
vn -1.000000 0.000000 0.000000
vn -1.000000 0.000000 0.000000
vn 1.000000 0.000000 0.000000
vn 1.000000 0.000000 0.000000
vn 1.000000 0.000000 0.000000
vn 1.000000 0.000000 0.000000
vn -1.000000 0.000000 0.000000
vn -1.000000 0.000000 0.000000
vn -1.000000 0.000000 0.000000
vn -1.000000 0.000000 0.000000
vn 1.000000 0.000000 0.000000
vn 1.000000 0.000000 0.000000
vn 1.000000 0.000000 0.000000
vn 1.000000 0.000000 0.000000
vn -1.000000 0.000040 0.000000
vn -1.000000 0.000040 0.000000
vn -1.000000 0.000040 0.000000
vn -1.000000 0.000040 0.000000
vn 1.000000 0.000020 0.000000
vn 1.000000 0.000020 0.000000
vn 1.000000 0.000020 0.000000
vn 1.000000 0.000020 0.000000
vn -1.000000 -0.000028 0.000000
vn -1.000000 -0.000028 0.000000
vn -1.000000 -0.000028 0.000000
vn -1.000000 -0.000028 0.000000
vn 1.000000 0.000045 0.000000
vn 1.000000 0.000045 0.000000
vn 1.000000 0.000045 0.000000
vn 1.000000 0.000045 0.000000
vn 1.000000 0.000006 0.000000
vn 1.000000 0.000006 0.000000
vn 1.000000 0.000006 0.000000
vn 1.000000 0.000006 0.000000
vn -1.000000 0.000019 0.000000
vn -1.000000 0.000019 0.000000
vn -1.000000 0.000019 0.000000
vn -1.000000 0.000019 0.000000
vn -1.000000 0.000007 0.000000
vn -1.000000 0.000007 0.000000
vn -1.000000 0.000007 0.000000
vn -1.000000 0.000007 0.000000
vn 1.000000 -0.000027 0.000000
vn 1.000000 -0.000027 0.000000
vn 1.000000 -0.000027 0.000000
vn 1.000000 -0.000027 0.000000
vn -1.000000 0.000013 0.000000
vn -1.000000 0.000013 0.000000
vn -1.000000 0.000013 0.000000
vn -1.000000 0.000013 0.000000
vn 1.000000 -0.000027 0.000000
vn 1.000000 -0.000027 0.000000
vn 1.000000 -0.000027 0.000000
vn 1.000000 -0.000027 0.000000
vn -1.000000 -0.000013 0.000000
vn -1.000000 -0.000013 0.000000
vn -1.000000 -0.000013 0.000000
vn -1.000000 -0.000013 0.000000
vn 1.000000 0.000000 0.000000
vn 1.000000 0.000000 0.000000
vn 1.000000 0.000000 0.000000
vn 1.000000 0.000000 0.000000
vn -1.000000 -0.000025 -0.000132
vn -1.000000 -0.000032 -0.000186
vn -1.000000 -0.000032 -0.000188
vn -1.000000 -0.000025 -0.000132
vn 1.000000 0.000006 0.000000
vn 1.000000 0.000000 0.000000
vn 1.000000 0.000000 0.000000
vn 1.000000 0.000007 0.000000
vn -1.000000 -0.000045 0.000062
vn -1.000000 -0.000028 0.000000
vn -1.000000 -0.000028 0.000000
vn -1.000000 -0.000044 0.000059
vn 1.000000 0.000000 0.000000
vn 1.000000 -0.000007 0.000000
vn 1.000000 -0.000007 0.000000
vn 1.000000 0.000000 0.000000
vn -1.000000 0.000000 0.000000
vn -1.000000 0.000000 0.000000
vn -1.000000 0.000000 0.000000
vn -1.000000 0.000000 0.000000
vn 1.000000 0.000000 0.000000
vn 1.000000 0.000000 0.000000
vn 1.000000 0.000000 0.000000
vn 1.000000 0.000000 0.000000
vn -1.000000 -0.000013 0.000000
vn -1.000000 -0.000013 0.000000
vn -1.000000 -0.000013 0.000000
vn -1.000000 -0.000013 0.000000
vn 1.000000 -0.000013 0.000000
vn 1.000000 -0.000013 0.000000
vn 1.000000 -0.000013 0.000000
vn 1.000000 -0.000013 0.000000
vn -1.000000 0.000040 0.000000
vn -1.000000 0.000040 0.000000
vn -1.000000 0.000040 0.000000
vn -1.000000 0.000040 0.000000
vn 1.000000 -0.000047 0.000000
vn 1.000000 -0.000047 0.000000
vn 1.000000 -0.000047 0.000000
vn 1.000000 -0.000047 0.000000
vn -1.000000 0.000011 0.000000
vn -1.000000 0.000011 0.000000
vn -1.000000 0.000011 0.000000
vn -1.000000 0.000011 0.000000
vn 1.000000 0.000007 0.000000
vn 1.000000 0.000007 0.000000
vn 1.000000 0.000007 0.000000
vn 1.000000 0.000007 0.000000
vn 1.000000 0.000028 0.000000
vn 1.000000 0.000028 0.000000
vn 1.000000 0.000028 0.000000
vn 1.000000 0.000028 0.000000
vn -1.000000 0.000012 0.000000
vn -1.000000 0.000012 0.000000
vn -1.000000 0.000012 0.000000
vn -1.000000 0.000012 0.000000
vn -1.000000 0.000013 0.000000
vn -1.000000 0.000013 0.000000
vn -1.000000 0.000013 0.000000
vn -1.000000 0.000013 0.000000
vn 1.000000 -0.000040 0.000000
vn 1.000000 -0.000040 0.000000
vn 1.000000 -0.000040 0.000000
vn 1.000000 -0.000040 0.000000
vn -1.000000 -0.000027 0.000000
vn -1.000000 -0.000027 0.000000
vn -1.000000 -0.000027 0.000000
vn -1.000000 -0.000027 0.000000
vn 1.000000 -0.000013 0.000000
vn 1.000000 -0.000013 0.000000
vn 1.000000 -0.000013 0.000000
vn 1.000000 -0.000013 0.000000
vn -1.000000 0.000000 0.000000
vn -1.000000 0.000000 0.000000
vn -1.000000 0.000000 0.000000
vn -1.000000 0.000000 0.000000
vn 1.000000 0.000027 0.000000
vn 1.000000 0.000027 0.000000
vn 1.000000 0.000027 0.000000
vn 1.000000 0.000027 0.000000
vn -1.000000 0.000000 0.000000
vn -1.000000 0.000006 -0.000063
vn -1.000000 0.000007 -0.000066
vn -1.000000 0.000000 0.000000
vn 1.000000 -0.000007 -0.000199
vn 1.000000 -0.000050 -0.000198
vn 1.000000 -0.000050 -0.000198
vn 1.000000 -0.000006 -0.000199
vn -1.000000 -0.000004 -0.000131
vn -1.000000 0.000028 -0.000131
vn -1.000000 0.000028 -0.000131
vn -1.000000 -0.000003 -0.000131
vn 1.000000 0.000000 0.000000
vn 1.000000 0.000014 0.000000
vn 1.000000 0.000013 0.000000
vn 1.000000 0.000000 0.000000
vn -1.000000 0.000027 0.000000
vn -1.000000 0.000027 0.000000
vn -1.000000 0.000027 0.000000
vn -1.000000 0.000027 0.000000
vn 1.000000 -0.000013 0.000000
vn 1.000000 -0.000013 0.000000
vn 1.000000 -0.000013 0.000000
vn 1.000000 -0.000013 0.000000
vn -1.000000 0.000040 0.000000
vn -1.000000 0.000040 0.000000
vn -1.000000 0.000040 0.000000
vn -1.000000 0.000040 0.000000
vn 1.000000 0.000000 0.000000
vn 1.000000 0.000000 0.000000
vn 1.000000 0.000000 0.000000
vn 1.000000 0.000000 0.000000
vn -1.000000 -0.000053 0.000000
vn -1.000000 -0.000053 0.000000
vn -1.000000 -0.000053 0.000000
vn -1.000000 -0.000053 0.000000
vn 1.000000 0.000000 0.000000
vn 1.000000 0.000000 0.000000
vn 1.000000 0.000000 0.000000
vn 1.000000 0.000000 0.000000
vn -1.000000 0.000033 0.000000
vn -1.000000 0.000033 0.000000
vn -1.000000 0.000033 0.000000
vn -1.000000 0.000033 0.000000
vn 1.000000 -0.000004 0.000000
vn 1.000000 -0.000004 0.000000
vn 1.000000 -0.000004 0.000000
vn 1.000000 -0.000004 0.000000
vn 1.000000 -0.000000 0.000000
vn 1.000000 -0.000000 0.000000
vn 1.000000 -0.000000 0.000000
vn 1.000000 -0.000000 0.000000
vn 0.000000 -0.010353 -0.999946
vn 0.000000 -0.010353 -0.999946
vn 0.000000 -0.010353 -0.999946
vn 0.000000 -0.010353 -0.999946
vn -1.000000 -0.000008 0.000000
vn -1.000000 -0.000008 0.000000
vn -1.000000 -0.000008 0.000000
vn -1.000000 -0.000008 0.000000
vn 1.000000 0.000006 0.000000
vn 1.000000 0.000006 0.000000
vn 1.000000 0.000006 0.000000
vn 1.000000 0.000006 0.000000
vn 0.000000 -0.010352 -0.999946
vn 0.000000 -0.010352 -0.999946
vn 0.000000 -0.010352 -0.999946
vn 0.000000 -0.010352 -0.999946
vn -1.000000 -0.000002 0.000000
vn -1.000000 -0.000002 0.000000
vn -1.000000 -0.000002 0.000000
vn -1.000000 -0.000002 0.000000
vn 1.000000 -0.000004 0.000000
vn 1.000000 -0.000004 0.000000
vn 1.000000 -0.000004 0.000000
vn 1.000000 -0.000004 0.000000
vn 0.000000 -0.010353 -0.999946
vn 0.000000 -0.010353 -0.999946
vn 0.000000 -0.010353 -0.999946
vn 0.000000 -0.010353 -0.999946
vn -1.000000 -0.000003 0.000000
vn -1.000000 -0.000003 0.000000
vn -1.000000 -0.000003 0.000000
vn -1.000000 -0.000003 0.000000
vn 1.000000 -0.000000 0.000000
vn 1.000000 -0.000000 0.000000
vn 1.000000 -0.000000 0.000000
vn 1.000000 -0.000000 0.000000
vn 0.000000 -0.010376 -0.999946
vn 0.000000 -0.010376 -0.999946
vn 0.000000 -0.010376 -0.999946
vn 0.000000 -0.010376 -0.999946
vn 0.000000 -0.010376 -0.999946
vn 0.000000 -0.010376 -0.999946
vn 0.000000 -0.010376 -0.999946
vn 0.000000 -0.010376 -0.999946
vn 0.000000 -0.010376 -0.999946
vn 0.000000 -0.010376 -0.999946
vn 0.000000 -0.010376 -0.999946
vn 0.000000 -0.010376 -0.999946
vn -1.000000 -0.000002 0.000000
vn -1.000000 -0.000002 0.000000
vn -1.000000 -0.000002 0.000000
vn -1.000000 -0.000002 0.000000
vn 0.000000 -0.999894 -0.014583
vn 0.000000 -0.999894 -0.014583
vn 0.000000 -0.999894 -0.014583
vn 0.000000 -0.999894 -0.014583
vn 0.000000 -0.010376 -0.999946
vn 0.000000 -0.010376 -0.999946
vn 0.000000 -0.010376 -0.999946
vn 0.000000 -0.010376 -0.999946
vn 0.000000 0.999935 0.011389
vn 0.000000 0.999935 0.011389
vn 0.000000 0.999935 0.011389
vn 0.000000 0.999935 0.011389
vn 0.000000 -0.999894 -0.014584
vn 0.000000 -0.999894 -0.014584
vn 0.000000 -0.999894 -0.014584
vn 0.000000 -0.999894 -0.014584
vn 0.000000 -0.010376 -0.999946
vn 0.000000 -0.010376 -0.999946
vn 0.000000 -0.010376 -0.999946
vn 0.000000 -0.010376 -0.999946
vn 0.000000 0.999935 0.011390
vn 0.000000 0.999935 0.011390
vn 0.000000 0.999935 0.011390
vn 0.000000 0.999935 0.011390
vn 1.000000 0.000007 0.000000
vn 1.000000 0.000007 0.000000
vn 1.000000 0.000007 0.000000
vn 1.000000 0.000007 0.000000
vn -1.000000 -0.000002 0.000000
vn -1.000000 -0.000002 0.000000
vn -1.000000 -0.000002 0.000000
vn -1.000000 -0.000002 0.000000
vn 0.000000 0.010370 0.999946
vn 0.000000 0.010370 0.999946
vn 0.000000 0.010370 0.999946
vn 0.000000 0.010370 0.999946
vn 1.000000 0.000008 0.000000
vn 1.000000 0.000008 0.000000
vn 1.000000 0.000008 0.000000
vn 1.000000 0.000008 0.000000
vn -1.000000 -0.000013 0.000000
vn -1.000000 -0.000013 0.000000
vn -1.000000 -0.000013 0.000000
vn -1.000000 -0.000013 0.000000
vn 0.000000 0.010370 0.999946
vn 0.000000 0.010370 0.999946
vn 0.000000 0.010370 0.999946
vn 0.000000 0.010370 0.999946
vn 1.000000 0.000007 0.000000
vn 1.000000 0.000007 0.000000
vn 1.000000 0.000007 0.000000
vn 1.000000 0.000007 0.000000
vn -1.000000 0.000018 0.000000
vn -1.000000 0.000018 0.000000
vn -1.000000 0.000018 0.000000
vn -1.000000 0.000018 0.000000
vn 0.000000 0.010370 0.999946
vn 0.000000 0.010370 0.999946
vn 0.000000 0.010370 0.999946
vn 0.000000 0.010370 0.999946
vn 1.000000 -0.000001 0.000000
vn 1.000000 -0.000001 0.000000
vn 1.000000 -0.000001 0.000000
vn 1.000000 -0.000001 0.000000
vn 0.000000 0.010373 0.999946
vn 0.000000 0.010373 0.999946
vn 0.000000 0.010373 0.999946
vn 0.000000 0.010373 0.999946
vn 0.000000 0.010373 0.999946
vn 0.000000 0.010373 0.999946
vn 0.000000 0.010373 0.999946
vn 0.000000 0.010373 0.999946
vn -1.000000 -0.000001 0.000000
vn -1.000000 -0.000001 0.000000
vn -1.000000 -0.000001 0.000000
vn -1.000000 -0.000001 0.000000
vn 0.000000 0.010373 0.999946
vn 0.000000 0.010373 0.999946
vn 0.000000 0.010373 0.999946
vn 0.000000 0.010373 0.999946
vn 0.000000 -0.999892 -0.014687
vn 0.000000 -0.999892 -0.014687
vn 0.000000 -0.999892 -0.014687
vn 0.000000 -0.999892 -0.014687
vn 0.000000 0.999938 0.011177
vn 0.000000 0.999938 0.011177
vn 0.000000 0.999938 0.011177
vn 0.000000 0.999938 0.011177
vn 0.000000 0.010373 0.999946
vn 0.000000 0.010373 0.999946
vn 0.000000 0.010373 0.999946
vn 0.000000 0.010373 0.999946
vn 0.000000 0.999938 0.011176
vn 0.000000 0.999938 0.011176
vn 0.000000 0.999938 0.011176
vn 0.000000 0.999938 0.011176
vn 0.000000 -0.999892 -0.014686
vn 0.000000 -0.999892 -0.014686
vn 0.000000 -0.999892 -0.014686
vn 0.000000 -0.999892 -0.014686
vn 0.000000 0.010373 0.999946
vn 0.000000 0.010373 0.999946
vn 0.000000 0.010373 0.999946
vn 0.000000 0.010373 0.999946
vn 1.000000 -0.000029 0.000000
vn 1.000000 -0.000029 0.000000
vn 1.000000 -0.000029 0.000000
vn 1.000000 -0.000029 0.000000
vn 0.000000 0.801038 -0.598613
vn 0.000000 0.801038 -0.598613
vn 0.000000 0.801038 -0.598613
vn 0.000000 0.801038 -0.598613
vn -1.000000 0.000059 0.000000
vn -1.000000 0.000059 0.000000
vn -1.000000 0.000059 0.000000
vn -1.000000 0.000059 0.000000
vn 1.000000 -0.000008 0.000000
vn 1.000000 -0.000008 0.000000
vn 1.000000 -0.000008 0.000000
vn 1.000000 -0.000008 0.000000
vn 0.000000 0.801044 -0.598605
vn 0.000000 0.801044 -0.598605
vn 0.000000 0.801044 -0.598605
vn 0.000000 0.801044 -0.598605
vn -1.000000 -0.000059 0.000000
vn -1.000000 -0.000059 0.000000
vn -1.000000 -0.000059 0.000000
vn -1.000000 -0.000059 0.000000
vn 1.000000 -0.000076 0.000000
vn 1.000000 -0.000076 0.000000
vn 1.000000 -0.000076 0.000000
vn 1.000000 -0.000076 0.000000
vn 0.000000 0.801038 -0.598614
vn 0.000000 0.801038 -0.598614
vn 0.000000 0.801038 -0.598614
vn 0.000000 0.801038 -0.598614
vn -1.000000 0.000059 0.000000
vn -1.000000 0.000059 0.000000
vn -1.000000 0.000059 0.000000
vn -1.000000 0.000059 0.000000
vn 1.000000 -0.000030 0.000000
vn 1.000000 -0.000030 0.000000
vn 1.000000 -0.000030 0.000000
vn 1.000000 -0.000030 0.000000
vn -1.000000 -0.000048 0.000000
vn -1.000000 -0.000048 0.000000
vn -1.000000 -0.000048 0.000000
vn -1.000000 -0.000048 0.000000
vn 0.000000 0.813281 0.581871
vn 0.000000 0.813281 0.581871
vn 0.000000 0.813281 0.581871
vn 0.000000 0.813281 0.581871
vn 1.000000 -0.000059 0.000000
vn 1.000000 -0.000059 0.000000
vn 1.000000 -0.000059 0.000000
vn 1.000000 -0.000059 0.000000
vn -1.000000 0.000006 0.000000
vn -1.000000 0.000006 0.000000
vn -1.000000 0.000006 0.000000
vn -1.000000 0.000006 0.000000
vn 0.000000 0.813280 0.581873
vn 0.000000 0.813280 0.581873
vn 0.000000 0.813280 0.581873
vn 0.000000 0.813280 0.581873
vn 1.000000 0.000000 0.000000
vn 1.000000 0.000000 0.000000
vn 1.000000 0.000000 0.000000
vn 1.000000 0.000000 0.000000
vn -1.000000 -0.000010 0.000000
vn -1.000000 -0.000010 0.000000
vn -1.000000 -0.000010 0.000000
vn -1.000000 -0.000010 0.000000
vn 0.000000 0.813280 0.581872
vn 0.000000 0.813280 0.581872
vn 0.000000 0.813280 0.581872
vn 0.000000 0.813280 0.581872
vn 1.000000 0.000025 0.000017
vn 1.000000 -0.000049 0.000001
vn 1.000000 -0.000029 -0.000036
vn 1.000000 -0.000110 0.000071
vn 1.000000 0.000081 -0.000009
vn 1.000000 -0.000037 -0.000028
vn 1.000000 0.000031 0.000039
vn 1.000000 0.000022 -0.000027
vn 1.000000 -0.000008 -0.000123
vn -1.000000 0.000084 -0.000048
vn -1.000000 0.000006 0.000000
vn -1.000000 0.000028 0.000048
vn -1.000000 -0.000019 -0.000000
vn -1.000000 0.000022 -0.000088
vn -1.000000 -0.000031 -0.000028
vn -1.000000 0.000124 0.000041
vn -1.000000 0.000046 -0.000033
vn -1.000000 0.000054 -0.000002
vn 0.000000 -0.904460 -0.426560
vn 0.000007 -0.999464 0.032746
vn 0.000007 -0.999462 0.032786
vn 0.000000 -0.904460 -0.426560
vn 0.000013 -0.827780 -0.561052
vn 0.000013 -0.827779 -0.561054
vn 0.000016 -0.613853 -0.789420
vn 0.000016 -0.613871 -0.789406
vn 0.000000 -0.339916 -0.940456
vn 0.000000 -0.339916 -0.940456
vn 0.000000 -0.277765 0.960649
vn 0.000000 -0.277757 0.960652
vn 0.000000 -0.561043 0.827787
vn 0.000000 -0.561037 0.827791
vn -0.000016 -0.789381 0.613904
vn -0.000016 -0.789380 0.613904
vn -0.000011 -0.874685 0.484692
vn -0.000011 -0.874685 0.484693
vn 0.000019 -0.904463 -0.426552
vn 0.000008 -0.999465 0.032722
vn 0.000008 -0.999463 0.032755
vn 0.000019 -0.904463 -0.426552
vn 0.000013 -0.827767 -0.561073
vn 0.000013 -0.827767 -0.561073
vn -0.000017 -0.613869 -0.789408
vn -0.000017 -0.613873 -0.789405
vn -0.000017 -0.339912 -0.940457
vn -0.000017 -0.339907 -0.940459
vn 0.000001 -0.277762 0.960650
vn 0.000001 -0.277768 0.960648
vn 0.000001 -0.561049 0.827783
vn 0.000001 -0.561051 0.827781
vn 0.000000 -0.789372 0.613915
vn 0.000000 -0.789369 0.613919
vn 0.000000 -0.874682 0.484698
vn 0.000000 -0.874682 0.484698
vn -0.000010 -0.904463 -0.426552
vn -0.000037 -0.999468 0.032630
vn -0.000037 -0.999468 0.032630
vn -0.000010 -0.904463 -0.426552
vn -0.000010 -0.827795 -0.561031
vn -0.000010 -0.827795 -0.561031
vn -0.000007 -0.613895 -0.789388
vn -0.000007 -0.613905 -0.789380
vn 0.000024 -0.339919 -0.940455
vn 0.000024 -0.339919 -0.940455
vn 0.000000 -0.277727 0.960660
vn 0.000000 -0.277732 0.960659
vn 0.000000 -0.561027 0.827798
vn 0.000000 -0.561027 0.827798
vn 0.000005 -0.789374 0.613913
vn 0.000005 -0.789367 0.613922
vn -0.000020 -0.874680 0.484701
vn -0.000020 -0.874680 0.484701
vn -0.000000 -0.904461 -0.426556
vn 0.000037 -0.999468 0.032625
vn 0.000037 -0.999469 0.032600
vn -0.000000 -0.904461 -0.426556
vn -0.000026 -0.827795 -0.561030
vn -0.000026 -0.827793 -0.561034
vn -0.000016 -0.613910 -0.789376
vn -0.000016 -0.613908 -0.789377
vn 0.000000 -0.339908 -0.940459
vn 0.000000 -0.339913 -0.940457
vn -0.000001 -0.277742 0.960656
vn -0.000001 -0.277728 0.960660
vn -0.000011 -0.561028 0.827797
vn -0.000011 -0.561047 0.827784
vn -0.000000 -0.789368 0.613921
vn -0.000000 -0.789371 0.613916
vn 0.000035 -0.874679 0.484702
vn 0.000035 -0.874680 0.484702
vn 0.000000 -0.905386 -0.424590
vn 0.000000 -0.905386 -0.424590
vn 0.000000 -0.827820 -0.560993
vn 0.000000 -0.827822 -0.560991
vn 0.000000 -0.613870 -0.789407
vn 0.000000 -0.613870 -0.789407
vn 0.000000 -0.339906 -0.940459
vn 0.000000 -0.339892 -0.940464
vn 0.000000 -0.277773 0.960647
vn 0.000000 -0.277780 0.960645
vn 0.000000 -0.561021 0.827802
vn 0.000000 -0.561023 0.827800
vn 0.000000 -0.789391 0.613891
vn 0.000000 -0.789397 0.613883
vn 0.000000 -0.875735 0.482793
vn 0.000000 -0.875735 0.482793
vn -0.000000 -0.998501 0.054728
vn -0.000000 -0.998501 0.054728
vn -0.000000 -0.998501 0.054728
vn -0.000000 -0.998501 0.054728
vn 0.000000 -0.998557 0.053696
vn 0.000000 -0.998557 0.053696
vn 0.000000 -0.998557 0.053696
vn 0.000000 -0.998557 0.053696
vn -0.000001 -0.886826 -0.462104
vn -0.000001 -0.886825 -0.462106
vn -0.000001 -0.827829 -0.560981
vn -0.000001 -0.827823 -0.560989
vn -0.000000 -0.613866 -0.789410
vn -0.000000 -0.613872 -0.789405
vn -0.000000 -0.339896 -0.940463
vn -0.000000 -0.339903 -0.940460
vn 0.000000 -0.277787 0.960643
vn 0.000000 -0.277787 0.960643
vn -0.000000 -0.561050 0.827782
vn -0.000000 -0.561040 0.827789
vn -0.000001 -0.789386 0.613897
vn -0.000001 -0.789389 0.613893
vn -0.000000 -0.854752 0.519036
vn -0.000000 -0.854752 0.519037
vn -0.000001 -0.999467 0.032636
vn -0.000001 -0.999466 0.032669
vn 0.000000 -0.905391 -0.424580
vn 0.000000 -0.905390 -0.424580
vn -0.000000 -0.827820 -0.560994
vn -0.000000 -0.827823 -0.560990
vn -0.000000 -0.613876 -0.789402
vn 0.000000 -0.613869 -0.789408
vn 0.000001 -0.339910 -0.940458
vn 0.000001 -0.339900 -0.940462
vn 0.000000 -0.277766 0.960649
vn 0.000000 -0.277766 0.960649
vn 0.000000 -0.561037 0.827790
vn 0.000000 -0.561025 0.827799
vn -0.000000 -0.789400 0.613880
vn -0.000000 -0.789403 0.613876
vn -0.000000 -0.875723 0.482813
vn -0.000000 -0.875723 0.482813
vn -0.000000 -0.998509 0.054584
vn -0.000000 -0.998509 0.054584
vn -0.000000 -0.998509 0.054584
vn -0.000000 -0.998509 0.054584
vn -0.000000 -0.998553 0.053783
vn -0.000000 -0.998553 0.053783
vn -0.000000 -0.998553 0.053783
vn -0.000000 -0.998553 0.053783
vn 0.000000 -0.886822 -0.462112
vn 0.000000 -0.886822 -0.462112
vn 0.000000 -0.827817 -0.560998
vn 0.000000 -0.827820 -0.560994
vn 0.000000 -0.613873 -0.789405
vn 0.000000 -0.613873 -0.789405
vn 0.000000 -0.339909 -0.940458
vn 0.000000 -0.339905 -0.940460
vn 0.000000 -0.277773 0.960647
vn 0.000000 -0.277778 0.960645
vn 0.000000 -0.561040 0.827789
vn 0.000000 -0.561031 0.827795
vn 0.000000 -0.789399 0.613881
vn 0.000000 -0.789399 0.613881
vn 0.000000 -0.854750 0.519040
vn 0.000000 -0.854749 0.519042
vn 0.000000 -0.999466 0.032665
vn 0.000000 -0.999466 0.032665
vn 0.000000 -0.905398 -0.424563
vn 0.000000 -0.905398 -0.424563
vn 0.000000 -0.827823 -0.560990
vn 0.000000 -0.827820 -0.560994
vn 0.000000 -0.613870 -0.789407
vn 0.000000 -0.613870 -0.789407
vn 0.000001 -0.339908 -0.940459
vn 0.000001 -0.339919 -0.940455
vn 0.000000 -0.277770 0.960648
vn 0.000000 -0.277763 0.960650
vn 0.000000 -0.561032 0.827794
vn 0.000000 -0.561036 0.827792
vn 0.000000 -0.789404 0.613874
vn 0.000000 -0.789402 0.613876
vn 0.000000 -0.875735 0.482793
vn 0.000000 -0.875735 0.482793
vn 0.000001 -0.998505 0.054667
vn 0.000001 -0.998505 0.054667
vn 0.000001 -0.998505 0.054667
vn 0.000001 -0.998505 0.054667
vn 0.000000 -0.998556 0.053724
vn 0.000000 -0.998556 0.053724
vn 0.000000 -0.998556 0.053724
vn 0.000000 -0.998556 0.053724
vn 1.000000 -0.000388 -0.000211
vn 1.000000 -0.000388 -0.000211
vn 1.000000 -0.000388 -0.000211
vn 1.000000 -0.000388 -0.000211
vn -1.000000 0.000086 0.000102
vn -1.000000 0.000086 0.000102
vn -1.000000 0.000086 0.000102
vn -1.000000 0.000086 0.000102
vn -1.000000 0.000000 0.000000
vn -1.000000 0.000000 0.000000
vn -1.000000 0.000000 0.000000
vn -1.000000 0.000000 0.000000
vn 1.000000 -0.000587 -0.000028
vn 1.000000 -0.000587 -0.000028
vn 1.000000 -0.000587 -0.000028
vn 1.000000 -0.000587 -0.000028
vn -1.000000 0.000027 0.000062
vn -1.000000 0.000027 0.000062
vn -1.000000 0.000027 0.000062
vn -1.000000 0.000027 0.000062
vn 1.000000 -0.000080 -0.000547
vn 1.000000 -0.000080 -0.000547
vn 1.000000 -0.000080 -0.000547
vn 1.000000 -0.000080 -0.000547
vn -1.000000 0.000053 0.000042
vn -1.000000 0.000053 0.000042
vn -1.000000 0.000053 0.000042
vn -1.000000 0.000053 0.000042
vn 1.000000 -0.000107 -0.000085
vn 1.000000 -0.000107 -0.000085
vn 1.000000 -0.000107 -0.000085
vn 1.000000 -0.000107 -0.000085
vn -1.000000 0.000000 0.000000
vn -1.000000 0.000000 0.000000
vn 1.000000 0.000007 -0.000066
vn 1.000000 0.000007 -0.000066
vn -1.000000 0.000080 0.000137
vn -1.000000 0.000080 0.000137
vn 1.000000 -0.000053 0.000373
vn 1.000000 -0.000053 0.000373
vn -1.000000 -0.000133 0.000069
vn -1.000000 -0.000133 0.000069
vn -1.000000 -0.000133 0.000069
vn -1.000000 -0.000133 0.000069
vn 1.000000 -0.000147 0.000137
vn 1.000000 -0.000147 0.000137
vn 1.000000 -0.000147 0.000137
vn 1.000000 -0.000147 0.000137
vn -1.000000 -0.000133 0.000056
vn -1.000000 -0.000133 0.000056
vn -1.000000 -0.000133 0.000056
vn -1.000000 -0.000133 0.000056
vn 1.000000 -0.000027 0.000000
vn 1.000000 -0.000027 0.000000
vn 1.000000 -0.000027 0.000000
vn 1.000000 -0.000027 0.000000
vn -1.000000 -0.000214 0.000121
vn -1.000000 -0.000214 0.000121
vn -1.000000 -0.000214 0.000121
vn -1.000000 -0.000214 0.000121
vn 1.000000 0.000080 -0.000106
vn 1.000000 0.000080 -0.000106
vn 1.000000 0.000080 -0.000106
vn 1.000000 0.000080 -0.000106
vn -1.000000 0.000000 0.000000
vn -1.000000 0.000000 0.000000
vn -1.000000 0.000000 0.000000
vn -1.000000 0.000000 0.000000
vn 1.000000 -0.000022 0.000152
vn 1.000000 -0.000022 0.000152
vn 1.000000 -0.000022 0.000152
vn 1.000000 -0.000022 0.000152
vn 1.000000 0.000215 0.000106
vn 1.000000 0.000215 0.000106
vn 1.000000 0.000215 0.000106
vn 1.000000 0.000215 0.000106
vn -1.000000 0.000172 0.000154
vn -1.000000 0.000172 0.000154
vn -1.000000 0.000172 0.000154
vn -1.000000 0.000172 0.000154
vn -1.000000 0.000000 0.000000
vn -1.000000 0.000000 0.000000
vn -1.000000 0.000000 0.000000
vn -1.000000 0.000000 0.000000
vn 1.000000 0.000000 0.000094
vn 1.000000 0.000000 0.000094
vn 1.000000 0.000000 0.000094
vn 1.000000 0.000000 0.000094
vn -1.000000 0.000000 -0.000261
vn -1.000000 0.000000 -0.000261
vn -1.000000 0.000000 -0.000261
vn -1.000000 0.000000 -0.000261
vn 1.000000 0.000133 -0.000152
vn 1.000000 0.000133 -0.000152
vn 1.000000 0.000133 -0.000152
vn 1.000000 0.000133 -0.000152
vn -1.000000 -0.000080 0.000050
vn -1.000000 -0.000080 0.000050
vn -1.000000 -0.000080 0.000050
vn -1.000000 -0.000080 0.000050
vn 1.000000 -0.000080 0.000320
vn 1.000000 -0.000080 0.000320
vn 1.000000 -0.000080 0.000320
vn 1.000000 -0.000080 0.000320
vn -1.000000 0.000120 0.000359
vn -1.000000 0.000120 0.000359
vn 1.000000 0.000234 0.000340
vn 1.000000 0.000234 0.000340
vn -1.000000 -0.000100 0.000556
vn -1.000000 -0.000100 0.000556
vn 1.000000 0.000180 -0.000105
vn 1.000000 0.000180 -0.000105
vn -1.000000 -0.000187 0.000454
vn -1.000000 -0.000187 0.000454
vn -1.000000 -0.000187 0.000454
vn -1.000000 -0.000187 0.000454
vn 1.000000 -0.000187 -0.000224
vn 1.000000 -0.000187 -0.000224
vn 1.000000 -0.000187 -0.000224
vn 1.000000 -0.000187 -0.000224
vn -1.000000 0.000027 0.000036
vn -1.000000 0.000027 0.000036
vn -1.000000 0.000027 0.000036
vn -1.000000 0.000027 0.000036
vn 1.000000 0.000080 0.000071
vn 1.000000 0.000080 0.000071
vn 1.000000 0.000080 0.000071
vn 1.000000 0.000080 0.000071
vn -1.000000 -0.000214 -0.000031
vn -1.000000 -0.000214 -0.000031
vn -1.000000 -0.000214 -0.000031
vn -1.000000 -0.000214 -0.000031
vn 1.000000 0.000267 -0.000227
vn 1.000000 0.000267 -0.000227
vn 1.000000 0.000267 -0.000227
vn 1.000000 0.000267 -0.000227
vn -1.000000 -0.000043 0.000000
vn -1.000000 -0.000043 0.000000
vn -1.000000 -0.000043 0.000000
vn -1.000000 -0.000043 0.000000
vn 1.000000 0.000388 -0.000142
vn 1.000000 0.000388 -0.000142
vn 1.000000 0.000388 -0.000142
vn 1.000000 0.000388 -0.000142
vn 1.000000 0.000086 -0.000094
vn 1.000000 0.000086 -0.000094
vn 1.000000 0.000086 -0.000094
vn 1.000000 0.000086 -0.000094
vn -1.000000 0.000086 0.000004
vn -1.000000 0.000086 0.000004
vn -1.000000 0.000086 0.000004
vn -1.000000 0.000086 0.000004
vn -1.000000 0.000214 0.000106
vn -1.000000 0.000214 0.000106
vn -1.000000 0.000214 0.000106
vn -1.000000 0.000214 0.000106
vn 1.000000 0.000107 0.000100
vn 1.000000 0.000107 0.000100
vn 1.000000 0.000107 0.000100
vn 1.000000 0.000107 0.000100
vn -1.000000 0.000053 0.000124
vn -1.000000 0.000053 0.000124
vn -1.000000 0.000053 0.000124
vn -1.000000 0.000053 0.000124
vn 1.000000 -0.000027 -0.000124
vn 1.000000 -0.000027 -0.000124
vn 1.000000 -0.000027 -0.000124
vn 1.000000 -0.000027 -0.000124
vn -1.000000 -0.000027 -0.000135
vn -1.000000 -0.000027 -0.000135
vn -1.000000 -0.000027 -0.000135
vn -1.000000 -0.000027 -0.000135
vn 1.000000 -0.000053 -0.000085
vn 1.000000 -0.000053 -0.000085
vn 1.000000 -0.000053 -0.000085
vn 1.000000 -0.000053 -0.000085
vn -1.000000 -0.000040 -0.000246
vn -1.000000 -0.000040 -0.000246
vn 1.000000 0.000013 0.000000
vn 1.000000 0.000013 0.000000
vn -1.000000 -0.000060 0.000118
vn -1.000000 -0.000060 0.000118
vn 1.000000 -0.000013 0.000000
vn 1.000000 -0.000013 0.000000
vn -1.000000 -0.000107 0.000227
vn -1.000000 -0.000107 0.000227
vn -1.000000 -0.000107 0.000227
vn -1.000000 -0.000107 0.000227
vn 1.000000 0.000000 0.000136
vn 1.000000 0.000000 0.000136
vn 1.000000 0.000000 0.000136
vn 1.000000 0.000000 0.000136
vn -1.000000 0.000000 0.000000
vn -1.000000 0.000000 0.000000
vn -1.000000 0.000000 0.000000
vn -1.000000 0.000000 0.000000
vn 1.000000 -0.000187 -0.000015
vn 1.000000 -0.000187 -0.000015
vn 1.000000 -0.000187 -0.000015
vn 1.000000 -0.000187 -0.000015
vn -1.000000 0.000160 -0.000015
vn -1.000000 0.000160 -0.000015
vn -1.000000 0.000160 -0.000015
vn -1.000000 0.000160 -0.000015
vn 1.000000 0.000053 0.000091
vn 1.000000 0.000053 0.000091
vn 1.000000 0.000053 0.000091
vn 1.000000 0.000053 0.000091
vn -1.000000 -0.000043 0.000000
vn -1.000000 -0.000043 0.000000
vn -1.000000 -0.000043 0.000000
vn -1.000000 -0.000043 0.000000
vn 1.000000 0.000000 0.000097
vn 1.000000 0.000000 0.000097
vn 1.000000 0.000000 0.000097
vn 1.000000 0.000000 0.000097
vn 1.000000 0.000172 -0.000092
vn 1.000000 0.000172 -0.000092
vn 1.000000 0.000172 -0.000092
vn 1.000000 0.000172 -0.000092
vn -1.000000 0.000000 -0.000098
vn -1.000000 0.000000 -0.000098
vn -1.000000 0.000000 -0.000098
vn -1.000000 0.000000 -0.000098
vn -1.000000 -0.000053 0.000000
vn -1.000000 -0.000053 0.000000
vn -1.000000 -0.000053 0.000000
vn -1.000000 -0.000053 0.000000
vn 1.000000 0.000320 0.000160
vn 1.000000 0.000320 0.000160
vn 1.000000 0.000320 0.000160
vn 1.000000 0.000320 0.000160
vn -1.000000 0.000000 0.000000
vn -1.000000 0.000000 0.000000
vn -1.000000 0.000000 0.000000
vn -1.000000 0.000000 0.000000
vn 1.000000 0.000000 0.000261
vn 1.000000 0.000000 0.000261
vn 1.000000 0.000000 0.000261
vn 1.000000 0.000000 0.000261
vn -1.000000 -0.000080 -0.000085
vn -1.000000 -0.000080 -0.000085
vn -1.000000 -0.000080 -0.000085
vn -1.000000 -0.000080 -0.000085
vn 1.000000 0.000107 -0.000050
vn 1.000000 0.000107 -0.000050
vn 1.000000 0.000107 -0.000050
vn 1.000000 0.000107 -0.000050
vn -1.000000 0.000013 -0.000133
vn -1.000000 0.000013 -0.000133
vn 1.000000 0.000040 -0.000199
vn 1.000000 0.000040 -0.000199
vn -1.000000 -0.000033 -0.000131
vn -1.000000 -0.000033 -0.000131
vn 1.000000 0.000027 0.000000
vn 1.000000 0.000027 0.000000
vn -1.000000 0.000000 0.000136
vn -1.000000 0.000000 0.000136
vn -1.000000 0.000000 0.000136
vn -1.000000 0.000000 0.000136
vn 1.000000 -0.000187 0.000137
vn 1.000000 -0.000187 0.000137
vn 1.000000 -0.000187 0.000137
vn 1.000000 -0.000187 0.000137
vn -1.000000 0.000160 -0.000191
vn -1.000000 0.000160 -0.000191
vn -1.000000 0.000160 -0.000191
vn -1.000000 0.000160 -0.000191
vn 1.000000 -0.000053 0.000191
vn 1.000000 -0.000053 0.000191
vn 1.000000 -0.000053 0.000191
vn 1.000000 -0.000053 0.000191
vn -1.000000 0.000267 -0.000128
vn -1.000000 0.000267 -0.000128
vn -1.000000 0.000267 -0.000128
vn -1.000000 0.000267 -0.000128
vn 1.000000 -0.000053 0.000000
vn 1.000000 -0.000053 0.000000
vn 1.000000 -0.000053 0.000000
vn 1.000000 -0.000053 0.000000
vn -1.000000 0.000043 0.000097
vn -1.000000 0.000043 0.000097
vn -1.000000 0.000043 0.000097
vn -1.000000 0.000043 0.000097
vn 1.000000 0.000000 0.000097
vn 1.000000 0.000000 0.000097
vn 1.000000 0.000000 0.000097
vn 1.000000 0.000000 0.000097
vn 1.000000 -0.000044 -0.000122
vn 1.000000 -0.000044 -0.000122
vn 1.000000 -0.000044 -0.000122
vn 1.000000 -0.000044 -0.000122
vn 0.000001 -0.032716 -0.999465
vn 0.000001 -0.032716 -0.999465
vn 0.000001 -0.032716 -0.999465
vn 0.000001 -0.032716 -0.999465
vn -1.000000 -0.000070 -0.000184
vn -1.000000 -0.000070 -0.000184
vn -1.000000 -0.000070 -0.000184
vn -1.000000 -0.000070 -0.000184
vn 1.000000 0.000000 0.000000
vn 1.000000 0.000000 0.000000
vn 1.000000 0.000000 0.000000
vn 1.000000 0.000000 0.000000
vn -0.000002 -0.032699 -0.999465
vn -0.000002 -0.032699 -0.999465
vn -0.000002 -0.032699 -0.999465
vn -0.000002 -0.032699 -0.999465
vn -1.000000 0.000070 0.000122
vn -1.000000 0.000070 0.000122
vn -1.000000 0.000070 0.000122
vn -1.000000 0.000070 0.000122
vn 1.000000 0.000106 0.000023
vn 1.000000 0.000106 0.000023
vn 1.000000 0.000106 0.000023
vn 1.000000 0.000106 0.000023
vn 0.000000 -0.032716 -0.999465
vn 0.000000 -0.032716 -0.999465
vn 0.000000 -0.032716 -0.999465
vn 0.000000 -0.032716 -0.999465
vn -1.000000 -0.000018 0.000000
vn -1.000000 -0.000018 0.000000
vn -1.000000 -0.000018 0.000000
vn -1.000000 -0.000018 0.000000
vn 1.000000 -0.000002 0.000173
vn 1.000000 -0.000002 0.000173
vn 1.000000 -0.000002 0.000173
vn 1.000000 -0.000002 0.000173
vn -0.000000 -0.032674 -0.999466
vn -0.000000 -0.032674 -0.999466
vn -0.000000 -0.032674 -0.999466
vn -0.000000 -0.032674 -0.999466
vn -0.000001 -0.032677 -0.999466
vn -0.000001 -0.032677 -0.999466
vn -0.000001 -0.032677 -0.999466
vn -0.000001 -0.032677 -0.999466
vn 0.000000 -0.032674 -0.999466
vn 0.000000 -0.032674 -0.999466
vn 0.000000 -0.032674 -0.999466
vn 0.000000 -0.032674 -0.999466
vn -1.000000 0.000000 0.000000
vn -1.000000 0.000000 0.000000
vn -1.000000 0.000000 0.000000
vn -1.000000 0.000000 0.000000
vn 0.000000 0.998358 -0.057290
vn 0.000000 0.998358 -0.057290
vn 0.000000 0.998358 -0.057290
vn 0.000000 0.998358 -0.057290
vn 0.000001 -0.032676 -0.999466
vn 0.000001 -0.032676 -0.999466
vn 0.000001 -0.032676 -0.999466
vn 0.000001 -0.032676 -0.999466
vn 0.000000 -0.998555 0.053748
vn 0.000000 -0.998555 0.053748
vn 0.000000 -0.998555 0.053748
vn 0.000000 -0.998555 0.053748
vn -0.000001 0.998356 -0.057326
vn -0.000001 0.998356 -0.057326
vn -0.000001 0.998356 -0.057326
vn -0.000001 0.998356 -0.057326
vn 0.000001 -0.032674 -0.999466
vn 0.000001 -0.032674 -0.999466
vn 0.000001 -0.032674 -0.999466
vn 0.000001 -0.032674 -0.999466
vn 0.000000 -0.998554 0.053765
vn 0.000000 -0.998554 0.053765
vn 0.000000 -0.998554 0.053765
vn 0.000000 -0.998554 0.053765
vn 1.000000 -0.000036 0.000126
vn 1.000000 -0.000036 0.000126
vn 1.000000 -0.000036 0.000126
vn 1.000000 -0.000036 0.000126
vn -1.000000 -0.000018 0.000063
vn -1.000000 -0.000018 0.000063
vn -1.000000 -0.000018 0.000063
vn -1.000000 -0.000018 0.000063
vn 0.000000 0.032654 0.999467
vn 0.000000 0.032654 0.999467
vn 0.000000 0.032654 0.999467
vn 0.000000 0.032654 0.999467
vn 1.000000 -0.000053 -0.000104
vn 1.000000 -0.000053 -0.000104
vn 1.000000 -0.000053 -0.000104
vn 1.000000 -0.000053 -0.000104
vn -1.000000 0.000036 -0.000126
vn -1.000000 0.000036 -0.000126
vn -1.000000 0.000036 -0.000126
vn -1.000000 0.000036 -0.000126
vn -0.000000 0.032653 0.999467
vn -0.000000 0.032653 0.999467
vn -0.000000 0.032653 0.999467
vn -0.000000 0.032653 0.999467
vn 1.000000 0.000036 -0.000418
vn 1.000000 0.000036 -0.000418
vn 1.000000 0.000036 -0.000418
vn 1.000000 0.000036 -0.000418
vn -1.000000 -0.000071 -0.000207
vn -1.000000 -0.000071 -0.000207
vn -1.000000 -0.000071 -0.000207
vn -1.000000 -0.000071 -0.000207
vn 0.000000 0.032654 0.999467
vn 0.000000 0.032654 0.999467
vn 0.000000 0.032654 0.999467
vn 0.000000 0.032654 0.999467
vn 1.000000 -0.000012 -0.000172
vn 1.000000 -0.000012 -0.000172
vn 1.000000 -0.000012 -0.000172
vn 1.000000 -0.000012 -0.000172
vn 0.000000 0.032674 0.999466
vn 0.000000 0.032674 0.999466
vn 0.000000 0.032674 0.999466
vn 0.000000 0.032674 0.999466
vn 0.000000 0.032674 0.999466
vn 0.000000 0.032674 0.999466
vn 0.000000 0.032674 0.999466
vn 0.000000 0.032674 0.999466
vn -1.000000 0.000000 0.000000
vn -1.000000 0.000000 0.000000
vn -1.000000 0.000000 0.000000
vn -1.000000 0.000000 0.000000
vn 0.000000 0.032674 0.999466
vn 0.000000 0.032674 0.999466
vn 0.000000 0.032674 0.999466
vn 0.000000 0.032674 0.999466
vn -0.000001 0.998319 -0.057956
vn -0.000001 0.998319 -0.057956
vn -0.000001 0.998319 -0.057956
vn -0.000001 0.998319 -0.057956
vn 0.000000 -0.998507 0.054627
vn 0.000000 -0.998507 0.054627
vn 0.000000 -0.998507 0.054627
vn 0.000000 -0.998507 0.054627
vn -0.000001 0.032674 0.999466
vn -0.000001 0.032674 0.999466
vn -0.000001 0.032674 0.999466
vn -0.000001 0.032674 0.999466
vn 0.000000 -0.998506 0.054636
vn 0.000000 -0.998506 0.054636
vn 0.000000 -0.998506 0.054636
vn 0.000000 -0.998506 0.054636
vn -0.000001 0.998318 -0.057979
vn -0.000001 0.998318 -0.057979
vn -0.000001 0.998318 -0.057979
vn -0.000001 0.998318 -0.057979
vn 0.000000 0.032674 0.999466
vn 0.000000 0.032674 0.999466
vn 0.000000 0.032674 0.999466
vn 0.000000 0.032674 0.999466
vn 1.000000 0.000267 -0.000044
vn 1.000000 0.000267 -0.000044
vn 1.000000 0.000267 -0.000044
vn 1.000000 0.000267 -0.000044
vn 0.000000 -0.668359 -0.743839
vn 0.000000 -0.668359 -0.743839
vn 0.000000 -0.668359 -0.743839
vn 0.000000 -0.668359 -0.743839
vn -1.000000 0.000000 -0.000009
vn -1.000000 0.000000 -0.000009
vn -1.000000 0.000000 -0.000009
vn -1.000000 0.000000 -0.000009
vn 1.000000 -0.000356 -0.000395
vn 1.000000 -0.000356 -0.000395
vn 1.000000 -0.000356 -0.000395
vn 1.000000 -0.000356 -0.000395
vn 0.000000 -0.668360 -0.743838
vn 0.000000 -0.668360 -0.743838
vn 0.000000 -0.668359 -0.743838
vn 0.000000 -0.668359 -0.743838
vn -1.000000 -0.000089 0.000017
vn -1.000000 -0.000089 0.000017
vn -1.000000 -0.000089 0.000017
vn -1.000000 -0.000089 0.000017
vn 1.000000 -0.000713 -0.000446
vn 1.000000 -0.000713 -0.000446
vn 1.000000 -0.000713 -0.000446
vn 1.000000 -0.000713 -0.000446
vn 0.000000 -0.668358 -0.743840
vn 0.000000 -0.668358 -0.743840
vn 0.000000 -0.668358 -0.743840
vn 0.000000 -0.668358 -0.743840
vn -1.000000 -0.000535 -0.000378
vn -1.000000 -0.000535 -0.000378
vn -1.000000 -0.000535 -0.000378
vn -1.000000 -0.000535 -0.000378
vn 1.000000 0.000000 0.000000
vn 1.000000 0.000000 0.000000
vn 1.000000 0.000000 0.000000
vn 1.000000 0.000000 0.000000
vn -1.000000 0.000178 0.000017
vn -1.000000 0.000178 0.000017
vn -1.000000 0.000178 0.000017
vn -1.000000 0.000178 0.000017
vn 0.000000 -0.618367 0.785890
vn 0.000000 -0.618367 0.785890
vn 0.000000 -0.618367 0.785890
vn 0.000000 -0.618367 0.785890
vn 1.000000 0.000000 0.000215
vn 1.000000 0.000000 0.000215
vn 1.000000 0.000000 0.000215
vn 1.000000 0.000000 0.000215
vn -1.000000 -0.000089 -0.000011
vn -1.000000 -0.000089 -0.000011
vn -1.000000 -0.000089 -0.000011
vn -1.000000 -0.000089 -0.000011
vn -0.000001 -0.618375 0.785883
vn -0.000001 -0.618375 0.785883
vn -0.000001 -0.618375 0.785883
vn -0.000001 -0.618375 0.785883
vn 1.000000 -0.000089 -0.000017
vn 1.000000 -0.000089 -0.000017
vn 1.000000 -0.000089 -0.000017
vn 1.000000 -0.000089 -0.000017
vn -1.000000 0.000000 0.000000
vn -1.000000 0.000000 0.000000
vn -1.000000 0.000000 0.000000
vn -1.000000 0.000000 0.000000
vn 0.000000 -0.618375 0.785883
vn 0.000000 -0.618375 0.785883
vn 0.000000 -0.618375 0.785883
vn 0.000000 -0.618375 0.785883
vn 0.000002 -1.000000 -0.000001
vn 0.000001 -1.000000 -0.000001
vn 0.000001 -1.000000 -0.000000
vn 0.000001 -1.000000 -0.000000
vn 0.000002 -1.000000 0.000000
vn 0.000003 -1.000000 0.000000
vn 0.000000 -1.000000 0.000000
vn 0.000000 -1.000000 0.000000
vn -0.952277 -0.305235 -0.000000
vn -0.945262 -0.326314 -0.000000
vn -0.945871 -0.324542 0.000000
vn -0.952277 -0.305234 0.000000
vn -0.952277 -0.305235 -0.000000
vn -0.945303 -0.326195 -0.000000
vn -0.952277 -0.305235 0.000000
vn -0.945877 -0.324525 0.000000
vn 0.000000 -0.182885 -0.983134
vn 0.000000 -0.180514 -0.983572
vn 0.000000 -0.170079 -0.985430
vn 0.000000 -0.170079 -0.985430
vn 0.000000 -0.170079 0.985431
vn 0.000000 -0.180514 0.983572
vn 0.002397 -0.179276 0.983796
vn -0.001375 -0.166395 0.986058
vn 0.000000 1.000000 0.000000
vn 0.000000 1.000000 0.000000
vn 0.000000 1.000000 0.000000
vn 0.000000 1.000000 0.000000
vn 0.000001 -1.000000 0.000000
vn 0.000001 -1.000000 0.000000
vn 0.000001 -1.000000 0.000000
vn 0.000001 -1.000000 0.000000
vn 0.000000 1.000000 -0.000000
vn 0.000000 1.000000 -0.000001
vn 0.000000 1.000000 -0.000000
vn 0.000000 1.000000 -0.000001
vn 0.000000 -1.000000 0.000001
vn 0.000000 -1.000000 0.000001
vn 0.000000 -1.000000 0.000001
vn 0.000000 -1.000000 0.000001
vn 0.000000 1.000000 0.000001
vn 0.000000 1.000000 0.000000
vn 0.000000 1.000000 0.000001
vn 0.000000 1.000000 0.000001
vn 0.000000 -1.000000 -0.000002
vn 0.000000 -1.000000 -0.000002
vn 0.000000 -1.000000 -0.000002
vn 0.000000 -1.000000 -0.000002
vn 0.000002 -1.000000 0.000000
vn 0.000002 -1.000000 0.000000
vn 0.000002 -1.000000 0.000000
vn 0.000002 -1.000000 0.000000
vn 0.000000 1.000000 0.000000
vn 0.000000 1.000000 0.000000
vn 0.000000 1.000000 0.000000
vn 0.000000 1.000000 -0.000000
vn 0.000000 1.000000 0.000000
vn 0.000000 1.000000 0.000000
vn 0.000001 -1.000000 -0.000000
vn 0.000001 -1.000000 -0.000000
vn 0.000001 -1.000000 -0.000000
vn 0.000001 -1.000000 -0.000000
vn 0.001179 0.577583 0.816331
vn 0.001179 0.577583 0.816331
vn 0.001179 0.577583 0.816331
vn 0.001179 0.577583 0.816331
vn 0.000883 0.579404 -0.815040
vn 0.000883 0.579404 -0.815040
vn 0.000883 0.579404 -0.815040
vn 0.000883 0.579404 -0.815040
vn -0.693746 0.720220 -0.000007
vn -0.693746 0.720220 -0.000007
vn -0.693746 0.720220 -0.000007
vn -0.693746 0.720220 -0.000007
vn -0.682469 0.730915 0.000000
vn -0.682469 0.730915 0.000000
vn -0.682469 0.730914 0.000000
vn -0.682469 0.730915 0.000000
vn -0.693788 0.720180 0.000013
vn -0.693788 0.720180 0.000013
vn -0.693788 0.720180 0.000013
vn -0.693788 0.720180 0.000013
vn -0.663797 -0.359785 0.655689
vn -0.662862 -0.362573 0.655099
vn -0.671504 -0.335958 0.660465
vn -0.671504 -0.335958 0.660465
vn -0.670969 -0.339009 -0.659450
vn -0.670969 -0.339009 -0.659450
vn -0.663087 -0.363912 -0.654129
vn -0.663936 -0.361310 -0.654709
vn 0.000000 1.000000 -0.000001
vn 0.000000 1.000000 -0.000000
vn 0.000000 1.000000 0.000000
vn 0.000000 1.000000 0.000001
vn 0.000000 1.000000 0.000000
vn 0.000000 1.000000 0.000001
vn 0.000000 1.000000 0.000000
vn 0.000000 1.000000 0.000000
vn 0.000000 -1.000000 0.000001
vn 0.000000 -1.000000 0.000001
vn 0.000000 -1.000000 0.000001
vn 0.000000 -1.000000 0.000001
vn 0.000000 -1.000000 -0.000001
vn 0.000000 -1.000000 -0.000001
vn 0.000000 -1.000000 -0.000001
vn 0.000000 -1.000000 -0.000001
vn -0.952956 -0.278973 -0.118527
vn -0.945968 -0.320042 -0.052129
vn -0.947776 -0.312238 -0.065019
vn -0.952956 -0.278973 -0.118527
vn -0.946870 -0.307912 0.092890
vn -0.945631 -0.316496 0.074917
vn -0.948065 -0.272687 0.163750
vn -0.948065 -0.272687 0.163749
vn 0.085704 -0.140674 -0.986340
vn 0.085704 -0.140674 -0.986340
vn 0.033333 -0.178115 -0.983445
vn 0.050904 -0.165647 -0.984871
vn 0.051143 -0.164659 0.985024
vn 0.033629 -0.177370 0.983570
vn 0.085756 -0.139259 0.986536
vn 0.085756 -0.139259 0.986536
vn 0.000000 -1.000000 0.000000
vn 0.000000 -1.000000 0.000000
vn 0.000000 -1.000000 0.000000
vn 0.000000 -1.000000 0.000000
vn 0.000000 -1.000000 0.000000
vn 0.000000 -1.000000 0.000000
vn 0.000000 -1.000000 0.000000
vn 0.000000 -1.000000 0.000000
vn 0.000000 -1.000000 0.000000
vn 0.000000 -1.000000 0.000000
vn 0.000000 -1.000000 0.000000
vn 0.000000 -1.000000 0.000000
vn 0.000000 -1.000000 0.000002
vn 0.000000 -1.000000 0.000002
vn 0.000000 -1.000000 0.000002
vn 0.000000 -1.000000 0.000002
vn -0.021365 0.557658 0.829795
vn -0.021365 0.557659 0.829795
vn -0.021365 0.557659 0.829795
vn -0.021365 0.557659 0.829795
vn -0.700792 0.713362 -0.002237
vn -0.700792 0.713362 -0.002237
vn -0.700792 0.713362 -0.002237
vn -0.700792 0.713362 -0.002237
vn -0.675226 0.736673 -0.037191
vn -0.675226 0.736673 -0.037191
vn -0.675226 0.736673 -0.037191
vn -0.675226 0.736673 -0.037191
vn -0.015212 0.551861 -0.833798
vn -0.015212 0.551861 -0.833798
vn -0.015212 0.551861 -0.833798
vn -0.015212 0.551861 -0.833798
vn -0.446501 0.779170 -0.439921
vn -0.446501 0.779170 -0.439921
vn -0.446501 0.779170 -0.439921
vn -0.446501 0.779171 -0.439921
vn -0.444594 0.783522 0.434085
vn -0.444594 0.783522 0.434085
vn -0.444594 0.783522 0.434085
vn -0.444594 0.783522 0.434085
vn 0.002287 -0.592183 -0.805801
vn 0.001417 -0.617555 -0.786526
vn 0.003979 -0.540921 -0.841064
vn 0.003979 -0.540921 -0.841064
vn 0.001506 -0.606198 0.795313
vn 0.001836 -0.590441 0.807079
vn 0.002502 -0.557805 0.829969
vn 0.002502 -0.557805 0.829969
vn -0.754725 -0.656037 0.002231
vn -0.767559 -0.640966 0.003856
vn -0.810479 -0.585690 0.009588
vn -0.810479 -0.585690 0.009588
vn -0.757935 -0.652330 -0.001086
vn -0.770074 -0.637952 -0.001736
vn -0.815390 -0.578896 -0.004300
vn -0.815390 -0.578896 -0.004300
vn 0.143411 -0.813705 0.563309
vn 0.143411 -0.813706 0.563309
vn 0.143411 -0.813706 0.563309
vn 0.143411 -0.813706 0.563309
vn 0.053283 -0.509576 -0.858774
vn 0.053283 -0.509576 -0.858774
vn 0.053283 -0.509576 -0.858774
vn 0.053283 -0.509576 -0.858774
vn -0.617415 -0.771483 -0.153668
vn -0.617415 -0.771483 -0.153668
vn -0.617414 -0.771483 -0.153668
vn -0.617415 -0.771483 -0.153668
vn -0.859960 -0.492573 0.133566
vn -0.859960 -0.492573 0.133566
vn -0.859960 -0.492573 0.133566
vn -0.859960 -0.492573 0.133566
vn -0.646261 -0.466778 -0.603710
vn -0.646261 -0.466778 -0.603710
vn -0.646261 -0.466778 -0.603710
vn -0.646261 -0.466778 -0.603710
vn -0.596632 -0.560553 0.574291
vn -0.596632 -0.560553 0.574292
vn -0.596632 -0.560553 0.574292
vn -0.596632 -0.560553 0.574292
vn 0.000000 -1.000000 0.000000
vn -0.011443 -0.999934 0.000723
vn -0.020827 -0.999782 0.001317
vn 0.000000 -1.000000 0.000000
vn -0.001517 -0.998950 0.045796
vn -0.000568 -0.999853 0.017153
vn -0.001043 -0.999504 0.031492
vn -0.001517 -0.998950 0.045796
vn 0.000000 -1.000000 -0.000001
vn 0.000000 -1.000000 -0.000000
vn 0.000000 -1.000000 -0.000000
vn 0.000000 -1.000000 -0.000000
vn -0.040709 -0.999168 0.002574
vn -0.040709 -0.999168 0.002574
vn 0.000000 -1.000000 0.000000
vn 0.000000 -1.000000 0.000000
vn -0.027831 -0.984076 -0.175558
vn -0.168295 -0.985482 -0.022410
vn -0.126782 -0.989569 -0.068406
vn -0.070807 -0.989053 -0.129460
vn -0.159006 -0.986862 -0.028643
vn 0.028211 -0.981604 0.188832
vn -0.033867 -0.995871 0.084226
vn -0.085772 -0.995950 0.026949
vn -0.248082 -0.963835 -0.097355
vn -0.248082 -0.963835 -0.097355
vn 0.093411 -0.950487 0.296391
vn 0.093411 -0.950487 0.296391
vn 0.026891 -0.972087 -0.233073
vn 0.026891 -0.972087 -0.233073
vn -0.239468 -0.969147 0.058394
vn -0.239468 -0.969147 0.058394
vn 0.899445 0.429920 -0.078531
vn 0.899445 0.429920 -0.078531
vn 0.899445 0.429920 -0.078531
vn 0.899445 0.429920 -0.078531
vn 0.898922 0.438110 0.000022
vn 0.898922 0.438110 0.000022
vn 0.898922 0.438110 0.000022
vn 0.898922 0.438110 0.000022
vn 0.896084 0.434034 0.092993
vn 0.896084 0.434034 0.092993
vn 0.896084 0.434034 0.092993
vn 0.896084 0.434034 0.092993
vn 0.065714 0.431361 0.899783
vn 0.065714 0.431361 0.899783
vn 0.065714 0.431361 0.899783
vn 0.065714 0.431361 0.899783
vn 0.065838 0.431379 -0.899766
vn 0.065838 0.431379 -0.899765
vn 0.065838 0.431379 -0.899765
vn 0.065838 0.431379 -0.899765
vn -0.009931 0.996269 -0.085728
vn -0.009931 0.996269 -0.085728
vn -0.009931 0.996269 -0.085728
vn -0.141785 0.989897 0.000000
vn -0.141785 0.989898 0.000000
vn -0.141785 0.989898 0.000000
vn -0.141785 0.989897 0.000000
vn -0.003500 0.993618 0.112741
vn -0.003500 0.993618 0.112741
vn -0.003500 0.993618 0.112741
vn -0.003500 0.993618 0.112741
vn -0.003768 0.992383 -0.123134
vn -0.003768 0.992383 -0.123134
vn -0.003768 0.992383 -0.123134
vn -0.003768 0.992383 -0.123134
vn -0.109809 0.993944 0.004265
vn -0.109809 0.993944 0.004265
vn -0.109809 0.993944 0.004265
vn -0.109809 0.993944 0.004265
vn -0.109327 0.993994 -0.004943
vn -0.109327 0.993994 -0.004943
vn -0.109327 0.993994 -0.004943
vn -0.109327 0.993994 -0.004943
vn -0.091910 0.995767 0.001033
vn -0.091910 0.995767 0.001033
vn -0.091910 0.995767 0.001033
vn -0.008637 0.996685 0.080897
vn -0.008637 0.996685 0.080897
vn -0.008637 0.996685 0.080897
vn -0.054884 0.997334 -0.048082
vn -0.054884 0.997334 -0.048082
vn -0.054884 0.997334 -0.048082
vn -0.052976 0.997521 0.046320
vn -0.052976 0.997521 0.046320
vn -0.052976 0.997521 0.046320
vn -0.083423 0.996424 -0.013440
vn -0.083423 0.996424 -0.013440
vn -0.083423 0.996424 -0.013440
vn 0.002098 -0.139056 0.990282
vn 0.000000 -0.150332 0.988635
vn 0.000000 -0.108644 0.994081
vn 0.000000 -0.108644 0.994081
vn 0.040179 -0.150180 0.987842
vn 0.078638 -0.100229 0.991852
vn 0.078638 -0.100229 0.991852
vn 0.053477 -0.133000 0.989672
vn -0.691026 -0.222022 0.687888
vn -0.691026 -0.222022 0.687888
vn -0.680463 -0.281877 0.676398
vn -0.678745 -0.290325 0.674549
vn -0.962174 -0.268869 -0.043948
vn -0.965686 -0.254566 -0.051446
vn -0.977138 -0.196394 -0.081434
vn -0.977138 -0.196394 -0.081434
vn -0.963905 -0.266246 0.000000
vn -0.965373 -0.260873 -0.000000
vn -0.980017 -0.198913 0.000000
vn -0.980017 -0.198913 0.000000
vn -0.965273 -0.261242 -0.000000
vn -0.980017 -0.198913 0.000000
vn -0.963891 -0.266297 0.000000
vn -0.980017 -0.198913 0.000000
vn -0.961711 -0.266063 0.065738
vn -0.974045 -0.191127 0.121273
vn -0.974045 -0.191127 0.121273
vn -0.964873 -0.251195 0.076944
vn -0.679487 -0.290381 -0.673777
vn -0.681187 -0.281989 -0.675623
vn -0.691699 -0.222119 -0.687179
vn -0.691699 -0.222119 -0.687179
vn 0.040113 -0.150200 -0.987842
vn 0.053392 -0.133021 -0.989674
vn 0.078520 -0.100251 -0.991859
vn 0.078520 -0.100251 -0.991859
vn 0.000000 -0.108644 -0.994081
vn 0.000000 -0.108644 -0.994081
vn 0.000000 -0.150332 -0.988635
vn 0.000000 -0.143595 -0.989637
vn 0.063616 -0.997974 0.000290
vn 0.059321 -0.998239 0.000281
vn 0.097099 -0.995274 0.000833
vn 0.099488 -0.995039 0.000643
vn 0.000000 -0.994816 0.101695
vn 0.000000 -0.994816 0.101695
vn 0.015892 -0.999496 0.027482
vn 0.000000 -0.997959 0.063853
vn 0.017378 -0.999512 -0.025954
vn 0.107559 -0.994199 0.000000
vn 0.088592 -0.996068 0.000000
vn 0.088592 -0.996068 0.000000
vn 0.985663 -0.168495 0.008830
vn 0.975582 -0.219554 0.005994
vn 0.972799 -0.231590 0.005318
vn 0.985663 -0.168495 0.008830
vn 0.000000 0.000000 1.000000
vn 0.000000 0.000000 1.000000
vn 0.000000 0.000000 1.000000
vn 0.000000 0.000000 1.000000
vn -0.007886 -0.145557 -0.989318
vn -0.003911 -0.072196 -0.997383
vn -0.002082 -0.827471 -0.561504
vn -0.003087 -0.920924 -0.389730
vn 1.000000 0.000000 0.000001
vn 1.000000 0.000000 0.000001
vn 1.000000 0.000000 0.000001
vn 1.000000 0.000000 0.000001
vn 0.002565 0.430728 0.902478
vn 0.001318 0.486603 0.873622
vn 0.004115 0.358280 0.933605
vn 0.004115 0.358280 0.933605
vn 0.001317 0.486604 -0.873622
vn 0.002565 0.430728 -0.902478
vn 0.004115 0.358279 -0.933606
vn 0.004115 0.358279 -0.933606
vn -0.789728 0.613456 -0.001055
vn -0.795500 0.605952 -0.001358
vn -0.834150 0.551526 -0.003489
vn -0.834150 0.551526 -0.003489
vn -0.787831 0.615890 0.001075
vn -0.794511 0.607248 0.001467
vn -0.836075 0.548600 0.004035
vn -0.836075 0.548600 0.004035
vn -0.037956 0.568061 0.822111
vn -0.037956 0.568061 0.822111
vn -0.037956 0.568061 0.822111
vn -0.037956 0.568061 0.822111
vn -0.043481 0.579475 -0.813830
vn -0.043481 0.579475 -0.813830
vn -0.043481 0.579475 -0.813830
vn -0.043481 0.579475 -0.813830
vn -0.769760 0.638320 0.004111
vn -0.769760 0.638320 0.004111
vn -0.769760 0.638320 0.004111
vn -0.769760 0.638320 0.004111
vn -0.771073 0.636732 -0.004334
vn -0.771073 0.636732 -0.004334
vn -0.771073 0.636732 -0.004334
vn -0.771073 0.636732 -0.004334
vn -0.542573 0.658954 0.520955
vn -0.542573 0.658954 0.520955
vn -0.542573 0.658954 0.520955
vn -0.542573 0.658954 0.520955
vn -0.532962 0.665723 -0.522268
vn -0.532962 0.665723 -0.522268
vn -0.532962 0.665723 -0.522268
vn -0.532962 0.665723 -0.522268
vn -0.675114 -0.737714 -0.000053
vn -0.675130 -0.737699 -0.000091
vn -0.669147 -0.743130 -0.000004
vn -0.669035 -0.743231 -0.000004
vn -0.675743 -0.737136 -0.001533
vn -0.675743 -0.737136 -0.001533
vn -0.458631 -0.753378 0.471254
vn -0.458631 -0.753378 0.471254
vn -0.252986 -0.769271 0.586703
vn -0.269364 -0.769577 0.578960
vn 0.000000 -0.730073 0.683370
vn 0.000000 -0.730098 0.683343
vn 0.000103 -0.730645 0.682758
vn 0.000084 -0.730626 0.682778
vn 0.000000 -0.730098 -0.683343
vn 0.000000 -0.730073 -0.683369
vn 0.000084 -0.730625 -0.682779
vn 0.000103 -0.730643 -0.682759
vn -0.668704 -0.743528 0.000005
vn -0.668831 -0.743415 0.000005
vn -0.675095 -0.737731 0.000106
vn -0.675080 -0.737745 0.000062
vn -0.252974 -0.769277 -0.586700
vn -0.269364 -0.769584 -0.578951
vn -0.675951 -0.736942 0.002520
vn -0.675951 -0.736942 0.002520
vn -0.458628 -0.753388 -0.471239
vn -0.458628 -0.753388 -0.471240
vn 0.000000 -1.000000 0.000000
vn 0.000000 -1.000000 0.000002
vn 0.000000 -1.000000 0.000002
vn -0.991701 -0.128564 0.000000
vn -0.991701 -0.128564 0.000000
vn -0.991701 -0.128564 0.000000
vn -0.991701 -0.128564 0.000000
vn 0.000000 -1.000000 0.000000
vn 0.000000 -1.000000 -0.000000
vn -0.000000 -0.070314 0.997525
vn 0.000000 -0.070314 0.997525
vn 0.000000 -0.070314 0.997525
vn -0.000000 -0.070314 0.997525
vn 0.000000 -1.000000 -0.000003
vn 0.000000 -1.000000 -0.000002
vn 0.000000 -1.000000 0.000000
vn -0.000321 -0.998050 -0.062413
vn 0.000000 -1.000000 0.000000
vn -0.991701 -0.128565 -0.000000
vn -0.991701 -0.128565 -0.000000
vn -0.991701 -0.128563 0.000000
vn -0.991701 -0.128563 0.000000
vn 0.000000 -1.000000 0.000000
vn 0.000000 -1.000000 0.000001
vn 0.000000 -1.000000 -0.000001
vn -0.698589 -0.140014 -0.701691
vn -0.698589 -0.140014 -0.701691
vn -0.698589 -0.140014 -0.701691
vn -0.698589 -0.140014 -0.701691
vn 0.000000 -0.070314 0.997525
vn 0.000000 -0.070314 0.997525
vn -0.991701 -0.128564 -0.000006
vn -0.991701 -0.128564 -0.000006
vn -0.991701 -0.128564 0.000006
vn -0.991701 -0.128564 0.000006
vn 0.000000 -1.000000 -0.000002
vn 0.000000 -1.000000 0.000002
vn 0.000000 1.000000 -0.000000
vn 0.000000 1.000000 -0.000000
vn 0.000000 1.000000 -0.000000
vn 0.000000 1.000000 0.000000
vn 0.000000 1.000000 -0.000000
vn 0.000000 1.000000 -0.000000
vn 0.000000 1.000000 -0.000000
vn 0.000000 1.000000 -0.000000
vn 0.000000 1.000000 0.000000
vn 0.000000 1.000000 -0.000000
vn 0.000000 1.000000 -0.000000
vn 0.000000 1.000000 0.000000
vn 0.000000 1.000000 0.000000
vn 0.000000 1.000000 0.000000
vn 0.000000 1.000000 0.000000
vn 0.000000 1.000000 0.000000
vn 0.000000 1.000000 -0.000002
vn 0.000000 1.000000 0.000000
vn 0.000000 1.000000 0.000000
vn 0.000000 1.000000 -0.000001
vn 0.000000 1.000000 0.000000
vn 0.000000 1.000000 0.000000
vn 0.000000 1.000000 0.000000
vn 0.000000 1.000000 0.000000
vn 0.000000 1.000000 -0.000003
vn 0.000000 1.000000 -0.000003
vn 0.000000 1.000000 0.000000
vn 0.000000 1.000000 0.000000
vn 0.000000 1.000000 0.000000
vn 0.000000 1.000000 0.000000
vn 0.000000 1.000000 0.000000
vn 0.000000 1.000000 0.000000
vn -0.000000 -0.070314 -0.997525
vn -0.000000 -0.070314 -0.997525
vn 0.000000 -0.070314 -0.997525
vn 0.000000 -0.070314 -0.997525
vn 0.000005 -0.070313 -0.997525
vn 0.000005 -0.070313 -0.997525
vn -0.698527 -0.139989 0.701758
vn -0.698527 -0.139989 0.701758
vn -0.698527 -0.139989 0.701758
vn -0.698527 -0.139989 0.701758
vn -0.829220 0.558921 -0.000971
vn -0.829220 0.558921 -0.000971
vn -0.829220 0.558921 -0.000971
vn -0.829220 0.558921 -0.000971
vn 0.544929 0.838482 -0.000803
vn 0.544929 0.838482 -0.000803
vn 0.544929 0.838482 -0.000803
vn 0.544929 0.838482 -0.000803
vn 1.000000 -0.000006 -0.000950
vn 1.000000 -0.000006 -0.000950
vn 1.000000 -0.000006 -0.000950
vn 1.000000 -0.000006 -0.000950
vn -0.384481 0.923133 -0.000582
vn -0.384481 0.923133 -0.000582
vn -0.384481 0.923133 -0.000582
vn -0.384481 0.923133 -0.000582
vn -0.918741 0.394860 -0.000922
vn -0.918741 0.394860 -0.000922
vn -0.918741 0.394860 -0.000922
vn -0.918741 0.394860 -0.000922
vn -0.480233 0.877141 -0.000711
vn -0.480233 0.877141 -0.000711
vn -0.480233 0.877141 -0.000711
vn -0.480233 0.877140 -0.000711
vn -0.050028 0.733917 0.677394
vn -0.050028 0.733917 0.677394
vn -0.050028 0.733917 0.677394
vn -0.479538 0.876158 -0.048886
vn -0.479538 0.876158 -0.048886
vn -0.479538 0.876158 -0.048886
vn -0.480910 0.875792 0.041401
vn -0.480910 0.875792 0.041401
vn -0.480910 0.875792 0.041401
vn -0.053810 0.682804 -0.728617
vn -0.053810 0.682804 -0.728617
vn -0.053810 0.682804 -0.728617
vn -1.000000 0.000000 -0.000377
vn -1.000000 0.000000 -0.000377
vn -1.000000 0.000000 -0.000377
vn -1.000000 0.000000 -0.000377
vn -0.000000 -0.999999 0.001365
vn -0.000000 -0.999999 0.001365
vn -0.000000 -0.999999 0.001365
vn -0.000000 -0.999999 0.001365
vn 0.000012 0.999999 -0.001393
vn 0.000012 0.999999 -0.001393
vn 0.000012 0.999999 -0.001393
vn 0.000012 0.999999 -0.001393
vn 0.000042 0.641773 -0.766895
vn 0.000069 0.632473 -0.774583
vn 0.119742 0.560430 -0.819500
vn 0.021397 0.606141 -0.795069
vn -0.000361 0.670246 0.742139
vn -0.000236 0.665924 0.746020
vn 0.023227 0.678087 0.734614
vn 0.053324 0.677838 0.733275
vn -0.745515 0.666489 0.000037
vn -0.751554 0.659671 0.000060
vn -0.709803 0.704400 0.000793
vn -0.719033 0.694976 0.000526
vn -0.782616 0.620980 0.043543
vn -0.809079 0.544957 0.220030
vn -0.685792 0.720808 -0.100620
vn -0.681511 0.731069 -0.032876
vn 0.557857 0.572377 0.600982
vn 0.557857 0.572377 0.600982
vn 0.652718 0.149506 -0.742703
vn 0.652718 0.149506 -0.742703
vn -0.579971 0.484222 -0.655105
vn -0.579971 0.484222 -0.655105
vn -0.603119 0.056067 0.795679
vn -0.603119 0.056067 0.795679
vn -0.356969 0.417079 -0.835834
vn -0.301019 0.413107 -0.859494
vn 0.037854 0.360882 -0.931843
vn 0.037854 0.360882 -0.931843
vn -0.821466 0.449214 0.351283
vn -0.809114 0.440989 0.388410
vn -0.871997 0.488992 0.022554
vn -0.871997 0.488992 0.022554
vn 0.000117 -0.622946 -0.782265
vn 0.000117 -0.622946 -0.782265
vn 0.000117 -0.622946 -0.782265
vn 0.000117 -0.622946 -0.782265
vn 0.000117 -0.622942 0.782268
vn 0.000117 -0.622942 0.782268
vn 0.000117 -0.622942 0.782268
vn 0.000117 -0.622942 0.782268
vn -0.765951 -0.642898 0.000137
vn -0.765952 -0.642898 0.000137
vn -0.765952 -0.642898 0.000137
vn -0.765952 -0.642898 0.000137
vn -0.730584 -0.682822 0.000004
vn -0.730584 -0.682822 0.000004
vn -0.730584 -0.682822 0.000004
vn -0.730584 -0.682822 0.000004
vn -0.761072 -0.648668 -0.000122
vn -0.761072 -0.648668 -0.000122
vn -0.761072 -0.648668 -0.000122
vn -0.761072 -0.648668 -0.000122
vn -0.003298 -0.648798 0.760954
vn -0.003298 -0.648798 0.760954
vn -0.003298 -0.648798 0.760954
vn -0.003298 -0.648798 0.760954
vn -0.003298 -0.648819 -0.760936
vn -0.003298 -0.648819 -0.760936
vn -0.003298 -0.648819 -0.760936
vn -0.003298 -0.648819 -0.760936
vn -0.748237 -0.663427 0.002496
vn -0.748237 -0.663427 0.002496
vn -0.748237 -0.663427 0.002496
vn -0.748237 -0.663427 0.002496
vn -0.748478 -0.663149 -0.003660
vn -0.748478 -0.663149 -0.003660
vn -0.748478 -0.663149 -0.003660
vn -0.748478 -0.663149 -0.003660
vn -0.498579 -0.716248 -0.488271
vn -0.498579 -0.716248 -0.488271
vn -0.498579 -0.716248 -0.488271
vn -0.498579 -0.716248 -0.488271
vn -0.498592 -0.716234 0.488278
vn -0.498592 -0.716234 0.488278
vn -0.498592 -0.716234 0.488278
vn -0.498592 -0.716234 0.488278
vn -1.000000 0.000000 0.000000
vn -1.000000 0.000000 0.000000
vn -1.000000 0.000000 0.000000
vn -1.000000 0.000000 0.000000
vn 0.000000 0.000000 1.000000
vn 0.000000 0.000000 1.000000
vn 0.000000 0.000000 1.000000
vn 0.000000 0.000000 1.000000
vn 0.000000 0.000000 -1.000000
vn 0.000000 0.000000 -1.000000
vn 0.000000 0.000000 -1.000000
vn 0.000000 0.000000 -1.000000
vn -1.000000 0.000000 0.000000
vn -1.000000 0.000000 0.000000
vn -1.000000 0.000000 0.000000
vn -1.000000 0.000000 0.000000
vn -1.000000 0.000000 0.000000
vn -1.000000 0.000000 0.000000
vn -1.000000 0.000000 0.000000
vn -1.000000 0.000000 0.000000
vn -0.714530 -0.005350 -0.699584
vn -0.714530 -0.005350 -0.699584
vn -0.714530 -0.005350 -0.699584
vn -0.714530 -0.005350 -0.699584
vn -0.714528 -0.005339 0.699586
vn -0.714528 -0.005339 0.699586
vn -0.714528 -0.005339 0.699586
vn -0.714528 -0.005339 0.699586
vn -1.000000 0.000003 0.000000
vn -1.000000 0.000003 0.000000
vn -1.000000 0.000003 0.000000
vn -1.000000 0.000003 0.000000
vn 0.000000 0.000000 -1.000000
vn 0.000000 0.000000 -1.000000
vn 0.000000 0.000000 -1.000000
vn 0.000000 0.000000 -1.000000
vn 0.000000 0.000000 1.000000
vn 0.000000 0.000000 1.000000
vn 0.000000 0.000000 1.000000
vn 0.000000 0.000000 1.000000
vn -1.000000 0.000001 0.000000
vn -1.000000 0.000001 0.000000
vn -1.000000 0.000001 0.000000
vn -1.000000 0.000001 0.000000
vn 0.000000 1.000000 0.000000
vn 0.000000 1.000000 0.000000
vn 0.000000 1.000000 0.000000
vn 0.000000 1.000000 0.000000
vn 0.000000 1.000000 0.000000
vn 0.000000 1.000000 0.000000
vn 0.000000 1.000000 -0.000000
vn 0.000000 1.000000 0.000000
vn 0.000000 1.000000 0.000001
vn 0.000000 1.000000 0.000001
vn 0.000000 1.000000 0.000003
vn 0.000000 1.000000 0.000000
vn 0.000000 1.000000 -0.000000
vn 0.000000 1.000000 0.000000
vn 0.000000 1.000000 -0.000002
vn 0.000000 1.000000 0.000000
vn 0.000000 -1.000000 -0.000000
vn 0.000000 -1.000000 -0.000000
vn 0.000000 -1.000000 -0.000000
vn 0.000000 -1.000000 -0.000000
vn 0.000000 -1.000000 -0.000000
vn 0.000000 -1.000000 -0.000000
vn 0.000000 -1.000000 -0.000000
vn 0.000000 -1.000000 -0.000000
vn 0.000000 -1.000000 -0.000000
vn 0.000000 -1.000000 -0.000000
vn 0.000000 -1.000000 -0.000000
vn 0.000000 -1.000000 -0.000000
vn 0.000000 -1.000000 0.000000
vn 0.000000 -1.000000 0.000000
vn 0.000000 -1.000000 0.000000
vn 0.000000 -1.000000 0.000000
vn 0.000000 -1.000000 0.000000
vn 0.000000 -1.000000 0.000000
vn 0.000000 -1.000000 0.000000
vn 0.000000 -1.000000 0.000000
vn 0.000000 -1.000000 0.000001
vn 0.000000 -1.000000 0.000001
vn 0.000000 -1.000000 0.000001
vn 0.000000 -1.000000 0.000001
vn 0.000000 -1.000000 -0.000001
vn 0.000000 -1.000000 -0.000001
vn 0.000000 -1.000000 -0.000001
vn 0.000000 -1.000000 -0.000001
vn 0.000000 -1.000000 0.000000
vn 0.000000 -1.000000 0.000000
vn 0.000000 -1.000000 0.000000
vn 0.000000 -1.000000 0.000000
vn 0.000000 -1.000000 0.000000
vn 0.000000 -1.000000 0.000000
vn 0.000000 -1.000000 0.000000
vn 0.000000 -1.000000 0.000000
vn 0.000000 -1.000000 0.000000
vn 0.000000 -1.000000 0.000000
vn 0.000000 -1.000000 0.000000
vn 0.000000 -1.000000 0.000000
vn 0.000000 -1.000000 -0.000002
vn 0.000000 -1.000000 -0.000002
vn 0.000000 -1.000000 -0.000002
vn 0.000000 -1.000000 -0.000002
vn -0.999980 0.006259 0.000895
vn -0.999980 0.006257 0.000895
vn -1.000000 0.000000 0.000000
vn -1.000000 0.000000 0.000000
vn -0.000000 0.000000 1.000000
vn -0.000000 0.000000 1.000000
vn -0.000000 0.000000 1.000000
vn -0.000000 0.000000 1.000000
vn 0.000000 0.000000 -1.000000
vn 0.000000 0.000000 -1.000000
vn 0.000000 0.000000 -1.000000
vn 0.000000 0.000000 -1.000000
vn -1.000000 0.000000 0.000000
vn -1.000000 0.000000 0.000000
vn -0.999807 0.019431 0.002779
vn -0.999807 0.019431 0.002779
vn 0.004710 -0.184355 0.982849
vn 0.011838 -0.194979 0.980736
vn 0.019380 -0.236538 0.971429
vn 0.000000 1.000000 -0.000000
vn 0.000000 1.000000 -0.000000
vn 0.000000 -1.000000 0.000001
vn 0.000000 -1.000000 0.000001
vn 0.000000 -1.000000 0.000001
vn 0.000000 -1.000000 0.000001
vn 0.000000 0.663424 -0.748244
vn 0.000000 0.663424 -0.748244
vn 0.000000 0.663424 -0.748244
vn 0.000000 0.663424 -0.748244
vn -0.000014 -0.657354 -0.753582
vn -0.000014 -0.657354 -0.753582
vn -0.000010 0.435530 0.900174
vn -0.000010 0.435530 0.900174
vn -0.000010 0.435530 0.900174
vn -0.000010 0.435530 0.900174
vn 0.000000 0.979534 -0.201280
vn 0.000000 0.979534 -0.201280
vn 0.000000 0.979534 -0.201280
vn 0.000000 0.979534 -0.201280
vn -0.000000 -0.994762 -0.102217
vn -0.000000 -0.998182 -0.060272
vn 0.000000 0.000000 -1.000000
vn 0.000000 0.000000 -1.000000
vn -0.000053 0.544607 -0.838692
vn -0.000053 0.544607 -0.838692
vn -0.000000 -0.729654 0.683816
vn -0.000000 -0.729654 0.683816
vn -0.000000 -0.729656 -0.683814
vn -0.000000 -0.729656 -0.683814
vn 0.000000 -1.000000 0.000000
vn -0.000000 1.000000 -0.000001
vn -0.000000 1.000000 -0.000001
vn 0.000058 0.550862 0.834596
vn 0.000058 0.550862 0.834596
vn 0.000058 0.550862 0.834596
vn 0.000058 0.550862 0.834596
vn 0.000083 0.528547 -0.848904
vn 0.000083 0.528547 -0.848904
vn 0.000083 0.528547 -0.848904
vn 0.000083 0.528547 -0.848904
vn 0.000199 0.824407 -0.565998
vn 0.000199 0.824407 -0.565998
vn 0.000199 0.824407 -0.565998
vn 0.000199 0.824407 -0.565998
vn -0.000376 0.828855 0.559464
vn -0.000376 0.828855 0.559464
vn -0.000376 0.828855 0.559464
vn -0.000376 0.828855 0.559464
vn -0.000664 0.000000 1.000000
vn -0.000664 0.000000 1.000000
vn -0.000664 0.000000 1.000000
vn -0.000664 0.000000 1.000000
vn 0.000014 0.923865 0.382718
vn 0.000014 0.923865 0.382718
vn 0.000014 0.923865 0.382718
vn 0.000014 0.923865 0.382718
vn 0.000195 0.906545 -0.422109
vn 0.000195 0.906545 -0.422109
vn 0.000195 0.906545 -0.422109
vn 0.000195 0.906545 -0.422109
vn 0.000047 0.369421 0.929262
vn 0.000047 0.369421 0.929262
vn 0.000047 0.369421 0.929262
vn 0.000047 0.369421 0.929262
vn 0.000050 0.334833 -0.942278
vn 0.000050 0.334833 -0.942278
vn 0.000050 0.334833 -0.942278
vn 0.000050 0.334833 -0.942278
vn 0.000049 0.735779 0.677222
vn 0.000049 0.735779 0.677222
vn 0.000049 0.735779 0.677222
vn 0.000049 0.735779 0.677222
vn -0.000004 0.000000 1.000000
vn -0.000004 0.000000 1.000000
vn -0.000004 0.000000 1.000000
vn -0.000004 0.000000 1.000000
vn 0.000135 1.000000 0.000142
vn 0.000135 1.000000 0.000142
vn 0.000135 1.000000 0.000142
vn 0.000135 1.000000 0.000142
vn -0.000136 -1.000000 0.000151
vn -0.000136 -1.000000 0.000151
vn -0.000136 -1.000000 0.000151
vn -0.000136 -1.000000 0.000151
vn -0.000004 0.657349 -0.753586
vn -0.000004 0.657349 -0.753586
vn -0.000004 0.657352 0.753583
vn -0.000004 0.657352 0.753583
vn -0.000005 -0.665619 -0.746292
vn -0.000005 -0.665619 -0.746292
vn -0.000005 -0.665619 -0.746292
vn -0.000005 -0.665619 -0.746292
vn -0.000005 -0.665615 0.746295
vn -0.000005 -0.665615 0.746295
vn -0.000005 -0.665615 0.746295
vn -0.000005 -0.665615 0.746295
vn -0.000000 0.000000 -1.000000
vn -0.000000 0.000000 -1.000000
vn -0.000000 0.000000 -1.000000
vn -0.000000 0.000000 -1.000000
vn 0.000000 0.000000 1.000000
vn 0.000000 0.000000 1.000000
vn 0.000000 0.000000 1.000000
vn 0.000000 0.000000 1.000000
vn 0.000000 1.000000 0.000001
vn 0.000000 1.000000 0.000000
vn 0.000000 -1.000000 -0.000000
vn 0.000000 -1.000000 -0.000000
vn 0.000000 -1.000000 -0.000000
vn 0.000000 -1.000000 -0.000000
vn 0.000000 0.000000 -1.000000
vn 0.000000 0.000000 -1.000000
vn -0.001533 -0.075097 0.997175
vn 0.000000 -0.000006 1.000000
vn 0.000000 0.000000 1.000000
vn 0.000000 -1.000000 0.000000
vn 0.000000 -1.000000 0.000000
vn 0.000000 -1.000000 0.000000
vn 0.000000 -1.000000 0.000000
vn 0.000000 -0.170079 -0.985431
vn 0.000000 -0.182983 -0.983116
vn 0.000000 -1.000000 -0.000002
vn 0.000000 -1.000000 -0.000002
vn 0.000000 -1.000000 -0.000002
vn 0.000000 -1.000000 -0.000002
vn 0.000000 1.000000 0.000001
vn -0.000000 0.662932 0.748679
vn -0.000000 0.662932 0.748679
vn -0.000000 0.662932 0.748679
vn -0.000000 0.662932 0.748679
vn 0.000000 -1.000000 -0.000001
vn 0.000000 -1.000000 -0.000001
vn -0.000009 0.439653 -0.898168
vn -0.000009 0.439653 -0.898168
vn -0.000009 0.439653 -0.898168
vn -0.000009 0.439653 -0.898168
vn -0.000000 0.984380 0.176058
vn -0.000000 0.984380 0.176058
vn -0.000000 0.984380 0.176058
vn -0.000000 0.984380 0.176058
vn 0.000000 -0.143178 -0.989697
vn 0.000000 -0.108644 -0.994081
vn 0.000000 -0.108644 0.994081
vn 0.002523 -0.133818 0.991003
vn 0.000000 -0.997941 0.064133
vn 0.000000 -0.994816 0.101694
vn 0.000000 0.000000 1.000000
vn 0.000000 0.000000 1.000000
vn -0.000053 0.544605 0.838693
vn -0.000053 0.544605 0.838693
vn -0.000000 -0.070314 0.997525
vn -0.000000 -0.070314 0.997525
vn 0.000000 -1.000000 0.000000
vn -0.000000 1.000000 0.000001
vn -0.000000 1.000000 0.000001
vn -0.000000 -0.070314 -0.997525
vn -0.000000 -0.070314 -0.997525
vn 0.000000 1.000000 -0.000000
vn 0.000000 1.000000 -0.000000
vn 0.000000 1.000000 -0.000000
vn 0.000000 1.000000 -0.000000
vn 0.000273 -0.000001 -1.000000
vn 0.000273 -0.000001 -1.000000
vn 0.000273 -0.000001 -1.000000
vn 0.000273 -0.000001 -1.000000
vn 0.000050 0.684943 -0.728597
vn 0.000050 0.684943 -0.728597
vn 0.000050 0.684943 -0.728597
vn 0.000050 0.684943 -0.728597
vn 0.000001 0.000000 -1.000000
vn 0.000001 0.000000 -1.000000
vn 0.000001 0.000000 -1.000000
vn 0.000001 0.000000 -1.000000
vn -0.000129 -1.000000 -0.000139
vn -0.000129 -1.000000 -0.000139
vn -0.000129 -1.000000 -0.000139
vn -0.000129 -1.000000 -0.000139
vn 0.000141 1.000000 -0.000144
vn 0.000141 1.000000 -0.000144
vn 0.000141 1.000000 -0.000144
vn 0.000141 1.000000 -0.000144
vn 0.000000 1.000000 0.000000
vn 0.000000 -1.000000 0.000000
vn 0.000000 -1.000000 0.000000
vn 0.000000 -1.000000 0.000000
vn 0.000000 -1.000000 0.000000
vn 0.000000 -1.000000 0.000000
vn 0.000000 -1.000000 0.000000
vn 0.000000 0.000000 -1.000000
vn 0.000000 0.000000 -1.000000
vn 0.000000 -0.170079 -0.985430
vn 0.000000 -0.183309 -0.983055
vn 0.000000 -0.141786 -0.989897
vn 0.000000 -0.108644 -0.994081
vn -0.019558 -0.999632 -0.018799
vn -0.018725 -0.999648 -0.018800
vn 0.000000 -0.999823 -0.018812
vn 0.000000 -0.999823 -0.018812
vn -0.000001 -1.000000 0.000000
vn -0.000001 -1.000000 0.000000
vn -0.000001 -1.000000 0.000000
vn -0.000001 -1.000000 0.000000
vn 0.000000 1.000000 0.000000
vn 0.000000 1.000000 0.000000
vn -0.000001 -1.000000 0.000000
vn -0.000001 -1.000000 0.000000
vn -0.000001 -1.000000 0.000000
vn -0.000001 -1.000000 0.000000
vn 0.000000 1.000000 0.000000
vn 0.000000 0.984380 0.176056
vn 0.000000 0.984380 0.176056
vn 0.000000 0.984380 0.176056
vn 0.000000 0.984380 0.176056
vn 0.000000 0.663424 -0.748244
vn 0.000000 0.663424 -0.748244
vn 0.000000 0.663424 -0.748244
vn 0.000000 0.663424 -0.748244
vn 0.000000 0.000000 -1.000000
vn 0.000000 0.000000 -1.000000
vn 0.000000 0.000000 -1.000000
vn 0.000000 0.000000 -1.000000
vn 0.000000 -0.654633 -0.755947
vn 0.000000 -0.654633 -0.755947
vn 0.000000 0.735823 0.677174
vn 0.000000 0.735823 0.677174
vn 0.000000 0.735823 0.677174
vn 0.000000 0.735823 0.677174
vn 0.000000 0.437000 0.899461
vn 0.000000 0.437000 0.899461
vn 0.000000 0.437000 0.899461
vn 0.000000 0.437000 0.899461
vn 0.000000 1.000000 -0.000001
vn 0.000000 1.000000 -0.000001
vn -0.000000 -0.998153 -0.060755
vn 0.000000 -1.000000 0.000000
vn 0.000000 -0.997912 0.064595
vn 0.000000 -0.994816 0.101693
vn 0.000000 0.538811 -0.842427
vn 0.000000 0.538811 -0.842426
vn 0.000000 -0.070314 -0.997525
vn 0.000000 -0.070314 -0.997525
vn 0.000000 -0.729702 0.683766
vn 0.000000 -0.729702 0.683766
vn 0.000000 -0.729704 -0.683764
vn 0.000000 -0.729704 -0.683764
vn 0.000000 1.000000 0.000000
vn 0.000000 1.000000 0.000000
vn 0.000000 1.000000 0.000000
vn 0.000000 1.000000 0.000000
vn 0.000000 0.000000 1.000000
vn 0.000000 0.000000 1.000000
vn 0.000000 0.000000 1.000000
vn 0.000000 0.000000 1.000000
vn 0.000000 0.550723 0.834688
vn 0.000000 0.550723 0.834688
vn 0.000000 0.550723 0.834688
vn 0.000000 0.550723 0.834688
vn 0.000000 0.922953 0.384913
vn 0.000000 0.922953 0.384913
vn 0.000000 0.922953 0.384913
vn 0.000000 0.922953 0.384913
vn 0.000000 0.530192 -0.847878
vn 0.000000 0.530192 -0.847878
vn 0.000000 0.530192 -0.847878
vn 0.000000 0.530192 -0.847878
vn 0.000000 0.000000 -1.000000
vn 0.000000 0.000000 -1.000000
vn 0.000000 0.000000 -1.000000
vn 0.000000 0.000000 -1.000000
vn 0.000000 0.826454 -0.563004
vn 0.000000 0.826454 -0.563004
vn 0.000000 0.826454 -0.563004
vn 0.000000 0.826454 -0.563004
vn 0.000000 0.829907 0.557902
vn 0.000000 0.829907 0.557902
vn 0.000000 0.829907 0.557902
vn 0.000000 0.829907 0.557902
vn 0.000000 0.368659 0.929565
vn 0.000000 0.368659 0.929565
vn 0.000000 0.368659 0.929565
vn 0.000000 0.368659 0.929565
vn -0.000001 -1.000000 -0.000020
vn -0.000001 -1.000000 -0.000020
vn -0.000001 -1.000000 -0.000020
vn -0.000001 -1.000000 -0.000020
vn 0.000000 0.334027 -0.942564
vn 0.000000 0.334027 -0.942564
vn 0.000000 0.334027 -0.942564
vn 0.000000 0.334027 -0.942564
vn 0.000000 1.000000 -0.000027
vn 0.000000 1.000000 -0.000027
vn 0.000000 1.000000 -0.000027
vn 0.000000 1.000000 -0.000027
vn 0.000000 0.654634 -0.755946
vn 0.000000 0.654634 -0.755946
vn 0.000000 0.654634 0.755946
vn 0.000000 0.654634 0.755946
vn -0.000000 -0.662376 -0.749171
vn -0.000000 -0.662376 -0.749171
vn -0.000000 -0.662376 -0.749171
vn -0.000000 -0.662376 -0.749171
vn 0.000000 -0.662357 0.749189
vn 0.000000 -0.662357 0.749188
vn 0.000000 -0.662357 0.749189
vn 0.000000 -0.662357 0.749188
vn -0.000533 -0.002036 0.999998
vn -0.000290 -0.003031 0.999995
vn 0.000000 -0.003202 0.999995
vn 0.000000 -0.002147 0.999998
vn -0.001131 -0.002496 0.999996
vn -1.000000 0.000000 0.000000
vn -0.998647 -0.051984 -0.000968
vn -0.997611 -0.069073 -0.001286
vn -0.107288 -0.003183 0.994223
vn -0.436980 -0.000833 0.899471
vn -0.422421 -0.027213 0.905991
vn -0.431800 -0.015384 0.901838
vn -0.420546 -0.046470 0.906080
vn -0.485338 -0.026028 0.873939
vn -0.000243 -0.004993 0.999988
vn -0.000121 -0.003945 0.999992
vn 0.000493 -0.003931 0.999992
vn -0.000217 -0.004774 0.999989
vn 0.000466 -0.004614 0.999989
vn 0.000438 -0.004652 0.999989
vn -0.073640 -0.011165 0.997222
vn 0.000000 -0.004221 0.999991
vn 0.000000 -0.004221 0.999991
vn 0.000000 -0.004223 0.999991
vn 0.000001 -0.002727 0.999996
vn 0.838195 0.545371 0.000000
vn 0.838195 0.545371 0.000000
vn 0.838195 0.545371 0.000000
vn 0.838195 0.545371 0.000000
vn 0.963735 -0.266861 0.000000
vn 0.963735 -0.266861 0.000000
vn 0.963735 -0.266861 0.000000
vn 0.963735 -0.266861 0.000000
vn 1.000000 0.000000 0.000000
vn 1.000000 0.000000 0.000000
vn 1.000000 0.000000 0.000000
vn 1.000000 0.000000 0.000000
vn 0.707099 0.707114 0.000000
vn 0.707099 0.707114 0.000000
vn 0.707099 0.707114 0.000000
vn 0.707099 0.707114 0.000000
vn 0.000000 0.000000 1.000000
vn 0.000000 0.000000 1.000000
vn 0.000000 0.000000 1.000000
vn -0.010271 -0.999947 -0.000068
vn -0.382764 -0.923843 -0.002530
vn -0.382764 -0.923843 -0.002530
vn -0.009679 -0.999953 -0.000064
vn -0.923954 -0.382498 -0.002302
vn -0.999094 -0.042558 -0.000256
vn -0.994788 -0.101967 -0.000614
vn -0.923954 -0.382498 -0.002302
vn -0.001670 -0.628097 0.778134
vn -1.000000 -0.000000 0.000000
vn -0.434170 -0.017481 0.900661
vn -0.260125 -0.312920 0.913464
vn -0.166661 -0.166165 0.971912
vn 0.000198 -0.002111 0.999998
vn -0.000073 -0.003084 0.999995
vn 0.066145 -0.126227 0.989794
vn 0.066145 -0.126227 0.989794
vn 0.066145 -0.126227 0.989794
vn 0.066145 -0.126227 0.989794
vn -0.004321 -0.158493 0.987351
vn -0.653242 -0.084567 -0.752412
vn -0.653242 -0.084567 -0.752412
vn -0.653242 -0.084567 -0.752412
vn -0.653242 -0.084567 -0.752412
vn 0.680833 0.085165 0.727470
vn 0.680833 0.085165 0.727470
vn 0.680834 0.085165 0.727470
vn 0.680834 0.085165 0.727470
vn 0.493004 -0.528676 0.690976
vn 0.493004 -0.528676 0.690976
vn 0.493004 -0.528676 0.690976
vn 0.493004 -0.528676 0.690976
vn -0.678648 -0.345108 -0.648335
vn -0.678648 -0.345108 -0.648335
vn -0.678648 -0.345108 -0.648335
vn -0.678648 -0.345108 -0.648335
vn 0.671944 0.051244 0.738827
vn 0.671944 0.051244 0.738827
vn 0.671944 0.051244 0.738827
vn 0.671944 0.051244 0.738827
vn -0.641939 -0.049920 -0.765129
vn -0.641939 -0.049920 -0.765129
vn -0.641939 -0.049920 -0.765129
vn -0.641939 -0.049920 -0.765129
vn 0.663493 -0.196647 0.721877
vn 0.663493 -0.196647 0.721877
vn 0.663493 -0.196647 0.721877
vn 0.663493 -0.196647 0.721877
vn -0.124716 -0.982806 -0.136158
vn -0.124716 -0.982806 -0.136158
vn -0.124716 -0.982806 -0.136158
vn -0.124716 -0.982806 -0.136158
vn -0.633154 0.203462 -0.746806
vn -0.633154 0.203462 -0.746806
vn -0.633154 0.203462 -0.746806
vn -0.633154 0.203462 -0.746806
vn 0.033029 -0.998726 0.038144
vn 0.033029 -0.998726 0.038144
vn 0.033029 -0.998726 0.038144
vn 0.033029 -0.998726 0.038144
vn 0.004133 -0.999981 0.004630
vn 0.004133 -0.999981 0.004630
vn 0.004133 -0.999981 0.004630
vn 0.004133 -0.999981 0.004630
vn -0.647222 -0.094391 -0.756435
vn -0.647222 -0.094391 -0.756435
vn -0.647222 -0.094391 -0.756435
vn -0.647222 -0.094391 -0.756435
vn 0.674659 0.095020 0.731988
vn 0.674660 0.095020 0.731988
vn 0.674660 0.095020 0.731988
vn 0.674660 0.095020 0.731988
vn -0.654627 -0.084629 0.751200
vn -0.654627 -0.084629 0.751200
vn -0.654627 -0.084629 0.751200
vn -0.654627 -0.084629 0.751200
vn 0.679178 0.084838 -0.729054
vn 0.679178 0.084838 -0.729054
vn 0.679178 0.084838 -0.729054
vn 0.679178 0.084838 -0.729054
vn 0.611030 -0.223532 -0.759392
vn 0.611030 -0.223532 -0.759392
vn 0.611030 -0.223532 -0.759392
vn 0.611030 -0.223532 -0.759392
vn -0.631593 -0.226405 0.741506
vn -0.631593 -0.226405 0.741506
vn -0.631593 -0.226405 0.741506
vn -0.631593 -0.226405 0.741506
vn -0.645065 -0.050159 0.762479
vn -0.645065 -0.050159 0.762479
vn -0.645065 -0.050159 0.762479
vn -0.645065 -0.050159 0.762479
vn 0.671944 0.051245 -0.738827
vn 0.671944 0.051245 -0.738827
vn 0.671944 0.051245 -0.738827
vn 0.671944 0.051245 -0.738827
vn 0.663490 -0.196660 -0.721876
vn 0.663490 -0.196660 -0.721876
vn 0.663491 -0.196660 -0.721876
vn 0.663491 -0.196660 -0.721876
vn -0.124678 -0.982816 0.136121
vn -0.124678 -0.982816 0.136121
vn -0.124678 -0.982816 0.136121
vn -0.124678 -0.982816 0.136121
vn -0.636132 0.204093 0.744098
vn -0.636132 0.204093 0.744098
vn -0.636132 0.204093 0.744098
vn -0.636132 0.204093 0.744098
vn 0.054462 -0.996549 -0.062635
vn 0.054462 -0.996549 -0.062635
vn 0.054462 -0.996549 -0.062635
vn 0.054462 -0.996549 -0.062635
vn 0.004134 -0.999981 -0.004633
vn 0.004134 -0.999981 -0.004633
vn 0.004134 -0.999981 -0.004633
vn 0.004134 -0.999981 -0.004633
vn 0.674662 0.095020 -0.731985
vn 0.674662 0.095020 -0.731985
vn 0.674662 0.095020 -0.731985
vn 0.674662 0.095020 -0.731985
vn -0.650313 -0.094841 0.753723
vn -0.650313 -0.094841 0.753723
vn -0.650313 -0.094841 0.753723
vn -0.650313 -0.094841 0.753723
vn 0.689052 0.000000 0.724712
vn 0.689052 0.000000 0.724712
vn 0.689052 0.000000 0.724712
vn 0.689052 0.000000 0.724712
vn -0.000002 0.000000 1.000000
vn -0.000002 0.000000 1.000000
vn -0.000002 0.000000 1.000000
vn -0.000002 0.000000 1.000000
vn -0.661620 0.000000 -0.749840
vn -0.661620 0.000000 -0.749840
vn -0.661620 0.000000 -0.749840
vn -0.661620 0.000000 -0.749840
vn -1.000000 0.000000 0.000000
vn -1.000000 0.000000 0.000000
vn -1.000000 0.000000 0.000000
vn -1.000000 0.000000 0.000000
vn -0.720464 0.000000 0.693492
vn -0.720464 0.000000 0.693492
vn -0.720464 0.000000 0.693492
vn -0.720464 0.000000 0.693492
vn -0.009694 0.524189 0.851547
vn -0.009694 0.524189 0.851547
vn -0.366941 0.472598 0.801252
vn -0.328071 0.481801 0.812550
vn 0.000000 1.000000 -0.000001
vn 0.000000 1.000000 -0.000001
vn 0.671174 -0.008544 -0.741251
vn 0.671174 -0.008544 -0.741251
vn 0.671174 -0.008544 -0.741251
vn 0.671174 -0.008544 -0.741251
vn 0.040528 -0.020265 -0.998973
vn 0.040528 -0.020265 -0.998973
vn 0.040528 -0.020265 -0.998973
vn 0.040528 -0.020265 -0.998973
vn -0.612426 0.036135 0.789702
vn -0.612426 0.036135 0.789702
vn -0.612426 0.036135 0.789702
vn -0.612426 0.036135 0.789702
vn -0.995426 -0.016629 0.094076
vn -0.995426 -0.016629 0.094076
vn -0.995426 -0.016629 0.094076
vn -0.995426 -0.016629 0.094076
vn -0.721241 -0.008773 -0.692629
vn -0.721241 -0.008773 -0.692629
vn -0.721241 -0.008773 -0.692629
vn -0.721241 -0.008773 -0.692629
vn -0.934498 0.341854 0.099243
vn -0.934498 0.341854 0.099243
vn -0.868049 0.407178 -0.284073
vn -0.838586 0.412695 -0.355607
vn 0.000000 1.000000 0.000000
vn 0.000000 1.000000 0.000000
vn 0.000000 -1.000000 0.000000
vn 0.000000 -1.000000 0.000000
vn 0.000000 1.000000 0.000000
vn 0.000000 1.000000 0.000000
vn -0.000001 -1.000000 0.000000
vn -0.000001 -1.000000 0.000000
vn -0.000001 -1.000000 0.000000
vn -0.000001 -1.000000 0.000000
vn 0.000000 0.662930 0.748681
vn 0.000000 0.662930 0.748681
vn 0.000000 0.662930 0.748681
vn 0.000000 0.662930 0.748681
vn 0.000000 -1.000000 0.000000
vn 0.000000 -1.000000 0.000000
vn -0.000000 0.437927 -0.899011
vn -0.000000 0.437927 -0.899011
vn -0.000000 0.437927 -0.899011
vn -0.000000 0.437927 -0.899011
vn 0.000000 0.979534 -0.201280
vn 0.000000 0.979534 -0.201280
vn 0.000000 0.979534 -0.201280
vn 0.000000 0.979534 -0.201280
vn 0.000000 -0.108644 0.994081
vn 0.000000 -0.128007 0.991773
vn -0.000000 -0.994762 -0.102216
vn 0.000000 0.000000 1.000000
vn 0.000000 0.000000 1.000000
vn 0.000000 1.000000 0.000002
vn 0.000000 1.000000 0.000002
vn 0.000000 0.538807 0.842429
vn 0.000000 0.538807 0.842429
vn 0.000000 -0.070314 0.997525
vn 0.000000 -0.070314 0.997525
vn 0.000000 -1.000000 0.000000
vn 0.000000 0.000000 -1.000000
vn 0.000000 0.000000 -1.000000
vn 0.000000 0.000000 -1.000000
vn 0.000000 0.000000 -1.000000
vn 0.000000 0.907273 -0.420543
vn 0.000000 0.907273 -0.420543
vn 0.000000 0.907273 -0.420543
vn 0.000000 0.907273 -0.420543
vn 0.000000 1.000000 0.000027
vn 0.000000 1.000000 0.000027
vn 0.000000 1.000000 0.000027
vn 0.000000 1.000000 0.000027
vn 0.000000 0.684994 -0.728549
vn 0.000000 0.684994 -0.728549
vn 0.000000 0.684994 -0.728549
vn 0.000000 0.684994 -0.728549
vn 0.000000 0.000000 1.000000
vn 0.000000 0.000000 1.000000
vn 0.000000 0.000000 1.000000
vn 0.000000 0.000000 1.000000
vn -0.000001 -1.000000 0.000020
vn -0.000001 -1.000000 0.000020
vn -0.000001 -1.000000 0.000020
vn -0.000001 -1.000000 0.000020
vn 0.000000 0.000000 -1.000000
vn 0.000000 0.000000 -1.000000
vn 0.000000 1.000000 0.000000
vn -0.000001 -1.000000 0.000000
vn -0.000001 -1.000000 0.000000
vn -0.000001 -1.000000 0.000000
vn -0.000001 -1.000000 0.000000
vn 0.000000 0.000000 1.000000
vn 0.000000 0.000000 1.000000
vn 0.000000 0.000000 1.000000
vn 0.000000 0.000000 1.000000
vn -0.000000 -0.005508 0.999985
vn 0.000000 -0.005508 0.999985
vn -0.000303 -0.005508 0.999985
vn 0.000000 -0.005449 0.999985
vn 0.000000 -0.005449 0.999985
vn 0.394356 -0.918958 0.000000
vn 0.394356 -0.918958 0.000000
vn 0.394356 -0.918958 0.000000
vn 0.394356 -0.918958 0.000000
vn -0.000000 -0.159235 0.987241
vn -0.004795 -0.159190 0.987236
vn 0.000000 0.000000 1.000000
vn -1.000000 -0.000006 0.000000
vn -1.000000 0.000004 0.000002
vn -1.000000 0.000006 0.000000
vn -1.000000 0.000003 0.000000
vn -1.000000 0.000044 0.000014
vn -1.000000 0.000036 0.000029
vn -1.000000 -0.000052 0.000017
vn -1.000000 0.000043 0.000029
vn -1.000000 0.000012 0.000000
vn -1.000000 0.000000 0.000000
vn -1.000000 -0.000006 0.000000
vn -1.000000 0.000000 0.000000
vn 1.000000 -0.000036 0.000024
vn 1.000000 -0.000007 -0.000001
vn 1.000000 -0.000049 0.000036
vn 1.000000 -0.000048 0.000049
vn 1.000000 -0.000014 0.000058
vn 1.000000 -0.000072 0.000064
vn 1.000000 0.000059 -0.000002
vn 1.000000 -0.000121 -0.000025
vn 1.000000 -0.000031 -0.000050
vn 1.000000 -0.000038 -0.000036
vn 1.000000 -0.000061 -0.000023
vn 1.000000 -0.000058 0.000001
vn 0.000000 0.938614 -0.344970
vn 0.000000 0.999946 -0.010399
vn 0.000000 0.999946 -0.010399
vn 0.000000 0.938614 -0.344970
vn 0.000000 0.802868 -0.596156
vn 0.000000 0.802868 -0.596156
vn 0.000000 0.579386 -0.815053
vn 0.000000 0.579386 -0.815053
vn 0.000000 0.254038 -0.967194
vn 0.000000 0.254038 -0.967194
vn 0.000000 -0.057601 -0.998340
vn 0.000000 -0.057609 -0.998339
vn 0.000000 0.060173 0.998188
vn 0.000000 0.362476 0.931993
vn 0.000000 0.362472 0.931995
vn 0.000000 0.060179 0.998188
vn 0.000000 0.596163 0.802863
vn 0.000000 0.596163 0.802863
vn 0.000000 0.815050 0.579391
vn 0.000000 0.815050 0.579391
vn 0.000000 0.945569 0.325421
vn 0.000000 0.945569 0.325421
vn 0.000000 0.938617 -0.344962
vn 0.000000 0.999946 -0.010401
vn 0.000000 0.999946 -0.010401
vn 0.000000 0.938617 -0.344962
vn 0.000000 0.802872 -0.596151
vn 0.000000 0.802872 -0.596151
vn 0.000000 0.579379 -0.815058
vn 0.000000 0.579379 -0.815058
vn 0.000000 0.254003 -0.967203
vn 0.000000 0.253997 -0.967205
vn 0.000000 -0.057611 -0.998339
vn 0.000000 -0.057616 -0.998339
vn 0.000000 0.060157 0.998189
vn 0.000000 0.362468 0.931996
vn 0.000000 0.362472 0.931995
vn 0.000000 0.060170 0.998188
vn 0.000000 0.596161 0.802865
vn 0.000000 0.596161 0.802865
vn 0.000000 0.815053 0.579387
vn 0.000000 0.815053 0.579387
vn 0.000000 0.945569 0.325421
vn 0.000000 0.945569 0.325421
vn 0.000000 0.938612 -0.344974
vn 0.000000 0.999946 -0.010405
vn 0.000000 0.999946 -0.010405
vn 0.000000 0.938612 -0.344974
vn 0.000000 0.802866 -0.596160
vn 0.000000 0.802866 -0.596160
vn 0.000000 0.579390 -0.815050
vn 0.000000 0.579390 -0.815050
vn 0.000000 0.254050 -0.967191
vn 0.000000 0.254050 -0.967191
vn -0.000020 -0.057608 -0.998339
vn -0.000020 -0.057601 -0.998340
vn 0.000000 0.060140 0.998190
vn 0.000000 0.362465 0.931997
vn 0.000000 0.362465 0.931997
vn 0.000000 0.060140 0.998190
vn 0.000000 0.596162 0.802864
vn 0.000000 0.596162 0.802864
vn 0.000000 0.815052 0.579388
vn 0.000000 0.815052 0.579388
vn 0.000000 0.945570 0.325420
vn 0.000000 0.945570 0.325420
vn 0.000000 0.938611 -0.344977
vn 0.000000 0.999946 -0.010400
vn 0.000000 0.999946 -0.010400
vn 0.000000 0.938611 -0.344977
vn 0.000000 0.802859 -0.596169
vn 0.000000 0.802859 -0.596169
vn 0.000000 0.579382 -0.815056
vn 0.000000 0.579382 -0.815056
vn 0.000000 0.254042 -0.967193
vn 0.000000 0.254042 -0.967193
vn 0.000000 -0.057600 -0.998340
vn 0.000000 -0.057588 -0.998340
vn 0.000000 0.060134 0.998190
vn 0.000000 0.362457 0.932000
vn 0.000000 0.362457 0.932000
vn 0.000000 0.060134 0.998190
vn 0.000000 0.596154 0.802870
vn 0.000000 0.596154 0.802870
vn 0.000000 0.815051 0.579389
vn 0.000000 0.815051 0.579389
vn 0.000000 0.945570 0.325420
vn 0.000000 0.945570 0.325420
vn 0.000000 0.886262 -0.463185
vn 0.000000 0.886262 -0.463185
vn 0.000000 0.802888 -0.596130
vn 0.000000 0.802888 -0.596130
vn 0.000000 0.579369 -0.815065
vn 0.000000 0.579369 -0.815065
vn 0.000000 0.258302 -0.966064
vn 0.000000 0.258297 -0.966066
vn 0.000000 -0.053191 -0.998584
vn 0.000000 -0.053195 -0.998584
vn -0.000001 0.055418 0.998463
vn -0.000001 0.055418 0.998463
vn -0.000000 0.358485 0.933535
vn -0.000000 0.358489 0.933534
vn 0.000000 0.596142 0.802879
vn 0.000000 0.596142 0.802879
vn 0.000000 0.815076 0.579355
vn 0.000000 0.815076 0.579355
vn 0.000000 0.895675 0.444709
vn 0.000000 0.895675 0.444709
vn 0.000000 0.999937 0.011214
vn 0.000000 0.999937 0.011214
vn 0.000000 0.999937 0.011214
vn 0.000000 0.999937 0.011214
vn 0.000000 0.999936 0.011352
vn 0.000000 0.999936 0.011352
vn 0.000000 0.999936 0.011352
vn 0.000000 0.999936 0.011352
vn 0.000000 0.915773 -0.401696
vn 0.000000 0.915773 -0.401696
vn 0.000000 0.802888 -0.596130
vn 0.000000 0.802888 -0.596130
vn 0.000000 0.579372 -0.815063
vn 0.000000 0.579372 -0.815063
vn 0.000000 0.258304 -0.966064
vn 0.000000 0.258309 -0.966062
vn 0.000000 -0.053191 -0.998584
vn 0.000000 -0.053191 -0.998584
vn -0.000000 0.055423 0.998463
vn -0.000000 0.055435 0.998462
vn 0.000000 0.358495 0.933532
vn 0.000000 0.358495 0.933532
vn 0.000000 0.596142 0.802879
vn 0.000000 0.596142 0.802879
vn 0.000000 0.815075 0.579356
vn 0.000000 0.815075 0.579356
vn 0.000000 0.923912 0.382606
vn 0.000000 0.923912 0.382606
vn 0.000000 0.999946 -0.010370
vn 0.000000 0.999946 -0.010370
vn 0.000000 0.886257 -0.463193
vn 0.000000 0.886257 -0.463193
vn 0.000000 0.802887 -0.596131
vn 0.000000 0.802887 -0.596131
vn 0.000000 0.579373 -0.815063
vn 0.000000 0.579373 -0.815063
vn 0.000000 0.258310 -0.966062
vn 0.000000 0.258305 -0.966063
vn -0.000000 -0.053187 -0.998585
vn -0.000000 -0.053199 -0.998584
vn -0.000001 0.055414 0.998464
vn -0.000001 0.055431 0.998463
vn -0.000000 0.358483 0.933536
vn -0.000000 0.358487 0.933535
vn 0.000000 0.596140 0.802880
vn 0.000000 0.596140 0.802880
vn 0.000000 0.815077 0.579353
vn 0.000000 0.815077 0.579353
vn 0.000000 0.895675 0.444708
vn 0.000000 0.895675 0.444708
vn 0.000000 0.999937 0.011218
vn 0.000000 0.999937 0.011218
vn 0.000000 0.999937 0.011218
vn 0.000000 0.999937 0.011218
vn 0.000000 0.999936 0.011356
vn 0.000000 0.999936 0.011356
vn 0.000000 0.999936 0.011356
vn 0.000000 0.999936 0.011356
vn 0.000000 0.915774 -0.401694
vn 0.000000 0.915774 -0.401694
vn 0.000000 0.802887 -0.596131
vn 0.000000 0.802887 -0.596131
vn 0.000000 0.579372 -0.815064
vn 0.000000 0.579372 -0.815064
vn 0.000000 0.258303 -0.966064
vn 0.000000 0.258303 -0.966064
vn 0.000000 -0.053190 -0.998584
vn 0.000000 -0.053190 -0.998584
vn -0.000001 0.055424 0.998463
vn -0.000001 0.055424 0.998463
vn -0.000000 0.358496 0.933531
vn -0.000000 0.358500 0.933530
vn 0.000000 0.596142 0.802879
vn 0.000000 0.596142 0.802879
vn 0.000000 0.815074 0.579357
vn 0.000000 0.815074 0.579357
vn 0.000000 0.923912 0.382604
vn 0.000000 0.923912 0.382604
vn 0.000000 0.999946 -0.010370
vn 0.000000 0.999946 -0.010370
vn 0.000000 0.886263 -0.463183
vn 0.000000 0.886263 -0.463183
vn 0.000000 0.802889 -0.596128
vn 0.000000 0.802889 -0.596128
vn 0.000000 0.579371 -0.815064
vn 0.000000 0.579371 -0.815064
vn 0.000000 0.258304 -0.966064
vn 0.000000 0.258309 -0.966062
vn -0.000000 -0.053183 -0.998585
vn -0.000000 -0.053191 -0.998584
vn -0.000001 0.055423 0.998463
vn -0.000001 0.055418 0.998463
vn -0.000000 0.358492 0.933533
vn -0.000000 0.358485 0.933536
vn 0.000000 0.596144 0.802878
vn 0.000000 0.596144 0.802878
vn 0.000000 0.815074 0.579357
vn 0.000000 0.815074 0.579357
vn 0.000000 0.895671 0.444717
vn 0.000000 0.895671 0.444717
vn 0.000000 0.999937 0.011186
vn 0.000000 0.999937 0.011186
vn 0.000000 0.999937 0.011186
vn 0.000000 0.999937 0.011186
vn 0.000000 0.999935 0.011378
vn 0.000000 0.999935 0.011378
vn 0.000000 0.999935 0.011378
vn 0.000000 0.999935 0.011378
vn -1.000000 0.000045 0.000000
vn -1.000000 0.000045 0.000000
vn -1.000000 0.000045 0.000000
vn -1.000000 0.000045 0.000000
vn 1.000000 0.000000 0.000000
vn 1.000000 0.000000 0.000000
vn 1.000000 0.000000 0.000000
vn 1.000000 0.000000 0.000000
vn 1.000000 0.000053 0.000000
vn 1.000000 0.000053 0.000000
vn 1.000000 0.000053 0.000000
vn 1.000000 0.000053 0.000000
vn -1.000000 0.000000 0.000000
vn -1.000000 0.000000 0.000000
vn -1.000000 0.000000 0.000000
vn -1.000000 0.000000 0.000000
vn 1.000000 -0.000053 0.000000
vn 1.000000 -0.000053 0.000000
vn 1.000000 -0.000053 0.000000
vn 1.000000 -0.000053 0.000000
vn -1.000000 0.000000 0.000000
vn -1.000000 0.000000 0.000000
vn -1.000000 0.000000 0.000000
vn -1.000000 0.000000 0.000000
vn 1.000000 0.000027 0.000000
vn 1.000000 0.000027 0.000000
vn 1.000000 0.000027 0.000000
vn 1.000000 0.000027 0.000000
vn -1.000000 0.000000 0.000000
vn -1.000000 0.000000 0.000000
vn -1.000000 0.000000 0.000000
vn -1.000000 0.000000 0.000000
vn 1.000000 -0.000013 0.000000
vn 1.000000 -0.000013 0.000000
vn 1.000000 -0.000006 0.000000
vn 1.000000 -0.000007 0.000000
vn -1.000000 -0.000007 -0.000132
vn -1.000000 -0.000006 -0.000132
vn -1.000000 -0.000038 -0.000132
vn -1.000000 -0.000038 -0.000132
vn 1.000000 0.000063 0.000075
vn 1.000000 0.000060 0.000072
vn 1.000000 -0.000014 0.000000
vn 1.000000 -0.000014 0.000000
vn -1.000000 0.000070 0.000112
vn -1.000000 0.000070 0.000112
vn -1.000000 0.000008 0.000181
vn -1.000000 0.000006 0.000183
vn 1.000000 0.000000 0.000000
vn 1.000000 0.000000 0.000000
vn 1.000000 0.000000 0.000000
vn 1.000000 0.000000 0.000000
vn -1.000000 0.000000 0.000000
vn -1.000000 0.000000 0.000000
vn -1.000000 0.000000 0.000000
vn -1.000000 0.000000 0.000000
vn 1.000000 0.000000 0.000000
vn 1.000000 0.000000 0.000000
vn 1.000000 0.000000 0.000000
vn 1.000000 0.000000 0.000000
vn -1.000000 -0.000053 0.000000
vn -1.000000 -0.000053 0.000000
vn -1.000000 -0.000053 0.000000
vn -1.000000 -0.000053 0.000000
vn 1.000000 0.000000 0.000000
vn 1.000000 0.000000 0.000000
vn 1.000000 0.000000 0.000000
vn 1.000000 0.000000 0.000000
vn -1.000000 0.000000 0.000000
vn -1.000000 0.000000 0.000000
vn -1.000000 0.000000 0.000000
vn -1.000000 0.000000 0.000000
vn 1.000000 0.000000 0.000000
vn 1.000000 0.000000 0.000000
vn 1.000000 0.000000 0.000000
vn 1.000000 0.000000 0.000000
vn -1.000000 -0.000045 0.000000
vn -1.000000 -0.000045 0.000000
vn -1.000000 -0.000045 0.000000
vn -1.000000 -0.000045 0.000000
vn -1.000000 -0.000045 0.000000
vn -1.000000 -0.000045 0.000000
vn -1.000000 -0.000045 0.000000
vn -1.000000 -0.000045 0.000000
vn 1.000000 -0.000045 0.000000
vn 1.000000 -0.000045 0.000000
vn 1.000000 -0.000045 0.000000
vn 1.000000 -0.000045 0.000000
vn 1.000000 0.000000 0.000000
vn 1.000000 0.000000 0.000000
vn 1.000000 0.000000 0.000000
vn 1.000000 0.000000 0.000000
vn -1.000000 -0.000053 0.000000
vn -1.000000 -0.000053 0.000000
vn -1.000000 -0.000053 0.000000
vn -1.000000 -0.000053 0.000000
vn 1.000000 0.000000 0.000000
vn 1.000000 0.000000 0.000000
vn 1.000000 0.000000 0.000000
vn 1.000000 0.000000 0.000000
vn -1.000000 0.000053 0.000000
vn -1.000000 0.000053 0.000000
vn -1.000000 0.000053 0.000000
vn -1.000000 0.000053 0.000000
vn 1.000000 0.000000 0.000000
vn 1.000000 0.000000 0.000000
vn 1.000000 0.000000 0.000000
vn 1.000000 0.000000 0.000000
vn -1.000000 0.000000 0.000000
vn -1.000000 0.000000 0.000000
vn -1.000000 0.000000 0.000000
vn -1.000000 0.000000 0.000000
vn 1.000000 -0.000113 0.000238
vn 1.000000 -0.000113 0.000238
vn 1.000000 -0.000005 0.000298
vn 1.000000 -0.000008 0.000296
vn -1.000000 0.000075 0.000224
vn -1.000000 0.000080 0.000228
vn -1.000000 -0.000075 0.000119
vn -1.000000 -0.000075 0.000119
vn 1.000000 -0.000050 0.000375
vn 1.000000 -0.000046 0.000366
vn 1.000000 0.000042 0.000112
vn 1.000000 0.000042 0.000112
vn -1.000000 -0.000014 0.000131
vn -1.000000 -0.000014 0.000131
vn -1.000000 0.000074 0.000012
vn -1.000000 0.000077 0.000008
vn 1.000000 0.000027 0.000000
vn 1.000000 0.000027 0.000000
vn 1.000000 0.000027 0.000000
vn 1.000000 0.000027 0.000000
vn -1.000000 0.000000 0.000000
vn -1.000000 0.000000 0.000000
vn -1.000000 0.000000 0.000000
vn -1.000000 0.000000 0.000000
vn 1.000000 0.000000 0.000000
vn 1.000000 0.000000 0.000000
vn 1.000000 0.000000 0.000000
vn 1.000000 0.000000 0.000000
vn -1.000000 0.000000 0.000000
vn -1.000000 0.000000 0.000000
vn -1.000000 0.000000 0.000000
vn -1.000000 0.000000 0.000000
vn 1.000000 -0.000053 0.000000
vn 1.000000 -0.000053 0.000000
vn 1.000000 -0.000053 0.000000
vn 1.000000 -0.000053 0.000000
vn -1.000000 0.000000 0.000000
vn -1.000000 0.000000 0.000000
vn -1.000000 0.000000 0.000000
vn -1.000000 0.000000 0.000000
vn 1.000000 0.000045 0.000000
vn 1.000000 0.000045 0.000000
vn 1.000000 0.000045 0.000000
vn 1.000000 0.000045 0.000000
vn -1.000000 0.000000 0.000000
vn -1.000000 0.000000 0.000000
vn -1.000000 0.000000 0.000000
vn -1.000000 0.000000 0.000000
vn -1.000000 0.000000 0.000000
vn -1.000000 0.000000 0.000000
vn -1.000000 0.000000 0.000000
vn -1.000000 0.000000 0.000000
vn 1.000000 0.000000 0.000000
vn 1.000000 0.000000 0.000000
vn 1.000000 0.000000 0.000000
vn 1.000000 0.000000 0.000000
vn 1.000000 0.000000 0.000000
vn 1.000000 0.000000 0.000000
vn 1.000000 0.000000 0.000000
vn 1.000000 0.000000 0.000000
vn -1.000000 0.000000 0.000000
vn -1.000000 0.000000 0.000000
vn -1.000000 0.000000 0.000000
vn -1.000000 0.000000 0.000000
vn 1.000000 0.000000 0.000000
vn 1.000000 0.000000 0.000000
vn 1.000000 0.000000 0.000000
vn 1.000000 0.000000 0.000000
vn -1.000000 0.000053 0.000000
vn -1.000000 0.000053 0.000000
vn -1.000000 0.000053 0.000000
vn -1.000000 0.000053 0.000000
vn 1.000000 -0.000027 0.000000
vn 1.000000 -0.000027 0.000000
vn 1.000000 -0.000027 0.000000
vn 1.000000 -0.000027 0.000000
vn -1.000000 -0.000053 0.000000
vn -1.000000 -0.000053 0.000000
vn -1.000000 -0.000053 0.000000
vn -1.000000 -0.000053 0.000000
vn 1.000000 -0.000038 -0.000132
vn 1.000000 -0.000038 -0.000132
vn 1.000000 -0.000059 -0.000188
vn 1.000000 -0.000058 -0.000186
vn -1.000000 -0.000003 0.000000
vn -1.000000 -0.000004 0.000000
vn -1.000000 0.000019 0.000000
vn -1.000000 0.000019 0.000000
vn 1.000000 -0.000028 0.000062
vn 1.000000 -0.000027 0.000059
vn 1.000000 0.000000 0.000000
vn 1.000000 0.000000 0.000000
vn -1.000000 0.000000 0.000000
vn -1.000000 0.000000 0.000000
vn -1.000000 0.000000 0.000000
vn -1.000000 0.000000 0.000000
vn 1.000000 0.000027 0.000000
vn 1.000000 0.000027 0.000000
vn 1.000000 0.000027 0.000000
vn 1.000000 0.000027 0.000000
vn -1.000000 0.000000 0.000000
vn -1.000000 0.000000 0.000000
vn -1.000000 0.000000 0.000000
vn -1.000000 0.000000 0.000000
vn 1.000000 0.000000 0.000000
vn 1.000000 0.000000 0.000000
vn 1.000000 0.000000 0.000000
vn 1.000000 0.000000 0.000000
vn -1.000000 -0.000053 0.000000
vn -1.000000 -0.000053 0.000000
vn -1.000000 -0.000053 0.000000
vn -1.000000 -0.000053 0.000000
vn 1.000000 0.000053 0.000000
vn 1.000000 0.000053 0.000000
vn 1.000000 0.000053 0.000000
vn 1.000000 0.000053 0.000000
vn -1.000000 0.000000 0.000000
vn -1.000000 0.000000 0.000000
vn -1.000000 0.000000 0.000000
vn -1.000000 0.000000 0.000000
vn 1.000000 0.000000 0.000000
vn 1.000000 0.000000 0.000000
vn 1.000000 0.000000 0.000000
vn 1.000000 0.000000 0.000000
vn -1.000000 0.000000 0.000000
vn -1.000000 0.000000 0.000000
vn -1.000000 0.000000 0.000000
vn -1.000000 0.000000 0.000000
vn -1.000000 0.000000 0.000000
vn -1.000000 0.000000 0.000000
vn -1.000000 0.000000 0.000000
vn -1.000000 0.000000 0.000000
vn 1.000000 0.000000 0.000000
vn 1.000000 0.000000 0.000000
vn 1.000000 0.000000 0.000000
vn 1.000000 0.000000 0.000000
vn 1.000000 0.000000 0.000000
vn 1.000000 0.000000 0.000000
vn 1.000000 0.000000 0.000000
vn 1.000000 0.000000 0.000000
vn -1.000000 0.000000 0.000000
vn -1.000000 0.000000 0.000000
vn -1.000000 0.000000 0.000000
vn -1.000000 0.000000 0.000000
vn 1.000000 0.000000 0.000000
vn 1.000000 0.000000 0.000000
vn 1.000000 0.000000 0.000000
vn 1.000000 0.000000 0.000000
vn -1.000000 0.000107 0.000000
vn -1.000000 0.000107 0.000000
vn -1.000000 0.000107 0.000000
vn -1.000000 0.000107 0.000000
vn 1.000000 0.000027 0.000000
vn 1.000000 0.000027 0.000000
vn 1.000000 0.000027 0.000000
vn 1.000000 0.000027 0.000000
vn -1.000000 -0.000027 0.000000
vn -1.000000 -0.000027 0.000000
vn -1.000000 -0.000027 0.000000
vn -1.000000 -0.000027 0.000000
vn 1.000000 -0.000013 0.000000
vn 1.000000 -0.000013 0.000000
vn 1.000000 0.000007 -0.000066
vn 1.000000 0.000006 -0.000063
vn -1.000000 -0.000013 -0.000132
vn -1.000000 -0.000013 -0.000132
vn -1.000000 -0.000025 -0.000132
vn -1.000000 -0.000025 -0.000132
vn 1.000000 -0.000001 -0.000131
vn 1.000000 0.000001 -0.000131
vn 1.000000 0.000056 -0.000131
vn 1.000000 0.000056 -0.000131
vn -1.000000 0.000014 0.000000
vn -1.000000 0.000014 0.000000
vn -1.000000 -0.000006 0.000000
vn -1.000000 -0.000007 0.000000
vn 1.000000 0.000000 0.000000
vn 1.000000 0.000000 0.000000
vn 1.000000 0.000000 0.000000
vn 1.000000 0.000000 0.000000
vn -1.000000 0.000000 0.000000
vn -1.000000 0.000000 0.000000
vn -1.000000 0.000000 0.000000
vn -1.000000 0.000000 0.000000
vn 1.000000 -0.000053 0.000000
vn 1.000000 -0.000053 0.000000
vn 1.000000 -0.000053 0.000000
vn 1.000000 -0.000053 0.000000
vn -1.000000 0.000000 0.000000
vn -1.000000 0.000000 0.000000
vn -1.000000 0.000000 0.000000
vn -1.000000 0.000000 0.000000
vn 1.000000 -0.000053 0.000000
vn 1.000000 -0.000053 0.000000
vn 1.000000 -0.000053 0.000000
vn 1.000000 -0.000053 0.000000
vn -1.000000 0.000000 0.000000
vn -1.000000 0.000000 0.000000
vn -1.000000 0.000000 0.000000
vn -1.000000 0.000000 0.000000
vn 1.000000 0.000000 0.000000
vn 1.000000 0.000000 0.000000
vn 1.000000 0.000000 0.000000
vn 1.000000 0.000000 0.000000
vn -1.000000 0.000089 0.000000
vn -1.000000 0.000089 0.000000
vn -1.000000 0.000089 0.000000
vn -1.000000 0.000089 0.000000
vn -1.000000 0.000000 0.000000
vn -1.000000 0.000000 0.000000
vn -1.000000 0.000000 0.000000
vn -1.000000 0.000000 0.000000
vn 0.000000 -0.010353 -0.999946
vn 0.000000 -0.010353 -0.999946
vn 0.000000 -0.010353 -0.999946
vn 0.000000 -0.010353 -0.999946
vn 1.000000 -0.000018 0.000000
vn 1.000000 -0.000018 0.000000
vn 1.000000 -0.000018 0.000000
vn 1.000000 -0.000018 0.000000
vn -1.000000 0.000000 0.000000
vn -1.000000 0.000000 0.000000
vn -1.000000 0.000000 0.000000
vn -1.000000 0.000000 0.000000
vn 0.000000 -0.010352 -0.999946
vn 0.000000 -0.010352 -0.999946
vn 0.000000 -0.010352 -0.999946
vn 0.000000 -0.010352 -0.999946
vn 1.000000 0.000000 0.000000
vn 1.000000 0.000000 0.000000
vn 1.000000 0.000000 0.000000
vn 1.000000 0.000000 0.000000
vn -1.000000 0.000000 0.000000
vn -1.000000 0.000000 0.000000
vn -1.000000 0.000000 0.000000
vn -1.000000 0.000000 0.000000
vn 0.000000 -0.010352 -0.999946
vn 0.000000 -0.010352 -0.999946
vn 0.000000 -0.010352 -0.999946
vn 0.000000 -0.010352 -0.999946
vn 1.000000 0.000018 0.000000
vn 1.000000 0.000018 0.000000
vn 1.000000 0.000018 0.000000
vn 1.000000 0.000018 0.000000
vn -1.000000 0.000000 0.000000
vn -1.000000 0.000000 0.000000
vn -1.000000 0.000000 0.000000
vn -1.000000 0.000000 0.000000
vn 0.000000 -0.010376 -0.999946
vn 0.000000 -0.010376 -0.999946
vn 0.000000 -0.010376 -0.999946
vn 0.000000 -0.010376 -0.999946
vn 0.000000 -0.010376 -0.999946
vn 0.000000 -0.010376 -0.999946
vn 0.000000 -0.010376 -0.999946
vn 0.000000 -0.010376 -0.999946
vn 0.000000 -0.010376 -0.999946
vn 0.000000 -0.010376 -0.999946
vn 0.000000 -0.010376 -0.999946
vn 0.000000 -0.010376 -0.999946
vn 1.000000 0.000000 0.000000
vn 1.000000 0.000000 0.000000
vn 1.000000 0.000000 0.000000
vn 1.000000 0.000000 0.000000
vn 0.000000 -0.999894 -0.014583
vn 0.000000 -0.999894 -0.014583
vn 0.000000 -0.999894 -0.014583
vn 0.000000 -0.999894 -0.014583
vn 0.000000 -0.010376 -0.999946
vn 0.000000 -0.010376 -0.999946
vn 0.000000 -0.010376 -0.999946
vn 0.000000 -0.010376 -0.999946
vn 0.000000 0.999935 0.011362
vn 0.000000 0.999935 0.011362
vn 0.000000 0.999935 0.011362
vn 0.000000 0.999935 0.011362
vn 0.000000 -0.999894 -0.014584
vn 0.000000 -0.999894 -0.014584
vn 0.000000 -0.999894 -0.014584
vn 0.000000 -0.999894 -0.014584
vn 0.000000 -0.010376 -0.999946
vn 0.000000 -0.010376 -0.999946
vn 0.000000 -0.010376 -0.999946
vn 0.000000 -0.010376 -0.999946
vn 0.000000 0.999935 0.011390
vn 0.000000 0.999935 0.011390
vn 0.000000 0.999935 0.011390
vn 0.000000 0.999935 0.011390
vn -1.000000 0.000000 0.000000
vn -1.000000 0.000000 0.000000
vn -1.000000 0.000000 0.000000
vn -1.000000 0.000000 0.000000
vn 1.000000 0.000000 0.000000
vn 1.000000 0.000000 0.000000
vn 1.000000 0.000000 0.000000
vn 1.000000 0.000000 0.000000
vn 0.000000 0.010370 0.999946
vn 0.000000 0.010370 0.999946
vn 0.000000 0.010370 0.999946
vn 0.000000 0.010370 0.999946
vn -1.000000 0.000000 0.000000
vn -1.000000 0.000000 0.000000
vn -1.000000 0.000000 0.000000
vn -1.000000 0.000000 0.000000
vn 1.000000 0.000000 0.000000
vn 1.000000 0.000000 0.000000
vn 1.000000 0.000000 0.000000
vn 1.000000 0.000000 0.000000
vn 0.000000 0.010370 0.999946
vn 0.000000 0.010370 0.999946
vn 0.000000 0.010370 0.999946
vn 0.000000 0.010370 0.999946
vn -1.000000 0.000000 0.000000
vn -1.000000 0.000000 0.000000
vn -1.000000 0.000000 0.000000
vn -1.000000 0.000000 0.000000
vn 1.000000 0.000000 0.000000
vn 1.000000 0.000000 0.000000
vn 1.000000 0.000000 0.000000
vn 1.000000 0.000000 0.000000
vn 0.000000 0.010370 0.999946
vn 0.000000 0.010370 0.999946
vn 0.000000 0.010370 0.999946
vn 0.000000 0.010370 0.999946
vn -1.000000 0.000000 0.000000
vn -1.000000 0.000000 0.000000
vn -1.000000 0.000000 0.000000
vn -1.000000 0.000000 0.000000
vn 0.000000 0.010373 0.999946
vn 0.000000 0.010373 0.999946
vn 0.000000 0.010373 0.999946
vn 0.000000 0.010373 0.999946
vn 0.000000 0.010373 0.999946
vn 0.000000 0.010373 0.999946
vn 0.000000 0.010373 0.999946
vn 0.000000 0.010373 0.999946
vn 1.000000 0.000000 0.000000
vn 1.000000 0.000000 0.000000
vn 1.000000 0.000000 0.000000
vn 1.000000 0.000000 0.000000
vn 0.000000 0.010373 0.999946
vn 0.000000 0.010373 0.999946
vn 0.000000 0.010373 0.999946
vn 0.000000 0.010373 0.999946
vn 0.000000 -0.999892 -0.014687
vn 0.000000 -0.999892 -0.014687
vn 0.000000 -0.999892 -0.014687
vn 0.000000 -0.999892 -0.014687
vn 0.000000 0.999938 0.011177
vn 0.000000 0.999938 0.011177
vn 0.000000 0.999938 0.011177
vn 0.000000 0.999938 0.011177
vn 0.000000 0.010373 0.999946
vn 0.000000 0.010373 0.999946
vn 0.000000 0.010373 0.999946
vn 0.000000 0.010373 0.999946
vn 0.000000 0.999937 0.011203
vn 0.000000 0.999937 0.011203
vn 0.000000 0.999937 0.011203
vn 0.000000 0.999937 0.011203
vn 0.000000 -0.999892 -0.014686
vn 0.000000 -0.999892 -0.014686
vn 0.000000 -0.999892 -0.014686
vn 0.000000 -0.999892 -0.014686
vn 0.000000 0.010373 0.999946
vn 0.000000 0.010373 0.999946
vn 0.000000 0.010373 0.999946
vn 0.000000 0.010373 0.999946
vn -1.000000 0.000000 0.000000
vn -1.000000 0.000000 0.000000
vn -1.000000 0.000000 0.000000
vn -1.000000 0.000000 0.000000
vn 0.000000 0.801038 -0.598614
vn 0.000000 0.801038 -0.598614
vn 0.000000 0.801038 -0.598614
vn 0.000000 0.801038 -0.598614
vn 1.000000 0.000000 0.000000
vn 1.000000 0.000000 0.000000
vn 1.000000 0.000000 0.000000
vn 1.000000 0.000000 0.000000
vn -1.000000 0.000000 0.000000
vn -1.000000 0.000000 0.000000
vn -1.000000 0.000000 0.000000
vn -1.000000 0.000000 0.000000
vn 0.000000 0.801044 -0.598605
vn 0.000000 0.801044 -0.598605
vn 0.000000 0.801044 -0.598605
vn 0.000000 0.801044 -0.598605
vn 1.000000 -0.000119 0.000000
vn 1.000000 -0.000119 0.000000
vn 1.000000 -0.000119 0.000000
vn 1.000000 -0.000119 0.000000
vn -1.000000 0.000000 0.000000
vn -1.000000 0.000000 0.000000
vn -1.000000 0.000000 0.000000
vn -1.000000 0.000000 0.000000
vn 0.000000 0.801038 -0.598614
vn 0.000000 0.801038 -0.598614
vn 0.000000 0.801038 -0.598614
vn 0.000000 0.801038 -0.598614
vn 1.000000 0.000000 0.000000
vn 1.000000 0.000000 0.000000
vn 1.000000 0.000000 0.000000
vn 1.000000 0.000000 0.000000
vn -1.000000 0.000119 0.000000
vn -1.000000 0.000119 0.000000
vn -1.000000 0.000119 0.000000
vn -1.000000 0.000119 0.000000
vn 1.000000 0.000000 0.000000
vn 1.000000 0.000000 0.000000
vn 1.000000 0.000000 0.000000
vn 1.000000 0.000000 0.000000
vn 0.000000 0.813281 0.581872
vn 0.000000 0.813281 0.581872
vn 0.000000 0.813281 0.581872
vn 0.000000 0.813281 0.581872
vn -1.000000 0.000119 0.000000
vn -1.000000 0.000119 0.000000
vn -1.000000 0.000119 0.000000
vn -1.000000 0.000119 0.000000
vn 1.000000 0.000000 0.000000
vn 1.000000 0.000000 0.000000
vn 1.000000 0.000000 0.000000
vn 1.000000 0.000000 0.000000
vn 0.000000 0.813280 0.581873
vn 0.000000 0.813280 0.581873
vn 0.000000 0.813280 0.581873
vn 0.000000 0.813280 0.581873
vn -1.000000 0.000000 0.000000
vn -1.000000 0.000000 0.000000
vn -1.000000 0.000000 0.000000
vn -1.000000 0.000000 0.000000
vn 1.000000 0.000000 0.000000
vn 1.000000 0.000000 0.000000
vn 1.000000 0.000000 0.000000
vn 1.000000 0.000000 0.000000
vn 0.000000 0.813288 0.581862
vn 0.000000 0.813288 0.581862
vn 0.000000 0.813288 0.581862
vn 0.000000 0.813288 0.581862
vn -1.000000 0.000025 0.000017
vn -1.000000 -0.000037 0.000013
vn -1.000000 -0.000012 -0.000024
vn -1.000000 -0.000074 0.000062
vn -1.000000 0.000062 -0.000016
vn -1.000000 -0.000037 -0.000028
vn -1.000000 0.000037 0.000039
vn -1.000000 0.000029 -0.000027
vn -1.000000 -0.000007 -0.000099
vn 1.000000 0.000087 -0.000048
vn 1.000000 -0.000012 0.000000
vn 1.000000 0.000025 0.000048
vn 1.000000 0.000025 -0.000000
vn 1.000000 -0.000000 -0.000088
vn 1.000000 -0.000049 -0.000028
vn 1.000000 0.000124 0.000041
vn 1.000000 0.000046 -0.000033
vn 1.000000 0.000053 -0.000002
vn 0.000000 -0.904462 -0.426554
vn 0.000000 -0.904462 -0.426554
vn 0.000000 -0.999462 0.032802
vn 0.000000 -0.999464 0.032753
vn -0.000021 -0.827783 -0.561049
vn -0.000021 -0.827785 -0.561045
vn -0.000021 -0.613862 -0.789413
vn -0.000021 -0.613844 -0.789427
vn 0.000000 -0.339912 -0.940457
vn 0.000000 -0.339912 -0.940457
vn 0.000000 -0.277757 0.960652
vn 0.000000 -0.277762 0.960650
vn 0.000000 -0.561044 0.827786
vn 0.000000 -0.561046 0.827785
vn 0.000021 -0.789376 0.613910
vn 0.000021 -0.789379 0.613906
vn 0.000019 -0.874681 0.484700
vn 0.000019 -0.874681 0.484700
vn -0.000019 -0.904463 -0.426552
vn -0.000019 -0.904463 -0.426553
vn -0.000010 -0.999463 0.032760
vn -0.000010 -0.999464 0.032727
vn -0.000010 -0.827765 -0.561075
vn -0.000010 -0.827765 -0.561075
vn 0.000021 -0.613865 -0.789411
vn 0.000021 -0.613864 -0.789412
vn 0.000021 -0.339907 -0.940459
vn 0.000021 -0.339913 -0.940457
vn 0.000000 -0.277766 0.960649
vn 0.000000 -0.277758 0.960651
vn 0.000000 -0.561046 0.827785
vn 0.000000 -0.561046 0.827785
vn 0.000000 -0.789377 0.613909
vn 0.000000 -0.789380 0.613904
vn 0.000000 -0.874683 0.484695
vn 0.000000 -0.874683 0.484695
vn 0.000010 -0.904463 -0.426552
vn 0.000010 -0.904463 -0.426552
vn 0.000042 -0.999467 0.032632
vn 0.000042 -0.999467 0.032631
vn 0.000010 -0.827792 -0.561035
vn 0.000010 -0.827792 -0.561035
vn 0.000010 -0.613892 -0.789390
vn 0.000010 -0.613882 -0.789398
vn -0.000021 -0.339909 -0.940458
vn -0.000021 -0.339909 -0.940458
vn 0.000000 -0.277740 0.960656
vn 0.000000 -0.277735 0.960658
vn 0.000000 -0.561027 0.827798
vn 0.000000 -0.561027 0.827798
vn -0.000010 -0.789364 0.613925
vn -0.000010 -0.789371 0.613917
vn 0.000019 -0.874680 0.484701
vn 0.000019 -0.874680 0.484701
vn 0.000000 -0.904465 -0.426549
vn 0.000000 -0.904465 -0.426549
vn -0.000042 -0.999468 0.032622
vn -0.000042 -0.999467 0.032640
vn 0.000031 -0.827795 -0.561030
vn 0.000031 -0.827796 -0.561029
vn 0.000021 -0.613907 -0.789379
vn 0.000021 -0.613907 -0.789379
vn 0.000000 -0.339906 -0.940460
vn 0.000000 -0.339900 -0.940461
vn 0.000000 -0.277730 0.960659
vn 0.000000 -0.277744 0.960655
vn 0.000010 -0.561039 0.827789
vn 0.000010 -0.561022 0.827801
vn -0.000000 -0.789376 0.613910
vn 0.000000 -0.789373 0.613915
vn -0.000039 -0.874682 0.484697
vn -0.000039 -0.874682 0.484697
vn 0.000000 -0.905385 -0.424591
vn -0.000001 -0.827820 -0.560994
vn -0.000001 -0.827817 -0.560998
vn 0.000000 -0.905385 -0.424591
vn -0.000001 -0.613868 -0.789409
vn -0.000001 -0.613868 -0.789409
vn -0.000000 -0.339896 -0.940463
vn -0.000000 -0.339910 -0.940458
vn -0.000001 -0.277777 0.960646
vn -0.000001 -0.277772 0.960647
vn -0.000000 -0.561023 0.827800
vn -0.000000 -0.561023 0.827800
vn -0.000000 -0.789396 0.613884
vn -0.000000 -0.789393 0.613888
vn -0.000000 -0.875733 0.482795
vn -0.000000 -0.875733 0.482795
vn 0.000000 -0.998502 0.054718
vn 0.000000 -0.998502 0.054718
vn 0.000000 -0.998502 0.054718
vn 0.000000 -0.998502 0.054718
vn 0.000000 -0.998557 0.053707
vn 0.000000 -0.998557 0.053707
vn 0.000000 -0.998557 0.053707
vn 0.000000 -0.998557 0.053707
vn 0.000001 -0.886824 -0.462107
vn 0.000001 -0.827825 -0.560986
vn 0.000001 -0.827831 -0.560978
vn 0.000001 -0.886824 -0.462108
vn 0.000001 -0.613870 -0.789407
vn 0.000001 -0.613866 -0.789410
vn 0.000000 -0.339900 -0.940462
vn 0.000000 -0.339895 -0.940463
vn -0.000000 -0.277787 0.960643
vn -0.000000 -0.277787 0.960643
vn 0.000000 -0.561040 0.827789
vn 0.000000 -0.561053 0.827780
vn 0.000001 -0.789390 0.613893
vn 0.000001 -0.789387 0.613897
vn 0.000000 -0.854752 0.519036
vn 0.000000 -0.854753 0.519035
vn 0.000001 -0.999466 0.032678
vn 0.000001 -0.999468 0.032629
vn 0.000000 -0.905392 -0.424576
vn 0.000000 -0.827823 -0.560990
vn 0.000000 -0.827820 -0.560994
vn 0.000000 -0.905392 -0.424576
vn 0.000000 -0.613867 -0.789410
vn 0.000000 -0.613875 -0.789404
vn -0.000000 -0.339900 -0.940462
vn -0.000000 -0.339909 -0.940458
vn -0.000001 -0.277766 0.960649
vn -0.000001 -0.277766 0.960649
vn 0.000000 -0.561023 0.827800
vn 0.000000 -0.561036 0.827792
vn 0.000000 -0.789402 0.613876
vn 0.000000 -0.789399 0.613880
vn 0.000000 -0.875723 0.482813
vn 0.000000 -0.875723 0.482813
vn 0.000000 -0.998509 0.054584
vn 0.000000 -0.998509 0.054584
vn 0.000000 -0.998509 0.054584
vn 0.000000 -0.998509 0.054584
vn 0.000000 -0.998553 0.053769
vn 0.000000 -0.998553 0.053769
vn 0.000000 -0.998553 0.053769
vn 0.000000 -0.998553 0.053769
vn 0.000000 -0.886825 -0.462106
vn 0.000000 -0.827819 -0.560995
vn 0.000000 -0.827816 -0.561000
vn 0.000000 -0.886825 -0.462106
vn 0.000000 -0.613871 -0.789406
vn 0.000000 -0.613871 -0.789406
vn 0.000000 -0.339904 -0.940460
vn 0.000000 -0.339908 -0.940459
vn -0.000000 -0.277777 0.960645
vn -0.000000 -0.277773 0.960647
vn 0.000000 -0.561031 0.827795
vn 0.000000 -0.561039 0.827789
vn -0.000000 -0.789400 0.613879
vn -0.000000 -0.789400 0.613879
vn -0.000000 -0.854751 0.519038
vn -0.000000 -0.854752 0.519036
vn 0.000000 -0.999466 0.032671
vn 0.000000 -0.999466 0.032671
vn -0.000000 -0.905398 -0.424564
vn -0.000000 -0.827820 -0.560994
vn -0.000000 -0.827823 -0.560990
vn -0.000000 -0.905398 -0.424564
vn -0.000000 -0.613870 -0.789407
vn -0.000000 -0.613870 -0.789407
vn -0.000001 -0.339918 -0.940455
vn -0.000001 -0.339908 -0.940459
vn 0.000000 -0.277764 0.960649
vn 0.000000 -0.277769 0.960648
vn 0.000000 -0.561035 0.827792
vn 0.000000 -0.561031 0.827795
vn -0.000000 -0.789400 0.613879
vn -0.000000 -0.789403 0.613875
vn -0.000000 -0.875734 0.482794
vn -0.000000 -0.875734 0.482794
vn -0.000001 -0.998505 0.054661
vn -0.000001 -0.998505 0.054661
vn -0.000001 -0.998505 0.054661
vn -0.000001 -0.998505 0.054661
vn -0.000000 -0.998555 0.053731
vn -0.000000 -0.998555 0.053731
vn -0.000000 -0.998555 0.053731
vn -0.000000 -0.998555 0.053731
vn -1.000000 -0.000350 -0.000209
vn -1.000000 -0.000350 -0.000209
vn -1.000000 -0.000350 -0.000209
vn -1.000000 -0.000350 -0.000209
vn 1.000000 -0.000005 0.000000
vn 1.000000 -0.000005 0.000000
vn 1.000000 -0.000005 0.000000
vn 1.000000 -0.000005 0.000000
vn 1.000000 0.000007 0.000000
vn 1.000000 0.000007 0.000000
vn 1.000000 0.000007 0.000000
vn 1.000000 0.000007 0.000000
vn -1.000000 -0.000641 -0.000031
vn -1.000000 -0.000641 -0.000031
vn -1.000000 -0.000641 -0.000031
vn -1.000000 -0.000641 -0.000031
vn 1.000000 0.000053 0.000124
vn 1.000000 0.000053 0.000124
vn 1.000000 0.000053 0.000124
vn 1.000000 0.000053 0.000124
vn -1.000000 -0.000254 -0.000694
vn -1.000000 -0.000254 -0.000694
vn -1.000000 -0.000254 -0.000694
vn -1.000000 -0.000254 -0.000694
vn 1.000000 0.000120 0.000085
vn 1.000000 0.000120 0.000085
vn 1.000000 0.000120 0.000085
vn 1.000000 0.000120 0.000085
vn -1.000000 -0.000214 -0.000169
vn -1.000000 -0.000214 -0.000169
vn -1.000000 -0.000214 -0.000169
vn -1.000000 -0.000214 -0.000169
vn 1.000000 0.000000 0.000000
vn 1.000000 0.000000 0.000000
vn -1.000000 0.000027 -0.000133
vn -1.000000 0.000027 -0.000133
vn 1.000000 0.000133 0.000144
vn 1.000000 0.000133 0.000144
vn -1.000000 -0.000053 0.000249
vn -1.000000 -0.000053 0.000249
vn 1.000000 -0.000214 0.000047
vn 1.000000 -0.000214 0.000047
vn 1.000000 -0.000214 0.000047
vn 1.000000 -0.000214 0.000047
vn -1.000000 -0.000080 0.000091
vn -1.000000 -0.000080 0.000091
vn -1.000000 -0.000080 0.000091
vn -1.000000 -0.000080 0.000091
vn 1.000000 0.000027 0.000000
vn 1.000000 0.000027 0.000000
vn 1.000000 0.000027 0.000000
vn 1.000000 0.000027 0.000000
vn -1.000000 -0.000013 0.000000
vn -1.000000 -0.000013 0.000000
vn -1.000000 -0.000013 0.000000
vn -1.000000 -0.000013 0.000000
vn 1.000000 0.000013 0.000000
vn 1.000000 0.000013 0.000000
vn 1.000000 0.000013 0.000000
vn 1.000000 0.000013 0.000000
vn -1.000000 0.000140 -0.000212
vn -1.000000 0.000140 -0.000212
vn -1.000000 0.000140 -0.000212
vn -1.000000 0.000140 -0.000212
vn 1.000000 0.000022 0.000000
vn 1.000000 0.000022 0.000000
vn 1.000000 0.000022 0.000000
vn 1.000000 0.000022 0.000000
vn -1.000000 0.000115 0.000086
vn -1.000000 0.000115 0.000086
vn -1.000000 0.000115 0.000086
vn -1.000000 0.000115 0.000086
vn -1.000000 0.000199 0.000106
vn -1.000000 0.000199 0.000106
vn -1.000000 0.000199 0.000106
vn -1.000000 0.000199 0.000106
vn 1.000000 0.000205 0.000205
vn 1.000000 0.000205 0.000205
vn 1.000000 0.000205 0.000205
vn 1.000000 0.000205 0.000205
vn 1.000000 0.000020 0.000000
vn 1.000000 0.000020 0.000000
vn 1.000000 0.000020 0.000000
vn 1.000000 0.000020 0.000000
vn -1.000000 -0.000040 0.000094
vn -1.000000 -0.000040 0.000094
vn -1.000000 -0.000040 0.000094
vn -1.000000 -0.000040 0.000094
vn 1.000000 0.000000 -0.000323
vn 1.000000 0.000000 -0.000323
vn 1.000000 0.000000 -0.000323
vn 1.000000 0.000000 -0.000323
vn -1.000000 0.000133 -0.000152
vn -1.000000 0.000133 -0.000152
vn -1.000000 0.000133 -0.000152
vn -1.000000 0.000133 -0.000152
vn 1.000000 -0.000107 0.000050
vn 1.000000 -0.000107 0.000050
vn 1.000000 -0.000107 0.000050
vn 1.000000 -0.000107 0.000050
vn -1.000000 -0.000053 0.000320
vn -1.000000 -0.000053 0.000320
vn -1.000000 -0.000053 0.000320
vn -1.000000 -0.000053 0.000320
vn 1.000000 0.000107 0.000359
vn 1.000000 0.000107 0.000359
vn -1.000000 0.000240 0.000340
vn -1.000000 0.000240 0.000340
vn 1.000000 -0.000133 0.000615
vn 1.000000 -0.000133 0.000615
vn -1.000000 0.000160 -0.000105
vn -1.000000 0.000160 -0.000105
vn 1.000000 -0.000214 0.000454
vn 1.000000 -0.000214 0.000454
vn 1.000000 -0.000214 0.000454
vn 1.000000 -0.000214 0.000454
vn -1.000000 -0.000187 -0.000224
vn -1.000000 -0.000187 -0.000224
vn -1.000000 -0.000187 -0.000224
vn -1.000000 -0.000187 -0.000224
vn 1.000000 0.000107 0.000071
vn 1.000000 0.000107 0.000071
vn 1.000000 0.000107 0.000071
vn 1.000000 0.000107 0.000071
vn -1.000000 0.000067 0.000071
vn -1.000000 0.000067 0.000071
vn -1.000000 0.000067 0.000071
vn -1.000000 0.000067 0.000071
vn 1.000000 -0.000160 -0.000076
vn 1.000000 -0.000160 -0.000076
vn 1.000000 -0.000160 -0.000076
vn 1.000000 -0.000160 -0.000076
vn -1.000000 0.000300 -0.000227
vn -1.000000 0.000300 -0.000227
vn -1.000000 0.000300 -0.000227
vn -1.000000 0.000300 -0.000227
vn 1.000000 0.000016 0.000000
vn 1.000000 0.000016 0.000000
vn 1.000000 0.000016 0.000000
vn 1.000000 0.000016 0.000000
vn -1.000000 0.000381 -0.000142
vn -1.000000 0.000381 -0.000142
vn -1.000000 0.000381 -0.000142
vn -1.000000 0.000381 -0.000142
vn -1.000000 0.000129 -0.000094
vn -1.000000 0.000129 -0.000094
vn -1.000000 0.000129 -0.000094
vn -1.000000 0.000129 -0.000094
vn 1.000000 0.000073 0.000004
vn 1.000000 0.000073 0.000004
vn 1.000000 0.000073 0.000004
vn 1.000000 0.000073 0.000004
vn 1.000000 0.000247 0.000106
vn 1.000000 0.000247 0.000106
vn 1.000000 0.000247 0.000106
vn 1.000000 0.000247 0.000106
vn -1.000000 0.000120 0.000100
vn -1.000000 0.000120 0.000100
vn -1.000000 0.000120 0.000100
vn -1.000000 0.000120 0.000100
vn 1.000000 0.000053 0.000124
vn 1.000000 0.000053 0.000124
vn 1.000000 0.000053 0.000124
vn 1.000000 0.000053 0.000124
vn -1.000000 -0.000053 -0.000124
vn -1.000000 -0.000053 -0.000124
vn -1.000000 -0.000053 -0.000124
vn -1.000000 -0.000053 -0.000124
vn 1.000000 0.000000 -0.000135
vn 1.000000 0.000000 -0.000135
vn 1.000000 0.000000 -0.000135
vn 1.000000 0.000000 -0.000135
vn -1.000000 -0.000053 -0.000085
vn -1.000000 -0.000053 -0.000085
vn -1.000000 -0.000053 -0.000085
vn -1.000000 -0.000053 -0.000085
vn 1.000000 -0.000080 -0.000246
vn 1.000000 -0.000080 -0.000246
vn -1.000000 -0.000027 0.000000
vn -1.000000 -0.000027 0.000000
vn 1.000000 -0.000053 0.000118
vn 1.000000 -0.000053 0.000118
vn -1.000000 0.000000 0.000000
vn -1.000000 0.000000 0.000000
vn 1.000000 -0.000133 0.000227
vn 1.000000 -0.000133 0.000227
vn 1.000000 -0.000133 0.000227
vn 1.000000 -0.000133 0.000227
vn -1.000000 -0.000027 0.000136
vn -1.000000 -0.000027 0.000136
vn -1.000000 -0.000027 0.000136
vn -1.000000 -0.000027 0.000136
vn 1.000000 0.000000 0.000000
vn 1.000000 0.000000 0.000000
vn 1.000000 0.000000 0.000000
vn 1.000000 0.000000 0.000000
vn -1.000000 -0.000227 -0.000015
vn -1.000000 -0.000227 -0.000015
vn -1.000000 -0.000227 -0.000015
vn -1.000000 -0.000227 -0.000015
vn 1.000000 0.000120 -0.000015
vn 1.000000 0.000120 -0.000015
vn 1.000000 0.000120 -0.000015
vn 1.000000 0.000120 -0.000015
vn -1.000000 0.000053 0.000091
vn -1.000000 0.000053 0.000091
vn -1.000000 0.000053 0.000091
vn -1.000000 0.000053 0.000091
vn 1.000000 0.000000 0.000000
vn 1.000000 0.000000 0.000000
vn 1.000000 0.000000 0.000000
vn 1.000000 0.000000 0.000000
vn -1.000000 0.000013 0.000097
vn -1.000000 0.000013 0.000097
vn -1.000000 0.000013 0.000097
vn -1.000000 0.000013 0.000097
vn -1.000000 0.000113 -0.000094
vn -1.000000 0.000113 -0.000094
vn -1.000000 0.000113 -0.000094
vn -1.000000 0.000113 -0.000094
vn 1.000000 0.000001 -0.000098
vn 1.000000 0.000001 -0.000098
vn 1.000000 0.000001 -0.000098
vn 1.000000 0.000001 -0.000098
vn 1.000000 -0.000053 0.000000
vn 1.000000 -0.000053 0.000000
vn 1.000000 -0.000053 0.000000
vn 1.000000 -0.000053 0.000000
vn -1.000000 0.000280 0.000106
vn -1.000000 0.000280 0.000106
vn -1.000000 0.000280 0.000106
vn -1.000000 0.000280 0.000106
vn 1.000000 0.000013 0.000000
vn 1.000000 0.000013 0.000000
vn 1.000000 0.000013 0.000000
vn 1.000000 0.000013 0.000000
vn -1.000000 0.000000 0.000200
vn -1.000000 0.000000 0.000200
vn -1.000000 0.000000 0.000200
vn -1.000000 0.000000 0.000200
vn 1.000000 -0.000133 -0.000085
vn 1.000000 -0.000133 -0.000085
vn 1.000000 -0.000133 -0.000085
vn 1.000000 -0.000133 -0.000085
vn -1.000000 0.000080 -0.000050
vn -1.000000 0.000080 -0.000050
vn -1.000000 0.000080 -0.000050
vn -1.000000 0.000080 -0.000050
vn 1.000000 0.000027 -0.000133
vn 1.000000 0.000027 -0.000133
vn -1.000000 0.000000 -0.000133
vn -1.000000 0.000000 -0.000133
vn 1.000000 -0.000053 -0.000131
vn 1.000000 -0.000053 -0.000131
vn -1.000000 -0.000027 0.000000
vn -1.000000 -0.000027 0.000000
vn 1.000000 0.000000 0.000136
vn 1.000000 0.000000 0.000136
vn 1.000000 0.000000 0.000136
vn 1.000000 0.000000 0.000136
vn -1.000000 -0.000080 0.000091
vn -1.000000 -0.000080 0.000091
vn -1.000000 -0.000080 0.000091
vn -1.000000 -0.000080 0.000091
vn 1.000000 0.000027 -0.000127
vn 1.000000 0.000027 -0.000127
vn 1.000000 0.000027 -0.000127
vn 1.000000 0.000027 -0.000127
vn -1.000000 0.000000 0.000127
vn -1.000000 0.000000 0.000127
vn -1.000000 0.000000 0.000127
vn -1.000000 0.000000 0.000127
vn 1.000000 0.000267 -0.000121
vn 1.000000 0.000267 -0.000121
vn 1.000000 0.000267 -0.000121
vn 1.000000 0.000267 -0.000121
vn -1.000000 -0.000040 0.000000
vn -1.000000 -0.000040 0.000000
vn -1.000000 -0.000040 0.000000
vn -1.000000 -0.000040 0.000000
vn 1.000000 0.000065 0.000097
vn 1.000000 0.000065 0.000097
vn 1.000000 0.000065 0.000097
vn 1.000000 0.000065 0.000097
vn -1.000000 0.000020 0.000097
vn -1.000000 0.000020 0.000097
vn -1.000000 0.000020 0.000097
vn -1.000000 0.000020 0.000097
vn -1.000000 -0.000030 -0.000122
vn -1.000000 -0.000030 -0.000122
vn -1.000000 -0.000030 -0.000122
vn -1.000000 -0.000030 -0.000122
vn -0.000001 -0.032716 -0.999465
vn -0.000001 -0.032716 -0.999465
vn -0.000001 -0.032716 -0.999465
vn -0.000001 -0.032716 -0.999465
vn 1.000000 -0.000046 -0.000122
vn 1.000000 -0.000046 -0.000122
vn 1.000000 -0.000046 -0.000122
vn 1.000000 -0.000046 -0.000122
vn -1.000000 0.000011 0.000000
vn -1.000000 0.000011 0.000000
vn -1.000000 0.000011 0.000000
vn -1.000000 0.000011 0.000000
vn 0.000002 -0.032699 -0.999465
vn 0.000002 -0.032699 -0.999465
vn 0.000002 -0.032699 -0.999465
vn 0.000002 -0.032699 -0.999465
vn 1.000000 0.000033 0.000122
vn 1.000000 0.000033 0.000122
vn 1.000000 0.000033 0.000122
vn 1.000000 0.000033 0.000122
vn -1.000000 0.000066 0.000015
vn -1.000000 0.000066 0.000015
vn -1.000000 0.000066 0.000015
vn -1.000000 0.000066 0.000015
vn 0.000000 -0.032716 -0.999465
vn 0.000000 -0.032716 -0.999465
vn 0.000000 -0.032716 -0.999465
vn 0.000000 -0.032716 -0.999465
vn 1.000000 -0.000011 0.000000
vn 1.000000 -0.000011 0.000000
vn 1.000000 -0.000011 0.000000
vn 1.000000 -0.000011 0.000000
vn -1.000000 -0.000001 0.000115
vn -1.000000 -0.000001 0.000115
vn -1.000000 -0.000001 0.000115
vn -1.000000 -0.000001 0.000115
vn 0.000001 -0.032674 -0.999466
vn 0.000001 -0.032674 -0.999466
vn 0.000001 -0.032674 -0.999466
vn 0.000001 -0.032674 -0.999466
vn 0.000001 -0.032677 -0.999466
vn 0.000001 -0.032677 -0.999466
vn 0.000001 -0.032677 -0.999466
vn 0.000001 -0.032677 -0.999466
vn 0.000000 -0.032674 -0.999466
vn 0.000000 -0.032674 -0.999466
vn 0.000000 -0.032674 -0.999466
vn 0.000000 -0.032674 -0.999466
vn 1.000000 0.000000 0.000000
vn 1.000000 0.000000 0.000000
vn 1.000000 0.000000 0.000000
vn 1.000000 0.000000 0.000000
vn 0.000000 0.998356 -0.057319
vn 0.000000 0.998356 -0.057319
vn 0.000000 0.998356 -0.057319
vn 0.000000 0.998356 -0.057319
vn -0.000001 -0.032676 -0.999466
vn -0.000001 -0.032676 -0.999466
vn -0.000001 -0.032676 -0.999466
vn -0.000001 -0.032676 -0.999466
vn 0.000000 -0.998554 0.053758
vn 0.000000 -0.998554 0.053758
vn 0.000000 -0.998554 0.053758
vn 0.000000 -0.998554 0.053758
vn 0.000001 0.998356 -0.057326
vn 0.000001 0.998356 -0.057326
vn 0.000001 0.998356 -0.057326
vn 0.000001 0.998356 -0.057326
vn -0.000001 -0.032674 -0.999466
vn -0.000001 -0.032674 -0.999466
vn -0.000001 -0.032674 -0.999466
vn -0.000001 -0.032674 -0.999466
vn -0.000000 -0.998553 0.053775
vn -0.000000 -0.998553 0.053775
vn -0.000000 -0.998553 0.053775
vn -0.000000 -0.998553 0.053775
vn -1.000000 -0.000029 0.000126
vn -1.000000 -0.000029 0.000126
vn -1.000000 -0.000029 0.000126
vn -1.000000 -0.000029 0.000126
vn 1.000000 -0.000024 0.000126
vn 1.000000 -0.000024 0.000126
vn 1.000000 -0.000024 0.000126
vn 1.000000 -0.000024 0.000126
vn 0.000000 0.032654 0.999467
vn 0.000000 0.032654 0.999467
vn 0.000000 0.032654 0.999467
vn 0.000000 0.032654 0.999467
vn -1.000000 -0.000049 -0.000104
vn -1.000000 -0.000049 -0.000104
vn -1.000000 -0.000049 -0.000104
vn -1.000000 -0.000049 -0.000104
vn 1.000000 0.000038 -0.000126
vn 1.000000 0.000038 -0.000126
vn 1.000000 0.000038 -0.000126
vn 1.000000 0.000038 -0.000126
vn 0.000000 0.032653 0.999467
vn 0.000000 0.032654 0.999467
vn 0.000000 0.032654 0.999467
vn 0.000000 0.032653 0.999467
vn -1.000000 0.000033 -0.000356
vn -1.000000 0.000033 -0.000356
vn -1.000000 0.000033 -0.000356
vn -1.000000 0.000033 -0.000356
vn 1.000000 -0.000089 -0.000207
vn 1.000000 -0.000089 -0.000207
vn 1.000000 -0.000089 -0.000207
vn 1.000000 -0.000089 -0.000207
vn 0.000000 0.032654 0.999467
vn 0.000000 0.032654 0.999467
vn 0.000000 0.032654 0.999467
vn 0.000000 0.032654 0.999467
vn -1.000000 -0.000008 -0.000115
vn -1.000000 -0.000008 -0.000115
vn -1.000000 -0.000008 -0.000115
vn -1.000000 -0.000008 -0.000115
vn 0.000000 0.032674 0.999466
vn 0.000000 0.032674 0.999466
vn 0.000000 0.032674 0.999466
vn 0.000000 0.032674 0.999466
vn -0.000001 0.032674 0.999466
vn -0.000001 0.032674 0.999466
vn -0.000001 0.032674 0.999466
vn -0.000001 0.032674 0.999466
vn 1.000000 0.000000 0.000000
vn 1.000000 0.000000 0.000000
vn 1.000000 0.000000 0.000000
vn 1.000000 0.000000 0.000000
vn -0.000001 0.032674 0.999466
vn -0.000001 0.032674 0.999466
vn -0.000001 0.032674 0.999466
vn -0.000001 0.032674 0.999466
vn 0.000001 0.998319 -0.057956
vn 0.000001 0.998319 -0.057956
vn 0.000001 0.998319 -0.057956
vn 0.000001 0.998319 -0.057956
vn 0.000000 -0.998507 0.054624
vn 0.000000 -0.998507 0.054624
vn 0.000000 -0.998507 0.054624
vn 0.000000 -0.998507 0.054624
vn 0.000000 0.032674 0.999466
vn 0.000000 0.032674 0.999466
vn 0.000000 0.032674 0.999466
vn 0.000000 0.032674 0.999466
vn -0.000000 -0.998506 0.054647
vn -0.000000 -0.998506 0.054647
vn -0.000000 -0.998506 0.054647
vn -0.000000 -0.998506 0.054647
vn 0.000001 0.998319 -0.057952
vn 0.000001 0.998319 -0.057952
vn 0.000001 0.998319 -0.057952
vn 0.000001 0.998319 -0.057952
vn -0.000000 0.032674 0.999466
vn -0.000000 0.032674 0.999466
vn -0.000000 0.032674 0.999466
vn -0.000000 0.032674 0.999466
vn -1.000000 0.000184 -0.000035
vn -1.000000 0.000184 -0.000035
vn -1.000000 0.000184 -0.000035
vn -1.000000 0.000184 -0.000035
vn 0.000000 -0.668362 -0.743836
vn 0.000000 -0.668362 -0.743836
vn 0.000000 -0.668362 -0.743836
vn 0.000000 -0.668362 -0.743836
vn 1.000000 0.000134 -0.000017
vn 1.000000 0.000134 -0.000017
vn 1.000000 0.000134 -0.000017
vn 1.000000 0.000134 -0.000017
vn -1.000000 -0.000358 -0.000395
vn -1.000000 -0.000358 -0.000395
vn -1.000000 -0.000358 -0.000395
vn -1.000000 -0.000358 -0.000395
vn 0.000000 -0.668363 -0.743835
vn 0.000000 -0.668363 -0.743835
vn 0.000000 -0.668363 -0.743835
vn 0.000000 -0.668363 -0.743835
vn 1.000000 0.000000 0.000017
vn 1.000000 0.000000 0.000017
vn 1.000000 0.000000 0.000017
vn 1.000000 0.000000 0.000017
vn -1.000000 -0.000563 -0.000361
vn -1.000000 -0.000563 -0.000361
vn -1.000000 -0.000563 -0.000361
vn -1.000000 -0.000563 -0.000361
vn -0.000000 -0.668361 -0.743837
vn -0.000000 -0.668361 -0.743837
vn -0.000000 -0.668361 -0.743837
vn -0.000000 -0.668361 -0.743837
vn 1.000000 -0.000535 -0.000378
vn 1.000000 -0.000535 -0.000378
vn 1.000000 -0.000535 -0.000378
vn 1.000000 -0.000535 -0.000378
vn -1.000000 0.000045 0.000000
vn -1.000000 0.000045 0.000000
vn -1.000000 0.000045 0.000000
vn -1.000000 0.000045 0.000000
vn 1.000000 0.000068 0.000011
vn 1.000000 0.000068 0.000011
vn 1.000000 0.000068 0.000011
vn 1.000000 0.000068 0.000011
vn 0.000000 -0.618360 0.785895
vn 0.000000 -0.618360 0.785895
vn 0.000000 -0.618360 0.785895
vn 0.000000 -0.618360 0.785895
vn -1.000000 -0.000089 0.000215
vn -1.000000 -0.000089 0.000215
vn -1.000000 -0.000089 0.000215
vn -1.000000 -0.000089 0.000215
vn 1.000000 -0.000155 -0.000011
vn 1.000000 -0.000155 -0.000011
vn 1.000000 -0.000155 -0.000011
vn 1.000000 -0.000155 -0.000011
vn 0.000001 -0.618375 0.785883
vn 0.000001 -0.618375 0.785883
vn 0.000001 -0.618375 0.785884
vn 0.000001 -0.618375 0.785883
vn -1.000000 -0.000178 -0.000011
vn -1.000000 -0.000178 -0.000011
vn -1.000000 -0.000178 -0.000011
vn -1.000000 -0.000178 -0.000011
vn 1.000000 0.000091 0.000000
vn 1.000000 0.000091 0.000000
vn 1.000000 0.000091 0.000000
vn 1.000000 0.000091 0.000000
vn 0.000000 -0.618375 0.785883
vn 0.000000 -0.618375 0.785883
vn 0.000000 -0.618375 0.785883
vn 0.000000 -0.618375 0.785883
vn 0.000000 -1.000000 0.000000
vn 0.000000 -1.000000 0.000000
vn 0.000000 -1.000000 0.000000
vn 0.000000 -1.000000 0.000000
vn 0.000000 -1.000000 0.000000
vn 0.000000 -1.000000 0.000000
vn 0.000000 -1.000000 0.000000
vn 0.000000 -1.000000 0.000000
vn 0.952277 -0.305234 -0.000000
vn 0.952277 -0.305234 0.000000
vn 0.945871 -0.324542 0.000000
vn 0.945262 -0.326314 -0.000000
vn 0.952277 -0.305235 -0.000000
vn 0.945303 -0.326194 -0.000000
vn 0.952277 -0.305236 0.000000
vn 0.945877 -0.324525 0.000000
vn 0.000000 -0.182885 -0.983134
vn 0.000000 -0.170079 -0.985430
vn 0.000000 -0.170079 -0.985431
vn 0.000000 -0.170079 -0.985431
vn 0.000000 -0.180514 -0.983572
vn 0.000000 -0.170079 0.985431
vn 0.001375 -0.166395 0.986058
vn -0.002397 -0.179276 0.983796
vn 0.000000 -0.180514 0.983572
vn 0.000000 1.000000 0.000000
vn 0.000000 1.000000 0.000000
vn 0.000000 1.000000 0.000000
vn 0.000000 1.000000 -0.000000
vn 0.000001 -1.000000 0.000000
vn 0.000001 -1.000000 0.000000
vn 0.000001 -1.000000 0.000000
vn 0.000001 -1.000000 0.000000
vn 0.000000 1.000000 -0.000000
vn 0.000000 1.000000 -0.000001
vn 0.000000 1.000000 -0.000000
vn 0.000000 1.000000 -0.000001
vn 0.000000 -1.000000 0.000002
vn 0.000000 -1.000000 0.000002
vn 0.000000 -1.000000 0.000002
vn 0.000000 -1.000000 0.000002
vn 0.000000 1.000000 0.000000
vn 0.000000 1.000000 0.000000
vn 0.000000 1.000000 0.000000
vn 0.000000 1.000000 0.000000
vn 0.000000 -1.000000 -0.000002
vn 0.000000 -1.000000 -0.000002
vn 0.000000 -1.000000 -0.000002
vn 0.000000 -1.000000 -0.000002
vn 0.000000 -1.000000 0.000000
vn 0.000000 -1.000000 0.000000
vn 0.000000 -1.000000 0.000000
vn 0.000000 -1.000000 0.000000
vn 0.000000 1.000000 0.000000
vn 0.000000 1.000000 0.000000
vn 0.000000 1.000000 -0.000000
vn 0.000000 1.000000 0.000000
vn 0.000000 1.000000 0.000000
vn 0.000000 1.000000 -0.000000
vn 0.000000 -1.000000 0.000000
vn 0.000000 -1.000000 0.000000
vn 0.000000 -1.000000 0.000000
vn 0.000000 -1.000000 0.000000
vn -0.001179 0.577583 0.816331
vn -0.001179 0.577583 0.816331
vn -0.001179 0.577583 0.816331
vn -0.001179 0.577583 0.816331
vn -0.000883 0.579404 -0.815040
vn -0.000883 0.579404 -0.815040
vn -0.000883 0.579404 -0.815040
vn -0.000883 0.579404 -0.815040
vn 0.693750 0.720216 -0.000008
vn 0.693750 0.720216 -0.000008
vn 0.693750 0.720216 -0.000008
vn 0.693750 0.720216 -0.000008
vn 0.682470 0.730914 0.000000
vn 0.682470 0.730914 0.000000
vn 0.682470 0.730914 0.000000
vn 0.682470 0.730914 0.000000
vn 0.693788 0.720179 0.000013
vn 0.693788 0.720179 0.000013
vn 0.693788 0.720179 0.000013
vn 0.693788 0.720179 0.000013
vn 0.663792 -0.359784 0.655695
vn 0.671500 -0.335957 0.660470
vn 0.671500 -0.335957 0.660470
vn 0.662857 -0.362572 0.655105
vn 0.670967 -0.339008 -0.659452
vn 0.663934 -0.361310 -0.654712
vn 0.663084 -0.363911 -0.654132
vn 0.670967 -0.339008 -0.659452
vn 0.000000 1.000000 -0.000000
vn 0.000000 1.000000 -0.000000
vn 0.000000 1.000000 -0.000001
vn 0.000000 1.000000 -0.000000
vn 0.000000 1.000000 -0.000000
vn 0.000000 1.000000 0.000001
vn 0.000000 1.000000 0.000000
vn 0.000000 1.000000 -0.000000
vn 0.000000 -1.000000 0.000001
vn 0.000000 -1.000000 0.000001
vn 0.000000 -1.000000 0.000001
vn 0.000000 -1.000000 0.000001
vn 0.000000 -1.000000 0.000000
vn 0.000000 -1.000000 0.000000
vn 0.000000 -1.000000 0.000000
vn 0.000000 -1.000000 0.000000
vn 0.952956 -0.278972 -0.118531
vn 0.952956 -0.278972 -0.118531
vn 0.947776 -0.312237 -0.065021
vn 0.945968 -0.320041 -0.052130
vn 0.946869 -0.307913 0.092892
vn 0.948064 -0.272688 0.163754
vn 0.948064 -0.272688 0.163754
vn 0.945630 -0.316497 0.074919
vn -0.085704 -0.140673 -0.986340
vn -0.050904 -0.165646 -0.984871
vn -0.033333 -0.178114 -0.983445
vn -0.085704 -0.140673 -0.986340
vn -0.051143 -0.164659 0.985024
vn -0.085756 -0.139259 0.986536
vn -0.085756 -0.139259 0.986536
vn -0.033629 -0.177369 0.983570
vn 0.000000 -1.000000 0.000000
vn 0.000000 -1.000000 0.000000
vn 0.000000 -1.000000 0.000000
vn 0.000000 -1.000000 0.000000
vn -0.000000 -1.000000 -0.000004
vn -0.000000 -1.000000 -0.000004
vn -0.000000 -1.000000 -0.000004
vn -0.000000 -1.000000 -0.000004
vn 0.000000 -1.000000 0.000000
vn 0.000000 -1.000000 0.000000
vn 0.000000 -1.000000 0.000000
vn 0.000000 -1.000000 0.000000
vn 0.000000 -1.000000 0.000002
vn 0.000000 -1.000000 0.000002
vn 0.000000 -1.000000 0.000002
vn 0.000000 -1.000000 0.000002
vn 0.021365 0.557658 0.829796
vn 0.021365 0.557658 0.829796
vn 0.021365 0.557658 0.829796
vn 0.021365 0.557658 0.829796
vn 0.700796 0.713358 -0.002232
vn 0.700796 0.713358 -0.002232
vn 0.700796 0.713358 -0.002232
vn 0.700796 0.713358 -0.002232
vn 0.675230 0.736669 -0.037192
vn 0.675230 0.736669 -0.037192
vn 0.675230 0.736669 -0.037192
vn 0.675230 0.736669 -0.037192
vn 0.015212 0.551860 -0.833798
vn 0.015212 0.551860 -0.833798
vn 0.015212 0.551860 -0.833798
vn 0.015212 0.551860 -0.833798
vn 0.446502 0.779170 -0.439920
vn 0.446502 0.779170 -0.439920
vn 0.446502 0.779170 -0.439920
vn 0.446502 0.779170 -0.439920
vn 0.444593 0.783525 0.434081
vn 0.444593 0.783525 0.434081
vn 0.444593 0.783525 0.434081
vn 0.444593 0.783525 0.434081
vn -0.002287 -0.592182 -0.805801
vn -0.003979 -0.540921 -0.841064
vn -0.003979 -0.540921 -0.841064
vn -0.001417 -0.617556 -0.786526
vn -0.001506 -0.606198 0.795313
vn -0.002502 -0.557805 0.829969
vn -0.002502 -0.557805 0.829969
vn -0.001836 -0.590440 0.807079
vn 0.754723 -0.656040 0.002231
vn 0.810476 -0.585694 0.009587
vn 0.810476 -0.585694 0.009587
vn 0.767557 -0.640969 0.003856
vn 0.770073 -0.637954 -0.001736
vn 0.757933 -0.652332 -0.001086
vn 0.815390 -0.578897 -0.004300
vn 0.815390 -0.578897 -0.004300
vn -0.143410 -0.813709 0.563304
vn -0.143410 -0.813709 0.563304
vn -0.143410 -0.813709 0.563304
vn -0.143410 -0.813709 0.563304
vn -0.053283 -0.509577 -0.858774
vn -0.053283 -0.509577 -0.858774
vn -0.053283 -0.509577 -0.858774
vn -0.053283 -0.509577 -0.858774
vn 0.617399 -0.771495 -0.153667
vn 0.617399 -0.771495 -0.153667
vn 0.617399 -0.771495 -0.153667
vn 0.617399 -0.771495 -0.153667
vn 0.859965 -0.492565 0.133570
vn 0.859965 -0.492565 0.133570
vn 0.859965 -0.492565 0.133570
vn 0.859965 -0.492565 0.133570
vn 0.646260 -0.466781 -0.603708
vn 0.646260 -0.466781 -0.603708
vn 0.646260 -0.466781 -0.603708
vn 0.646260 -0.466781 -0.603708
vn 0.596635 -0.560555 0.574286
vn 0.596635 -0.560555 0.574286
vn 0.596635 -0.560555 0.574286
vn 0.596635 -0.560555 0.574286
vn 0.000000 -1.000000 0.000000
vn 0.000000 -1.000000 0.000000
vn 0.020827 -0.999782 0.001317
vn 0.011443 -0.999934 0.000723
vn 0.001517 -0.998950 0.045796
vn 0.001517 -0.998950 0.045796
vn 0.001043 -0.999504 0.031492
vn 0.000568 -0.999853 0.017153
vn 0.000000 -1.000000 -0.000001
vn 0.000000 -1.000000 -0.000000
vn 0.000000 -1.000000 0.000000
vn 0.000000 -1.000000 0.000000
vn 0.040709 -0.999168 0.002574
vn 0.040709 -0.999168 0.002574
vn 0.000000 -1.000000 0.000000
vn 0.000000 -1.000000 0.000000
vn 0.027831 -0.984075 -0.175559
vn 0.070807 -0.989053 -0.129461
vn 0.126781 -0.989569 -0.068407
vn 0.168294 -0.985482 -0.022410
vn 0.159008 -0.986862 -0.028644
vn 0.085772 -0.995950 0.026949
vn 0.033867 -0.995871 0.084226
vn -0.028211 -0.981604 0.188833
vn 0.248086 -0.963834 -0.097358
vn 0.248086 -0.963834 -0.097358
vn -0.093411 -0.950487 0.296392
vn -0.093411 -0.950487 0.296392
vn -0.026891 -0.972087 -0.233075
vn -0.026891 -0.972087 -0.233075
vn 0.239466 -0.969147 0.058395
vn 0.239466 -0.969147 0.058395
vn -0.899455 0.429899 -0.078530
vn -0.899455 0.429899 -0.078530
vn -0.899455 0.429899 -0.078530
vn -0.899455 0.429899 -0.078530
vn -0.898928 0.438097 0.000022
vn -0.898928 0.438097 0.000022
vn -0.898928 0.438097 0.000022
vn -0.898928 0.438097 0.000022
vn -0.896077 0.434049 0.092991
vn -0.896077 0.434049 0.092991
vn -0.896077 0.434049 0.092991
vn -0.896077 0.434049 0.092991
vn -0.065714 0.431368 0.899780
vn -0.065714 0.431368 0.899780
vn -0.065714 0.431368 0.899780
vn -0.065714 0.431368 0.899780
vn -0.065838 0.431377 -0.899766
vn -0.065838 0.431377 -0.899766
vn -0.065838 0.431377 -0.899766
vn -0.065838 0.431377 -0.899766
vn 0.009931 0.996269 -0.085728
vn 0.009931 0.996269 -0.085728
vn 0.009931 0.996269 -0.085728
vn 0.141786 0.989897 0.000000
vn 0.141786 0.989897 0.000000
vn 0.141786 0.989897 0.000000
vn 0.141786 0.989897 0.000000
vn 0.003500 0.993618 0.112741
vn 0.003500 0.993618 0.112741
vn 0.003500 0.993618 0.112741
vn 0.003500 0.993618 0.112741
vn 0.003768 0.992383 -0.123134
vn 0.003768 0.992383 -0.123134
vn 0.003768 0.992383 -0.123134
vn 0.003768 0.992383 -0.123134
vn 0.109809 0.993944 0.004265
vn 0.109809 0.993944 0.004265
vn 0.109809 0.993944 0.004265
vn 0.109809 0.993944 0.004265
vn 0.109328 0.993994 -0.004943
vn 0.109328 0.993994 -0.004943
vn 0.109328 0.993994 -0.004943
vn 0.109328 0.993994 -0.004943
vn 0.091909 0.995767 0.001034
vn 0.091909 0.995767 0.001034
vn 0.091909 0.995767 0.001034
vn 0.008637 0.996685 0.080896
vn 0.008637 0.996685 0.080896
vn 0.008637 0.996685 0.080896
vn 0.054884 0.997334 -0.048082
vn 0.054884 0.997334 -0.048082
vn 0.054884 0.997334 -0.048082
vn 0.052976 0.997521 0.046320
vn 0.052976 0.997521 0.046320
vn 0.052976 0.997521 0.046320
vn 0.083423 0.996424 -0.013441
vn 0.083423 0.996424 -0.013441
vn 0.083423 0.996424 -0.013441
vn -0.002098 -0.139056 0.990282
vn 0.000000 -0.108644 0.994081
vn 0.000000 -0.108644 0.994081
vn 0.000000 -0.150332 0.988635
vn -0.040179 -0.150181 0.987842
vn -0.053477 -0.133000 0.989672
vn -0.078638 -0.100229 0.991852
vn -0.078638 -0.100229 0.991852
vn 0.691021 -0.222022 0.687893
vn 0.678740 -0.290324 0.674555
vn 0.680458 -0.281877 0.676404
vn 0.691021 -0.222022 0.687893
vn 0.962174 -0.268868 -0.043952
vn 0.977137 -0.196394 -0.081440
vn 0.977137 -0.196394 -0.081440
vn 0.965686 -0.254566 -0.051450
vn 0.963905 -0.266246 0.000000
vn 0.980017 -0.198912 0.000000
vn 0.980017 -0.198912 0.000000
vn 0.965373 -0.260873 -0.000000
vn 0.980017 -0.198912 0.000000
vn 0.965273 -0.261242 -0.000000
vn 0.980017 -0.198912 0.000000
vn 0.963891 -0.266296 0.000000
vn 0.961711 -0.266064 0.065742
vn 0.964873 -0.251195 0.076948
vn 0.974044 -0.191127 0.121280
vn 0.974044 -0.191127 0.121280
vn 0.679484 -0.290380 -0.673781
vn 0.691696 -0.222119 -0.687183
vn 0.691696 -0.222119 -0.687183
vn 0.681184 -0.281988 -0.675627
vn -0.040113 -0.150199 -0.987842
vn -0.078520 -0.100251 -0.991859
vn -0.078520 -0.100251 -0.991859
vn -0.053392 -0.133021 -0.989674
vn 0.000000 -0.108644 -0.994081
vn 0.000000 -0.143595 -0.989637
vn 0.000000 -0.150333 -0.988636
vn 0.000000 -0.108644 -0.994081
vn -0.088592 -0.996068 0.000000
vn -0.057420 -0.998350 0.000000
vn -0.058093 -0.998311 -0.000000
vn -0.088592 -0.996068 0.000000
vn -0.000000 -0.994816 0.101695
vn -0.000000 -0.997959 0.063854
vn -0.015892 -0.999496 0.027483
vn 0.000000 -0.994816 0.101696
vn 0.000000 -0.994762 -0.102217
vn -0.016526 -0.999567 -0.024344
vn 0.000000 -0.998200 -0.059978
vn 0.000000 -0.994762 -0.102216
vn -0.088592 -0.996068 0.000000
vn -0.088592 -0.996068 0.000000
vn -0.088592 -0.996068 0.000000
vn -0.088592 -0.996068 0.000000
vn -1.000000 0.000000 0.000000
vn -1.000000 0.000000 0.000000
vn -1.000000 0.000000 0.000000
vn -1.000000 0.000000 0.000000
vn 0.000000 0.000000 1.000000
vn 0.000000 0.000000 1.000000
vn 0.000000 0.000000 1.000000
vn 0.000000 0.000000 1.000000
vn 0.000000 0.000000 -1.000000
vn 0.000000 0.000000 -1.000000
vn 0.000000 0.000000 -1.000000
vn 0.000000 0.000000 -1.000000
vn -1.000000 0.000000 0.000000
vn -1.000000 0.000000 0.000000
vn -1.000000 0.000000 0.000000
vn -1.000000 0.000000 0.000000
vn -1.000000 0.000000 0.000001
vn -1.000000 0.000000 0.000001
vn -1.000000 0.000000 0.000001
vn -1.000000 0.000000 0.000001
vn -0.002565 0.430728 0.902478
vn -0.004115 0.358279 0.933605
vn -0.004115 0.358279 0.933605
vn -0.001318 0.486603 0.873622
vn -0.001317 0.486603 -0.873622
vn -0.004115 0.358279 -0.933605
vn -0.004115 0.358280 -0.933605
vn -0.002565 0.430728 -0.902478
vn 0.789720 0.613466 -0.001055
vn 0.834146 0.551533 -0.003489
vn 0.834146 0.551533 -0.003489
vn 0.795493 0.605961 -0.001358
vn 0.794503 0.607258 0.001466
vn 0.787823 0.615901 0.001075
vn 0.836069 0.548609 0.004035
vn 0.836069 0.548609 0.004035
vn 0.037956 0.568063 0.822110
vn 0.037956 0.568063 0.822110
vn 0.037956 0.568063 0.822110
vn 0.037956 0.568063 0.822109
vn 0.043482 0.579473 -0.813831
vn 0.043482 0.579473 -0.813831
vn 0.043482 0.579473 -0.813831
vn 0.043482 0.579473 -0.813831
vn 0.769763 0.638316 0.004107
vn 0.769763 0.638316 0.004107
vn 0.769763 0.638316 0.004107
vn 0.769763 0.638316 0.004107
vn 0.771060 0.636748 -0.004339
vn 0.771060 0.636748 -0.004339
vn 0.771060 0.636748 -0.004339
vn 0.771060 0.636748 -0.004339
vn 0.542573 0.658957 0.520951
vn 0.542573 0.658957 0.520951
vn 0.542573 0.658957 0.520951
vn 0.542573 0.658957 0.520951
vn 0.532960 0.665729 -0.522263
vn 0.532960 0.665729 -0.522263
vn 0.532960 0.665729 -0.522263
vn 0.532960 0.665729 -0.522263
vn 0.675117 -0.737711 -0.000053
vn 0.669044 -0.743223 -0.000004
vn 0.669156 -0.743122 -0.000004
vn 0.675132 -0.737697 -0.000090
vn 0.675736 -0.737142 -0.001538
vn 0.675737 -0.737142 -0.001538
vn 0.458630 -0.753374 0.471259
vn 0.269360 -0.769575 0.578964
vn 0.252988 -0.769270 0.586704
vn 0.458630 -0.753374 0.471259
vn -0.000000 -0.730073 0.683370
vn -0.000084 -0.730622 0.682782
vn -0.000103 -0.730641 0.682762
vn -0.000000 -0.730097 0.683343
vn -0.000000 -0.730096 -0.683345
vn -0.000103 -0.730639 -0.682764
vn -0.000084 -0.730621 -0.682784
vn -0.000000 -0.730071 -0.683371
vn 0.668716 -0.743518 0.000004
vn 0.675089 -0.737736 0.000062
vn 0.675105 -0.737722 0.000106
vn 0.668842 -0.743404 0.000005
vn 0.269362 -0.769581 -0.578956
vn 0.252978 -0.769275 -0.586702
vn 0.675960 -0.736934 0.002532
vn 0.675960 -0.736934 0.002532
vn 0.458630 -0.753382 -0.471247
vn 0.458630 -0.753382 -0.471247
vn 0.000000 -1.000000 0.000000
vn 0.000000 -1.000000 0.000005
vn 0.000000 -1.000000 0.000002
vn 0.991701 -0.128568 0.000000
vn 0.991701 -0.128568 0.000000
vn 0.991701 -0.128568 -0.000000
vn 0.991701 -0.128568 -0.000000
vn 0.000000 -1.000000 0.000000
vn 0.000000 -1.000000 -0.000000
vn 0.000000 -0.070314 0.997525
vn 0.000000 -0.070314 0.997525
vn -0.000000 -0.070314 0.997525
vn -0.000000 -0.070314 0.997525
vn -0.000000 -1.000000 0.000000
vn 0.000000 -1.000000 -0.000000
vn 0.000000 -1.000000 0.000000
vn 0.000000 -1.000000 0.000000
vn 0.991701 -0.128568 0.000000
vn 0.991701 -0.128568 0.000000
vn 0.991701 -0.128568 -0.000000
vn 0.991701 -0.128568 -0.000000
vn 0.000000 -1.000000 -0.000000
vn 0.000000 -1.000000 -0.000003
vn 0.000000 -1.000000 -0.000002
vn 0.698588 -0.140014 -0.701691
vn 0.698589 -0.140014 -0.701691
vn 0.698589 -0.140014 -0.701691
vn 0.698588 -0.140014 -0.701691
vn -0.000000 -0.070314 0.997525
vn -0.000000 -0.070314 0.997525
vn 0.991701 -0.128564 -0.000007
vn 0.991701 -0.128564 -0.000007
vn 0.991701 -0.128565 0.000006
vn 0.991701 -0.128565 0.000006
vn 0.000000 -1.000000 -0.000001
vn 0.000000 -1.000000 0.000000
vn 0.000000 1.000000 0.000000
vn 0.000000 1.000000 0.000000
vn 0.000000 1.000000 0.000000
vn 0.000000 1.000000 0.000000
vn 0.000000 1.000000 0.000000
vn 0.000000 1.000000 0.000000
vn 0.000000 1.000000 0.000000
vn 0.000000 1.000000 0.000000
vn 0.000000 1.000000 0.000002
vn 0.000000 1.000000 0.000002
vn 0.000000 1.000000 0.000002
vn 0.000000 1.000000 0.000001
vn 0.000000 1.000000 0.000000
vn 0.000000 1.000000 0.000000
vn 0.000000 1.000000 0.000000
vn 0.000000 1.000000 0.000000
vn 0.000000 1.000000 0.000001
vn 0.000000 1.000000 0.000002
vn 0.000000 1.000000 0.000001
vn 0.000000 1.000000 0.000000
vn 0.000000 1.000000 0.000000
vn 0.000000 1.000000 0.000001
vn 0.000000 1.000000 0.000001
vn 0.000000 1.000000 0.000000
vn 0.000000 1.000000 0.000000
vn 0.000000 1.000000 0.000000
vn 0.000000 1.000000 0.000000
vn 0.000000 1.000000 0.000000
vn 0.000000 1.000000 -0.000003
vn 0.000000 1.000000 -0.000003
vn 0.000000 1.000000 -0.000002
vn 0.000000 1.000000 -0.000002
vn 0.000000 -0.070314 -0.997525
vn -0.000000 -0.070314 -0.997525
vn -0.000000 -0.070314 -0.997525
vn 0.000000 -0.070314 -0.997525
vn -0.000005 -0.070313 -0.997525
vn -0.000005 -0.070313 -0.997525
vn 0.698529 -0.139988 0.701756
vn 0.698529 -0.139988 0.701756
vn 0.698529 -0.139988 0.701756
vn 0.698529 -0.139988 0.701756
vn 0.829216 0.558928 -0.000971
vn 0.829216 0.558928 -0.000971
vn 0.829216 0.558928 -0.000971
vn 0.829216 0.558928 -0.000971
vn -0.544936 0.838477 -0.000803
vn -0.544936 0.838477 -0.000803
vn -0.544936 0.838477 -0.000803
vn -0.544936 0.838477 -0.000803
vn -1.000000 0.000000 -0.000951
vn -1.000000 0.000000 -0.000951
vn -1.000000 0.000000 -0.000951
vn -1.000000 0.000000 -0.000951
vn 0.384481 0.923133 -0.000582
vn 0.384481 0.923133 -0.000582
vn 0.384481 0.923133 -0.000582
vn 0.384481 0.923133 -0.000582
vn 0.918773 0.394785 -0.000922
vn 0.918773 0.394785 -0.000922
vn 0.918773 0.394785 -0.000922
vn 0.918773 0.394785 -0.000922
vn 0.480234 0.877140 -0.000711
vn 0.480234 0.877140 -0.000711
vn 0.480234 0.877140 -0.000711
vn 0.480234 0.877140 -0.000711
vn 0.050028 0.733918 0.677394
vn 0.050028 0.733918 0.677394
vn 0.050028 0.733918 0.677394
vn 0.479539 0.876158 -0.048885
vn 0.479539 0.876158 -0.048885
vn 0.479539 0.876158 -0.048885
vn 0.480911 0.875792 0.041401
vn 0.480911 0.875792 0.041401
vn 0.480911 0.875792 0.041401
vn 0.053810 0.682804 -0.728617
vn 0.053810 0.682804 -0.728617
vn 0.053810 0.682804 -0.728617
vn 1.000000 0.000000 -0.000376
vn 1.000000 0.000000 -0.000376
vn 1.000000 0.000000 -0.000376
vn 1.000000 0.000000 -0.000376
vn 0.000000 -0.999999 0.001365
vn 0.000000 -0.999999 0.001365
vn 0.000000 -0.999999 0.001365
vn 0.000000 -0.999999 0.001365
vn -0.000009 0.999999 -0.001393
vn -0.000009 0.999999 -0.001393
vn -0.000009 0.999999 -0.001393
vn -0.000009 0.999999 -0.001393
vn -0.000042 0.641774 -0.766894
vn -0.021396 0.606140 -0.795071
vn -0.119744 0.560425 -0.819503
vn -0.000069 0.632472 -0.774584
vn 0.000361 0.670246 0.742139
vn -0.053324 0.677836 0.733277
vn -0.023226 0.678086 0.734616
vn 0.000236 0.665924 0.746020
vn 0.745501 0.666505 0.000037
vn 0.719019 0.694990 0.000526
vn 0.709792 0.704411 0.000793
vn 0.751544 0.659683 0.000060
vn 0.809077 0.544961 0.220028
vn 0.782616 0.620980 0.043542
vn 0.681510 0.731070 -0.032876
vn 0.685792 0.720809 -0.100620
vn -0.557859 0.572376 0.600982
vn -0.557859 0.572376 0.600982
vn -0.652721 0.149484 -0.742705
vn -0.652720 0.149484 -0.742705
vn 0.579973 0.484215 -0.655109
vn 0.579973 0.484215 -0.655109
vn 0.603118 0.056090 0.795678
vn 0.603118 0.056090 0.795678
vn 0.356970 0.417078 -0.835834
vn -0.037854 0.360882 -0.931843
vn -0.037854 0.360882 -0.931843
vn 0.301020 0.413107 -0.859494
vn 0.821460 0.449227 0.351280
vn 0.871986 0.489012 0.022551
vn 0.871986 0.489012 0.022551
vn 0.809109 0.441001 0.388407
vn -0.000117 -0.622948 -0.782263
vn -0.000117 -0.622948 -0.782263
vn -0.000117 -0.622948 -0.782264
vn -0.000117 -0.622948 -0.782264
vn -0.000117 -0.622944 0.782267
vn -0.000117 -0.622944 0.782267
vn -0.000117 -0.622944 0.782267
vn -0.000117 -0.622944 0.782267
vn 0.765966 -0.642881 0.000137
vn 0.765966 -0.642881 0.000137
vn 0.765966 -0.642881 0.000137
vn 0.765966 -0.642881 0.000137
vn 0.730595 -0.682811 0.000004
vn 0.730595 -0.682811 0.000004
vn 0.730595 -0.682811 0.000004
vn 0.730595 -0.682811 0.000004
vn 0.761084 -0.648653 -0.000123
vn 0.761084 -0.648653 -0.000123
vn 0.761084 -0.648653 -0.000123
vn 0.761085 -0.648653 -0.000123
vn 0.003297 -0.648796 0.760955
vn 0.003297 -0.648796 0.760955
vn 0.003297 -0.648796 0.760955
vn 0.003297 -0.648796 0.760955
vn 0.003299 -0.648817 -0.760938
vn 0.003299 -0.648817 -0.760938
vn 0.003299 -0.648817 -0.760938
vn 0.003299 -0.648817 -0.760938
vn 0.748252 -0.663410 0.002500
vn 0.748252 -0.663410 0.002500
vn 0.748252 -0.663410 0.002500
vn 0.748252 -0.663410 0.002500
vn 0.748484 -0.663143 -0.003659
vn 0.748484 -0.663143 -0.003659
vn 0.748484 -0.663143 -0.003659
vn 0.748484 -0.663143 -0.003659
vn 0.498585 -0.716239 -0.488277
vn 0.498585 -0.716239 -0.488277
vn 0.498585 -0.716239 -0.488277
vn 0.498585 -0.716239 -0.488277
vn 0.498590 -0.716238 0.488274
vn 0.498590 -0.716238 0.488274
vn 0.498590 -0.716238 0.488274
vn 0.498590 -0.716238 0.488274
vn 1.000000 0.000000 0.000000
vn 1.000000 0.000000 0.000000
vn 1.000000 0.000000 0.000000
vn 1.000000 0.000000 0.000000
vn 0.000000 0.000000 1.000000
vn 0.000000 0.000000 1.000000
vn 0.000000 0.000000 1.000000
vn 0.000000 0.000000 1.000000
vn 0.000000 0.000000 -1.000000
vn 0.000000 0.000000 -1.000000
vn 0.000000 0.000000 -1.000000
vn 0.000000 0.000000 -1.000000
vn 1.000000 0.000000 0.000000
vn 1.000000 0.000000 0.000000
vn 1.000000 0.000000 0.000000
vn 1.000000 0.000000 0.000000
vn 1.000000 0.000000 0.000000
vn 1.000000 0.000000 0.000000
vn 1.000000 0.000000 0.000000
vn 1.000000 0.000000 0.000000
vn 0.714533 -0.005349 -0.699581
vn 0.714533 -0.005349 -0.699581
vn 0.714533 -0.005349 -0.699581
vn 0.714533 -0.005349 -0.699581
vn 0.714532 -0.005336 0.699582
vn 0.714532 -0.005336 0.699582
vn 0.714532 -0.005336 0.699582
vn 0.714532 -0.005336 0.699582
vn 1.000000 0.000000 0.000000
vn 1.000000 0.000000 0.000000
vn 1.000000 0.000000 0.000000
vn 1.000000 0.000000 0.000000
vn 0.000001 0.000000 -1.000000
vn 0.000001 0.000000 -1.000000
vn 0.000001 0.000000 -1.000000
vn 0.000001 0.000000 -1.000000
vn 0.000001 0.000000 1.000000
vn 0.000001 0.000000 1.000000
vn 0.000001 0.000000 1.000000
vn 0.000001 0.000000 1.000000
vn 1.000000 0.000000 0.000000
vn 1.000000 0.000000 0.000000
vn 1.000000 0.000000 0.000000
vn 1.000000 0.000000 0.000000
vn 0.000000 1.000000 -0.000000
vn 0.000000 1.000000 0.000000
vn 0.000000 1.000000 0.000000
vn 0.000000 1.000000 -0.000000
vn 0.000000 1.000000 -0.000000
vn 0.000000 1.000000 0.000000
vn 0.000000 1.000000 -0.000000
vn 0.000000 1.000000 0.000000
vn 0.000000 1.000000 0.000000
vn 0.000000 1.000000 -0.000000
vn 0.000000 1.000000 -0.000000
vn 0.000000 1.000000 0.000000
vn 0.000000 1.000000 -0.000000
vn 0.000000 1.000000 0.000000
vn 0.000000 1.000000 0.000001
vn 0.000000 1.000000 0.000000
vn 0.000000 -1.000000 0.000000
vn 0.000000 -1.000000 0.000000
vn 0.000000 -1.000000 0.000000
vn 0.000000 -1.000000 0.000000
vn 0.000000 -1.000000 0.000000
vn 0.000000 -1.000000 0.000000
vn 0.000000 -1.000000 0.000000
vn 0.000000 -1.000000 0.000000
vn 0.000000 -1.000000 0.000000
vn 0.000000 -1.000000 0.000000
vn 0.000000 -1.000000 0.000000
vn 0.000000 -1.000000 0.000000
vn 0.000000 -1.000000 0.000000
vn 0.000000 -1.000000 0.000000
vn 0.000000 -1.000000 0.000000
vn 0.000000 -1.000000 0.000000
vn 0.000000 -1.000000 0.000000
vn 0.000000 -1.000000 0.000000
vn 0.000000 -1.000000 0.000000
vn 0.000000 -1.000000 0.000000
vn 0.000000 -1.000000 0.000001
vn 0.000000 -1.000000 0.000001
vn 0.000000 -1.000000 0.000001
vn 0.000000 -1.000000 0.000001
vn 0.000000 -1.000000 -0.000001
vn 0.000000 -1.000000 -0.000001
vn 0.000000 -1.000000 -0.000001
vn 0.000000 -1.000000 -0.000001
vn 0.000000 -1.000000 0.000001
vn 0.000000 -1.000000 0.000001
vn 0.000000 -1.000000 0.000001
vn 0.000000 -1.000000 0.000001
vn 0.000000 -1.000000 0.000000
vn 0.000000 -1.000000 0.000000
vn 0.000000 -1.000000 0.000000
vn 0.000000 -1.000000 0.000000
vn 0.000000 -1.000000 0.000000
vn 0.000000 -1.000000 0.000000
vn 0.000000 -1.000000 0.000000
vn 0.000000 -1.000000 0.000000
vn 0.000000 -1.000000 -0.000002
vn 0.000000 -1.000000 -0.000002
vn 0.000000 -1.000000 -0.000002
vn 0.000000 -1.000000 -0.000002
vn 0.999980 0.006259 0.000895
vn 1.000000 0.000000 0.000000
vn 1.000000 0.000000 0.000000
vn 0.999980 0.006258 0.000895
vn 0.000000 0.000000 1.000000
vn 0.000000 0.000000 1.000000
vn 0.000000 0.000000 1.000000
vn 0.000000 0.000000 1.000000
vn 0.000000 0.000000 -1.000000
vn 0.000000 0.000000 -1.000000
vn 0.000000 0.000000 -1.000000
vn 0.000000 0.000000 -1.000000
vn 1.000000 0.000000 0.000000
vn 1.000000 0.000000 0.000000
vn 0.999807 0.019433 0.002779
vn 0.999807 0.019433 0.002779
vn -0.019380 -0.236538 0.971429
vn -0.004710 -0.184355 0.982849
vn -0.093996 -0.221319 0.970661
vn -0.093763 -0.221229 0.970704
vn 0.000000 1.000000 0.000000
vn 0.000000 1.000000 0.000000
vn 0.000000 -1.000000 0.000002
vn 0.000000 -1.000000 0.000002
vn 0.000000 -1.000000 0.000002
vn 0.000000 -1.000000 0.000002
vn 0.000000 0.663424 -0.748243
vn 0.000000 0.663424 -0.748243
vn 0.000000 0.663424 -0.748243
vn 0.000000 0.663424 -0.748243
vn 0.000014 -0.657354 -0.753582
vn 0.000014 -0.657354 -0.753582
vn 0.000010 0.435532 0.900173
vn 0.000010 0.435532 0.900173
vn 0.000010 0.435532 0.900173
vn 0.000010 0.435532 0.900173
vn 0.000000 0.979534 -0.201281
vn 0.000000 0.979534 -0.201281
vn 0.000000 0.979534 -0.201281
vn 0.000000 0.979534 -0.201281
vn 0.000000 -0.998182 -0.060271
vn 0.000000 -0.994762 -0.102216
vn 0.000000 0.000000 -1.000000
vn 0.000000 0.000000 -1.000000
vn 0.000053 0.544606 -0.838692
vn 0.000053 0.544606 -0.838692
vn 0.000000 -0.729658 0.683813
vn 0.000000 -0.729658 0.683813
vn 0.000000 -0.729657 -0.683814
vn 0.000000 -0.729657 -0.683814
vn 0.000000 -1.000000 0.000000
vn 0.000000 1.000000 0.000000
vn 0.000000 1.000000 0.000000
vn -0.000058 0.550860 0.834598
vn -0.000058 0.550860 0.834598
vn -0.000058 0.550860 0.834598
vn -0.000058 0.550860 0.834598
vn -0.000083 0.528542 -0.848907
vn -0.000083 0.528542 -0.848907
vn -0.000083 0.528542 -0.848907
vn -0.000083 0.528542 -0.848907
vn -0.000199 0.824405 -0.566000
vn -0.000199 0.824405 -0.566000
vn -0.000199 0.824405 -0.566000
vn -0.000199 0.824405 -0.566000
vn 0.000376 0.828854 0.559466
vn 0.000376 0.828853 0.559466
vn 0.000376 0.828853 0.559466
vn 0.000376 0.828853 0.559466
vn 0.000664 0.000000 1.000000
vn 0.000664 0.000000 1.000000
vn 0.000664 0.000000 1.000000
vn 0.000664 0.000000 1.000000
vn -0.000014 0.923866 0.382717
vn -0.000014 0.923866 0.382717
vn -0.000014 0.923866 0.382717
vn -0.000014 0.923866 0.382717
vn -0.000195 0.906545 -0.422108
vn -0.000195 0.906545 -0.422108
vn -0.000195 0.906545 -0.422108
vn -0.000195 0.906545 -0.422108
vn -0.000047 0.369410 0.929267
vn -0.000047 0.369410 0.929267
vn -0.000047 0.369410 0.929267
vn -0.000047 0.369410 0.929267
vn -0.000050 0.334837 -0.942276
vn -0.000050 0.334837 -0.942276
vn -0.000050 0.334837 -0.942276
vn -0.000050 0.334837 -0.942276
vn -0.000049 0.735779 0.677222
vn -0.000049 0.735779 0.677222
vn -0.000049 0.735779 0.677222
vn -0.000049 0.735779 0.677222
vn 0.000004 0.000000 1.000000
vn 0.000004 0.000000 1.000000
vn 0.000004 0.000000 1.000000
vn 0.000004 0.000000 1.000000
vn -0.000135 1.000000 0.000144
vn -0.000135 1.000000 0.000144
vn -0.000135 1.000000 0.000144
vn -0.000135 1.000000 0.000144
vn 0.000136 -1.000000 0.000156
vn 0.000136 -1.000000 0.000156
vn 0.000136 -1.000000 0.000156
vn 0.000136 -1.000000 0.000156
vn 0.000004 0.657351 -0.753585
vn 0.000004 0.657351 -0.753585
vn 0.000004 0.657354 0.753582
vn 0.000004 0.657354 0.753582
vn 0.000005 -0.665621 -0.746290
vn 0.000005 -0.665621 -0.746290
vn 0.000005 -0.665621 -0.746290
vn 0.000005 -0.665621 -0.746290
vn 0.000005 -0.665617 0.746294
vn 0.000005 -0.665617 0.746294
vn 0.000005 -0.665617 0.746294
vn 0.000005 -0.665617 0.746294
vn 0.000000 0.000000 -1.000000
vn 0.000000 0.000000 -1.000000
vn 0.000000 0.000000 -1.000000
vn 0.000000 0.000000 -1.000000
vn 0.000000 0.000000 1.000000
vn 0.000000 0.000000 1.000000
vn 0.000000 0.000000 1.000000
vn 0.000000 0.000000 1.000000
vn 0.000000 1.000000 0.000000
vn 0.000000 1.000000 0.000000
vn 0.000000 -1.000000 0.000001
vn 0.000000 -1.000000 0.000001
vn 0.000000 -1.000000 0.000001
vn 0.000000 -1.000000 0.000001
vn 0.000000 0.000000 -1.000000
vn 0.000000 0.000000 -1.000000
vn -0.000000 0.000000 1.000000
vn -0.000000 -0.000006 1.000000
vn 0.001533 -0.075097 0.997175
vn -0.000000 -1.000000 0.000000
vn -0.000000 -1.000000 0.000000
vn -0.000000 -1.000000 0.000000
vn -0.000000 -1.000000 0.000000
vn 0.000000 -0.170079 -0.985431
vn 0.000000 -0.182983 -0.983116
vn 0.000000 -1.000000 -0.000002
vn 0.000000 -1.000000 -0.000002
vn 0.000000 -1.000000 -0.000002
vn 0.000000 -1.000000 -0.000002
vn 0.000000 1.000000 0.000000
vn 0.000000 0.662932 0.748679
vn 0.000000 0.662932 0.748679
vn 0.000000 0.662932 0.748679
vn 0.000000 0.662932 0.748679
vn 0.000000 -1.000000 -0.000001
vn 0.000000 -1.000000 -0.000001
vn 0.000009 0.439653 -0.898168
vn 0.000009 0.439653 -0.898168
vn 0.000009 0.439653 -0.898168
vn 0.000009 0.439653 -0.898168
vn 0.000000 0.984380 0.176058
vn 0.000000 0.984380 0.176058
vn 0.000000 0.984380 0.176058
vn 0.000000 0.984380 0.176058
vn 0.000000 -0.143178 -0.989697
vn 0.000000 -0.108644 -0.994081
vn 0.000000 -0.108644 0.994081
vn -0.002523 -0.133818 0.991003
vn -0.000000 -0.997941 0.064133
vn -0.000000 -0.994816 0.101694
vn 0.000000 0.000000 1.000000
vn 0.000000 0.000000 1.000000
vn 0.000053 0.544605 0.838693
vn 0.000053 0.544605 0.838693
vn 0.000000 -0.070314 0.997525
vn 0.000000 -0.070314 0.997525
vn -0.000000 -1.000000 0.000000
vn 0.000000 1.000000 0.000000
vn 0.000000 1.000000 0.000000
vn 0.000000 -0.070314 -0.997525
vn 0.000000 -0.070314 -0.997525
vn 0.000000 1.000000 0.000000
vn 0.000000 1.000000 0.000000
vn 0.000000 1.000000 0.000000
vn 0.000000 1.000000 0.000000
vn -0.000273 -0.000001 -1.000000
vn -0.000273 -0.000001 -1.000000
vn -0.000273 -0.000001 -1.000000
vn -0.000273 -0.000001 -1.000000
vn -0.000050 0.684943 -0.728597
vn -0.000050 0.684943 -0.728597
vn -0.000050 0.684943 -0.728597
vn -0.000050 0.684943 -0.728597
vn -0.000001 0.000000 -1.000000
vn -0.000001 0.000000 -1.000000
vn -0.000001 0.000000 -1.000000
vn -0.000001 0.000000 -1.000000
vn 0.000129 -1.000000 -0.000139
vn 0.000129 -1.000000 -0.000139
vn 0.000129 -1.000000 -0.000139
vn 0.000129 -1.000000 -0.000139
vn -0.000141 1.000000 -0.000144
vn -0.000141 1.000000 -0.000144
vn -0.000141 1.000000 -0.000144
vn -0.000141 1.000000 -0.000144
vn 0.000000 1.000000 0.000000
vn 0.000000 -1.000000 -0.000001
vn 0.000000 -1.000000 -0.000001
vn 0.000000 -1.000000 -0.000001
vn 0.000000 -1.000000 -0.000001
vn 0.018726 -0.999648 -0.018799
vn 0.019558 -0.999632 -0.018799
vn 0.000001 -1.000000 0.000000
vn 0.000001 -1.000000 0.000000
vn 0.000001 -1.000000 0.000000
vn 0.000001 -1.000000 0.000000
vn 0.000001 -1.000000 0.000000
vn 0.000001 -1.000000 0.000000
vn 0.000001 -1.000000 0.000000
vn 0.000001 -1.000000 0.000000
vn -0.000000 0.984380 0.176055
vn -0.000000 0.984380 0.176055
vn -0.000000 0.984380 0.176055
vn -0.000000 0.984380 0.176055
vn 0.000000 0.663424 -0.748244
vn 0.000000 0.663424 -0.748244
vn 0.000000 0.663424 -0.748244
vn 0.000000 0.663424 -0.748244
vn 0.000000 0.000000 -1.000000
vn 0.000000 0.000000 -1.000000
vn 0.000000 0.000000 -1.000000
vn 0.000000 0.000000 -1.000000
vn 0.000000 0.735823 0.677174
vn 0.000000 0.735823 0.677174
vn 0.000000 0.735823 0.677174
vn 0.000000 0.735823 0.677174
vn 0.000000 0.437000 0.899462
vn 0.000000 0.437000 0.899462
vn 0.000000 0.437000 0.899462
vn 0.000000 0.437000 0.899462
vn 0.000000 1.000000 0.000000
vn 0.000000 1.000000 0.000000
vn 0.000000 1.000000 0.000000
vn 0.000000 1.000000 0.000000
vn 0.000000 0.000000 1.000000
vn 0.000000 0.000000 1.000000
vn 0.000000 0.000000 1.000000
vn 0.000000 0.000000 1.000000
vn -0.000000 0.550722 0.834689
vn -0.000000 0.550722 0.834689
vn -0.000000 0.550722 0.834689
vn -0.000000 0.550722 0.834689
vn 0.000000 0.922954 0.384911
vn 0.000000 0.922954 0.384911
vn 0.000000 0.922954 0.384911
vn 0.000000 0.922954 0.384911
vn 0.000000 0.530199 -0.847873
vn 0.000000 0.530199 -0.847873
vn 0.000000 0.530199 -0.847873
vn 0.000000 0.530199 -0.847873
vn 0.000000 0.000000 -1.000000
vn 0.000000 0.000000 -1.000000
vn 0.000000 0.000000 -1.000000
vn 0.000000 0.000000 -1.000000
vn 0.000000 0.826453 -0.563005
vn 0.000000 0.826453 -0.563005
vn 0.000000 0.826453 -0.563005
vn 0.000000 0.826453 -0.563005
vn 0.000000 0.829907 0.557902
vn 0.000000 0.829907 0.557902
vn 0.000000 0.829907 0.557902
vn 0.000000 0.829907 0.557902
vn 0.000000 0.368658 0.929565
vn 0.000000 0.368658 0.929565
vn 0.000000 0.368658 0.929565
vn 0.000000 0.368658 0.929565
vn 0.000001 -1.000000 -0.000020
vn 0.000001 -1.000000 -0.000020
vn 0.000001 -1.000000 -0.000020
vn 0.000001 -1.000000 -0.000020
vn -0.000000 0.334026 -0.942564
vn -0.000000 0.334026 -0.942564
vn -0.000000 0.334026 -0.942564
vn -0.000000 0.334026 -0.942564
vn 0.000000 1.000000 -0.000027
vn 0.000000 1.000000 -0.000027
vn 0.000000 1.000000 -0.000027
vn 0.000000 1.000000 -0.000027
vn 0.000000 -0.662376 -0.749172
vn 0.000000 -0.662376 -0.749172
vn 0.000000 -0.662376 -0.749172
vn 0.000000 -0.662376 -0.749172
vn -0.000000 -0.662356 0.749189
vn -0.000000 -0.662356 0.749189
vn -0.000000 -0.662356 0.749189
vn -0.000000 -0.662356 0.749189
vn 0.000533 -0.002036 0.999998
vn 0.001131 -0.002496 0.999996
vn 0.000290 -0.003031 0.999995
vn 0.107288 -0.003183 0.994223
vn 0.431797 -0.015384 0.901840
vn 0.422419 -0.027213 0.905992
vn 0.436980 -0.000833 0.899471
vn 1.000000 -0.000000 0.000000
vn 0.998648 -0.051981 -0.000968
vn 0.999094 -0.042559 -0.000255
vn 1.000000 -0.000000 0.000000
vn 0.518017 -0.007030 0.855342
vn 0.520617 -0.010451 0.853726
vn 0.485339 -0.026026 0.873939
vn 0.000243 -0.004993 0.999988
vn 0.000217 -0.004774 0.999989
vn -0.000493 -0.003931 0.999992
vn 0.000121 -0.003945 0.999992
vn -0.000466 -0.004614 0.999989
vn 0.073640 -0.011165 0.997222
vn -0.000437 -0.004652 0.999989
vn 0.000000 -0.004221 0.999991
vn -0.838189 0.545380 0.000000
vn -0.838189 0.545380 0.000000
vn -0.838189 0.545380 0.000000
vn -0.838189 0.545380 0.000000
vn -0.963735 -0.266861 0.000000
vn -0.963735 -0.266861 0.000000
vn -0.963735 -0.266861 0.000000
vn -0.963735 -0.266861 0.000000
vn -1.000000 -0.000000 0.000000
vn -1.000000 -0.000000 0.000000
vn -1.000000 -0.000000 0.000000
vn -1.000000 -0.000000 0.000000
vn -0.707105 0.707108 0.000000
vn -0.707105 0.707108 0.000000
vn -0.707105 0.707108 0.000000
vn -0.707105 0.707108 0.000000
vn -0.000000 0.000000 1.000000
vn 0.010271 -0.999947 -0.000068
vn 0.009679 -0.999953 -0.000064
vn 0.382768 -0.923841 -0.002527
vn 0.382768 -0.923841 -0.002527
vn 0.923950 -0.382507 -0.002296
vn 0.923950 -0.382507 -0.002296
vn 0.994787 -0.101970 -0.000612
vn 0.001670 -0.628096 0.778134
vn 0.434170 -0.017482 0.900661
vn 0.166661 -0.166166 0.971912
vn 0.260123 -0.312921 0.913464
vn -0.000198 -0.002111 0.999998
vn 0.000073 -0.003084 0.999995
vn -0.066146 -0.126227 0.989794
vn -0.066146 -0.126227 0.989794
vn -0.066146 -0.126227 0.989794
vn -0.066146 -0.126227 0.989794
vn 0.004321 -0.158493 0.987351
vn 0.653242 -0.084566 -0.752412
vn 0.653242 -0.084566 -0.752412
vn 0.653242 -0.084566 -0.752412
vn 0.653242 -0.084566 -0.752412
vn -0.680834 0.085164 0.727470
vn -0.680834 0.085164 0.727470
vn -0.680834 0.085164 0.727470
vn -0.680834 0.085164 0.727470
vn -0.493004 -0.528678 0.690976
vn -0.493004 -0.528678 0.690976
vn -0.493004 -0.528678 0.690975
vn -0.493004 -0.528678 0.690976
vn 0.678646 -0.345116 -0.648332
vn 0.678646 -0.345116 -0.648332
vn 0.678646 -0.345117 -0.648332
vn 0.678646 -0.345116 -0.648332
vn -0.671945 0.051245 0.738826
vn -0.671945 0.051245 0.738826
vn -0.671945 0.051245 0.738826
vn -0.671945 0.051245 0.738826
vn 0.641940 -0.049920 -0.765128
vn 0.641940 -0.049920 -0.765128
vn 0.641940 -0.049920 -0.765128
vn 0.641940 -0.049920 -0.765128
vn -0.663491 -0.196653 0.721878
vn -0.663491 -0.196653 0.721878
vn -0.663491 -0.196653 0.721878
vn -0.663491 -0.196653 0.721878
vn 0.124716 -0.982805 -0.136161
vn 0.124716 -0.982805 -0.136161
vn 0.124716 -0.982805 -0.136161
vn 0.124716 -0.982805 -0.136161
vn 0.633154 0.203470 -0.746804
vn 0.633154 0.203470 -0.746804
vn 0.633153 0.203470 -0.746804
vn 0.633154 0.203470 -0.746804
vn -0.033029 -0.998726 0.038147
vn -0.033029 -0.998726 0.038147
vn -0.033029 -0.998726 0.038147
vn -0.033029 -0.998726 0.038147
vn -0.004133 -0.999981 0.004631
vn -0.004133 -0.999981 0.004631
vn -0.004133 -0.999981 0.004631
vn -0.004133 -0.999981 0.004631
vn 0.647221 -0.094390 -0.756436
vn 0.647221 -0.094390 -0.756436
vn 0.647221 -0.094390 -0.756436
vn 0.647221 -0.094390 -0.756436
vn -0.674661 0.095020 0.731986
vn -0.674661 0.095020 0.731986
vn -0.674661 0.095020 0.731986
vn -0.674661 0.095020 0.731986
vn 0.654627 -0.084627 0.751200
vn 0.654627 -0.084627 0.751200
vn 0.654627 -0.084627 0.751200
vn 0.654627 -0.084627 0.751200
vn -0.679179 0.084838 -0.729053
vn -0.679179 0.084838 -0.729053
vn -0.679179 0.084838 -0.729053
vn -0.679179 0.084838 -0.729053
vn -0.679179 0.084838 -0.729053
vn -0.611033 -0.223522 -0.759392
vn -0.611033 -0.223522 -0.759392
vn -0.611033 -0.223522 -0.759392
vn -0.611033 -0.223522 -0.759392
vn 0.631593 -0.226405 0.741506
vn 0.631593 -0.226405 0.741506
vn 0.631593 -0.226405 0.741506
vn 0.631593 -0.226405 0.741506
vn 0.645066 -0.050160 0.762479
vn 0.645066 -0.050160 0.762479
vn 0.645066 -0.050160 0.762479
vn 0.645066 -0.050160 0.762479
vn -0.671945 0.051245 -0.738826
vn -0.671945 0.051245 -0.738826
vn -0.671945 0.051245 -0.738826
vn -0.671945 0.051245 -0.738826
vn -0.663489 -0.196656 -0.721878
vn -0.663489 -0.196656 -0.721878
vn -0.663489 -0.196656 -0.721878
vn -0.663489 -0.196656 -0.721878
vn 0.124678 -0.982817 0.136114
vn 0.124678 -0.982817 0.136114
vn 0.124678 -0.982817 0.136114
vn 0.124678 -0.982817 0.136114
vn 0.636129 0.204105 0.744097
vn 0.636129 0.204105 0.744098
vn 0.636129 0.204105 0.744098
vn 0.636129 0.204105 0.744098
vn -0.054461 -0.996549 -0.062634
vn -0.054461 -0.996550 -0.062634
vn -0.054461 -0.996550 -0.062634
vn -0.054461 -0.996550 -0.062634
vn -0.004134 -0.999981 -0.004634
vn -0.004134 -0.999981 -0.004634
vn -0.004134 -0.999981 -0.004634
vn -0.004134 -0.999981 -0.004634
vn -0.674664 0.095020 -0.731984
vn -0.674664 0.095020 -0.731984
vn -0.674664 0.095020 -0.731984
vn -0.674664 0.095020 -0.731984
vn 0.650311 -0.094839 0.753725
vn 0.650311 -0.094839 0.753725
vn 0.650311 -0.094839 0.753725
vn 0.650311 -0.094839 0.753725
vn -0.689055 0.000000 0.724709
vn -0.689055 0.000000 0.724709
vn -0.689055 0.000000 0.724709
vn -0.689055 0.000000 0.724709
vn -0.000001 0.000000 1.000000
vn -0.000001 0.000000 1.000000
vn -0.000001 0.000000 1.000000
vn -0.000001 0.000000 1.000000
vn 0.661618 0.000000 -0.749841
vn 0.661618 0.000000 -0.749841
vn 0.661618 0.000000 -0.749841
vn 0.661618 0.000000 -0.749841
vn 1.000000 0.000000 0.000000
vn 1.000000 0.000000 0.000000
vn 1.000000 0.000000 0.000000
vn 1.000000 0.000000 0.000000
vn 0.720464 0.000000 0.693492
vn 0.720464 0.000000 0.693492
vn 0.720464 0.000000 0.693492
vn 0.720464 0.000000 0.693492
vn 0.009694 0.524192 0.851545
vn 0.328069 0.481805 0.812548
vn 0.366939 0.472602 0.801251
vn 0.009694 0.524192 0.851545
vn 0.000000 1.000000 0.000000
vn 0.000000 1.000000 0.000001
vn -0.671175 -0.008541 -0.741250
vn -0.671175 -0.008541 -0.741250
vn -0.671175 -0.008541 -0.741250
vn -0.671175 -0.008541 -0.741250
vn -0.040528 -0.020265 -0.998973
vn -0.040528 -0.020265 -0.998973
vn -0.040528 -0.020265 -0.998973
vn -0.040528 -0.020265 -0.998973
vn 0.612425 0.036134 0.789702
vn 0.612425 0.036134 0.789702
vn 0.612425 0.036134 0.789702
vn 0.612425 0.036134 0.789702
vn 0.995426 -0.016630 0.094072
vn 0.995427 -0.016630 0.094072
vn 0.995427 -0.016630 0.094072
vn 0.995426 -0.016630 0.094072
vn 0.721241 -0.008767 -0.692629
vn 0.721241 -0.008767 -0.692629
vn 0.721241 -0.008767 -0.692629
vn 0.721241 -0.008767 -0.692629
vn 0.934498 0.341854 0.099243
vn 0.838584 0.412695 -0.355612
vn 0.868049 0.407177 -0.284073
vn 0.934498 0.341854 0.099243
vn 0.000000 1.000000 0.000000
vn 0.000000 1.000000 -0.000000
vn 0.000001 -1.000000 0.000000
vn 0.000001 -1.000000 0.000000
vn 0.000001 -1.000000 0.000000
vn 0.000001 -1.000000 0.000000
vn -0.000000 0.662930 0.748681
vn -0.000000 0.662930 0.748681
vn -0.000000 0.662930 0.748681
vn -0.000000 0.662930 0.748681
vn 0.000001 0.437928 -0.899010
vn 0.000001 0.437928 -0.899010
vn 0.000001 0.437928 -0.899010
vn 0.000001 0.437928 -0.899010
vn 0.000000 0.979534 -0.201280
vn 0.000000 0.979534 -0.201280
vn 0.000000 0.979534 -0.201280
vn 0.000000 0.979534 -0.201280
vn 0.000000 0.000000 -1.000000
vn 0.000000 0.000000 -1.000000
vn 0.000000 0.000000 -1.000000
vn 0.000000 0.000000 -1.000000
vn 0.000000 0.907273 -0.420543
vn 0.000000 0.907273 -0.420543
vn 0.000000 0.907273 -0.420543
vn 0.000000 0.907273 -0.420543
vn 0.000000 1.000000 0.000027
vn 0.000000 1.000000 0.000027
vn 0.000000 1.000000 0.000027
vn 0.000000 1.000000 0.000027
vn 0.000000 0.684994 -0.728549
vn 0.000000 0.684994 -0.728549
vn 0.000000 0.684994 -0.728549
vn 0.000000 0.684994 -0.728549
vn 0.000000 0.000000 1.000000
vn 0.000000 0.000000 1.000000
vn 0.000000 0.000000 1.000000
vn 0.000000 0.000000 1.000000
vn 0.000001 -1.000000 0.000020
vn 0.000001 -1.000000 0.000020
vn 0.000001 -1.000000 0.000020
vn 0.000001 -1.000000 0.000020
vn 0.000001 -1.000000 0.000000
vn 0.000001 -1.000000 0.000000
vn 0.000001 -1.000000 0.000000
vn 0.000001 -1.000000 0.000000
vn -0.000000 0.000000 1.000000
vn -0.000000 0.000000 1.000000
vn -0.000000 0.000000 1.000000
vn -0.000000 0.000000 1.000000
vn 0.000303 -0.005508 0.999985
vn -0.394356 -0.918958 0.000000
vn -0.394356 -0.918958 0.000000
vn -0.394356 -0.918958 0.000000
vn -0.394356 -0.918958 0.000000
vn 0.004796 -0.159190 0.987236
vn 0.000002 -1.000000 0.000005
vn 0.000002 -1.000000 0.000005
vn 0.000004 -1.000000 0.000000
vn 0.000004 -1.000000 0.000000
vn 0.000003 -1.000000 0.000001
vn 0.000003 -1.000000 0.000001
vn 0.000002 -1.000000 0.000000
vn 0.000002 -1.000000 0.000000
vn -0.000000 -1.000000 0.000005
vn -0.000000 -1.000000 0.000005
vn -0.000000 -1.000000 0.000005
vn -0.000000 -1.000000 0.000005
vn -0.000000 -1.000000 0.000005
vn -0.000000 -1.000000 0.000005
vn -0.000000 -1.000000 0.000005
vn -0.000000 -1.000000 0.000005
vn -0.000001 -1.000000 0.000005
vn -0.000001 -1.000000 0.000005
vn -0.000001 -1.000000 0.000005
vn -0.000001 -1.000000 0.000005
vn 0.000001 -1.000000 0.000005
vn 0.000001 -1.000000 0.000005
vn 0.000001 -1.000000 0.000005
vn 0.000001 -1.000000 0.000005
vn -0.000000 -1.000000 0.000004
vn -0.000000 -1.000000 0.000004
vn -0.000000 -1.000000 0.000004
vn -0.000000 -1.000000 0.000004
vn 0.000000 -1.000000 0.000004
vn 0.000000 -1.000000 0.000004
vn 0.000000 -1.000000 0.000004
vn 0.000000 -1.000000 0.000004
vn -0.000005 -1.000000 0.000002
vn -0.000005 -1.000000 0.000002
vn -0.000009 -1.000000 0.000000
vn -0.000009 -1.000000 0.000000
vn 0.000002 -1.000000 -0.000005
vn 0.000002 -1.000000 -0.000005
vn 0.000002 -1.000000 -0.000000
vn 0.000002 -1.000000 -0.000000
vn 0.000002 -1.000000 0.000000
vn 0.000002 -1.000000 0.000000
vn 0.000002 -1.000000 0.000000
vn 0.000002 -1.000000 0.000000
vn -0.000008 -1.000000 0.000000
vn -0.000008 -1.000000 0.000000
vn -0.000007 -1.000000 0.000000
vn -0.000007 -1.000000 0.000000
vn -0.000000 -1.000000 0.000000
vn 0.000000 -1.000000 0.000000
vn 0.000000 -1.000000 0.000000
vn -0.000000 -1.000000 0.000000
vn 0.000000 -1.000000 0.000000
vn 0.000000 -1.000000 -0.000000
vn -0.000000 -1.000000 -0.000000
vn -0.000000 -1.000000 0.000000
vn -0.000000 -1.000000 0.000000
vn -0.000000 -1.000000 -0.000000
vn 0.000006 -1.000000 0.000000
vn 0.000006 -1.000000 0.000000
vn 0.000006 -1.000000 -0.000000
vn 0.000006 -1.000000 -0.000000
vn 0.000001 -1.000000 0.000000
vn 0.000001 -1.000000 0.000000
vn -0.000000 -1.000000 -0.000000
vn -0.000000 -1.000000 -0.000000
vn 0.000000 -1.000000 0.000000
vn 0.000000 -1.000000 0.000000
vn 0.000000 -1.000000 0.000000
vn 0.000000 -1.000000 0.000000
vn -0.000006 -1.000000 -0.000000
vn -0.000006 -1.000000 -0.000000
vn -0.000003 -1.000000 -0.000003
vn -0.000003 -1.000000 -0.000003
vn -0.000000 -1.000000 -0.000004
vn -0.000000 -1.000000 -0.000004
vn -0.000000 -1.000000 -0.000004
vn -0.000000 -1.000000 -0.000004
vn -0.000000 -1.000000 -0.000004
vn -0.000000 -1.000000 -0.000004
vn -0.000000 -1.000000 -0.000004
vn -0.000000 -1.000000 -0.000004
vn 0.000001 -1.000000 -0.000004
vn 0.000001 -1.000000 -0.000004
vn 0.000001 -1.000000 -0.000004
vn 0.000001 -1.000000 -0.000004
vn -0.000001 -1.000000 -0.000004
vn -0.000001 -1.000000 -0.000004
vn -0.000001 -1.000000 -0.000004
vn -0.000001 -1.000000 -0.000004
vn -0.000000 -1.000000 -0.000004
vn -0.000000 -1.000000 -0.000004
vn -0.000000 -1.000000 -0.000004
vn -0.000000 -1.000000 -0.000004
vn -0.000000 -1.000000 -0.000004
vn -0.000000 -1.000000 -0.000004
vn -0.000000 -1.000000 -0.000004
vn -0.000000 -1.000000 -0.000004
vn 0.000006 -1.000000 -0.000000
vn 0.000006 -1.000000 -0.000000
vn 0.000003 -1.000000 -0.000003
vn 0.000003 -1.000000 -0.000003
vn -0.000000 -1.000000 -0.000000
vn -0.000000 -1.000000 -0.000000
vn 0.000000 -1.000000 0.000000
vn 0.000000 -1.000000 0.000000
vn 0.000000 1.000000 0.000000
vn 0.000000 1.000000 -0.000000
vn 0.000000 1.000000 0.000000
vn 0.000000 1.000000 0.000000
vn 0.000000 1.000000 0.000000
vn 0.000000 1.000000 0.000000
vn 0.000000 1.000000 0.000000
vn 0.000000 1.000000 0.000000
vn 0.000000 1.000000 0.000000
vn 0.000000 1.000000 0.000000
vn 0.000000 1.000000 -0.000000
vn 0.000000 1.000000 0.000000
vn 0.000000 1.000000 0.000000
vn 0.000000 1.000000 0.000000
vn 0.000000 1.000000 0.000000
vn 0.000000 1.000000 0.000000
vn 0.000000 1.000000 0.000000
vn 0.000000 1.000000 0.000000
vn 0.000000 1.000000 -0.000000
vn 0.000000 1.000000 -0.000000
vn 0.000000 1.000000 -0.000000
vn -0.000000 1.000000 -0.000000
vn 0.000000 1.000000 0.000000
vn 0.000000 1.000000 0.000000
vn -0.000000 1.000000 0.000000
vn -0.000000 1.000000 -0.000000
vn -0.000000 1.000000 0.000000
vn -0.000000 1.000000 -0.000000
vn 0.000000 1.000000 0.000000
vn 0.000000 1.000000 -0.000000
vn -0.000256 0.798518 -0.601971
vn -0.000256 0.798518 -0.601971
vn -0.000104 0.789994 -0.613115
vn -0.000131 0.791524 -0.611138
vn -0.546871 0.837217 0.000212
vn -0.546871 0.837217 0.000212
vn -0.541389 0.840772 0.000081
vn -0.541112 0.840950 0.000074
vn -0.541101 0.840958 -0.000144
vn -0.540794 0.841155 -0.000130
vn 0.546977 0.837148 0.000355
vn 0.546977 0.837148 0.000355
vn 0.541155 0.840923 0.000124
vn 0.541437 0.840741 0.000135
vn 0.000185 0.798564 -0.601910
vn 0.000185 0.798564 -0.601910
vn 0.000108 0.791574 -0.611073
vn 0.000091 0.790039 -0.613056
vn 0.000017 0.782606 -0.622517
vn 0.000017 0.782566 -0.622568
vn 0.000016 0.779425 -0.626496
vn 0.000016 0.779425 -0.626496
vn 0.000015 0.782608 -0.622515
vn 0.000015 0.782567 -0.622566
vn -0.546815 0.837253 -0.000411
vn -0.546815 0.837253 -0.000411
vn 0.540737 0.841192 -0.000077
vn 0.541042 0.840996 -0.000086
vn 0.546698 0.837330 -0.000246
vn 0.546698 0.837330 -0.000246
vn -0.000375 0.798528 0.601957
vn -0.000375 0.798528 0.601957
vn -0.000300 0.791533 0.611126
vn -0.000283 0.789999 0.613108
vn 0.000067 0.798487 0.602012
vn 0.000067 0.798487 0.602012
vn -0.000089 0.789955 0.613165
vn -0.000061 0.791489 0.611183
vn -0.000210 0.782525 0.622620
vn -0.000210 0.782566 0.622568
vn -0.000213 0.779384 0.626547
vn -0.000213 0.779384 0.626547
vn -0.000212 0.782521 0.622624
vn -0.000212 0.782561 0.622574
vn 0.000000 1.000000 0.000000
vn 0.000000 1.000000 0.000000
vn 0.000000 1.000000 0.000000
vn 0.000000 1.000000 0.000000
vn 0.000000 1.000000 0.000000
vn 0.000000 1.000000 0.000000
vn 0.000000 1.000000 0.000000
vn 0.000000 1.000000 0.000000
vn 0.000000 1.000000 0.000000
vn 0.000000 1.000000 -0.000000
vn 0.000000 1.000000 0.000000
vn 0.000000 1.000000 0.000000
vn 0.000000 1.000000 0.000000
vn 0.000000 1.000000 0.000000
vn 0.000000 1.000000 0.000000
vn 0.000000 1.000000 0.000000
vn 0.000000 1.000000 0.000000
vn 0.000000 1.000000 -0.000000
vn 0.945867 -0.324554 0.000000
vn 0.945867 -0.324554 0.000000
vn 0.021442 0.998932 -0.040936
vn -0.000037 0.999486 -0.032068
vn 0.016332 0.999867 -0.000007
vn 0.000009 0.999473 -0.032475
vn 0.000001 0.999462 -0.032809
vn -0.000008 0.999473 -0.032456
vn 0.000025 0.999483 -0.032142
vn -0.021567 0.998924 -0.041069
vn -0.016373 0.999866 -0.000016
vn 0.016410 0.999865 0.000017
vn -0.016355 0.999866 0.000007
vn -0.000041 0.999296 0.037528
vn 0.021178 0.998639 0.047666
vn -0.000003 0.999282 0.037882
vn -0.000013 0.999267 0.038283
vn -0.000023 0.999282 0.037893
vn 0.000032 0.999301 0.037388
vn -0.021097 0.998653 0.047406
vn 0.000024 0.214618 -0.976698
vn 0.000024 0.214619 -0.976698
vn 0.000009 0.220480 -0.975391
vn 0.000011 0.217474 -0.976066
vn 0.908309 0.418300 0.000000
vn 0.908309 0.418300 -0.000000
vn 0.907107 0.420901 -0.000009
vn 0.906410 0.422398 -0.000005
vn 0.000025 0.214619 -0.976698
vn 0.000023 0.220774 -0.975325
vn 0.000025 0.214619 -0.976698
vn 0.000025 0.220536 -0.975379
vn 0.000025 0.214619 -0.976698
vn 0.000026 0.220774 -0.975325
vn 0.000025 0.214619 -0.976698
vn 0.000037 0.220506 -0.975386
vn 0.000025 0.214619 -0.976698
vn 0.000035 0.217491 -0.976062
vn -0.908309 0.418300 0.000000
vn -0.908309 0.418300 -0.000000
vn -0.906404 0.422413 -0.000008
vn -0.907101 0.420913 -0.000013
vn 0.908309 0.418300 0.000000
vn 0.906429 0.422359 0.000008
vn -0.908309 0.418300 -0.000000
vn -0.906434 0.422347 0.000005
vn -0.000331 0.214484 0.976727
vn -0.000331 0.214484 0.976727
vn -0.000341 0.217356 0.976092
vn -0.000343 0.220372 0.975416
vn 0.908309 0.418300 -0.000000
vn 0.907106 0.420903 0.000015
vn -0.000331 0.214484 0.976727
vn -0.000332 0.220641 0.975355
vn -0.000333 0.214484 0.976727
vn -0.000333 0.220402 0.975409
vn -0.000331 0.214484 0.976727
vn -0.000329 0.220640 0.975355
vn -0.000331 0.214484 0.976727
vn -0.000315 0.220347 0.975422
vn -0.908309 0.418300 0.000000
vn -0.907111 0.420893 0.000011
vn -0.000331 0.214484 0.976727
vn -0.000318 0.217340 0.976096
vn 0.101445 0.973848 -0.203298
vn -0.000426 0.948501 -0.316774
vn -0.001538 0.539417 -0.842038
vn -0.000670 0.534456 -0.845196
vn 0.000093 0.944397 -0.328809
vn -0.000048 0.530238 -0.847849
vn 0.758500 0.651673 -0.000850
vn 0.755119 0.655588 -0.000289
vn 0.282336 0.959316 -0.000121
vn 0.000008 0.943258 -0.332061
vn 0.000021 0.527007 -0.849861
vn -0.000076 0.944396 -0.328810
vn 0.000091 0.530239 -0.847848
vn 0.000290 0.948560 -0.316599
vn 0.000590 0.534532 -0.845148
vn -0.101668 0.973854 -0.203155
vn 0.001279 0.539567 -0.841942
vn -0.282293 0.959328 -0.000284
vn -0.758451 0.651729 -0.001275
vn -0.755117 0.655589 -0.000436
vn -0.282060 0.959397 0.000132
vn -0.754892 0.655849 0.000299
vn 0.754874 0.655869 0.000450
vn 0.281987 0.959418 0.000304
vn -0.090806 0.972539 0.214294
vn -0.758349 0.651848 0.000996
vn -0.000390 0.948554 0.316614
vn 0.090710 0.972540 0.214329
vn -0.000855 0.534446 0.845202
vn -0.001543 0.539485 0.841994
vn 0.758290 0.651916 0.001495
vn -0.000358 0.530151 0.847903
vn -0.000027 0.944387 0.328836
vn -0.000290 0.526920 0.849915
vn -0.000113 0.943247 0.332093
vn -0.000217 0.530154 0.847902
vn -0.000196 0.944383 0.328847
vn 0.000405 0.534377 0.845246
vn 0.000327 0.948489 0.316809
vn 0.001273 0.539344 0.842085
vn -0.707107 -0.707107 0.000000
vn -0.707107 -0.707107 0.000000
vn -0.707106 -0.707107 0.000000
vn -0.707106 -0.707107 0.000000
vn -0.707107 -0.707107 0.000000
vn -0.707107 -0.707107 0.000000
vn -0.707106 -0.707108 0.000000
vn -0.707106 -0.707108 0.000000
vn 0.707108 -0.707105 -0.000000
vn 0.707108 -0.707105 -0.000000
vn 0.707103 -0.707111 -0.000000
vn 0.707103 -0.707111 -0.000000
vn 0.707109 -0.707104 0.000000
vn 0.707109 -0.707104 0.000000
vn 0.707105 -0.707108 0.000000
vn 0.707106 -0.707108 0.000000
vn -0.000046 -0.707107 0.707106
vn -0.000046 -0.707107 0.707106
vn -0.000047 -0.707106 0.707108
vn -0.000047 -0.707106 0.707108
vn -0.000047 -0.707104 0.707109
vn -0.000047 -0.707104 0.707109
vn -0.000049 -0.707107 0.707106
vn -0.000049 -0.707107 0.707106
vn -0.000047 -0.707107 0.707106
vn -0.000047 -0.707107 0.707106
vn -0.000046 -0.707109 0.707104
vn -0.000046 -0.707109 0.707104
vn -0.000047 -0.707111 0.707102
vn -0.000047 -0.707111 0.707102
vn -0.000056 -0.707105 -0.707108
vn -0.000056 -0.707105 -0.707108
vn -0.000056 -0.707104 -0.707109
vn -0.000056 -0.707104 -0.707109
vn -0.000056 -0.707104 -0.707109
vn -0.000056 -0.707104 -0.707109
vn -0.000055 -0.707107 -0.707106
vn -0.000055 -0.707107 -0.707106
vn -0.000056 -0.707104 -0.707109
vn -0.000056 -0.707104 -0.707109
vn -0.000056 -0.707105 -0.707109
vn -0.000056 -0.707105 -0.707109
vn -0.000056 -0.707106 -0.707108
vn -0.000056 -0.707106 -0.707108
vn 0.000000 -1.000000 0.000000
vn 0.000000 -1.000000 0.000000
vn -0.000000 -1.000000 0.000000
vn -0.000000 -1.000000 -0.000000
vn -0.000000 -1.000000 -0.000000
vn -0.000000 -1.000000 -0.000000
vn -0.000000 -1.000000 -0.000000
vn 0.000000 -1.000000 -0.000000
vn 0.000000 -1.000000 0.000000
vn -0.000000 -1.000000 0.000000
vn 0.000000 -1.000000 0.000000
vn -0.000000 -1.000000 0.000000
vn -0.000000 -1.000000 0.000000
vn -0.000000 -1.000000 0.000000
vn 0.000000 -1.000000 0.000000
vn 0.000000 -1.000000 0.000000
vn 0.000000 -1.000000 0.000000
vn 0.000000 -1.000000 0.000000
vn -1.000000 0.000000 0.000000
vn -1.000000 0.000000 0.000000
vn -1.000000 0.000000 0.000000
vn -1.000000 0.000000 0.000000
vn 1.000000 0.000000 0.000000
vn 1.000000 0.000000 0.000000
vn 1.000000 0.000000 0.000000
vn 1.000000 0.000000 0.000000
vn 1.000000 0.000000 0.000000
vn 1.000000 0.000000 0.000000
vn -0.000065 0.000000 1.000000
vn -0.000066 0.000000 1.000000
vn -0.000066 0.000000 1.000000
vn -0.000065 0.000000 1.000000
vn -0.000066 0.000000 1.000000
vn -0.000066 0.000000 1.000000
vn -0.000069 0.000000 1.000000
vn -0.000069 0.000000 1.000000
vn -0.000066 0.000000 1.000000
vn -0.000066 0.000000 1.000000
vn -0.000066 0.000000 1.000000
vn -0.000066 0.000000 1.000000
vn -0.000066 0.000000 1.000000
vn -0.000066 0.000000 1.000000
vn -1.000000 0.000000 0.000000
vn -1.000000 0.000000 0.000000
vn -0.000079 0.000000 -1.000000
vn -0.000078 0.000000 -1.000000
vn -0.000078 0.000000 -1.000000
vn -0.000079 0.000000 -1.000000
vn 1.000000 0.000000 0.000000
vn 1.000000 0.000000 0.000000
vn -0.000079 0.000000 -1.000000
vn -0.000079 0.000000 -1.000000
vn -0.000078 0.000000 -1.000000
vn -0.000078 0.000000 -1.000000
vn -0.000079 0.000000 -1.000000
vn -0.000079 0.000000 -1.000000
vn -0.000079 0.000000 -1.000000
vn -0.000079 0.000000 -1.000000
vn -1.000000 0.000000 0.000000
vn -1.000000 0.000000 0.000000
vn -0.000079 0.000000 -1.000000
vn -0.000079 0.000000 -1.000000
vn -0.002266 -0.595714 0.803193
vn -0.002290 -0.595732 0.803180
vn -0.000000 -0.593888 0.804548
vn 0.000002 -0.593893 0.804544
vn -0.011838 -0.194978 0.980736
vn 0.002290 -0.595732 0.803180
vn 0.002265 -0.595715 0.803193
vn -0.000002 -0.593893 0.804544
vn -0.923817 -0.382768 -0.007128
vn -0.923817 -0.382768 -0.007128
vn -0.382732 -0.923700 -0.017187
vn -0.382732 -0.923700 -0.017187
vn 0.382730 -0.923700 -0.017185
vn 0.382730 -0.923700 -0.017185
vn 0.923826 -0.382747 -0.007126
vn 0.997611 -0.069069 -0.001286
vn 0.923826 -0.382747 -0.007126
vn -0.520616 -0.010453 0.853727
vn -0.712829 -0.329199 0.619277
vn -0.312525 -0.784262 0.535968
vn -0.000401 -0.594210 0.804310
vn 0.000401 -0.594209 0.804310
vn 0.312525 -0.784285 0.535934
vn 0.712858 -0.329190 0.619247
vn 0.420545 -0.046470 0.906081
vn -0.009312 -0.160705 0.986959
vn 0.015402 -0.177443 0.984011
vn 0.016084 -0.158265 0.987266
vn -0.015396 -0.177431 0.984013
vn -0.016083 -0.158265 0.987266
vn 0.009313 -0.160704 0.986959
vn -0.000000 -0.159407 0.987213
vn -0.000000 -0.593887 0.804548
vn -0.518016 -0.007033 0.855342
vn -0.018110 -0.181772 0.983174
vn 0.010956 -0.159696 0.987105
vn 0.000000 -0.159362 0.987220
vn -0.010960 -0.159695 0.987106
vn 0.018064 -0.181834 0.983163
vn 0.093765 -0.221229 0.970704
vn 0.093998 -0.221319 0.970661
s 1
g Treasure_Chest:pCylinder4
usemtl initialShadingGroup
f 2/2536/1 1/2548/2 23/3/3
f 3/2537/4 2/2536/1 23/3/3
f 4/2538/5 3/2537/4 23/3/3
f 5/6/6 4/2538/5 23/3/3
f 7/2539/7 6/2574/8 23/3/3
f 8/2540/9 7/2539/7 23/3/3
f 9/2541/10 8/2540/9 23/3/3
f 10/11/11 9/2541/10 23/3/3
f 11/12/12 10/11/11 23/3/3
f 1/2548/2 11/12/12 23/3/3
s 3
f 12/13/13 13/2542/14 24/15/15
f 13/2542/14 14/2543/16 24/15/15
f 14/2543/16 15/2544/17 24/15/15
f 15/2544/17 16/2580/18 24/15/15
f 17/19/19 18/2545/20 24/15/15
f 18/2545/20 19/2546/21 24/15/15
f 19/2546/21 20/2547/22 24/15/15
f 20/2547/22 21/2566/23 24/15/15
f 21/2566/23 22/24/24 24/15/15
f 22/24/24 12/13/13 24/15/15
s 5
f 113/25/25 114/26/26 115/2526/27 116/2525/28
f 114/26/26 113/25/25 117/29/29 118/30/30
f 118/30/30 117/29/29 119/31/31 120/32/32
f 120/32/32 119/31/31 121/33/33 122/34/34
f 122/34/34 121/33/33 123/35/35 124/36/36
f 126/37/37 125/38/38 127/39/39 128/40/40
f 128/40/40 127/39/39 129/41/41 130/42/42
f 130/42/42 129/41/41 131/43/43 132/44/44
f 132/44/44 131/43/43 133/45/45 134/46/46
f 134/46/46 133/45/45 116/28/28 115/27/27
s 7
f 135/47/47 136/48/48 137/2529/49 138/2528/50
f 136/48/48 135/47/47 139/51/51 140/52/52
f 140/52/52 139/51/51 141/53/53 142/54/54
f 142/54/54 141/53/53 143/55/55 144/56/56
f 144/56/56 143/55/55 145/57/57 146/58/58
f 148/59/59 147/60/60 149/61/61 150/62/62
f 150/62/62 149/61/61 151/63/63 152/64/64
f 152/64/64 151/63/63 153/65/65 154/66/66
f 154/66/66 153/65/65 155/67/67 156/68/68
f 156/68/68 155/67/67 138/50/50 137/49/49
s 9
f 157/69/69 158/70/70 159/2442/71 160/2441/72
f 158/70/70 157/69/69 161/73/73 162/74/74
f 162/74/74 161/73/73 163/75/75 164/76/76
f 164/76/76 163/75/75 165/77/77 166/78/78
f 166/78/78 165/77/77 167/79/79 168/80/80
f 170/81/81 169/82/82 171/83/83 172/84/84
f 172/84/84 171/83/83 173/85/85 174/86/86
f 174/86/86 173/85/85 175/87/87 176/88/88
f 176/88/88 175/87/87 177/89/89 178/90/90
f 178/90/90 177/89/89 160/72/72 159/71/71
s 11
f 179/91/91 180/92/92 181/2445/93 182/2444/94
f 180/92/92 179/91/91 183/95/95 184/96/96
f 184/96/96 183/95/95 185/97/97 186/98/98
f 186/98/98 185/97/97 187/99/99 188/100/100
f 188/100/100 187/99/99 189/101/101 190/102/102
f 192/103/103 191/104/104 193/105/105 194/106/106
f 194/106/106 193/105/105 195/107/107 196/108/108
f 196/108/108 195/107/107 197/109/109 198/110/110
f 198/110/110 197/109/109 199/111/111 200/112/112
f 200/112/112 199/111/111 182/94/94 181/93/93
s 13
f 1/2/113 2/1/114 27/113/115 25/114/116
f 2/1/114 3/4/117 29/115/118 27/113/115
f 3/4/117 4/5/119 31/116/120 29/115/118
f 4/5/119 5/2572/121 33/117/122 31/116/120
s 14
f 6/8/123 7/7/124 37/118/125 35/119/126
f 7/7/124 8/9/127 39/120/128 37/118/125
f 8/9/127 9/10/129 41/121/130 39/120/128
f 9/10/129 10/2562/131 43/122/132 41/121/130
s off
f 201/123/133 202/124/134 203/2558/135 204/126/136
f 202/2552/137 205/127/138 206/128/139 203/125/140
s 15
f 26/129/141 28/130/142 49/131/143 47/132/144
f 28/130/142 30/133/145 51/134/146 49/131/143
f 30/133/145 32/135/147 53/136/148 51/134/146
f 32/135/147 34/137/149 55/138/150 53/136/148
f 36/139/151 38/140/152 59/141/153 57/142/154
f 38/140/152 40/143/155 61/144/156 59/141/153
f 40/143/155 42/145/157 63/146/158 61/144/156
f 42/145/157 44/147/159 65/148/160 63/146/158
f 44/147/159 46/149/161 67/2527/162 65/148/160
f 46/2524/161 26/129/141 47/132/144 67/150/162
s 17
f 48/151/163 50/152/164 71/2625/165 69/2614/166
f 50/152/164 52/155/167 73/2624/168 71/2625/165
f 52/155/167 54/157/169 75/2623/170 73/2624/168
f 54/157/169 56/2609/171 77/2622/172 75/2623/170
s 18
f 58/160/173 60/161/174 81/162/175 79/163/176
f 60/161/174 62/164/177 83/165/178 81/162/175
f 62/164/177 64/166/179 85/167/180 83/165/178
f 64/166/179 66/168/181 87/169/182 85/167/180
s off
f 208/2619/183 207/2557/184 209/2561/185 210/2620/186
f 207/2556/187 211/174/188 212/2618/189 209/2621/190
s 19
f 70/176/191 72/177/192 93/178/193 91/179/194
f 72/177/192 74/180/195 95/181/196 93/178/193
f 74/180/195 76/182/197 97/183/198 95/181/196
f 76/182/197 78/184/199 99/185/200 97/183/198
f 80/186/201 82/187/202 103/188/203 101/189/204
f 82/187/202 84/190/205 105/191/206 103/188/203
f 84/190/205 86/192/207 107/193/208 105/191/206
f 86/192/207 88/194/209 109/195/210 107/193/208
f 88/194/209 90/196/211 111/2443/212 109/195/210
f 90/2440/211 70/176/191 91/179/194 111/197/212
s 21
f 92/198/213 94/199/214 13/14/215 12/2550/216
f 94/199/214 96/200/217 14/16/218 13/14/215
f 96/200/217 98/201/219 15/17/220 14/16/218
f 98/201/219 100/202/221 16/18/222 15/17/220
s 22
f 102/203/223 104/204/224 18/20/225 17/2582/226
f 104/204/224 106/205/227 19/21/228 18/20/225
f 106/205/227 108/206/229 20/22/230 19/21/228
f 108/206/229 110/207/231 21/23/232 20/22/230
s off
f 214/208/233 213/209/234 215/2554/235 216/211/236
f 213/2559/237 217/212/238 218/213/239 215/210/240
f 26/129/241 46/2524/242 115/2526/243 114/26/244
f 45/2530/245 25/114/246 113/25/247 116/2525/248
f 25/114/249 27/113/250 117/29/251 113/25/252
f 28/130/253 26/129/254 114/26/255 118/30/256
f 27/113/257 29/115/258 119/31/259 117/29/260
f 30/133/261 28/130/262 118/30/263 120/32/264
f 29/115/265 31/116/266 121/33/267 119/31/268
f 32/135/269 30/133/270 120/32/271 122/34/272
s 23
f 31/116/273 33/117/274 123/35/275 121/33/276
s 24
f 34/137/277 32/135/278 122/34/279 124/36/280
s 25
f 35/119/281 37/118/282 127/39/283 125/38/284
s 26
f 38/140/285 36/139/286 126/37/287 128/40/288
s off
f 37/118/289 39/120/290 129/41/291 127/39/292
f 40/143/293 38/140/294 128/40/295 130/42/296
f 39/120/297 41/121/298 131/43/299 129/41/300
f 42/145/301 40/143/302 130/42/303 132/44/304
f 41/121/305 43/122/306 133/45/307 131/43/308
f 44/147/309 42/145/310 132/44/311 134/46/312
f 43/122/313 45/214/314 116/28/315 133/45/316
f 46/149/317 44/147/318 134/46/319 115/27/320
f 48/151/321 68/215/322 137/2529/323 136/48/324
f 67/150/325 47/132/326 135/47/327 138/2528/328
f 47/132/329 49/131/330 139/51/331 135/47/332
f 50/152/333 48/151/334 136/48/335 140/52/336
f 49/131/337 51/134/338 141/53/339 139/51/340
f 52/155/341 50/152/342 140/52/343 142/54/344
f 51/134/345 53/136/346 143/55/347 141/53/348
f 54/157/349 52/155/350 142/54/351 144/56/352
s 27
f 53/136/353 55/138/354 145/57/355 143/55/356
s 28
f 56/2609/357 54/157/358 144/56/359 146/58/360
s 29
f 57/142/361 59/141/362 149/61/363 147/60/364
s 30
f 60/161/365 58/160/366 148/59/367 150/62/368
s off
f 59/141/369 61/144/370 151/63/371 149/61/372
f 62/164/373 60/161/374 150/62/375 152/64/376
f 61/144/377 63/146/378 153/65/379 151/63/380
f 64/166/381 62/164/382 152/64/383 154/66/384
f 63/146/385 65/148/386 155/67/387 153/65/388
f 66/168/389 64/166/390 154/66/391 156/68/392
f 65/148/393 67/2527/394 138/50/395 155/67/396
f 68/2532/397 66/168/398 156/68/399 137/49/400
f 70/176/401 90/2440/402 159/2442/403 158/70/404
f 89/2446/405 69/154/406 157/69/407 160/2441/408
f 69/154/409 71/153/410 161/73/411 157/69/412
f 72/177/413 70/176/414 158/70/415 162/74/416
f 71/153/417 73/156/418 163/75/419 161/73/420
f 74/180/421 72/177/422 162/74/423 164/76/424
f 73/156/425 75/158/426 165/77/427 163/75/428
f 76/182/429 74/180/430 164/76/431 166/78/432
s 31
f 75/158/433 77/159/434 167/79/435 165/77/436
s 32
f 78/184/437 76/182/438 166/78/439 168/80/440
s 33
f 79/163/441 81/162/442 171/83/443 169/82/444
s 34
f 82/187/445 80/186/446 170/81/447 172/84/448
s off
f 81/162/449 83/165/450 173/85/451 171/83/452
f 84/190/453 82/187/454 172/84/455 174/86/456
f 83/165/457 85/167/458 175/87/459 173/85/460
f 86/192/461 84/190/462 174/86/463 176/88/464
f 85/167/465 87/169/466 177/89/467 175/87/468
f 88/194/469 86/192/470 176/88/471 178/90/472
f 87/169/473 89/216/474 160/72/475 177/89/476
f 90/196/477 88/194/478 178/90/479 159/71/480
f 92/198/481 112/217/482 181/2445/483 180/92/484
f 111/197/485 91/179/486 179/91/487 182/2444/488
f 91/179/489 93/178/490 183/95/491 179/91/492
f 94/199/493 92/198/494 180/92/495 184/96/496
f 93/178/497 95/181/498 185/97/499 183/95/500
f 96/200/501 94/199/502 184/96/503 186/98/504
f 95/181/505 97/183/506 187/99/507 185/97/508
f 98/201/509 96/200/510 186/98/511 188/100/512
s 35
f 97/183/513 99/185/514 189/101/515 187/99/516
s 36
f 100/202/517 98/201/518 188/100/519 190/102/520
s 37
f 101/189/521 103/188/522 193/105/523 191/104/524
s 38
f 104/204/525 102/203/526 192/103/527 194/106/528
s off
f 103/188/529 105/191/530 195/107/531 193/105/532
f 106/205/533 104/204/534 194/106/535 196/108/536
f 105/191/537 107/193/538 197/109/539 195/107/540
f 108/206/541 106/205/542 196/108/543 198/110/544
f 107/193/545 109/195/546 199/111/547 197/109/548
f 110/207/549 108/206/550 198/110/551 200/112/552
f 109/195/553 111/2443/554 182/94/555 199/111/556
f 112/2448/557 110/207/558 200/112/559 181/93/560
f 219/2564/561 220/219/562 221/220/563 222/2553/564
f 220/219/565 223/222/566 224/223/567 221/220/568
f 223/222/569 225/2531/570 226/2535/571 224/223/572
f 228/2533/573 227/2617/574 229/227/575 230/2534/576
f 227/2617/577 231/2616/578 232/2615/579 229/227/580
f 231/229/581 233/2447/582 234/2451/583 232/230/584
f 236/2449/585 235/234/586 237/235/587 238/2450/588
f 235/234/589 239/2551/590 240/238/591 237/235/592
f 239/2551/593 241/2568/594 242/2555/595 240/238/596
f 222/2553/597 221/220/598 205/127/599 202/2552/600
f 221/220/601 224/223/602 206/128/603 205/127/604
f 229/227/605 232/2615/606 212/2618/607 211/174/608
f 237/235/609 240/238/610 218/213/611 217/212/612
f 240/238/613 242/2555/614 215/210/615 218/213/616
f 224/223/617 226/2535/618 230/2534/619 229/227/620
f 206/128/621 224/223/622 229/227/623 211/174/624
f 203/125/625 206/128/626 211/174/627 207/2556/628
f 232/230/629 234/2451/630 238/2450/631 237/235/632
f 212/175/633 232/230/634 237/235/635 217/212/636
f 209/172/637 212/175/638 217/212/639 213/2559/640
f 243/241/641 219/218/642 222/221/643 244/242/644
f 225/224/645 245/243/646 246/244/647 226/225/648
f 245/243/649 243/241/650 244/242/651 246/244/652
f 247/245/653 228/226/654 230/228/655 248/246/656
f 233/231/657 249/247/658 250/248/659 234/232/660
f 249/247/661 247/245/662 248/246/663 250/248/664
f 251/249/665 236/233/666 238/236/667 252/250/668
f 241/2567/669 253/251/670 254/252/671 242/240/672
f 253/251/673 251/249/674 252/250/675 254/252/676
f 244/242/677 222/221/678 202/124/679 201/123/680
f 246/244/681 244/242/682 201/123/683 204/126/684
f 250/248/685 248/246/686 208/170/687 210/173/688
f 242/240/689 254/252/690 216/211/691 215/2554/692
f 254/252/693 252/250/694 214/208/695 216/211/696
f 234/232/697 250/248/698 252/250/699 238/236/700
f 210/173/701 209/2560/702 213/209/703 214/208/704
f 250/248/705 210/173/706 214/208/707 252/250/708
f 204/126/709 203/2558/710 207/171/711 208/170/712
f 226/225/713 246/244/714 248/246/715 230/228/716
f 246/244/717 204/126/718 208/170/719 248/246/720
f 11/12/721 1/2548/722 220/2549/723 219/2563/724
f 1/2/725 25/114/726 223/222/727 220/219/728
f 25/114/729 45/2530/730 225/2531/731 223/222/732
f 68/215/733 48/151/734 227/2617/735 228/2533/736
f 48/151/737 69/2614/738 231/2616/739 227/2617/740
f 69/154/741 89/2446/742 233/2447/743 231/229/744
f 112/217/745 92/198/746 235/234/747 236/2449/748
f 92/198/749 12/2550/750 239/2551/751 235/234/752
f 12/13/753 22/24/754 241/239/755 239/237/756
f 10/11/757 11/12/758 219/2563/759 243/2565/760
f 45/214/761 43/122/762 245/243/763 225/224/764
f 43/122/765 10/2562/766 243/241/767 245/243/768
f 66/168/769 68/2532/770 228/226/771 247/245/772
f 89/216/773 87/169/774 249/247/775 233/231/776
f 87/169/777 66/168/778 247/245/779 249/247/780
f 110/207/781 112/2448/782 236/233/783 251/249/784
f 22/24/785 21/2566/786 253/2569/787 241/239/788
f 21/23/789 110/207/790 251/249/791 253/251/792
s 1
f 256/2570/793 23/3/3 255/254/794
f 257/2571/795 23/3/3 256/2570/793
f 258/2573/796 23/3/3 257/2571/795
f 5/6/6 23/3/3 258/2573/796
f 259/2575/797 23/3/3 6/2574/8
f 260/2576/798 23/3/3 259/2575/797
f 261/2577/799 23/3/3 260/2576/798
f 262/2603/800 23/3/3 261/2577/799
f 263/261/801 23/3/3 262/2603/800
f 255/254/794 23/3/3 263/261/801
s 3
f 264/2601/802 24/15/15 265/2578/803
f 265/2578/803 24/15/15 266/2579/804
f 266/2579/804 24/15/15 267/2581/805
f 267/2581/805 24/15/15 16/2580/18
f 17/19/19 24/15/15 268/2583/806
f 268/2583/806 24/15/15 269/2584/807
f 269/2584/807 24/15/15 270/2585/808
f 270/2585/808 24/15/15 271/269/809
f 271/269/809 24/15/15 272/270/810
f 272/270/810 24/15/15 264/2601/802
s 5
f 345/271/811 348/272/812 347/2452/813 346/274/814
f 346/274/814 350/275/815 349/276/816 345/271/811
f 350/275/815 352/277/817 351/278/818 349/276/816
f 352/277/817 354/279/819 353/280/820 351/278/818
f 354/279/819 124/36/36 123/35/35 353/280/820
f 126/37/37 356/281/821 355/282/822 125/38/38
f 356/281/821 358/283/823 357/284/824 355/282/822
f 358/283/823 360/285/825 359/286/826 357/284/824
f 360/285/825 362/287/827 361/288/828 359/286/826
f 362/287/827 347/273/813 348/2454/812 361/288/828
s 7
f 363/289/829 366/290/830 365/2455/831 364/292/832
f 364/292/832 368/293/833 367/294/834 363/289/829
f 368/293/833 370/295/835 369/296/836 367/294/834
f 370/295/835 372/297/837 371/298/838 369/296/836
f 372/297/837 146/58/58 145/57/57 371/298/838
f 148/59/59 374/299/839 373/300/840 147/60/60
f 374/299/839 376/301/841 375/302/842 373/300/840
f 376/301/841 378/303/843 377/304/844 375/302/842
f 378/303/843 380/305/845 379/306/846 377/304/844
f 380/305/845 365/291/831 366/2516/830 379/306/846
s 9
f 381/307/847 384/308/848 383/2428/849 382/310/850
f 382/310/850 386/311/851 385/312/852 381/307/847
f 386/311/851 388/313/853 387/314/854 385/312/852
f 388/313/853 390/315/855 389/316/856 387/314/854
f 390/315/855 168/80/80 167/79/79 389/316/856
f 170/81/81 392/317/857 391/318/858 169/82/82
f 392/317/857 394/319/859 393/320/860 391/318/858
f 394/319/859 396/321/861 395/322/862 393/320/860
f 396/321/861 398/323/863 397/324/864 395/322/862
f 398/323/863 383/309/849 384/2430/848 397/324/864
s 11
f 399/325/865 402/326/866 401/2431/867 400/328/868
f 400/328/868 404/329/869 403/330/870 399/325/865
f 404/329/869 406/331/871 405/332/872 403/330/870
f 406/331/871 408/333/873 407/334/874 405/332/872
f 408/333/873 190/102/102 189/101/101 407/334/874
f 192/103/103 410/335/875 409/336/876 191/104/104
f 410/335/875 412/337/877 411/338/878 409/336/876
f 412/337/877 414/339/879 413/340/880 411/338/878
f 414/339/879 416/341/881 415/342/882 413/340/880
f 416/341/881 401/327/867 402/2432/866 415/342/882
s 13
f 255/2599/883 273/343/884 275/344/885 256/253/886
f 256/253/886 275/344/885 277/345/887 257/255/888
f 257/255/888 277/345/887 279/346/889 258/256/890
f 258/256/890 279/346/889 33/117/122 5/2572/121
s 14
f 6/8/123 35/119/126 281/347/891 259/257/892
f 259/257/892 281/347/891 283/348/893 260/258/894
f 260/258/894 283/348/893 285/349/895 261/259/896
f 261/259/896 285/349/895 287/350/897 262/260/898
s off
f 417/351/899 420/352/900 419/353/901 418/2586/902
f 418/354/903 419/2591/904 422/355/905 421/356/906
s 15
f 274/357/907 291/358/908 293/359/909 276/360/910
f 276/360/910 293/359/909 295/361/911 278/362/912
f 278/362/912 295/361/911 297/363/913 280/364/914
f 280/364/914 297/363/913 55/138/150 34/137/149
f 36/139/151 57/142/154 299/365/915 282/366/916
f 282/366/916 299/365/915 301/367/917 284/368/918
f 284/368/918 301/367/917 303/369/919 286/370/920
f 286/370/920 303/369/919 305/371/921 288/372/922
f 288/372/922 305/371/921 307/373/923 290/2453/924
f 290/374/924 307/2517/923 291/358/908 274/357/907
s 17
f 292/2606/925 309/2613/926 311/2612/927 294/377/928
f 294/377/928 311/2612/927 313/2611/929 296/379/930
f 296/379/930 313/2611/929 315/2610/931 298/381/932
f 298/381/932 315/2610/931 77/2622/172 56/2609/171
s 18
f 58/160/173 79/163/176 317/382/933 300/383/934
f 300/383/934 317/382/933 319/384/935 302/385/936
f 302/385/936 319/384/935 321/386/937 304/387/938
f 304/387/938 321/386/937 323/388/939 306/389/940
s off
f 424/390/941 426/391/942 425/392/943 423/2590/944
f 423/393/945 425/2593/946 428/394/947 427/395/948
s 19
f 310/396/949 327/397/950 329/398/951 312/399/952
f 312/399/952 329/398/951 331/400/953 314/401/954
f 314/401/954 331/400/953 333/402/955 316/403/956
f 316/403/956 333/402/955 99/185/200 78/184/199
f 80/186/201 101/189/204 335/404/957 318/405/958
f 318/405/958 335/404/957 337/406/959 320/407/960
f 320/407/960 337/406/959 339/408/961 322/409/962
f 322/409/962 339/408/961 341/410/963 324/411/964
f 324/411/964 341/410/963 343/412/965 326/2429/966
f 326/413/966 343/2433/965 327/397/950 310/396/949
s 21
f 328/414/967 264/262/968 265/263/969 330/415/970
f 330/415/970 265/263/969 266/264/971 332/416/972
f 332/416/972 266/264/971 267/265/973 334/417/974
f 334/417/974 267/265/973 16/18/222 100/202/221
s 22
f 102/203/223 17/2582/226 268/266/975 336/418/976
f 336/418/976 268/266/975 269/267/977 338/419/978
f 338/419/978 269/267/977 270/268/979 340/420/980
f 340/420/980 270/268/979 271/2605/981 342/421/982
s off
f 430/422/983 432/423/984 431/424/985 429/2592/986
f 429/425/987 431/2588/988 434/426/989 433/427/990
f 274/357/991 346/274/992 347/2452/993 290/374/994
f 289/428/995 348/272/996 345/271/997 273/343/998
f 273/343/999 345/271/1000 349/276/1001 275/344/1002
f 276/360/1003 350/275/1004 346/274/1005 274/357/1006
f 275/344/1007 349/276/1008 351/278/1009 277/345/1010
f 278/362/1011 352/277/1012 350/275/1013 276/360/1014
f 277/345/1015 351/278/1016 353/280/1017 279/346/1018
f 280/364/1019 354/279/1020 352/277/1021 278/362/1022
s 23
f 279/346/1023 353/280/1024 123/35/275 33/117/274
s 24
f 34/137/277 124/36/280 354/279/1025 280/364/1026
s 25
f 35/119/281 125/38/284 355/282/1027 281/347/1028
s 26
f 282/366/1029 356/281/1030 126/37/287 36/139/286
s off
f 281/347/1031 355/282/1032 357/284/1033 283/348/1034
f 284/368/1035 358/283/1036 356/281/1037 282/366/1038
f 283/348/1039 357/284/1040 359/286/1041 285/349/1042
f 286/370/1043 360/285/1044 358/283/1045 284/368/1046
f 285/349/1047 359/286/1048 361/288/1049 287/350/1050
f 288/372/1051 362/287/1052 360/285/1053 286/370/1054
f 287/350/1055 361/288/1056 348/2454/1057 289/2521/1058
f 290/2453/1059 347/273/1060 362/287/1061 288/372/1062
f 292/2606/1063 364/292/1064 365/2455/1065 308/2523/1066
f 307/2517/1067 366/290/1068 363/289/1069 291/358/1070
f 291/358/1071 363/289/1072 367/294/1073 293/359/1074
f 294/377/1075 368/293/1076 364/292/1077 292/2606/1078
f 293/359/1079 367/294/1080 369/296/1081 295/361/1082
f 296/379/1083 370/295/1084 368/293/1085 294/377/1086
f 295/361/1087 369/296/1088 371/298/1089 297/363/1090
f 298/381/1091 372/297/1092 370/295/1093 296/379/1094
s 27
f 297/363/1095 371/298/1096 145/57/355 55/138/354
s 28
f 56/2609/357 146/58/360 372/297/1097 298/381/1098
s 29
f 57/142/361 147/60/364 373/300/1099 299/365/1100
s 30
f 300/383/1101 374/299/1102 148/59/367 58/160/366
s off
f 299/365/1103 373/300/1104 375/302/1105 301/367/1106
f 302/385/1107 376/301/1108 374/299/1109 300/383/1110
f 301/367/1111 375/302/1112 377/304/1113 303/369/1114
f 304/387/1115 378/303/1116 376/301/1117 302/385/1118
f 303/369/1119 377/304/1120 379/306/1121 305/371/1122
f 306/389/1123 380/305/1124 378/303/1125 304/387/1126
f 305/371/1127 379/306/1128 366/2516/1129 307/373/1130
f 308/429/1131 365/291/1132 380/305/1133 306/389/1134
f 310/396/1135 382/310/1136 383/2428/1137 326/413/1138
f 325/430/1139 384/308/1140 381/307/1141 309/375/1142
f 309/375/1143 381/307/1144 385/312/1145 311/376/1146
f 312/399/1147 386/311/1148 382/310/1149 310/396/1150
f 311/376/1151 385/312/1152 387/314/1153 313/378/1154
f 314/401/1155 388/313/1156 386/311/1157 312/399/1158
f 313/378/1159 387/314/1160 389/316/1161 315/380/1162
f 316/403/1163 390/315/1164 388/313/1165 314/401/1166
s 31
f 315/380/1167 389/316/1168 167/79/435 77/159/434
s 32
f 78/184/437 168/80/440 390/315/1169 316/403/1170
s 33
f 79/163/441 169/82/444 391/318/1171 317/382/1172
s 34
f 318/405/1173 392/317/1174 170/81/447 80/186/446
s off
f 317/382/1175 391/318/1176 393/320/1177 319/384/1178
f 320/407/1179 394/319/1180 392/317/1181 318/405/1182
f 319/384/1183 393/320/1184 395/322/1185 321/386/1186
f 322/409/1187 396/321/1188 394/319/1189 320/407/1190
f 321/386/1191 395/322/1192 397/324/1193 323/388/1194
f 324/411/1195 398/323/1196 396/321/1197 322/409/1198
f 323/388/1199 397/324/1200 384/2430/1201 325/2437/1202
f 326/2429/1203 383/309/1204 398/323/1205 324/411/1206
f 328/414/1207 400/328/1208 401/2431/1209 344/2439/1210
f 343/2433/1211 402/326/1212 399/325/1213 327/397/1214
f 327/397/1215 399/325/1216 403/330/1217 329/398/1218
f 330/415/1219 404/329/1220 400/328/1221 328/414/1222
f 329/398/1223 403/330/1224 405/332/1225 331/400/1226
f 332/416/1227 406/331/1228 404/329/1229 330/415/1230
f 331/400/1231 405/332/1232 407/334/1233 333/402/1234
f 334/417/1235 408/333/1236 406/331/1237 332/416/1238
s 35
f 333/402/1239 407/334/1240 189/101/515 99/185/514
s 36
f 100/202/517 190/102/520 408/333/1241 334/417/1242
s 37
f 101/189/521 191/104/524 409/336/1243 335/404/1244
s 38
f 336/418/1245 410/335/1246 192/103/527 102/203/526
s off
f 335/404/1247 409/336/1248 411/338/1249 337/406/1250
f 338/419/1251 412/337/1252 410/335/1253 336/418/1254
f 337/406/1255 411/338/1256 413/340/1257 339/408/1258
f 340/420/1259 414/339/1260 412/337/1261 338/419/1262
f 339/408/1263 413/340/1264 415/342/1265 341/410/1266
f 342/421/1267 416/341/1268 414/339/1269 340/420/1270
f 341/410/1271 415/342/1272 402/2432/1273 343/412/1274
f 344/431/1275 401/327/1276 416/341/1277 342/421/1278
f 435/2595/1279 438/2587/1280 437/434/1281 436/435/1282
f 436/435/1283 437/434/1284 440/436/1285 439/437/1286
f 439/437/1287 440/436/1288 442/2519/1289 441/2520/1290
f 444/440/1291 446/2518/1292 445/442/1293 443/443/1294
f 443/443/1295 445/442/1296 448/2608/1297 447/2607/1298
f 447/445/1299 448/444/1300 450/2435/1301 449/2436/1302
f 452/448/1303 454/2434/1304 453/450/1305 451/451/1306
f 451/451/1307 453/450/1308 456/452/1309 455/2600/1310
f 455/2600/1311 456/452/1312 458/2589/1313 457/2596/1314
f 438/2587/1315 418/354/1316 421/356/1317 437/434/1318
f 437/434/1319 421/356/1320 422/355/1321 440/436/1322
f 445/442/1323 427/395/1324 428/394/1325 448/2608/1326
f 453/450/1327 433/427/1328 434/426/1329 456/452/1330
f 456/452/1331 434/426/1332 431/2588/1333 458/2589/1334
f 440/436/1335 445/442/1336 446/2518/1337 442/2519/1338
f 422/355/1339 427/395/1340 445/442/1341 440/436/1342
f 419/2591/1343 423/393/1344 427/395/1345 422/355/1346
f 448/444/1347 453/450/1348 454/2434/1349 450/2435/1350
f 428/394/1351 433/427/1352 453/450/1353 448/444/1354
f 425/2593/1355 429/425/1356 433/427/1357 428/394/1358
f 459/2602/1359 460/457/1360 438/433/1361 435/2594/1362
f 441/439/1363 442/438/1364 462/458/1365 461/459/1366
f 461/459/1367 462/458/1368 460/457/1369 459/2602/1370
f 463/460/1371 464/461/1372 446/441/1373 444/2522/1374
f 449/447/1375 450/446/1376 466/462/1377 465/463/1378
f 465/463/1379 466/462/1380 464/461/1381 463/460/1382
f 467/464/1383 468/2628/1384 454/449/1385 452/2438/1386
f 457/2597/1387 458/454/1388 470/2627/1389 469/2626/1390
f 469/2626/1391 470/2627/1392 468/2628/1393 467/464/1394
f 460/457/1395 417/351/1396 418/2586/1397 438/433/1398
f 462/458/1399 420/352/1400 417/351/1401 460/457/1402
f 466/462/1403 426/391/1404 424/390/1405 464/461/1406
f 458/454/1407 431/424/1408 432/423/1409 470/2627/1410
f 470/2627/1411 432/423/1412 430/422/1413 468/2628/1414
f 450/446/1415 454/449/1416 468/2628/1417 466/462/1418
f 426/391/1419 430/422/1420 429/2592/1421 425/392/1422
f 466/462/1423 468/2628/1424 430/422/1425 426/391/1426
f 420/352/1427 424/390/1428 423/2590/1429 419/353/1430
f 442/438/1431 446/441/1432 464/461/1433 462/458/1434
f 462/458/1435 464/461/1436 424/390/1437 420/352/1438
f 263/261/1439 435/432/1440 436/2598/1441 255/254/1442
f 255/2599/1443 436/435/1444 439/437/1445 273/343/1446
f 273/343/1447 439/437/1448 441/2520/1449 289/428/1450
f 308/2523/1451 444/440/1452 443/443/1453 292/2606/1454
f 292/2606/1455 443/443/1456 447/2607/1457 309/2613/1458
f 309/375/1459 447/445/1460 449/2436/1461 325/430/1462
f 344/2439/1463 452/448/1464 451/451/1465 328/414/1466
f 328/414/1467 451/451/1468 455/2600/1469 264/262/1470
f 264/2601/1471 455/453/1472 457/455/1473 272/270/1474
f 262/2603/1475 459/456/1476 435/432/1477 263/261/1478
f 289/2521/1479 441/439/1480 461/459/1481 287/350/1482
f 287/350/1483 461/459/1484 459/2602/1485 262/260/1486
f 306/389/1487 463/460/1488 444/2522/1489 308/429/1490
f 325/2437/1491 449/447/1492 465/463/1493 323/388/1494
f 323/388/1495 465/463/1496 463/460/1497 306/389/1498
f 342/421/1499 467/464/1500 452/2438/1501 344/431/1502
f 272/270/1503 457/455/1504 469/2604/1505 271/269/1506
f 271/2605/1507 469/2626/1508 467/464/1509 342/421/1510
s 50
f 480/2311/1511 479/2309/1512 476/727/1513 474/729/1514
f 483/670/1515 482/2310/1516 480/2311/1511 474/729/1514
f 479/2309/1512 486/2308/1517 485/2306/1518 476/727/1513
s 51
f 473/2121/1519 808/812/1520 809/2238/1521 481/2246/1522
f 475/471/1523 807/811/1524 808/812/1520 473/2121/1519
f 484/2241/1525 806/2240/1526 807/811/1524 475/471/1523
s 52
f 804/806/1527 805/2242/1528 478/2247/1529 472/2116/1530
s 53
f 477/2237/1531 810/2236/1532 811/817/1533 471/790/1534
s 54
f 495/2481/1535 509/484/1536 513/480/1537 512/479/1538
s off
f 510/637/1539 496/647/1540 1855/1817/1541 1856/1818/1542
s 54
f 497/2468/1543 499/657/1544 516/1844/1545 515/1843/1546
s off
f 500/722/1547 498/641/1548 1858/1820/1549 1859/1821/1550
s 54
f 501/720/1551 504/486/1552 511/2321/1553 517/1869/1554
s off
f 503/643/1555 502/658/1556 1860/1822/1557 1854/1816/1558
f 506/638/1559 510/637/1560 1856/1818/1561 1861/1823/1562
s 54
f 509/484/1536 505/487/1563 518/481/1564 513/480/1565
f 505/487/1563 508/488/1566 514/2514/1567 518/481/1568
s off
f 507/645/1569 506/638/1570 1861/1823/1571 1857/1819/1572
f 522/742/1573 519/489/1574 547/512/1575 544/633/1576
f 520/490/1577 523/660/1578 543/662/1579 548/2317/1580
f 521/491/1581 524/492/1582 546/635/1583 549/514/1584
f 524/492/1585 525/493/1586 545/634/1587 546/635/1588
f 525/493/1589 526/494/1590 550/517/1591 545/634/1592
s 59
f 814/814/1593 815/815/1594 816/2109/1595 817/2110/1596
s 60
f 843/2107/1597 842/2104/1598 844/808/1599 845/809/1600
s 54
f 527/2473/1601 528/2472/1602 536/505/1603 535/506/1604
f 529/2485/1605 530/2484/1606 532/509/1607 531/1872/1608
s off
f 534/650/1609 533/649/1610 1862/1824/1611 1863/1825/1612
f 538/654/1613 537/653/1614 1864/1826/1615 1865/1827/1616
s 63
f 568/2111/1617 818/820/1618 814/814/1619 817/2110/1620
s 64
f 845/809/1621 846/474/1622 569/2106/1623 843/2107/1624
s 65
f 842/2104/1625 566/2105/1626 847/475/1627 844/808/1628
s 66
f 815/815/1629 819/821/1630 563/2108/1631 816/2109/1632
s off
f 533/649/1633 503/2318/1634 1854/2312/1635 1862/1824/1636
s 54
f 504/2327/1552 529/2485/1605 531/1872/1608 511/1871/1553
f 530/2484/1606 495/2481/1535 512/479/1538 532/509/1607
s off
f 496/647/1637 534/650/1638 1863/1825/1639 1855/1817/1640
f 537/653/1641 507/645/1642 1857/1819/1643 1864/1826/1644
s 54
f 508/2515/1566 527/2473/1601 535/506/1604 514/482/1567
f 528/2472/1602 497/2468/1543 515/1843/1546 536/505/1603
s off
f 498/641/1645 538/654/1646 1865/1827/1647 1858/1820/1648
f 519/489/1649 540/510/1650 553/511/1651 547/512/1652
f 539/513/1653 521/491/1654 549/514/1655 554/515/1656
f 526/494/1657 542/516/1658 551/636/1659 550/517/1660
f 541/518/1661 520/2316/1662 548/519/1663 552/520/1664
f 541/518/1665 552/520/1666 551/636/1667 542/516/1668
f 539/513/1669 554/515/1670 553/511/1671 540/510/1672
s 67
f 555/663/1673 556/738/1674 566/2328/1675 565/2324/1676
s 68
f 557/789/1677 558/787/1678 564/2465/1679 563/2471/1680
s 69
f 559/525/1681 560/526/1682 570/2480/1683 569/2483/1684
f 560/526/1682 559/525/1681 562/529/1685 561/530/1686
f 561/530/1686 562/529/1685 568/2470/1687 567/2462/1688
s off
f 821/822/1689 820/823/1690 822/824/1691 823/534/1692
f 849/536/1693 848/825/1694 850/535/1695 851/826/1696
f 825/537/1697 824/827/1698 826/538/1699 827/828/1700
f 853/829/1701 852/830/1702 854/831/1703 855/541/1704
f 851/826/1705 850/535/1706 855/541/1707 854/831/1708
f 823/534/1709 822/824/1710 827/828/1711 826/538/1712
s 70
f 475/2122/1713 473/467/1714 562/529/1715 559/525/1716
s 71
f 477/2120/1717 471/2115/1718 557/789/1719 563/2471/1720
s 72
f 472/733/1721 478/2119/1722 566/2328/1723 556/738/1724
s 70
f 473/467/1714 481/2118/1725 568/2470/1726 562/529/1715
f 484/2117/1727 475/2122/1713 559/525/1716 569/2483/1728
s 73
f 842/500/1729 843/499/1730 855/541/1731 850/535/1732
s 74
f 817/498/1733 816/497/1734 823/534/1735 826/538/1736
f 568/531/1737 817/498/1733 826/538/1736 824/827/1738
f 816/497/1734 563/524/1739 821/822/1740 823/534/1735
s 73
f 566/521/1741 842/500/1729 850/535/1732 848/825/1742
f 843/499/1730 569/528/1743 853/829/1744 855/541/1731
s off
f 571/545/1745 572/546/1746 578/547/1747 577/2202/1748
f 572/546/1749 571/545/1750 573/549/1751 574/550/1752
f 574/550/1753 573/549/1754 575/2314/1755 576/552/1756
f 576/2315/1757 575/551/1758 581/2194/1759 582/667/1760
f 577/2202/1761 578/547/1762 580/740/1763 579/700/1764
f 541/518/1765 576/552/1766 520/2316/1767
f 524/492/1768 572/546/1769 574/550/1770 525/493/1771
f 580/740/1772 578/547/1773 519/489/1774 522/742/1775
f 520/490/1776 576/2315/1777 582/667/1778 523/660/1779
f 521/491/1780 578/547/1781 572/546/1782 524/492/1783
f 525/493/1784 574/550/1785 576/552/1786 526/494/1787
f 539/513/1788 578/547/1789 521/491/1790
f 578/547/1791 540/510/1792 519/489/1793
f 542/516/1794 576/552/1795 541/518/1796
f 539/513/1797 540/510/1798 578/547/1799
f 526/494/1800 576/552/1801 542/516/1802
s 53
f 493/2040/1803 494/2245/1804 584/2290/1805 583/2282/1806
s 66
f 829/496/1807 828/2280/1808 611/2281/1809 830/832/1810
s 59
f 831/2278/1811 828/2280/1812 829/496/1813 832/495/1814
s 63
f 832/495/1815 833/833/1816 615/2279/1817 831/2278/1818
s 51
f 487/2239/1819 488/468/1820 586/2293/1821 585/2286/1822
f 488/468/1820 489/472/1823 587/2292/1824 586/2293/1821
f 489/472/1823 490/2244/1825 588/2284/1826 587/2292/1824
s 64
f 857/502/1827 856/2276/1828 617/2277/1829 858/834/1830
s 60
f 857/502/1831 859/501/1832 860/2274/1833 856/2276/1834
s 65
f 859/501/1835 861/835/1836 613/2275/1837 860/2274/1838
s 52
f 590/680/1839 589/2288/1840 491/2243/1841 492/744/1842
s 75
f 596/1885/1843 595/563/1844 601/562/1845 1950/1949/1846
f 600/749/1847 602/2345/1848 597/2342/1849 594/747/1850
f 591/1884/1851 596/1885/1843 1950/1949/1846 1951/2426/1852
f 602/564/1853 601/562/1854 595/563/1844 597/565/1849
s 78
f 479/465/1855 480/1882/1856 1950/1949/1857 601/562/1858
s 79
f 485/731/1859 486/2346/1860 602/2345/1861 600/749/1862
s 75
f 482/1886/1863 483/2307/1864 599/1883/1865 1951/1952/1866
s off
f 486/466/1867 479/465/1868 601/562/1869 602/564/1870
s 81
f 604/751/1871 603/757/1872 611/2461/1873 612/2459/1874
s 82
f 605/672/1875 606/759/1876 614/2341/1877 613/2344/1878
s 83
f 607/569/1879 608/570/1880 616/2423/1881 615/2460/1882
f 608/570/1880 607/569/1879 609/571/1883 610/572/1884
f 610/572/1884 609/571/1883 617/2478/1885 618/2476/1886
s off
f 835/836/1887 834/837/1888 836/575/1889 837/838/1890
f 863/839/1891 862/840/1892 864/841/1893 865/577/1894
f 839/842/1895 838/843/1896 840/1810/1897 841/578/1898
f 867/1811/1899 866/844/1900 868/579/1901 869/845/1902
f 837/838/1903 836/575/1904 841/578/1905 840/1810/1906
f 869/845/1907 868/579/1908 865/577/1909 864/841/1910
s 84
f 623/581/1911 624/2424/1912 633/583/1913 634/584/1914
f 624/582/1912 623/2422/1911 626/585/1915 625/586/1916
s 85
f 625/586/1917 626/585/1918 646/587/1919 645/588/1920
f 627/674/1921 628/753/1922 638/589/1923 637/590/1924
s 87
f 629/676/1925 630/755/1926 636/591/1927 635/2340/1928
s 84
f 631/593/1929 632/594/1930 640/595/1931 639/596/1932
f 632/594/1930 631/593/1929 634/584/1914 633/583/1913
s 87
f 635/592/1928 636/2343/1927 643/597/1933 644/598/1934
s 85
f 637/590/1924 638/589/1923 645/588/1920 646/587/1919
s 84
f 639/596/1932 640/595/1931 642/599/1935 641/600/1936
s 87
f 641/600/1937 642/599/1938 644/598/1934 643/597/1933
s 75
f 623/2422/1939 591/2425/1851 592/601/1940 626/585/1941
s 88
f 608/570/1942 610/572/1943 632/594/1944 633/583/1945
s 75
f 631/593/1946 595/563/1844 596/1885/1843 634/584/1947
s 89
f 604/751/1948 612/2459/1949 638/589/1950 628/753/1951
s 75
f 594/747/1850 597/2342/1849 636/591/1952 630/755/1953
f 637/590/1954 591/2425/1851 593/678/1955 627/674/1956
s 88
f 616/2423/1957 608/570/1942 633/583/1945 624/2424/1958
s 75
f 634/584/1947 596/1885/1843 591/1884/1851 623/581/1939
s 88
f 610/572/1943 618/2476/1959 640/595/1960 632/594/1944
s 75
f 639/596/1961 597/565/1849 595/563/1844 631/593/1946
f 641/600/1962 598/602/1963 597/565/1849 639/596/1961
s off
f 621/2475/1964 622/2474/1965 644/598/1966 642/599/1967
s 89
f 612/2459/1949 619/2457/1968 645/588/1969 638/589/1950
s 88
f 620/2456/1970 616/2458/1957 624/582/1958 625/586/1971
f 618/2476/1959 621/2475/1972 642/599/1973 640/595/1960
s 75
f 641/600/1962 643/597/1974 598/602/1963
f 597/565/1849 598/602/1963 643/597/1974 636/2343/1952
f 626/585/1941 592/601/1940 646/587/1975
f 592/601/1940 591/2425/1851 637/590/1954 646/587/1975
s 90
f 586/556/1976 587/557/1977 609/571/1978 607/569/1979
s 91
f 583/745/1980 584/2291/1981 611/2461/1982 603/757/1983
s 92
f 589/561/1984 590/2283/1985 605/672/1986 613/2344/1987
s 90
f 585/555/1988 586/556/1976 607/569/1979 615/2460/1989
f 587/557/1977 588/2285/1990 617/2478/1991 609/571/1978
s 93
f 828/553/1992 831/554/1993 841/578/1994 836/575/1995
s 94
f 856/559/1996 860/560/1997 865/577/1998 868/579/1999
s 93
f 611/540/2000 828/553/1992 836/575/1995 834/837/2001
s 94
f 860/560/1997 613/568/2002 863/839/2003 865/577/1998
s 93
f 831/554/1993 615/533/2004 839/842/2005 841/578/1994
s 94
f 617/573/2006 856/559/1996 868/579/1999 866/844/2007
s 95
f 606/759/2008 629/676/2009 635/2340/2010 614/2341/2011
f 614/2477/2011 635/592/2010 644/598/2012 622/2474/2013
s off
f 620/2456/2014 625/586/2015 645/588/2016 619/2457/2017
f 649/682/2018 650/692/2019 652/684/2020 651/2332/2021
f 654/686/2022 653/763/2023 655/688/2024 656/2333/2025
f 647/761/2026 648/2224/2027 655/688/2028 653/763/2029
f 650/692/2030 654/686/2031 656/2333/2032 652/684/2033
f 661/2214/2034 662/769/2035 663/698/2036 664/2330/2037
f 573/2203/2038 571/2204/2039 657/704/2040 659/765/2041
f 577/548/2042 579/2201/2043 657/704/2044
f 575/2339/2045 573/2203/2046 659/765/2047
f 571/2204/2048 577/548/2049 657/704/2050
f 581/665/2051 575/2193/2052 659/2337/2053
f 660/706/2054 658/702/2055 649/682/2056 651/2332/2057
f 658/702/2058 660/706/2059 663/698/2060 662/769/2061
f 659/765/2062 657/704/2063 661/696/2064 664/2211/2065
s 96
f 665/708/2066 666/724/2067 676/603/2068 675/2326/2069
s 97
f 668/710/2070 667/773/2071 673/605/2072 674/2464/2073
s 98
f 669/607/2074 670/608/2075 672/609/2076 671/610/2077
f 670/608/2075 669/607/2074 679/611/2078 680/2479/2079
f 671/610/2077 672/609/2076 678/613/2080 677/2466/2081
s 97
f 674/606/2073 673/2469/2072 685/615/2082 686/616/2083
s 96
f 675/604/2069 676/2325/2068 684/617/2084 683/618/2085
s 98
f 677/614/2081 678/2463/2080 688/619/2086 687/620/2087
f 680/612/2079 679/2482/2078 681/621/2088 682/622/2089
s 99
f 876/853/2090 879/855/2091 683/618/2092 684/617/2093
s 100
f 871/847/2094 873/849/2095 687/620/2096 688/619/2097
s off
f 689/713/2098 690/712/2099 700/644/2100 699/2320/2101
f 691/715/2102 692/718/2103 698/624/2104 697/642/2105
f 693/640/2106 694/625/2107 704/626/2108 703/648/2109
f 694/625/2110 693/640/2111 696/639/2112 695/627/2113
f 695/627/2114 696/639/2115 702/646/2116 701/628/2117
f 697/642/2118 698/624/2119 711/629/2120 712/655/2121
f 699/623/2122 700/2319/2123 705/652/2124 706/630/2125
f 701/628/2126 702/646/2127 709/656/2128 710/631/2129
f 703/648/2130 704/626/2131 707/632/2132 708/651/2133
f 706/630/2134 705/652/2135 708/651/2136 707/632/2137
f 710/631/2138 709/656/2139 712/655/2140 711/629/2141
f 545/634/2142 694/625/2143 695/627/2144 546/635/2145
f 547/512/2146 698/624/2147 692/718/2148 544/633/2149
f 699/2320/2150 548/2317/2151 543/662/2152 689/713/2153
f 546/635/2154 695/627/2155 701/628/2156 549/514/2157
f 550/517/2158 704/626/2159 694/625/2160 545/634/2161
f 706/630/2162 707/632/2163 551/636/2164 552/520/2165
f 710/631/2166 711/629/2167 553/511/2168 554/515/2169
f 549/514/2170 701/628/2171 710/631/2172 554/515/2173
f 552/520/2174 548/519/2175 699/623/2176 706/630/2177
f 711/629/2178 698/624/2179 547/512/2180 553/511/2181
f 707/632/2182 704/626/2183 550/517/2184 551/636/2185
s 54
f 505/487/1563 509/484/1536 669/607/2186 671/610/2187
f 499/657/1544 497/2468/1543 673/605/2188 667/773/2189
f 504/486/1552 501/720/1551 665/708/2190 675/2326/2191
f 508/488/1566 505/487/1563 671/610/2187 677/2466/2192
f 509/484/1536 495/2481/1535 679/611/2193 669/607/2186
f 879/855/2194 880/856/2195 529/507/1605 683/618/2196
f 873/849/2197 874/850/2198 527/503/1601 687/620/2199
f 527/503/1601 508/2467/1566 677/614/2192 687/620/2199
f 497/485/1543 528/504/1602 685/615/2200 673/2469/2188
f 529/507/1605 504/2486/1552 675/604/2191 683/618/2196
f 495/483/1535 530/508/1606 681/621/2201 679/2482/2193
s off
f 510/637/2202 506/638/2203 696/639/2204 693/640/2205
f 498/641/2206 500/722/2207 691/715/2208 697/642/2209
f 502/658/2210 503/643/2211 700/644/2212 690/712/2213
f 506/638/2214 507/645/2215 702/646/2216 696/639/2217
f 496/647/2218 510/637/2219 693/640/2220 703/648/2221
f 533/649/2222 534/650/2223 708/651/2224 705/652/2225
f 537/653/2226 538/654/2227 712/655/2228 709/656/2229
f 507/645/2230 537/653/2231 709/656/2232 702/646/2233
f 503/2318/2234 533/649/2235 705/652/2236 700/2319/2237
f 538/654/2238 498/641/2239 697/642/2240 712/655/2241
f 534/650/2242 496/647/2243 703/648/2244 708/651/2245
s 103
f 670/608/2246 560/526/2247 561/530/2248 672/609/2249
s 68
f 674/2464/2250 564/2465/2251 558/787/2252 668/710/2253
s 105
f 565/2324/2254 676/603/2255 666/724/2256 555/663/2257
s 103
f 672/609/2249 561/530/2248 567/2462/2258 678/613/2259
f 680/2479/2260 570/2480/2261 560/526/2247 670/608/2246
s 53
f 813/819/2262 811/817/1533 2055/2037/2263 2077/2068/2264
s 54
f 499/657/1544 723/772/2265 720/1846/2266 516/1844/1545
s off
f 502/658/2267 725/774/2268 721/659/2269 1860/1822/2270
f 523/660/2271 729/668/2272 730/661/2273 543/662/2274
s 67
f 556/738/1674 555/663/1673 731/725/2275 732/664/2276
s off
f 582/667/2277 581/2194/2278 735/764/2279 736/666/2280
f 523/660/2281 582/667/2282 736/666/2283 729/668/2284
s 75
f 599/1883/1865 740/671/2285 739/669/2286 593/678/1955
f 483/2307/1864 715/2305/2287 740/671/2288 599/1883/1865
s 82
f 606/759/1876 605/672/1875 745/681/2289 746/673/2290
s 85
f 628/753/1922 627/674/1921 747/679/2291 748/675/2292
s 87
f 630/755/1926 629/676/1925 749/758/2293 750/677/2294
s 75
f 627/674/1956 593/678/1955 739/669/2286 747/679/2295
s 92
f 590/2283/1985 737/2273/2296 745/681/2297 605/672/1986
s off
f 650/692/2298 649/682/2299 753/703/2300 754/683/2301
f 651/767/2302 652/2334/2303 755/695/2304 756/685/2305
f 653/763/2306 654/686/2307 757/693/2308 758/687/2309
f 656/694/2310 655/2336/2311 759/691/2312 760/689/2313
f 648/2335/2314 752/760/2315 759/691/2316 655/2336/2317
f 654/686/2318 650/692/2319 754/683/2320 757/693/2321
f 652/2334/2322 656/694/2323 760/689/2324 755/695/2325
f 662/769/2326 661/2214/2327 761/705/2328 762/697/2329
f 664/771/2330 663/2329/2331 763/707/2332 764/2208/2333
f 579/2201/2334 733/739/2335 765/701/2336 657/704/2337
f 658/702/2338 767/768/2339 753/703/2340 649/682/2341
f 657/704/2342 765/701/2343 761/2210/2344 661/696/2345
f 660/2331/2346 768/766/2347 763/707/2348 663/2329/2349
s 96
f 666/724/2067 665/708/2066 769/721/2350 770/709/2351
s 97
f 667/773/2071 668/710/2070 771/788/2352 772/711/2353
s off
f 690/712/2354 689/713/2355 773/717/2356 774/714/2357
f 692/718/2358 691/715/2359 775/723/2360 776/716/2361
f 689/713/2362 543/662/2363 730/661/2364 773/717/2365
f 544/633/2366 692/718/2367 776/716/2368 728/719/2369
s 54
f 501/720/1551 726/735/2370 769/721/2371 665/708/2190
s off
f 500/722/2372 724/734/2373 775/723/2374 691/715/2375
s 105
f 555/663/2257 666/724/2256 770/709/2376 731/725/2377
s 68
f 668/710/2253 558/787/2252 799/796/2378 798/798/2379 771/788/2380
s 50
f 714/730/2381 713/726/2382 474/729/1514 476/727/1513
f 713/726/2382 715/728/2383 483/670/1515 474/729/1514
f 716/2304/2384 714/730/2381 476/727/1513 485/2306/1518
s 52
f 717/2103/2385 803/805/2386 804/806/1527 472/2116/1530
s off
f 1866/1828/2387 724/734/2388 500/722/2389 1859/1821/2390
s 54
f 722/1867/2391 726/735/2370 501/720/1551 517/1869/1554
s off
f 728/719/2392 727/736/2393 522/742/2394 544/633/2395
s 72
f 732/664/2396 717/737/2397 472/733/1721 556/738/1724
s off
f 734/741/2398 733/2192/2399 579/700/2400 580/740/2401
f 727/736/2402 734/741/2403 580/740/2404 522/742/2405
s 52
f 718/732/2406 737/743/2407 590/680/1839 492/744/1842
s 53
f 738/2272/2408 719/2041/2409 493/2040/1803 583/2282/1806
s 75
f 741/754/2410 742/746/2411 600/749/1847 594/747/1850
s 79
f 742/746/2412 716/748/2413 485/731/1859 600/749/1862
s 81
f 744/752/2414 743/750/2415 603/757/1872 604/751/1871
s 89
f 748/675/2416 744/752/2417 604/751/1948 628/753/1951
s 75
f 750/677/2418 741/754/2410 594/747/1850 630/755/1953
s 91
f 743/750/2419 738/756/2420 583/745/1980 603/757/1983
s 95
f 746/673/2421 749/758/2422 629/676/2009 606/759/2008
s off
f 751/762/2423 752/2218/2424 648/690/2425 647/2223/2426
f 758/687/2427 751/2220/2428 647/761/2429 653/763/2430
f 766/770/2431 735/2190/2432 581/665/2433 659/2337/2434
f 756/685/2435 768/766/2436 660/2331/2437 651/767/2438
f 762/697/2439 767/768/2440 658/702/2441 662/769/2442
f 764/699/2443 766/770/2444 659/2337/2445 664/2338/2446
s 54
f 772/711/2447 723/772/2265 499/657/1544 667/773/2189
s off
f 774/714/2448 725/774/2449 502/658/2450 690/712/2451
s 50
f 713/726/2382 883/859/2452 882/858/2453 715/728/2383
s 75
f 715/2305/2287 882/2296/2454 885/861/2455 740/671/2288
s 52
f 717/2103/2385 888/2086/2456 955/892/2457 803/805/2386
f 718/732/2406 887/863/2458 889/865/2459 737/743/2407
s 107
f 2057/2051/2460 2052/2036/2461 947/2085/2462 948/2049/2463
s off
f 1866/1828/2464 891/1743/2465 893/1744/2466 724/734/2467
s 54
f 722/1867/2391 894/1865/2468 895/866/2469 726/735/2370
s off
f 724/734/2470 893/1744/2471 897/1773/2472 775/723/2473
s 54
f 726/735/2370 895/866/2469 899/868/2474 769/721/2371
s off
f 727/736/2475 901/1745/2476 900/1746/2477 734/741/2478
f 729/668/2479 904/1747/2480 903/1748/2481 730/661/2482
f 730/661/2483 903/1748/2484 905/1749/2485 773/717/2486
s 67
f 731/725/2275 907/870/2487 906/869/2488 732/664/2276
s off
f 733/739/2489 911/1752/2490 910/1753/2491 765/701/2492
f 735/764/2493 913/2189/2494 912/1755/2495 736/666/2496
s 92
f 737/2273/2296 889/2250/2497 914/873/2498 745/681/2297
s 75
f 739/669/2286 917/876/2499 916/875/2500 747/679/2295
f 741/754/2410 919/878/2501 918/877/2502 742/746/2411
s 82
f 745/681/2289 914/873/2503 922/881/2504 746/673/2290
s 95
f 746/673/2421 922/881/2505 923/882/2506 749/758/2422
s 85
f 747/679/2291 916/875/2507 924/883/2508 748/675/2292
s 87
f 749/758/2293 923/882/2509 925/884/2510 750/677/2294
s off
f 751/762/2511 927/2219/2512 926/2217/2513 752/2218/2514
f 752/760/2515 926/1757/2516 928/1758/2517 759/691/2518
f 753/703/2519 930/1759/2520 929/1760/2521 754/683/2522
f 754/683/2523 929/1760/2524 931/1761/2525 757/693/2526
f 755/695/2527 933/1762/2528 932/1763/2529 756/685/2530
f 756/685/2531 932/1763/2532 934/1764/2533 768/766/2534
f 757/693/2535 931/1761/2536 935/1765/2537 758/687/2538
f 759/691/2539 928/1758/2540 936/1766/2541 760/689/2542
f 761/705/2543 938/1767/2544 937/1768/2545 762/697/2546
f 762/697/2547 937/1768/2548 939/1769/2549 767/768/2550
f 763/707/2551 941/1770/2552 940/2207/2553 764/2208/2554
f 764/699/2555 940/1771/2556 942/1772/2557 766/770/2558
s 96
f 769/721/2350 899/868/2559 943/885/2560 770/709/2351
s 97
f 771/788/2352 909/872/2561 944/886/2562 772/711/2353
s off
f 773/717/2563 905/1749/2564 945/1807/2565 774/714/2566
f 775/723/2567 897/1773/2568 946/1774/2569 776/716/2570
s 108
f 787/783/2571 788/784/2572 952/889/2573 957/894/2574 789/785/2575
s 109
f 781/777/2576 2054/2080/2577 2059/2053/2578
s 68
f 780/795/2579 779/793/2580 781/777/2581 782/779/2582
f 782/779/2582 781/777/2581 2059/2053/2583 2075/2066/2584
f 784/2131/2585 785/2132/2586 783/2130/2587 780/795/2579 782/779/2588
f 786/2129/2589 796/800/2590 801/797/2591 780/795/2579 783/2130/2587
s 108
f 790/786/2592 953/890/2593 952/889/2573 788/784/2572
f 790/786/2592 954/891/2594 953/890/2593
f 789/785/2575 957/894/2574 958/895/2595
s off
f 783/778/2596 785/781/2597 788/784/2598 787/783/2599
f 786/782/2600 783/778/2601 787/783/2602 789/785/2603
f 785/781/2604 784/780/2605 790/786/2606 788/784/2607
f 784/780/2608 951/2126/2609 954/891/2610 790/786/2611
s 68
f 798/798/2379 812/818/2612 956/893/2613 909/872/2614 771/788/2380
s 71
f 792/2114/2615 791/2112/2616 794/802/2617 793/792/2618
s 109
f 791/2112/2619 778/776/2620 795/794/2621 794/802/2622
s 68
f 558/787/1678 557/789/1677 793/792/2623 799/796/2378
s 71
f 471/2115/1718 792/2114/2615 793/792/2618 557/789/1719
s 109
f 795/794/2621 778/776/2620 779/793/2624
s 68
f 801/797/2591 795/794/2625 779/793/2580 780/795/2579
f 793/792/2623 794/802/2626 800/803/2627 799/796/2378
f 794/802/2626 795/794/2625 801/797/2591 800/803/2627
f 799/796/2378 800/803/2627 802/804/2628 798/798/2379
f 812/818/2612 798/798/2379 802/804/2628 797/799/2629
f 797/799/2629 802/804/2628 796/800/2590
f 796/800/2590 802/804/2628 800/803/2627 801/797/2591
s 52
f 803/805/2386 955/892/2457 887/863/2458 718/732/2406
f 804/806/1527 803/805/2386 718/732/2406 492/744/1842
f 492/744/1842 491/2243/1841 805/2242/1528 804/806/1527
s 65
f 844/808/1628 847/475/1627 861/835/1836 859/501/1835
s 60
f 845/809/1600 844/808/1599 859/501/1832 857/502/1831
s 64
f 857/502/1827 858/834/1830 846/474/1622 845/809/1621
s 51
f 807/811/1524 806/2240/1526 490/2244/1825 489/472/1823
f 808/812/1520 807/811/1524 489/472/1823 488/468/1820
f 809/2238/1521 808/812/1520 488/468/1820 487/2239/1819
s 63
f 814/814/1619 818/820/1618 833/833/1816 832/495/1815
s 59
f 832/495/1814 829/496/1813 815/815/1594 814/814/1593
s 66
f 829/496/1807 830/832/1810 819/821/1630 815/815/1629
s 53
f 811/817/1533 810/2236/1532 494/2245/1804 493/2040/1803
s off
f 792/791/2630 813/819/2631 778/2113/2632 791/801/2633
s 53
f 471/790/1534 811/817/1533 813/819/2262 792/791/2634
s off
f 481/470/2635 809/813/2636 818/820/2637 568/2111/2638
f 810/816/2639 477/477/2640 563/2108/2641 819/821/2642
f 563/524/2643 564/523/2644 820/823/2645 821/822/2646
f 567/532/2647 568/531/2648 824/827/2649 825/537/2650
f 584/539/2651 494/478/2652 830/832/2653 611/2281/2654
f 487/469/2655 585/2287/2656 615/2279/2657 833/833/2658
f 612/566/2659 611/540/2660 834/837/2661 835/836/2662
f 619/542/2663 612/566/2664 835/836/2665 837/838/2666
f 615/533/2667 616/544/2668 838/843/2669 839/842/2670
f 616/544/2671 620/543/2672 840/1810/2673 838/843/2674
f 620/543/2675 619/542/2676 837/838/2677 840/1810/2678
f 809/813/2679 487/469/2680 833/833/2681 818/820/2682
f 494/478/2683 810/816/2684 819/821/2685 830/832/2686
f 806/810/2687 484/473/2688 569/2106/2689 846/474/2690
f 478/476/2691 805/807/2692 847/475/2693 566/2105/2694
f 565/522/2695 566/521/2696 848/825/2697 849/536/2698
f 569/528/2699 570/527/2700 852/830/2701 853/829/2702
f 588/558/2703 490/1808/2704 858/834/2705 617/2277/2706
f 491/1809/2707 589/2289/2708 613/2275/2709 861/835/2710
f 613/568/2711 614/567/2712 862/840/2713 863/839/2714
f 614/567/2715 622/576/2716 864/841/2717 862/840/2718
f 618/574/2719 617/573/2720 866/844/2721 867/1811/2722
f 621/580/2723 618/574/2724 867/1811/2725 869/845/2726
f 622/576/2727 621/580/2728 869/845/2729 864/841/2730
f 805/807/2731 491/1809/2732 861/835/2733 847/475/2734
f 490/1808/2735 806/810/2736 846/474/2737 858/834/2738
f 820/823/2739 564/523/2740 674/606/2741 686/616/2742
f 822/824/2743 820/823/2744 686/616/2745 870/846/2746
f 567/532/2747 825/537/2748 688/619/2749 678/2463/2750
f 825/537/2751 827/828/2752 871/847/2753 688/619/2754
f 827/828/2755 822/824/2756 870/846/2757 871/847/2758
s 100
f 686/616/2759 685/615/2760 872/848/2761 870/846/2762
s 54
f 528/504/1602 875/851/2763 872/848/2764 685/615/2200
s 100
f 870/846/2762 872/848/2761 873/849/2095 871/847/2094
s 54
f 528/504/1602 527/503/1601 874/850/2198 875/851/2763
f 875/851/2763 874/850/2198 873/849/2197 872/848/2764
s off
f 565/522/2765 849/536/2766 684/617/2767 676/2325/2768
f 849/536/2769 851/826/2770 876/853/2771 684/617/2772
f 852/830/2773 570/527/2774 680/612/2775 682/622/2776
f 854/831/2777 852/830/2778 682/622/2779 877/852/2780
f 851/826/2781 854/831/2782 877/852/2783 876/853/2784
s 99
f 682/622/2785 681/621/2786 878/854/2787 877/852/2788
s 54
f 530/508/1606 881/857/2789 878/854/2790 681/621/2201
s 99
f 877/852/2788 878/854/2787 879/855/2091 876/853/2090
s 54
f 530/508/1606 529/507/1605 880/856/2195 881/857/2789
f 881/857/2789 880/856/2195 879/855/2194 878/854/2790
s 50
f 884/860/2791 883/859/2452 713/726/2382 714/730/2381
f 886/2294/2792 884/860/2791 714/730/2381 716/2304/2384
s 54
f 896/867/2793 892/1848/2794 720/1846/2266 723/772/2265
s off
f 898/1805/2795 1867/1829/2796 721/659/2797 725/774/2798
f 902/1806/2799 901/1745/2800 727/736/2801 728/719/2802
s 72
f 906/869/2803 888/864/2804 717/737/2397 732/664/2396
s off
f 900/1746/2805 911/2191/2806 733/2192/2807 734/741/2808
f 912/1755/2809 904/1747/2810 729/668/2811 736/666/2812
s 53
f 915/2248/2813 890/2044/2814 719/2041/2409 738/2272/2408
s 75
f 885/861/2815 917/876/2499 739/669/2286 740/671/2285
s 79
f 918/877/2816 886/862/2817 716/748/2413 742/746/2412
s 91
f 920/879/2818 915/874/2819 738/756/2420 743/750/2419
s 81
f 921/880/2820 920/879/2821 743/750/2415 744/752/2414
s 89
f 924/883/2822 921/880/2823 744/752/2417 748/675/2416
s 75
f 925/884/2824 919/878/2501 741/754/2410 750/677/2418
s off
f 935/1765/2825 927/1756/2826 751/2220/2827 758/687/2828
f 936/1766/2829 933/1762/2830 755/695/2831 760/689/2832
f 910/1753/2833 938/2209/2834 761/2210/2835 765/701/2836
f 942/1772/2837 913/1754/2838 735/2190/2839 766/770/2840
f 939/1769/2841 930/1759/2842 753/703/2843 767/768/2844
f 934/1764/2845 941/1770/2846 763/707/2847 768/766/2848
s 105
f 943/885/2849 907/870/2850 731/725/2377 770/709/2376
s 54
f 944/886/2851 896/867/2793 723/772/2265 772/711/2447
s off
f 945/1807/2852 898/1805/2853 725/774/2854 774/714/2855
f 946/1774/2856 902/1806/2857 728/719/2858 776/716/2859
s 68
f 949/1750/2860 951/888/2861 784/2131/2585 782/779/2588 777/775/2862
f 950/2123/2863 908/871/2864 797/799/2629 796/800/2590 786/2129/2589
s off
f 958/895/2865 950/887/2866 786/782/2867 789/785/2868
s 53
f 890/2044/2814 2072/2063/2869 2056/2039/2870 719/2041/2409
s 68
f 908/871/2871 956/893/2613 812/818/2612 797/799/2629
s 113
f 960/2716/2872 981/897/2873 959/898/2874
f 961/2715/2875 981/897/2873 960/2716/2872
f 962/2714/2876 981/897/2873 961/2715/2875
f 963/2680/2877 981/897/2873 962/2714/2876
f 965/2713/2878 981/897/2873 964/903/2879
f 966/2712/2880 981/897/2873 965/2713/2878
f 967/2711/2881 981/897/2873 966/2712/2880
f 968/2683/2882 981/897/2873 967/2711/2881
f 969/907/2883 981/897/2873 968/2683/2882
f 959/898/2874 981/897/2873 969/907/2883
s 115
f 970/2757/2884 982/909/2885 971/2766/2886
f 971/2766/2886 982/909/2885 972/2765/2887
f 972/2765/2887 982/909/2885 973/2764/2888
f 973/2764/2888 982/909/2885 974/913/2889
f 975/2750/2890 982/909/2885 976/2763/2891
f 976/2763/2891 982/909/2885 977/2762/2892
f 977/2762/2892 982/909/2885 978/2761/2893
f 978/2761/2893 982/909/2885 979/918/2894
f 979/918/2894 982/909/2885 980/919/2895
f 980/919/2895 982/909/2885 970/2757/2884
s 117
f 1071/920/2896 1074/921/2897 1073/2710/2898 1072/923/2899
f 1072/923/2899 1076/924/2900 1075/925/2901 1071/920/2896
f 1076/924/2900 1078/926/2902 1077/927/2903 1075/925/2901
f 1078/926/2902 1080/928/2904 1079/929/2905 1077/927/2903
f 1080/928/2904 1082/930/2906 1081/931/2907 1079/929/2905
f 1084/932/2908 1086/933/2909 1085/934/2910 1083/935/2911
f 1086/933/2909 1088/936/2912 1087/937/2913 1085/934/2910
f 1088/936/2912 1090/938/2914 1089/939/2915 1087/937/2913
f 1090/938/2914 1092/940/2916 1091/941/2917 1089/939/2915
f 1092/940/2916 1073/922/2898 1074/2708/2897 1091/941/2917
s 119
f 1093/942/2918 1096/943/2919 1095/2707/2920 1094/945/2921
f 1094/945/2921 1098/946/2922 1097/947/2923 1093/942/2918
f 1098/946/2922 1100/948/2924 1099/949/2925 1097/947/2923
f 1100/948/2924 1102/950/2926 1101/951/2927 1099/949/2925
f 1102/950/2926 1104/952/2928 1103/953/2929 1101/951/2927
f 1106/954/2930 1108/955/2931 1107/956/2932 1105/957/2933
f 1108/955/2931 1110/958/2934 1109/959/2935 1107/956/2932
f 1110/958/2934 1112/960/2936 1111/961/2937 1109/959/2935
f 1112/960/2936 1114/962/2938 1113/963/2939 1111/961/2937
f 1114/962/2938 1095/944/2920 1096/2706/2919 1113/963/2939
s 121
f 1115/964/2940 1118/965/2941 1117/2728/2942 1116/967/2943
f 1116/967/2943 1120/968/2944 1119/969/2945 1115/964/2940
f 1120/968/2944 1122/970/2946 1121/971/2947 1119/969/2945
f 1122/970/2946 1124/972/2948 1123/973/2949 1121/971/2947
f 1124/972/2948 1126/974/2950 1125/975/2951 1123/973/2949
f 1128/976/2952 1130/977/2953 1129/978/2954 1127/979/2955
f 1130/977/2953 1132/980/2956 1131/981/2957 1129/978/2954
f 1132/980/2956 1134/982/2958 1133/983/2959 1131/981/2957
f 1134/982/2958 1136/984/2960 1135/985/2961 1133/983/2959
f 1136/984/2960 1117/966/2942 1118/2726/2941 1135/985/2961
s 123
f 1137/986/2962 1140/987/2963 1139/2725/2964 1138/989/2965
f 1138/989/2965 1142/990/2966 1141/991/2967 1137/986/2962
f 1142/990/2966 1144/992/2968 1143/993/2969 1141/991/2967
f 1144/992/2968 1146/994/2970 1145/995/2971 1143/993/2969
f 1146/994/2970 1148/996/2972 1147/997/2973 1145/995/2971
f 1150/998/2974 1152/999/2975 1151/1000/2976 1149/1001/2977
f 1152/999/2975 1154/1002/2978 1153/1003/2979 1151/1000/2976
f 1154/1002/2978 1156/1004/2980 1155/1005/2981 1153/1003/2979
f 1156/1004/2980 1158/1006/2982 1157/1007/2983 1155/1005/2981
f 1158/1006/2982 1139/988/2964 1140/2724/2963 1157/1007/2983
s 125
f 959/2689/2984 983/1008/2985 985/1009/2986 960/896/2987
f 960/896/2987 985/1009/2986 987/1010/2988 961/899/2989
f 961/899/2989 987/1010/2988 989/1011/2990 962/900/2991
f 962/900/2991 989/1011/2990 991/1012/2992 963/901/2993
s 126
f 964/2678/2994 993/1013/2995 995/1014/2996 965/902/2997
f 965/902/2997 995/1014/2996 997/1015/2998 966/904/2999
f 966/904/2999 997/1015/2998 999/1016/3000 967/905/3001
f 967/905/3001 999/1016/3000 1001/1017/3002 968/906/3003
s off
f 1159/1018/3004 1162/1019/3005 1161/1020/3006 1160/2704/3007
f 1160/1021/3008 1161/2696/3009 1164/1022/3010 1163/1023/3011
s 127
f 984/1024/3012 1005/1025/3013 1007/1026/3014 986/1027/3015
f 986/1027/3015 1007/1026/3014 1009/1028/3016 988/1029/3017
f 988/1029/3017 1009/1028/3016 1011/1030/3018 990/1031/3019
f 990/1031/3019 1011/1030/3018 1013/1032/3020 992/1033/3021
f 994/1034/3022 1015/1035/3023 1017/1036/3024 996/1037/3025
f 996/1037/3025 1017/1036/3024 1019/1038/3026 998/1039/3027
f 998/1039/3027 1019/1038/3026 1021/1040/3028 1000/1041/3029
f 1000/1041/3029 1021/1040/3028 1023/1042/3030 1002/1043/3031
f 1002/1043/3031 1023/1042/3030 1025/1044/3032 1004/2709/3033
f 1004/1045/3033 1025/2705/3032 1005/1025/3013 984/1024/3012
s 129
f 1006/2640/3034 1027/1047/3035 1029/1048/3036 1008/2629/3037
f 1008/2629/3037 1029/1048/3036 1031/1050/3038 1010/2630/3039
f 1010/2630/3039 1031/1050/3038 1033/1052/3040 1012/2631/3041
f 1012/2631/3041 1033/1052/3040 1035/2644/3042 1014/2632/3043
s 130
f 1016/1055/3044 1037/1056/3045 1039/1057/3046 1018/1058/3047
f 1018/1058/3047 1039/1057/3046 1041/1059/3048 1020/1060/3049
f 1020/1060/3049 1041/1059/3048 1043/1061/3050 1022/1062/3051
f 1022/1062/3051 1043/1061/3050 1045/1063/3052 1024/1064/3053
s off
f 1166/2634/3054 1168/2635/3055 1167/2693/3056 1165/2697/3057
f 1165/2633/3058 1167/2694/3059 1170/1069/3060 1169/2636/3061
s 131
f 1028/1071/3062 1049/1072/3063 1051/1073/3064 1030/1074/3065
f 1030/1074/3065 1051/1073/3064 1053/1075/3066 1032/1076/3067
f 1032/1076/3067 1053/1075/3066 1055/1077/3068 1034/1078/3069
f 1034/1078/3069 1055/1077/3068 1057/1079/3070 1036/1080/3071
f 1038/1081/3072 1059/1082/3073 1061/1083/3074 1040/1084/3075
f 1040/1084/3075 1061/1083/3074 1063/1085/3076 1042/1086/3077
f 1042/1086/3077 1063/1085/3076 1065/1087/3078 1044/1088/3079
f 1044/1088/3079 1065/1087/3078 1067/1089/3080 1046/1090/3081
f 1046/1090/3081 1067/1089/3080 1069/1091/3082 1048/2727/3083
f 1048/1092/3083 1069/2723/3082 1049/1072/3063 1028/1071/3062
s 133
f 1050/1093/3084 970/908/3085 971/910/3086 1052/1094/3087
f 1052/1094/3087 971/910/3086 972/911/3088 1054/1095/3089
f 1054/1095/3089 972/911/3088 973/912/3090 1056/1096/3091
f 1056/1096/3091 973/912/3090 974/2752/3092 1058/1097/3093
s 134
f 1060/1098/3094 975/914/3095 976/915/3096 1062/1099/3097
f 1062/1099/3097 976/915/3096 977/916/3098 1064/1100/3099
f 1064/1100/3099 977/916/3098 978/917/3100 1066/1101/3101
f 1066/1101/3101 978/917/3100 979/2755/3102 1068/1102/3103
s off
f 1172/1103/3104 1174/1104/3105 1173/1105/3106 1171/2695/3107
f 1171/1106/3108 1173/2702/3109 1176/1107/3110 1175/1108/3111
f 984/1024/3112 1072/923/3113 1073/2710/3114 1004/1045/3115
f 1003/1109/3116 1074/921/3117 1071/920/3118 983/1008/3119
f 983/1008/3120 1071/920/3121 1075/925/3122 985/1009/3123
f 986/1027/3124 1076/924/3125 1072/923/3126 984/1024/3127
f 985/1009/3128 1075/925/3129 1077/927/3130 987/1010/3131
f 988/1029/3132 1078/926/3133 1076/924/3134 986/1027/3135
f 987/1010/3136 1077/927/3137 1079/929/3138 989/1011/3139
f 990/1031/3140 1080/928/3141 1078/926/3142 988/1029/3143
s 135
f 989/1011/3144 1079/929/3145 1081/931/3146 991/1012/3147
s 136
f 992/1033/3148 1082/930/3149 1080/928/3150 990/1031/3151
s 137
f 993/1013/3152 1083/935/3153 1085/934/3154 995/1014/3155
s 138
f 996/1037/3156 1086/933/3157 1084/932/3158 994/1034/3159
s off
f 995/1014/3160 1085/934/3161 1087/937/3162 997/1015/3163
f 998/1039/3164 1088/936/3165 1086/933/3166 996/1037/3167
f 997/1015/3168 1087/937/3169 1089/939/3170 999/1016/3171
f 1000/1041/3172 1090/938/3173 1088/936/3174 998/1039/3175
f 999/1016/3176 1089/939/3177 1091/941/3178 1001/1017/3179
f 1002/1043/3180 1092/940/3181 1090/938/3182 1000/1041/3183
f 1001/1017/3184 1091/941/3185 1074/2708/3186 1003/2687/3187
f 1004/2709/3188 1073/922/3189 1092/940/3190 1002/1043/3191
f 1006/1046/3192 1094/945/3193 1095/2707/3194 1026/2685/3195
f 1025/2705/3196 1096/943/3197 1093/942/3198 1005/1025/3199
f 1005/1025/3200 1093/942/3201 1097/947/3202 1007/1026/3203
f 1008/1049/3204 1098/946/3205 1094/945/3206 1006/1046/3207
f 1007/1026/3208 1097/947/3209 1099/949/3210 1009/1028/3211
f 1010/1051/3212 1100/948/3213 1098/946/3214 1008/1049/3215
f 1009/1028/3216 1099/949/3217 1101/951/3218 1011/1030/3219
f 1012/1053/3220 1102/950/3221 1100/948/3222 1010/1051/3223
s 139
f 1011/1030/3224 1101/951/3225 1103/953/3226 1013/1032/3227
s 140
f 1014/1054/3228 1104/952/3229 1102/950/3230 1012/1053/3231
s 141
f 1015/1035/3232 1105/957/3233 1107/956/3234 1017/1036/3235
s 142
f 1018/1058/3236 1108/955/3237 1106/954/3238 1016/1055/3239
s off
f 1017/1036/3240 1107/956/3241 1109/959/3242 1019/1038/3243
f 1020/1060/3244 1110/958/3245 1108/955/3246 1018/1058/3247
f 1019/1038/3248 1109/959/3249 1111/961/3250 1021/1040/3251
f 1022/1062/3252 1112/960/3253 1110/958/3254 1020/1060/3255
f 1021/1040/3256 1111/961/3257 1113/963/3258 1023/1042/3259
f 1024/1064/3260 1114/962/3261 1112/960/3262 1022/1062/3263
f 1023/1042/3264 1113/963/3265 1096/2706/3266 1025/1044/3267
f 1026/1110/3268 1095/944/3269 1114/962/3270 1024/1064/3271
f 1028/1071/3272 1116/967/3273 1117/2728/3274 1048/1092/3275
f 1047/1111/3276 1118/965/3277 1115/964/3278 1027/1047/3279
f 1027/1047/3280 1115/964/3281 1119/969/3282 1029/1048/3283
f 1030/1074/3284 1120/968/3285 1116/967/3286 1028/1071/3287
f 1029/1048/3288 1119/969/3289 1121/971/3290 1031/1050/3291
f 1032/1076/3292 1122/970/3293 1120/968/3294 1030/1074/3295
f 1031/1050/3296 1121/971/3297 1123/973/3298 1033/1052/3299
f 1034/1078/3300 1124/972/3301 1122/970/3302 1032/1076/3303
s 143
f 1033/1052/3304 1123/973/3305 1125/975/3306 1035/2644/3307
s 144
f 1036/1080/3308 1126/974/3309 1124/972/3310 1034/1078/3311
s 145
f 1037/1056/3312 1127/979/3313 1129/978/3314 1039/1057/3315
s 146
f 1040/1084/3316 1130/977/3317 1128/976/3318 1038/1081/3319
s off
f 1039/1057/3320 1129/978/3321 1131/981/3322 1041/1059/3323
f 1042/1086/3324 1132/980/3325 1130/977/3326 1040/1084/3327
f 1041/1059/3328 1131/981/3329 1133/983/3330 1043/1061/3331
f 1044/1088/3332 1134/982/3333 1132/980/3334 1042/1086/3335
f 1043/1061/3336 1133/983/3337 1135/985/3338 1045/1063/3339
f 1046/1090/3340 1136/984/3341 1134/982/3342 1044/1088/3343
f 1045/1063/3344 1135/985/3345 1118/2726/3346 1047/2719/3347
f 1048/2727/3348 1117/966/3349 1136/984/3350 1046/1090/3351
f 1050/1093/3352 1138/989/3353 1139/2725/3354 1070/2717/3355
f 1069/2723/3356 1140/987/3357 1137/986/3358 1049/1072/3359
f 1049/1072/3360 1137/986/3361 1141/991/3362 1051/1073/3363
f 1052/1094/3364 1142/990/3365 1138/989/3366 1050/1093/3367
f 1051/1073/3368 1141/991/3369 1143/993/3370 1053/1075/3371
f 1054/1095/3372 1144/992/3373 1142/990/3374 1052/1094/3375
f 1053/1075/3376 1143/993/3377 1145/995/3378 1055/1077/3379
f 1056/1096/3380 1146/994/3381 1144/992/3382 1054/1095/3383
s 147
f 1055/1077/3384 1145/995/3385 1147/997/3386 1057/1079/3387
s 148
f 1058/1097/3388 1148/996/3389 1146/994/3390 1056/1096/3391
s 149
f 1059/1082/3392 1149/1001/3393 1151/1000/3394 1061/1083/3395
s 150
f 1062/1099/3396 1152/999/3397 1150/998/3398 1060/1098/3399
s off
f 1061/1083/3400 1151/1000/3401 1153/1003/3402 1063/1085/3403
f 1064/1100/3404 1154/1002/3405 1152/999/3406 1062/1099/3407
f 1063/1085/3408 1153/1003/3409 1155/1005/3410 1065/1087/3411
f 1066/1101/3412 1156/1004/3413 1154/1002/3414 1064/1100/3415
f 1065/1087/3416 1155/1005/3417 1157/1007/3418 1067/1089/3419
f 1068/1102/3420 1158/1006/3421 1156/1004/3422 1066/1101/3423
f 1067/1089/3424 1157/1007/3425 1140/2724/3426 1069/1091/3427
f 1070/1112/3428 1139/988/3429 1158/1006/3430 1068/1102/3431
f 1177/2691/3432 1180/2703/3433 1179/1115/3434 1178/1116/3435
f 1178/1116/3436 1179/1115/3437 1182/1117/3438 1181/1118/3439
f 1181/1118/3440 1182/1117/3441 1184/2699/3442 1183/2688/3443
f 1186/1121/3444 1188/2700/3445 1187/1123/3446 1185/1124/3447
f 1185/2637/3448 1187/2638/3449 1190/1125/3450 1189/2639/3451
f 1189/2639/3452 1190/1125/3453 1192/2721/3454 1191/2720/3455
f 1194/1128/3456 1196/2722/3457 1195/1130/3458 1193/1131/3459
f 1193/1131/3460 1195/1130/3461 1198/1132/3462 1197/2758/3463
f 1197/2758/3464 1198/1132/3465 1200/2701/3466 1199/2760/3467
f 1180/2703/3468 1160/1021/3469 1163/1023/3470 1179/1115/3471
f 1179/1115/3472 1163/1023/3473 1164/1022/3474 1182/1117/3475
f 1187/2638/3476 1169/2636/3477 1170/1069/3478 1190/1125/3479
f 1195/1130/3480 1175/1108/3481 1176/1107/3482 1198/1132/3483
f 1198/1132/3484 1176/1107/3485 1173/2702/3486 1200/2701/3487
f 1182/1117/3488 1187/1123/3489 1188/2700/3490 1184/2699/3491
f 1164/1022/3492 1169/1070/3493 1187/1123/3494 1182/1117/3495
f 1161/2696/3496 1165/1068/3497 1169/1070/3498 1164/1022/3499
f 1190/1125/3500 1195/1130/3501 1196/2722/3502 1192/2721/3503
f 1170/1069/3504 1175/1108/3505 1195/1130/3506 1190/1125/3507
f 1167/2694/3508 1171/1106/3509 1175/1108/3510 1170/1069/3511
f 1201/2684/3512 1202/1137/3513 1180/1114/3514 1177/2692/3515
f 1183/1120/3516 1184/1119/3517 1204/1138/3518 1203/1139/3519
f 1203/1139/3520 1204/1138/3521 1202/1137/3522 1201/2684/3523
f 1205/1140/3524 1206/1141/3525 1188/1122/3526 1186/2686/3527
f 1191/1127/3528 1192/1126/3529 1208/1142/3530 1207/1143/3531
f 1207/1143/3532 1208/1142/3533 1206/1141/3534 1205/1140/3535
f 1209/1144/3536 1210/1145/3537 1196/1129/3538 1194/2718/3539
f 1199/2759/3540 1200/1134/3541 1212/1146/3542 1211/1147/3543
f 1211/1147/3544 1212/1146/3545 1210/1145/3546 1209/1144/3547
f 1202/1137/3548 1159/1018/3549 1160/2704/3550 1180/1114/3551
f 1204/1138/3552 1162/1019/3553 1159/1018/3554 1202/1137/3555
f 1208/1142/3556 1168/1066/3557 1166/1065/3558 1206/1141/3559
f 1200/1134/3560 1173/1105/3561 1174/1104/3562 1212/1146/3563
f 1212/1146/3564 1174/1104/3565 1172/1103/3566 1210/1145/3567
f 1192/1126/3568 1196/1129/3569 1210/1145/3570 1208/1142/3571
f 1168/1066/3572 1172/1103/3573 1171/2695/3574 1167/1067/3575
f 1208/1142/3576 1210/1145/3577 1172/1103/3578 1168/1066/3579
f 1162/1019/3580 1166/1065/3581 1165/2698/3582 1161/1020/3583
f 1184/1119/3584 1188/1122/3585 1206/1141/3586 1204/1138/3587
f 1204/1138/3588 1206/1141/3589 1166/1065/3590 1162/1019/3591
f 969/907/3592 1177/1113/3593 1178/2690/3594 959/898/3595
f 959/2689/3596 1178/1116/3597 1181/1118/3598 983/1008/3599
f 983/1008/3600 1181/1118/3601 1183/2688/3602 1003/1109/3603
f 1026/2685/3604 1186/1121/3605 1185/1124/3606 1006/1046/3607
f 1006/2640/3608 1185/2637/3609 1189/2639/3610 1027/1047/3611
f 1027/1047/3612 1189/2639/3613 1191/2720/3614 1047/1111/3615
f 1070/2717/3616 1194/1128/3617 1193/1131/3618 1050/1093/3619
f 1050/1093/3620 1193/1131/3621 1197/2758/3622 970/908/3623
f 970/2757/3624 1197/1133/3625 1199/1135/3626 980/919/3627
f 968/2683/3628 1201/1136/3629 1177/1113/3630 969/907/3631
f 1003/2687/3632 1183/1120/3633 1203/1139/3634 1001/1017/3635
f 1001/1017/3636 1203/1139/3637 1201/2684/3638 968/906/3639
f 1024/1064/3640 1205/1140/3641 1186/2686/3642 1026/1110/3643
f 1047/2719/3644 1191/1127/3645 1207/1143/3646 1045/1063/3647
f 1045/1063/3648 1207/1143/3649 1205/1140/3650 1024/1064/3651
f 1068/1102/3652 1209/1144/3653 1194/2718/3654 1070/1112/3655
f 980/919/3656 1199/1135/3657 1211/2756/3658 979/918/3659
f 979/2755/3660 1211/1147/3661 1209/1144/3662 1068/1102/3663
s 113
f 1214/2682/3664 1213/2655/3665 981/897/2873
f 1215/2681/3666 1214/2682/3664 981/897/2873
f 1216/2679/3667 1215/2681/3666 981/897/2873
f 963/2680/2877 1216/2679/3667 981/897/2873
f 1217/2677/3668 964/903/2879 981/897/2873
f 1218/2676/3669 1217/2677/3668 981/897/2873
f 1219/2675/3670 1218/2676/3669 981/897/2873
f 1220/1155/3671 1219/2675/3670 981/897/2873
f 1221/1156/3672 1220/1155/3671 981/897/2873
f 1213/2655/3665 1221/1156/3672 981/897/2873
s 115
f 1222/1157/3673 1223/2754/3674 982/909/2885
f 1223/2754/3674 1224/2753/3675 982/909/2885
f 1224/2753/3675 1225/2751/3676 982/909/2885
f 1225/2751/3676 974/913/2889 982/909/2885
f 975/2750/2890 1226/2749/3677 982/909/2885
f 1226/2749/3677 1227/2748/3678 982/909/2885
f 1227/2748/3678 1228/2747/3679 982/909/2885
f 1228/2747/3679 1229/2741/3680 982/909/2885
f 1229/2741/3680 1230/1165/3681 982/909/2885
f 1230/1165/3681 1222/1157/3673 982/909/2885
s 117
f 1303/1166/3682 1304/1167/3683 1305/1168/3684 1306/2672/3685
f 1304/1167/3683 1303/1166/3682 1307/1170/3686 1308/1171/3687
f 1308/1171/3687 1307/1170/3686 1309/1172/3688 1310/1173/3689
f 1310/1173/3689 1309/1172/3688 1311/1174/3690 1312/1175/3691
f 1312/1175/3691 1311/1174/3690 1081/931/2907 1082/930/2906
f 1084/932/2908 1083/935/2911 1313/1176/3692 1314/1177/3693
f 1314/1177/3693 1313/1176/3692 1315/1178/3694 1316/1179/3695
f 1316/1179/3695 1315/1178/3694 1317/1180/3696 1318/1181/3697
f 1318/1181/3697 1317/1180/3696 1319/1182/3698 1320/1183/3699
f 1320/1183/3699 1319/1182/3698 1306/1169/3685 1305/2674/3684
s 119
f 1321/1184/3700 1322/1185/3701 1323/1186/3702 1324/2670/3703
f 1322/1185/3701 1321/1184/3700 1325/1188/3704 1326/1189/3705
f 1326/1189/3705 1325/1188/3704 1327/1190/3706 1328/1191/3707
f 1328/1191/3707 1327/1190/3706 1329/1192/3708 1330/1193/3709
f 1330/1193/3709 1329/1192/3708 1103/953/2929 1104/952/2928
f 1106/954/2930 1105/957/2933 1331/1194/3710 1332/1195/3711
f 1332/1195/3711 1331/1194/3710 1333/1196/3712 1334/1197/3713
f 1334/1197/3713 1333/1196/3712 1335/1198/3714 1336/1199/3715
f 1336/1199/3715 1335/1198/3714 1337/1200/3716 1338/1201/3717
f 1338/1201/3717 1337/1200/3716 1324/1187/3703 1323/2671/3702
s 121
f 1339/1202/3718 1340/1203/3719 1341/1204/3720 1342/2738/3721
f 1340/1203/3719 1339/1202/3718 1343/1206/3722 1344/1207/3723
f 1344/1207/3723 1343/1206/3722 1345/1208/3724 1346/1209/3725
f 1346/1209/3725 1345/1208/3724 1347/1210/3726 1348/1211/3727
f 1348/1211/3727 1347/1210/3726 1125/975/2951 1126/974/2950
f 1128/976/2952 1127/979/2955 1349/1212/3728 1350/1213/3729
f 1350/1213/3729 1349/1212/3728 1351/1214/3730 1352/1215/3731
f 1352/1215/3731 1351/1214/3730 1353/1216/3732 1354/1217/3733
f 1354/1217/3733 1353/1216/3732 1355/1218/3734 1356/1219/3735
f 1356/1219/3735 1355/1218/3734 1342/1205/3721 1341/2740/3720
s 123
f 1357/1220/3736 1358/1221/3737 1359/1222/3738 1360/2736/3739
f 1358/1221/3737 1357/1220/3736 1361/1224/3740 1362/1225/3741
f 1362/1225/3741 1361/1224/3740 1363/1226/3742 1364/1227/3743
f 1364/1227/3743 1363/1226/3742 1365/1228/3744 1366/1229/3745
f 1366/1229/3745 1365/1228/3744 1147/997/2973 1148/996/2972
f 1150/998/2974 1149/1001/2977 1367/1230/3746 1368/1231/3747
f 1368/1231/3747 1367/1230/3746 1369/1232/3748 1370/1233/3749
f 1370/1233/3749 1369/1232/3748 1371/1234/3750 1372/1235/3751
f 1372/1235/3751 1371/1234/3750 1373/1236/3752 1374/1237/3753
f 1374/1237/3753 1373/1236/3752 1360/1223/3739 1359/2737/3738
s 125
f 1213/1149/3754 1214/1148/3755 1233/1238/3756 1231/1239/3757
f 1214/1148/3755 1215/1150/3758 1235/1240/3759 1233/1238/3756
f 1215/1150/3758 1216/1151/3760 1237/1241/3761 1235/1240/3759
f 1216/1151/3760 963/901/2993 991/1012/2992 1237/1241/3761
s 126
f 964/2678/2994 1217/1152/3762 1239/1242/3763 993/1013/2995
f 1217/1152/3762 1218/1153/3764 1241/1243/3765 1239/1242/3763
f 1218/1153/3764 1219/1154/3766 1243/1244/3767 1241/1243/3765
f 1219/1154/3766 1220/2649/3768 1245/1245/3769 1243/1244/3767
s off
f 1375/1246/3770 1376/1247/3771 1377/2661/3772 1378/1249/3773
f 1376/2668/3774 1379/1250/3775 1380/1251/3776 1377/1248/3777
s 127
f 1232/1252/3778 1234/1253/3779 1251/1254/3780 1249/1255/3781
f 1234/1253/3779 1236/1256/3782 1253/1257/3783 1251/1254/3780
f 1236/1256/3782 1238/1258/3784 1255/1259/3785 1253/1257/3783
f 1238/1258/3784 992/1033/3021 1013/1032/3020 1255/1259/3785
f 994/1034/3022 1240/1260/3786 1257/1261/3787 1015/1035/3023
f 1240/1260/3786 1242/1262/3788 1259/1263/3789 1257/1261/3787
f 1242/1262/3788 1244/1264/3790 1261/1265/3791 1259/1263/3789
f 1244/1264/3790 1246/1266/3792 1263/1267/3793 1261/1265/3791
f 1246/1266/3792 1248/1268/3794 1265/2669/3795 1263/1267/3793
f 1248/2673/3794 1232/1252/3778 1249/1255/3781 1265/1269/3795
s 129
f 1250/2641/3796 1252/2642/3797 1269/1272/3798 1267/2647/3799
f 1252/2642/3797 1254/2643/3800 1271/1274/3801 1269/1272/3798
f 1254/2643/3800 1256/2645/3802 1273/1276/3803 1271/1274/3801
f 1256/2645/3802 1014/2632/3043 1035/2644/3042 1273/1276/3803
s 130
f 1016/1055/3044 1258/1277/3804 1275/1278/3805 1037/1056/3045
f 1258/1277/3804 1260/1279/3806 1277/1280/3807 1275/1278/3805
f 1260/1279/3806 1262/1281/3808 1279/1282/3809 1277/1280/3807
f 1262/1281/3808 1264/1283/3810 1281/1284/3811 1279/1282/3809
s off
f 1382/1285/3812 1381/1286/3813 1383/2659/3814 1384/1288/3815
f 1381/2662/3816 1385/1289/3817 1386/1290/3818 1383/1287/3819
s 131
f 1268/1291/3820 1270/1292/3821 1287/1293/3822 1285/1294/3823
f 1270/1292/3821 1272/1295/3824 1289/1296/3825 1287/1293/3822
f 1272/1295/3824 1274/1297/3826 1291/1298/3827 1289/1296/3825
f 1274/1297/3826 1036/1080/3071 1057/1079/3070 1291/1298/3827
f 1038/1081/3072 1276/1299/3828 1293/1300/3829 1059/1082/3073
f 1276/1299/3828 1278/1301/3830 1295/1302/3831 1293/1300/3829
f 1278/1301/3830 1280/1303/3832 1297/1304/3833 1295/1302/3831
f 1280/1303/3832 1282/1305/3834 1299/1306/3835 1297/1304/3833
f 1282/1305/3834 1284/1307/3836 1301/2735/3837 1299/1306/3835
f 1284/2739/3836 1268/1291/3820 1285/1294/3823 1301/1308/3837
s 133
f 1286/1309/3838 1288/1310/3839 1223/1158/3840 1222/2743/3841
f 1288/1310/3839 1290/1311/3842 1224/1159/3843 1223/1158/3840
f 1290/1311/3842 1292/1312/3844 1225/1160/3845 1224/1159/3843
f 1292/1312/3844 1058/1097/3093 974/2752/3092 1225/1160/3845
s 134
f 1060/1098/3094 1294/1313/3846 1226/1161/3847 975/914/3095
f 1294/1313/3846 1296/1314/3848 1227/1162/3849 1226/1161/3847
f 1296/1314/3848 1298/1315/3850 1228/1163/3851 1227/1162/3849
f 1298/1315/3850 1300/1316/3852 1229/1164/3853 1228/1163/3851
s off
f 1388/1317/3854 1387/1318/3855 1389/2666/3856 1390/1320/3857
f 1387/2660/3858 1391/1321/3859 1392/1322/3860 1389/1319/3861
f 1232/1252/3862 1248/2673/3863 1305/1168/3864 1304/1167/3865
f 1247/2653/3866 1231/1239/3867 1303/1166/3868 1306/2672/3869
f 1231/1239/3870 1233/1238/3871 1307/1170/3872 1303/1166/3873
f 1234/1253/3874 1232/1252/3875 1304/1167/3876 1308/1171/3877
f 1233/1238/3878 1235/1240/3879 1309/1172/3880 1307/1170/3881
f 1236/1256/3882 1234/1253/3883 1308/1171/3884 1310/1173/3885
f 1235/1240/3886 1237/1241/3887 1311/1174/3888 1309/1172/3889
f 1238/1258/3890 1236/1256/3891 1310/1173/3892 1312/1175/3893
s 135
f 1237/1241/3894 991/1012/3147 1081/931/3146 1311/1174/3895
s 136
f 992/1033/3148 1238/1258/3896 1312/1175/3897 1082/930/3149
s 137
f 993/1013/3152 1239/1242/3898 1313/1176/3899 1083/935/3153
s 138
f 1240/1260/3900 994/1034/3159 1084/932/3158 1314/1177/3901
s off
f 1239/1242/3902 1241/1243/3903 1315/1178/3904 1313/1176/3905
f 1242/1262/3906 1240/1260/3907 1314/1177/3908 1316/1179/3909
f 1241/1243/3910 1243/1244/3911 1317/1180/3912 1315/1178/3913
f 1244/1264/3914 1242/1262/3915 1316/1179/3916 1318/1181/3917
f 1243/1244/3918 1245/1245/3919 1319/1182/3920 1317/1180/3921
f 1246/1266/3922 1244/1264/3923 1318/1181/3924 1320/1183/3925
f 1245/1245/3926 1247/1323/3927 1306/1169/3928 1319/1182/3929
f 1248/1268/3930 1246/1266/3931 1320/1183/3932 1305/2674/3933
f 1250/1270/3934 1266/1324/3935 1323/1186/3936 1322/1185/3937
f 1265/1269/3938 1249/1255/3939 1321/1184/3940 1324/2670/3941
f 1249/1255/3942 1251/1254/3943 1325/1188/3944 1321/1184/3945
f 1252/1271/3946 1250/1270/3947 1322/1185/3948 1326/1189/3949
f 1251/1254/3950 1253/1257/3951 1327/1190/3952 1325/1188/3953
f 1254/1273/3954 1252/1271/3955 1326/1189/3956 1328/1191/3957
f 1253/1257/3958 1255/1259/3959 1329/1192/3960 1327/1190/3961
f 1256/1275/3962 1254/1273/3963 1328/1191/3964 1330/1193/3965
s 139
f 1255/1259/3966 1013/1032/3227 1103/953/3226 1329/1192/3967
s 140
f 1014/1054/3228 1256/1275/3968 1330/1193/3969 1104/952/3229
s 141
f 1015/1035/3232 1257/1261/3970 1331/1194/3971 1105/957/3233
s 142
f 1258/1277/3972 1016/1055/3239 1106/954/3238 1332/1195/3973
s off
f 1257/1261/3974 1259/1263/3975 1333/1196/3976 1331/1194/3977
f 1260/1279/3978 1258/1277/3979 1332/1195/3980 1334/1197/3981
f 1259/1263/3982 1261/1265/3983 1335/1198/3984 1333/1196/3985
f 1262/1281/3986 1260/1279/3987 1334/1197/3988 1336/1199/3989
f 1261/1265/3990 1263/1267/3991 1337/1200/3992 1335/1198/3993
f 1264/1283/3994 1262/1281/3995 1336/1199/3996 1338/1201/3997
f 1263/1267/3998 1265/2669/3999 1324/1187/4000 1337/1200/4001
f 1266/2651/4002 1264/1283/4003 1338/1201/4004 1323/2671/4005
f 1268/1291/4006 1284/2739/4007 1341/1204/4008 1340/1203/4009
f 1283/2731/4010 1267/2647/4011 1339/1202/4012 1342/2738/4013
f 1267/2647/4014 1269/1272/4015 1343/1206/4016 1339/1202/4017
f 1270/1292/4018 1268/1291/4019 1340/1203/4020 1344/1207/4021
f 1269/1272/4022 1271/1274/4023 1345/1208/4024 1343/1206/4025
f 1272/1295/4026 1270/1292/4027 1344/1207/4028 1346/1209/4029
f 1271/1274/4030 1273/1276/4031 1347/1210/4032 1345/1208/4033
f 1274/1297/4034 1272/1295/4035 1346/1209/4036 1348/1211/4037
s 143
f 1273/1276/4038 1035/2644/3307 1125/975/3306 1347/1210/4039
s 144
f 1036/1080/3308 1274/1297/4040 1348/1211/4041 1126/974/3309
s 145
f 1037/1056/3312 1275/1278/4042 1349/1212/4043 1127/979/3313
s 146
f 1276/1299/4044 1038/1081/3319 1128/976/3318 1350/1213/4045
s off
f 1275/1278/4046 1277/1280/4047 1351/1214/4048 1349/1212/4049
f 1278/1301/4050 1276/1299/4051 1350/1213/4052 1352/1215/4053
f 1277/1280/4054 1279/1282/4055 1353/1216/4056 1351/1214/4057
f 1280/1303/4058 1278/1301/4059 1352/1215/4060 1354/1217/4061
f 1279/1282/4062 1281/1284/4063 1355/1218/4064 1353/1216/4065
f 1282/1305/4066 1280/1303/4067 1354/1217/4068 1356/1219/4069
f 1281/1284/4070 1283/1325/4071 1342/1205/4072 1355/1218/4073
f 1284/1307/4074 1282/1305/4075 1356/1219/4076 1341/2740/4077
f 1286/1309/4078 1302/1326/4079 1359/1222/4080 1358/1221/4081
f 1301/1308/4082 1285/1294/4083 1357/1220/4084 1360/2736/4085
f 1285/1294/4086 1287/1293/4087 1361/1224/4088 1357/1220/4089
f 1288/1310/4090 1286/1309/4091 1358/1221/4092 1362/1225/4093
f 1287/1293/4094 1289/1296/4095 1363/1226/4096 1361/1224/4097
f 1290/1311/4098 1288/1310/4099 1362/1225/4100 1364/1227/4101
f 1289/1296/4102 1291/1298/4103 1365/1228/4104 1363/1226/4105
f 1292/1312/4106 1290/1311/4107 1364/1227/4108 1366/1229/4109
s 147
f 1291/1298/4110 1057/1079/3387 1147/997/3386 1365/1228/4111
s 148
f 1058/1097/3388 1292/1312/4112 1366/1229/4113 1148/996/3389
s 149
f 1059/1082/3392 1293/1300/4114 1367/1230/4115 1149/1001/3393
s 150
f 1294/1313/4116 1060/1098/3399 1150/998/3398 1368/1231/4117
s off
f 1293/1300/4118 1295/1302/4119 1369/1232/4120 1367/1230/4121
f 1296/1314/4122 1294/1313/4123 1368/1231/4124 1370/1233/4125
f 1295/1302/4126 1297/1304/4127 1371/1234/4128 1369/1232/4129
f 1298/1315/4130 1296/1314/4131 1370/1233/4132 1372/1235/4133
f 1297/1304/4134 1299/1306/4135 1373/1236/4136 1371/1234/4137
f 1300/1316/4138 1298/1315/4139 1372/1235/4140 1374/1237/4141
f 1299/1306/4142 1301/2735/4143 1360/1223/4144 1373/1236/4145
f 1302/2729/4146 1300/1316/4147 1374/1237/4148 1359/2737/4149
f 1393/2658/4150 1394/2656/4151 1395/1329/4152 1396/2667/4153
f 1394/2656/4154 1397/1331/4155 1398/1332/4156 1395/1329/4157
f 1397/1331/4158 1399/1333/4159 1400/2663/4160 1398/1332/4161
f 1402/2652/4162 1401/1336/4163 1403/1337/4164 1404/2664/4165
f 1401/2648/4166 1405/1339/4167 1406/1340/4168 1403/2646/4169
f 1405/1339/4170 1407/1341/4171 1408/2733/4172 1406/1340/4173
f 1410/2730/4174 1409/1344/4175 1411/1345/4176 1412/2734/4177
f 1409/1344/4178 1413/1347/4179 1414/1348/4180 1411/1345/4181
f 1413/1347/4182 1415/2745/4183 1416/2665/4184 1414/1348/4185
f 1396/2667/4186 1395/1329/4187 1379/1250/4188 1376/2668/4189
f 1395/1329/4190 1398/1332/4191 1380/1251/4192 1379/1250/4193
f 1403/2646/4194 1406/1340/4195 1386/1290/4196 1385/1289/4197
f 1411/1345/4198 1414/1348/4199 1392/1322/4200 1391/1321/4201
f 1414/1348/4202 1416/2665/4203 1389/1319/4204 1392/1322/4205
f 1398/1332/4206 1400/2663/4207 1404/2664/4208 1403/1337/4209
f 1380/1251/4210 1398/1332/4211 1403/1337/4212 1385/1289/4213
f 1377/1248/4214 1380/1251/4215 1385/1289/4216 1381/2662/4217
f 1406/1340/4218 1408/2733/4219 1412/2734/4220 1411/1345/4221
f 1386/1290/4222 1406/1340/4223 1411/1345/4224 1391/1321/4225
f 1383/1287/4226 1386/1290/4227 1391/1321/4228 1387/2660/4229
f 1417/1351/4230 1393/2657/4231 1396/1330/4232 1418/1352/4233
f 1399/2654/4234 1419/1353/4235 1420/1354/4236 1400/1334/4237
f 1419/1353/4238 1417/1351/4239 1418/1352/4240 1420/1354/4241
f 1421/1355/4242 1402/1335/4243 1404/1338/4244 1422/1356/4245
f 1407/2732/4246 1423/1357/4247 1424/1358/4248 1408/1342/4249
f 1423/1357/4250 1421/1355/4251 1422/1356/4252 1424/1358/4253
f 1425/1359/4254 1410/1343/4255 1412/1346/4256 1426/1360/4257
f 1415/2746/4258 1427/2742/4259 1428/1362/4260 1416/1350/4261
f 1427/2742/4262 1425/1359/4263 1426/1360/4264 1428/1362/4265
f 1418/1352/4266 1396/1330/4267 1376/1247/4268 1375/1246/4269
f 1420/1354/4270 1418/1352/4271 1375/1246/4272 1378/1249/4273
f 1424/1358/4274 1422/1356/4275 1382/1285/4276 1384/1288/4277
f 1416/1350/4278 1428/1362/4279 1390/1320/4280 1389/2666/4281
f 1428/1362/4282 1426/1360/4283 1388/1317/4284 1390/1320/4285
f 1408/1342/4286 1424/1358/4287 1426/1360/4288 1412/1346/4289
f 1384/1288/4290 1383/2659/4291 1387/1318/4292 1388/1317/4293
f 1424/1358/4294 1384/1288/4295 1388/1317/4296 1426/1360/4297
f 1378/1249/4298 1377/2661/4299 1381/1286/4300 1382/1285/4301
f 1400/1334/4302 1420/1354/4303 1422/1356/4304 1404/1338/4305
f 1420/1354/4306 1378/1249/4307 1382/1285/4308 1422/1356/4309
f 1221/1156/4310 1213/2655/4311 1394/1328/4312 1393/1327/4313
f 1213/1149/4314 1231/1239/4315 1397/1331/4316 1394/2656/4317
f 1231/1239/4318 1247/2653/4319 1399/1333/4320 1397/1331/4321
f 1266/1324/4322 1250/1270/4323 1401/1336/4324 1402/2652/4325
f 1250/2641/4326 1267/2647/4327 1405/1339/4328 1401/2648/4329
f 1267/2647/4330 1283/2731/4331 1407/1341/4332 1405/1339/4333
f 1302/1326/4334 1286/1309/4335 1409/1344/4336 1410/2730/4337
f 1286/1309/4338 1222/2743/4339 1413/1347/4340 1409/1344/4341
f 1222/1157/4342 1230/1165/4343 1415/1349/4344 1413/2744/4345
f 1220/1155/4346 1221/1156/4347 1393/1327/4348 1417/2650/4349
f 1247/1323/4350 1245/1245/4351 1419/1353/4352 1399/2654/4353
f 1245/1245/4354 1220/2649/4355 1417/1351/4356 1419/1353/4357
f 1264/1283/4358 1266/2651/4359 1402/1335/4360 1421/1355/4361
f 1283/1325/4362 1281/1284/4363 1423/1357/4364 1407/2732/4365
f 1281/1284/4366 1264/1283/4367 1421/1355/4368 1423/1357/4369
f 1300/1316/4370 1302/2729/4371 1410/1343/4372 1425/1359/4373
f 1230/1165/4374 1229/2741/4375 1427/1361/4376 1415/1349/4377
f 1229/1164/4378 1300/1316/4379 1425/1359/4380 1427/2742/4381
s 50
f 1438/2302/4382 1432/1366/4383 1434/1365/4384 1437/2301/4385
f 1441/2299/4386 1432/1366/4383 1438/2302/4382 1440/2303/4387
f 1437/2301/4385 1434/1365/4384 1443/1370/4388 1444/2300/4389
s 163
f 1431/2102/4390 1439/2091/4391 1781/2228/4392 1780/1372/4393
f 1433/2101/4394 1431/2102/4390 1780/1372/4393 1779/1376/4395
f 1442/2234/4396 1433/2101/4394 1779/1376/4395 1778/2231/4397
s 52
f 1776/1379/4398 1430/1382/4399 1436/2093/4400 1895/1839/4401 1777/1380/4402
s 53
f 1435/2233/4403 1429/2082/4404 1783/1385/4405 1782/2227/4406
s 54
f 1453/1399/4407 1471/2406/4408 1473/1389/4409 1467/1400/4410
s off
f 1468/1667/4411 1474/1390/4412 1472/1387/4413 1454/1401/4414
s 54
f 1455/1402/4415 1477/2367/4416 1479/1852/4417 1457/1403/4418
s off
f 1458/1404/4419 1480/1392/4420 1478/1391/4421 1456/1405/4422
s 54
f 1459/1406/4423 1481/1861/4424 1470/1859/4425 1462/2493/4426
s off
f 1461/1408/4427 1469/1394/4428 1482/1393/4429 1460/1741/4430
f 1464/1669/4431 1484/1396/4432 1474/1390/4433 1468/1667/4434
s 54
f 1467/1400/4410 1473/1389/4435 1483/1395/4436 1463/1409/4437
f 1463/1409/4437 1483/1395/4438 1476/1397/4439 1466/2506/4440
s off
f 1465/1411/4441 1475/1398/4442 1484/1396/4443 1464/1669/4444
f 1488/1412/4445 1514/1730/4446 1517/1453/4447 1485/1413/4448
f 1486/1414/4449 1518/1461/4450 1513/1664/4451 1489/1415/4452
f 1487/1416/4453 1519/1455/4454 1516/1663/4455 1490/1417/4456
f 1490/1417/4457 1516/1663/4458 1515/1662/4459 1491/1418/4460
f 1491/1418/4461 1515/1662/4462 1520/2399/4463 1492/1419/4464
s 171
f 1786/1420/4465 1789/2100/4466 1788/2097/4467 1787/1421/4468
s 172
f 1815/2099/4469 1817/1427/4470 1816/1426/4471 1814/2098/4472
s 54
f 1493/2510/4473 1503/1430/4474 1504/1858/4475 1494/2509/4476
f 1495/2497/4477 1497/1434/4478 1498/1433/4479 1496/2496/4480
s off
f 1500/1450/4481 1502/1449/4482 1501/1435/4483 1499/1436/4484
f 1506/1439/4485 1508/1437/4486 1507/1438/4487 1505/1440/4488
s 173
f 1538/2092/4489 1789/2100/4490 1786/1420/4491 1790/1442/4492
s 174
f 1817/1427/4493 1815/2099/4494 1539/2089/4495 1818/1443/4496
s 175
f 1814/2098/4497 1816/1426/4498 1819/1446/4499 1536/2094/4500
s 176
f 1787/1421/4501 1788/2097/4502 1533/2095/4503 1791/1447/4504
s off
f 1499/1436/4505 1501/1435/4506 1469/1394/4507 1461/1408/4508
s 54
f 1462/2493/4426 1470/1859/4425 1497/1434/4478 1495/2497/4477
f 1496/2496/4480 1498/1433/4479 1471/1388/4408 1453/2409/4407
s off
f 1454/2400/4509 1472/2384/4510 1502/1449/4511 1500/1450/4512
f 1505/1440/4513 1507/1438/4514 1475/1398/4515 1465/1411/4516
s 54
f 1466/2506/4440 1476/1397/4439 1503/1430/4474 1493/2510/4473
f 1494/2509/4476 1504/1858/4475 1477/1854/4416 1455/2372/4415
s off
f 1456/2359/4517 1478/2348/4518 1508/1437/4519 1506/1439/4520
f 1485/2357/4521 1517/2358/4522 1523/1452/4523 1510/1451/4524
f 1509/1454/4525 1524/1456/4526 1519/1455/4527 1487/1416/4528
f 1492/2398/4529 1520/1459/4530 1521/1458/4531 1512/1457/4532
f 1511/1460/4533 1522/1462/4534 1518/1461/4535 1486/1414/4536
f 1511/1460/4537 1512/1457/4538 1521/1458/4539 1522/1462/4540
f 1509/1454/4541 1510/1451/4542 1523/1452/4543 1524/1456/4544
s 67
f 1525/1463/4545 1535/2492/4546 1536/2494/4547 1526/1464/4548
s 68
f 1527/1466/4549 1533/2374/4550 1534/2371/4551 1528/1467/4552
s 179
f 1529/1469/4553 1539/2411/4554 1540/2408/4555 1530/1470/4556
f 1530/1470/4556 1531/1473/4557 1532/1472/4558 1529/1469/4553
f 1531/1473/4557 1537/2503/4559 1538/2507/4560 1532/1472/4558
s off
f 1793/1475/4561 1795/1478/4562 1794/1477/4563 1792/1476/4564
f 1821/1479/4565 1823/1482/4566 1822/1481/4567 1820/1480/4568
f 1797/1483/4569 1799/1486/4570 1798/1485/4571 1796/1484/4572
f 1825/1487/4573 1827/1490/4574 1826/1489/4575 1824/1488/4576
f 1823/1482/4577 1826/1489/4578 1827/1490/4579 1822/1481/4580
f 1795/1478/4581 1798/1485/4582 1799/1486/4583 1794/1477/4584
s 180
f 1433/1375/4585 1529/1469/4586 1532/1472/4587 1431/1371/4588
s 181
f 1435/2096/4589 1533/2374/4590 1527/1466/4591 1429/1386/4592
s 72
f 1430/2088/4593 1526/1464/4594 1536/2494/4595 1436/1381/4596
s 180
f 1431/1371/4588 1532/1472/4587 1538/2507/4597 1439/1374/4598
f 1442/2090/4599 1539/2411/4600 1529/1469/4586 1433/1375/4585
s 183
f 1814/1425/4601 1822/1481/4602 1827/1490/4603 1815/1424/4604
s 184
f 1789/1423/4605 1798/1485/4606 1795/1478/4607 1788/1422/4608
f 1538/1441/4609 1796/1484/4610 1798/1485/4606 1789/1423/4605
f 1788/1422/4608 1795/1478/4607 1793/1475/4611 1533/1448/4612
s 183
f 1536/1445/4613 1820/1480/4614 1822/1481/4602 1814/1425/4601
f 1815/1424/4604 1827/1490/4603 1825/1487/4615 1539/1444/4616
s off
f 1541/1491/4617 1547/2199/4618 1548/2366/4619 1542/1492/4620
f 1542/1492/4621 1544/1496/4622 1543/1495/4623 1541/1491/4624
f 1544/1496/4625 1546/2396/4626 1545/1497/4627 1543/1495/4628
f 1546/1498/4629 1552/1500/4630 1551/1499/4631 1545/2395/4632
f 1547/2355/4633 1549/2197/4634 1550/1501/4635 1548/1493/4636
f 1511/1460/4637 1486/1414/4638 1546/1498/4639
f 1490/1417/4640 1491/1418/4641 1544/1496/4642 1542/1492/4643
f 1550/1501/4644 1488/1412/4645 1485/1413/4646 1548/1493/4647
f 1486/1414/4648 1489/1415/4649 1552/1500/4650 1546/1498/4651
f 1487/1416/4652 1490/1417/4653 1542/1492/4654 1548/2366/4655
f 1491/1418/4656 1492/1419/4657 1546/2396/4658 1544/1496/4659
f 1509/1454/4660 1487/1416/4661 1548/2366/4662
f 1548/2366/4663 1485/2357/4664 1510/1451/4665
f 1512/1457/4666 1511/1460/4667 1546/1498/4668
f 1509/1454/4669 1548/2366/4670 1510/1451/4671
f 1492/2398/4672 1512/1457/4673 1546/1498/4674
s 53
f 1451/2043/4675 1553/1505/4676 1554/2263/4677 1452/2226/4678
s 176
f 1801/1506/4679 1802/1509/4680 1583/2265/4681 1800/2271/4682
s 171
f 1803/2270/4683 1804/1511/4684 1801/1506/4685 1800/2271/4686
s 173
f 1804/1511/4687 1803/2270/4688 1587/2257/4689 1805/1512/4690
s 163
f 1445/2229/4691 1555/2258/4692 1556/2269/4693 1446/1515/4694
f 1446/1515/4694 1556/2269/4693 1557/2268/4695 1447/1518/4696
f 1447/1518/4696 1557/2268/4695 1558/2254/4697 1448/2230/4698
s 174
f 1829/1521/4699 1830/1524/4700 1589/2256/4701 1828/2267/4702
s 172
f 1829/1521/4703 1828/2267/4704 1832/2266/4705 1831/1525/4706
s 175
f 1831/1525/4707 1832/2266/4708 1585/2260/4709 1833/1527/4710
s 52
f 1560/2253/4711 1450/1531/4712 1449/2232/4713 1559/2261/4714
s 75
f 1571/1532/4715 1565/1535/4716 1566/1534/4717 1572/1533/4718
f 1570/1536/4719 1564/1539/4720 1567/1538/4721 1573/2418/4722
f 1574/1540/4723 1561/2376/4724 1563/1542/4725 1569/1541/4726
f 1572/1533/4727 1566/1534/4717 1561/1543/4724 1574/2381/4728
f 1573/1537/4729 1567/2413/4721 1565/1535/4716 1571/1532/4730
s off
f 1437/1364/4731 1571/1532/4732 1572/1533/4733 1438/1363/4734
s 79
f 1443/2298/4735 1570/1536/4736 1573/2418/4737 1444/1369/4738
s 75
f 1440/2380/4739 1574/1540/4740 1569/1541/4741 1441/1367/4742
s off
f 1438/1363/4743 1572/1533/4744 1574/2381/4745 1440/1368/4746
f 1444/2417/4747 1573/1537/4748 1571/1532/4749 1437/1364/4750
s 81
f 1576/1544/4751 1584/2377/4752 1583/2379/4753 1575/1545/4754
s 82
f 1577/1547/4755 1585/2491/4756 1586/2487/4757 1578/1548/4758
s 197
f 1579/1550/4759 1587/2502/4760 1588/2500/4761 1580/1551/4762
f 1580/1551/4762 1582/1554/4763 1581/1553/4764 1579/1550/4759
f 1582/1554/4763 1590/2414/4765 1589/2416/4766 1581/1553/4764
s off
f 1807/1556/4767 1809/1559/4768 1808/1558/4769 1806/1557/4770
f 1835/1560/4771 1837/1563/4772 1836/1562/4773 1834/1561/4774
f 1811/1564/4775 1813/1566/4776 1812/1814/4777 1810/1565/4778
f 1839/1815/4779 1841/1569/4780 1840/1568/4781 1838/1567/4782
f 1809/1559/4783 1812/1814/4784 1813/1566/4785 1808/1558/4786
f 1841/1569/4787 1836/1562/4788 1837/1563/4789 1840/1568/4790
s 198
f 1595/1570/4791 1606/1573/4792 1605/1572/4793 1596/1571/4794
f 1596/1571/4794 1597/1575/4795 1598/1574/4796 1595/1570/4791
s 85
f 1597/1575/4797 1617/1577/4798 1618/1576/4799 1598/1574/4800
f 1599/1578/4801 1609/1581/4802 1610/2378/4803 1600/1579/4804
s 87
f 1601/1582/4805 1607/1585/4806 1608/1584/4807 1602/1583/4808
s 198
f 1603/1586/4809 1611/1589/4810 1612/2415/4811 1604/1587/4812
f 1604/1587/4812 1605/1572/4793 1606/1573/4792 1603/1586/4809
s 87
f 1607/1585/4806 1616/1591/4813 1615/1590/4814 1608/1584/4807
s 85
f 1609/2375/4802 1618/1576/4799 1617/1577/4798 1610/1580/4803
s 198
f 1611/2412/4810 1613/1593/4815 1614/1592/4816 1612/1588/4811
s 87
f 1613/1593/4817 1615/1590/4814 1616/1591/4813 1614/1592/4818
s 75
f 1595/1570/4819 1598/1574/4820 1562/1594/4821 1561/1543/4724
s 203
f 1580/1551/4822 1605/1572/4823 1604/1587/4824 1582/1554/4825
s 75
f 1603/1586/4826 1606/1573/4827 1566/1534/4717 1565/1535/4716
s 89
f 1576/1544/4828 1600/1579/4829 1610/2378/4830 1584/2377/4831
s 75
f 1564/1539/4720 1602/1583/4832 1608/1584/4833 1567/1538/4721
f 1609/1581/4834 1599/1578/4835 1563/1542/4725 1561/2376/4724
s 203
f 1588/2500/4836 1596/1571/4837 1605/1572/4823 1580/1551/4822
s 75
f 1606/1573/4827 1595/1570/4819 1561/1543/4724 1566/1534/4717
s 203
f 1582/1554/4825 1604/1587/4824 1612/2415/4838 1590/2414/4839
s 75
f 1611/1589/4840 1603/1586/4826 1565/1535/4716 1567/2413/4721
f 1613/1593/4841 1611/2412/4840 1567/1538/4721 1568/1595/4842
s off
f 1593/2489/4843 1614/1592/4844 1616/1591/4845 1594/2488/4846
s 89
f 1584/2501/4831 1610/1580/4830 1617/1577/4847 1591/2499/4848
s 203
f 1592/2498/4849 1597/1575/4850 1596/1571/4837 1588/2500/4836
f 1590/2490/4839 1612/1588/4838 1614/1592/4851 1593/2489/4852
s 75
f 1613/1593/4841 1568/1595/4842 1615/1590/4853
f 1567/1538/4721 1608/1584/4833 1615/1590/4853 1568/1595/4842
f 1598/1574/4820 1618/1576/4854 1562/1594/4821
f 1562/1594/4821 1618/1576/4854 1609/2375/4834 1561/1543/4724
s 205
f 1556/1516/4855 1579/1550/4856 1581/1553/4857 1557/1519/4858
s 91
f 1553/2252/4859 1575/1545/4860 1583/2379/4861 1554/1504/4862
s 92
f 1559/2262/4863 1585/2491/4864 1577/1547/4865 1560/1529/4866
s 205
f 1555/2259/4867 1587/2502/4868 1579/1550/4856 1556/1516/4855
f 1557/1519/4858 1581/1553/4857 1589/2416/4869 1558/1520/4870
s 208
f 1800/1507/4871 1808/1558/4872 1813/1566/4873 1803/1510/4874
s 209
f 1828/1522/4875 1840/1568/4876 1837/1563/4877 1832/1526/4878
s 208
f 1583/1508/4879 1806/1557/4880 1808/1558/4872 1800/1507/4871
s 209
f 1832/1526/4878 1837/1563/4877 1835/1560/4881 1585/1528/4882
s 208
f 1803/1510/4874 1813/1566/4873 1811/1564/4883 1587/1513/4884
s 209
f 1589/1523/4885 1838/1567/4886 1840/1568/4876 1828/1522/4875
s 95
f 1578/1548/4887 1586/2487/4888 1607/1585/4889 1601/1582/4890
f 1586/2487/4888 1594/2488/4891 1616/1591/4892 1607/1585/4889
s off
f 1592/2498/4893 1591/2499/4894 1617/1577/4895 1597/1575/4896
f 1621/1600/4897 1623/2392/4898 1624/1602/4899 1622/1601/4900
f 1626/2363/4901 1628/2390/4902 1627/1606/4903 1625/1605/4904
f 1619/1608/4905 1625/1605/4906 1627/1606/4907 1620/1609/4908
f 1622/1601/4909 1624/1602/4910 1628/2390/4911 1626/2363/4912
f 1633/1610/4913 1636/2206/4914 1635/1612/4915 1634/1611/4916
f 1543/2188/4917 1631/1615/4918 1629/2354/4919 1541/2187/4920
f 1547/2356/4921 1629/1614/4922 1549/1502/4923
f 1545/2200/4924 1631/1615/4925 1543/2188/4926
f 1541/2187/4927 1629/2354/4928 1547/1494/4929
f 1551/2198/4930 1631/2397/4931 1545/2394/4932
f 1632/1616/4933 1623/2392/4934 1621/1600/4935 1630/1617/4936
f 1630/1617/4937 1634/1611/4938 1635/1612/4939 1632/1616/4940
f 1631/1615/4941 1636/2386/4942 1633/2213/4943 1629/2354/4944
s 96
f 1637/1618/4945 1647/1621/4946 1648/1620/4947 1638/1619/4948
s 97
f 1640/1622/4949 1646/1625/4950 1645/2373/4951 1639/1623/4952
s 213
f 1641/1626/4953 1643/1629/4954 1644/1628/4955 1642/1627/4956
f 1642/1627/4956 1652/1631/4957 1651/2410/4958 1641/1626/4953
f 1643/1629/4954 1649/1633/4959 1650/2504/4960 1644/1628/4955
s 97
f 1646/2370/4950 1658/1635/4961 1657/1634/4962 1645/1624/4951
s 96
f 1647/1621/4946 1655/1637/4963 1656/1636/4964 1648/1620/4947
s 213
f 1649/2505/4959 1659/1639/4965 1660/1638/4966 1650/1632/4960
f 1652/2407/4957 1654/1641/4967 1653/1640/4968 1651/1630/4958
s 214
f 1848/1642/4969 1656/1636/4970 1655/1637/4971 1851/1643/4972
s 215
f 1843/1644/4973 1660/1638/4974 1659/1639/4975 1845/1645/4976
s off
f 1661/1646/4977 1671/1647/4978 1672/1657/4979 1662/1742/4980
f 1663/1720/4981 1669/1650/4982 1670/1649/4983 1664/1648/4984
f 1665/1668/4985 1675/1653/4986 1676/2402/4987 1666/1651/4988
f 1666/1651/4989 1667/1654/4990 1668/1670/4991 1665/1668/4992
f 1667/1654/4993 1673/1655/4994 1674/1659/4995 1668/1670/4996
f 1669/2360/4997 1684/1673/4998 1683/1656/4999 1670/2361/5000
f 1671/1647/5001 1678/1658/5002 1677/1672/5003 1672/1657/5004
f 1673/1655/5005 1682/1660/5006 1681/1671/5007 1674/1659/5008
f 1675/2401/5009 1680/1674/5010 1679/1661/5011 1676/1652/5012
f 1678/1658/5013 1679/1661/5014 1680/1674/5015 1677/1672/5016
f 1682/1660/5017 1683/1656/5018 1684/1673/5019 1681/1671/5020
f 1515/1662/5021 1516/1663/5022 1667/1654/5023 1666/1651/5024
f 1517/1453/5025 1514/1730/5026 1664/1648/5027 1670/1649/5028
f 1671/1647/5029 1661/1646/5030 1513/1664/5031 1518/1461/5032
f 1516/1663/5033 1519/1455/5034 1673/1655/5035 1667/1654/5036
f 1520/2399/5037 1515/1662/5038 1666/1651/5039 1676/2402/5040
f 1678/1658/5041 1522/1462/5042 1521/1458/5043 1679/1661/5044
f 1682/1660/5045 1524/1456/5046 1523/1452/5047 1683/1656/5048
f 1519/1455/5049 1524/1456/5050 1682/1660/5051 1673/1655/5052
f 1522/1462/5053 1678/1658/5054 1671/1647/5055 1518/1461/5056
f 1683/1656/5057 1523/1452/5058 1517/2358/5059 1670/2361/5060
f 1679/1661/5061 1521/1458/5062 1520/1459/5063 1676/1652/5064
s 54
f 1463/1409/4437 1643/1629/5065 1641/1626/5066 1467/1400/4410
f 1457/1403/4418 1639/1623/5067 1645/2373/5068 1455/1402/4415
f 1462/2493/4426 1647/1621/5069 1637/1618/5070 1459/1406/4423
f 1466/2506/4440 1649/1633/5071 1643/1629/5065 1463/1409/4437
f 1467/1400/4410 1641/1626/5066 1651/2410/5072 1453/1399/4407
f 1851/1643/5073 1655/1637/5074 1495/1431/4477 1852/1665/5075
f 1845/1645/5076 1659/1639/5077 1493/1428/4473 1846/1666/5078
f 1493/1428/4473 1659/1639/5077 1649/2505/5071 1466/1410/4440
f 1455/2508/4415 1645/1624/5068 1657/1634/5079 1494/1429/4476
f 1495/1431/4477 1655/1637/5074 1647/1621/5069 1462/1407/4426
f 1453/2495/4407 1651/1630/5072 1653/1640/5080 1496/1432/4480
s off
f 1468/1667/5081 1665/1668/5082 1668/1670/5083 1464/1669/5084
f 1456/1405/5085 1669/1650/5086 1663/1720/5087 1458/1404/5088
f 1460/1741/5089 1662/1742/5090 1672/1657/5091 1461/1408/5092
f 1464/1669/5093 1668/1670/5094 1674/1659/5095 1465/1411/5096
f 1454/1401/5097 1675/1653/5098 1665/1668/5099 1468/1667/5100
f 1499/1436/5101 1677/1672/5102 1680/1674/5103 1500/1450/5104
f 1505/1440/5105 1681/1671/5106 1684/1673/5107 1506/1439/5108
f 1465/1411/5109 1674/1659/5110 1681/1671/5111 1505/1440/5112
f 1461/1408/5113 1672/1657/5114 1677/1672/5115 1499/1436/5116
f 1506/1439/5117 1684/1673/5118 1669/2360/5119 1456/2359/5120
f 1500/1450/5121 1680/1674/5122 1675/2401/5123 1454/2400/5124
s 216
f 1642/1627/5125 1644/1628/5126 1531/1473/5127 1530/1470/5128
s 68
f 1646/1625/5129 1640/1622/5130 1528/1467/5131 1534/2371/5132
s 105
f 1535/2492/5133 1525/1463/5134 1638/1619/5135 1648/1620/5136
s 216
f 1644/1628/5126 1650/2504/5137 1537/2503/5138 1531/1473/5127
f 1652/1631/5139 1642/1627/5125 1530/1470/5128 1540/2408/5140
s 53
f 2078/2069/5141 1785/1798/5142 1750/2084/5143 2063/2076/5144
s 54
f 1457/1403/4418 1479/1852/4417 1692/1850/5145 1695/1676/5146
s off
f 1460/1741/5147 1482/1393/5148 1868/1830/5149 1697/1677/5150
f 1489/1415/5151 1513/1664/5152 1702/1717/5153 1701/1678/5154
s 67
f 1526/1464/4548 1704/1680/5155 1703/1679/5156 1525/1463/4545
s off
f 1552/1500/5157 1708/1682/5158 1707/1681/5159 1551/1499/5160
f 1489/1415/5161 1701/1678/5162 1708/1682/5163 1552/1500/5164
s 75
f 1569/1541/4726 1563/1542/4725 1711/1684/5165 1712/1683/5166
f 1441/1367/4742 1569/1541/4741 1712/1683/5167 1687/1685/5168
s 82
f 1578/1548/4758 1718/1687/5169 1717/1686/5170 1577/1547/4755
s 85
f 1600/1579/4804 1720/1689/5171 1719/1688/5172 1599/1578/4801
s 87
f 1602/1583/4808 1722/1691/5173 1721/1690/5174 1601/1582/4805
s 75
f 1599/1578/4835 1719/1688/5175 1711/1684/5165 1563/1542/4725
s 92
f 1560/1529/4866 1577/1547/4865 1717/1686/5176 1709/1692/5177
s off
f 1622/2353/5178 1726/1694/5179 1725/1693/5180 1621/2352/5181
f 1623/1603/5182 1728/1696/5183 1727/1695/5184 1624/2391/5185
f 1625/2365/5186 1730/1698/5187 1729/1697/5188 1626/1604/5189
f 1628/1607/5190 1732/1700/5191 1731/1699/5192 1627/2389/5193
f 1620/2393/5194 1627/2389/5195 1731/1699/5196 1724/1701/5197
f 1626/1604/5198 1729/1697/5199 1726/1694/5200 1622/2353/5201
f 1624/2391/5202 1727/1695/5203 1732/1700/5204 1628/1607/5205
f 1634/2351/5206 1734/1703/5207 1733/1702/5208 1633/2350/5209
f 1636/2387/5210 1736/1705/5211 1735/1704/5212 1635/2385/5213
f 1549/1502/5214 1629/1614/5215 1737/1707/5216 1705/1706/5217
f 1630/2362/5218 1621/2352/5219 1725/1693/5220 1739/1708/5221
f 1629/1614/5222 1633/2349/5223 1733/2212/5224 1737/1707/5225
f 1632/2388/5226 1635/2385/5227 1735/1704/5228 1740/1709/5229
s 96
f 1638/1619/4948 1742/1711/5230 1741/1710/5231 1637/1618/4945
s 97
f 1639/1623/4952 1744/1713/5232 1743/1712/5233 1640/1622/4949
s off
f 1662/1742/5234 1746/1740/5235 1745/1714/5236 1661/1646/5237
f 1664/1648/5238 1748/1716/5239 1747/1715/5240 1663/1720/5241
f 1661/1646/5242 1745/1714/5243 1702/1717/5244 1513/1664/5245
f 1514/1730/5246 1700/1728/5247 1748/1716/5248 1664/1648/5249
s 54
f 1459/1406/4423 1637/1618/5070 1741/1710/5250 1698/1718/5251
s off
f 1458/1404/5252 1663/1720/5253 1747/1715/5254 1696/1719/5255
s 105
f 1525/1463/5134 1703/1679/5256 1742/1711/5257 1638/1619/5135
s 68
f 1640/1622/5130 1743/1712/5258 1770/1722/5259 1771/1721/5260 1528/1467/5131
s 50
f 1686/1723/5261 1434/1365/4384 1432/1366/4383 1685/1724/5262
f 1685/1724/5262 1432/1366/4383 1441/2299/4386 1687/2297/5263
f 1688/1725/5264 1443/1370/4388 1434/1365/4384 1686/1723/5261
s 52
f 1689/1726/5265 1430/1382/4399 1776/1379/4398 1775/1727/5266
s off
f 1693/1675/5267 1480/1392/5268 1458/1404/5269 1696/1719/5270
s 54
f 1694/1863/5271 1481/1861/4424 1459/1406/4423 1698/1718/5251
s off
f 1700/1728/5272 1514/1730/5273 1488/1412/5274 1699/1729/5275
s 72
f 1704/1680/5276 1526/1464/4594 1430/2088/4593 1689/2087/5277
s off
f 1706/1731/5278 1550/1501/5279 1549/2197/5280 1705/2196/5281
f 1699/1729/5282 1488/1412/5283 1550/1501/5284 1706/1731/5285
s 52
f 1690/1732/5286 1450/1531/4712 1560/2253/4711 1709/2251/5287
s 53
f 1710/1733/5288 1553/1505/4676 1451/2043/4675 1691/2045/5289
s 75
f 1713/1734/5290 1564/1539/4720 1570/1536/4719 1714/1735/5291
s 79
f 1714/1735/5292 1570/1536/4736 1443/2298/4735 1688/2295/5293
s 81
f 1716/1736/5294 1576/1544/4751 1575/1545/4754 1715/1737/5295
s 89
f 1720/1689/5296 1600/1579/4829 1576/1544/4828 1716/1736/5297
s 75
f 1722/1691/5298 1602/1583/4832 1564/1539/4720 1713/1734/5290
s 91
f 1715/1737/5299 1575/1545/4860 1553/2252/4859 1710/2249/5300
s 95
f 1718/1687/5301 1578/1548/4887 1601/1582/4890 1721/1690/5302
s off
f 1723/1738/5303 1619/2215/5304 1620/2216/5305 1724/2221/5306
f 1730/1698/5307 1625/2365/5308 1619/2364/5309 1723/2222/5310
f 1738/1739/5311 1631/2397/5312 1551/2198/5313 1707/2195/5314
f 1728/1696/5315 1623/1603/5316 1632/2388/5317 1740/1709/5318
f 1734/1703/5319 1634/2351/5320 1630/2362/5321 1739/1708/5322
f 1736/2205/5323 1636/1613/5324 1631/2397/5325 1738/1739/5326
s 54
f 1744/1713/5327 1639/1623/5067 1457/1403/4418 1695/1676/5146
s off
f 1746/1740/5328 1662/1742/5329 1460/1741/5330 1697/1677/5331
s 50
f 1685/1724/5262 1687/2297/5263 882/858/2453 883/859/2452
s 75
f 1687/1685/5168 1712/1683/5167 885/861/2455 882/2296/2454
s 52
f 1689/1726/5265 1775/1727/5266 955/892/2457 888/2086/2456
f 1690/1732/5286 1709/2251/5287 889/865/2459 887/863/2458
s 107
f 2065/2077/5332 2068/2055/5333 948/2049/2463 947/2085/2462
s off
f 1693/1675/5334 1696/1719/5335 893/1744/5336 891/1743/5337
s 54
f 1694/1863/5271 1698/1718/5251 895/866/2469 894/1865/2468
s off
f 1696/1719/5338 1747/1715/5339 897/1773/5340 893/1744/5341
s 54
f 1698/1718/5251 1741/1710/5250 899/868/2474 895/866/2469
s off
f 1699/1729/5342 1706/1731/5343 900/1746/5344 901/1745/5345
f 1701/1678/5346 1702/1717/5347 903/1748/5348 904/1747/5349
f 1702/1717/5350 1745/1714/5351 905/1749/5352 903/1748/5353
s 67
f 1703/1679/5156 1704/1680/5155 906/869/2488 907/870/2487
s off
f 1705/1706/5354 1737/1707/5355 910/1753/5356 911/1752/5357
f 1707/1681/5358 1708/1682/5359 912/1755/5360 913/2189/5361
s 92
f 1709/1692/5177 1717/1686/5176 914/873/2498 889/2250/2497
s 75
f 1711/1684/5165 1719/1688/5175 916/875/2500 917/876/2499
f 1713/1734/5290 1714/1735/5291 918/877/2502 919/878/2501
s 82
f 1717/1686/5170 1718/1687/5169 922/881/2504 914/873/2503
s 95
f 1718/1687/5301 1721/1690/5302 923/882/2506 922/881/2505
s 85
f 1719/1688/5172 1720/1689/5171 924/883/2508 916/875/2507
s 87
f 1721/1690/5174 1722/1691/5173 925/884/2510 923/882/2509
s off
f 1723/1738/5362 1724/2221/5363 926/2217/5364 927/2219/5365
f 1724/1701/5366 1731/1699/5367 928/1758/5368 926/1757/5369
f 1725/1693/5370 1726/1694/5371 929/1760/5372 930/1759/5373
f 1726/1694/5374 1729/1697/5375 931/1761/5376 929/1760/5377
f 1727/1695/5378 1728/1696/5379 932/1763/5380 933/1762/5381
f 1728/1696/5382 1740/1709/5383 934/1764/5384 932/1763/5385
f 1729/1697/5386 1730/1698/5387 935/1765/5388 931/1761/5389
f 1731/1699/5390 1732/1700/5391 936/1766/5392 928/1758/5393
f 1733/1702/5394 1734/1703/5395 937/1768/5396 938/1767/5397
f 1734/1703/5398 1739/1708/5399 939/1769/5400 937/1768/5401
f 1735/1704/5402 1736/1705/5403 940/2207/5404 941/1770/5405
f 1736/2205/5406 1738/1739/5407 942/1772/5408 940/1771/5409
s 96
f 1741/1710/5231 1742/1711/5230 943/885/2560 899/868/2559
s 97
f 1743/1712/5233 1744/1713/5232 944/886/2562 909/872/2561
s off
f 1745/1714/5410 1746/1740/5411 945/1807/5412 905/1749/5413
f 1747/1715/5414 1748/1716/5415 946/1774/5416 897/1773/5417
s 108
f 1759/1775/5418 1761/1777/5419 957/894/2574 952/889/2573 1760/1776/5420
s 68
f 1752/1780/5421 1754/1781/5422 1753/2050/5423 1751/1778/5424
s 221
f 1753/2050/5425 2063/2048/5426 1750/1779/5427 1751/1778/5428
s 68
f 1754/1781/5422 1749/1751/5429 2067/2056/5430 2076/2067/5431
f 1756/2125/5432 1754/1781/5433 1752/1780/5421 1755/2127/5434 1757/2128/5435
f 1758/1785/5436 1755/2127/5434 1752/1780/5421 1773/1787/5437 1768/1786/5438
s 108
f 1762/1788/5439 1760/1776/5420 952/889/2573 953/890/2593
f 1762/1788/5439 953/890/2593 954/891/2594
f 1761/1777/5419 958/895/2595 957/894/2574
s off
f 1755/1784/5440 1759/1775/5441 1760/1776/5442 1757/1783/5443
f 1758/2124/5444 1761/1777/5445 1759/1775/5446 1755/1784/5447
f 1757/1783/5448 1760/1776/5449 1762/1788/5450 1756/1782/5451
f 1756/1782/5452 1762/1788/5453 954/891/5454 951/2126/5455
s 68
f 1770/1722/5259 1743/1712/5258 909/872/2614 956/893/2613 1784/1789/5456
s 181
f 1764/2081/5457 1765/1793/5458 1766/1792/5459 1763/1791/5460
s 221
f 1763/1791/5461 1766/1792/5462 1767/1794/5463 1750/1779/5427
s 68
f 1528/1467/4552 1771/1721/5260 1765/1793/5464 1527/1466/4549
s 181
f 1429/1386/4592 1527/1466/4591 1765/1793/5458 1764/2081/5457
s 221
f 1767/1794/5463 1751/1778/5428 1750/1779/5427
s 68
f 1773/1787/5437 1752/1780/5421 1751/1778/5424 1767/1794/5465
f 1765/1793/5464 1771/1721/5260 1772/1795/5466 1766/1792/5467
f 1766/1792/5467 1772/1795/5466 1773/1787/5437 1767/1794/5465
f 1771/1721/5260 1770/1722/5259 1774/1796/5468 1772/1795/5466
f 1784/1789/5456 1769/1797/5469 1774/1796/5468 1770/1722/5259
f 1769/1797/5469 1768/1786/5438 1774/1796/5468
f 1768/1786/5438 1773/1787/5437 1772/1795/5466 1774/1796/5468
s 52
f 1775/1727/5266 1690/1732/5286 887/863/2458 955/892/2457
f 1776/1379/4398 1450/1531/4712 1690/1732/5286 1775/1727/5266
f 1450/1531/4712 1776/1379/4398 1777/1380/4402 1449/2232/4713
s 175
f 1816/1426/4498 1831/1525/4707 1833/1527/4710 1819/1446/4499
s 172
f 1817/1427/4470 1829/1521/4703 1831/1525/4706 1816/1426/4471
s 174
f 1829/1521/4699 1817/1427/4493 1818/1443/4496 1830/1524/4700
s 163
f 1779/1376/4395 1447/1518/4696 1448/2230/4698 1778/2231/4397
f 1780/1372/4393 1446/1515/4694 1447/1518/4696 1779/1376/4395
f 1781/2228/4392 1445/2229/4691 1446/1515/4694 1780/1372/4393
s 173
f 1786/1420/4491 1804/1511/4687 1805/1512/4690 1790/1442/4492
s 171
f 1804/1511/4684 1786/1420/4465 1787/1421/4468 1801/1506/4685
s 176
f 1801/1506/4679 1787/1421/4501 1791/1447/4504 1802/1509/4680
s 53
f 1783/1385/4405 1451/2043/4675 1452/2226/4678 1782/2227/4406
s off
f 1764/1790/5470 1763/2083/5471 1750/2084/5472 1785/1798/5473
s 53
f 1429/2082/4404 1764/1790/5474 1785/1798/5142 1783/1385/4405
s off
f 1439/2235/5475 1538/2092/5476 1790/1442/5477 1781/1373/5478
f 1782/1384/5479 1791/1447/5480 1533/2095/5481 1435/1383/5482
f 1533/1448/5483 1793/1475/5484 1792/1476/5485 1534/1468/5486
f 1537/1474/5487 1797/1483/5488 1796/1484/5489 1538/1441/5490
f 1554/2264/5491 1583/2265/5492 1802/1509/5493 1452/1503/5494
f 1445/1514/5495 1805/1512/5496 1587/2257/5497 1555/1517/5498
f 1584/1546/5499 1807/1556/5500 1806/1557/5501 1583/1508/5502
f 1591/1598/5503 1809/1559/5504 1807/1556/5505 1584/1546/5506
f 1587/1513/5507 1811/1564/5508 1810/1565/5509 1588/1552/5510
f 1588/1552/5511 1810/1565/5512 1812/1814/5513 1592/1599/5514
f 1592/1599/5515 1812/1814/5516 1809/1559/5517 1591/1598/5518
f 1781/1373/5519 1790/1442/5520 1805/1512/5521 1445/1514/5522
f 1452/1503/5523 1802/1509/5524 1791/1447/5525 1782/1384/5526
f 1778/1378/5527 1818/1443/5528 1539/2089/5529 1442/1377/5530
f 1436/2093/5531 1536/2094/5532 1819/1446/5533 1777/2225/5534 1895/1839/5535
f 1535/1465/5536 1821/1479/5537 1820/1480/5538 1536/1445/5539
f 1539/1444/5540 1825/1487/5541 1824/1488/5542 1540/1471/5543
f 1558/2255/5544 1589/2256/5545 1830/1524/5546 1448/1812/5547
f 1449/1813/5548 1833/1527/5549 1585/2260/5550 1559/1530/5551
f 1585/1528/5552 1835/1560/5553 1834/1561/5554 1586/1549/5555
f 1586/1549/5556 1834/1561/5557 1836/1562/5558 1594/1597/5559
f 1590/1555/5560 1839/1815/5561 1838/1567/5562 1589/1523/5563
f 1593/1596/5564 1841/1569/5565 1839/1815/5566 1590/1555/5567
f 1594/1597/5568 1836/1562/5569 1841/1569/5570 1593/1596/5571
f 1777/2225/5572 1819/1446/5573 1833/1527/5574 1449/1813/5575
f 1448/1812/5576 1830/1524/5577 1818/1443/5578 1778/1378/5579
f 1792/1476/5580 1658/1635/5581 1646/2370/5582 1534/1468/5583
f 1794/1477/5584 1842/1799/5585 1658/1635/5586 1792/1476/5587
f 1537/1474/5588 1650/1632/5589 1660/1638/5590 1797/1483/5591
f 1797/1483/5592 1660/1638/5593 1843/1644/5594 1799/1486/5595
f 1799/1486/5596 1843/1644/5597 1842/1799/5598 1794/1477/5599
s 215
f 1658/1635/5600 1842/1799/5601 1844/1800/5602 1657/1634/5603
s 54
f 1494/1429/4476 1657/1634/5079 1844/1800/5604 1847/1801/5605
s 215
f 1842/1799/5601 1843/1644/4973 1845/1645/4976 1844/1800/5602
s 54
f 1494/1429/4476 1847/1801/5605 1846/1666/5078 1493/1428/4473
f 1847/1801/5605 1844/1800/5604 1845/1645/5076 1846/1666/5078
s off
f 1535/1465/5606 1648/1620/5607 1656/1636/5608 1821/1479/5609
f 1821/1479/5610 1656/1636/5611 1848/1642/5612 1823/1482/5613
f 1824/1488/5614 1654/1641/5615 1652/2407/5616 1540/1471/5617
f 1826/1489/5618 1849/1802/5619 1654/1641/5620 1824/1488/5621
f 1823/1482/5622 1848/1642/5623 1849/1802/5624 1826/1489/5625
s 214
f 1654/1641/5626 1849/1802/5627 1850/1803/5628 1653/1640/5629
s 54
f 1496/1432/4480 1653/1640/5080 1850/1803/5630 1853/1804/5631
s 214
f 1849/1802/5627 1848/1642/4969 1851/1643/4972 1850/1803/5628
s 54
f 1496/1432/4480 1853/1804/5631 1852/1665/5075 1495/1431/4477
f 1853/1804/5631 1850/1803/5630 1851/1643/5073 1852/1665/5075
s 50
f 884/860/2791 1686/1723/5261 1685/1724/5262 883/859/2452
f 886/2294/2792 1688/1725/5264 1686/1723/5261 884/860/2791
s 54
f 896/867/2793 1695/1676/5146 1692/1850/5145 892/1848/2794
s off
f 898/1805/5632 1697/1677/5633 1868/1830/5634 1867/1829/5635
f 902/1806/5636 1700/1728/5637 1699/1729/5638 901/1745/5639
s 72
f 906/869/2803 1704/1680/5276 1689/2087/5277 888/864/2804
s off
f 900/1746/5640 1706/1731/5641 1705/2196/5642 911/2191/5643
f 912/1755/5644 1708/1682/5645 1701/1678/5646 904/1747/5647
s 53
f 915/2248/2813 1710/1733/5288 1691/2045/5289 890/2044/2814
s 75
f 885/861/2815 1712/1683/5166 1711/1684/5165 917/876/2499
s 79
f 918/877/2816 1714/1735/5292 1688/2295/5293 886/862/2817
s 91
f 920/879/2818 1715/1737/5299 1710/2249/5300 915/874/2819
s 81
f 921/880/2820 1716/1736/5294 1715/1737/5295 920/879/2821
s 89
f 924/883/2822 1720/1689/5296 1716/1736/5297 921/880/2823
s 75
f 925/884/2824 1722/1691/5298 1713/1734/5290 919/878/2501
s off
f 935/1765/5648 1730/1698/5649 1723/2222/5650 927/1756/5651
f 936/1766/5652 1732/1700/5653 1727/1695/5654 933/1762/5655
f 910/1753/5656 1737/1707/5657 1733/2212/5658 938/2209/5659
f 942/1772/5660 1738/1739/5661 1707/2195/5662 913/1754/5663
f 939/1769/5664 1739/1708/5665 1725/1693/5666 930/1759/5667
f 934/1764/5668 1740/1709/5669 1735/1704/5670 941/1770/5671
s 105
f 943/885/2849 1742/1711/5257 1703/1679/5256 907/870/2850
s 54
f 944/886/2851 1744/1713/5327 1695/1676/5146 896/867/2793
s off
f 945/1807/5672 1746/1740/5673 1697/1677/5674 898/1805/5675
f 946/1774/5676 1748/1716/5677 1700/1728/5678 902/1806/5679
s 68
f 949/1750/2860 1749/1751/5680 1754/1781/5433 1756/2125/5432 951/888/2861
f 950/2123/2863 1758/1785/5436 1768/1786/5438 1769/1797/5469 908/871/2864
s off
f 958/895/5681 1761/1777/5682 1758/2124/5683 950/887/5684
s 53
f 890/2044/2814 1691/2045/5289 2061/2046/5685 2072/2063/2869
s 68
f 908/871/2871 1769/1797/5469 1784/1789/5456 956/893/2613
s 223
f 1862/1824/5686 1854/2312/5687 1876/2313/5688 1877/1832/5689
s 224
f 1863/1825/5690 1862/1824/5691 1877/1832/5692 1855/1817/5693
s off
f 1875/2162/5694 1876/2163/5695 1854/1816/5696 1860/1822/5697
f 1874/2164/5698 1875/2162/5699 1860/1822/5700 721/659/5701
f 721/659/5702 1867/1829/5703 1873/2165/5704 1874/2164/5705
f 1872/2166/5706 1873/2165/5707 1867/1829/5708 1868/1830/5709
f 1871/2167/5710 1872/2166/5711 1868/1830/5712 1482/1393/5713
f 1482/1393/5714 1469/1394/5715 1870/2383/5716 1871/2167/5717
s 225
f 1469/1394/5718 1501/1435/5719 1869/2382/5720 1870/2383/5721
s 226
f 1501/1435/5722 1502/1449/5723 1472/2384/5724 1869/2382/5725
f 1881/1834/5726 1474/1390/5727 1484/1396/5728 1882/1835/5729
s 225
f 1880/2160/5730 1881/1834/5731 1882/1835/5732 1883/2159/5733
s 227
f 2007/1996/5734 2008/1994/5735 2009/1983/5736 2006/1986/5737
f 2008/1994/5735 2010/1991/5738 2011/1981/5739 2009/1983/5736
f 2012/1980/5740 2011/1981/5739 2010/1991/5738 2013/1990/5741
f 2013/1990/5741 2014/1988/5742 2015/1977/5743 2012/1980/5740
s 223
f 1878/1833/5744 1879/2161/5745 1884/2158/5746 1885/1836/5747
s 224
f 1856/1818/5748 1878/1833/5749 1885/1836/5750 1861/1823/5751
f 1855/1817/5693 1877/1832/5692 1878/1833/5749 1856/1818/5748
s 223
f 1877/1832/5689 1876/2313/5688 1879/2161/5745 1878/1833/5744
s 225
f 1870/2168/5721 1869/1831/5720 1881/1834/5731 1880/2160/5730
s 226
f 1869/1831/5725 1472/1387/5724 1474/1390/5727 1881/1834/5726
f 1894/1838/5752 1475/1398/5753 1507/1438/5754 1508/1437/5755
s 225
f 1893/2347/5756 1894/1838/5757 1508/1437/5758 1478/2348/5759
s off
f 1892/2151/5760 1893/2152/5761 1478/1391/5762 1480/1392/5763
f 1480/1392/5764 1693/1675/5765 1891/2153/5766 1892/2151/5767
f 1693/1675/5768 891/1743/5769 1890/2154/5770 1891/2153/5771
f 1889/2155/5772 1890/2154/5773 891/1743/5774 1866/1828/5775
f 1866/1828/5776 1859/1821/5777 1888/2156/5778 1889/2155/5779
f 1859/1821/5780 1858/1820/5781 1887/2157/5782 1888/2156/5783
s 223
f 1886/1837/5784 1887/2157/5785 1858/1820/5786 1865/1827/5787
s 224
f 1857/1819/5788 1886/1837/5789 1865/1827/5790 1864/1826/5791
f 1861/1823/5751 1885/1836/5750 1886/1837/5789 1857/1819/5788
s 223
f 1885/1836/5747 1884/2158/5746 1887/2157/5785 1886/1837/5784
s 225
f 1883/2159/5733 1882/1835/5732 1894/1838/5757 1893/2347/5756
s 226
f 1882/1835/5729 1484/1396/5728 1475/1398/5753 1894/1838/5752
s 54
f 514/2514/5792 1896/2511/5793 1899/1875/5794 518/481/5795
f 1897/1856/5796 1476/1397/5797 1483/1395/5798 1898/1842/5799
f 535/506/5800 536/505/1603 1896/1841/5793 514/482/5792
f 1504/1858/4475 1503/1430/5801 1476/1397/5797 1897/1856/5796
f 1903/1880/5802 1471/1388/5803 1498/1433/5804 1497/1434/4478
f 512/479/5805 1902/1873/5806 531/1872/1608 532/509/5807
f 518/481/5795 1899/1875/5794 1900/1879/5808 513/480/5809
s 235
f 1904/1888/5810 1905/1891/5811 1910/1903/5812 1909/1902/5813
f 1905/1891/5811 1906/1893/5814 1911/1905/5815 1910/1903/5812
f 1906/1893/5814 1907/1895/5816 1912/1907/5817 1911/1905/5815
f 1907/1895/5816 1908/1899/5818 1913/1909/5819 1912/1907/5817
s 54
f 1898/1842/5799 1483/1395/5798 1473/1389/5820 1901/1876/5821
f 513/480/5809 1900/1879/5808 1902/1873/5806 512/479/5805
f 1901/1876/5821 1473/1389/5820 1471/2406/5803 1903/2404/5802
s 239
f 1914/1857/5822 1915/2369/5823 1929/2143/5824 1928/1855/5825
s 240
f 1915/2150/5826 1914/2368/5827 1916/1877/5828 1917/2149/5829
f 1917/2149/5829 1916/1877/5828 1930/1881/5830 1931/2142/5831
s 241
f 1918/2512/5832 1919/2513/5833 1933/2141/5834 1932/1840/5835
s 239
f 1919/2148/5836 1918/1845/5837 1920/1847/5838 1921/2147/5839
f 1921/2147/5839 1920/1847/5838 1922/1849/5840 1923/2146/5841
f 1923/2146/5841 1922/1849/5840 1924/1851/5842 1925/2145/5843
f 1925/2145/5843 1924/1851/5842 1926/1853/5844 1927/2144/5845
f 1927/2144/5845 1926/1853/5844 1928/1855/5825 1929/2143/5824
s 240
f 1931/2142/5831 1930/1881/5830 1936/1860/5846 1937/2405/5847
s 241
f 1932/1840/5835 1933/2141/5834 1935/2140/5848 1934/1874/5849
f 1934/1874/5849 1935/2140/5848 1939/2138/5850 1938/1878/5851
s 243
f 1937/2139/5852 1936/2403/5853 1948/1862/5854 1949/2134/5855
f 1938/2322/5856 1939/2323/5857 1941/2137/5858 1940/1870/5859
f 1940/1870/5859 1941/2137/5858 1943/2136/5860 1942/1868/5861
f 1942/1868/5861 1943/2136/5860 1945/2135/5862 1944/1866/5863
f 1944/1866/5863 1945/2135/5862 1947/2133/5864 1946/1864/5865
f 1946/1864/5865 1947/2133/5864 1949/2134/5855 1948/1862/5854
s 54
f 1932/1840/5866 1899/1875/5794 1896/2511/5793 1918/2512/5867
f 1898/1842/5799 1916/1877/5868 1914/2368/5869 1897/1856/5796
f 1918/1845/5867 1896/1841/5793 536/505/1603 515/1843/1546
f 515/1843/1546 516/1844/1545 1920/1847/5870 1918/1845/5867
f 516/1844/1545 720/1846/2266 1922/1849/5871 1920/1847/5870
f 720/1846/2266 892/1848/2794 1924/1851/5872 1922/1849/5871
f 892/1848/2794 1692/1850/5145 1926/1853/5873 1924/1851/5872
f 1692/1850/5145 1479/1852/4417 1928/1855/5874 1926/1853/5873
f 1479/1852/4417 1477/2367/4416 1914/1857/5869 1928/1855/5874
f 1897/1856/5796 1914/2368/5869 1477/1854/4416 1504/1858/4475
f 1497/1434/4478 1470/1859/4425 1936/2403/5875 1903/1880/5802
f 1948/1862/5876 1936/2403/5875 1470/1859/4425 1481/1861/4424
f 1946/1864/5877 1948/1862/5876 1481/1861/4424 1694/1863/5271
f 1944/1866/5878 1946/1864/5877 1694/1863/5271 894/1865/2468
f 1942/1868/5879 1944/1866/5878 894/1865/2468 722/1867/2391
f 1940/1870/5880 1942/1868/5879 722/1867/2391 517/1869/1554
f 1938/2322/5881 1940/1870/5880 517/1869/1554 511/2321/1553
f 511/1871/1553 531/1872/1608 1902/1873/5806 1938/1878/5881
f 1934/1874/5882 1900/1879/5808 1899/1875/5794 1932/1840/5866
f 1901/1876/5821 1930/1881/5883 1916/1877/5868 1898/1842/5799
f 1938/1878/5881 1902/1873/5806 1900/1879/5808 1934/1874/5882
f 1903/2404/5802 1936/1860/5875 1930/1881/5883 1901/1876/5821
s 78
f 1950/1949/1857 480/1882/1856 482/2427/5884 1951/2426/5885
s 235
f 1952/1950/5886 1955/1887/5887 1904/1888/5810 1958/1898/5888
f 1955/1887/5887 1961/1889/5889 1905/1891/5811 1904/1888/5810
f 1961/1889/5889 1964/1890/5890 1906/1893/5814 1905/1891/5811
f 1964/1890/5890 1967/1892/5891 1907/1895/5816 1906/1893/5814
f 1967/1892/5891 1970/1894/5892 1908/1899/5818 1907/1895/5816
f 1970/1894/5892 1973/1896/5893 1976/1897/5894 1908/1899/5818
f 1958/1898/5888 1904/1888/5810 1909/1902/5813 1979/1901/5895
f 1908/1899/5818 1976/1897/5894 1982/1900/5896 1913/1909/5819
f 1979/1901/5895 1909/1902/5813 1985/1904/5897 1988/1951/5898
f 1909/1902/5813 1910/1903/5812 1991/1906/5899 1985/1904/5897
f 1910/1903/5812 1911/1905/5815 1994/1908/5900 1991/1906/5899
f 1911/1905/5815 1912/1907/5817 1997/1910/5901 1994/1908/5900
f 1912/1907/5817 1913/1909/5819 2000/1912/5902 1997/1910/5901
f 1913/1909/5819 1982/1900/5896 2003/1911/5903 2000/1912/5902
s 246
f 1919/1915/5904 1921/1913/5905 1957/1918/5906 1954/1914/5907
s 247
f 1933/1929/5908 1919/1915/5909 1954/1914/5910 1960/1916/5911
s 246
f 1921/1913/5905 1923/1917/5912 1963/1920/5913 1957/1918/5906
f 1923/1917/5912 1925/1919/5914 1966/1922/5915 1963/1920/5913
f 1925/1919/5914 1927/1921/5916 1969/1924/5917 1966/1922/5915
f 1927/1921/5916 1929/1923/5918 1972/1926/5919 1969/1924/5917
f 1929/1923/5918 1915/2421/5920 1975/1928/5921 1972/1926/5919
s 248
f 1915/1925/5922 1917/1927/5923 1978/1932/5924 1975/2420/5925
s 247
f 1935/1935/5926 1933/1929/5908 1960/1916/5911 1981/1930/5927
s 248
f 1917/1927/5923 1931/1931/5928 1984/1946/5929 1978/1932/5924
s 249
f 1941/1937/5930 1939/1933/5931 1990/1936/5932 1987/1934/5933
s 247
f 1939/1933/5934 1935/1935/5926 1981/1930/5927 1990/1936/5935
s 249
f 1943/1939/5936 1941/1937/5930 1987/1934/5933 1993/1938/5937
f 1945/1941/5938 1943/1939/5936 1993/1938/5937 1996/1940/5939
f 1947/1943/5940 1945/1941/5938 1996/1940/5939 1999/1942/5941
f 1949/1947/5942 1947/1943/5940 1999/1942/5941 2002/1944/5943
s 248
f 1931/1931/5928 1937/1945/5944 2005/1948/5945 1984/1946/5929
s 249
f 1937/1945/5946 1949/1947/5942 2002/1944/5943 2005/1948/5947
s 75
f 591/2425/1851 1951/1952/1866 599/1883/1865 593/678/1955
s 235
f 1952/1950/5886 1953/1953/5948 1956/2186/5949 1955/1887/5887
s 246
f 1953/2185/5950 1954/1914/5907 1957/1918/5906 1956/1954/5951
s 235
f 1955/1887/5887 1956/2186/5949 1962/2184/5952 1961/1889/5889
s 246
f 1956/1954/5951 1957/1918/5906 1963/1920/5913 1962/1956/5953
s 247
f 1954/1914/5910 1953/2185/5954 1959/2178/5955 1960/1916/5911
s 235
f 1953/1953/5948 1952/1950/5886 1958/1898/5888 1959/1955/5956
f 1961/1889/5889 1962/2184/5952 1965/2183/5957 1964/1890/5890
s 246
f 1962/1956/5953 1963/1920/5913 1966/1922/5915 1965/1957/5958
s 235
f 1964/1890/5890 1965/2183/5957 1968/2182/5959 1967/1892/5891
s 246
f 1965/1957/5958 1966/1922/5915 1969/1924/5917 1968/1958/5960
s 235
f 1967/1892/5891 1968/2182/5959 1971/2181/5961 1970/1894/5892
s 246
f 1968/1958/5960 1969/1924/5917 1972/1926/5919 1971/1959/5962
s 235
f 1970/1894/5892 1971/2181/5961 1974/2180/5963 1973/1896/5893
s 246
f 1971/1959/5962 1972/1926/5919 1975/1928/5921 1974/2419/5964
s 235
f 1973/1896/5893 1974/2180/5963 1977/2179/5965 1976/1897/5894
s 248
f 1974/1960/5966 1975/2420/5925 1978/1932/5924 1977/1961/5967
s 235
f 1976/1897/5894 1977/2179/5965 1983/2177/5968 1982/1900/5896
s 248
f 1977/1961/5967 1978/1932/5924 1984/1946/5929 1983/1963/5969
s 247
f 1960/1916/5911 1959/2178/5955 1980/2175/5970 1981/1930/5927
s 235
f 1959/1955/5956 1958/1898/5888 1979/1901/5895 1980/1962/5971
f 1982/1900/5896 1983/2177/5968 2004/2170/5972 2003/1911/5903
s 248
f 1983/1963/5969 1984/1946/5929 2005/1948/5945 2004/1970/5973
s 235
f 1985/1904/5897 1986/1964/5974 1989/2176/5975 1988/1951/5898
s 249
f 1986/2174/5976 1987/1934/5933 1990/1936/5932 1989/1965/5977
s 247
f 1981/1930/5927 1980/2175/5970 1989/1965/5978 1990/1936/5935
s 235
f 1980/1962/5971 1979/1901/5895 1988/1951/5898 1989/2176/5975
s 249
f 1987/1934/5933 1986/2174/5976 1992/2173/5979 1993/1938/5937
s 235
f 1986/1964/5974 1985/1904/5897 1991/1906/5899 1992/1966/5980
s 249
f 1993/1938/5937 1992/2173/5979 1995/2172/5981 1996/1940/5939
s 235
f 1992/1966/5980 1991/1906/5899 1994/1908/5900 1995/1967/5982
s 249
f 1996/1940/5939 1995/2172/5981 1998/2171/5983 1999/1942/5941
s 235
f 1995/1967/5982 1994/1908/5900 1997/1910/5901 1998/1968/5984
s 249
f 1999/1942/5941 1998/2171/5983 2001/2169/5985 2002/1944/5943
s 235
f 1998/1968/5984 1997/1910/5901 2000/1912/5902 2001/1969/5986
s 249
f 2002/1944/5943 2001/2169/5985 2004/1970/5987 2005/1948/5947
s 235
f 2001/1969/5986 2000/1912/5902 2003/1911/5903 2004/2170/5972
s 250
f 2016/2000/5988 2017/1985/5989 2036/1971/5990 2037/2018/5991
f 2017/1985/5989 2016/2000/5988 2019/2032/5992 2018/1973/5993
f 2018/1973/5993 2019/2032/5992 2051/2034/5994 2050/1997/5995
s 251
f 2020/2002/5996 2021/1987/5997 2038/1972/5998 2039/2022/5999
f 2021/1987/5997 2020/2002/5996 2023/2004/6000 2022/1974/6001
f 2022/1974/6001 2023/2004/6000 2025/2006/6002 2024/1975/6003
s 252
f 2024/1975/6004 2025/2006/6005 2027/2008/6006 2026/1976/6007
f 2026/1976/6007 2027/2008/6006 2029/2010/6008 2028/1978/6009
f 2028/1978/6009 2029/2010/6008 2031/2012/6010 2030/1979/6011
f 2030/1979/6011 2031/2012/6010 2033/2014/6012 2032/1982/6013
f 2032/1982/6013 2033/2014/6012 2035/2016/6014 2034/1984/6015
f 2034/1984/6015 2035/2016/6014 2037/2018/6016 2036/1971/6017
s 253
f 2039/2022/6018 2038/1972/6019 2041/1989/6020 2040/2020/6021
f 2040/2020/6021 2041/1989/6020 2043/1992/6022 2042/2024/6023
f 2042/2024/6023 2043/1992/6022 2045/1993/6024 2044/2026/6025
f 2044/2026/6025 2045/1993/6024 2047/1995/6026 2046/2028/6027
f 2046/2028/6027 2047/1995/6026 2049/1998/6028 2048/2030/6029
f 2048/2030/6029 2049/1998/6028 2050/1997/6030 2051/2034/6031
s 227
f 2006/1986/5737 2017/1985/6032 2018/1973/6033 2007/1996/5734
f 2014/1988/5742 2021/1987/6034 2022/1974/6035 2015/1977/5743
f 2015/1977/5743 2022/1974/6035 2024/1975/6036 2026/1976/6037
f 2012/1980/5740 2015/1977/5743 2026/1976/6037 2028/1978/6038
f 2028/1978/6038 2030/1979/6039 2011/1981/5739 2012/1980/5740
f 2009/1983/5736 2011/1981/5739 2030/1979/6039 2032/1982/6040
f 2006/1986/5737 2009/1983/5736 2032/1982/6040 2034/1984/6041
f 2034/1984/6041 2036/1971/6042 2017/1985/6032 2006/1986/5737
f 2041/1989/6043 2038/1972/6044 2021/1987/6034 2014/1988/5742
f 2043/1992/6045 2041/1989/6043 2014/1988/5742 2013/1990/5741
f 2013/1990/5741 2010/1991/5738 2045/1993/6046 2043/1992/6045
f 2047/1995/6047 2045/1993/6046 2010/1991/5738 2008/1994/5735
f 2049/1998/6048 2047/1995/6047 2008/1994/5735 2007/1996/5734
f 2007/1996/5734 2018/1973/6033 2050/1997/6049 2049/1998/6048
s 254
f 1880/2017/6050 1883/1999/6051 2019/2032/6052 2016/2000/6053
s 255
f 1884/2021/6054 1879/2001/6055 2023/2004/6056 2020/2002/6057
f 1879/2001/6055 1876/2003/6058 2025/2006/6059 2023/2004/6056
s 256
f 1876/2003/6060 1875/2005/6061 2027/2008/6062 2025/2006/6063
f 1875/2005/6061 1874/2007/6064 2029/2010/6065 2027/2008/6062
f 1874/2007/6064 1873/2009/6066 2031/2012/6067 2029/2010/6065
f 1873/2009/6066 1872/2011/6068 2033/2014/6069 2031/2012/6067
f 1872/2011/6068 1871/2013/6070 2035/2016/6071 2033/2014/6069
f 1871/2013/6070 1870/2015/6072 2037/2018/6073 2035/2016/6071
s 254
f 1870/2015/6074 1880/2017/6050 2016/2000/6053 2037/2018/6075
s 257
f 1888/2023/6076 1887/2019/6077 2039/2022/6078 2040/2020/6079
s 255
f 1887/2019/6080 1884/2021/6054 2020/2002/6057 2039/2022/6081
s 257
f 1889/2025/6082 1888/2023/6076 2040/2020/6079 2042/2024/6083
f 1890/2027/6084 1889/2025/6082 2042/2024/6083 2044/2026/6085
f 1891/2029/6086 1890/2027/6084 2044/2026/6085 2046/2028/6087
f 1892/2033/6088 1891/2029/6086 2046/2028/6087 2048/2030/6089
s 254
f 1883/1999/6051 1893/2031/6090 2051/2034/6091 2019/2032/6052
s 257
f 1893/2031/6092 1892/2033/6088 2048/2030/6089 2051/2034/6093
s 258
f 2058/2054/6094 2073/2064/6095 949/1750/6096 777/775/6097
s 53
f 2062/2042/6098 1691/2045/5289 1451/2043/4675 1783/1385/4405
s 258
f 949/1750/6096 2074/2065/6099 2067/2056/6100 1749/1751/6101
s 109
f 2054/2080/2577 2053/2078/6102 2060/2058/6103 2059/2053/2578
s 107
f 2053/2078/6104 2052/2036/2461 2057/2051/2460 2060/2058/6105
f 2065/2077/5332 2064/2075/6106 2069/2060/6107 2068/2055/5333
s 221
f 2064/2075/6108 2063/2048/5426 2066/2052/6109 2069/2060/6110
s 68
f 2058/2054/6111 2075/2066/2584 2059/2053/2583 2060/2058/6112
s 258
f 2058/2054/6094 2060/2058/6113 2057/2051/6114 2073/2064/6095
f 2067/2056/6100 2074/2065/6099 2068/2055/6115 2069/2060/6116
s 68
f 2067/2056/5430 2069/2060/6117 2066/2052/6118 2076/2067/5431
s 53
f 2082/2073/6119 2083/2074/6120 2070/2061/6121 2056/2039/2870
f 2056/2039/2870 2070/2061/6121 2055/2037/2263 719/2041/2409
f 2055/2037/2263 2070/2061/6121 2083/2074/6120 2077/2068/2264
f 2078/2069/5141 2079/2070/6122 2071/2062/6123 2062/2042/6098
f 2062/2042/6098 2071/2062/6123 2061/2046/5685 1691/2045/5289
f 2061/2046/5685 2071/2062/6123 2079/2070/6122 2080/2071/6124
f 2072/2063/2869 2061/2046/5685 2080/2071/6124 2081/2072/6125
f 2056/2039/2870 2072/2063/2869 2081/2072/6125 2082/2073/6119
s 109
f 781/777/2576 779/793/2624 778/776/2620 2054/2080/2577
s 221
f 1753/2050/5425 2066/2052/6109 2063/2048/5426
s 53
f 719/2041/2409 2055/2037/2263 811/817/1533 493/2040/1803
s 258
f 949/1750/6096 2073/2064/6095 2057/2051/6114 948/2049/6126
f 2068/2055/6115 2074/2065/6099 949/1750/6096 948/2049/6126
s 68
f 782/779/2582 2075/2066/2584 2058/2054/6111 777/775/6127
f 1754/1781/5422 2076/2067/5431 2066/2052/6118 1753/2050/5423
s 53
f 2063/2076/5144 2064/2059/6128 2079/2070/6122 2078/2069/5141
f 2080/2071/6124 2079/2070/6122 2064/2059/6128 2065/2047/6129
f 2081/2072/6125 2080/2071/6124 2065/2047/6129 947/2035/6130
f 2082/2073/6119 2081/2072/6125 947/2035/6130 2052/2079/6131
f 2052/2079/6131 2053/2057/6132 2083/2074/6120 2082/2073/6119
f 2077/2068/2264 2083/2074/6120 2053/2057/6132 2054/2038/6133
f 2062/2042/6098 1783/1385/4405 1785/1798/5142 2078/2069/5141
f 813/819/2262 2077/2068/2264 2054/2038/6133 778/2113/6134
