# File exported by ZBrush version 2026
# www.zbrush.com
#Vertex Count 13765
#Face Count 13725
#Auto scale x=1.000000 y=1.000000 z=1.000000
#Auto offset x=-0.000000 y=0.000000 z=0.000000
v -0.16632287 0.65964543 0.71599251
v -0.09443128 0.03764492 -0.41581735
v -0.10897859 0.53550434 0.83931785
v -0.00697326 0.46058279 1.08952999
v -0.10394541 0.45341834 0.83097088
v -0.02084442 -0.16856899 -0.13590692
v -0.08392822 0.38278564 0.80056935
v -0.03820555 0.70889759 0.71646392
v -0.04270163 0.70401132 0.62056702
v -0.10838796 0.67157167 0.76434737
v -0.23906014 -0.75892311 0.51780146
v -0.02514599 0.60838806 0.85295778
v -0.07678376 0.41277641 0.82443696
v -0.2813774 -0.74843454 0.49358287
v -0.16443084 -0.73941379 -0.14667967
v -0.00697321 0.33103942 0.91985523
v -0.00815894 0.30522227 0.9080283
v -0.05399645 -0.15813827 0.34104374
v -0.25819614 -0.78632646 0.49998608
v -0.11209332 0.69498193 0.70853132
v -0.04760358 -0.19669219 -0.29531464
v -0.20552901 -0.76405173 -0.12888044
v -0.2235734 -0.79500252 -0.16538704
v -0.21133399 -0.73083162 -0.13708207
v -0.20529255 -0.20456208 -0.12606978
v -0.24667112 0.04677951 -0.25707358
v -0.18158228 0.12837424 -0.20132666
v -0.13954269 -0.14369696 0.55621492
v -0.21079976 0.17773088 0.29242327
v -0.24687628 -0.09790402 0.33715605
v -0.19664001 -0.74029791 0.48813569
v -0.0549431 0.62902808 0.83943486
v -0.13369193 0.82497769 0.68336111
v -0.13240726 0.79545468 0.68770641
v -0.14637148 0.8502562 0.71082299
v -0.14492209 0.8454622 0.71944534
v -0.12252568 0.59031862 0.8151651
v -0.01895783 0.38567397 1.03413367
v -0.02501554 0.43494182 1.07348227
v -0.02743244 0.15894736 -1.45476317
v -0.02971131 0.20854967 -1.43745482
v -0.17576295 0.65432596 0.7028796
v -0.17497099 0.63494545 0.70815068
v -0.16840829 0.63659584 0.71997964
v -0.1694979 0.67942088 0.70107388
v -0.17654797 0.67486369 0.69440484
v -0.15096363 0.65400683 0.73619097
v -0.14142179 0.66963905 0.73576051
v -0.15431802 0.67403465 0.71836894
v -0.15901055 0.68568569 0.70355206
v -0.15556016 0.63485682 0.73537445
v -0.09456399 0.0549029 -0.41815307
v -0.08826945 0.05220601 -0.4380202
v -0.08515055 0.03803824 -0.4382129
v -0.08134055 0.02102777 -0.42370095
v -0.08806609 0.01127229 -0.40960383
v -0.10379099 0.02259592 -0.40214198
v -0.12066066 0.03240307 -0.3915798
v -0.11090772 0.04744182 -0.3964129
v -0.07670421 0.02415696 -0.44096714
v -0.10516964 0.06086124 -0.39923253
v -0.09405295 0.55264222 0.84874165
v -0.09872363 0.57263368 0.84195905
v -0.11150673 0.56281417 0.83287066
v -0.10275083 0.51985389 0.85469621
v -0.09101606 0.53770202 0.86046725
v -0.11339861 0.50712925 0.83617126
v -0.10932317 0.49920615 0.85025173
v -0.12380989 0.55942785 0.82184451
v -0.12316515 0.53652763 0.82407903
v -0.1229017 0.51239144 0.82238602
v 0 0.46171885 1.09252369
v 0 0.46792489 1.09570109
v -0.00937446 0.46689394 1.09147882
v -0.02221038 0.46024116 1.07989883
v -0.01400002 0.45116195 1.08210504
v 0 0.44815778 1.08577227
v -0.10191127 0.45459187 0.84380263
v -0.11018393 0.47675198 0.84676975
v -0.11350295 0.48154196 0.83380836
v -0.09858632 0.43734177 0.821841
v -0.07945857 0.42809873 0.82653313
v -0.08336325 0.43783456 0.83364832
v -0.08514016 0.44156441 0.84215551
v -0.11720528 0.46610999 0.81530475
v -0.11417621 0.44756627 0.80943524
v -0.1208771 0.48891469 0.81911039
v -0.01720164 -0.16631652 -0.11030895
v -0.04011093 -0.16240675 -0.10330002
v -0.04588909 -0.16399008 -0.11933501
v 0 -0.16841945 -0.13133189
v 0 -0.16806328 -0.11113456
v -0.05618769 -0.17301434 -0.13319909
v -0.03653603 -0.17801794 -0.15604791
v -0.0133733 -0.17482432 -0.17458093
v 0 -0.17007048 -0.1685974
v -0.0251273 -0.18477281 -0.18599067
v -0.07338328 0.37035927 0.79796677
v -0.07138226 0.37554866 0.81071525
v -0.07806948 0.38376167 0.81688821
v -0.09763755 0.39019513 0.78981536
v -0.09920342 0.37296706 0.77519863
v -0.0867839 0.36633098 0.78238087
v -0.07518429 0.35844409 0.78480559
v -0.07817648 0.39392197 0.82535749
v -0.08409937 0.39949384 0.81648522
v -0.09676095 0.4074513 0.80459964
v -0.01833563 0.70043134 0.7155596
v -0.01793855 0.70348626 0.70226907
v -0.03374832 0.71164447 0.70068615
v -0.05121016 0.72232264 0.71065449
v -0.0588063 0.72261768 0.72079974
v -0.05375487 0.71172547 0.72955781
v -0.03649463 0.69901961 0.7372021
v -0.01834907 0.69512146 0.73404371
v -0.05317922 0.70071917 0.74369961
v -0.04642142 0.72233879 0.70032656
v -0.03727625 0.69115179 0.60394334
v -0.05476871 0.6909278 0.59739339
v -0.06194523 0.70307755 0.60880267
v -0.01975886 0.69623452 0.62273061
v -0.01908042 0.68775171 0.60746866
v -0.03667688 0.70965957 0.6379593
v -0.018637 0.70171201 0.63674724
v -0.07242859 0.71731817 0.6192674
v -0.0599056 0.71974933 0.63007104
v -0.05236132 0.72215515 0.64233976
v -0.1015809 0.68755173 0.75125604
v -0.11621779 0.68453711 0.74176287
v -0.12605997 0.67174577 0.75059282
v -0.12401939 0.64881885 0.76540917
v -0.11679627 0.64033705 0.78029161
v -0.10147862 0.65645515 0.78191322
v -0.08566817 0.66528379 0.78494375
v -0.08886003 0.67858654 0.76933366
v -0.08725511 0.6893537 0.75720638
v -0.13557606 0.65196311 0.75244385
v -0.23288621 -0.76407253 0.51570558
v -0.22899587 -0.75527566 0.51359653
v -0.23837517 -0.75150424 0.51677113
v -0.2453306 -0.76150757 0.51761835
v -0.23962782 -0.77034539 0.51555198
v -0.24746821 -0.75172793 0.51653987
v -0.04471616 0.59323251 0.8574652
v -0.04030485 0.57816946 0.86973476
v -0.02052341 0.58669847 0.86841416
v -0.04279685 0.62119483 0.84463733
v -0.05350196 0.60714376 0.85076993
v 0 0.60772383 0.85279113
v 0 0.62676399 0.83726257
v -0.01919692 0.62851554 0.83613085
v 0 0.58949315 0.86796194
v -0.03652523 0.63392394 0.83241081
v -0.07110046 0.4023841 0.83161145
v -0.09590841 0.42241734 0.81446784
v -0.06068636 0.41424721 0.82909828
v -0.06216596 0.42459377 0.82805717
v -0.0603876 0.40713262 0.83434677
v -0.28702151 -0.74553233 0.47919815
v -0.28910544 -0.75826996 0.47644054
v -0.28149533 -0.75710755 0.49416476
v -0.27252218 -0.75288593 0.50201451
v -0.27467647 -0.74358719 0.49733102
v -0.28058847 -0.73452031 0.48273956
v -0.1705897 -0.73401141 -0.14360752
v -0.17309078 -0.74289113 -0.13764692
v -0.16413466 -0.74706506 -0.14361219
v -0.15870337 -0.73696565 -0.15718106
v -0.16574442 -0.72693365 -0.15656609
v -0.15507441 -0.74866831 -0.15713577
v -0.00996891 0.33576625 0.91205149
v -0.01727127 0.33508527 0.91638612
v -0.01017477 0.32881882 0.92520088
v 0 0.32965365 0.92056137
v 0 0.33512461 0.90973269
v 0 0.32579112 0.9281789
v -0.01083294 0.30817234 0.89873671
v 0 0.30784571 0.89704769
v 0 0.30422768 0.90936923
v 0 0.30226117 0.9173274
v -0.0116395 0.3042055 0.91370755
v -0.01900181 0.30822134 0.902152
v -0.04634805 -0.16024614 0.38233441
v -0.0600931 -0.15822236 0.38925698
v -0.06779719 -0.15537646 0.35629135
v -0.0879618 -0.14884017 0.33176052
v -0.08217031 -0.15096777 0.31903415
v -0.03311864 -0.16131241 0.34426605
v -0.03107843 -0.16197386 0.37962922
v -0.05419326 -0.15885733 0.31246295
v -0.0343195 -0.16189827 0.3179889
v -0.0801975 -0.15208198 0.30206307
v -0.25938662 -0.79286563 0.49068781
v -0.24836342 -0.79593288 0.49310094
v -0.25175198 -0.7861641 0.50467133
v -0.25607997 -0.77749091 0.50836372
v -0.2628768 -0.78024429 0.50206178
v -0.26964002 -0.78780257 0.49076625
v -0.12350776 0.68838882 0.71056425
v -0.11508692 0.68903374 0.72230207
v -0.10529561 0.69787704 0.71486401
v -0.10292128 0.70815676 0.70648437
v -0.11297823 0.70272904 0.70102906
v -0.12832224 0.69668555 0.69945633
v -0.03100235 -0.18514478 -0.28103068
v -0.02713589 -0.19410616 -0.2528114
v -0.03581996 -0.20502761 -0.25926008
v -0.04481374 -0.21945476 -0.2602382
v -0.05687333 -0.21523784 -0.28989055
v -0.08271279 -0.21469298 -0.31688273
v -0.08078398 -0.20031312 -0.32451066
v -0.08397433 -0.1882348 -0.33406189
v -0.05366309 -0.18341878 -0.31471344
v -0.03608082 -0.1753167 -0.30182465
v -0.20278465 -0.758291 -0.12810476
v -0.21231828 -0.75523525 -0.12959346
v -0.21302215 -0.76347583 -0.13045246
v -0.20068332 -0.7700991 -0.13017289
v -0.19397826 -0.7642048 -0.12917888
v -0.209885 -0.77250987 -0.13243579
v -0.21571092 -0.79778802 -0.16158625
v -0.22045062 -0.78957134 -0.15162494
v -0.2294325 -0.78881669 -0.16143347
v -0.22457788 -0.7978391 -0.18273304
v -0.21280929 -0.80371558 -0.18238201
v -0.23440724 -0.7898221 -0.18236631
v -0.20353713 -0.73167496 -0.13516272
v -0.20212602 -0.72118204 -0.14393253
v -0.21343311 -0.72331637 -0.1445804
v -0.22299544 -0.72852045 -0.1446989
v -0.21560435 -0.73636901 -0.13521753
v -0.20640109 -0.73951602 -0.13134641
v -0.17493984 -0.21983864 -0.11855234
v -0.16635508 -0.20363584 -0.11276219
v -0.19004969 -0.18814581 -0.11471416
v -0.20464663 -0.1753833 -0.11884963
v -0.2205577 -0.18444249 -0.13144254
v -0.24276165 -0.19210994 -0.15414913
v -0.23479531 -0.21150374 -0.15076617
v -0.23631995 0.06317057 -0.2472151
v -0.23049888 0.06686653 -0.26157558
v -0.24426294 0.04642469 -0.26833257
v -0.25269389 0.03953136 -0.24905464
v -0.24238006 0.0567592 -0.23354338
v -0.25506952 0.03071323 -0.26533475
v -0.1636209 0.14681419 -0.20199507
v -0.16510781 0.14211919 -0.22671289
v -0.18092544 0.12647689 -0.22988756
v -0.19749394 0.1097558 -0.18654416
v -0.18764968 0.11939852 -0.16776901
v -0.17334242 0.13758787 -0.17789878
v -0.1612163 0.15066821 -0.18280281
v -0.11432035 -0.15678253 0.52554565
v -0.09433747 -0.1545884 0.52596205
v -0.10910356 -0.1440913 0.55366867
v -0.11691629 -0.13421979 0.5746476
v -0.14363123 -0.13139171 0.57644027
v -0.17849773 -0.13879703 0.56418508
v -0.18706913 -0.15248438 0.55017817
v -0.15575532 -0.15737351 0.54083293
v -0.1761053 -0.12821503 0.576092
v -0.20323413 0.17499131 0.26471614
v -0.21274015 0.15793961 0.26484671
v -0.22004915 0.1565914 0.28748741
v -0.1922796 0.19853259 0.28010344
v -0.18878774 0.19311749 0.25878143
v -0.20850613 0.19424873 0.314168
v -0.19260743 0.20881927 0.30004987
v -0.22920429 0.15153385 0.31037911
v -0.225269 0.16761945 0.31872591
v -0.22180485 0.18370069 0.33388477
v -0.26283934 -0.08174885 0.35206529
v -0.24247916 -0.07525812 0.3408086
v -0.22864286 -0.08850128 0.33277994
v -0.28271299 -0.10629282 0.36308062
v -0.28815251 -0.09156201 0.37713584
v -0.21732126 -0.11252079 0.32551085
v -0.22391691 -0.12597882 0.32021036
v -0.25168353 -0.11919861 0.33132058
v -0.21000623 -0.10563512 0.32565155
v -0.20346444 -0.73467332 0.49229711
v -0.20426757 -0.74386233 0.49964308
v -0.19520363 -0.74894112 0.49034264
v -0.18691578 -0.7517758 0.47328373
v -0.19121781 -0.73902648 0.475068
v -0.19832882 -0.72869217 0.47717428
v -0.0541576 0.63783848 0.8305059
v -0.06904465 0.63657158 0.83079963
v -0.06494869 0.62342351 0.8428623
v -0.1317043 0.81851178 0.67822265
v -0.13783599 0.81893128 0.67663151
v -0.13822005 0.8266431 0.68351906
v -0.13576903 0.83159875 0.68884116
v -0.13052837 0.82758909 0.68720793
v -0.12461815 0.81882727 0.68147522
v -0.12780629 0.79877322 0.69102263
v -0.13333053 0.80261057 0.6923176
v -0.13769902 0.79656428 0.68809288
v -0.13001969 0.78867286 0.68487
v -0.1220759 0.79037463 0.68858909
v -0.13787101 0.78712409 0.68339562
v -0.14939069 0.84864145 0.70829868
v -0.15073712 0.84746134 0.7105661
v -0.14626726 0.84987676 0.71295607
v -0.1416285 0.85092771 0.71299088
v -0.14280524 0.85109967 0.70997101
v -0.1456563 0.84918004 0.70580518
v -0.14486986 0.84738701 0.71819466
v -0.15039546 0.84311634 0.71745479
v -0.14859807 0.84130871 0.71892136
v -0.14556148 0.83888047 0.71974998
v -0.14215667 0.84440779 0.72029632
v -0.14079305 0.84741467 0.71880096
v -0.12749429 0.59429043 0.80660092
v -0.13216057 0.57852798 0.80795669
v -0.12345239 0.57805299 0.81844729
v -0.11553121 0.59816598 0.81941938
v -0.11966331 0.60839283 0.80810624
v -0.11322319 0.58313679 0.8270927
v -0.02238219 0.38650852 1.04120779
v -0.03581387 0.38810497 1.02420043
v -0.0257941 0.39047133 1.01874291
v -0.01402265 0.39313188 1.01574337
v -0.01016896 0.38791978 1.03403222
v -0.01045327 0.3882651 1.04510486
v -0.04458252 0.42946085 1.06132936
v -0.03920061 0.41590446 1.05993449
v -0.02056569 0.41729328 1.07044112
v 0 0.43192648 1.07843637
v -0.03582577 0.45064505 1.06912732
v -0.04939255 0.44624462 1.0586884
v 0 0.41936224 1.07487833
v -0.02393842 0.15860213 -1.45715689
v -0.02534591 0.15244928 -1.4512881
v -0.02963268 0.15501712 -1.44963741
v -0.02852233 0.16294214 -1.45559036
v -0.02392117 0.16451033 -1.46034288
v -0.03260235 0.15933498 -1.44884419
v -0.03202784 0.20874807 -1.43096733
v -0.02767861 0.21235114 -1.43050611
v -0.02609224 0.21053229 -1.43904042
v -0.02578963 0.20714768 -1.44539856
v -0.03057495 0.2054103 -1.44073343
v -0.03477348 0.20421958 -1.43321621
v -0.03142786 0.20055422 -1.4445796
v -0.03663574 0.19862109 -1.43622779
v -0.04180481 0.1964932 -1.42571234
v -0.039111 0.20295333 -1.42298197
v -0.0352705 0.20857164 -1.42081069
v -0.04372249 0.20142883 -1.41068184
v -0.03905744 0.20800346 -1.40834486
v -0.03309392 0.21364688 -1.40655255
v -0.0301039 0.2132962 -1.41950762
v -0.02595073 0.21824027 -1.40525698
v -0.02371077 0.21714717 -1.41878032
v -0.02191926 0.21538266 -1.43065571
v -0.0207 0.21272498 -1.44058132
v -0.01635184 0.22003138 -1.41838192
v -0.01514738 0.21772138 -1.43093109
v -0.01429057 0.21456381 -1.44175791
v -0.01378781 0.21049606 -1.45078706
v -0.02013056 0.20896562 -1.4486196
v -0.00773052 0.21920171 -1.43114006
v -0.0072855 0.21576505 -1.44247627
v -0.00700177 0.21150192 -1.45204377
v -0 0.21185132 -1.45245575
v -0 0.20678356 -1.46037173
v -0.00683548 0.20647564 -1.45981156
v -0.01352364 0.20558191 -1.45809805
v -0 0.21618109 -1.44271624
v -0 0.21970856 -1.4312148
v -0.00833978 0.221825 -1.41817915
v -0 0.22243419 -1.41811609
v -0.00909645 0.2237605 -1.40386426
v 0 0.22447285 -1.40369451
v -0.00998272 0.22519187 -1.38846981
v 0 0.22600813 -1.38821864
v -0.01098532 0.226308 -1.37223374
v 0 0.22723954 -1.37191665
v -0.01198293 0.22653318 -1.35545635
v 0 0.22752954 -1.35509562
v -0.01291715 0.22586982 -1.33854663
v 0 0.22694802 -1.33815681
v -0.01380892 0.22464944 -1.32165813
v -0 0.22581955 -1.3212434
v -0.01463519 0.22287634 -1.3049153
v -0 0.22410547 -1.30449223
v -0.01542472 0.22082082 -1.28830087
v -0 0.22211031 -1.28787243
v -0.01616164 0.21851384 -1.27184903
v -0 0.2198268 -1.2714318
v -0.01687341 0.21621681 -1.25549411
v -0 0.21758373 -1.25507962
v -0.01755779 0.21402955 -1.2392168
v -0 0.2155217 -1.23878407
v -0.01824366 0.21221162 -1.22293746
v -0 0.21364462 -1.2225492
v -0.01890712 0.2107356 -1.20666527
v 0 0.21230001 -1.20626413
v -0.01956035 0.20970942 -1.19036066
v 0 0.21140174 -1.1899532
v -0.02019165 0.20904077 -1.17403805
v 0 0.21092371 -1.17361331
v -0.02077719 0.20847472 -1.15773797
v -0 0.21079884 -1.15724611
v -0.02132303 0.20795379 -1.14144778
v 0 0.20995186 -1.14104998
v -0.02177283 0.20716248 -1.12521064
v 0 0.20928429 -1.12480926
v -0.02221775 0.20650962 -1.10893559
v -0 0.20868264 -1.10854256
v -0.02265784 0.20604766 -1.09261059
v -0 0.20787638 -1.09229111
v -0.02305295 0.20556962 -1.07626009
v -0 0.20754835 -1.07593035
v -0.02345722 0.2054277 -1.05981206
v -0 0.2074157 -1.05949676
v -0.0238831 0.20567566 -1.04324853
v -0 0.20763219 -1.0429542
v -0.0243059 0.20608462 -1.02659225
v -0 0.2081802 -1.026299
v -0.02465261 0.20619474 -1.00989294
v 0 0.2087024 -1.00957596
v -0.02497619 0.20625034 -0.99313026
v -0 0.20865303 -0.9928537
v -0.02523146 0.20599162 -0.97635513
v -0 0.20827966 -0.97612315
v -0.025366 0.20527185 -0.95960825
v -0 0.20769532 -0.95940035
v -0.02542586 0.20440146 -0.9428786
v -0 0.20683442 -0.94270986
v -0.02531192 0.20297142 -0.92618823
v -0 0.20515827 -0.92607021
v -0.02503222 0.2010274 -0.90948557
v -0 0.20325341 -0.90939545
v -0.02471217 0.19916316 -0.89271688
v -0 0.2013809 -0.89265197
v -0.02433676 0.19714596 -0.87587517
v -0 0.19930151 -0.87583112
v -0.02390584 0.19482339 -0.85895407
v -0 0.19693921 -0.85892587
v -0.02342407 0.19214725 -0.841955
v -0 0.1941529 -0.84193837
v -0.02292277 0.18931435 -0.8248884
v -0 0.19129099 -0.82488119
v -0.02244334 0.18662831 -0.80776941
v -0 0.1885527 -0.80776977
v -0.02198122 0.18411377 -0.79061031
v -0 0.18594527 -0.79061621
v -0.02152217 0.18170476 -0.77341866
v -0 0.18372888 -0.77343326
v -0.02106512 0.17940785 -0.75619763
v -0 0.1814614 -0.75621873
v -0.02062929 0.17726571 -0.7389456
v -0 0.17897473 -0.73896503
v -0.02019192 0.17514282 -0.72165328
v -0 0.1767617 -0.72167491
v -0.01977984 0.17323054 -0.70431816
v -0 0.1748576 -0.70434403
v -0.01939448 0.17156496 -0.68693661
v -0 0.17309366 -0.68696266
v -0.01903026 0.17010442 -0.66950643
v -0 0.17155495 -0.66953265
v -0.01867614 0.16877326 -0.65202927
v -0 0.17018598 -0.65205669
v -0.01832249 0.16751746 -0.63451409
v -0 0.16883021 -0.63454037
v -0.01796889 0.16636382 -0.61697828
v -0 0.16763195 -0.61700499
v -0.01760922 0.16527721 -0.59943902
v 0 0.16653195 -0.59946656
v -0.01722246 0.16409799 -0.58191204
v 0 0.16534376 -0.58193951
v -0.01678626 0.16265511 -0.56441116
v -0 0.16388624 -0.56443798
v -0.01627329 0.16073471 -0.54694461
v -0 0.16195488 -0.54697048
v -0.01567762 0.15824848 -0.52950823
v -0 0.15945188 -0.52953314
v -0.01500921 0.15522891 -0.51207619
v -0 0.15640214 -0.51210069
v -0.01429974 0.15190368 -0.49459677
v -0 0.15303778 -0.49462184
v -0.01361467 0.14874261 -0.47700011
v -0 0.149836 -0.47702735
v -0.01304863 0.14641645 -0.45922416
v -0 0.14747026 -0.45925453
v -0.01270722 0.14571408 -0.44125831
v -0 0.14673447 -0.44129222
v -0.01268512 0.14740081 -0.42318624
v 0 0.14840702 -0.4232259
v -0.01303909 0.15201577 -0.40517997
v 0 0.15304872 -0.40523532
v -0.01374643 0.15955773 -0.38740924
v 0 0.16071607 -0.38751846
v -0.01463873 0.16886711 -0.36976656
v 0 0.17047369 -0.37008652
v -0.01553954 0.17829552 -0.35197711
v 0 0.18015168 -0.35235747
v -0.01641268 0.18738758 -0.333842
v 0 0.18921646 -0.33412081
v -0.01720347 0.19587104 -0.31532189
v 0 0.19771201 -0.31555444
v -0.01786403 0.20368887 -0.29648447
v 0 0.20551274 -0.2966896
v -0.01836644 0.2107743 -0.27736863
v 0 0.21264155 -0.27757394
v -0.01869434 0.21711359 -0.25795334
v 0 0.21887892 -0.25812068
v -0.01885039 0.22260911 -0.23814636
v 0 0.22431795 -0.23829151
v -0.01885363 0.22719855 -0.21783918
v 0 0.22902807 -0.21763728
v -0.01877801 0.23109255 -0.19782757
v 0 0.23272028 -0.19792443
v -0.01867038 0.2344909 -0.17739005
v 0 0.23598292 -0.17748394
v -0.01854289 0.23724761 -0.15659953
v 0 0.23885642 -0.15671637
v -0.01843335 0.2396941 -0.1355692
v 0 0.24124816 -0.13567693
v -0.01835386 0.24188855 -0.11441788
v 0 0.24333986 -0.11452344
v -0.01829141 0.24369429 -0.09323808
v 0 0.24515521 -0.09335841
v -0.01825671 0.24534906 -0.07214668
v 0 0.246839 -0.07228925
v -0.01826265 0.2469035 -0.05123438
v 0 0.24852506 -0.05138197
v -0.01831184 0.24828581 -0.03054403
v 0 0.24988435 -0.03067775
v -0.0184121 0.24966153 -0.01018048
v 0 0.25117829 -0.01031023
v -0.01853927 0.25099435 0.00987264
v 0 0.25250005 0.00974208
v -0.0187018 0.25238701 0.02958744
v 0 0.25390577 0.02945347
v -0.01889075 0.25384765 0.04893432
v 0 0.2553198 0.04879952
v -0.01909627 0.25519982 0.0679586
v 0 0.25655642 0.06783274
v -0.01930885 0.2567029 0.08660036
v 0 0.25801473 0.08645112
v -0.01951021 0.25825852 0.1049078
v 0 0.2596237 0.10473199
v -0.01970953 0.2599442 0.12286519
v 0 0.26131725 0.12266561
v -0.01990354 0.26191374 0.14044432
v 0 0.2631877 0.14021927
v -0.02007588 0.26409849 0.15768212
v 0 0.26534342 0.15742363
v -0.02025865 0.26706644 0.17442107
v 0 0.26818755 0.1740328
v -0.0204434 0.27075329 0.19074207
v 0 0.27185812 0.19030126
v -0.02065621 0.27520752 0.20657382
v 0 0.27641132 0.20617665
v -0.02088277 0.27996835 0.22201068
v 0 0.28120195 0.22152936
v -0.02108165 0.28451719 0.23716184
v 0 0.28567755 0.23640972
v -0.02121915 0.28933015 0.25231114
v 0 0.29024383 0.25165799
v -0.02125791 0.29440096 0.26707252
v 0 0.29526665 0.26659357
v -0.02123244 0.30048516 0.2810989
v 0 0.30131107 0.28055414
v -0.02113091 0.30751955 0.29448577
v 0 0.30842453 0.29382014
v -0.02092321 0.31561425 0.30721011
v 0 0.31641328 0.30654096
v -0.02061899 0.32417222 0.31982359
v -0 0.32484597 0.31919845
v -0.02024502 0.33324331 0.33232712
v -0 0.33392569 0.3315624
v -0.01980698 0.34284055 0.34470367
v -0 0.3434374 0.343975
v -0.01926361 0.35269185 0.35743746
v 0 0.35319089 0.35680893
v -0.01869227 0.36296007 0.37010759
v 0 0.3633959 0.36953818
v -0.01812244 0.37370193 0.38247716
v 0 0.37410715 0.38191562
v -0.01757319 0.38492676 0.39442437
v 0 0.38532128 0.3938395
v -0.01705597 0.3966152 0.40590649
v 0 0.39700013 0.40530529
v -0.0165731 0.40871471 0.41697108
v 0 0.40908932 0.41636341
v -0.01612694 0.42118716 0.42765069
v 0 0.42155346 0.42703944
v -0.01572306 0.43402159 0.43793201
v 0 0.43438208 0.43731904
v -0.01536601 0.44721561 0.4477964
v 0 0.44757247 0.4471836
v -0.01505885 0.460774 0.45722195
v -0 0.46112987 0.45661097
v -0.01480321 0.4747101 0.46618121
v 0 0.47506848 0.46557229
v -0.01459956 0.4890452 0.47464466
v -0 0.48941111 0.47403571
v -0.01444664 0.50379943 0.48260325
v -0 0.50417953 0.48199042
v -0.01433988 0.51897662 0.49010926
v -0 0.51937878 0.48948907
v -0.01427113 0.53457123 0.49726626
v -0 0.53500545 0.49663445
v -0.01422932 0.55058103 0.50420868
v -0 0.55106842 0.50354194
v -0.01419123 0.5669254 0.51131159
v 0 0.56749922 0.51057195
v -0.01413107 0.58350074 0.5190621
v 0 0.5842964 0.51800769
v -0.01406403 0.60030597 0.52770066
v -0 0.60104912 0.52708876
v -0.01412666 0.61723154 0.53742563
v 0 0.6183151 0.53667503
v -0.01443175 0.63413953 0.54817211
v 0 0.63478654 0.5479986
v -0.01485753 0.6502034 0.56070095
v 0 0.65039342 0.56106656
v -0.01565542 0.66467905 0.57557743
v 0 0.66452181 0.57653528
v -0.01727647 0.67741799 0.59146893
v 0 0.67644053 0.59274154
v 0 0.68541491 0.60831093
v 0 0.69267523 0.6233645
v 0 0.69787359 0.63692247
v -0.01747256 0.70512521 0.65039628
v 0 0.70174956 0.64999383
v -0.01672931 0.70684737 0.66360521
v 0 0.70374476 0.66304022
v -0.01660621 0.70692926 0.67650306
v 0 0.70361709 0.67588472
v -0.01709404 0.70574247 0.68907296
v 0 0.70197999 0.68864828
v 0 0.69867712 0.70391821
v 0 0.69620156 0.71623939
v 0 0.69285625 0.73310571
v -0.01782298 0.68904751 0.7518385
v 0 0.68852669 0.75142473
v -0.01720869 0.68189799 0.7691043
v 0 0.6820544 0.76906579
v -0.01666715 0.67274558 0.78667271
v 0 0.67302256 0.7870441
v -0.01641531 0.66029846 0.80375349
v 0 0.66085118 0.804865
v -0.01702227 0.64527362 0.81979942
v 0 0.64520245 0.82135218
v -0.03268346 0.6604377 0.80273848
v -0.03348412 0.64659315 0.81801372
v -0.05011325 0.66063708 0.80240744
v -0.05132946 0.64835763 0.81683772
v -0.06731926 0.65879756 0.80146139
v -0.06873998 0.64731532 0.81621849
v -0.08370024 0.65330827 0.79952824
v -0.08405737 0.64267259 0.81512796
v -0.08295016 0.63020318 0.83162367
v -0.09782087 0.6346026 0.81353056
v -0.09532437 0.6210035 0.83026301
v -0.08965446 0.60269093 0.84226214
v -0.07727884 0.61334806 0.84475153
v -0.08362668 0.58296579 0.84918749
v -0.06851331 0.59478014 0.85208362
v -0.07880795 0.56655198 0.85487759
v -0.06220802 0.57958918 0.85787719
v -0.07649348 0.5531522 0.86559158
v -0.05923267 0.56656408 0.86888289
v -0.07625082 0.54305058 0.87946724
v -0.05881981 0.55636173 0.88268208
v -0.03953961 0.56686151 0.88436901
v -0.05924629 0.54788667 0.8974204
v -0.0399713 0.55819672 0.89942073
v -0.01985254 0.56397962 0.90012514
v -0.01961209 0.57334899 0.88462919
v 0 0.56693351 0.90041083
v 0 0.57622671 0.88475668
v -0.02025525 0.55630284 0.91537118
v 0 0.55917364 0.91602271
v -0.02061072 0.54994738 0.93044537
v 0 0.55295085 0.93111068
v -0.02085764 0.5444799 0.9454568
v 0 0.54783409 0.94611537
v -0.02093972 0.53936594 0.9602319
v 0 0.54314005 0.96101099
v -0.02092713 0.53433448 0.97479182
v 0 0.5382753 0.97556424
v -0.0207091 0.5293219 0.98907756
v 0 0.53331041 0.98960351
v -0.02034378 0.5242241 1.00296723
v 0 0.52810466 1.00323855
v -0.019856 0.51949542 1.0160048
v 0 0.52306485 1.01589262
v -0.01857726 0.51436013 1.02806472
v 0 0.51788008 1.02751314
v -0.01583903 0.50908017 1.03954684
v 0 0.51220411 1.03869462
v -0.01372817 0.50437146 1.05162906
v 0 0.50731974 1.05163514
v -0.01113838 0.50065803 1.06506454
v 0 0.50421208 1.0629065
v -0.00644941 0.49842748 1.07655525
v 0 0.5010885 1.07429313
v 0 0.49738991 1.08501124
v -0.01178462 0.49381563 1.08045721
v 0 0.49554967 1.08849859
v -0.01412069 0.48831826 1.08468186
v 0 0.49137127 1.09354174
v -0.01481996 0.48176273 1.08793878
v 0 0.48358097 1.09833061
v -0.01358265 0.47438421 1.09039759
v 0 0.47512617 1.09841227
v -0.0257418 0.46901103 1.07785165
v -0.02636028 0.47847673 1.07443094
v -0.03691337 0.47697845 1.06100046
v -0.03831658 0.46408587 1.06490564
v -0.02406026 0.48727142 1.07130694
v -0.0324522 0.48801285 1.05783236
v -0.04087954 0.49082684 1.04528498
v -0.04808582 0.47783157 1.04928278
v -0.01858818 0.49564462 1.06831228
v -0.02493217 0.49790036 1.05418944
v -0.03027891 0.50148725 1.04228115
v -0.034977 0.50672292 1.03032529
v -0.04794887 0.49520629 1.03310143
v -0.05269868 0.49964711 1.01910662
v -0.06357146 0.48434609 1.02126121
v -0.05734348 0.48060369 1.03660833
v -0.03803549 0.51189762 1.01741647
v -0.03942011 0.5169478 1.00360965
v -0.05533449 0.50480258 1.00405418
v -0.0568133 0.51023125 0.98876547
v -0.07020005 0.49471122 0.98829621
v -0.06758201 0.48921099 1.00481045
v -0.04020912 0.52217149 0.98910313
v -0.04087028 0.527498 0.97433173
v -0.05817066 0.51575624 0.97343403
v -0.05906776 0.52135151 0.95800453
v -0.07355966 0.50638675 0.95593565
v -0.07205845 0.50047558 0.97199428
v -0.04117232 0.53271287 0.95944839
v -0.04115349 0.53812253 0.94447433
v -0.05940338 0.52696847 0.94258141
v -0.05939634 0.53311187 0.92733228
v -0.07527823 0.51894772 0.92448055
v -0.07484228 0.51257157 0.94010543
v -0.04088686 0.54401999 0.92946428
v -0.04046558 0.55052876 0.91441494
v -0.05936755 0.54004865 0.91224163
v -0.07625747 0.53427135 0.89424377
v -0.07575718 0.52611017 0.90922027
v -0.0895117 0.51803559 0.89002996
v -0.08867454 0.50971716 0.90545773
v -0.08751121 0.50218266 0.92105847
v -0.09763999 0.49231541 0.90115565
v -0.09573334 0.48454034 0.91711014
v -0.09353026 0.4777843 0.93355256
v -0.08616958 0.49554878 0.93698835
v -0.09069615 0.47177565 0.95068532
v -0.08430026 0.48941612 0.9534865
v -0.08730099 0.46618932 0.96831905
v -0.08179321 0.48350822 0.97021669
v -0.08389833 0.46057415 0.98666542
v -0.07897424 0.47760376 0.98769855
v -0.07979961 0.45452925 1.00617289
v -0.07570985 0.47173753 1.00577449
v -0.07315171 0.44909265 1.02597057
v -0.07058557 0.46692112 1.02397012
v -0.06257407 0.44593709 1.04422307
v -0.06210956 0.46386894 1.04053533
v -0.05102099 0.46288096 1.0540893
v -0.07201945 0.43309727 1.02608645
v -0.06017146 0.42958468 1.04537749
v -0.06910032 0.4200389 1.02428627
v -0.05631063 0.41625446 1.04410338
v -0.06579598 0.40948191 1.02112877
v -0.05273744 0.40598049 1.0409969
v -0.03550108 0.40516248 1.05645489
v -0.04911042 0.39708542 1.03653454
v -0.03219555 0.39614966 1.05185127
v -0.01499053 0.39690929 1.05948257
v -0.01731187 0.40568599 1.06573832
v 0 0.39953243 1.06048095
v 0 0.40733945 1.06791126
v -0.01260441 0.39121463 1.05253887
v 0 0.39449679 1.05285131
v 0 0.3905783 1.04369103
v 0 0.38990628 1.03194224
v 0 0.39425388 1.0138638
v -0.01661586 0.39809027 0.99835854
v 0 0.39956143 0.99707728
v -0.0179419 0.40174818 0.98074299
v 0 0.40249338 0.97970509
v -0.01879718 0.40509179 0.96285134
v 0 0.40544971 0.96231567
v -0.01956128 0.40849643 0.94488471
v 0 0.40849548 0.94454872
v -0.02034241 0.41212844 0.92729073
v 0 0.41151851 0.92744517
v -0.02117193 0.41518127 0.91035795
v 0 0.41413635 0.91109907
v -0.02175477 0.4177117 0.89473825
v 0 0.41583651 0.89594125
v -0.02155704 0.41977179 0.88237416
v 0 0.41679501 0.88487941
v -0.01961547 0.42124521 0.87231779
v 0 0.41765564 0.87672066
v -0.01570851 0.42140018 0.86393588
v 0 0.41728991 0.86922699
v -0.01272429 0.41946351 0.85693609
v 0 0.4147143 0.86255043
v -0.0110714 0.41544756 0.85082233
v 0 0.41098806 0.85800272
v -0.01090711 0.40984284 0.84659677
v 0 0.40646442 0.85492217
v -0.01270748 0.40227291 0.84515583
v 0 0.39978456 0.85381412
v -0.02597064 0.4229539 0.84045767
v -0.02621479 0.41678702 0.83565938
v -0.02819649 0.40927964 0.83451414
v -0.03149559 0.40260657 0.83751285
v -0.01607835 0.39526286 0.8466981
v -0.04467863 0.42263564 0.82969808
v -0.04552746 0.4140523 0.83020043
v -0.04686914 0.40711158 0.8347131
v -0.06052895 0.39961043 0.84153807
v -0.04856598 0.40034622 0.84210622
v -0.03476381 0.39628112 0.84285801
v -0.01889759 0.38961884 0.85031765
v -0.04910985 0.39240095 0.85049015
v -0.03707103 0.38972288 0.85041415
v -0.02116986 0.38380277 0.85550952
v 0 0.37775778 0.86034828
v 0 0.38486585 0.85712552
v -0.03759763 0.38160616 0.85916656
v -0.02246887 0.37737962 0.8613311
v 0 0.37237277 0.86391717
v -0.0211931 0.36959818 0.86881291
v 0 0.36610582 0.86816251
v -0.01829652 0.36044013 0.87877321
v 0 0.3574405 0.87517309
v -0.01525769 0.35111755 0.8893159
v 0 0.34879651 0.88506251
v -0.0126633 0.34289363 0.90105646
v 0 0.34082195 0.89796346
v -0.02620033 0.35240998 0.89333951
v -0.02250569 0.34351795 0.90543878
v -0.03483784 0.35264387 0.89659065
v -0.02987517 0.34316933 0.90953886
v -0.02317538 0.33410504 0.92073482
v -0.03660421 0.34157982 0.91251546
v -0.02834313 0.33233669 0.92434567
v -0.0170877 0.32413414 0.93434971
v -0.01361991 0.326714 0.93000465
v 0 0.32098558 0.93774169
v 0 0.3228839 0.93407154
v -0.01976954 0.32054752 0.93722808
v 0 0.31835842 0.94203764
v -0.02168213 0.31596013 0.93857157
v 0 0.31464451 0.94585567
v -0.022315 0.3113577 0.93748891
v 0 0.30742409 0.94645518
v -0.02178233 0.30708956 0.93393182
v 0 0.30157533 0.94046717
v -0.02012158 0.30484411 0.92934006
v 0 0.30059781 0.93461883
v -0.01759753 0.30384737 0.92411959
v 0 0.30057296 0.928743
v -0.01465949 0.30378004 0.9187805
v 0 0.30127874 0.922737
v -0.02969237 0.30923625 0.9114418
v -0.02473782 0.3084706 0.90636313
v -0.03781661 0.31548628 0.89655822
v -0.03107757 0.31416046 0.89177072
v -0.02314202 0.31368014 0.88756167
v -0.03521931 0.32233315 0.87674373
v -0.02628728 0.32208189 0.87262105
v -0.01486593 0.32236489 0.86935907
v -0.01290537 0.31368514 0.8843621
v 0 0.32263124 0.86724531
v 0 0.31342303 0.88263303
v -0.01633444 0.33259335 0.85583847
v 0 0.33300143 0.85425174
v -0.01694332 0.34181967 0.84395092
v 0 0.34252238 0.84308624
v -0.01698755 0.3491519 0.83339095
v 0 0.34963434 0.8332417
v -0.01637039 0.35467144 0.82335686
v 0 0.35474959 0.8235197
v -0.01541141 0.35768786 0.81330126
v 0 0.35760909 0.81342655
v -0.01449751 0.35636848 0.8035165
v -0 0.35628825 0.80351245
v -0.01387392 0.34974655 0.79510164
v -0 0.34981367 0.79499542
v -0.01357548 0.33970883 0.78751158
v 0 0.33932101 0.78758823
v -0.01350198 0.32759428 0.78033375
v 0 0.32717812 0.7805053
v -0.01356759 0.31382247 0.77350324
v 0 0.31339576 0.7737587
v -0.01373516 0.29881995 0.7670775
v 0 0.29840987 0.76740801
v -0.01397943 0.28276342 0.76116889
v -0 0.28236538 0.76155883
v -0.01428744 0.26576405 0.7558484
v -0 0.26538094 0.75629341
v -0.0146543 0.24790974 0.7511754
v -0 0.24753509 0.75166958
v -0.01507763 0.22926671 0.7471773
v 0 0.22889262 0.74771505
v -0.01555482 0.20989993 0.74383348
v 0 0.20951812 0.74441826
v -0.01608139 0.18989174 0.74105668
v 0 0.18950238 0.74165707
v -0.01663173 0.16948127 0.73837477
v 0 0.16908377 0.73898273
v -0.01720344 0.14884322 0.73559534
v 0 0.14843715 0.73620104
v -0.01779266 0.12816418 0.73245888
v 0 0.12777517 0.73300367
v -0.01841044 0.10743448 0.72906702
v 0 0.10702569 0.72961556
v -0.01901666 0.08734118 0.72436559
v 0 0.08690678 0.72492045
v -0.01964271 0.06771048 0.71883088
v 0 0.06714414 0.7195273
v -0.02028599 0.0488074 0.71227055
v 0 0.04819941 0.71296477
v -0.02096246 0.03037042 0.70516866
v 0 0.02984809 0.70572513
v -0.02165863 0.01253768 0.69745934
v 0 0.01207769 0.69792074
v -0.02235588 -0.0046545 0.68917083
v 0 -0.00508345 0.68957549
v -0.02302474 -0.02113866 0.6802805
v -0 -0.02153606 0.68062812
v -0.02362896 -0.0369489 0.67083054
v -0 -0.03730976 0.67111319
v -0.02413018 -0.052218 0.66090768
v -0 -0.05255221 0.66112685
v -0.02448811 -0.06698966 0.65048044
v -0 -0.06730306 0.65063411
v -0.02467226 -0.08130594 0.63947278
v -0 -0.08166197 0.63960933
v -0.02465681 -0.09506483 0.62764674
v -0 -0.09565511 0.62793707
v -0.02442057 -0.10813207 0.61469006
v -0 -0.10845315 0.61465191
v -0.02390429 -0.11999498 0.59982156
v -0 -0.12031956 0.59969228
v -0.02307388 -0.13082265 0.58283293
v -0 -0.13114419 0.58259069
v -0.02187972 -0.14060515 0.56324893
v -0 -0.14091076 0.56288468
v -0.02030567 -0.14940537 0.54063773
v 0 -0.14967966 0.54016262
v -0.01841459 -0.15735398 0.51483327
v 0 -0.15762351 0.51426118
v -0.01633185 -0.1643856 0.48564744
v 0 -0.16490753 0.48502889
v -0.01553483 -0.16578359 0.44946754
v 0 -0.16645571 0.44880434
v -0.01526481 -0.16472967 0.41387102
v 0 -0.165367 0.41327479
v -0.01584393 -0.16311748 0.37869525
v 0 -0.16377231 0.37795016
v -0.01697337 -0.16268988 0.3452304
v 0 -0.16353204 0.34405866
v -0.01726261 -0.16336281 0.32002797
v 0 -0.16437676 0.32018005
v -0.01745594 -0.16453231 0.2977387
v 0 -0.16558755 0.29840737
v -0.01796677 -0.16586977 0.27651456
v 0 -0.16715408 0.27721747
v -0.01868732 -0.16709689 0.25630244
v 0 -0.16857151 0.25688418
v -0.01931172 -0.16802734 0.23679034
v 0 -0.16952525 0.23731145
v -0.01976256 -0.16880017 0.21789917
v 0 -0.17041254 0.21834282
v -0.02007446 -0.16918845 0.19938996
v 0 -0.17097376 0.1997575
v -0.02026797 -0.1691965 0.18119008
v 0 -0.17112213 0.18147437
v -0.02039996 -0.16906246 0.16326557
v 0 -0.17098598 0.16347008
v -0.02046865 -0.16875954 0.14552617
v 0 -0.17067468 0.1456772
v -0.02048584 -0.16839589 0.12798608
v 0 -0.17019879 0.12808363
v -0.02043709 -0.16785162 0.11054806
v 0 -0.1695939 0.11061795
v -0.02035001 -0.1673471 0.09322115
v 0 -0.16901752 0.09325749
v -0.0202063 -0.16670253 0.07593937
v 0 -0.1684781 0.07594836
v -0.02003063 -0.16625723 0.05866558
v 0 -0.16792553 0.05863288
v -0.01979964 -0.16575706 0.04133633
v 0 -0.16744266 0.04126542
v -0.01951571 -0.16550919 0.02385332
v 0 -0.16710765 0.02371606
v -0.0191704 -0.16523744 0.00614606
v 0 -0.16690038 0.00590625
v -0.01876988 -0.16525729 -0.0119612
v 0 -0.16683566 -0.0123481
v -0.01827749 -0.16527983 -0.03060179
v 0 -0.16688722 -0.03120223
v -0.0177042 -0.16547349 -0.04993719
v 0 -0.16704435 -0.05086063
v -0.01712595 -0.1656859 -0.07020239
v 0 -0.16730807 -0.07118702
v -0.01675091 -0.16601839 -0.09044349
v 0 -0.16767676 -0.09199522
v -0.03633629 -0.16306908 -0.06745878
v -0.03751735 -0.16264699 -0.08588636
v -0.0576854 -0.15745671 -0.0628485
v -0.05958353 -0.15675126 -0.07934387
v -0.06380663 -0.15691214 -0.0938998
v -0.07082273 -0.16050373 -0.10641848
v -0.08143975 -0.14881858 -0.07297947
v -0.08645215 -0.14939358 -0.08631965
v -0.09385338 -0.15429525 -0.09748153
v -0.10221131 -0.16363686 -0.10490176
v -0.07918592 -0.16941751 -0.11587268
v -0.10736135 -0.14075739 -0.08106798
v -0.11497417 -0.14635422 -0.09181865
v -0.12380988 -0.15570958 -0.09859439
v -0.13339966 -0.16687992 -0.1017997
v -0.11050798 -0.17565327 -0.10824254
v -0.13375911 -0.13690458 -0.0885661
v -0.14327664 -0.14578433 -0.09553874
v -0.15389473 -0.15637551 -0.09977082
v -0.16580581 -0.1677636 -0.10394058
v -0.14438989 -0.17913395 -0.10490094
v -0.15905666 -0.13472044 -0.09513294
v -0.17010407 -0.14492449 -0.10024932
v -0.18194925 -0.15588396 -0.10553804
v -0.1936053 -0.16629542 -0.11171443
v -0.17817682 -0.17861433 -0.10882861
v -0.18365638 -0.13248808 -0.10231233
v -0.19511047 -0.14291586 -0.10844185
v -0.20649455 -0.15258522 -0.11595092
v -0.21820251 -0.16077277 -0.12520411
v -0.20697116 -0.12814375 -0.11273923
v -0.21831122 -0.13673894 -0.1216203
v -0.23029902 -0.14398019 -0.13249306
v -0.2444569 -0.15066279 -0.14813344
v -0.23366719 -0.16815611 -0.13944198
v -0.22866228 -0.11926003 -0.12783341
v -0.24039804 -0.12606664 -0.1402086
v -0.25290375 -0.13228596 -0.15681669
v -0.26420268 -0.13763925 -0.17794613
v -0.25830507 -0.15584041 -0.16947296
v -0.24881757 -0.10753992 -0.1476309
v -0.25964316 -0.11374375 -0.16517624
v -0.26901775 -0.11953399 -0.18626244
v -0.27472373 -0.125107 -0.21078842
v -0.27185359 -0.14274168 -0.20306128
v -0.26511865 -0.09550374 -0.17323407
v -0.27278429 -0.10182931 -0.19458219
v -0.27732071 -0.10808225 -0.2188452
v -0.27699342 -0.1141591 -0.24469542
v -0.27599224 -0.1306118 -0.23711204
v -0.2759934 -0.08460013 -0.2030656
v -0.27925294 -0.09151794 -0.22727067
v -0.27787846 -0.09807334 -0.25271332
v -0.27192354 -0.10430575 -0.27763223
v -0.27183145 -0.12007164 -0.27025428
v -0.28067657 -0.0755186 -0.23599875
v -0.27827867 -0.08237877 -0.26114094
v -0.27147963 -0.08875951 -0.28540465
v -0.26039156 -0.09489294 -0.30769938
v -0.26137504 -0.11035618 -0.30078849
v -0.27749508 -0.06699217 -0.26983475
v -0.27013495 -0.07320964 -0.29340654
v -0.25873234 -0.07928594 -0.31483504
v -0.24381135 -0.08547738 -0.33383491
v -0.24547623 -0.10104335 -0.3274711
v -0.26747131 -0.05749646 -0.30131581
v -0.25587132 -0.06332239 -0.321781
v -0.2407661 -0.06948937 -0.33986893
v -0.22276414 -0.07630273 -0.35557273
v -0.22526909 -0.09200135 -0.34990686
v -0.25135177 -0.04700582 -0.32819998
v -0.23646153 -0.05318762 -0.34545627
v -0.2187969 -0.06016407 -0.36059519
v -0.19845338 -0.06766788 -0.37290436
v -0.20195837 -0.08350401 -0.36839619
v -0.23047094 -0.03650956 -0.35029244
v -0.21330036 -0.04362116 -0.36473411
v -0.19353465 -0.05145051 -0.37650853
v -0.17175585 -0.05960919 -0.38514396
v -0.17582908 -0.07547762 -0.38169041
v -0.20601268 -0.02688517 -0.36780104
v -0.1870272 -0.03508314 -0.37905558
v -0.16612637 -0.0436339 -0.38726905
v -0.14400163 -0.05202444 -0.39208731
v -0.14846313 -0.06754016 -0.3898226
v -0.17914211 -0.01865988 -0.38081857
v -0.15917374 -0.02769054 -0.3885864
v -0.13819196 -0.03652233 -0.39342957
v -0.11679275 -0.04457141 -0.39422631
v -0.12140495 -0.05960049 -0.39272472
v -0.15089112 -0.01202903 -0.38906538
v -0.13092939 -0.02134269 -0.39391964
v -0.11065495 -0.02980405 -0.39571663
v -0.09080747 -0.03702908 -0.39499548
v -0.09567582 -0.05143843 -0.39298522
v -0.12243127 -0.00650727 -0.39427205
v -0.10349496 -0.01534312 -0.39720964
v -0.08519858 -0.02298289 -0.39831829
v -0.06775467 -0.02945164 -0.39869758
v -0.07200523 -0.04290933 -0.39406085
v -0.09571539 -0.00132233 -0.40106353
v -0.07889113 -0.00971865 -0.40419945
v -0.06277135 -0.01676195 -0.40572908
v -0.04689861 -0.02274168 -0.4061135
v -0.05097618 -0.03474224 -0.39845064
v -0.07300579 0.00140186 -0.41384252
v -0.05843524 -0.00674754 -0.41592755
v -0.0435001 -0.01314662 -0.4166052
v -0.02883159 -0.01778937 -0.41665065
v -0.03130243 -0.02755624 -0.40603348
v -0.05522158 0.0003744 -0.42894747
v -0.04141448 -0.00630806 -0.42949748
v -0.02752435 -0.01085787 -0.42960017
v -0.01378308 -0.01363743 -0.42938596
v -0.01448177 -0.0206451 -0.41646465
v -0.04087871 -0.00380838 -0.44470796
v -0.02733254 -0.00828234 -0.44460904
v -0.0136333 -0.01089509 -0.44390887
v -0.01405957 -0.01334806 -0.46059092
v 0 -0.01452244 -0.46058642
v 0 -0.01175745 -0.44283631
v 0 -0.01473678 -0.42902508
v -0.02809435 -0.01035419 -0.46073338
v -0.02967798 -0.01579775 -0.47658973
v -0.01494395 -0.01951034 -0.47645172
v -0.04163718 -0.00517575 -0.46069267
v -0.043573 -0.00961901 -0.47670048
v -0.04625789 -0.01566158 -0.49256414
v -0.03174975 -0.02284385 -0.49231144
v -0.0543182 0.00244858 -0.46035668
v -0.05622651 -0.00101603 -0.47665503
v -0.05918645 -0.00601876 -0.49282211
v -0.06270748 -0.01163859 -0.50890612
v -0.04930594 -0.02217632 -0.50840455
v -0.06731261 0.00952391 -0.47641891
v -0.07029628 0.00548543 -0.49297839
v -0.07403148 0.00083939 -0.50936961
v -0.07801391 -0.00393696 -0.5257501
v -0.06636807 -0.01729137 -0.52508914
v -0.07940135 0.01835814 -0.49300348
v -0.08325965 0.01463355 -0.50971102
v -0.0874211 0.0107669 -0.52631157
v -0.09146872 0.00695476 -0.54296279
v -0.08183914 -0.00852861 -0.54227286
v -0.09023411 0.02932618 -0.5099287
v -0.094494 0.02636278 -0.52674418
v -0.0986264 0.0233755 -0.54354959
v -0.10244394 0.0204103 -0.56045168
v -0.09519456 0.00326838 -0.55976516
v -0.09904143 0.04249034 -0.5270816
v -0.1031984 0.04032959 -0.5440424
v -0.10704353 0.03809526 -0.56106072
v -0.11053072 0.03581298 -0.57818406
v -0.10588556 0.01749671 -0.57749599
v -0.10504371 0.05744775 -0.5444771
v -0.10884708 0.05593361 -0.56160903
v -0.11227403 0.05427737 -0.5788179
v -0.11537582 0.05251925 -0.59611648
v -0.11369832 0.03350961 -0.59542238
v -0.10776895 0.07353457 -0.56211537
v -0.11104454 0.07247687 -0.57940352
v -0.11397648 0.07123766 -0.59676128
v -0.11668283 0.0698855 -0.61418426
v -0.11826229 0.05070356 -0.61349964
v -0.10690241 0.09000062 -0.57994115
v -0.10959956 0.08924257 -0.59735035
v -0.11205911 0.08831966 -0.61480844
v -0.11440395 0.08732554 -0.63230413
v -0.1192858 0.06848803 -0.63166183
v -0.10244573 0.10613566 -0.59787529
v -0.1046321 0.10560729 -0.61536145
v -0.1067001 0.10498468 -0.63287055
v -0.108748 0.1043713 -0.65039128
v -0.11673533 0.0863446 -0.649827
v -0.09467567 0.12138095 -0.61583513
v -0.09646616 0.12110327 -0.63335365
v -0.09823723 0.12083213 -0.65087062
v -0.1000898 0.12069068 -0.66837948
v -0.11087255 0.1038678 -0.66791677
v -0.08399403 0.13534463 -0.63375008
v -0.08549302 0.13540095 -0.65126377
v -0.08706711 0.13559937 -0.66875869
v -0.08864245 0.13589093 -0.68622404
v -0.10193096 0.12064068 -0.68586993
v -0.07081628 0.14775991 -0.6515721
v -0.07210882 0.1482964 -0.66905754
v -0.07340498 0.14891725 -0.6865046
v -0.07472187 0.14967151 -0.70391303
v -0.09023524 0.13632184 -0.70365935
v -0.05553478 0.15845823 -0.66927892
v -0.0565502 0.15943002 -0.68671608
v -0.05757685 0.16050802 -0.70410716
v -0.05865614 0.1617774 -0.72145825
v -0.07610268 0.15063425 -0.72128826
v -0.03840002 0.16704332 -0.68685811
v -0.03914543 0.16851905 -0.70424389
v -0.03990257 0.17008787 -0.72158134
v -0.04069935 0.17183968 -0.73887908
v -0.05980156 0.16326545 -0.73877531
v -0.06101909 0.16498979 -0.75606405
v -0.07908612 0.15323871 -0.75596046
v -0.07756725 0.15183804 -0.73863607
v -0.04154017 0.17377992 -0.7561438
v -0.04244272 0.17598739 -0.77338117
v -0.06229943 0.16693623 -0.77332818
v -0.06369905 0.16920407 -0.79056978
v -0.08250158 0.15689787 -0.7905538
v -0.08072444 0.15492154 -0.77326625
v -0.04340438 0.17846354 -0.79059225
v -0.04432907 0.18090313 -0.80777138
v -0.06516949 0.17169135 -0.80778491
v -0.06651748 0.17397207 -0.82496774
v -0.08611442 0.16113323 -0.82506418
v -0.08444188 0.15918278 -0.80782026
v -0.04529293 0.18351432 -0.82491403
v -0.04623831 0.18606825 -0.84200835
v -0.06788004 0.17628867 -0.84211164
v -0.06919402 0.17849311 -0.85920888
v -0.08941604 0.16505506 -0.85946625
v -0.08777348 0.16309373 -0.84228128
v -0.04719676 0.18863268 -0.85904353
v -0.04799263 0.19068618 -0.8760131
v -0.0703627 0.18043924 -0.87625747
v -0.07146377 0.18235807 -0.89325666
v -0.09217036 0.16854856 -0.89375352
v -0.09090226 0.1668737 -0.87662124
v -0.04875631 0.19270256 -0.89291477
v -0.04937726 0.19451145 -0.90975958
v -0.07228346 0.18398852 -0.91022563
v -0.07271809 0.18530164 -0.92719179
v -0.09348731 0.17124563 -0.92802864
v -0.09304586 0.16998976 -0.91088408
v -0.04983716 0.19617675 -0.92656445
v -0.04997693 0.19740994 -0.94337505
v -0.07279459 0.18640029 -0.94417047
v -0.07248926 0.18721726 -0.9611693
v -0.09302875 0.17312285 -0.96236544
v -0.0933877 0.17222166 -0.94519794
v -0.04979728 0.19822852 -0.96021902
v -0.04943775 0.19883415 -0.97707682
v -0.07200068 0.18793126 -0.97815877
v -0.07136736 0.18849997 -0.99511915
v -0.09165111 0.17452858 -0.9966222
v -0.09241768 0.17388047 -0.97951495
v -0.04896817 0.19924359 -0.99392515
v -0.04841401 0.19947347 -1.01073563
v -0.07061873 0.18891847 -1.01202714
v -0.0697701 0.18919855 -1.02886343
v -0.0897231 0.1754859 -1.03063273
v -0.090739 0.17504739 -1.01366782
v -0.04782064 0.1996455 -1.02747428
v -0.04709814 0.19957464 -1.04415059
v -0.06893747 0.18958513 -1.04559445
v -0.06784939 0.18972086 -1.06225752
v -0.08742118 0.17641516 -1.0642693
v -0.08875723 0.17607358 -1.04748952
v -0.04631457 0.19952853 -1.06074118
v -0.04553302 0.19975273 -1.07722652
v -0.06667767 0.18997411 -1.07883107
v -0.06531024 0.1902071 -1.09535932
v -0.08411766 0.17724208 -1.09760093
v -0.08583918 0.17674662 -1.08097243
v -0.04464628 0.19997607 -1.09366524
v -0.04374018 0.20041853 -1.11004388
v -0.06397379 0.1907895 -1.11180651
v -0.06266133 0.19168542 -1.12818551
v -0.08065701 0.17919114 -1.13062334
v -0.08239899 0.17806932 -1.11414599
v -0.04285096 0.20114888 -1.12635839
v -0.04189007 0.20191082 -1.14266371
v -0.0611113 0.19249311 -1.14458799
v -0.05951942 0.19352178 -1.16096055
v -0.07655309 0.18176592 -1.16353714
v -0.07858473 0.18029597 -1.14711093
v -0.04078093 0.20255596 -1.15900361
v -0.03966477 0.20347884 -1.17530441
v -0.0579322 0.19488063 -1.17728173
v -0.05626947 0.19649702 -1.19357645
v -0.07239338 0.18567253 -1.19623887
v -0.07450027 0.18356043 -1.17991149
v -0.03851023 0.20465368 -1.1915847
v -0.03728563 0.20608289 -1.20786094
v -0.05455752 0.19842976 -1.20983982
v -0.05268811 0.20053778 -1.22612452
v -0.06782146 0.19066603 -1.22882819
v -0.07017612 0.18805383 -1.212538
v -0.035985 0.20778855 -1.2241435
v -0.03464075 0.20982275 -1.24042725
v -0.05075208 0.20293143 -1.24240899
v -0.04869093 0.20546048 -1.25874567
v -0.0627143 0.19644784 -1.26145219
v -0.06532741 0.19347563 -1.24512779
v -0.0332505 0.21209615 -1.25674367
v -0.03183563 0.21455 -1.27310645
v -0.0466021 0.20817673 -1.27511358
v -0.04439413 0.21083636 -1.29158067
v -0.05714808 0.20257957 -1.29425263
v -0.06002554 0.19955347 -1.27780795
v -0.03035368 0.21696931 -1.28957402
v -0.02881619 0.219271 -1.30614805
v -0.04210359 0.21338929 -1.30813717
v -0.0396625 0.21561783 -1.32480847
v -0.05096115 0.20814281 -1.32736134
v -0.05416109 0.20551423 -1.31076383
v -0.02716341 0.22119027 -1.32287442
v -0.02540756 0.22264741 -1.33969998
v -0.0370765 0.21742333 -1.34154284
v -0.03434607 0.21867713 -1.35823655
v -0.04402253 0.21213652 -1.36050427
v -0.04758407 0.21039515 -1.343979
v -0.02356437 0.22355687 -1.35652172
v -0.02157648 0.22353863 -1.3731693
v -0.03141854 0.21907575 -1.37467384
v -0.02854392 0.2188421 -1.39044785
v -0.03649937 0.21355803 -1.39214777
v -0.04021609 0.21310539 -1.37668943
v -0.0196077 0.22276619 -1.38921785
v -0.01785461 0.22165288 -1.40437793
v -0.0432445 0.2070837 -1.39430594
v -0.04772762 0.20582471 -1.37915551
v -0.05232253 0.20414084 -1.36323976
v -0.05378228 0.19746787 -1.38200056
v -0.05901012 0.19492763 -1.3663491
v -0.06398341 0.19185316 -1.35024595
v -0.05662351 0.20177348 -1.34691369
v -0.06871243 0.18837826 -1.33395326
v -0.06073437 0.1989745 -1.33044076
v -0.07316272 0.1845957 -1.31760323
v -0.06464206 0.19584898 -1.31394386
v -0.07725918 0.1805595 -1.30127036
v -0.06820388 0.19238548 -1.29751646
v -0.08114208 0.17644311 -1.28495228
v -0.07161352 0.18883797 -1.28113198
v -0.08487835 0.17235744 -1.26863813
v -0.07487188 0.18529081 -1.26478803
v -0.08842162 0.16834335 -1.25232672
v -0.07798053 0.18182294 -1.2484709
v -0.0918743 0.16451028 -1.23598945
v -0.08098302 0.17852975 -1.23215353
v -0.09510558 0.16084435 -1.21963
v -0.08379411 0.17540487 -1.21583509
v -0.09823861 0.1574485 -1.20321917
v -0.08649233 0.17254242 -1.19948375
v -0.10117248 0.1543046 -1.18676078
v -0.08902501 0.16992895 -1.18309879
v -0.10407219 0.15151509 -1.17022931
v -0.09151565 0.1676566 -1.16665351
v -0.10692644 0.14908537 -1.15362346
v -0.09397272 0.16572429 -1.15014779
v -0.10972939 0.14701537 -1.13694036
v -0.09641231 0.16413828 -1.1335783
v -0.11227046 0.14520384 -1.12018787
v -0.09860457 0.16272987 -1.11697125
v -0.11460422 0.14368255 -1.10334324
v -0.1006448 0.1615718 -1.10029578
v -0.11690232 0.14253132 -1.08638858
v -0.10267671 0.16076426 -1.08352506
v -0.11909596 0.14169916 -1.06932818
v -0.10462947 0.16024071 -1.06666028
v -0.12072099 0.14088685 -1.05217719
v -0.10612522 0.15965376 -1.04971885
v -0.12210183 0.14017431 -1.0349338
v -0.10727504 0.15899118 -1.03268611
v -0.12315439 0.13942085 -1.01761055
v -0.10836891 0.15840134 -1.01555693
v -0.12417955 0.13872377 -1.00021779
v -0.10937622 0.1577993 -0.99834686
v -0.12505769 0.13796295 -0.98276943
v -0.1102323 0.15710258 -0.9810732
v -0.12566231 0.13704399 -0.96528035
v -0.11090041 0.15628832 -0.9637537
v -0.12607817 0.13603337 -0.94776469
v -0.11128201 0.15531744 -0.94641035
v -0.12624236 0.13494452 -0.93023902
v -0.11150044 0.15434183 -0.92905551
v -0.12612487 0.13382604 -0.9127177
v -0.11109618 0.1530987 -0.91172391
v -0.1252744 0.13249234 -0.89522802
v -0.1102156 0.15172728 -0.89441531
v -0.12404851 0.13115081 -0.87776011
v -0.10897063 0.15028968 -0.87712013
v -0.12243495 0.12977886 -0.86031067
v -0.10738994 0.14873945 -0.85982829
v -0.12063941 0.1284485 -0.84286832
v -0.10558196 0.14709518 -0.84252852
v -0.11867392 0.12713247 -0.82543039
v -0.1036272 0.14538179 -0.82521587
v -0.11649666 0.1257748 -0.80799675
v -0.10161225 0.14366927 -0.8078894
v -0.11413087 0.12438091 -0.79056376
v -0.09942482 0.14184476 -0.79055088
v -0.1118329 0.12316345 -0.77312755
v -0.09735529 0.14023779 -0.77319908
v -0.10967261 0.12220212 -0.75568884
v -0.09542713 0.13889706 -0.75583577
v -0.10764762 0.12150312 -0.73824727
v -0.09362109 0.13781659 -0.73846066
v -0.10567256 0.12100315 -0.72079944
v -0.09189347 0.13696049 -0.72107005
v -0.10377341 0.12072335 -0.70334172
v -0.11712078 0.10303321 -0.72047144
v -0.11502347 0.10314866 -0.70295506
v -0.11296412 0.10344867 -0.68543827
v -0.12372101 0.08391901 -0.70249635
v -0.12148008 0.08463566 -0.6849274
v -0.11913544 0.0854512 -0.66737049
v -0.12707319 0.06452053 -0.68433672
v -0.12455736 0.06578647 -0.66674417
v -0.12190507 0.06710899 -0.64918416
v -0.12673094 0.04526398 -0.66604632
v -0.12392795 0.04705267 -0.64847308
v -0.12106303 0.04886932 -0.63095539
v -0.12243712 0.02661251 -0.64770978
v -0.11955556 0.02890231 -0.63019895
v -0.11665182 0.03120386 -0.61276596
v -0.11473584 0.00904296 -0.62940841
v -0.11189589 0.01182913 -0.61199432
v -0.10899542 0.01463998 -0.59468323
v -0.10423599 -0.00701898 -0.61119443
v -0.10147681 -0.00368564 -0.59390509
v -0.09850644 -0.00026703 -0.57675182
v -0.09145606 -0.02112799 -0.59310275
v -0.08852934 -0.0170396 -0.57597565
v -0.08536291 -0.01288282 -0.55901557
v -0.07546197 -0.03189699 -0.57529681
v -0.07291974 -0.02746702 -0.55828636
v -0.06980594 -0.02258117 -0.54153686
v -0.05719653 -0.03897492 -0.55787801
v -0.05505424 -0.03419118 -0.54097515
v -0.05228818 -0.02843556 -0.52448743
v -0.03789818 -0.04247657 -0.54072439
v -0.03616677 -0.03687253 -0.52406036
v -0.03402965 -0.03009641 -0.50800228
v -0.01839382 -0.04159897 -0.52398306
v -0.01726466 -0.03479 -0.50787806
v -0.01605327 -0.02720525 -0.49217543
v 0 -0.03715367 -0.50782555
v 0 -0.02945748 -0.4919261
v 0 -0.02129299 -0.4763008
v 0 -0.04410908 -0.52382135
v -0.01922604 -0.04715094 -0.5406599
v 0 -0.04948865 -0.54047936
v -0.01990448 -0.05204244 -0.55760324
v 0 -0.05440694 -0.55739927
v -0.02055346 -0.05724537 -0.57450455
v 0 -0.05972756 -0.57423889
v -0.02118209 -0.06268126 -0.59141564
v 0 -0.06485625 -0.59116077
v -0.02177103 -0.06816734 -0.60841029
v 0 -0.07016928 -0.60821932
v -0.02222521 -0.07298044 -0.6256895
v -0 -0.07495158 -0.62554997
v -0.0226199 -0.07743904 -0.6432774
v -0 -0.07957585 -0.64315527
v -0.02300345 -0.08170101 -0.66110181
v 0 -0.0840709 -0.66099959
v -0.02340517 -0.08566821 -0.67910981
v 0 -0.08814004 -0.6790421
v -0.02380037 -0.08908862 -0.69727575
v -0 -0.0915073 -0.69724172
v -0.02419652 -0.09205175 -0.71557653
v -0 -0.09431046 -0.71556675
v -0.02454201 -0.09445091 -0.73400878
v -0 -0.09654422 -0.73400861
v -0.02481934 -0.0963196 -0.75256139
v 0 -0.09840232 -0.75255578
v -0.02499514 -0.09750445 -0.77122741
v 0 -0.09944527 -0.77121144
v -0.02510375 -0.09828551 -0.78998786
v 0 -0.1001495 -0.78995817
v -0.02516428 -0.09888291 -0.80882358
v -0 -0.10060179 -0.80878633
v -0.02518 -0.09932537 -0.82772409
v -0 -0.10109121 -0.82767915
v -0.02517171 -0.09977751 -0.84667933
v 0 -0.10173558 -0.84663027
v -0.02516419 -0.10039281 -0.86568933
v 0 -0.10264735 -0.86564302
v -0.02516686 -0.10113432 -0.88477051
v 0 -0.10356225 -0.8847447
v -0.02515469 -0.10172554 -0.90394181
v 0 -0.10446164 -0.90394914
v -0.0251246 -0.10171596 -0.92320728
v 0 -0.10434214 -0.9232667
v -0.02505497 -0.10067608 -0.94253134
v 0 -0.10306806 -0.94263613
v -0.02500831 -0.09906534 -0.96187573
v 0 -0.10110533 -0.96200501
v -0.02500794 -0.09710031 -0.98120772
v 0 -0.09917371 -0.98137593
v -0.02508624 -0.09507066 -1.00051224
v 0 -0.09713206 -1.00071311
v -0.02523283 -0.09307003 -1.0197761
v -0 -0.095202 -1.02001607
v -0.0254277 -0.09110587 -1.03898263
v -0 -0.09325877 -1.03925287
v -0.02565397 -0.08922082 -1.05812752
v -0 -0.09148577 -1.05844032
v -0.02586571 -0.08722116 -1.07718157
v -0 -0.09005745 -1.07761752
v -0.0259319 -0.08423726 -1.09601604
v 0 -0.08722128 -1.09652686
v -0.02582879 -0.08044596 -1.11468803
v -0 -0.08325087 -1.115206
v -0.02555659 -0.07616624 -1.13335144
v -0 -0.07803839 -1.133708
v -0.0249035 -0.07077741 -1.15209198
v 0 -0.0726264 -1.15234744
v -0.02399799 -0.0645373 -1.17104828
v 0 -0.0666809 -1.17124068
v -0.02303147 -0.05745056 -1.19034349
v 0 -0.05966716 -1.19063854
v -0.02217951 -0.04919787 -1.20977056
v -0 -0.05114977 -1.21012711
v -0.02149827 -0.03981538 -1.22896897
v 0 -0.04148186 -1.22929847
v -0.0208559 -0.02945212 -1.24754869
v 0 -0.03100177 -1.24786496
v -0.02013815 -0.01827152 -1.2653104
v 0 -0.01975777 -1.26563394
v -0.0193277 -0.00628975 -1.28217101
v 0 -0.00771864 -1.2825092
v -0.01842302 0.00641871 -1.29825592
v 0 0.00480622 -1.29869854
v -0.0175155 0.01917406 -1.31396615
v 0 0.01776833 -1.31435549
v -0.01654283 0.03210149 -1.32924735
v 0 0.03069004 -1.32966518
v -0.0155238 0.04503846 -1.34411132
v -0 0.0437981 -1.3444736
v -0.01445988 0.05791643 -1.35855794
v -0 0.05676501 -1.35889816
v -0.01335413 0.0707669 -1.37256836
v 0 0.06973812 -1.37287008
v -0.01225077 0.08335693 -1.38625514
v -0 0.08242718 -1.38653135
v -0.01115481 0.09564209 -1.3995887
v 0 0.0948142 -1.39984154
v -0.01007178 0.10760957 -1.41234862
v 0 0.10688363 -1.41258657
v -0.00908888 0.11888806 -1.42457437
v -0 0.11826413 -1.42480933
v -0.00822466 0.12947148 -1.43605196
v -0 0.1289588 -1.43629527
v -0.00750103 0.13938707 -1.44650077
v 0 0.13899806 -1.44677305
v -0.00694426 0.14867818 -1.45551633
v 0 0.14842671 -1.45584523
v -0.00658093 0.15738742 -1.46278643
v 0 0.15727934 -1.46320247
v -0.00641043 0.1655924 -1.46812534
v 0 0.16561529 -1.46864843
v -0.00638735 0.17337828 -1.47147703
v 0 0.17350357 -1.47210121
v -0.00645009 0.18079945 -1.47286391
v 0 0.18099483 -1.47356271
v -0.00654524 0.18786793 -1.47234225
v -0 0.18810646 -1.47307658
v -0.00664049 0.19455382 -1.46996915
v -0 0.19481796 -1.47069394
v -0.00673006 0.20078897 -1.46578621
v -0 0.2010723 -1.46645271
v -0.01321757 0.19376257 -1.46776485
v -0.0133658 0.19995436 -1.46375227
v -0.01967451 0.19244727 -1.46399736
v -0.0198204 0.19861355 -1.460253
v -0.01992063 0.20419257 -1.45513057
v -0.02603014 0.19683548 -1.45513868
v -0.02590398 0.20245543 -1.45072722
v -0.0319828 0.1946946 -1.44822776
v -0.02597259 0.19061112 -1.45855355
v -0.03210635 0.18825344 -1.45132684
v -0.03811222 0.18536493 -1.44227719
v -0.03774648 0.19222965 -1.43937027
v -0.0440568 0.18193297 -1.43151688
v -0.04344258 0.18939739 -1.42864775
v -0.05003318 0.17797648 -1.41932344
v -0.04919089 0.18617697 -1.41636478
v -0.04709304 0.19407995 -1.4134227
v -0.05510289 0.18258048 -1.40287888
v -0.05259265 0.19135971 -1.39978826
v -0.04863132 0.19961068 -1.39688646
v -0.05828337 0.18830004 -1.38513386
v -0.0611757 0.17859652 -1.388453
v -0.0672861 0.1742118 -1.37332475
v -0.06403259 0.18485845 -1.36974144
v -0.07318636 0.16942341 -1.35772764
v -0.06953362 0.18096059 -1.35388016
v -0.07878243 0.16431993 -1.34187483
v -0.07476335 0.17671136 -1.33779501
v -0.08396599 0.15899173 -1.32588422
v -0.07963733 0.17218793 -1.32161569
v -0.0887883 0.15355107 -1.30980527
v -0.08415609 0.16748812 -1.3054012
v -0.09332352 0.14809256 -1.29365313
v -0.08841996 0.16273495 -1.28916132
v -0.09771468 0.14270341 -1.27742731
v -0.09253754 0.15803295 -1.27288794
v -0.10187854 0.13741901 -1.26113081
v -0.09643784 0.15341472 -1.25658345
v -0.1059831 0.13231518 -1.24475431
v -0.10026399 0.1489797 -1.24022638
v -0.10986293 0.12740562 -1.22829949
v -0.10385693 0.14472211 -1.22382092
v -0.11368361 0.12276808 -1.21175539
v -0.10736798 0.14073574 -1.20734584
v -0.11731448 0.11843138 -1.19511795
v -0.11066976 0.13702026 -1.19080269
v -0.12091658 0.11447895 -1.17837405
v -0.11394147 0.13367164 -1.17417132
v -0.12445544 0.11094667 -1.16151475
v -0.11715419 0.13070662 -1.15744793
v -0.12796439 0.10786683 -1.14452827
v -0.1203392 0.12814818 -1.14062356
v -0.13094863 0.10515891 -1.12739121
v -0.12311998 0.12588262 -1.12369716
v -0.13383315 0.10288652 -1.11010146
v -0.12573152 0.12398639 -1.10664606
v -0.13658179 0.10102424 -1.09266614
v -0.12826575 0.12248122 -1.08946764
v -0.13894483 0.09949341 -1.07509923
v -0.13062988 0.12131512 -1.07217192
v -0.14059561 0.09816828 -1.05742681
v -0.13228239 0.1202471 -1.05477345
v -0.14207965 0.09708043 -1.039698
v -0.13384366 0.11940952 -1.03729629
v -0.14321497 0.09609851 -1.02193486
v -0.13484853 0.11852545 -1.01975679
v -0.14392456 0.09509389 -1.00415194
v -0.13577042 0.11768865 -1.00217092
v -0.14445404 0.09406053 -0.98635667
v -0.13649345 0.11678797 -0.98454719
v -0.14484219 0.09295688 -0.96854966
v -0.13710066 0.11581943 -0.96689349
v -0.14515008 0.09179666 -0.95073086
v -0.1374119 0.11470671 -0.94921928
v -0.14514045 0.09055905 -0.93290156
v -0.13752599 0.11353951 -0.93153429
v -0.1448863 0.08931978 -0.91506719
v -0.1373375 0.11233925 -0.91385048
v -0.14435662 0.08813228 -0.89723444
v -0.13680182 0.11114488 -0.89617872
v -0.14368239 0.08707182 -0.87940788
v -0.13584227 0.10996833 -0.87852782
v -0.14269295 0.08612957 -0.86159658
v -0.13435067 0.10878309 -0.86090415
v -0.14138492 0.0853049 -0.84380853
v -0.13268831 0.10770884 -0.84329789
v -0.13965848 0.08456543 -0.82605218
v -0.13072395 0.1066746 -0.8257128
v -0.13779361 0.08397078 -0.80832505
v -0.12867032 0.10574977 -0.80814343
v -0.13557943 0.08345145 -0.7906298
v -0.1262338 0.10477694 -0.79059213
v -0.13316564 0.08308912 -0.77296
v -0.12383042 0.10398972 -0.77304971
v -0.13069516 0.0829475 -0.7553125
v -0.12151233 0.10344116 -0.75551617
v -0.12829081 0.08304727 -0.73768669
v -0.11928945 0.10313274 -0.73799091
v -0.12597514 0.08337827 -0.72008192
v -0.13435833 0.06161802 -0.73732858
v -0.13195593 0.06240097 -0.71962678
v -0.129534 0.06337708 -0.70196336
v -0.13438651 0.04045788 -0.71910119
v -0.1319476 0.04191283 -0.7013567
v -0.12940661 0.04353359 -0.68367332
v -0.13043102 0.02002031 -0.70068419
v -0.12787646 0.02213253 -0.68294906
v -0.12518747 0.02434803 -0.66529327
v -0.12262227 0.00089056 -0.68218499
v -0.12001296 0.00358553 -0.66450715
v -0.11738549 0.00630767 -0.64691591
v -0.11141971 -0.01647287 -0.66371315
v -0.10905447 -0.01335106 -0.64611226
v -0.10671175 -0.01022562 -0.62860262
v -0.09759289 -0.03183513 -0.64532476
v -0.09584727 -0.02850051 -0.62779653
v -0.09385475 -0.02494725 -0.61038494
v -0.08095494 -0.04417527 -0.62710589
v -0.07938551 -0.04025681 -0.60971385
v -0.07757279 -0.03613288 -0.59245169
v -0.06220365 -0.05280636 -0.60917997
v -0.06068738 -0.04812371 -0.59201282
v -0.05899927 -0.04347737 -0.5749247
v -0.04162786 -0.05696157 -0.59171038
v -0.04049961 -0.05204971 -0.57471764
v -0.03924901 -0.0472217 -0.55771744
v -0.04272567 -0.06209786 -0.60877096
v -0.04365238 -0.06691614 -0.6260423
v -0.06345277 -0.05718743 -0.62651562
v -0.06455893 -0.06127082 -0.6440469
v -0.04441957 -0.07130426 -0.64358353
v -0.08237168 -0.04785859 -0.64463961
v -0.08386581 -0.05149469 -0.66229558
v -0.06563122 -0.06509848 -0.66175359
v -0.09942285 -0.03517552 -0.66295111
v -0.10131297 -0.03848522 -0.68068802
v -0.08539255 -0.05500271 -0.68008291
v -0.11385666 -0.01960425 -0.68140918
v -0.11636456 -0.02271523 -0.69921588
v -0.10326331 -0.04172599 -0.69855731
v -0.12514069 -0.00171564 -0.69996255
v -0.1273633 -0.00408131 -0.7178629
v -0.1181175 -0.02528608 -0.71720367
v -0.13275606 0.01809161 -0.71850878
v -0.13498392 0.0163834 -0.73642581
v -0.12941989 -0.00617685 -0.73588985
v -0.13679669 0.03920307 -0.73690867
v -0.13925522 0.03818524 -0.75477892
v -0.13714936 0.01495221 -0.75443518
v -0.13687504 0.06107652 -0.75506991
v -0.13950309 0.06079937 -0.77284961
v -0.141696 0.03743497 -0.7727096
v -0.14377115 0.0369889 -0.79069942
v -0.14071239 0.0132309 -0.79071039
v -0.13905639 0.01388905 -0.77253359
v -0.14197745 0.06076291 -0.79066664
v -0.14348095 0.06084838 -0.80853176
v -0.14509034 0.03689147 -0.80874908
v -0.14608319 0.03706074 -0.82684838
v -0.14318433 0.01297376 -0.82724255
v -0.1421642 0.01293042 -0.80895161
v -0.14481049 0.06114999 -0.82644057
v -0.14601336 0.06164691 -0.84438592
v -0.1469068 0.03744203 -0.84498375
v -0.14756545 0.03800699 -0.86314016
v -0.14447975 0.01371729 -0.86389994
v -0.14396454 0.01324649 -0.8455652
v -0.14692427 0.06231038 -0.86235958
v -0.14767171 0.06314093 -0.88034808
v -0.14809744 0.03873973 -0.88130235
v -0.14839874 0.03964452 -0.89945387
v -0.14491471 0.0151728 -0.90053319
v -0.14484877 0.01434493 -0.88223004
v -0.14823794 0.06413137 -0.89834016
v -0.14864334 0.06525914 -0.9163264
v -0.14868553 0.04069368 -0.9175865
v -0.1488377 0.04187099 -0.93569177
v -0.1449361 0.01726948 -0.93703794
v -0.14498092 0.01613945 -0.91880565
v -0.14893038 0.06648923 -0.93430048
v -0.14907561 0.06775488 -0.95226126
v -0.14917622 0.04311776 -0.95377773
v -0.14948949 0.04440285 -0.97184962
v -0.14523474 0.01978174 -0.97343617
v -0.14507544 0.01847962 -0.9552446
v -0.14896185 0.06899648 -0.97021055
v -0.1487981 0.07020958 -0.98815894
v -0.14933233 0.04569853 -0.98992514
v -0.14903225 0.04699781 -1.00803136
v -0.1459136 0.02252694 -1.00988602
v -0.1456056 0.02111623 -0.99164104
v -0.14853973 0.07138475 -1.00611674
v -0.14774827 0.07251022 -1.0240885
v -0.1486359 0.04834302 -1.02618336
v -0.14788627 0.04980265 -1.04438304
v -0.14534625 0.02579907 -1.04658794
v -0.14576765 0.02408896 -1.02819919
v -0.14678417 0.07372035 -1.04207599
v -0.14551462 0.07508421 -1.0600636
v -0.14688918 0.05143516 -1.06261825
v -0.14535792 0.05331254 -1.08084917
v -0.14316636 0.02986341 -1.08351528
v -0.14446495 0.02771369 -1.06503689
v -0.14390295 0.07667897 -1.0780195
v -0.14172546 0.07855846 -1.09588921
v -0.14341774 0.05548369 -1.09903025
v -0.14044369 0.05805992 -1.11704576
v -0.13874799 0.03515343 -1.12031662
v -0.14117924 0.03233569 -1.10195839
v -0.13876581 0.08077746 -1.11360347
v -0.13561832 0.08342866 -1.13115537
v -0.13703437 0.06110154 -1.13486957
v -0.13346123 0.06466645 -1.15249204
v -0.13118764 0.04266361 -1.15627276
v -0.13507819 0.03861778 -1.13840425
v -0.13234174 0.08655622 -1.14852881
v -0.1287478 0.09018275 -1.16571152
v -0.12989699 0.06878615 -1.16991972
v -0.12571924 0.07356502 -1.18709754
v -0.1233573 0.0526526 -1.19137346
v -0.12735298 0.04730495 -1.1739422
v -0.12487648 0.09431423 -1.18272256
v -0.12097329 0.09891726 -1.19959247
v -0.12155773 0.078875 -1.20410931
v -0.11741199 0.08463677 -1.22096443
v -0.11476881 0.06529942 -1.2255398
v -0.11904194 0.05872188 -1.20855402
v -0.11705491 0.10393262 -1.2163335
v -0.11300642 0.10928395 -1.23295307
v -0.1132369 0.09076349 -1.23766887
v -0.1090521 0.09716963 -1.25423157
v -0.10638269 0.07950788 -1.25895917
v -0.11057972 0.07225614 -1.24234139
v -0.10892643 0.1149095 -1.24946034
v -0.10465087 0.12074779 -1.26585686
v -0.10471908 0.10380251 -1.27064919
v -0.10034749 0.11060024 -1.28692877
v -0.09778947 0.09462158 -1.2916609
v -0.10210375 0.08698804 -1.27539551
v -0.10032834 0.12676017 -1.2821455
v -0.0957791 0.13289941 -1.29832088
v -0.09575871 0.1175424 -1.3030523
v -0.09102616 0.12457799 -1.31901586
v -0.08861623 0.11028844 -1.3235929
v -0.09327714 0.10240667 -1.30772852
v -0.09108752 0.13912269 -1.31437993
v -0.08608714 0.14536766 -1.33031201
v -0.08597191 0.131673 -1.33479416
v -0.08051451 0.138756 -1.3503648
v -0.07822099 0.12626442 -1.35455608
v -0.0836294 0.11826044 -1.33921229
v -0.08070704 0.1515529 -1.34609925
v -0.07487129 0.15756623 -1.36169564
v -0.07458844 0.14571747 -1.36568546
v -0.06837604 0.15241101 -1.38068532
v -0.06625685 0.14184194 -1.38427221
v -0.07235844 0.13418619 -1.36958861
v -0.06872367 0.16329391 -1.37700259
v -0.06243497 0.16863906 -1.39185237
v -0.06206372 0.15870738 -1.39523053
v -0.05576656 0.16450537 -1.40911066
v -0.05396305 0.15574541 -1.41203999
v -0.06008771 0.14907248 -1.39849078
v -0.05615698 0.17353901 -1.40602552
v -0.04964035 0.16974756 -1.42215371
v -0.04366885 0.17438098 -1.43413758
v -0.04231268 0.16702503 -1.43640661
v -0.04804575 0.16175992 -1.42475903
v -0.04003522 0.16015607 -1.43829917
v -0.04529631 0.15427918 -1.42709219
v -0.05079817 0.14751356 -1.41474461
v -0.04144322 0.14755773 -1.42916166
v -0.04634654 0.1400426 -1.41718685
v -0.05157075 0.13169746 -1.4043231
v -0.05655837 0.13999155 -1.40154397
v -0.05696904 0.12268713 -1.39076471
v -0.06242467 0.13185271 -1.38766324
v -0.06232278 0.11322252 -1.37667429
v -0.06824042 0.12326383 -1.37329042
v -0.06756071 0.1034648 -1.36220097
v -0.07387894 0.11439756 -1.35854685
v -0.07249686 0.09362659 -1.34733915
v -0.07910861 0.10547065 -1.34343802
v -0.0769919 0.08390183 -1.33205819
v -0.08390864 0.09661491 -1.32798349
v -0.08118911 0.07428945 -1.31642723
v -0.08838947 0.0878685 -1.31222772
v -0.08522748 0.06476024 -1.30050969
v -0.09271566 0.07921538 -1.29622554
v -0.08916019 0.05532724 -1.28433358
v -0.09687665 0.07070283 -1.27998936
v -0.09302982 0.04602894 -1.2679032
v -0.10099951 0.06233035 -1.26354491
v -0.09690791 0.03692839 -1.25119924
v -0.10510895 0.05416988 -1.24687922
v -0.10086104 0.02813019 -1.23418796
v -0.10921172 0.04633009 -1.22996997
v -0.10458946 0.02003315 -1.2167617
v -0.11344172 0.03889817 -1.21282005
v -0.10820674 0.01277308 -1.19896209
v -0.11743696 0.03219929 -1.19536459
v -0.11197079 0.00628591 -1.18090879
v -0.12132354 0.02630183 -1.17763817
v -0.11594874 0.0005126 -1.16268181
v -0.12533527 0.02109178 -1.15970945
v -0.11935032 -0.00418106 -1.14420497
v -0.12934269 0.01655528 -1.14158022
v -0.12229017 -0.00821135 -1.12559425
v -0.13240139 0.01289864 -1.12315237
v -0.12456264 -0.01169026 -1.10688841
v -0.13494567 0.00971259 -1.10458934
v -0.12602894 -0.01468817 -1.08813238
v -0.136737 0.00695807 -1.08594298
v -0.126846 -0.01734507 -1.0693804
v -0.13800592 0.0044829 -1.06729078
v -0.12712197 -0.01972057 -1.05066883
v -0.13855436 0.00232161 -1.04867601
v -0.12701965 -0.02186724 -1.03202068
v -0.13854135 0.00042039 -1.03013873
v -0.12665656 -0.02378353 -1.01343977
v -0.13816547 -0.00126087 -1.01168763
v -0.12620124 -0.02548351 -0.99491214
v -0.13772738 -0.00280115 -0.99330532
v -0.12581308 -0.02698277 -0.97641384
v -0.1372867 -0.00419068 -0.97496295
v -0.12562312 -0.02831247 -0.95792293
v -0.13708841 -0.00549871 -0.95663315
v -0.12560138 -0.02943757 -0.93941974
v -0.13698612 -0.00665474 -0.93828761
v -0.12575013 -0.03038534 -0.92089539
v -0.13710071 -0.00770889 -0.9199168
v -0.12595903 -0.03113887 -0.90234267
v -0.13714358 -0.00856056 -0.9015035
v -0.12604634 -0.03167462 -0.88375479
v -0.13718932 -0.0092726 -0.88305622
v -0.1260782 -0.03209984 -0.86514192
v -0.13704384 -0.00980717 -0.86457705
v -0.12591484 -0.0323921 -0.84650558
v -0.13673336 -0.01019768 -0.84608227
v -0.12521395 -0.03233138 -0.82785004
v -0.13620273 -0.01041225 -0.82758754
v -0.12442573 -0.0321117 -0.80921232
v -0.13517953 -0.01028737 -0.80911171
v -0.12350888 -0.03160783 -0.79061305
v -0.13393248 -0.00984017 -0.79068219
v -0.12239615 -0.03068731 -0.77208191
v -0.13251452 -0.00901157 -0.77232164
v -0.121128 -0.02932562 -0.75365138
v -0.13100361 -0.00778712 -0.75405126
v -0.11971779 -0.02752273 -0.73535049
v -0.10776086 -0.04905454 -0.75326496
v -0.10655347 -0.04713408 -0.73484182
v -0.10517464 -0.04476493 -0.71659088
v -0.09009487 -0.0643636 -0.73441624
v -0.08863914 -0.06160642 -0.71611487
v -0.08706246 -0.05846965 -0.69800746
v -0.06924593 -0.07544043 -0.71579474
v -0.06803118 -0.0722858 -0.69761508
v -0.06679463 -0.06879249 -0.67960816
v -0.04675692 -0.08272487 -0.69737666
v -0.04595086 -0.0792637 -0.67928117
v -0.04516469 -0.075417 -0.66134506
v -0.04756621 -0.08580904 -0.71562576
v -0.04828133 -0.08835709 -0.73403471
v -0.07038364 -0.07819994 -0.73415446
v -0.07135303 -0.08044754 -0.75269287
v -0.04887174 -0.09036712 -0.75259155
v -0.09105494 -0.06628919 -0.75293374
v -0.09178826 -0.06766828 -0.77160036
v -0.07185791 -0.08172205 -0.77140474
v -0.10877946 -0.05048571 -0.7718327
v -0.10956609 -0.05140747 -0.79050648
v -0.09234064 -0.06857793 -0.79036986
v -0.09273622 -0.0691022 -0.80919939
v -0.07237047 -0.08297261 -0.80908906
v -0.07218047 -0.08251384 -0.79021716
v -0.11019688 -0.05193404 -0.80924314
v -0.11071274 -0.05219608 -0.82800924
v -0.09304151 -0.06940631 -0.82805442
v -0.0932283 -0.06956967 -0.84691047
v -0.07253885 -0.08349753 -0.84690111
v -0.07246048 -0.08322147 -0.82798916
v -0.11114385 -0.05232893 -0.84678208
v -0.11140975 -0.05234549 -0.8655439
v -0.09339119 -0.06978662 -0.86576265
v -0.09345685 -0.06997748 -0.88461077
v -0.07262608 -0.08430038 -0.88476163
v -0.07260721 -0.08388077 -0.86582213
v -0.11160054 -0.05233754 -0.88429355
v -0.11134673 -0.0519139 -0.90300607
v -0.09341681 -0.07003048 -0.90346431
v -0.09333286 -0.06983292 -0.92233341
v -0.07251543 -0.08456874 -0.92276144
v -0.07261481 -0.08465562 -0.90373826
v -0.11116704 -0.05138776 -0.92171305
v -0.11095009 -0.05052379 -0.94040417
v -0.0932371 -0.06922154 -0.94121706
v -0.09308141 -0.06795033 -0.96009838
v -0.07243215 -0.08291142 -0.96092158
v -0.07243498 -0.08399311 -0.94182843
v -0.11087441 -0.04937353 -0.95908701
v -0.11102087 -0.0479918 -0.9777652
v -0.09314303 -0.06640978 -0.97898054
v -0.09337335 -0.06457808 -0.9978522
v -0.07273796 -0.079417 -0.99908107
v -0.07249896 -0.08127708 -0.98000973
v -0.11128485 -0.04629913 -0.99644023
v -0.11170908 -0.04442899 -1.01512825
v -0.09368513 -0.06245115 -1.01670682
v -0.09406777 -0.06017392 -1.03555154
v -0.07331696 -0.07472142 -1.03707277
v -0.0729831 -0.07710791 -1.01809752
v -0.11203195 -0.04225769 -1.03383731
v -0.11225532 -0.03992322 -1.05257999
v -0.0942787 -0.05759548 -1.05437767
v -0.09428068 -0.05482224 -1.07318961
v -0.07374745 -0.06936442 -1.07484376
v -0.07363666 -0.07219713 -1.05599367
v -0.11207755 -0.03728001 -1.07134902
v -0.11153452 -0.03442921 -1.09013593
v -0.09390503 -0.05176402 -1.09198212
v -0.09294068 -0.04827883 -1.11075532
v -0.07288967 -0.06259191 -1.11238765
v -0.07351079 -0.0661371 -1.09362721
v -0.11027047 -0.03112885 -1.10891425
v -0.10838565 -0.0274172 -1.12767386
v -0.09138222 -0.0443395 -1.12952566
v -0.08912248 -0.03966807 -1.14829886
v -0.06990483 -0.05361738 -1.14997971
v -0.07165032 -0.0584288 -1.1311562
v -0.10579223 -0.02308042 -1.14639413
v -0.10270244 -0.01802127 -1.1650666
v -0.08641962 -0.03422334 -1.16709768
v -0.08355349 -0.02794195 -1.18594014
v -0.06530852 -0.04112073 -1.18788325
v -0.0676913 -0.04785183 -1.16887521
v -0.09941206 -0.01215551 -1.18368113
v -0.09596239 -0.00513362 -1.20211863
v -0.08086271 -0.02087122 -1.2047975
v -0.07830309 -0.01272218 -1.22343218
v -0.06128229 -0.02526255 -1.22598671
v -0.06312141 -0.03356261 -1.20698189
v -0.09276657 0.00267186 -1.2203077
v -0.08962211 0.01132579 -1.23807072
v -0.07569693 -0.00346373 -1.24151253
v -0.07299086 0.00664087 -1.25892746
v -0.05731623 -0.00502401 -1.26197385
v -0.05955137 -0.01597019 -1.24450814
v -0.08620984 0.02088649 -1.2552582
v -0.08263507 0.03097671 -1.27196192
v -0.06991569 0.01762159 -1.27561795
v -0.06673734 0.0288847 -1.29185938
v -0.05240903 0.01856851 -1.29483366
v -0.05494402 0.00655941 -1.27869021
v -0.07905422 0.04126258 -1.28832316
v -0.07545793 0.05162131 -1.30440366
v -0.06357903 0.04014472 -1.3078047
v -0.0604189 0.05134496 -1.32347834
v -0.04719345 0.04263705 -1.32611429
v -0.04980326 0.03065187 -1.31061732
v -0.07180558 0.06201214 -1.32021069
v -0.06799215 0.07247313 -1.33569335
v -0.05708118 0.06262603 -1.33878195
v -0.05353912 0.07396705 -1.35367751
v -0.04159917 0.06667427 -1.35593211
v -0.0444906 0.05461794 -1.34124743
v -0.06391859 0.08303093 -1.3507893
v -0.05942769 0.0937298 -1.36540818
v -0.04967014 0.08542481 -1.36808049
v -0.04569749 0.09670864 -1.38210964
v -0.03541479 0.09059781 -1.38404583
v -0.03853326 0.07873797 -1.37016892
v -0.05474572 0.10430317 -1.37963926
v -0.05001588 0.11455983 -1.39349389
v -0.04170028 0.10767784 -1.39575576
v -0.03771249 0.11822876 -1.40883255
v -0.02918551 0.11332531 -1.4104706
v -0.032286 0.10215619 -1.39754068
v -0.04524 0.12438987 -1.40676975
v -0.04069638 0.13352716 -1.41935014
v -0.03396077 0.12810184 -1.42121815
v -0.03058528 0.13715173 -1.43272733
v -0.0237489 0.13356277 -1.43420136
v -0.02630462 0.12383147 -1.42274534
v -0.03652643 0.14180888 -1.43102264
v -0.03279328 0.14907425 -1.44135308
v -0.02766302 0.14529979 -1.44294714
v -0.03687178 0.15407648 -1.43988609
v -0.03491902 0.16496643 -1.44796896
v -0.02981301 0.16852727 -1.45581316
v -0.03665012 0.17142599 -1.44663906
v -0.03095432 0.17487256 -1.45519423
v -0.0251138 0.17737317 -1.46200537
v -0.02445586 0.17079603 -1.46186661
v -0.03773574 0.1783314 -1.44473671
v -0.03175357 0.18155059 -1.45368492
v -0.02565906 0.18404784 -1.46087241
v -0.01941774 0.18588651 -1.46632111
v -0.01906802 0.17908881 -1.46715605
v -0.01282892 0.18018889 -1.47074723
v -0.01266639 0.17296953 -1.46959221
v -0.01872444 0.17217321 -1.46641171
v -0.0130347 0.18714016 -1.47011351
v -0.01266096 0.16549095 -1.46655917
v -0.01856943 0.16520388 -1.46396219
v -0.01295454 0.15769115 -1.46156036
v -0.01886706 0.15812991 -1.4596107
v -0.01366345 0.14942693 -1.45455837
v -0.01990179 0.15066851 -1.45307385
v -0.01477444 0.14055377 -1.44570779
v -0.02157968 0.14250761 -1.44447302
v -0.01621874 0.13100683 -1.4353379
v -0.0179367 0.12075125 -1.42387795
v -0.01988414 0.10977203 -1.41163826
v -0.02201158 0.09811614 -1.39881813
v -0.02416822 0.08610007 -1.38543331
v -0.02632082 0.07380192 -1.37166833
v -0.02845811 0.06126948 -1.35756325
v -0.03052457 0.04865894 -1.34304845
v -0.0324511 0.03612426 -1.32806336
v -0.03430489 0.02358359 -1.31269073
v -0.0361215 0.01100528 -1.29698753
v -0.03789775 -0.00150802 -1.28091096
v -0.03963613 -0.01374563 -1.2642765
v -0.04096382 -0.02454829 -1.24648547
v -0.04217518 -0.03442923 -1.22787356
v -0.04346936 -0.04329832 -1.20871269
v -0.04505216 -0.05127288 -1.18943154
v -0.04677278 -0.05820814 -1.17027509
v -0.04837879 -0.06420949 -1.15130889
v -0.04960582 -0.0692339 -1.13246822
v -0.05034054 -0.07339608 -1.11371409
v -0.05071114 -0.07710363 -1.09499704
v -0.05079083 -0.08037894 -1.07622325
v -0.05056216 -0.08298149 -1.05730676
v -0.05019956 -0.08519958 -1.03826928
v -0.04985627 -0.08730412 -1.01915073
v -0.0495808 -0.08932907 -0.99997133
v -0.04943184 -0.09133103 -0.98075568
v -0.04938396 -0.09306072 -0.96150916
v -0.04944855 -0.09446845 -0.94226384
v -0.0495461 -0.09524752 -0.92304396
v -0.04960554 -0.09524681 -0.90388083
v -0.04962218 -0.09474413 -0.88479375
v -0.04960627 -0.09410703 -0.86577314
v -0.04959536 -0.09359866 -0.84679883
v -0.0496045 -0.09328209 -0.827856
v -0.04959284 -0.09299518 -0.80894422
v -0.04952573 -0.09260521 -0.7900753
v -0.04932057 -0.09185347 -0.77127724
v -0.03768986 0.16575469 -0.66942518
v -0.05452215 0.15756677 -0.65179753
v -0.03698459 0.1645559 -0.65194511
v -0.05354984 0.15683066 -0.63428461
v -0.03630593 0.16352875 -0.63443154
v -0.05256953 0.15613569 -0.61675113
v -0.0356234 0.16257119 -0.61689645
v -0.05152298 0.15535093 -0.59921264
v -0.03489333 0.16153577 -0.59935563
v -0.05031845 0.15426968 -0.58168667
v -0.03410508 0.16038695 -0.58182871
v -0.04894974 0.15287788 -0.56419169
v -0.03321948 0.15896876 -0.5643298
v -0.04739039 0.15108144 -0.54673439
v -0.03218878 0.15709111 -0.54686641
v -0.04560413 0.14877331 -0.52930665
v -0.03099602 0.1546633 -0.52943289
v -0.04362338 0.14600554 -0.51187825
v -0.02966426 0.15173523 -0.51200223
v -0.04154561 0.14299014 -0.49439221
v -0.02825717 0.14852598 -0.49452063
v -0.03955127 0.14015021 -0.47677341
v -0.02690118 0.14548656 -0.47691658
v -0.03790862 0.13812124 -0.45895928
v -0.02578164 0.1432776 -0.45912858
v -0.03691512 0.13763798 -0.44094175
v -0.02510577 0.14267185 -0.44114822
v -0.03684238 0.13939996 -0.42280656
v -0.02506116 0.14440943 -0.42306152
v -0.03789079 0.14392869 -0.40474888
v -0.02577093 0.14901454 -0.4050481
v -0.0400295 0.15115971 -0.38699278
v -0.02720573 0.15646697 -0.38729849
v -0.04281397 0.16016274 -0.36951389
v -0.02906172 0.16572523 -0.36975476
v -0.0456223 0.16954529 -0.35194453
v -0.03094309 0.1752205 -0.35208302
v -0.04826286 0.17873586 -0.3340474
v -0.03269642 0.18432843 -0.33405444
v -0.0507179 0.18755848 -0.31563502
v -0.03426574 0.19292026 -0.31555086
v -0.05271244 0.19549083 -0.29658597
v -0.03559071 0.20082549 -0.29665973
v -0.05422613 0.20267266 -0.27719792
v -0.03663449 0.20798336 -0.27745288
v -0.05529742 0.20926128 -0.25766971
v -0.0372865 0.21438367 -0.25796642
v -0.05578845 0.21479879 -0.23781639
v -0.03757635 0.21982909 -0.23814337
v -0.05578454 0.21943049 -0.21773052
v -0.03758832 0.22446523 -0.21802727
v -0.05553768 0.22346971 -0.19747869
v -0.03743241 0.22847637 -0.1978112
v -0.05522524 0.22713878 -0.17700153
v -0.03721301 0.23196855 -0.17732539
v -0.05485845 0.23026852 -0.15621966
v -0.03696332 0.23491111 -0.1565229
v -0.05453923 0.23296833 -0.13516433
v -0.03674439 0.23745147 -0.13547007
v -0.05430848 0.23535768 -0.11395771
v -0.03657157 0.23966036 -0.11428056
v -0.05413644 0.23728612 -0.09271032
v -0.03645057 0.24153928 -0.09306389
v -0.05409571 0.23902836 -0.07156051
v -0.03639301 0.24314296 -0.07193543
v -0.05417533 0.24057191 -0.05061711
v -0.03641913 0.24462191 -0.05100269
v -0.05433137 0.24187374 -0.02990879
v -0.03652433 0.24603976 -0.03031139
v -0.05464271 0.2432325 -0.00954401
v -0.03671574 0.2473528 -0.00994853
v -0.0550184 0.24447988 0.01051318
v -0.03696658 0.24864727 0.01010641
v -0.05549228 0.24578632 0.03023446
v -0.03728592 0.25002765 0.02981845
v -0.05606165 0.24723868 0.04960009
v -0.03766142 0.25144445 0.04916994
v -0.05663567 0.24855415 0.06868305
v -0.03806528 0.25284931 0.06821805
v -0.05726661 0.25000214 0.08742906
v -0.03847079 0.2542653 0.08690737
v -0.05788866 0.25150939 0.10587708
v -0.03888252 0.25578546 0.10527323
v -0.05850651 0.25316771 0.12401267
v -0.03928379 0.25746715 0.12329638
v -0.05911363 0.2550857 0.14181846
v -0.03967009 0.25936207 0.14096887
v -0.05968014 0.25722178 0.15932627
v -0.04002956 0.26157054 0.15830333
v -0.0602664 0.26002118 0.17638397
v -0.04039533 0.26447433 0.17516417
v -0.06081203 0.26334533 0.19304546
v -0.0407763 0.26810121 0.19159133
v -0.06142539 0.26751288 0.20920048
v -0.04119893 0.27245518 0.20752379
v -0.06210272 0.27244311 0.22487032
v -0.04167234 0.27734658 0.22303052
v -0.06276217 0.27782782 0.24020272
v -0.04207367 0.28223025 0.23832047
v -0.0632388 0.28335791 0.25530883
v -0.04235882 0.28722819 0.25343275
v -0.06339015 0.28897303 0.27023723
v -0.04241411 0.29243323 0.2682408
v -0.06328205 0.29532912 0.28463891
v -0.04234514 0.29851558 0.2824535
v -0.06293555 0.30228799 0.29857388
v -0.04215071 0.30548045 0.29606446
v -0.06228514 0.31031703 0.31184929
v -0.04170737 0.31349363 0.30905056
v -0.06139075 0.31919747 0.32468426
v -0.04113781 0.32224622 0.32165342
v -0.06025493 0.32864651 0.33732616
v -0.04035443 0.3314394 0.33428549
v -0.05895775 0.33861088 0.3497332
v -0.03948575 0.34119722 0.34665945
v -0.05739586 0.34887349 0.36226406
v -0.03842654 0.35124051 0.35925924
v -0.05573621 0.3594959 0.3747136
v -0.03730532 0.36166608 0.37180462
v -0.05404087 0.3704755 0.3870072
v -0.03616541 0.37248989 0.38416639
v -0.05236762 0.38182383 0.39904263
v -0.0350568 0.38375237 0.39616853
v -0.05078468 0.39358797 0.41064798
v -0.03401433 0.39546966 0.40769764
v -0.04931726 0.40575283 0.42179697
v -0.03304471 0.4075964 0.41878897
v -0.04797583 0.41828864 0.43250817
v -0.03215204 0.42009341 0.42947933
v -0.0467672 0.43117043 0.44280216
v -0.03134516 0.4329456 0.43976554
v -0.04570258 0.44439336 0.4526658
v -0.03063279 0.44615042 0.44962942
v -0.04478979 0.45795926 0.46208199
v -0.03002074 0.45971167 0.4590505
v -0.04403232 0.47187441 0.4710344
v -0.02951193 0.47364002 0.46800553
v -0.04343004 0.48614877 0.4795103
v -0.02910687 0.48795208 0.47647184
v -0.04297959 0.50079262 0.48750948
v -0.02880305 0.50266361 0.48444527
v -0.0426695 0.51580351 0.49507737
v -0.02859202 0.51777559 0.49197605
v -0.04247196 0.53114903 0.50234949
v -0.02845745 0.53327482 0.49917328
v -0.04234212 0.54675567 0.50958263
v -0.02837521 0.54913324 0.5062139
v -0.04225115 0.56259518 0.51695907
v -0.02829617 0.56522959 0.5135408
v -0.0422027 0.57870405 0.52452963
v -0.02821631 0.58160287 0.52125382
v -0.04221214 0.59510082 0.53241068
v -0.02814554 0.59827172 0.52952045
v -0.04236448 0.61185938 0.54061871
v -0.02823177 0.61518621 0.53859293
v -0.04287955 0.62898349 0.54932016
v -0.02866882 0.63247311 0.54826575
v -0.04381064 0.64629155 0.55895274
v -0.02939131 0.64902412 0.55985999
v -0.04546837 0.66271919 0.57065296
v -0.03080294 0.66462212 0.57358199
v -0.04898209 0.67732298 0.58408874
v -0.03345376 0.67858851 0.58852475
v -0.06102158 0.6574707 0.56844264
v -0.06481117 0.67239797 0.57906556
v -0.07109078 0.68604773 0.59039557
v -0.08060086 0.6654731 0.57682377
v -0.08617801 0.6794101 0.58668571
v -0.09351614 0.69346267 0.5968815
v -0.07876693 0.69912445 0.60100209
v -0.10096252 0.70774501 0.60694938
v -0.08676072 0.71316224 0.61138612
v -0.10795839 0.72316283 0.61547017
v -0.09456363 0.72836184 0.62034487
v -0.08183918 0.73252707 0.62790691
v -0.07169415 0.73475098 0.63752669
v -0.10175108 0.74441343 0.62851321
v -0.09006403 0.74812454 0.63593566
v -0.08030144 0.74996447 0.64473676
v -0.07284724 0.75023275 0.65440917
v -0.06402489 0.73569572 0.64800798
v -0.0973492 0.76296383 0.64474809
v -0.08771065 0.76420587 0.65310984
v -0.08033858 0.764238 0.66178053
v -0.07499547 0.76356613 0.67076718
v -0.06755434 0.74974745 0.66424179
v -0.09365899 0.77745354 0.66152733
v -0.08659216 0.7774555 0.66943359
v -0.08130156 0.77697992 0.67729932
v -0.07795333 0.77628248 0.6850627
v -0.07162942 0.76262056 0.67947477
v -0.09208639 0.79068565 0.67654627
v -0.08729942 0.79050123 0.68322485
v -0.08444 0.79021078 0.68978244
v -0.08342248 0.79021173 0.69604486
v -0.07656243 0.77601897 0.69268131
v -0.09380444 0.80384218 0.68861746
v -0.09156128 0.80378204 0.6940869
v -0.0907935 0.80370622 0.69925952
v -0.09129937 0.80305433 0.7044124
v -0.08387419 0.7900772 0.70201653
v -0.09953658 0.81579482 0.69793462
v -0.09898511 0.81534981 0.70238661
v -0.09953016 0.81431037 0.70689505
v -0.10170693 0.81246668 0.71039688
v -0.0937456 0.80169338 0.70855027
v -0.1067004 0.82471978 0.7053681
v -0.10750985 0.82308107 0.70909601
v -0.10944845 0.82092762 0.71204251
v -0.11258918 0.81822979 0.71315473
v -0.10524125 0.80999124 0.71199584
v -0.1144796 0.83020126 0.71154934
v -0.1163987 0.8275938 0.71400272
v -0.11912815 0.82473301 0.71443039
v -0.12211642 0.82204276 0.71287405
v -0.11590568 0.81578046 0.71169525
v -0.12229854 0.8332349 0.71602922
v -0.12492512 0.83003836 0.71653777
v -0.12789557 0.82703584 0.71482038
v -0.13097198 0.82425284 0.71197062
v -0.12504005 0.81966406 0.71014404
v -0.13002426 0.83443242 0.71847051
v -0.13301034 0.83072418 0.71676552
v -0.13599693 0.82714748 0.71382468
v -0.13928249 0.82321041 0.7100473
v -0.13438393 0.82122302 0.7085455
v -0.13759197 0.83377319 0.71847754
v -0.14080302 0.82965713 0.7152788
v -0.14405535 0.82498854 0.71123212
v -0.14799363 0.82625424 0.71208918
v -0.15069502 0.82023412 0.70740336
v -0.14701478 0.81937098 0.70648288
v -0.1426538 0.81826645 0.70544976
v -0.14491955 0.83139812 0.71628189
v -0.14873774 0.83324253 0.71674394
v -0.15167723 0.82760554 0.71269583
v -0.14180803 0.83636516 0.71941286
v -0.13471466 0.83794164 0.72009497
v -0.13886344 0.84133553 0.72082418
v -0.13232038 0.84206396 0.7195062
v -0.13682852 0.84535449 0.71959364
v -0.13101342 0.8451997 0.71749585
v -0.13606105 0.84795159 0.71780091
v -0.14063374 0.84914684 0.71742618
v -0.13609781 0.84943378 0.71508348
v -0.1409851 0.85005617 0.71524977
v -0.14613799 0.84928816 0.71489518
v -0.14560569 0.84846139 0.71678805
v -0.15163597 0.84631282 0.71320289
v -0.15155302 0.84501326 0.71547973
v -0.15588599 0.84168237 0.70978754
v -0.1558544 0.83983081 0.71258997
v -0.1545552 0.83756375 0.71491509
v -0.15889926 0.83371466 0.70829361
v -0.15760754 0.83146655 0.71080124
v -0.15500716 0.82928168 0.71240097
v -0.1520558 0.83531248 0.7163186
v -0.15996541 0.824795 0.70593911
v -0.15747538 0.82278388 0.70764029
v -0.15427643 0.82133507 0.70794963
v -0.15978191 0.81570434 0.70243305
v -0.15658085 0.8142656 0.7030282
v -0.15310601 0.81331217 0.70250988
v -0.15937364 0.80638754 0.69804114
v -0.15597693 0.80552285 0.6978321
v -0.15247519 0.80518341 0.69680959
v -0.14961731 0.81264102 0.70158577
v -0.1487707 0.805148 0.69548189
v -0.14572955 0.81213772 0.70027977
v -0.1447573 0.80526006 0.69421452
v -0.14159622 0.81136226 0.69915664
v -0.13818605 0.81710881 0.70421105
v -0.13551579 0.81048661 0.69812005
v -0.13245356 0.8145973 0.7028805
v -0.12833593 0.81766933 0.70660263
v -0.12434104 0.81041967 0.70141702
v -0.12162903 0.81242519 0.7049269
v -0.11875135 0.81400966 0.70859432
v -0.11482946 0.80470997 0.70415252
v -0.11231324 0.80587929 0.70830905
v -0.10902495 0.80769258 0.71126753
v -0.10586244 0.79602003 0.70908159
v -0.10209591 0.79788827 0.71207088
v -0.0976566 0.79993665 0.71139216
v -0.09473496 0.78661155 0.71355944
v -0.09012902 0.78824603 0.71128642
v -0.08621144 0.78946954 0.70747208
v -0.08194844 0.77522033 0.71125525
v -0.07871335 0.77601206 0.70596855
v -0.07685154 0.77614051 0.69959217
v -0.07177051 0.76177352 0.70329576
v -0.0702843 0.76171392 0.69625401
v -0.07011593 0.76186251 0.68815946
v -0.06369325 0.74764061 0.6927337
v -0.06350193 0.74807733 0.68391364
v -0.06450532 0.74890637 0.6743443
v -0.05533709 0.73468077 0.6810283
v -0.05612578 0.73528379 0.67032295
v -0.05883444 0.73580449 0.65912401
v -0.04495612 0.72368818 0.66730707
v -0.04748291 0.72336006 0.65493148
v -0.03181282 0.71382534 0.66504752
v -0.03357626 0.71258866 0.65192639
v -0.03124442 0.71396893 0.67754232
v -0.04407483 0.72338885 0.67902535
v -0.04448689 0.72280669 0.69000524
v -0.03197238 0.7130776 0.6895703
v -0.05568081 0.73430049 0.69077068
v -0.0574042 0.73419636 0.69986182
v -0.06509442 0.74768167 0.70075303
v -0.06782148 0.74783933 0.70808142
v -0.06057833 0.73447877 0.70815366
v -0.07438411 0.76166945 0.70983588
v -0.07853041 0.76100927 0.71544027
v -0.071919 0.74768072 0.71452462
v -0.08631138 0.77408546 0.71525341
v -0.09223283 0.77182954 0.71350914
v -0.08530054 0.75890773 0.71538925
v -0.09919242 0.78455883 0.710873
v -0.10254237 0.78295064 0.70581579
v -0.09697612 0.76996338 0.70847052
v -0.10849923 0.79469615 0.70445776
v -0.11148184 0.79354548 0.69960981
v -0.10552291 0.78162908 0.69997412
v -0.11751758 0.80347269 0.70006191
v -0.12200358 0.8012799 0.69569933
v -0.11575883 0.79215991 0.69384294
v -0.12802678 0.80705905 0.69715654
v -0.13889141 0.80449342 0.69314342
v -0.14820917 0.79630285 0.68975001
v -0.14344155 0.79667019 0.68860703
v -0.15108819 0.78440129 0.68518716
v -0.14564693 0.78545671 0.68377816
v -0.15340718 0.77062803 0.68099153
v -0.14578431 0.77198606 0.67942112
v -0.13631211 0.77349698 0.67914098
v -0.14573134 0.75592345 0.67976427
v -0.13521353 0.75794667 0.68016058
v -0.12393946 0.7606098 0.6822108
v -0.12668085 0.77562457 0.68224763
v -0.1131145 0.7637124 0.68762594
v -0.11733884 0.77818733 0.68710017
v -0.10547369 0.76652109 0.69526481
v -0.1100521 0.78021037 0.69352799
v -0.10070259 0.76842391 0.70197254
v -0.1021113 0.75201755 0.69808042
v -0.09612978 0.75477677 0.70527547
v -0.09094885 0.75692176 0.71072971
v -0.09150913 0.74166137 0.7082569
v -0.08533658 0.74423259 0.71348416
v -0.07878273 0.7462362 0.7164964
v -0.08087749 0.73206383 0.7183305
v -0.07311322 0.73404824 0.71968543
v -0.06563656 0.73480582 0.71585571
v -0.06876585 0.72237324 0.72640889
v -0.07885172 0.72080475 0.72620141
v -0.07977679 0.70993357 0.73576766
v -0.06717203 0.71132767 0.73647457
v -0.08328652 0.69934839 0.74636822
v -0.06906946 0.70046758 0.74783814
v -0.07149893 0.69062912 0.75935989
v -0.05368279 0.69112515 0.75714021
v -0.07091643 0.6815384 0.77167195
v -0.05234852 0.68278086 0.77097946
v -0.03450132 0.68235653 0.7696793
v -0.03555098 0.69039589 0.75392836
v -0.05073211 0.67315042 0.78710597
v -0.03340312 0.67284804 0.78646475
v -0.06815792 0.67085766 0.78669238
v -0.08968959 0.70681315 0.73054963
v -0.09512722 0.69701844 0.74089115
v -0.09818062 0.70201826 0.72273957
v -0.10600944 0.69258433 0.73217213
v -0.12949997 0.68145531 0.72996318
v -0.13869495 0.68326747 0.7152962
v -0.14437826 0.69121056 0.70217329
v -0.13136626 0.70999521 0.69220233
v -0.14672757 0.70554143 0.69318127
v -0.15951731 0.70182108 0.69312322
v -0.16877137 0.69896197 0.69154328
v -0.14721581 0.72174572 0.68697696
v -0.15836617 0.71914756 0.68679785
v -0.16612489 0.71778172 0.686396
v -0.17303569 0.71650302 0.68457448
v -0.17549027 0.69600898 0.68769472
v -0.15623962 0.73712796 0.68271511
v -0.16313582 0.73624479 0.68321049
v -0.16955377 0.73555743 0.68293684
v -0.17497962 0.73506915 0.68103319
v -0.17795474 0.71527147 0.68066626
v -0.16102352 0.75370353 0.68176513
v -0.16668848 0.75323343 0.68300318
v -0.17183429 0.75317996 0.68215692
v -0.17557881 0.75340658 0.67923712
v -0.17820221 0.73482596 0.67673963
v -0.16367708 0.76928496 0.68493688
v -0.16826129 0.76943004 0.68495529
v -0.17222467 0.76996004 0.68339294
v -0.17476438 0.7708652 0.68030691
v -0.1773412 0.75386005 0.67490786
v -0.16404748 0.78381043 0.68915343
v -0.1678846 0.78445607 0.68855333
v -0.17091248 0.78552001 0.68648946
v -0.17215061 0.78687346 0.68283772
v -0.17585995 0.77189075 0.67599731
v -0.16322538 0.79655903 0.69339889
v -0.16611483 0.79769933 0.69190424
v -0.16773434 0.79910653 0.68934524
v -0.16794398 0.80047702 0.68599647
v -0.17189233 0.78802245 0.67911917
v -0.16250905 0.80757659 0.69726985
v -0.16454294 0.80906379 0.69521927
v -0.16511809 0.81064546 0.69229424
v -0.16449505 0.81213599 0.68913877
v -0.16709896 0.80166024 0.68266582
v -0.16212135 0.81744372 0.70069021
v -0.16306723 0.81925952 0.6980679
v -0.16273567 0.82099115 0.69492805
v -0.16117711 0.82242292 0.69189018
v -0.16275093 0.81344878 0.6860938
v -0.16125448 0.82687449 0.70329922
v -0.16114194 0.82869094 0.70025664
v -0.15979231 0.83022654 0.69715863
v -0.15748116 0.83159685 0.69428235
v -0.15890854 0.82381665 0.68897938
v -0.15900108 0.8357082 0.70528376
v -0.15775753 0.83727932 0.70210862
v -0.15545535 0.83862936 0.69904965
v -0.15204609 0.83954316 0.69661694
v -0.15429781 0.83270776 0.69190484
v -0.15481677 0.84321034 0.70668828
v -0.15267992 0.84454089 0.70374929
v -0.14886121 0.84517973 0.70127517
v -0.14423507 0.84465771 0.69995051
v -0.14750435 0.83968162 0.69518131
v -0.14095403 0.84810793 0.70431244
v -0.13825984 0.85012364 0.70846134
v -0.13316287 0.84745329 0.70713967
v -0.1358115 0.8456794 0.70339185
v -0.13914412 0.84295201 0.69914001
v -0.13058188 0.84222936 0.70230096
v -0.1338226 0.84019368 0.69834047
v -0.13739676 0.83754485 0.69394725
v -0.14282752 0.83918106 0.69435709
v -0.14074017 0.83301681 0.68891817
v -0.14580081 0.83324414 0.68907672
v -0.15009582 0.83322888 0.6901071
v -0.14771843 0.82647275 0.68323874
v -0.15236212 0.82586574 0.6844626
v -0.15589998 0.82506823 0.68646955
v -0.15410912 0.81690007 0.67815756
v -0.15754336 0.81585103 0.68033134
v -0.16050061 0.81470602 0.68314886
v -0.16001559 0.80516362 0.67304277
v -0.16292771 0.80395603 0.67612433
v -0.16528013 0.80277049 0.67933648
v -0.1659419 0.79120868 0.66784036
v -0.16865961 0.7900508 0.67160141
v -0.1706603 0.78896516 0.67538732
v -0.17158815 0.77463924 0.66358119
v -0.17407469 0.7737202 0.66772514
v -0.17561544 0.77283024 0.67182713
v -0.1756916 0.75528186 0.66128885
v -0.17736335 0.75473177 0.66583418
v -0.17782697 0.75430625 0.67047792
v -0.17804925 0.73440301 0.66126221
v -0.17943379 0.73441463 0.66663867
v -0.17947752 0.73464024 0.67164337
v -0.18076016 0.71292448 0.66410172
v -0.18132709 0.71332198 0.66981518
v -0.18050169 0.71412414 0.67531818
v -0.18262676 0.6909933 0.669586
v -0.1820379 0.69211763 0.67616635
v -0.17971625 0.69369447 0.68235373
v -0.18241022 0.67008405 0.67889934
v -0.18045513 0.67186278 0.68667918
v -0.18160748 0.64889782 0.68157762
v -0.17988523 0.65082955 0.69235783
v -0.18063694 0.63088238 0.68244028
v -0.1791687 0.63255477 0.69518435
v -0.18048423 0.61290615 0.68234092
v -0.17966762 0.61363667 0.6956405
v -0.17595768 0.61432886 0.70933878
v -0.18215082 0.59441971 0.69536244
v -0.17888613 0.59408915 0.70921087
v -0.17179006 0.59344154 0.72242277
v -0.16914838 0.61486303 0.72191005
v -0.16401094 0.59239232 0.73571616
v -0.15919359 0.61365842 0.73490655
v -0.15740375 0.59051793 0.75045013
v -0.15005275 0.61102062 0.74928426
v -0.14301745 0.63153785 0.75002282
v -0.14383463 0.60786563 0.76458418
v -0.13428892 0.62769514 0.76430892
v -0.13867704 0.60379165 0.77987784
v -0.1286948 0.62229579 0.77940207
v -0.13333731 0.59912866 0.79420179
v -0.12421661 0.61607253 0.79421353
v -0.11321831 0.63213175 0.79564607
v -0.10993327 0.62263745 0.81128925
v -0.09902245 0.64471584 0.79751986
v -0.10597685 0.60949736 0.82534426
v -0.1018976 0.5922994 0.83554685
v -0.14628697 0.58467763 0.78108042
v -0.13983331 0.58127355 0.79532259
v -0.15098221 0.56480437 0.78201586
v -0.14344774 0.56196659 0.79637521
v -0.13448718 0.55979514 0.80973649
v -0.14480072 0.54144394 0.79650175
v -0.13472268 0.53867793 0.8103134
v -0.14441137 0.52032083 0.79509103
v -0.13378316 0.51661163 0.80876588
v -0.14270293 0.49921539 0.79209208
v -0.13152617 0.494681 0.80542028
v -0.14066095 0.478657 0.7879104
v -0.12885965 0.47352418 0.80102467
v -0.13935543 0.45917132 0.78279179
v -0.12715219 0.45427382 0.79575896
v -0.13809305 0.4407812 0.77614051
v -0.12549494 0.43644893 0.78878182
v -0.11196899 0.43061763 0.80182057
v -0.12398989 0.41890257 0.77917993
v -0.11085581 0.41381332 0.79162091
v -0.12335885 0.40115997 0.76756101
v -0.11084392 0.39612746 0.77884268
v -0.1233833 0.38366821 0.75582301
v -0.11153297 0.37862563 0.76605594
v -0.12395596 0.3663761 0.74464458
v -0.11256297 0.36136233 0.75422018
v -0.10071358 0.35601806 0.76253575
v -0.11388765 0.34418571 0.74353516
v -0.10226487 0.3391188 0.75158965
v -0.0903025 0.33396533 0.75817591
v -0.08866921 0.35027605 0.76907885
v -0.07814203 0.32889801 0.76314562
v -0.07671303 0.34428691 0.77321732
v -0.06577208 0.32427901 0.76680338
v -0.06469632 0.33892962 0.77587479
v -0.06369833 0.35186901 0.78585851
v -0.05243292 0.33455196 0.77768015
v -0.05191772 0.34685921 0.78647965
v -0.05171268 0.35660797 0.79573828
v -0.06282563 0.36219367 0.79653811
v -0.05199281 0.36271217 0.80524855
v -0.06227605 0.36801144 0.8072707
v -0.05268768 0.36294195 0.81559187
v -0.06236789 0.36731657 0.81819862
v -0.07059613 0.37289452 0.82226413
v -0.07553536 0.37913304 0.82815682
v -0.0623585 0.3613078 0.82970416
v -0.06943499 0.36593675 0.83408802
v -0.07324454 0.37213954 0.83976519
v -0.07247811 0.37964406 0.84554737
v -0.07556822 0.38758975 0.83504641
v -0.06764619 0.35730242 0.84659189
v -0.07054883 0.36339661 0.851942
v -0.06917113 0.3704898 0.8570643
v -0.06388619 0.37669098 0.8603757
v -0.06704826 0.38638162 0.84950625
v -0.06610303 0.35434219 0.86517012
v -0.06485904 0.36107832 0.86966967
v -0.05952037 0.36676049 0.87214416
v -0.05215415 0.3705281 0.87269544
v -0.05625995 0.38092011 0.86145162
v -0.05892663 0.35146972 0.882972
v -0.05427011 0.35705471 0.88505619
v -0.04732431 0.36076486 0.88513833
v -0.03927328 0.36217397 0.88360363
v -0.0438633 0.37196323 0.87147456
v -0.04863559 0.3475371 0.89884322
v -0.04245175 0.35129565 0.89867746
v -0.04199993 0.33780607 0.91299206
v -0.05310297 0.34218633 0.89738732
v -0.04593206 0.33280852 0.91183352
v -0.03609084 0.32388073 0.92573612
v -0.03293392 0.32839888 0.92573493
v -0.04798566 0.3270249 0.90931314
v -0.03748334 0.31873634 0.92384421
v -0.04667095 0.32203412 0.90559178
v -0.03653754 0.31433108 0.92045331
v -0.04317291 0.317952 0.90111213
v -0.03387418 0.31121596 0.91613251
v -0.05321575 0.33061271 0.89011842
v -0.0490986 0.32635572 0.88564997
v -0.04299159 0.32354837 0.88116866
v -0.0540443 0.33532619 0.87036925
v -0.04740978 0.33272531 0.86612671
v -0.03918544 0.33181154 0.86220115
v -0.05119067 0.34188723 0.85158819
v -0.04210127 0.34101295 0.84844636
v -0.03102474 0.34107703 0.84579157
v -0.02957401 0.3318676 0.85849452
v -0.04293036 0.34913685 0.83613842
v -0.03122546 0.34875354 0.83432304
v -0.04278905 0.35590216 0.82472342
v -0.03060687 0.35482013 0.82362312
v -0.04179291 0.35997718 0.8140257
v -0.0294551 0.35833656 0.8133105
v -0.04062129 0.35908025 0.80417984
v -0.0281449 0.35715198 0.80363881
v -0.03987141 0.35287386 0.79533958
v -0.02724187 0.35066372 0.79517602
v -0.03965793 0.34330028 0.78693121
v -0.02685874 0.34099283 0.78727704
v -0.03981353 0.3312222 0.7789486
v -0.0268179 0.32892736 0.77981704
v -0.04022159 0.31732752 0.77141636
v -0.02700832 0.31513127 0.77273249
v -0.04082467 0.30211457 0.76439011
v -0.02737129 0.30005931 0.76608175
v -0.04160123 0.2858783 0.75796884
v -0.02787252 0.28394046 0.75997859
v -0.04254102 0.26876336 0.752222
v -0.02849427 0.26690101 0.75449931
v -0.04364001 0.25085517 0.74717867
v -0.02922724 0.24902409 0.74967885
v -0.0448995 0.23221886 0.74285423
v -0.03007114 0.23038244 0.74555337
v -0.04631214 0.21291187 0.73920834
v -0.03102017 0.2110376 0.74209117
v -0.04785979 0.19301948 0.73613196
v -0.03206375 0.19107383 0.73919534
v -0.04949368 0.17272284 0.73330748
v -0.03315992 0.17070175 0.73647058
v -0.05120228 0.15217626 0.7305293
v -0.03430352 0.15008567 0.73371738
v -0.05298093 0.1315291 0.72758132
v -0.03549203 0.12937423 0.73073482
v -0.05481299 0.11100219 0.72412592
v -0.03671592 0.10876095 0.72724199
v -0.05669007 0.09080547 0.71989697
v -0.03794262 0.08864191 0.72269433
v -0.05852469 0.07177592 0.71385407
v -0.0391767 0.06932527 0.71685296
v -0.06048763 0.05301293 0.70745599
v -0.04047613 0.05044161 0.71040242
v -0.06256388 0.03463264 0.70060527
v -0.04184351 0.03198995 0.70343709
v -0.06472861 0.0167039 0.69328004
v -0.04325793 0.01407841 0.69591355
v -0.06692455 -0.00066785 0.68542468
v -0.04468052 -0.00320224 0.68780463
v -0.06906437 -0.01743164 0.67704021
v -0.04605316 -0.01980086 0.679111
v -0.07103077 -0.03359513 0.66816651
v -0.04730107 -0.03574538 0.66987967
v -0.07269085 -0.04922007 0.65885466
v -0.04834173 -0.05113102 0.66017514
v -0.07389401 -0.06426975 0.64902472
v -0.04908687 -0.06596717 0.64994269
v -0.07454211 -0.07877054 0.63859313
v -0.04947533 -0.08029975 0.63910925
v -0.07457384 -0.09261522 0.62732356
v -0.04945939 -0.09402201 0.6274321
v -0.07396034 -0.10569047 0.61495113
v -0.04900702 -0.10706737 0.61467158
v -0.07261496 -0.11776647 0.60107231
v -0.04803098 -0.11908175 0.60024523
v -0.07033839 -0.12855374 0.58503371
v -0.04641741 -0.12990824 0.58360046
v -0.06690329 -0.13836419 0.56647414
v -0.04405733 -0.13972801 0.56438618
v -0.06203844 -0.14748297 0.54464256
v -0.04087708 -0.14864844 0.54208093
v -0.05586807 -0.1558952 0.51912081
v -0.03701288 -0.15679359 0.51650506
v -0.04937786 -0.16328908 0.48972722
v -0.03287831 -0.16406402 0.48740032
v -0.04643975 -0.1638429 0.45402109
v -0.03101892 -0.1650788 0.45132476
v -0.04537787 -0.16240415 0.41879662
v -0.03035062 -0.16383183 0.41561517
v -0.06054946 -0.16263894 0.45681306
v -0.05889007 -0.16080525 0.42293021
v -0.0740118 -0.16244472 0.45903134
v -0.07130367 -0.15927356 0.42673423
v -0.07250595 -0.15628415 0.39512953
v -0.08289885 -0.16030883 0.42915692
v -0.08366401 -0.15593801 0.39909392
v -0.08973388 -0.15306688 0.37093597
v -0.0795381 -0.15326559 0.36549633
v -0.10343186 -0.14772743 0.34646883
v -0.09558387 -0.14736117 0.34049063
v -0.12381842 -0.13810603 0.32806637
v -0.11821027 -0.13664181 0.32229399
v -0.11349039 -0.13771864 0.31437543
v -0.10989704 -0.1396038 0.30459255
v -0.14194896 -0.122448 0.31178706
v -0.13799457 -0.12271449 0.30400812
v -0.13493453 -0.12442731 0.29521083
v -0.13253949 -0.12640036 0.28476816
v -0.10745323 -0.14123457 0.29218298
v -0.16022439 -0.10612137 0.29893779
v -0.156663 -0.10702563 0.28969216
v -0.15410949 -0.10894992 0.27943334
v -0.15150308 -0.11109701 0.26608771
v -0.13003 -0.12831446 0.27054083
v -0.17511944 -0.08888808 0.28738114
v -0.17217728 -0.09032265 0.27633509
v -0.16962979 -0.09238313 0.26320117
v -0.16724969 -0.09450175 0.24825727
v -0.14922712 -0.11299286 0.2511526
v -0.18650749 -0.07148394 0.2752422
v -0.18431052 -0.07331082 0.26162475
v -0.18228802 -0.07537502 0.24649594
v -0.18031136 -0.07722668 0.23121202
v -0.16517528 -0.09626586 0.23306621
v -0.19620907 -0.05433263 0.26092168
v -0.19452644 -0.05608699 0.24557702
v -0.19285146 -0.05779085 0.23007603
v -0.19109717 -0.05929747 0.21446195
v -0.17853073 -0.07884322 0.21572181
v -0.20440113 -0.03666488 0.24527913
v -0.20295864 -0.0380858 0.22952373
v -0.20134598 -0.03943255 0.21368697
v -0.19990068 -0.04075629 0.19771227
v -0.18948142 -0.06067062 0.19869259
v -0.21091949 -0.01823586 0.22942259
v -0.20952269 -0.01931557 0.21330083
v -0.20801994 -0.02044248 0.19706475
v -0.20660345 -0.02157475 0.18079134
v -0.19837868 -0.04192267 0.18166358
v -0.21548828 0.00095421 0.21326766
v -0.21405877 0.00004598 0.19672302
v -0.21267105 -0.0009468 0.18014963
v -0.21123431 -0.00195313 0.16350767
v -0.20517103 -0.02263667 0.1644196
v -0.21812592 0.02056489 0.19664353
v -0.21668036 0.01968816 0.17973028
v -0.21522529 0.0187308 0.16277538
v -0.21381214 0.01776968 0.14583258
v -0.20988255 -0.00294002 0.14685748
v -0.21869063 0.04030758 0.17951217
v -0.21721944 0.03936242 0.16219562
v -0.21571768 0.03837082 0.14489477
v -0.21436497 0.03737802 0.12760742
v -0.21247708 0.01681313 0.12887348
v -0.21723286 0.05972974 0.16168785
v -0.21573859 0.05869782 0.14398407
v -0.21433162 0.05766183 0.12635311
v -0.21295285 0.05665725 0.10877845
v -0.21301901 0.03642375 0.11036167
v -0.21386577 0.0785321 0.14308306
v -0.21239197 0.07744833 0.12508171
v -0.21097402 0.07642215 0.10718014
v -0.20951159 0.07544443 0.0893553
v -0.21154344 0.05571598 0.09126167
v -0.20884011 0.09665069 0.12377376
v -0.20733964 0.09559725 0.10554185
v -0.20589445 0.09463056 0.08739339
v -0.20444135 0.09369517 0.06934165
v -0.2082121 0.07454081 0.07160043
v -0.20209017 0.11402401 0.10386776
v -0.20049108 0.11301885 0.08542454
v -0.19900094 0.11209919 0.06707231
v -0.19757464 0.11120772 0.04874933
v -0.20299218 0.09278211 0.05134887
v -0.19364421 0.13064405 0.08343438
v -0.19209308 0.12972764 0.06479911
v -0.19060345 0.12883541 0.04618082
v -0.18907368 0.12788774 0.02758469
v -0.19616167 0.11028707 0.03044769
v -0.18363592 0.14639115 0.06257695
v -0.18203738 0.14547044 0.04369593
v -0.18051688 0.1445167 0.0248018
v -0.17904537 0.14348676 0.00582624
v -0.18765327 0.12688885 0.00893458
v -0.17233645 0.16125297 0.04128862
v -0.17074921 0.1602492 0.02213697
v -0.16921839 0.15911778 0.00286701
v -0.16784085 0.15790887 -0.01656757
v -0.17763257 0.14232067 -0.0132545
v -0.15970234 0.17484049 0.01969823
v -0.15821923 0.17366419 0.00018176
v -0.15686659 0.17237876 -0.01954468
v -0.15577109 0.17089942 -0.03947625
v -0.16669556 0.15650509 -0.0361542
v -0.14618943 0.18717701 -0.00220434
v -0.14496517 0.1858333 -0.0221493
v -0.14403735 0.18435715 -0.04237173
v -0.14331542 0.18252407 -0.06280779
v -0.15499039 0.16916197 -0.05960865
v -0.13217127 0.19829648 -0.02435832
v -0.13139349 0.19677802 -0.04478256
v -0.13077366 0.19492997 -0.06542127
v -0.13041932 0.19260405 -0.08624727
v -0.14289413 0.18024057 -0.08339598
v -0.11778604 0.20816555 -0.04669226
v -0.11729005 0.20630341 -0.06747321
v -0.11703201 0.20401123 -0.088456
v -0.11707189 0.20126889 -0.10951434
v -0.13046738 0.18976174 -0.10715477
v -0.10289072 0.21660985 -0.06904637
v -0.1027646 0.21448752 -0.09013181
v -0.1028658 0.21188689 -0.11128875
v -0.10317475 0.20887075 -0.13238291
v -0.11744377 0.19804297 -0.13049158
v -0.08741815 0.22356587 -0.09131685
v -0.08758897 0.22126859 -0.11255016
v -0.08791113 0.21849548 -0.13370773
v -0.08837521 0.2152179 -0.15464873
v -0.10383318 0.20546919 -0.15322636
v -0.07137535 0.22913648 -0.11340503
v -0.0716864 0.22666817 -0.13462099
v -0.07206014 0.22363326 -0.15562126
v -0.07247617 0.22015003 -0.17631937
v -0.08899653 0.21167376 -0.1752675
v -0.08956289 0.20780244 -0.19556121
v -0.1053565 0.19765022 -0.19382736
v -0.10463381 0.20169366 -0.1737065
v -0.07295512 0.21650707 -0.19675357
v -0.0733174 0.21248807 -0.21697719
v -0.0899666 0.20367725 -0.21564327
v -0.08993629 0.1990724 -0.23569664
v -0.10585305 0.18900291 -0.23379951
v -0.10583412 0.19340664 -0.21372789
v -0.07323423 0.20770137 -0.23702031
v -0.07255618 0.20212754 -0.2569276
v -0.08905232 0.19365368 -0.25578546
v -0.08711732 0.18713049 -0.27585881
v -0.10247167 0.1776902 -0.27473768
v -0.10491927 0.18400465 -0.25423148
v -0.07110847 0.19558088 -0.27668976
v -0.06892626 0.18818858 -0.29626843
v -0.08422431 0.17944608 -0.29561871
v -0.08052457 0.17067812 -0.31466937
v -0.09453384 0.16117934 -0.31389191
v -0.09883429 0.16995768 -0.29464104
v -0.06618727 0.17995509 -0.31539675
v -0.06293921 0.17093505 -0.33377206
v -0.07650878 0.1614829 -0.33310607
v -0.07215418 0.1522378 -0.35091853
v -0.08434885 0.14224928 -0.35024911
v -0.08977954 0.15186987 -0.33248868
v -0.05939241 0.1616978 -0.35153883
v -0.05558099 0.15246547 -0.36899372
v -0.06735856 0.14312543 -0.36821481
v -0.06288299 0.13479915 -0.38566413
v -0.07315561 0.12487766 -0.38486799
v -0.07841713 0.13297665 -0.36737579
v -0.05191191 0.14377903 -0.38642579
v -0.04916775 0.13687847 -0.40424495
v -0.05959266 0.12827372 -0.40360316
v -0.05793512 0.12411745 -0.42189729
v -0.06714833 0.11455094 -0.42136421
v -0.06926552 0.11862123 -0.40294367
v -0.04782156 0.13251921 -0.42240384
v -0.04791701 0.13076943 -0.44063147
v -0.05795488 0.12232134 -0.4402439
v -0.05940226 0.12246272 -0.45841041
v -0.06836984 0.11244866 -0.45807048
v -0.06692165 0.11262581 -0.43981459
v -0.04918354 0.13110588 -0.4587143
v -0.05128905 0.13288831 -0.47657048
v -0.06187154 0.12391736 -0.47631683
v -0.06493659 0.12608695 -0.49398356
v -0.07453973 0.11518406 -0.49372622
v -0.07108099 0.11348852 -0.47603485
v -0.05386264 0.13544192 -0.49421137
v -0.05656426 0.13817635 -0.51170384
v -0.06819527 0.12844473 -0.51148241
v -0.07138819 0.13065873 -0.5289002
v -0.08189129 0.11876276 -0.52862566
v -0.07825774 0.11705186 -0.51122474
v -0.05916593 0.14070385 -0.52912843
v -0.06154042 0.14282852 -0.54654687
v -0.07434424 0.13252915 -0.54630363
v -0.07687436 0.13385249 -0.5637319
v -0.08814258 0.12101941 -0.56340533
v -0.0852271 0.12012009 -0.54600423
v -0.06365916 0.14452676 -0.56399399
v -0.06549058 0.14576764 -0.58148026
v -0.0790279 0.13469611 -0.58120012
v -0.08085818 0.13512729 -0.59870272
v -0.09277033 0.12154655 -0.59832787
v -0.09063214 0.12146809 -0.58084714
v -0.0670044 0.14651893 -0.59899753
v -0.06833689 0.14700067 -0.61653012
v -0.08247818 0.1352958 -0.61622512
v -0.06958289 0.14737108 -0.6340599
v -0.10001762 0.10645408 -0.5804252
v -0.09722278 0.10645195 -0.56302064
v -0.10384325 0.09050255 -0.56258732
v -0.10034541 0.09068493 -0.54528135
v -0.09398145 0.10605543 -0.54565882
v -0.09643045 0.09054051 -0.52799314
v -0.09030833 0.10526093 -0.52831602
v -0.09223761 0.09013429 -0.51066154
v -0.08633537 0.10415412 -0.51094025
v -0.0880327 0.0896081 -0.49319234
v -0.08230848 0.10291134 -0.49344873
v -0.08429262 0.0892083 -0.47546994
v -0.07862886 0.10182195 -0.47573748
v -0.08170189 0.08930607 -0.45740342
v -0.07587821 0.10131819 -0.45772138
v -0.08094159 0.09035392 -0.43899732
v -0.0746502 0.10190369 -0.43939119
v -0.08246567 0.09283088 -0.42039996
v -0.07537069 0.10406547 -0.4208574
v -0.08634374 0.09713538 -0.40187406
v -0.07819489 0.10818367 -0.40235027
v -0.09220156 0.10340698 -0.38373524
v -0.08291453 0.11434486 -0.38418355
v -0.09958829 0.11161542 -0.36632645
v -0.08918009 0.12241514 -0.36667355
v -0.10783348 0.12156466 -0.3497453
v -0.09623403 0.13210427 -0.34982225
v -0.11538388 0.13169407 -0.33216512
v -0.10267106 0.14198167 -0.33204209
v -0.12182464 0.14119032 -0.31357696
v -0.10831105 0.1514728 -0.31342041
v -0.12738949 0.14961363 -0.29390296
v -0.1132825 0.1600448 -0.29394751
v -0.13196791 0.15663774 -0.27311125
v -0.11742097 0.16747388 -0.27366033
v -0.13509915 0.16210152 -0.2514356
v -0.12017391 0.17337082 -0.25270122
v -0.13639277 0.16651307 -0.22954858
v -0.12132437 0.17803563 -0.23161625
v -0.13626195 0.17072638 -0.20843935
v -0.12124103 0.18226833 -0.21128721
v -0.1351154 0.17480975 -0.18872991
v -0.12048433 0.18648678 -0.19153173
v -0.13351953 0.17893753 -0.16902497
v -0.11946438 0.19066718 -0.17162306
v -0.1320462 0.18292829 -0.14874395
v -0.118347 0.19454349 -0.15125343
v -0.1309711 0.18654367 -0.12803958
v -0.14490078 0.17078319 -0.1455937
v -0.14353241 0.17433218 -0.12489427
v -0.14295436 0.17752204 -0.10414701
v -0.15522117 0.16137668 -0.1209623
v -0.15458792 0.16436897 -0.10039028
v -0.15450643 0.16699287 -0.0799478
v -0.16546765 0.15029463 -0.0958686
v -0.16533118 0.15273365 -0.07581729
v -0.1657824 0.15480387 -0.05588083
v -0.17525155 0.13735926 -0.0711532
v -0.17561408 0.13934555 -0.05173358
v -0.17652742 0.14097006 -0.03246598
v -0.18429239 0.12275089 -0.04727266
v -0.18506698 0.12437202 -0.0284793
v -0.18626073 0.1257563 -0.00975364
v -0.19230604 0.1067685 -0.02432314
v -0.19340227 0.10814888 -0.00609477
v -0.19470536 0.10927809 0.01219954
v -0.19888044 0.08966627 -0.00233289
v -0.20023798 0.09082863 0.01551078
v -0.20156328 0.09183608 0.03339721
v -0.203952 0.07163243 0.01883979
v -0.20538406 0.07267225 0.03633547
v -0.2067113 0.07361413 0.05393804
v -0.20741409 0.05296275 0.03922585
v -0.20871628 0.05389811 0.05648864
v -0.21014425 0.05480847 0.07383772
v -0.20883555 0.03375071 0.05898651
v -0.21025243 0.03462429 0.07602627
v -0.21156987 0.03551153 0.0931575
v -0.20829744 0.01421728 0.078179
v -0.20965114 0.01505579 0.09502034
v -0.2110936 0.01590001 0.11193253
v -0.20569759 -0.00550158 0.0968329
v -0.20712004 -0.00471699 0.11349219
v -0.20848999 -0.00385822 0.13017752
v -0.20105253 -0.02526771 0.11505522
v -0.20239839 -0.02447729 0.13153941
v -0.20380155 -0.02361606 0.14799551
v -0.19407831 -0.04468637 0.13295027
v -0.19549317 -0.04389097 0.1492526
v -0.19694063 -0.04298567 0.16549553
v -0.18499912 -0.06365195 0.15060545
v -0.1864259 -0.06282611 0.16674843
v -0.18790745 -0.06183825 0.18278072
v -0.1736162 -0.08194166 0.16818174
v -0.17514643 -0.08114512 0.18417678
v -0.17678098 -0.080118 0.20003929
v -0.16022232 -0.09962621 0.18588681
v -0.16173955 -0.09880749 0.20183579
v -0.16340926 -0.09773374 0.21755784
v -0.14435859 -0.11618737 0.20408773
v -0.14574319 -0.11545164 0.22005286
v -0.14725402 -0.11431739 0.23577202
v -0.12584365 -0.13123992 0.22314427
v -0.12686766 -0.13058927 0.23934656
v -0.12826097 -0.12971773 0.25525823
v -0.10464806 -0.14410239 0.24359859
v -0.10501904 -0.14349494 0.26040399
v -0.10579858 -0.14256206 0.27680042
v -0.0808378 -0.15347054 0.26594969
v -0.08017581 -0.15295276 0.28414455
v -0.05778503 -0.16013041 0.27090495
v -0.0559816 -0.15947949 0.29077076
v -0.03664848 -0.16393625 0.2744798
v -0.03517646 -0.16293022 0.29549738
v -0.03803513 -0.1649487 0.25468286
v -0.05919559 -0.16078376 0.25181314
v -0.06026991 -0.16126538 0.23317107
v -0.03912454 -0.16565325 0.23543614
v -0.0816003 -0.15404437 0.2479577
v -0.08215954 -0.15433058 0.23010818
v -0.0825065 -0.15446396 0.2124335
v -0.06102157 -0.16160789 0.2149008
v -0.10437327 -0.14444816 0.22662524
v -0.10409288 -0.14455914 0.20960283
v -0.10372946 -0.14447939 0.19261319
v -0.08266553 -0.15442246 0.19492176
v -0.12491776 -0.13159771 0.20672634
v -0.1241211 -0.13183623 0.19020435
v -0.12324237 -0.1317635 0.17360623
v -0.10332221 -0.14427864 0.17563444
v -0.14314284 -0.11673986 0.1879165
v -0.14190308 -0.11695234 0.17163188
v -0.14083108 -0.11710386 0.15527153
v -0.12248225 -0.13170042 0.15698976
v -0.15875913 -0.10014884 0.16981132
v -0.15747433 -0.10055796 0.15362212
v -0.15620008 -0.10076377 0.13737943
v -0.13974012 -0.11704989 0.13887247
v -0.17222721 -0.08259112 0.15206684
v -0.17088092 -0.08307358 0.13588498
v -0.16968132 -0.08350255 0.11965502
v -0.15511511 -0.10098297 0.12109761
v -0.18358206 -0.06430985 0.13440182
v -0.18228817 -0.06489547 0.11815352
v -0.180969 -0.06534832 0.10190647
v -0.16848094 -0.08381233 0.10342244
v -0.19276227 -0.04540254 0.11661623
v -0.19142568 -0.04600824 0.10029057
v -0.19020608 -0.04657812 0.08401677
v -0.17982737 -0.06581112 0.08570643
v -0.19967351 -0.02595671 0.09859124
v -0.19835089 -0.02659171 0.08219035
v -0.19705648 -0.02720771 0.06585224
v -0.18896421 -0.04706681 0.06782559
v -0.2044451 -0.00627734 0.08023005
v -0.20309151 -0.00701183 0.06369867
v -0.20184773 -0.00780068 0.04728614
v -0.1958224 -0.02786701 0.0496404
v -0.20701184 0.0133838 0.06139437
v -0.2056263 0.01254359 0.0447509
v -0.20438334 0.01160169 0.02821712
v -0.20049722 -0.00858666 0.0310196
v -0.20755142 0.03283519 0.0420362
v -0.20616623 0.03185281 0.02524113
v -0.20487248 0.0307421 0.00854597
v -0.20301285 0.01057758 0.01183008
v -0.20603048 0.05192527 0.0220914
v -0.20468905 0.05078404 0.00501211
v -0.20359301 0.0493679 -0.01183223
v -0.20363202 0.02938839 -0.00795185
v -0.20270538 0.07046915 0.00141156
v -0.2015212 0.06905287 -0.01589889
v -0.20071271 0.06731619 -0.03310486
v -0.20261284 0.04763943 -0.02858881
v -0.197785 0.08824179 -0.02008569
v -0.19695161 0.08653964 -0.0378273
v -0.19654063 0.08434933 -0.0553703
v -0.2001561 0.06507578 -0.05010635
v -0.19142621 0.10506488 -0.04254638
v -0.19107762 0.10296428 -0.06073164
v -0.19147983 0.10031008 -0.0788109
v -0.19685402 0.0815385 -0.07274964
v -0.18386606 0.12069465 -0.06607063
v -0.18425926 0.11819503 -0.08486105
v -0.18538659 0.11511646 -0.10359429
v -0.19274464 0.09694979 -0.09661927
v -0.17544771 0.13492174 -0.09062895
v -0.17641994 0.13215886 -0.11024343
v -0.17852376 0.12890203 -0.12986908
v -0.18781131 0.11124846 -0.1219465
v -0.16618681 0.14747479 -0.11610692
v -0.16777594 0.14448314 -0.13658744
v -0.16991153 0.14151784 -0.1574797
v -0.18213155 0.12473744 -0.14905794
v -0.15666286 0.15808391 -0.1416665
v -0.15873105 0.15449063 -0.16232992
v -0.14669714 0.16678629 -0.16593152
v -0.14868725 0.16275851 -0.18559835
v -0.15050488 0.15881383 -0.2051801
v -0.15101955 0.15465031 -0.22766792
v -0.14954595 0.15032808 -0.25091555
v -0.16388031 0.13777095 -0.25180515
v -0.16015359 0.13264067 -0.27494683
v -0.17443318 0.11871923 -0.2779918
v -0.178992 0.12303008 -0.25536185
v -0.14616438 0.14507083 -0.27342885
v -0.14111407 0.13831971 -0.2945531
v -0.15483751 0.12632186 -0.29622691
v -0.14806741 0.11852401 -0.31581687
v -0.16104205 0.10584605 -0.31782943
v -0.16835184 0.11294306 -0.29862716
v -0.13494116 0.13021023 -0.31432363
v -0.12778794 0.12094075 -0.33288699
v -0.1401074 0.10958238 -0.33412432
v -0.13064625 0.09945718 -0.35093483
v -0.14215576 0.0877062 -0.35214316
v -0.15242737 0.0974682 -0.33575838
v -0.11927438 0.11069586 -0.35014042
v -0.10992596 0.10060434 -0.36645185
v -0.11992436 0.08922744 -0.36666205
v -0.10936828 0.08034271 -0.38308939
v -0.11755461 0.06832518 -0.38246858
v -0.13012124 0.07750709 -0.3671379
v -0.10107269 0.09210922 -0.38349589
v -0.09359876 0.08553604 -0.40142536
v -0.09985052 0.07343759 -0.40071305
v -0.09235747 0.0684487 -0.419303
v -0.08821506 0.08094664 -0.41993561
v -0.08553998 0.07815188 -0.43863323
v -0.08813457 0.06544922 -0.43829268
v -0.08721866 0.06357252 -0.45700144
v -0.08630295 0.0502578 -0.45705226
v -0.08557628 0.07664623 -0.45714807
v -0.08781047 0.07591999 -0.47527328
v -0.08893889 0.06223714 -0.47519248
v -0.09236159 0.06111239 -0.49288639
v -0.09063357 0.04654169 -0.49287602
v -0.08748386 0.04842764 -0.47527262
v -0.09145639 0.07557264 -0.49299463
v -0.0957138 0.07530834 -0.51041758
v -0.09656735 0.06000432 -0.5102263
v -0.10090268 0.05880018 -0.52737838
v -0.09472733 0.04456337 -0.5100786
v -0.10001814 0.07493698 -0.52767741
v -0.10408338 0.07435891 -0.54488581
v -0.08626542 0.03217562 -0.49293544
v -0.0764688 0.02160685 -0.47601461
v -0.08331724 0.03475564 -0.47554966
v -0.07528478 0.02382752 -0.45863369
v -0.08244446 0.0368272 -0.45749279
v -0.06571509 0.01219066 -0.45966097
v -0.06604391 0.01247305 -0.44298607
v -0.05389129 0.00324389 -0.44419062
v -0.06854344 0.00918821 -0.42726656
v -0.1262851 0.05563886 -0.38126617
v -0.14088287 0.06532701 -0.36795201
v -0.15384279 0.07526084 -0.35357186
v -0.15237122 0.05207628 -0.36872145
v -0.16601438 0.06170741 -0.35505232
v -0.17769084 0.07022653 -0.33976623
v -0.16493761 0.08436426 -0.33768135
v -0.1875053 0.0771218 -0.3231239
v -0.1742271 0.09202759 -0.32040149
v -0.19598072 0.08229728 -0.30571812
v -0.18215541 0.09830788 -0.30204531
v -0.20332667 0.08589351 -0.28785443
v -0.18895877 0.10283825 -0.28268474
v -0.20980003 0.08751565 -0.26967594
v -0.19466051 0.10565916 -0.26210445
v -0.21585381 0.08651167 -0.25174024
v -0.19949027 0.1062176 -0.24075402
v -0.22214722 0.08248406 -0.23481784
v -0.20444926 0.10340502 -0.22013633
v -0.22897702 0.07431208 -0.21934112
v -0.21363736 0.09197974 -0.20428492
v -0.23551341 0.06335154 -0.20521988
v -0.22190621 0.0780656 -0.19026254
v -0.20873074 0.09098769 -0.17408087
v -0.22848852 0.06257287 -0.17745427
v -0.21624024 0.07296212 -0.16247242
v -0.20654965 0.08115578 -0.14665682
v -0.1985623 0.10025765 -0.15685041
v -0.19974945 0.08755384 -0.1306186
v -0.192052 0.10642213 -0.13963642
v -0.19530186 0.0926688 -0.11393858
v -0.20521436 0.0682896 -0.12217794
v -0.20058362 0.07351068 -0.10629228
v -0.19797278 0.07795816 -0.08980162
v -0.20374949 0.05412812 -0.09922349
v -0.20123615 0.05853236 -0.08330781
v -0.20035186 0.06221356 -0.06687888
v -0.20248423 0.03896641 -0.07729626
v -0.20194269 0.04256659 -0.06135275
v -0.20197038 0.04542505 -0.0450815
v -0.20155757 0.02283965 -0.0562824
v -0.20183503 0.02559398 -0.04040912
v -0.2026785 0.02770991 -0.02430611
v -0.19983455 0.00580756 -0.03611425
v -0.20071478 0.00777656 -0.02035
v -0.20185974 0.00931409 -0.00433626
v -0.1969162 -0.011999 -0.01675373
v -0.19796736 -0.0106161 -0.00100513
v -0.19925327 -0.00952708 0.01489683
v -0.19221605 -0.03025505 0.00196616
v -0.19329904 -0.02929771 0.01766715
v -0.19464413 -0.02858323 0.03355943
v -0.18542568 -0.04863496 0.02008586
v -0.18656314 -0.04804875 0.03582784
v -0.18774221 -0.04754777 0.05175263
v -0.17637917 -0.06685017 0.03774903
v -0.17748394 -0.06651282 0.05359787
v -0.17858661 -0.06613835 0.06958707
v -0.16521982 -0.08451663 0.05514698
v -0.16625516 -0.08429775 0.07112183
v -0.16738367 -0.08410012 0.08723409
v -0.15201479 -0.10125157 0.07241834
v -0.15304461 -0.10121917 0.08858191
v -0.15399786 -0.10106235 0.10481955
v -0.13694998 -0.11681801 0.08974444
v -0.13779798 -0.11685889 0.10608346
v -0.13877525 -0.11699727 0.12247277
v -0.12008442 -0.13081856 0.10721482
v -0.12088772 -0.13116733 0.12377324
v -0.12163743 -0.13140265 0.14036402
v -0.1018551 -0.14325982 0.12497136
v -0.10237642 -0.14364109 0.14180077
v -0.102903 -0.1440552 0.15869587
v -0.08229157 -0.15344995 0.14310538
v -0.08255079 -0.15393476 0.16027839
v -0.08264263 -0.15417291 0.17754681
v -0.0617968 -0.16128452 0.16163647
v -0.06170171 -0.16149731 0.17918919
v -0.0614755 -0.16167977 0.196938
v -0.04077902 -0.16650852 0.18043628
v -0.04045267 -0.16658592 0.19845663
v -0.03993303 -0.16628342 0.21678142
v -0.04097569 -0.16630213 0.16265483
v -0.04105235 -0.16595672 0.14504802
v -0.06173097 -0.16085504 0.14421598
v -0.06156396 -0.16039112 0.12692858
v -0.04102722 -0.165508 0.12759152
v -0.08196479 -0.15296092 0.1260361
v -0.08153149 -0.15237364 0.10905394
v -0.06127784 -0.15976069 0.10974908
v -0.10125345 -0.14277485 0.10820242
v -0.10068099 -0.14241953 0.09150742
v -0.08107639 -0.15195024 0.09215369
v -0.11940816 -0.13065448 0.09071048
v -0.11862751 -0.13035993 0.07426977
v -0.10002892 -0.1420097 0.07487073
v -0.13608667 -0.11673489 0.07346124
v -0.13530869 -0.11672379 0.05728509
v -0.11796414 -0.13026276 0.05790947
v -0.15117888 -0.10140932 0.05637425
v -0.15026089 -0.10145209 0.04044854
v -0.13458763 -0.1167356 0.0412312
v -0.16426654 -0.08475127 0.03930573
v -0.16342485 -0.08500079 0.02367253
v -0.14951118 -0.10155895 0.02472859
v -0.1753921 -0.0672395 0.02211078
v -0.17449189 -0.06770467 0.00667701
v -0.16267994 -0.08520676 0.00823537
v -0.18442009 -0.0493448 0.00456075
v -0.18345174 -0.05022102 -0.01081767
v -0.17363353 -0.06824446 -0.0085821
v -0.19112268 -0.03136286 -0.01354768
v -0.1901395 -0.03282096 -0.02885738
v -0.18247667 -0.05127346 -0.02597932
v -0.19596831 -0.01372343 -0.03223754
v -0.19527474 -0.01595481 -0.04754449
v -0.18923236 -0.03460372 -0.04402344
v -0.19931596 0.00323562 -0.05168141
v -0.1994199 0.00009963 -0.06684672
v -0.19515022 -0.01882414 -0.06256384
v -0.20183384 0.01945053 -0.07182256
v -0.20397973 0.01510538 -0.08688363
v -0.20159775 -0.00413109 -0.08163236
v -0.20476472 0.0346059 -0.09274981
v -0.20941004 0.02930924 -0.10753012
v -0.2086595 0.00987167 -0.10119997
v -0.20823179 0.0488295 -0.11453271
v -0.21527691 0.04260923 -0.1290093
v -0.21653236 0.02323175 -0.12138517
v -0.21219606 0.06203112 -0.13734981
v -0.2217105 0.05463423 -0.15192438
v -0.22508698 0.03581204 -0.14246444
v -0.23633419 0.02809473 -0.15553432
v -0.23768545 0.0095019 -0.14608579
v -0.22637744 0.01662608 -0.13401845
v -0.23324735 0.04590756 -0.16589437
v -0.24549958 0.03534061 -0.18013496
v -0.24816283 0.01899377 -0.16892452
v -0.24113915 0.0501951 -0.19219125
v -0.25301441 0.03684816 -0.20743942
v -0.25697565 0.02362893 -0.19531364
v -0.2479272 0.04796262 -0.22024145
v -0.2578144 0.03255097 -0.23680409
v -0.26249715 0.02306585 -0.22459036
v -0.26795634 0.01106349 -0.24387429
v -0.27239704 -0.00041636 -0.23182949
v -0.26637351 0.01131632 -0.21240012
v -0.2620626 0.02129144 -0.25595921
v -0.26088333 0.01610327 -0.2734293
v -0.26847267 0.00335583 -0.26410409
v -0.25133916 0.02995863 -0.27957329
v -0.2448915 0.03046155 -0.29511299
v -0.25589394 0.01375143 -0.29090741
v -0.2384611 0.04860253 -0.28099528
v -0.23166665 0.04910189 -0.29563391
v -0.22375473 0.04749014 -0.31125244
v -0.23689971 0.02943418 -0.31110456
v -0.22435127 0.06858115 -0.27666291
v -0.21769689 0.06804508 -0.29271945
v -0.21001014 0.06540911 -0.30918544
v -0.2011004 0.06099922 -0.3256542
v -0.21443928 0.04387521 -0.32713103
v -0.20343726 0.03835846 -0.34265977
v -0.21582296 0.02126176 -0.34271237
v -0.22728997 0.02632388 -0.3271197
v -0.19062744 0.0547997 -0.34155726
v -0.17836812 0.04700911 -0.35643509
v -0.19070857 0.03118884 -0.3573794
v -0.17601949 0.02260936 -0.37050131
v -0.1871991 0.00656702 -0.37078881
v -0.20258747 0.01465295 -0.3576475
v -0.16429594 0.03793625 -0.36976617
v -0.14831972 0.027963 -0.38067093
v -0.15963441 0.01311296 -0.38136443
v -0.13700775 0.04207885 -0.3806191
v -0.13097482 0.01774702 -0.3890365
v -0.11327035 0.00795451 -0.39614182
v -0.14151087 0.00312914 -0.38910281
v -0.16986075 -0.00249927 -0.38142478
v -0.19723919 -0.01008203 -0.36983752
v -0.22272323 -0.01952242 -0.35403171
v -0.2133912 -0.00236214 -0.35660091
v -0.23709878 -0.01331563 -0.33839911
v -0.22718033 0.00397464 -0.34131419
v -0.24905362 -0.00830772 -0.32124739
v -0.23896345 0.00875706 -0.32507672
v -0.25815036 -0.00465067 -0.30298608
v -0.24857363 0.01186904 -0.3081595
v -0.26479631 -0.00120886 -0.28403201
v -0.26603883 -0.02059004 -0.29600209
v -0.27205523 -0.01582921 -0.27498742
v -0.27451804 -0.00938207 -0.25314196
v -0.27693289 -0.03040533 -0.26502284
v -0.27827951 -0.02297841 -0.24183668
v -0.27511239 -0.01348416 -0.2201281
v -0.27969086 -0.03738984 -0.23095415
v -0.27561661 -0.02801025 -0.20899581
v -0.26874738 -0.01781031 -0.18974265
v -0.26859432 -0.00247632 -0.20065888
v -0.25972455 -0.00779825 -0.17293167
v -0.25931444 0.00864467 -0.18377418
v -0.24927076 0.00133643 -0.15862864
v -0.2587223 -0.02567573 -0.1631159
v -0.24846188 -0.0174478 -0.1493489
v -0.23710829 -0.00976018 -0.13752049
v -0.24546946 -0.03675877 -0.14160205
v -0.23444227 -0.02930095 -0.13019651
v -0.22332969 -0.02218166 -0.11965574
v -0.22586447 -0.00277218 -0.12632568
v -0.21358937 -0.01546613 -0.10838629
v -0.21609962 0.00384988 -0.11437091
v -0.20605042 -0.00929709 -0.09573829
v -0.20915412 -0.03428017 -0.10337576
v -0.20170426 -0.0279341 -0.09104743
v -0.1971568 -0.02277504 -0.07721073
v -0.19468472 -0.04546101 -0.08768875
v -0.19032518 -0.04036262 -0.07371106
v -0.18882428 -0.03690345 -0.05899708
v -0.18225048 -0.05717396 -0.0707476
v -0.1811224 -0.05430623 -0.05599447
v -0.18160645 -0.0525617 -0.04105961
v -0.17183995 -0.07087586 -0.0535093
v -0.17215625 -0.06970617 -0.03874758
v -0.17288306 -0.06891921 -0.02370741
v -0.16105435 -0.08598651 -0.03697839
v -0.1615186 -0.08572291 -0.02204357
v -0.16206158 -0.08543133 -0.00696705
v -0.14821428 -0.10155354 -0.02112077
v -0.1484407 -0.10158211 -0.0060389
v -0.14891336 -0.10164309 0.00920193
v -0.1330595 -0.11663229 -0.0058467
v -0.13337694 -0.11674147 0.00960797
v -0.13391798 -0.11675713 0.02531961
v -0.11612412 -0.12997333 0.00949396
v -0.11669414 -0.13011151 0.02550439
v -0.11724786 -0.13009236 0.04164833
v -0.09816036 -0.14146548 0.0253786
v -0.09874726 -0.14154961 0.04180153
v -0.09941366 -0.1417755 0.05830735
v -0.07936376 -0.1508371 0.04177414
v -0.0799767 -0.15115553 0.05853057
v -0.08051817 -0.15144561 0.07531894
v -0.06013832 -0.15832768 0.05863659
v -0.06057525 -0.15869462 0.0756329
v -0.06098373 -0.15928207 0.09265828
v -0.04043764 -0.16384093 0.0758346
v -0.04071071 -0.16441839 0.09301744
v -0.0409047 -0.16497193 0.11025594
v -0.04010746 -0.16337271 0.05866922
v -0.03969743 -0.16296489 0.04147059
v -0.05960343 -0.15796835 0.04163587
v -0.05903257 -0.157853 0.02457509
v -0.03920911 -0.16270534 0.02415902
v -0.07878051 -0.15075255 0.02502264
v -0.0781532 -0.15063193 0.0082807
v -0.05839609 -0.15775604 0.00741668
v -0.09764459 -0.14141836 0.00902072
v -0.0972931 -0.14141605 -0.00720436
v -0.07770565 -0.15070419 -0.00852477
v -0.11588966 -0.12997792 -0.00627293
v -0.11581887 -0.12958946 -0.02175313
v -0.09722459 -0.1412213 -0.02324877
v -0.1330149 -0.11633674 -0.02102546
v -0.13343064 -0.11588395 -0.03597863
v -0.11643648 -0.12905134 -0.03698281
v -0.14814619 -0.10140866 -0.0360132
v -0.14865112 -0.1015921 -0.05043571
v -0.13433654 -0.11549206 -0.05035552
v -0.16102938 -0.08661999 -0.05158581
v -0.16232432 -0.0884616 -0.06609694
v -0.15047203 -0.10290277 -0.06462694
v -0.17297159 -0.07322067 -0.06813769
v -0.17738509 -0.07798746 -0.08158443
v -0.16678817 -0.09287706 -0.07936612
v -0.18666322 -0.06208344 -0.08452637
v -0.19445039 -0.06930702 -0.09588619
v -0.18493799 -0.08513635 -0.09271235
v -0.20243696 -0.05228849 -0.09958875
v -0.2124729 -0.05981466 -0.10924
v -0.20450291 -0.07742562 -0.10481347
v -0.21896027 -0.04127431 -0.11388557
v -0.23009319 -0.04867297 -0.12380288
v -0.22378531 -0.0676776 -0.11832213
v -0.23475895 -0.0751327 -0.12841899
v -0.2267404 -0.09379391 -0.1229414
v -0.21575997 -0.08593311 -0.11339379
v -0.24112847 -0.05604323 -0.13451215
v -0.2513512 -0.063329 -0.14739097
v -0.24538044 -0.08224438 -0.14047843
v -0.25588351 -0.04436476 -0.15475893
v -0.26492342 -0.05212806 -0.17071147
v -0.26078218 -0.07039347 -0.16283439
v -0.26759108 -0.03442864 -0.17951667
v -0.27478411 -0.04356112 -0.19878594
v -0.27279338 -0.06016537 -0.18975023
v -0.27828779 -0.06808751 -0.21170355
v -0.26945945 -0.07757735 -0.18142661
v -0.27962967 -0.05228647 -0.22085276
v -0.28099167 -0.0601084 -0.24512404
v -0.27973777 -0.0451992 -0.25492659
v -0.27544564 -0.05167961 -0.27879914
v -0.27180898 -0.03620215 -0.28768637
v -0.26318994 -0.0414621 -0.30890795
v -0.25700247 -0.02513274 -0.31564018
v -0.24521726 -0.03034963 -0.33391261
v -0.25540256 -0.08896389 -0.15520171
v -0.23776066 -0.10099694 -0.13403242
v -0.21761253 -0.11163602 -0.11769871
v -0.19578269 -0.11850045 -0.10516123
v -0.20645974 -0.10305174 -0.10890817
v -0.18446831 -0.10878746 -0.09822619
v -0.1951067 -0.09377834 -0.10111051
v -0.17434808 -0.09987323 -0.09022857
v -0.17254564 -0.1223941 -0.0961565
v -0.16254583 -0.11337368 -0.08858
v -0.15511308 -0.10682819 -0.07771353
v -0.14921462 -0.12574265 -0.08799263
v -0.14172998 -0.11956682 -0.07717498
v -0.13687302 -0.116402 -0.06417951
v -0.12599675 -0.13086853 -0.07811261
v -0.12084573 -0.12858778 -0.0651827
v -0.11780983 -0.12835866 -0.05152051
v -0.10205775 -0.13949613 -0.0680257
v -0.09912388 -0.13990877 -0.05411626
v -0.09774172 -0.1406942 -0.03902053
v -0.0788787 -0.14949829 -0.05811476
v -0.07764059 -0.15027797 -0.04199089
v -0.07739432 -0.15050894 -0.02533078
v -0.05690466 -0.1578603 -0.04529421
v -0.05713797 -0.15787455 -0.02744939
v -0.05773343 -0.15781121 -0.00992254
v -0.03731695 -0.162612 -0.0293319
v -0.03799648 -0.16255596 -0.01111096
v -0.03865505 -0.16256807 0.00666262
v -0.03662612 -0.16279904 -0.04802246
v -0.07121247 0.23131005 -0.09215734
v -0.08745779 0.22554351 -0.07017698
v -0.07119328 0.23313754 -0.07100234
v -0.08770532 0.22726564 -0.04924958
v -0.07133191 0.23471911 -0.05005075
v -0.08811567 0.22876751 -0.02856096
v -0.0716207 0.23618599 -0.02934721
v -0.08871924 0.23018035 -0.00821149
v -0.07204859 0.23751345 -0.00897937
v -0.08939854 0.23140665 0.01184426
v -0.0725789 0.23877093 0.01108087
v -0.09021896 0.23266829 0.0315798
v -0.0732204 0.24007313 0.03080801
v -0.09116443 0.23402094 0.05099681
v -0.07396263 0.2414297 0.05020253
v -0.09212819 0.23528999 0.07017401
v -0.07474574 0.24276723 0.0693258
v -0.09321659 0.23675741 0.08907154
v -0.0755665 0.24416403 0.08814004
v -0.09423799 0.23814277 0.10775087
v -0.07641573 0.24565741 0.10669408
v -0.09531806 0.23975732 0.12619496
v -0.0772613 0.24729928 0.12497077
v -0.09639941 0.24155201 0.14440758
v -0.07808086 0.24913106 0.14296814
v -0.09758976 0.24382723 0.16235573
v -0.0789286 0.25132435 0.16067338
v -0.09885282 0.24672076 0.17993819
v -0.07977343 0.25406056 0.17797882
v -0.10005556 0.25007346 0.19720774
v -0.08058869 0.25732675 0.19491414
v -0.10114684 0.2540906 0.21403287
v -0.08139637 0.26132902 0.21136975
v -0.10216539 0.2588315 0.23040735
v -0.08223431 0.26617541 0.22733913
v -0.10307534 0.26434293 0.24632844
v -0.0830513 0.27168864 0.24288651
v -0.1037728 0.27056816 0.2618443
v -0.083693 0.2777096 0.25809821
v -0.10409867 0.27728316 0.27709704
v -0.0839583 0.28392744 0.27313837
v -0.10400544 0.28454357 0.29196205
v -0.08389504 0.29067897 0.28777968
v -0.10357913 0.29245281 0.30635753
v -0.08341396 0.29788336 0.30203267
v -0.10259646 0.30103895 0.32025757
v -0.08261383 0.30614605 0.31557053
v -0.10106664 0.31039848 0.33364477
v -0.08139605 0.31524455 0.32865607
v -0.09909489 0.32033225 0.34665978
v -0.07986982 0.32493609 0.34143564
v -0.09686842 0.33076071 0.35931238
v -0.07812493 0.33512547 0.3539364
v -0.09436908 0.34156158 0.37177419
v -0.0760722 0.34563097 0.36644497
v -0.09161775 0.35263279 0.38419035
v -0.07388033 0.35647711 0.37883642
v -0.08884062 0.36404162 0.39634805
v -0.07164393 0.36766037 0.39104557
v -0.08608919 0.37575048 0.40826058
v -0.06941906 0.37916046 0.40304666
v -0.08342545 0.38774412 0.41990467
v -0.06728719 0.39100801 0.41471108
v -0.08093779 0.40005752 0.43115767
v -0.06530732 0.40322563 0.4259364
v -0.07866975 0.412696 0.44197055
v -0.06350616 0.41580438 0.43669882
v -0.07664782 0.42565748 0.45231807
v -0.06189495 0.42872488 0.44700858
v -0.07488447 0.43893232 0.46219959
v -0.06048136 0.44197273 0.45687434
v -0.07338634 0.45251441 0.47161319
v -0.05927325 0.45554548 0.46628716
v -0.07215429 0.46639895 0.48055976
v -0.05827368 0.46944412 0.47523897
v -0.07118452 0.48058208 0.48904395
v -0.05748145 0.48367196 0.48372548
v -0.07046708 0.49505719 0.49708294
v -0.05689227 0.49823382 0.49174907
v -0.06998087 0.50980448 0.50473016
v -0.05649054 0.51311945 0.49935719
v -0.06963634 0.5247069 0.51227188
v -0.05623113 0.52826905 0.50672644
v -0.06944369 0.539792 0.51966905
v -0.0560579 0.54360115 0.5141018
v -0.06941743 0.55508178 0.526896
v -0.05598321 0.55916154 0.52144581
v -0.06956918 0.57057404 0.53397887
v -0.05601779 0.57497358 0.52878075
v -0.06993207 0.58625954 0.54096019
v -0.05617815 0.5910328 0.53620827
v -0.07060474 0.60217452 0.54775959
v -0.05653948 0.60742086 0.54364538
v -0.07177862 0.61834019 0.55435103
v -0.05732133 0.62413674 0.5513072
v -0.07373958 0.63475018 0.56068843
v -0.0586217 0.64132612 0.55917531
v -0.0766129 0.65065479 0.56790012
v -0.08816164 0.6277467 0.56433534
v -0.09142644 0.6432898 0.56995922
v -0.09517964 0.6580286 0.57779312
v -0.10505176 0.63578963 0.57481956
v -0.10883752 0.6503815 0.58161413
v -0.11370831 0.66464382 0.58934718
v -0.10043473 0.67216533 0.5865634
v -0.11993611 0.67932027 0.59767466
v -0.10740909 0.68650329 0.59593349
v -0.12677425 0.69492059 0.60644847
v -0.1147207 0.70148384 0.60503286
v -0.13312716 0.71125608 0.61447972
v -0.121255 0.71727299 0.61343419
v -0.13819742 0.72877049 0.6221764
v -0.12685261 0.73414164 0.62118703
v -0.11449763 0.73955893 0.62314695
v -0.13184958 0.75155514 0.62929952
v -0.12041913 0.75576114 0.63216161
v -0.10854365 0.75978726 0.63772815
v -0.1252795 0.77221578 0.64145129
v -0.11407776 0.77500742 0.64697921
v -0.10294317 0.77681589 0.65386337
v -0.11736282 0.78854686 0.65637683
v -0.10696891 0.78948414 0.66282928
v -0.0987108 0.79022222 0.66950959
v -0.1106224 0.80061078 0.67108565
v -0.1034974 0.8017922 0.67678839
v -0.09782254 0.80320948 0.68289959
v -0.10912159 0.81235683 0.68336057
v -0.10482846 0.81409484 0.68817305
v -0.10139978 0.81543457 0.69311446
v -0.11234097 0.82331919 0.69297343
v -0.10939847 0.82468622 0.69697099
v -0.10738471 0.82534593 0.70103061
v -0.11675822 0.83240813 0.70069211
v -0.11459249 0.83293384 0.70427334
v -0.11374907 0.8320859 0.70816981
v -0.12051883 0.8389309 0.70716846
v -0.11963186 0.83815801 0.7107737
v -0.12036399 0.83606147 0.71390616
v -0.12521207 0.84329855 0.71297222
v -0.12568329 0.84113401 0.7160691
v -0.12735764 0.83806765 0.71816718
v -0.1307208 0.84722113 0.71439003
v -0.12596035 0.84415924 0.70922958
v -0.13143932 0.84795063 0.71077185
v -0.1366356 0.85046035 0.71200072
v -0.12789771 0.84352397 0.70564359
v -0.12259011 0.83844757 0.70348525
v -0.12524007 0.83733952 0.7001906
v -0.11941948 0.83118456 0.69713652
v -0.12252556 0.82982599 0.69366926
v -0.12832835 0.83597618 0.69678711
v -0.12618064 0.82872456 0.69044143
v -0.13187077 0.83428221 0.69309288
v -0.11565428 0.82164907 0.68900525
v -0.11969638 0.81995552 0.68499416
v -0.11477807 0.81079971 0.67857158
v -0.12156859 0.80971872 0.67410153
v -0.11933094 0.79996329 0.66583472
v -0.12918911 0.79969632 0.66140556
v -0.13009361 0.80957979 0.67042022
v -0.13811329 0.79908043 0.65864306
v -0.13778036 0.8098731 0.66832268
v -0.14601653 0.79796117 0.65777933
v -0.14476767 0.80950868 0.66745114
v -0.14387223 0.81879872 0.67590564
v -0.15087147 0.80814927 0.66832965
v -0.14934791 0.81806397 0.6764478
v -0.14273661 0.82685184 0.68304532
v -0.15599104 0.8065654 0.67022794
v -0.15253405 0.79616975 0.65887153
v -0.15813548 0.79423052 0.6612274
v -0.16264846 0.79248607 0.66446059
v -0.15951371 0.77867752 0.65233159
v -0.16454263 0.77698099 0.65571326
v -0.16852814 0.77568727 0.65952271
v -0.16478766 0.7582218 0.64769315
v -0.16949582 0.75681614 0.65214252
v -0.17306749 0.75592786 0.65661752
v -0.16923892 0.73623091 0.64581716
v -0.17307734 0.73517179 0.65108233
v -0.17603838 0.73462271 0.65618753
v -0.17261697 0.71364587 0.64582228
v -0.17611071 0.71291369 0.6517176
v -0.17882666 0.71273785 0.65801805
v -0.17610521 0.69104981 0.64801561
v -0.17940478 0.69057428 0.65550959
v -0.18160133 0.69053012 0.6627447
v -0.17832538 0.66896718 0.65312808
v -0.18129481 0.66840708 0.6619659
v -0.1827474 0.66879957 0.67052078
v -0.17978924 0.64852261 0.6608954
v -0.18150788 0.64833205 0.6711747
v -0.17788782 0.63073808 0.65939068
v -0.1801034 0.63022017 0.67063981
v -0.17646767 0.61349964 0.65747761
v -0.17930187 0.61269831 0.66967588
v -0.17605941 0.59648966 0.65506476
v -0.17981444 0.5949645 0.66802156
v -0.18189936 0.59447777 0.68147927
v -0.18127758 0.5772292 0.66577488
v -0.18456886 0.57593315 0.67988866
v -0.18544803 0.57484686 0.69429427
v -0.18699114 0.55745363 0.67730605
v -0.18831954 0.55544358 0.69230443
v -0.18487842 0.55402344 0.70764333
v -0.18223035 0.57387995 0.70852786
v -0.17875418 0.55285537 0.72225767
v -0.17573587 0.57299315 0.72262257
v -0.17289945 0.55134338 0.73700463
v -0.16921562 0.57176512 0.73676455
v -0.16684828 0.54945659 0.75200539
v -0.16320747 0.56998431 0.75168305
v -0.16054026 0.54711622 0.76717245
v -0.15731795 0.56760448 0.76692658
v -0.15182849 0.58791506 0.76583784
v -0.15339075 0.54437583 0.78213053
v -0.16190128 0.52657538 0.76625603
v -0.15388445 0.52365207 0.780963
v -0.1619997 0.50617545 0.76408124
v -0.15302996 0.50297653 0.77839493
v -0.16161257 0.48615464 0.76069992
v -0.15175707 0.48270613 0.77461415
v -0.16099011 0.46676859 0.75591862
v -0.15086889 0.46317857 0.76969742
v -0.15966029 0.44829914 0.74948304
v -0.1497029 0.44461432 0.76313203
v -0.15746429 0.43077823 0.74103629
v -0.14767181 0.4270395 0.75432783
v -0.13635715 0.42317757 0.76691091
v -0.14578591 0.40979477 0.74375116
v -0.13507512 0.40563246 0.7559117
v -0.14469876 0.39277374 0.73301255
v -0.13451905 0.38832286 0.74479907
v -0.14443764 0.37586131 0.72259533
v -0.1346381 0.37115913 0.73405182
v -0.14496776 0.35897097 0.71269339
v -0.13542214 0.35405141 0.72394013
v -0.12499561 0.3491472 0.73425281
v -0.13680674 0.3369115 0.71450799
v -0.12652681 0.33189114 0.72473245
v -0.11553318 0.32693529 0.73393595
v -0.12854549 0.31451317 0.71604198
v -0.11754491 0.30951196 0.72530967
v -0.10591749 0.30467248 0.73350441
v -0.10396638 0.32203227 0.74199676
v -0.09378629 0.30004814 0.74057179
v -0.09195808 0.31722572 0.74879825
v -0.08123856 0.29573574 0.74649059
v -0.07961306 0.3126491 0.75430214
v -0.06833213 0.29186227 0.75130838
v -0.06696961 0.30850103 0.75862759
v -0.05510446 0.28854239 0.75510269
v -0.05403736 0.30495607 0.7619434
v -0.0531444 0.32038268 0.76948338
v -0.06989796 0.27450442 0.74481403
v -0.05636168 0.27131763 0.74900484
v -0.07169718 0.25650402 0.73912233
v -0.05781811 0.25336569 0.74366009
v -0.07375043 0.23790499 0.73421311
v -0.05948238 0.23474237 0.73906719
v -0.07606054 0.21874019 0.73004359
v -0.06134999 0.2154943 0.73518437
v -0.07860568 0.19906023 0.72652506
v -0.06339667 0.19569493 0.73190128
v -0.08128935 0.17903199 0.72333484
v -0.06556066 0.1755096 0.72892743
v -0.08407867 0.15881452 0.72025412
v -0.06781643 0.15510126 0.72602856
v -0.08697912 0.1385249 0.71712827
v -0.07016415 0.13460783 0.7230106
v -0.08997062 0.1183881 0.71360677
v -0.07258949 0.11423712 0.71955406
v -0.09305597 0.09862635 0.70939195
v -0.07510559 0.09412537 0.71549463
v -0.0961907 0.07970319 0.70391207
v -0.07756939 0.07521731 0.70958155
v -0.09952238 0.06120547 0.69788914
v -0.08021376 0.05657222 0.70333552
v -0.10308615 0.04304279 0.69148194
v -0.08302471 0.03828458 0.69666755
v -0.10685743 0.02523869 0.68468135
v -0.08597832 0.02038707 0.6895793
v -0.11075466 0.00783129 0.67745858
v -0.08900415 0.00295721 0.68202698
v -0.11463403 -0.00915627 0.66981977
v -0.09198623 -0.01396167 0.67401295
v -0.11829903 -0.02573276 0.66182553
v -0.09476424 -0.03036749 0.6655789
v -0.12151616 -0.0419374 0.65354794
v -0.09715303 -0.04630526 0.65678036
v -0.12401681 -0.05776968 0.64497155
v -0.09892296 -0.06169943 0.64752334
v -0.12552641 -0.07313489 0.63593536
v -0.09992949 -0.07656281 0.63772642
v -0.12595376 -0.08800054 0.62630903
v -0.10009546 -0.09076654 0.62715274
v -0.12543958 -0.10234596 0.61605572
v -0.09944406 -0.10418728 0.61557155
v -0.12380356 -0.11471439 0.6036871
v -0.09789113 -0.11638124 0.60246622
v -0.1211299 -0.1252734 0.58999079
v -0.09520414 -0.12703779 0.58738297
v -0.09097763 -0.13661703 0.56994259
v -0.08436182 -0.14593885 0.54851371
v -0.07506968 -0.15487466 0.52249562
v -0.08155167 -0.16176696 0.49261611
v -0.06593304 -0.16184289 0.49145343
v -0.09683536 -0.16419263 0.49257808
v -0.08674255 -0.16467672 0.46004888
v -0.11017963 -0.17043067 0.49035212
v -0.09804897 -0.17005337 0.45961627
v -0.09272871 -0.16526162 0.42991194
v -0.10709711 -0.17835988 0.45811691
v -0.10065107 -0.1733376 0.42942655
v -0.10061226 -0.16773273 0.40194562
v -0.0933448 -0.15996828 0.40122482
v -0.1056915 -0.16332574 0.37567648
v -0.09879177 -0.15661199 0.37420004
v -0.11707393 -0.15679414 0.35209062
v -0.11092364 -0.15108098 0.35044616
v -0.13481134 -0.14708596 0.33328601
v -0.12933315 -0.14202876 0.33183541
v -0.15692088 -0.13315457 0.32376241
v -0.15171141 -0.12789957 0.32227465
v -0.14661924 -0.12408831 0.31817492
v -0.17469859 -0.11240609 0.31856122
v -0.16938947 -0.1088122 0.31355547
v -0.16451165 -0.1066387 0.30694949
v -0.18935039 -0.09194716 0.31394237
v -0.18398879 -0.08966998 0.30631741
v -0.17909045 -0.08857133 0.29748299
v -0.19939363 -0.07233331 0.30862885
v -0.19404181 -0.07079421 0.29844757
v -0.18963372 -0.07051594 0.28724247
v -0.205409 -0.05400762 0.30041185
v -0.20097692 -0.0527269 0.2881855
v -0.19795119 -0.05282978 0.27521401
v -0.20986859 -0.03578165 0.28983181
v -0.20708359 -0.03503961 0.27584785
v -0.2057143 -0.03563181 0.26095372
v -0.2148029 -0.01724378 0.27704232
v -0.21342827 -0.01700938 0.26158604
v -0.21233677 -0.01742555 0.24554282
v -0.21956205 0.00185437 0.26271557
v -0.21829186 0.00198053 0.24627666
v -0.21685622 0.00165807 0.22979858
v -0.22231628 0.02169653 0.24745443
v -0.22088915 0.02171115 0.23054945
v -0.21958313 0.021263 0.21356904
v -0.22320237 0.04182455 0.23156368
v -0.22170624 0.04163946 0.21417957
v -0.22018016 0.04110562 0.1968171
v -0.22208507 0.06197137 0.21508507
v -0.22041374 0.06153785 0.19722838
v -0.21881248 0.06073398 0.1794427
v -0.21893723 0.08158879 0.19776277
v -0.21713416 0.08070886 0.17942847
v -0.21548381 0.07964466 0.16119964
v -0.21384254 0.10011065 0.17940688
v -0.21207511 0.0989289 0.16068053
v -0.21042412 0.09777446 0.14213582
v -0.2070174 0.11740343 0.16007226
v -0.20522582 0.11618298 0.14113308
v -0.20361563 0.11505825 0.12241646
v -0.1985502 0.13374957 0.14001001
v -0.19684758 0.1326382 0.12098866
v -0.19522178 0.13159839 0.10216029
v -0.18857434 0.14926938 0.11944695
v -0.18686372 0.14824557 0.10040747
v -0.18522512 0.14729577 0.08144909
v -0.17730584 0.16408455 0.09857136
v -0.17562615 0.1631383 0.07945972
v -0.17395094 0.16218553 0.06039381
v -0.16452637 0.17787261 0.0775437
v -0.16294816 0.17696453 0.05832915
v -0.16132053 0.17596551 0.03907022
v -0.15073829 0.19071655 0.05643015
v -0.14918345 0.18965587 0.03704199
v -0.14767985 0.18851155 0.0175026
v -0.13596464 0.20224908 0.03527111
v -0.13462677 0.20108433 0.01560647
v -0.13331039 0.19974473 -0.00426189
v -0.12052574 0.2124864 0.01405872
v -0.11941544 0.21117767 -0.00591337
v -0.11842953 0.20968727 -0.02613303
v -0.10454798 0.22136381 -0.00720911
v -0.10378824 0.21995574 -0.02752494
v -0.10324624 0.21838903 -0.04816386
v -0.10543897 0.22263741 0.01281707
v -0.12173271 0.21372246 0.03377151
v -0.10643705 0.22387908 0.03255
v -0.12303216 0.21494838 0.05322849
v -0.10755714 0.22514839 0.05199646
v -0.12434159 0.21608687 0.07251261
v -0.10872145 0.22639474 0.07122703
v -0.12581706 0.21739332 0.09159851
v -0.11000543 0.22778214 0.09022191
v -0.1273245 0.21873736 0.11056071
v -0.11129923 0.22918288 0.10904318
v -0.12880434 0.22010789 0.12941217
v -0.11258821 0.23070138 0.12767213
v -0.13038186 0.22174006 0.14817489
v -0.11394184 0.23244062 0.14614564
v -0.13223044 0.22391764 0.16680647
v -0.11547844 0.23473872 0.16439494
v -0.13463304 0.22714969 0.18518735
v -0.11731866 0.23791965 0.18229764
v -0.13690333 0.23077301 0.20345141
v -0.11907266 0.24157378 0.19996658
v -0.13867123 0.23449169 0.2214908
v -0.12046557 0.24548836 0.21729879
v -0.13992947 0.23878788 0.23912589
v -0.12162291 0.25000411 0.23425355
v -0.14077882 0.24394264 0.2563588
v -0.12246824 0.25528767 0.25076872
v -0.14143382 0.25051361 0.2729246
v -0.1230735 0.26151734 0.26676669
v -0.14175564 0.25821617 0.28899052
v -0.1233323 0.2685326 0.2824358
v -0.14179581 0.26711979 0.30446377
v -0.1234069 0.27661332 0.29749816
v -0.14137452 0.2768377 0.31935924
v -0.12300955 0.28535729 0.31211701
v -0.14044305 0.2872397 0.33364167
v -0.1220121 0.29478004 0.32617595
v -0.13834972 0.29757997 0.34759214
v -0.1202548 0.30459833 0.339805
v -0.13554419 0.30822214 0.36102926
v -0.11776623 0.31480231 0.3531109
v -0.13238188 0.31930521 0.3739511
v -0.1150443 0.32551056 0.3659276
v -0.12899537 0.33080366 0.38642177
v -0.11209968 0.33663329 0.37838485
v -0.12542749 0.34261962 0.39855149
v -0.10884439 0.34800645 0.39075142
v -0.12155231 0.35456976 0.41064712
v -0.1055056 0.35965555 0.40290397
v -0.11773719 0.36675518 0.42244365
v -0.1022285 0.37159267 0.41475093
v -0.11407292 0.37916734 0.43392163
v -0.09907583 0.38379794 0.42628443
v -0.11065868 0.39182546 0.4450134
v -0.09610467 0.39626067 0.43748918
v -0.10751986 0.40471029 0.45574048
v -0.09338374 0.4089992 0.44829571
v -0.10470121 0.41782546 0.46607813
v -0.09095681 0.42202472 0.458655
v -0.10225883 0.4311971 0.47595334
v -0.08884533 0.43533563 0.46855101
v -0.10020241 0.44482076 0.48535987
v -0.08706232 0.44893205 0.47796717
v -0.09852658 0.45868331 0.49431061
v -0.08560553 0.46280428 0.48691168
v -0.09722141 0.47277218 0.50281697
v -0.08447008 0.47694554 0.49538886
v -0.09624384 0.48704594 0.5109539
v -0.08362162 0.49131801 0.50347566
v -0.09552771 0.5014463 0.51883673
v -0.08301993 0.50588095 0.51125901
v -0.09509301 0.5159921 0.52640426
v -0.082613 0.5205813 0.51885825
v -0.09493977 0.53067803 0.53364253
v -0.08242768 0.53545051 0.52619719
v -0.09506538 0.54548645 0.54055851
v -0.08247029 0.55048477 0.53327477
v -0.09548229 0.56039512 0.54715877
v -0.0827552 0.56566917 0.54010462
v -0.09623803 0.57538723 0.55342316
v -0.08332602 0.58098763 0.54669272
v -0.09742556 0.59045124 0.55929535
v -0.08428772 0.59644568 0.5529657
v -0.09918665 0.60557049 0.56471675
v -0.08581259 0.61204344 0.55883294
v -0.10170853 0.6207214 0.56973421
v -0.11180323 0.59910994 0.57187348
v -0.11432498 0.61385738 0.5766648
v -0.1174773 0.62855249 0.58163034
v -0.12604647 0.60731244 0.58485484
v -0.12887764 0.62190854 0.58987581
v -0.13224518 0.63660621 0.59523046
v -0.12116123 0.64307749 0.58764445
v -0.13644751 0.6514402 0.60130024
v -0.12577113 0.65767353 0.59454441
v -0.14139565 0.66688484 0.60811626
v -0.13103474 0.67268991 0.60196745
v -0.14663112 0.68315464 0.6151905
v -0.13718693 0.68866097 0.60995489
v -0.15182268 0.7011491 0.62221962
v -0.14310492 0.70581913 0.61767423
v -0.15575216 0.72041428 0.62904602
v -0.14737197 0.72433936 0.62497484
v -0.15809416 0.74028545 0.63615936
v -0.1504828 0.74352806 0.63253003
v -0.14198605 0.74727177 0.62986171
v -0.15280826 0.76256936 0.64072048
v -0.14483347 0.76588541 0.63848608
v -0.13570722 0.76911896 0.63849002
v -0.14651653 0.78332489 0.64764732
v -0.13768948 0.78578329 0.64828407
v -0.12803068 0.787463 0.65127784
v -0.15364508 0.78082114 0.64935708
v -0.15943239 0.75999581 0.64399796
v -0.16418772 0.73797911 0.64056015
v -0.16258521 0.71745061 0.63404744
v -0.16821314 0.71512359 0.63987457
v -0.15930782 0.69737535 0.62768346
v -0.16608503 0.69422155 0.63403123
v -0.17155188 0.69223296 0.64069211
v -0.16258648 0.67524975 0.62832593
v -0.1690218 0.67241615 0.63618987
v -0.17425853 0.67037886 0.6444754
v -0.16594193 0.65431445 0.63175517
v -0.17175696 0.65169572 0.64096194
v -0.17641571 0.64973664 0.65058749
v -0.16916398 0.63450586 0.63752579
v -0.17421694 0.63216996 0.64825147
v -0.16677515 0.61800217 0.63418221
v -0.17223747 0.61541181 0.64566326
v -0.16496659 0.60192668 0.63060236
v -0.17119233 0.59873163 0.64265263
v -0.16384688 0.58607751 0.62674611
v -0.17070601 0.58243525 0.63923013
v -0.17658923 0.57935994 0.65223306
v -0.17073889 0.56618958 0.6353892
v -0.17733497 0.56267976 0.64866966
v -0.18304027 0.55968058 0.6627357
v -0.17779704 0.54615455 0.64472669
v -0.18383118 0.54258716 0.65897637
v -0.1879318 0.53910332 0.67417931
v -0.18340085 0.52564156 0.65496134
v -0.18734951 0.52169835 0.67042094
v -0.1885842 0.51818925 0.68671608
v -0.18903477 0.53634303 0.68996256
v -0.18637467 0.51548111 0.70304256
v -0.18583314 0.53452402 0.70585954
v -0.18197655 0.51331222 0.71871477
v -0.18080712 0.53284144 0.72105991
v -0.17659276 0.51120466 0.73424702
v -0.17533354 0.53111803 0.73624491
v -0.1698101 0.50888669 0.74932944
v -0.16891348 0.52905404 0.75126403
v -0.17700722 0.49178931 0.73093289
v -0.17003729 0.48913699 0.74613469
v -0.17685702 0.47301915 0.72629988
v -0.16965791 0.47000348 0.74148082
v -0.17508503 0.45516264 0.71997135
v -0.16812464 0.45175641 0.73513174
v -0.17202915 0.43840557 0.71195066
v -0.16556739 0.43454021 0.72690373
v -0.16933544 0.42230027 0.70265072
v -0.16311772 0.41795149 0.71721506
v -0.15521001 0.41384425 0.73089647
v -0.16136011 0.40170043 0.70711249
v -0.15370233 0.39719027 0.72044777
v -0.16062136 0.38546201 0.69726645
v -0.15316861 0.38058921 0.71033358
v -0.16087201 0.36916551 0.68778318
v -0.15349888 0.36398583 0.70061796
v -0.16201433 0.35278937 0.67867481
v -0.15467459 0.34731549 0.69139295
v -0.14624625 0.3420346 0.70337659
v -0.15665435 0.33053994 0.68267691
v -0.14822927 0.32500222 0.69465339
v -0.13881167 0.31967145 0.70579415
v -0.15090495 0.30783328 0.68652325
v -0.14142607 0.30227938 0.6977697
v -0.13107827 0.2969546 0.70813745
v -0.14464727 0.28470069 0.69039839
v -0.13414244 0.27917441 0.70096677
v -0.12284412 0.27392715 0.71060615
v -0.11996714 0.29185503 0.71755588
v -0.11086206 0.26898255 0.71927422
v -0.10819935 0.28699907 0.72596311
v -0.09829121 0.2643868 0.72693258
v -0.09587919 0.28243583 0.73331743
v -0.0852124 0.26020309 0.73355233
v -0.08309029 0.27824083 0.73959791
v -0.10105881 0.24590216 0.72135424
v -0.08763611 0.24164673 0.72830951
v -0.10420327 0.22698658 0.7165361
v -0.09037201 0.22259156 0.72381997
v -0.10770892 0.2076628 0.71239996
v -0.09340456 0.20307144 0.72000891
v -0.11148418 0.18801719 0.70876294
v -0.09661928 0.1832242 0.71659338
v -0.11536056 0.16825734 0.70526737
v -0.09994309 0.16322727 0.71330791
v -0.11930128 0.14855128 0.70169967
v -0.10336868 0.14321377 0.70998001
v -0.12334864 0.12902167 0.69793272
v -0.10690006 0.12336073 0.70635998
v -0.1274665 0.11004013 0.69344121
v -0.11052346 0.10397101 0.7020179
v -0.13177171 0.09160454 0.68831366
v -0.11428642 0.08519481 0.69682663
v -0.13639436 0.07360602 0.68276089
v -0.11828894 0.06690011 0.69105881
v -0.1413972 0.05598098 0.67687732
v -0.12259411 0.04895246 0.68492776
v -0.14675219 0.03872237 0.6706168
v -0.12717138 0.03137705 0.67839396
v -0.15235324 0.02177242 0.66396093
v -0.13193911 0.0141267 0.67148345
v -0.15801049 0.00509128 0.65689319
v -0.136728 -0.00279491 0.66418218
v -0.1634957 -0.01136958 0.64950329
v -0.14132836 -0.01942485 0.65657991
v -0.16856142 -0.02767771 0.64193487
v -0.14546252 -0.03577967 0.64874959
v -0.17296443 -0.04392876 0.63432723
v -0.14883709 -0.05190881 0.64074271
v -0.17622979 -0.06003196 0.62651932
v -0.15107367 -0.06774836 0.63241469
v -0.17793741 -0.07591932 0.61824524
v -0.15187224 -0.08323855 0.62353807
v -0.17796526 -0.09091842 0.60883104
v -0.15115547 -0.0979543 0.61365723
v -0.17704272 -0.1047243 0.59840005
v -0.14919304 -0.11088514 0.60188978
v -0.17616012 -0.11737837 0.58752811
v -0.1465366 -0.12235632 0.58918172
v -0.20841993 -0.10807996 0.58256185
v -0.21079723 -0.12022708 0.57248401
v -0.20676295 -0.09518141 0.59217816
v -0.23618751 -0.08326407 0.5837574
v -0.23956358 -0.09668043 0.57432735
v -0.20524266 -0.08111565 0.60127711
v -0.23232287 -0.06916296 0.59206283
v -0.25661987 -0.05522321 0.57926082
v -0.26167142 -0.06952387 0.57064586
v -0.20336236 -0.06597129 0.60981631
v -0.2282477 -0.05428659 0.59980595
v -0.2509779 -0.0405752 0.58710312
v -0.2699067 -0.02623688 0.5702359
v -0.27651858 -0.04082873 0.56207162
v -0.22300924 -0.0383795 0.6068362
v -0.24374593 -0.02534663 0.59355551
v -0.26124778 -0.01173137 0.57664144
v -0.27538511 0.00161285 0.55652821
v -0.2846713 -0.01231498 0.54963791
v -0.23628304 -0.00999008 0.60025042
v -0.25270903 0.00291211 0.58324867
v -0.26640486 0.0156594 0.56357091
v -0.2773467 0.02798092 0.54180234
v -0.28592014 0.01434626 0.53383666
v -0.24443088 0.01763306 0.59022617
v -0.25795164 0.02986942 0.57101631
v -0.2692368 0.04180385 0.5500285
v -0.27744382 0.05325514 0.5273748
v -0.28445309 0.0396082 0.5180152
v -0.24979335 0.0442189 0.57873928
v -0.26135525 0.05582251 0.55848729
v -0.27031993 0.06708819 0.53688639
v -0.27539959 0.0779826 0.51425004
v -0.28155508 0.06421939 0.50363689
v -0.2533504 0.06997785 0.56698846
v -0.26279699 0.08104736 0.54635781
v -0.26869046 0.09181093 0.52481281
v -0.27043438 0.10235275 0.5030964
v -0.27640926 0.08868425 0.49170145
v -0.25466901 0.09505303 0.55563354
v -0.26112151 0.10563404 0.53512883
v -0.26353994 0.11597695 0.51429897
v -0.26274901 0.12634216 0.49380004
v -0.26893365 0.11291163 0.48203447
v -0.25281715 0.1194754 0.54505217
v -0.25589317 0.12961942 0.52509892
v -0.25592979 0.139825 0.50519317
v -0.25418505 0.15028913 0.48541611
v -0.26017552 0.13693366 0.47371313
v -0.247938 0.14345702 0.53522723
v -0.24891568 0.15352247 0.51584488
v -0.24812869 0.16381232 0.49633497
v -0.24595449 0.17417277 0.47651436
v -0.25126904 0.16081142 0.46543288
v -0.24215734 0.16752174 0.52570891
v -0.24222376 0.17762334 0.50651305
v -0.24074827 0.18779955 0.4870401
v -0.2374027 0.19786323 0.46746081
v -0.24201908 0.18427908 0.45639917
v -0.23692548 0.19183701 0.51629167
v -0.23599028 0.20186667 0.49725824
v -0.2331047 0.21183925 0.47823065
v -0.22841671 0.22162286 0.45950725
v -0.23217861 0.20770086 0.44808697
v -0.23139971 0.21633395 0.50735139
v -0.22894381 0.22620748 0.48891004
v -0.22506594 0.23596797 0.47077599
v -0.21931116 0.24572177 0.45334661
v -0.22227703 0.23141482 0.44146719
v -0.22441618 0.24087454 0.49961346
v -0.22045955 0.25051647 0.48209559
v -0.21499741 0.26005411 0.46516355
v -0.20794069 0.26941499 0.44900819
v -0.21192738 0.25535732 0.43677094
v -0.21556922 0.26514768 0.49303242
v -0.21031181 0.27442607 0.47652605
v -0.20345248 0.2835012 0.46071201
v -0.19498944 0.29230502 0.44573119
v -0.19927346 0.27853852 0.43379971
v -0.20512995 0.28884691 0.48741784
v -0.19845961 0.29762867 0.47190105
v -0.19022223 0.30614712 0.45710548
v -0.1805253 0.31437045 0.44309288
v -0.18500721 0.30079335 0.43165829
v -0.19305861 0.31178146 0.48264759
v -0.18508128 0.32002246 0.46804887
v -0.17568416 0.32798689 0.45415064
v -0.16401448 0.33540079 0.44150003
v -0.16900266 0.32220646 0.43007415
v -0.17980408 0.33391293 0.47865319
v -0.17057526 0.34158244 0.46497786
v -0.15905366 0.34863174 0.45264643
v -0.14639532 0.35526159 0.44132232
v -0.15096977 0.34236031 0.42998492
v -0.16534791 0.35513797 0.4756529
v -0.15419739 0.3619098 0.46353691
v -0.14179159 0.36819085 0.45254018
v -0.12835076 0.37394872 0.44268181
v -0.13250918 0.36129728 0.4312981
v -0.1495725 0.37525004 0.47417846
v -0.13748498 0.38125699 0.46342939
v -0.12447287 0.38679534 0.45370033
v -0.13353709 0.39446786 0.47398179
v -0.1209141 0.39982914 0.46436408
v -0.13002024 0.40784421 0.48415359
v -0.11774786 0.41307449 0.47461184
v -0.12696726 0.42139112 0.49392658
v -0.115 0.42653191 0.4844309
v -0.12440201 0.43511113 0.50328242
v -0.11268516 0.44019842 0.49381285
v -0.12232589 0.44899573 0.51221996
v -0.11080562 0.45406672 0.50275582
v -0.12070324 0.46301737 0.5207749
v -0.10932926 0.46810767 0.51130282
v -0.11950989 0.47715938 0.52895504
v -0.10821572 0.48228904 0.51950192
v -0.11872655 0.49140906 0.53675425
v -0.10744927 0.49659866 0.52735382
v -0.11833349 0.50575304 0.54416328
v -0.10702072 0.51102793 0.53484636
v -0.11830873 0.52017396 0.55117613
v -0.10692014 0.52556324 0.54197156
v -0.11863682 0.53465324 0.55778425
v -0.10713539 0.54018145 0.54873782
v -0.11930722 0.5491687 0.56399011
v -0.10768257 0.55486625 0.55512416
v -0.12034256 0.56370508 0.56977242
v -0.10858912 0.56959319 0.56113219
v -0.12177797 0.57824492 0.5751326
v -0.10993075 0.5843479 0.56671512
v -0.12365309 0.59278857 0.580145
v -0.13296234 0.57222038 0.58449596
v -0.13476136 0.58668977 0.58937627
v -0.13692542 0.60121446 0.59405303
v -0.14510934 0.58088147 0.59951907
v -0.14697293 0.59555482 0.60406869
v -0.14916321 0.61054378 0.60862416
v -0.13947673 0.61595022 0.59886324
v -0.15194746 0.62574034 0.6131525
v -0.14264203 0.63080507 0.60385382
v -0.1553082 0.64136916 0.61788171
v -0.14638051 0.64603263 0.60910534
v -0.15889246 0.65770679 0.62292254
v -0.15062309 0.66187411 0.61507988
v -0.15509642 0.67886072 0.62142837
v -0.16290387 0.63752424 0.6275202
v -0.16005691 0.62145221 0.62337142
v -0.15775829 0.60584509 0.61922872
v -0.15605267 0.59045463 0.61495518
v -0.15464149 0.57543528 0.610565
v -0.16318291 0.57047045 0.62256205
v -0.15319605 0.56072598 0.60603362
v -0.16222637 0.55536341 0.61814194
v -0.17051462 0.55038261 0.63110083
v -0.1609862 0.54054999 0.61338001
v -0.16956785 0.53514933 0.62644475
v -0.17737822 0.53011661 0.64024961
v -0.16807115 0.52023094 0.6214025
v -0.17580469 0.51471245 0.63542401
v -0.18204942 0.5095489 0.65038067
v -0.1736492 0.49975445 0.6300466
v -0.17970746 0.4941008 0.64511942
v -0.1836728 0.48876702 0.66100657
v -0.18575267 0.50484699 0.66615998
v -0.18575166 0.48393786 0.67729795
v -0.1875354 0.50074899 0.68247234
v -0.18508532 0.47978907 0.69392406
v -0.18652901 0.49721327 0.69910806
v -0.18196056 0.47621235 0.71038085
v -0.18244305 0.49438098 0.71520537
v -0.18203772 0.46326044 0.68764013
v -0.17952504 0.4590418 0.70395332
v -0.17892123 0.44758045 0.68005925
v -0.17663162 0.44263988 0.69633519
v -0.17639005 0.43220499 0.67176383
v -0.17377421 0.42703914 0.68741053
v -0.17481224 0.41694328 0.66310179
v -0.17202726 0.41149517 0.67829215
v -0.16753473 0.40641918 0.69304496
v -0.1713155 0.3959268 0.66915637
v -0.16671189 0.39055004 0.68351054
v -0.17161051 0.38026836 0.66013735
v -0.16692186 0.37458688 0.67423933
v -0.17286397 0.36449742 0.65129941
v -0.16809383 0.35851439 0.66526502
v -0.1750344 0.34860497 0.6426751
v -0.17016722 0.34232258 0.65660303
v -0.16401076 0.33630335 0.66997134
v -0.17309895 0.32600343 0.64825999
v -0.16684325 0.3196834 0.66168892
v -0.15939977 0.31363359 0.67446249
v -0.17047417 0.30292123 0.65381443
v -0.16288654 0.2965784 0.6667363
v -0.15426884 0.29049837 0.67897164
v -0.16710783 0.27936029 0.65948754
v -0.15831396 0.2729806 0.67197376
v -0.14849814 0.26690876 0.68366217
v -0.16302765 0.255277 0.66549682
v -0.1529995 0.24888643 0.67754322
v -0.14197352 0.2428493 0.68869596
v -0.13776744 0.26114478 0.69449687
v -0.13009759 0.23716458 0.69893866
v -0.12621356 0.25570198 0.70441412
v -0.11747343 0.23186291 0.70822858
v -0.11394622 0.25060629 0.71337902
v -0.13449615 0.2183184 0.69412964
v -0.12143891 0.21276317 0.70376211
v -0.13934905 0.19920881 0.68988382
v -0.12577121 0.1933646 0.69984978
v -0.14442245 0.17999333 0.68591928
v -0.13024415 0.17385222 0.69615221
v -0.14952196 0.16086365 0.68195682
v -0.13472573 0.15444397 0.69236528
v -0.1546278 0.14201037 0.6777966
v -0.13928461 0.13526298 0.68839752
v -0.15952479 0.12397859 0.67274582
v -0.14384101 0.11673028 0.68368846
v -0.1646097 0.10655905 0.66719061
v -0.1485935 0.09874126 0.67847406
v -0.17017816 0.0895506 0.66146075
v -0.15373814 0.0811904 0.67294091
v -0.17627392 0.07294631 0.65551936
v -0.15935356 0.06401798 0.66716331
v -0.18286873 0.05666481 0.64936018
v -0.16539613 0.04721475 0.66104108
v -0.18980015 0.04064801 0.6428495
v -0.1717402 0.03069389 0.65453845
v -0.19686257 0.02480998 0.63594877
v -0.17817011 0.01439667 0.64760023
v -0.20386719 0.00905925 0.62875878
v -0.18447235 -0.00176167 0.64033144
v -0.21065309 -0.0066803 0.62141782
v -0.19040894 -0.01784086 0.63284772
v -0.21709954 -0.02248308 0.61408561
v -0.19580543 -0.033938 0.62533015
v -0.20025979 -0.05002089 0.6177054
v -0.22877915 0.00531933 0.60727161
v -0.2212442 0.02059856 0.6144728
v -0.2364126 0.03241817 0.5975328
v -0.21365828 0.03589867 0.62162977
v -0.22850005 0.04726604 0.60493606
v -0.24170592 0.05867617 0.58656567
v -0.22070519 0.06219189 0.61228823
v -0.23365663 0.07322295 0.59437513
v -0.2451158 0.08421681 0.57540965
v -0.22578348 0.08788635 0.60208976
v -0.23685762 0.0985592 0.58369374
v -0.24615599 0.10912354 0.5646426
v -0.22886501 0.11307746 0.59179282
v -0.23769725 0.12336035 0.57332372
v -0.2442805 0.13347913 0.55444258
v -0.22983692 0.13787698 0.58170276
v -0.23626393 0.14777699 0.56333112
v -0.24035075 0.15759907 0.54465436
v -0.22921407 0.16243068 0.57188719
v -0.23365385 0.17207914 0.55363845
v -0.23615436 0.18186189 0.53510367
v -0.22798094 0.1869865 0.56241846
v -0.23098276 0.19660374 0.54428869
v -0.23209871 0.20642638 0.52588236
v -0.22609965 0.21183383 0.55338281
v -0.22756326 0.22144158 0.53548276
v -0.22692132 0.23115579 0.51748633
v -0.22212541 0.23683634 0.54488021
v -0.22150762 0.24629205 0.52739685
v -0.21928089 0.25574809 0.51005393
v -0.21532608 0.26163336 0.53689897
v -0.21358342 0.27076605 0.52009129
v -0.21017742 0.27986469 0.50353592
v -0.20751763 0.28585425 0.52975952
v -0.20434053 0.29462939 0.51363259
v -0.19950494 0.3032976 0.49787914
v -0.1984058 0.30941006 0.52339553
v -0.1937519 0.31776344 0.5079804
v -0.18752597 0.32595002 0.49303036
v -0.18816906 0.33223325 0.51779377
v -0.18211768 0.34012791 0.50311815
v -0.17460678 0.34781405 0.48897951
v -0.17701086 0.35431155 0.51295858
v -0.16958312 0.36171284 0.49908798
v -0.16042654 0.36874139 0.48605769
v -0.16490712 0.37562671 0.50897592
v -0.15593771 0.38241857 0.49616411
v -0.14526577 0.3886581 0.48458099
v -0.15183587 0.39613458 0.50604969
v -0.14142096 0.40218403 0.4946478
v -0.14820382 0.40990367 0.51568919
v -0.13807712 0.41583657 0.50435727
v -0.14517445 0.42377442 0.52497267
v -0.13526991 0.42962285 0.51368266
v -0.14277645 0.43775525 0.53385943
v -0.1330097 0.44353956 0.52261102
v -0.1409973 0.45183685 0.54233723
v -0.1312832 0.4575755 0.53113865
v -0.13978855 0.46599859 0.55041188
v -0.13005517 0.47171148 0.53927338
v -0.13910818 0.48022443 0.55807584
v -0.12929821 0.48593378 0.54700589
v -0.13891778 0.49450224 0.56531029
v -0.1289808 0.50022721 0.55432647
v -0.13917014 0.50882005 0.57209754
v -0.12906891 0.5145756 0.56122517
v -0.13980369 0.52316457 0.57843315
v -0.12953178 0.52896338 0.56768989
v -0.14076528 0.53752881 0.58431029
v -0.13033708 0.54337281 0.57372421
v -0.1420118 0.55191004 0.58973413
v -0.1314826 0.5577932 0.57931542
v -0.14344233 0.56635922 0.59480851
v -0.15182954 0.54614806 0.60111969
v -0.15056869 0.53167861 0.59577143
v -0.15964084 0.52590352 0.60817426
v -0.14944672 0.51729655 0.58999943
v -0.15833593 0.51139962 0.6024841
v -0.16641444 0.5055412 0.61585199
v -0.15725044 0.4969919 0.59629255
v -0.16493234 0.49099916 0.60973459
v -0.1716088 0.48503506 0.62398856
v -0.1638299 0.47654303 0.60308498
v -0.17003828 0.47043639 0.61731118
v -0.17487353 0.46438857 0.63227427
v -0.17702814 0.47916391 0.63903945
v -0.17811617 0.45847997 0.64785486
v -0.18071833 0.47350519 0.65479642
v -0.17945161 0.45286324 0.66383594
v -0.18249443 0.46816059 0.67104041
v -0.17622171 0.44361135 0.64030545
v -0.17722809 0.43773946 0.65599328
v -0.17526 0.42878425 0.63233286
v -0.17593364 0.42270961 0.64772498
v -0.17517331 0.41394233 0.62408626
v -0.17562149 0.40765935 0.63924032
v -0.17430481 0.40163645 0.65433454
v -0.17625623 0.39253163 0.63066524
v -0.17477621 0.38625106 0.64556396
v -0.1777215 0.37731322 0.6220628
v -0.17614965 0.37076631 0.63685667
v -0.18003037 0.36199235 0.61347693
v -0.17841422 0.35516855 0.62825888
v -0.18310682 0.34657335 0.60492521
v -0.18151472 0.33946132 0.61978405
v -0.17808422 0.33258822 0.63427829
v -0.18538299 0.32365244 0.61142844
v -0.18193626 0.31645724 0.62609362
v -0.17685852 0.30955109 0.64023536
v -0.18654544 0.30021566 0.61811095
v -0.18139901 0.29296881 0.63251233
v -0.17485193 0.28601995 0.64631956
v -0.18654292 0.27629584 0.62500929
v -0.17994552 0.26898232 0.63918304
v -0.17205569 0.26197487 0.65269798
v -0.18552015 0.25188073 0.63226687
v -0.17760458 0.24446831 0.6462714
v -0.16845662 0.23737309 0.65955203
v -0.18352994 0.22693106 0.64005285
v -0.17432326 0.21938975 0.65391886
v -0.16386959 0.21220144 0.66695439
v -0.15812566 0.23064461 0.67198491
v -0.15213494 0.20547717 0.67894834
v -0.14677381 0.22428436 0.68353521
v -0.16963678 0.19385066 0.66195899
v -0.15764616 0.18665742 0.67453032
v -0.17556662 0.17561343 0.65705335
v -0.16313827 0.16801214 0.67005193
v -0.18172928 0.15757843 0.65219926
v -0.16881263 0.14956761 0.66558706
v -0.18733923 0.1404442 0.64638507
v -0.17411544 0.13195966 0.6602441
v -0.19305028 0.12400267 0.63999015
v -0.1795457 0.11503232 0.65433627
v -0.19922485 0.10804852 0.63334238
v -0.1854524 0.09857139 0.6482141
v -0.20593702 0.0924945 0.62650787
v -0.19191339 0.08250435 0.64193868
v -0.21313956 0.0772417 0.61949348
v -0.19884274 0.06677591 0.63540887
v -0.20614528 0.05126759 0.62864106
v -0.21825945 0.10273339 0.60965699
v -0.21125426 0.11785649 0.61706513
v -0.22144264 0.12786522 0.59970295
v -0.20482778 0.13336232 0.62427848
v -0.21472673 0.14301472 0.60741621
v -0.22285141 0.15275083 0.58984583
v -0.2086461 0.15863341 0.61486613
v -0.21673093 0.16805745 0.59778577
v -0.22320213 0.17750835 0.58025956
v -0.21102976 0.18392613 0.60540461
v -0.21772427 0.19309659 0.58842307
v -0.22277943 0.20238649 0.57105225
v -0.211563 0.20935995 0.59606581
v -0.21680988 0.21835754 0.57930082
v -0.22042553 0.22751526 0.56221777
v -0.20994116 0.23470766 0.58707821
v -0.21363465 0.24353054 0.57058161
v -0.21539884 0.25253158 0.55379062
v -0.20701041 0.25961986 0.57876741
v -0.20882268 0.26828995 0.56247544
v -0.2090062 0.27705204 0.54609322
v -0.20259104 0.2840524 0.57102447
v -0.20283721 0.29248514 0.555067
v -0.20144233 0.30095973 0.53914094
v -0.19701568 0.30789694 0.56389176
v -0.19564791 0.31605193 0.54831242
v -0.19269233 0.32418632 0.53290039
v -0.19033297 0.33111199 0.557334
v -0.1874054 0.33894461 0.54220628
v -0.18295121 0.34669822 0.52737474
v -0.18266069 0.35367608 0.55134975
v -0.17821577 0.36115348 0.53675562
v -0.17232546 0.36850151 0.52257514
v -0.17404 0.37559774 0.54594773
v -0.16808971 0.3826887 0.53199452
v -0.16070848 0.38957515 0.51861989
v -0.16442838 0.3968901 0.54118758
v -0.15705245 0.40356627 0.52800375
v -0.16142804 0.41111871 0.55011439
v -0.15400788 0.41761159 0.53709286
v -0.1591289 0.42537897 0.55873799
v -0.15153831 0.43169224 0.5459063
v -0.15751029 0.43966344 0.56703865
v -0.14977031 0.44585093 0.5543192
v -0.15653827 0.45396533 0.57499241
v -0.14863982 0.46006733 0.5623334
v -0.15620467 0.46828609 0.58254957
v -0.14809721 0.47432708 0.5699349
v -0.15648084 0.48262894 0.58965385
v -0.1481006 0.48862323 0.57709229
v -0.1485811 0.50294804 0.58378326
v -0.16320525 0.46212092 0.59598302
v -0.16323955 0.44770956 0.58843755
v -0.16869112 0.44138327 0.60253751
v -0.16904252 0.45590439 0.61012655
v -0.17280423 0.43504911 0.61719501
v -0.17346194 0.44970113 0.62494462
v -0.16913576 0.42684614 0.59458297
v -0.1729089 0.42037296 0.60914468
v -0.17034742 0.41227868 0.58634382
v -0.17387864 0.40564402 0.60085207
v -0.17590165 0.39903622 0.61567652
v -0.17562714 0.390852 0.59238839
v -0.17747992 0.38404417 0.60716307
v -0.17820401 0.37600094 0.58377975
v -0.1798679 0.36896538 0.59858501
v -0.18155194 0.36109226 0.57505905
v -0.18307879 0.35380557 0.58996301
v -0.1856123 0.34612786 0.56624376
v -0.1870469 0.33856949 0.58131104
v -0.18696188 0.33105972 0.5964176
v -0.19171452 0.32326349 0.57262682
v -0.19154261 0.31546011 0.58794748
v -0.18984118 0.30775702 0.60316097
v -0.19678582 0.29978504 0.57949596
v -0.19497691 0.29177284 0.59498721
v -0.19161137 0.28391194 0.6102302
v -0.20074133 0.2757166 0.58687573
v -0.1972125 0.26754224 0.60245674
v -0.19202779 0.25959834 0.61759877
v -0.20332585 0.25113058 0.59475308
v -0.19809541 0.24283853 0.61035805
v -0.19147567 0.23476038 0.62549608
v -0.20469163 0.22605758 0.60323137
v -0.19800657 0.21759399 0.61894363
v -0.18995095 0.20935103 0.63409119
v -0.20481656 0.20051404 0.61242091
v -0.19648683 0.19191063 0.62813025
v -0.18673108 0.18358622 0.64306527
v -0.18049579 0.20140571 0.64849257
v -0.2028177 0.17487974 0.62186217
v -0.19308187 0.16604822 0.63756454
v -0.19887413 0.14937505 0.63118284
v -0.1785279 0.36837592 0.5603463
v -0.1750607 0.38304227 0.56919342
v -0.170483 0.39003199 0.55494535
v -0.17231126 0.39767551 0.57787239
v -0.16759541 0.40445873 0.56372809
v -0.16542828 0.41888189 0.57225978
v -0.16399471 0.433301 0.58050286
v -0.13684848 0.34882322 0.41959324
v -0.14097937 0.33640086 0.40784302
v -0.15552985 0.3295449 0.41838628
v -0.14495274 0.32414966 0.39582324
v -0.15986222 0.3167946 0.40654864
v -0.17358489 0.30896538 0.41848975
v -0.1637662 0.30413043 0.39442983
v -0.17724891 0.29580143 0.40660175
v -0.1890731 0.28735271 0.41965374
v -0.18056203 0.28300285 0.39387801
v -0.19287313 0.27416861 0.40684348
v -0.20309811 0.26487281 0.42120149
v -0.19576181 0.26102265 0.393361
v -0.20599335 0.25119379 0.40813025
v -0.2148146 0.24128358 0.4242945
v -0.20812948 0.23750577 0.39484944
v -0.21735818 0.22741001 0.41159489
v -0.22526896 0.21746087 0.42941322
v -0.22025507 0.21391087 0.39839837
v -0.22888204 0.20396661 0.41690552
v -0.23643793 0.19423079 0.43633928
v -0.23297686 0.19071316 0.40387266
v -0.2408256 0.18098935 0.42418664
v -0.24709248 0.17113775 0.4448812
v -0.24506053 0.16791097 0.41171148
v -0.25161051 0.15802015 0.43289306
v -0.25654232 0.14762589 0.45360362
v -0.25541591 0.14461472 0.42082598
v -0.2610569 0.13433568 0.44147881
v -0.26556149 0.12363564 0.46167552
v -0.26467615 0.1206991 0.4295566
v -0.27000737 0.11012307 0.44965246
v -0.27416977 0.09938722 0.4701769
v -0.27335953 0.09625358 0.43798959
v -0.27838376 0.08563134 0.45842617
v -0.28160357 0.07495337 0.48026546
v -0.28144261 0.07147827 0.44700482
v -0.28593662 0.06109332 0.46906617
v -0.2872971 0.05056689 0.49323052
v -0.28916153 0.04695207 0.45834061
v -0.29246649 0.03683888 0.48298519
v -0.29138371 0.02603896 0.50875425
v -0.2962118 0.02278226 0.4728764
v -0.29736378 0.01224524 0.49921551
v -0.29413676 0.00068742 0.52551597
v -0.30183646 -0.00190276 0.48924565
v -0.29979258 -0.01367676 0.51589864
v -0.29103994 -0.0268077 0.54059249
v -0.30413064 -0.0281813 0.5055229
v -0.2959156 -0.04134844 0.53060847
v -0.28189271 -0.05528475 0.55282944
v -0.29963833 -0.05586282 0.51985615
v -0.28598088 -0.06967642 0.54244118
v -0.26592588 -0.08360775 0.56106388
v -0.28881937 -0.08384733 0.53116607
v -0.26931428 -0.09734532 0.55043864
v -0.24299465 -0.10984167 0.56438231
v -0.27194398 -0.11080554 0.53868371
v -0.24634544 -0.12272365 0.55323922
v -0.21454857 -0.13248345 0.56186133
v -0.24989543 -0.13569065 0.54136759
v -0.22002609 -0.14543661 0.54992318
v -0.25363344 -0.14909488 0.52891701
v -0.22594867 -0.15872091 0.53766924
v -0.1958749 -0.16644752 0.53821796
v -0.23153185 -0.1723067 0.52510112
v -0.20390427 -0.18052889 0.52697789
v -0.17673616 -0.18620309 0.51967549
v -0.16758121 -0.17203846 0.52933347
v -0.15129411 -0.19006893 0.50449848
v -0.14213503 -0.17715984 0.51177632
v -0.13011902 -0.16498771 0.51905602
v -0.12108263 -0.17965191 0.48684275
v -0.1291583 -0.19146092 0.48261004
v -0.11407847 -0.18862457 0.45566618
v -0.13614501 -0.20396745 0.47712925
v -0.11965845 -0.20074124 0.45232328
v -0.11089921 -0.19452869 0.42570227
v -0.10635018 -0.18330025 0.42812794
v -0.10924837 -0.18755346 0.39914429
v -0.10553581 -0.17733871 0.40118959
v -0.11402465 -0.18021041 0.37361058
v -0.11055282 -0.17134726 0.37541252
v -0.12531203 -0.17132595 0.35028633
v -0.12164523 -0.16374805 0.35189351
v -0.14286695 -0.15989716 0.33163353
v -0.13900174 -0.15314294 0.33329838
v -0.16538284 -0.14586487 0.3206782
v -0.16148245 -0.13934963 0.32278084
v -0.19120693 -0.12996827 0.31875082
v -0.18615324 -0.12338081 0.32109406
v -0.180413 -0.11733915 0.32122448
v -0.20245735 -0.10007809 0.32363843
v -0.19548918 -0.09544468 0.31985279
v -0.22013898 -0.08387067 0.32931107
v -0.21227963 -0.07904709 0.32469916
v -0.20520298 -0.07493475 0.31750857
v -0.22430543 -0.06535662 0.32953205
v -0.21698232 -0.06031656 0.32148039
v -0.21083407 -0.0565621 0.31173899
v -0.2261513 -0.04597177 0.3258914
v -0.21965953 -0.04137342 0.31505057
v -0.2141647 -0.03794547 0.30287584
v -0.22691109 -0.02552127 0.31890612
v -0.22148872 -0.02147494 0.30593377
v -0.21737775 -0.01865365 0.29187855
v -0.22752684 -0.00429223 0.30943709
v -0.22360505 -0.00106749 0.29443231
v -0.22097547 0.00094584 0.27885955
v -0.22853894 0.01703357 0.29756835
v -0.2256802 0.01948504 0.28120464
v -0.22376228 0.02100977 0.26441186
v -0.22932347 0.0382676 0.28401693
v -0.22682374 0.04025774 0.26660385
v -0.22486643 0.04144488 0.24908302
v -0.22866441 0.05957789 0.26927298
v -0.22597183 0.06114856 0.2510859
v -0.22381453 0.06189512 0.23299507
v -0.22609704 0.08077955 0.25352412
v -0.22313973 0.08180887 0.23483471
v -0.22081551 0.08200533 0.21625375
v -0.22119765 0.10140065 0.2369758
v -0.21815657 0.10157034 0.21752966
v -0.21581357 0.10105107 0.19833846
v -0.21428188 0.12050481 0.2188261
v -0.21124996 0.1197851 0.19885979
v -0.20887443 0.11861876 0.17926625
v -0.20532023 0.13754376 0.19908155
v -0.20243345 0.13619646 0.17893013
v -0.20037615 0.13494169 0.15931464
v -0.19440835 0.15266147 0.17818106
v -0.19233883 0.15152387 0.15825027
v -0.19036391 0.15035024 0.13871377
v -0.18290877 0.16729961 0.15682303
v -0.18089063 0.16614389 0.13716359
v -0.1790564 0.1650868 0.11777422
v -0.16996461 0.18106515 0.13537012
v -0.16807548 0.17994876 0.11597568
v -0.16631215 0.17892269 0.09672875
v -0.15576984 0.19391544 0.11411082
v -0.15394556 0.19274668 0.09491749
v -0.15228971 0.19170527 0.07570764
v -0.14043712 0.20560868 0.09318581
v -0.13885307 0.20444732 0.07402073
v -0.13738301 0.2033624 0.05472192
v -0.14219296 0.20691216 0.1122839
v -0.15766355 0.19515332 0.13339066
v -0.14388062 0.2082097 0.13134701
v -0.15954242 0.19643689 0.1527687
v -0.14563137 0.20965182 0.15043662
v -0.16179493 0.19809901 0.17231616
v -0.14774642 0.21162873 0.16952532
v -0.1646641 0.20040929 0.19205482
v -0.15047767 0.21458098 0.18851594
v -0.16754026 0.20288877 0.2119832
v -0.15307714 0.21769678 0.20761315
v -0.17036323 0.2058551 0.23205071
v -0.15517169 0.2210219 0.22654062
v -0.17302314 0.20985822 0.25175994
v -0.15679603 0.22513422 0.24507077
v -0.17502716 0.21556267 0.27081152
v -0.15803448 0.23051144 0.26307153
v -0.17589008 0.22384142 0.28921362
v -0.15885914 0.23773497 0.2804161
v -0.17588938 0.23379769 0.30674418
v -0.15917015 0.24639414 0.29711559
v -0.17519569 0.24492666 0.32320508
v -0.15911608 0.25642365 0.31295868
v -0.17377068 0.25652623 0.33889353
v -0.15840283 0.26714217 0.32822406
v -0.17192706 0.26818972 0.35387447
v -0.15689127 0.27810597 0.34302762
v -0.16955275 0.27998268 0.36824134
v -0.15484164 0.2891781 0.35718941
v -0.16685986 0.29177072 0.38182112
v -0.1520273 0.30046692 0.37063393
v -0.14866933 0.31213462 0.3834595
v -0.18327653 0.27056425 0.38027307
v -0.185479 0.25812199 0.36607879
v -0.19763256 0.24781401 0.37961038
v -0.18764387 0.24561604 0.35114362
v -0.1998486 0.23475661 0.3652164
v -0.21058036 0.22415706 0.38111108
v -0.20269195 0.22184759 0.34977832
v -0.2140841 0.21100187 0.36618578
v -0.22415269 0.20070056 0.38428849
v -0.21809616 0.19787845 0.35025006
v -0.2284466 0.1876173 0.3697007
v -0.23727729 0.17768546 0.39046001
v -0.23270838 0.17402431 0.35534623
v -0.24137809 0.16432462 0.37747764
v -0.24881163 0.15457679 0.3994472
v -0.24484391 0.15035381 0.36586538
v -0.25199532 0.14078806 0.38802737
v -0.25855827 0.13089853 0.40922164
v -0.25443342 0.12635329 0.37763482
v -0.26100572 0.11662482 0.39823192
v -0.26738131 0.10658323 0.41817861
v -0.26281213 0.10175878 0.38792467
v -0.26930785 0.09196851 0.40737408
v -0.27562886 0.08185008 0.42682328
v -0.27046096 0.07685296 0.3970896
v -0.27692478 0.06701583 0.41615027
v -0.28337651 0.05699103 0.43619161
v -0.27688089 0.05181548 0.40611845
v -0.28405752 0.04224318 0.42597305
v -0.29109153 0.03262967 0.44806814
v -0.28349191 0.02730766 0.41607883
v -0.29192119 0.0181401 0.43793675
v -0.29883199 0.00859663 0.46269035
v -0.29194435 0.00363475 0.4276908
v -0.30057388 -0.00567334 0.45216655
v -0.30523145 -0.01617426 0.4787088
v -0.3013013 -0.02001676 0.441192
v -0.30736112 -0.03058304 0.467527
v -0.30693307 -0.04268815 0.49440109
v -0.30808928 -0.04503529 0.45579925
v -0.30867424 -0.05714834 0.48266792
v -0.30209615 -0.0703002 0.5082708
v -0.30904042 -0.07148424 0.47048533
v -0.3031781 -0.08445127 0.49613833
v -0.29082763 -0.09779878 0.51927518
v -0.30374816 -0.09852498 0.48361429
v -0.29197844 -0.1114952 0.50672835
v -0.27411693 -0.12417306 0.52651047
v -0.2931315 -0.12531422 0.49408671
v -0.27609297 -0.13767014 0.51370513
v -0.29424569 -0.13942268 0.4813565
v -0.27815905 -0.15135109 0.50083494
v -0.25678494 -0.16245959 0.51581865
v -0.28019204 -0.16544969 0.48836875
v -0.26003602 -0.17636099 0.50325346
v -0.2361273 -0.18601448 0.51234239
v -0.26295569 -0.19032062 0.49084934
v -0.24013713 -0.19978883 0.50010305
v -0.21516667 -0.20761273 0.50300163
v -0.21027101 -0.19433772 0.51510679
v -0.18935117 -0.21384452 0.49944859
v -0.18374592 -0.20043829 0.51007574
v -0.16432073 -0.2171867 0.48852273
v -0.15837037 -0.20376953 0.49723175
v -0.14216956 -0.21696844 0.47040882
v -0.16973793 -0.22986953 0.47866269
v -0.14791549 -0.22985431 0.46235519
v -0.13114114 -0.22625966 0.44085854
v -0.12526877 -0.21348404 0.44736719
v -0.12083531 -0.22002902 0.41646638
v -0.11570588 -0.20694595 0.42174914
v -0.11776603 -0.21206411 0.39110222
v -0.11312928 -0.19921627 0.39588081
v -0.12177406 -0.20280557 0.3660576
v -0.11743104 -0.19052635 0.3705154
v -0.13279065 -0.19211383 0.34306141
v -0.1286664 -0.18057058 0.34720358
v -0.15051032 -0.18001459 0.32459369
v -0.14633438 -0.16847962 0.32876893
v -0.17334245 -0.16682815 0.31227904
v -0.1691029 -0.15445303 0.31693977
v -0.19992297 -0.15398073 0.30813908
v -0.19567798 -0.13929168 0.31394973
v -0.22787839 -0.14396677 0.3130545
v -0.20366856 -0.17167758 0.30315128
v -0.23024827 -0.16433124 0.30696788
v -0.25532141 -0.16170245 0.31763315
v -0.25433653 -0.14054417 0.32413092
v -0.27832287 -0.16382208 0.33541762
v -0.27907744 -0.14416219 0.34354949
v -0.28036496 -0.12467988 0.35292512
v -0.29658144 -0.15170432 0.36926469
v -0.29868179 -0.13427807 0.38029438
v -0.30053177 -0.11788797 0.39230677
v -0.30590504 -0.14530937 0.40774995
v -0.30673974 -0.12970458 0.41992369
v -0.30735305 -0.11471335 0.43244746
v -0.3027049 -0.10285221 0.40511778
v -0.30809235 -0.10011027 0.44518485
v -0.30451768 -0.08820363 0.41820588
v -0.2929438 -0.07743371 0.3914766
v -0.27378457 -0.06864196 0.36792659
v -0.30615189 -0.07374151 0.43114075
v -0.29619571 -0.06315314 0.40518
v -0.28054443 -0.05438012 0.38242277
v -0.26424989 -0.0472105 0.36461281
v -0.25507101 -0.06177642 0.3520601
v -0.29865577 -0.04882 0.41787692
v -0.2852348 -0.03999192 0.39491093
v -0.27067881 -0.03244743 0.37612083
v -0.25800269 -0.02571336 0.36093503
v -0.25101855 -0.04122373 0.35180443
v -0.28868705 -0.0254077 0.40639343
v -0.27564132 -0.0175005 0.38661354
v -0.26400691 -0.01006249 0.369688
v -0.25462305 -0.00345887 0.35541027
v -0.24838647 -0.01974724 0.34842279
v -0.27940157 -0.00257063 0.39645245
v -0.26902169 0.00550007 0.37837353
v -0.26037278 0.01287465 0.36244446
v -0.25222995 0.01964319 0.34759572
v -0.24651381 0.00275183 0.34162697
v -0.27278807 0.02101312 0.38738104
v -0.26476362 0.02917235 0.37020584
v -0.25727465 0.03665586 0.35402256
v -0.24935954 0.04325164 0.33826726
v -0.24460817 0.02576217 0.3327932
v -0.26806306 0.04533308 0.37851536
v -0.26101425 0.05356366 0.3612276
v -0.2529672 0.06086633 0.34447497
v -0.24539184 0.06695009 0.32742905
v -0.24221237 0.04892546 0.32210013
v -0.26328244 0.07014112 0.36930164
v -0.25543943 0.07827603 0.35155227
v -0.24749529 0.08499867 0.33339959
v -0.24056282 0.09068045 0.31455957
v -0.23900111 0.07206919 0.30954659
v -0.2564255 0.09504304 0.35935786
v -0.24843113 0.10278994 0.3401159
v -0.2410254 0.10922852 0.32020482
v -0.23431219 0.11433865 0.29980716
v -0.23473814 0.09511983 0.29520994
v -0.24844205 0.11980474 0.34763819
v -0.24038022 0.12732327 0.32637605
v -0.23245684 0.13316981 0.30460327
v -0.22548669 0.13731221 0.28326079
v -0.22841072 0.11776138 0.27932438
v -0.23871237 0.14399704 0.3335095
v -0.24724489 0.13555198 0.35602197
v -0.23616278 0.15928706 0.34272012
v -0.25600934 0.11111764 0.36807569
v -0.26373234 0.08623154 0.37827938
v -0.27022633 0.06126241 0.38740539
v -0.27540946 0.03644829 0.39662885
v -0.28197008 0.01239314 0.4062736
v -0.2909753 -0.01086583 0.41719326
v -0.30054029 -0.03445466 0.42980799
v -0.30754458 -0.05940616 0.44369339
v -0.30860808 -0.08573269 0.45793908
v -0.30400118 -0.11264128 0.47089436
v -0.30427724 -0.12701894 0.45820564
v -0.30436474 -0.14170888 0.44567605
v -0.29538917 -0.15382184 0.46883744
v -0.30483847 -0.15684649 0.43350017
v -0.29649743 -0.16848623 0.45652324
v -0.28213873 -0.17979951 0.47604489
v -0.29720655 -0.18340511 0.44451889
v -0.2839393 -0.19426789 0.4640921
v -0.26543915 -0.20436309 0.47874906
v -0.28541302 -0.20883558 0.45225614
v -0.2677046 -0.21826349 0.46707552
v -0.24658218 -0.22693842 0.47684502
v -0.24358184 -0.2134397 0.48826119
v -0.22312846 -0.23410478 0.48067256
v -0.21947406 -0.22116789 0.49189481
v -0.19858153 -0.23939655 0.47825691
v -0.19430258 -0.22670096 0.48863753
v -0.17491231 -0.24215807 0.46868866
v -0.20260365 -0.25174826 0.46786534
v -0.17961426 -0.25415021 0.45907563
v -0.15919044 -0.25412958 0.44438144
v -0.15372321 -0.24211114 0.45338517
v -0.14310997 -0.251504 0.42507231
v -0.13697908 -0.23909157 0.43330648
v -0.13273717 -0.24626423 0.40270906
v -0.12664637 -0.23318035 0.41000294
v -0.12924641 -0.23878027 0.37877789
v -0.12314396 -0.22534655 0.38529944
v -0.13266058 -0.22978538 0.35487619
v -0.12687079 -0.21597662 0.36074239
v -0.14328566 -0.21967406 0.33286231
v -0.13777017 -0.20532223 0.33813589
v -0.16045747 -0.20920032 0.31519022
v -0.15534393 -0.19380512 0.31993904
v -0.18242365 -0.19916994 0.30329048
v -0.17785441 -0.18209198 0.30762904
v -0.20728926 -0.19069001 0.29856005
v -0.18694151 -0.21741111 0.29833519
v -0.21094307 -0.21030083 0.29354542
v -0.2355307 -0.20558221 0.2959432
v -0.23273678 -0.18477629 0.30131858
v -0.25879332 -0.20359756 0.3052133
v -0.25699093 -0.18252235 0.31142106
v -0.27891913 -0.20446157 0.32097947
v -0.27858048 -0.18375769 0.32768771
v -0.29452785 -0.20774026 0.34136155
v -0.29461973 -0.18836681 0.34987574
v -0.29557898 -0.16971014 0.35893046
v -0.30347862 -0.1957868 0.37439647
v -0.30435192 -0.1783147 0.38483384
v -0.30498266 -0.16154564 0.39608505
v -0.30506265 -0.18831509 0.40995788
v -0.30457428 -0.17241337 0.4215025
v -0.29817214 -0.19872809 0.4329065
v -0.30449739 -0.20473526 0.39877107
v -0.29838195 -0.21418026 0.42147576
v -0.28638196 -0.22352084 0.44083163
v -0.29894661 -0.22993594 0.41100436
v -0.28733035 -0.2384717 0.43030521
v -0.27111965 -0.24637059 0.44554451
v -0.26964214 -0.23225876 0.45598667
v -0.25124585 -0.25340598 0.45551201
v -0.24911208 -0.24009269 0.46580502
v -0.22913286 -0.25924548 0.45967418
v -0.22632806 -0.24682757 0.46994948
v -0.20624478 -0.26365628 0.45779675
v -0.23146636 -0.27197676 0.45074451
v -0.20943872 -0.27573248 0.44899591
v -0.18816405 -0.277956 0.44151842
v -0.18408161 -0.26603636 0.4497697
v -0.16927726 -0.2782492 0.42823901
v -0.16437901 -0.26614198 0.43585971
v -0.15422406 -0.27658936 0.4104771
v -0.14894673 -0.26393547 0.4172306
v -0.1449301 -0.27250975 0.38906011
v -0.13913324 -0.25927817 0.39528963
v -0.1416586 -0.2668254 0.36609965
v -0.13549423 -0.25263473 0.37197542
v -0.14538039 -0.25958183 0.34344336
v -0.13906505 -0.24424342 0.34879434
v -0.15525437 -0.25167146 0.32279053
v -0.14917242 -0.23507745 0.32746627
v -0.17108991 -0.24385565 0.30605882
v -0.16574348 -0.2259701 0.31014975
v -0.19141089 -0.23671862 0.29449987
v -0.17600549 -0.26302179 0.3034597
v -0.19550965 -0.25735473 0.2924211
v -0.21745096 -0.25278082 0.28734228
v -0.21440598 -0.23113323 0.28947925
v -0.24011445 -0.24948741 0.28911751
v -0.23806658 -0.22712327 0.29135924
v -0.26145839 -0.24777847 0.29714319
v -0.26022914 -0.22536969 0.30023297
v -0.28002682 -0.24769751 0.31086662
v -0.27958816 -0.22575214 0.31498658
v -0.29394996 -0.24947916 0.32914403
v -0.29427877 -0.2282028 0.33411911
v -0.30203348 -0.25283229 0.35039451
v -0.30255976 -0.23294937 0.35635244
v -0.30303502 -0.21400179 0.36474064
v -0.30411222 -0.23942948 0.37955051
v -0.3043496 -0.22172845 0.38850057
v -0.29924804 -0.24639578 0.40189805
v -0.30370715 -0.25752279 0.37303614
v -0.29905924 -0.263145 0.39488601
v -0.28819885 -0.2692298 0.41385966
v -0.2879017 -0.25357353 0.4211336
v -0.27285113 -0.27520266 0.4288145
v -0.27214726 -0.26055023 0.43625
v -0.254298 -0.28069225 0.43914192
v -0.25288403 -0.26683339 0.44636246
v -0.23352371 -0.28535631 0.44380983
v -0.25552448 -0.29526013 0.43385103
v -0.23529434 -0.29939773 0.43874782
v -0.21442188 -0.30247622 0.43762409
v -0.21213057 -0.28879812 0.44252446
v -0.19420637 -0.30438166 0.4310404
v -0.19146131 -0.290798 0.43539613
v -0.17646966 -0.30485558 0.41856452
v -0.17325089 -0.29107448 0.42253378
v -0.16238348 -0.30398485 0.40189209
v -0.15878097 -0.28976762 0.40534374
v -0.15375088 -0.30137136 0.38155111
v -0.14987909 -0.28653201 0.38451522
v -0.15112619 -0.29743611 0.3596163
v -0.1469199 -0.28180751 0.36206734
v -0.15514083 -0.29259434 0.33796703
v -0.15093025 -0.27568444 0.33983472
v -0.16487424 -0.2876932 0.31849458
v -0.16076152 -0.26922175 0.31971749
v -0.1799577 -0.2828859 0.30293044
v -0.16837957 -0.30663269 0.31897756
v -0.18322363 -0.30279281 0.30421209
v -0.20135605 -0.29926905 0.29356071
v -0.19874091 -0.27847144 0.29212147
v -0.2217945 -0.29625299 0.28871059
v -0.21993193 -0.27467498 0.28722173
v -0.24280549 -0.29388451 0.28998401
v -0.24167916 -0.27197995 0.28867247
v -0.26279738 -0.29239308 0.29732465
v -0.26224106 -0.27040103 0.29634228
v -0.27989348 -0.29184454 0.30990079
v -0.27991673 -0.26999864 0.30941984
v -0.29292941 -0.29225716 0.32669299
v -0.29319006 -0.27096143 0.3268696
v -0.30087348 -0.29358148 0.34627884
v -0.30146393 -0.2730385 0.34719723
v -0.30277326 -0.29591542 0.36728403
v -0.30303779 -0.27645081 0.36900311
v -0.29870528 -0.29909545 0.38786545
v -0.29885435 -0.28068304 0.39018246
v -0.28917098 -0.30270063 0.40627801
v -0.28872045 -0.28557595 0.4089905
v -0.27474507 -0.30667507 0.42101612
v -0.2735601 -0.29054591 0.42359367
v -0.25685522 -0.31066751 0.43105477
v -0.27533218 -0.32370299 0.41927519
v -0.25799962 -0.32681116 0.42953825
v -0.23822367 -0.32977888 0.4343765
v -0.23690405 -0.3141734 0.43589982
v -0.21774521 -0.3321695 0.43351873
v -0.21623279 -0.31692078 0.43500745
v -0.19807232 -0.33381405 0.42703151
v -0.19624553 -0.31874206 0.42855837
v -0.18105472 -0.33466711 0.41504639
v -0.17889969 -0.31940463 0.41630676
v -0.16812054 -0.33445176 0.39855608
v -0.16530987 -0.31884816 0.39973074
v -0.15999408 -0.33320859 0.3791387
v -0.15720887 -0.31690374 0.37977853
v -0.15795148 -0.33111318 0.35838586
v -0.15474633 -0.31397244 0.35847464
v -0.16203445 -0.32842832 0.3382382
v -0.15883232 -0.3104023 0.33768516
v -0.17145997 -0.32545593 0.32021579
v -0.1652176 -0.34632122 0.33921113
v -0.17422153 -0.34392917 0.32147166
v -0.18822148 -0.34128278 0.30722239
v -0.18577371 -0.32230186 0.30568224
v -0.2053952 -0.3387466 0.29710623
v -0.20344679 -0.31932687 0.29541721
v -0.22480596 -0.33650621 0.29270204
v -0.22334113 -0.31682294 0.29063504
v -0.24475474 -0.33466458 0.29381567
v -0.24381957 -0.31474518 0.29201251
v -0.26366779 -0.33334922 0.30053812
v -0.26319748 -0.31334528 0.29904693
v -0.27992209 -0.33267414 0.31230136
v -0.27998647 -0.31270808 0.31112614
v -0.29215055 -0.33268222 0.32823163
v -0.29243239 -0.31284377 0.32754677
v -0.299847 -0.33328315 0.3466975
v -0.3004274 -0.3137314 0.34644335
v -0.30158424 -0.33453804 0.36653071
v -0.30207777 -0.31546247 0.36680108
v -0.29792687 -0.33645203 0.38605403
v -0.29818499 -0.31786093 0.38676852
v -0.28887391 -0.33877691 0.40353912
v -0.28907176 -0.32066929 0.40473941
v -0.27539873 -0.34121409 0.41777896
v -0.28872093 -0.3567022 0.40214783
v -0.27547645 -0.35873052 0.41617646
v -0.2589336 -0.36070689 0.426171
v -0.25855544 -0.34359797 0.42796
v -0.24019192 -0.36259988 0.43096253
v -0.23926301 -0.34591665 0.43279534
v -0.22065801 -0.36433795 0.43020591
v -0.21916841 -0.3479605 0.4318259
v -0.20202082 -0.36580553 0.42412027
v -0.19998611 -0.34949562 0.42563179
v -0.18616244 -0.36663845 0.41267892
v -0.18381182 -0.35032713 0.41365519
v -0.17399619 -0.36678874 0.39703187
v -0.17104764 -0.35046818 0.39775386
v -0.16631838 -0.36646121 0.37870699
v -0.16333094 -0.34979718 0.37887674
v -0.16435214 -0.36547398 0.35914099
v -0.16111755 -0.34834298 0.3588171
v -0.1680758 -0.36393621 0.33995491
v -0.1674823 -0.38257783 0.35924163
v -0.17145343 -0.38129603 0.34074845
v -0.1800812 -0.37971079 0.32387495
v -0.17717681 -0.36196309 0.32265946
v -0.19331693 -0.37789261 0.31035676
v -0.19062894 -0.35976481 0.30861008
v -0.20932829 -0.37611553 0.30053171
v -0.20733609 -0.35762605 0.29883879
v -0.22760848 -0.37444654 0.29605478
v -0.22623035 -0.35566335 0.29432207
v -0.24647609 -0.37308403 0.29692432
v -0.24565006 -0.35399377 0.29536879
v -0.26425418 -0.37202888 0.30324825
v -0.2639729 -0.35281291 0.3019047
v -0.27970948 -0.3712356 0.31424704
v -0.27977031 -0.35213622 0.31327736
v -0.29140871 -0.37093842 0.32930082
v -0.29176574 -0.35195103 0.32880869
v -0.29883813 -0.37120249 0.34673106
v -0.2993792 -0.35231769 0.3467769
v -0.30067196 -0.37197914 0.3653931
v -0.30119487 -0.35329213 0.36609798
v -0.29717919 -0.37313664 0.3838568
v -0.29762724 -0.35480979 0.38502189
v -0.28852754 -0.37454554 0.40056991
v -0.29673901 -0.39141738 0.3827627
v -0.28827938 -0.39243558 0.39912495
v -0.27570459 -0.39372211 0.41255652
v -0.27539193 -0.37615236 0.41417965
v -0.26008817 -0.39517757 0.42208206
v -0.25942185 -0.37784975 0.42416131
v -0.24242688 -0.39659708 0.42656743
v -0.2412047 -0.37952175 0.42856478
v -0.22406622 -0.39791691 0.42575827
v -0.22233948 -0.38104659 0.4277701
v -0.20649169 -0.39904701 0.42006394
v -0.20420049 -0.38240298 0.42226058
v -0.19159187 -0.3997153 0.40928003
v -0.18873579 -0.38315644 0.41113036
v -0.17986042 -0.40004661 0.39492306
v -0.17683468 -0.38336351 0.39611011
v -0.17276282 -0.40002793 0.37780186
v -0.16962958 -0.38319832 0.37826556
v -0.17063564 -0.39964026 0.35939565
v -0.1760891 -0.41683098 0.37725931
v -0.17395716 -0.41653519 0.35939794
v -0.17737175 -0.4157643 0.34163868
v -0.17419695 -0.3986299 0.34119671
v -0.18510951 -0.41483908 0.32542645
v -0.18263155 -0.39728969 0.32468727
v -0.19748628 -0.41389283 0.31260514
v -0.19548225 -0.39583787 0.3114019
v -0.21271069 -0.41286125 0.30335211
v -0.21106022 -0.3944934 0.30179262
v -0.2299751 -0.41175043 0.29901686
v -0.22881989 -0.39315152 0.297607
v -0.24784117 -0.41063973 0.30003008
v -0.24713859 -0.39195385 0.29850429
v -0.26479014 -0.4097273 0.30582818
v -0.26460284 -0.39094498 0.30439853
v -0.27948635 -0.40903711 0.3161768
v -0.27961933 -0.39014878 0.31519106
v -0.29069206 -0.40878385 0.33005639
v -0.29122233 -0.38980841 0.32961723
v -0.29749959 -0.40896341 0.34646996
v -0.29839253 -0.39005184 0.34652122
v -0.29928666 -0.40930742 0.36418625
v -0.30014261 -0.39063078 0.36473867
v -0.29599866 -0.40976354 0.38176986
v -0.29862079 -0.42795792 0.36386713
v -0.29551291 -0.4281618 0.38112783
v -0.2880553 -0.42858427 0.39683997
v -0.28814336 -0.41033998 0.39780125
v -0.27597385 -0.42933076 0.40924128
v -0.27578562 -0.41140964 0.41068249
v -0.26116818 -0.4302558 0.41818988
v -0.26075232 -0.41267669 0.42006215
v -0.24431087 -0.43109816 0.42248135
v -0.24352324 -0.41384017 0.42427647
v -0.22687266 -0.43183317 0.42189213
v -0.22567783 -0.41483894 0.42354807
v -0.21033854 -0.4325436 0.41653391
v -0.20863103 -0.41575396 0.41805195
v -0.19614112 -0.43315008 0.4065437
v -0.19413158 -0.41635978 0.40760818
v -0.18513305 -0.43353226 0.39308232
v -0.18266032 -0.41673928 0.39385628
v -0.17881996 -0.43349543 0.37695065
v -0.18699079 -0.45037201 0.39255172
v -0.18048465 -0.4503296 0.37674301
v -0.17802035 -0.45023161 0.35986489
v -0.1765449 -0.43327611 0.35952618
v -0.18129535 -0.4501616 0.34313798
v -0.17980793 -0.43287131 0.34227541
v -0.18903149 -0.45005196 0.32799333
v -0.18733887 -0.43249377 0.32661619
v -0.20075503 -0.44970294 0.31559675
v -0.19937101 -0.43184903 0.31410557
v -0.21530689 -0.44916126 0.30659034
v -0.21421268 -0.4310677 0.30506071
v -0.23169753 -0.44861704 0.30209577
v -0.23101729 -0.43020638 0.30061611
v -0.24867206 -0.44804078 0.30282008
v -0.24841341 -0.42934393 0.30139374
v -0.26483845 -0.4474942 0.3082875
v -0.26494291 -0.42856347 0.30707436
v -0.27894854 -0.44712159 0.31771549
v -0.2793383 -0.42802926 0.31690517
v -0.28956461 -0.4468525 0.33088108
v -0.29024341 -0.42783743 0.3303655
v -0.29602709 -0.44668978 0.34674269
v -0.29692441 -0.42787405 0.3464733
v -0.29791516 -0.44661915 0.3638674
v -0.2947939 -0.46530762 0.34731108
v -0.29703065 -0.46511101 0.36398217
v -0.29373234 -0.46516045 0.38036125
v -0.29488045 -0.44668728 0.38064971
v -0.28670227 -0.46524024 0.39539438
v -0.28760147 -0.44690397 0.39588701
v -0.27544596 -0.46527305 0.40755125
v -0.27589136 -0.44727307 0.40804696
v -0.2611013 -0.46542018 0.41607913
v -0.26126718 -0.44778424 0.41677835
v -0.24496106 -0.46573594 0.42056238
v -0.24480365 -0.44834563 0.42123761
v -0.22826352 -0.46614849 0.42021814
v -0.22775077 -0.44889968 0.42076221
v -0.21246594 -0.46666446 0.41498643
v -0.21167431 -0.44951582 0.4154393
v -0.19889223 -0.46707421 0.40525779
v -0.19783203 -0.45005756 0.40566188
v -0.18816566 -0.4672757 0.39237594
v -0.19956766 -0.48423081 0.40507608
v -0.18885877 -0.48444047 0.39249178
v -0.18238437 -0.4846532 0.37736302
v -0.18154963 -0.46739772 0.37688729
v -0.17999576 -0.48496279 0.36118587
v -0.17909053 -0.46753078 0.36044147
v -0.18322108 -0.48513388 0.34511917
v -0.18245148 -0.46759665 0.344145
v -0.19045752 -0.48518854 0.33027091
v -0.18994946 -0.46757316 0.32919085
v -0.20157513 -0.4852392 0.31806221
v -0.20141021 -0.46738305 0.3168565
v -0.21562777 -0.48528608 0.30954942
v -0.21568049 -0.4671927 0.30802992
v -0.2313867 -0.48527237 0.30531209
v -0.23172445 -0.46700656 0.30358982
v -0.24776183 -0.48508423 0.30593043
v -0.24838414 -0.46666753 0.30428883
v -0.26330709 -0.48488003 0.31110942
v -0.264191 -0.46632304 0.3096804
v -0.27686962 -0.48468548 0.320295
v -0.27812802 -0.4660868 0.31884321
v -0.28727638 -0.48434305 0.33291903
v -0.28843757 -0.46572542 0.33182218
v -0.29362702 -0.48383778 0.34799882
v -0.2860355 -0.50260341 0.33404162
v -0.29253137 -0.50215101 0.34877008
v -0.29479441 -0.5017699 0.36450341
v -0.29588899 -0.4834789 0.36411264
v -0.29153072 -0.50150865 0.3802466
v -0.29258287 -0.48340323 0.38023448
v -0.28469559 -0.50141286 0.39497685
v -0.28560078 -0.48337152 0.39513519
v -0.27405694 -0.50128221 0.40693679
v -0.2747561 -0.48327985 0.40729743
v -0.26025012 -0.50109505 0.41514885
v -0.26070842 -0.48322346 0.41558611
v -0.24483908 -0.50102138 0.41959339
v -0.24494072 -0.48332729 0.4200561
v -0.22877305 -0.50114905 0.41935539
v -0.22857496 -0.48360532 0.41976699
v -0.2135185 -0.50131392 0.41412922
v -0.2130507 -0.4839293 0.41459649
v -0.20022828 -0.50150632 0.40487009
v -0.21388016 -0.51878428 0.41378963
v -0.20090599 -0.51897293 0.40470078
v -0.19042179 -0.51929396 0.3928484
v -0.18947301 -0.50179499 0.39273062
v -0.1841855 -0.51979053 0.37831437
v -0.18323862 -0.50218451 0.37784081
v -0.18179667 -0.52025586 0.36264187
v -0.18086151 -0.50254768 0.36193433
v -0.1845442 -0.52051907 0.34705767
v -0.1838811 -0.50276494 0.34609007
v -0.1915283 -0.52077299 0.33279722
v -0.19099345 -0.50292885 0.33150199
v -0.2021411 -0.52114599 0.32113486
v -0.20179532 -0.50317764 0.31954404
v -0.21555912 -0.52148652 0.31282743
v -0.21557213 -0.50339919 0.31118947
v -0.23078361 -0.52160197 0.30852103
v -0.2310303 -0.50345844 0.30691784
v -0.24663083 -0.52147638 0.30894225
v -0.24712857 -0.50331848 0.30739551
v -0.26170042 -0.52128154 0.31368908
v -0.26240778 -0.50315958 0.31245932
v -0.27469542 -0.52102416 0.32285016
v -0.27565422 -0.50296163 0.32170498
v -0.28504282 -0.52071601 0.33493834
v -0.27383092 -0.53911364 0.3238902
v -0.28398534 -0.53884202 0.3356322
v -0.29013472 -0.53851169 0.34986507
v -0.29132866 -0.52035176 0.34937992
v -0.2924503 -0.53809207 0.36509174
v -0.29364669 -0.51996994 0.36482709
v -0.28940665 -0.53758704 0.38020831
v -0.29043912 -0.5195862 0.38023224
v -0.28272432 -0.53722596 0.39423647
v -0.28376925 -0.51937419 0.39463505
v -0.2723425 -0.53692388 0.40573346
v -0.27327165 -0.51918941 0.40645605
v -0.25911 -0.53664034 0.4138779
v -0.25971117 -0.51892721 0.41458895
v -0.24437873 -0.53644609 0.41849973
v -0.24462014 -0.51875686 0.41905301
v -0.229014 -0.53633552 0.41802284
v -0.22890742 -0.51868999 0.41874757
v -0.21423187 -0.53633874 0.41354772
v -0.22916704 -0.55398064 0.41747638
v -0.21477747 -0.55395889 0.41300475
v -0.20229719 -0.55412209 0.40452939
v -0.20141701 -0.53653043 0.40479946
v -0.19230967 -0.55448359 0.39320319
v -0.19135463 -0.53689748 0.39302519
v -0.18620911 -0.55501735 0.37927267
v -0.18524046 -0.53741884 0.37878337
v -0.18404431 -0.55563879 0.36419317
v -0.18292643 -0.53794938 0.36335974
v -0.18639974 -0.55623 0.34916013
v -0.18544212 -0.53837245 0.3480654
v -0.19265875 -0.55681049 0.33539295
v -0.19207397 -0.53873682 0.3340727
v -0.20278604 -0.55725038 0.32410693
v -0.20235461 -0.5391463 0.32262295
v -0.21581731 -0.55750513 0.31619095
v -0.21559892 -0.53952533 0.31443026
v -0.23055341 -0.55766916 0.31185469
v -0.23063951 -0.5396713 0.31017828
v -0.24588519 -0.55769497 0.31201088
v -0.24625593 -0.53959745 0.31047633
v -0.26050436 -0.55761116 0.31638318
v -0.26114484 -0.53940135 0.31498226
v -0.27295476 -0.55738335 0.32501256
v -0.25968834 -0.57596695 0.31787815
v -0.27202913 -0.57576984 0.32617303
v -0.28175231 -0.57535475 0.33744344
v -0.28286662 -0.55706876 0.33647579
v -0.28757828 -0.57480979 0.35118013
v -0.288888 -0.55667871 0.35045179
v -0.28976082 -0.57418006 0.36593261
v -0.29112935 -0.55616557 0.3654479
v -0.28721353 -0.57341885 0.3805406
v -0.28834837 -0.55551654 0.38028347
v -0.28085967 -0.57267135 0.39397069
v -0.28179583 -0.55496496 0.39401808
v -0.27094438 -0.57209718 0.40497824
v -0.27159422 -0.55453354 0.40529692
v -0.25830939 -0.57176786 0.4127402
v -0.25863876 -0.55422663 0.41329914
v -0.24418112 -0.57158857 0.41721072
v -0.244229 -0.55406934 0.41790083
v -0.22945225 -0.57150244 0.41686916
v -0.24414028 -0.58890003 0.41649195
v -0.22968858 -0.58879339 0.41628944
v -0.21582624 -0.58881527 0.41214603
v -0.21538828 -0.57150185 0.41249883
v -0.20373784 -0.58905088 0.40429225
v -0.20311769 -0.57166689 0.40433821
v -0.19418317 -0.58953267 0.39347583
v -0.19332963 -0.57204109 0.39326316
v -0.1882236 -0.59020471 0.38033711
v -0.18725249 -0.57262259 0.37978625
v -0.18610386 -0.59102827 0.36600765
v -0.18510164 -0.5733214 0.36507728
v -0.18816317 -0.59192889 0.35162654
v -0.18733573 -0.57408613 0.35040015
v -0.19434876 -0.59277212 0.33844009
v -0.19359332 -0.57478755 0.33691901
v -0.20393575 -0.59344345 0.32740792
v -0.20340575 -0.5753405 0.32573172
v -0.21629449 -0.59390771 0.31933757
v -0.21611852 -0.575634 0.31780377
v -0.23018182 -0.59427189 0.31484967
v -0.23041428 -0.57581472 0.31330561
v -0.24476386 -0.59448516 0.3151685
v -0.24540002 -0.57594221 0.3135899
v -0.25872439 -0.594509 0.31940788
v -0.24413357 -0.61333531 0.31660658
v -0.25795564 -0.61329865 0.32075902
v -0.27001249 -0.61289107 0.32882371
v -0.27085557 -0.59420633 0.32760629
v -0.2795633 -0.61216783 0.33970201
v -0.28046309 -0.59367311 0.33863839
v -0.2854225 -0.61121934 0.35285913
v -0.28632214 -0.59296149 0.35202759
v -0.28737974 -0.61018222 0.36714181
v -0.28844595 -0.59215009 0.36650145
v -0.28505191 -0.60912412 0.38125929
v -0.28611579 -0.5912584 0.38090345
v -0.27894294 -0.6081143 0.39409309
v -0.27988445 -0.59038054 0.39397123
v -0.26973712 -0.60719037 0.40478542
v -0.27038133 -0.58969312 0.40483585
v -0.25760683 -0.60645335 0.41204324
v -0.25802889 -0.58918583 0.41230428
v -0.24402429 -0.6059454 0.41613927
v -0.25723958 -0.62337493 0.41230931
v -0.24383737 -0.62256503 0.41639265
v -0.22977633 -0.62226408 0.41616097
v -0.2298171 -0.60575956 0.41587865
v -0.21625544 -0.62246185 0.41228041
v -0.21617433 -0.60585898 0.41195386
v -0.20454555 -0.62307578 0.40468114
v -0.20432914 -0.60625237 0.40428081
v -0.19500626 -0.62400913 0.39451387
v -0.19486415 -0.60690492 0.39382386
v -0.18910828 -0.62519389 0.38188323
v -0.18903259 -0.60775178 0.38098463
v -0.18691791 -0.62654256 0.36795848
v -0.18686638 -0.60873752 0.36694064
v -0.18854598 -0.62793624 0.35392504
v -0.18862757 -0.60982495 0.35279929
v -0.19438916 -0.62933307 0.34095326
v -0.19463308 -0.61086285 0.33976274
v -0.20359423 -0.63060784 0.33007267
v -0.20409315 -0.61176848 0.32893437
v -0.2154987 -0.63161742 0.32205015
v -0.21611851 -0.6125133 0.32086619
v -0.22907602 -0.63233 0.31749287
v -0.22974748 -0.61306411 0.31632158
v -0.24343201 -0.63263744 0.31779354
v -0.2282639 -0.65244984 0.31855869
v -0.24262864 -0.6527369 0.31872052
v -0.2565042 -0.65242487 0.32279378
v -0.25721719 -0.63251906 0.32195493
v -0.26860421 -0.65157967 0.33082476
v -0.26928219 -0.63195931 0.32994031
v -0.27833914 -0.65033394 0.34151482
v -0.27890461 -0.63102543 0.34069857
v -0.28430393 -0.64865505 0.35453164
v -0.28477752 -0.62978369 0.35371136
v -0.28620857 -0.64670068 0.36864024
v -0.28667557 -0.62837034 0.36784631
v -0.28402209 -0.64473921 0.38251799
v -0.28449523 -0.62695235 0.38184315
v -0.27784106 -0.64290398 0.39504653
v -0.27836492 -0.62560057 0.3945277
v -0.26868602 -0.64116877 0.40553474
v -0.26920318 -0.62440276 0.40509814
v -0.25682973 -0.63966029 0.41286647
v -0.2678526 -0.65709108 0.40604946
v -0.25610908 -0.65495276 0.41327762
v -0.24297648 -0.65349364 0.41753855
v -0.24350556 -0.6385889 0.41711562
v -0.22909659 -0.65315008 0.41767337
v -0.22945204 -0.63823217 0.41705587
v -0.21584296 -0.65385496 0.41366347
v -0.2160481 -0.6385914 0.41300323
v -0.20422238 -0.65542244 0.40629693
v -0.20437718 -0.63956701 0.40544158
v -0.19463336 -0.65759414 0.396476
v -0.19487375 -0.6409282 0.39537701
v -0.18835154 -0.66005778 0.38423118
v -0.18882383 -0.64257884 0.38296362
v -0.18565362 -0.66277813 0.37055462
v -0.18636998 -0.64444929 0.36912185
v -0.18689951 -0.66563034 0.35648235
v -0.18792015 -0.64644628 0.35507404
v -0.1925373 -0.66853779 0.3434115
v -0.19367669 -0.64840042 0.34206318
v -0.20145835 -0.67134279 0.33220666
v -0.20269876 -0.65013843 0.33102345
v -0.21333949 -0.67342662 0.32376638
v -0.21465148 -0.65152144 0.3230313
v -0.22710257 -0.67469078 0.31896013
v -0.2114937 -0.69699966 0.32573962
v -0.22556506 -0.69888967 0.32043397
v -0.2408293 -0.69927847 0.32033363
v -0.24179717 -0.67498815 0.31886217
v -0.25530046 -0.69828331 0.32444629
v -0.25591045 -0.67437756 0.32317397
v -0.26779875 -0.69598656 0.33262607
v -0.26813063 -0.67291331 0.3313663
v -0.27749061 -0.69272726 0.34372544
v -0.27791866 -0.67080807 0.34221452
v -0.28333589 -0.68866795 0.35694226
v -0.28390586 -0.66827076 0.35539612
v -0.28506791 -0.68449187 0.37128591
v -0.2856628 -0.66544038 0.36960738
v -0.28279036 -0.68021553 0.38509532
v -0.2835145 -0.66254609 0.3834069
v -0.27613413 -0.6759178 0.39716157
v -0.27718001 -0.65968382 0.395778
v -0.26672887 -0.67206502 0.40706282
v -0.27450823 -0.69083577 0.40018755
v -0.26517683 -0.68550849 0.4096584
v -0.25396522 -0.68165248 0.41624799
v -0.25510001 -0.66904944 0.41412988
v -0.24170585 -0.67953717 0.41995969
v -0.24228462 -0.66719418 0.41816738
v -0.22890354 -0.67931723 0.42020306
v -0.22887694 -0.66691291 0.41836333
v -0.21643576 -0.68098908 0.4170207
v -0.21596533 -0.66818791 0.41468182
v -0.20494732 -0.68445515 0.41065946
v -0.20433749 -0.67066282 0.40774226
v -0.19496373 -0.68903076 0.40171858
v -0.19464841 -0.67389464 0.39825964
v -0.18748782 -0.69417423 0.3904975
v -0.18784759 -0.6775614 0.38620537
v -0.18350173 -0.69991672 0.37735319
v -0.18469856 -0.68154645 0.37272957
v -0.183485 -0.70653611 0.36408034
v -0.18546553 -0.68575477 0.35869878
v -0.18828676 -0.71267187 0.35123732
v -0.19051376 -0.69021576 0.34559065
v -0.19691169 -0.71820062 0.33997255
v -0.19940681 -0.69406479 0.33405625
v -0.20911182 -0.72242361 0.33165329
v -0.19441978 -0.74232554 0.35175752
v -0.20690305 -0.74779599 0.34441342
v -0.22152018 -0.75110149 0.33998772
v -0.22361612 -0.72505009 0.32683932
v -0.23744936 -0.75166267 0.33936646
v -0.23938114 -0.72560459 0.32647728
v -0.25276824 -0.74954474 0.34235921
v -0.25433316 -0.72407448 0.33022841
v -0.26608917 -0.74455648 0.34911364
v -0.26735052 -0.7205398 0.33781027
v -0.27609965 -0.73754423 0.35837921
v -0.27703881 -0.71541094 0.34854894
v -0.2819665 -0.72936606 0.36942359
v -0.28269544 -0.70929551 0.36111843
v -0.28343346 -0.72037136 0.38202345
v -0.28433749 -0.70294034 0.37498712
v -0.28027978 -0.71161645 0.39475032
v -0.2815521 -0.69672071 0.38870108
v -0.27299988 -0.70377653 0.40542632
v -0.27972585 -0.72418344 0.40383726
v -0.27251637 -0.71449637 0.41353985
v -0.2638773 -0.70645773 0.42180657
v -0.26389858 -0.69718414 0.41424974
v -0.25357037 -0.70076578 0.42781296
v -0.25327941 -0.69247758 0.42055955
v -0.24176846 -0.69829416 0.43085768
v -0.24148328 -0.69014757 0.42386764
v -0.22937771 -0.69857329 0.4310882
v -0.22913415 -0.69016492 0.42411428
v -0.217075 -0.70103675 0.4288651
v -0.21687878 -0.69227123 0.42144292
v -0.20521616 -0.70566952 0.42449459
v -0.2054148 -0.69626969 0.41601342
v -0.19421379 -0.71273469 0.41799342
v -0.19500485 -0.70217579 0.40810185
v -0.18511825 -0.72218954 0.40946856
v -0.18665321 -0.70957148 0.39810687
v -0.17979411 -0.73284977 0.39923504
v -0.18193094 -0.7176693 0.38645857
v -0.17908884 -0.74395281 0.38859191
v -0.18160764 -0.72632205 0.37388202
v -0.18350462 -0.75487887 0.37850374
v -0.18627402 -0.73466086 0.362259
v -0.1917638 -0.76465892 0.3692083
v -0.1812092 -0.77085608 0.39932838
v -0.19019678 -0.7824794 0.39191964
v -0.20315215 -0.79130727 0.38587966
v -0.20452234 -0.77163684 0.36245405
v -0.21851731 -0.79682147 0.38147822
v -0.2193935 -0.77577155 0.35801553
v -0.23553188 -0.79754513 0.37952199
v -0.23566907 -0.77624362 0.357003
v -0.25180938 -0.79329067 0.38052144
v -0.25129017 -0.77300721 0.35950791
v -0.26555806 -0.78476059 0.38444006
v -0.26485356 -0.76644122 0.36505064
v -0.27646419 -0.77394413 0.38999196
v -0.2754738 -0.75775951 0.37268066
v -0.28280815 -0.76121681 0.39771735
v -0.28174787 -0.74713414 0.3821879
v -0.28410911 -0.74729883 0.40638533
v -0.28314745 -0.73550117 0.39279031
v -0.28087705 -0.73354083 0.41543224
v -0.28633534 -0.75449472 0.42142641
v -0.28379502 -0.73960131 0.42835
v -0.2768827 -0.72686976 0.43631839
v -0.27381965 -0.72238111 0.42405474
v -0.26764619 -0.71692127 0.44330409
v -0.26506036 -0.71314412 0.43159914
v -0.25633123 -0.71002608 0.44860237
v -0.25448498 -0.70681995 0.43714088
v -0.24365195 -0.70656901 0.45170572
v -0.24244645 -0.7039318 0.44009536
v -0.23025687 -0.70678031 0.45244836
v -0.22977636 -0.70419102 0.44057282
v -0.21706059 -0.70993059 0.45130103
v -0.21704803 -0.70683628 0.43906033
v -0.20462752 -0.71581566 0.44844004
v -0.20479457 -0.71212101 0.43542966
v -0.19353082 -0.72445541 0.44417312
v -0.1935684 -0.72010743 0.43014729
v -0.18435415 -0.73630583 0.43934467
v -0.18397541 -0.73112291 0.42341426
v -0.17879714 -0.75024253 0.43402627
v -0.17836119 -0.74392014 0.41542893
v -0.17760135 -0.76532065 0.42885291
v -0.17725846 -0.75768011 0.40719702
v -0.18152876 -0.78003948 0.423482
v -0.18098209 -0.76710903 0.45093244
v -0.18562966 -0.78178787 0.44747284
v -0.19615776 -0.79330784 0.44338008
v -0.19205077 -0.79184871 0.41812452
v -0.20870599 -0.80348235 0.43980202
v -0.20499923 -0.80168479 0.41339123
v -0.22393928 -0.80964767 0.43687018
v -0.2203048 -0.80835562 0.409626
v -0.24067618 -0.80941379 0.43420401
v -0.23757775 -0.80898928 0.40729478
v -0.25653004 -0.80566763 0.43227252
v -0.2537738 -0.80476665 0.40645527
v -0.27099633 -0.79888534 0.43128153
v -0.26818499 -0.7961995 0.40720471
v -0.28141489 -0.78733879 0.43233171
v -0.27871152 -0.78396976 0.41040411
v -0.28737071 -0.77284884 0.43510931
v -0.28483763 -0.76975625 0.41532453
v -0.28903842 -0.75737386 0.43903693
v -0.28893256 -0.77290427 0.45562014
v -0.29076582 -0.75808304 0.45787498
v -0.28831902 -0.74366533 0.46137398
v -0.2865358 -0.74243772 0.4438495
v -0.2818664 -0.73087823 0.46627321
v -0.27998048 -0.72907555 0.45014619
v -0.27187198 -0.72144889 0.47143283
v -0.27031248 -0.71884059 0.45657795
v -0.25967231 -0.71523535 0.47566762
v -0.25829699 -0.7121464 0.46154576
v -0.24668352 -0.71098399 0.47893205
v -0.24503955 -0.70795148 0.46478658
v -0.23261344 -0.71163553 0.48006954
v -0.23125608 -0.7082706 0.46575531
v -0.22007064 -0.71619612 0.47942629
v -0.21794413 -0.71216869 0.46493193
v -0.20770117 -0.72088623 0.47887203
v -0.20537024 -0.71776306 0.46327242
v -0.19505828 -0.72661221 0.46032705
v -0.18681475 -0.73817932 0.45709934
v -0.18195189 -0.75214994 0.45420074
v -0.18612957 -0.76590311 0.47191375
v -0.1940843 -0.76221919 0.49029144
v -0.19814188 -0.77586847 0.48855355
v -0.19122983 -0.7796517 0.46934339
v -0.20690457 -0.78727275 0.48576268
v -0.20088641 -0.79123914 0.46608695
v -0.21850588 -0.79567015 0.48273968
v -0.21351896 -0.79960221 0.46262458
v -0.23143848 -0.80085969 0.47958293
v -0.22793276 -0.80431211 0.45960152
v -0.24593734 -0.80165779 0.47643771
v -0.24356709 -0.80472582 0.45703461
v -0.26029577 -0.79965728 0.47454237
v -0.25936707 -0.80285018 0.45508107
v -0.27327904 -0.79380476 0.4740765
v -0.27355533 -0.79710084 0.45395308
v -0.28250539 -0.78383547 0.47436684
v -0.28322041 -0.7862792 0.45432788
v -0.28754359 -0.77153229 0.47508269
v -0.27767753 -0.77925056 0.49187508
v -0.28131339 -0.76817196 0.49316272
v -0.26796895 -0.77231019 0.50299698
v -0.27110055 -0.76280319 0.5031858
v -0.26006481 -0.7681334 0.50931459
v -0.26293498 -0.75844383 0.50831997
v -0.265028 -0.74860477 0.50548374
v -0.25603821 -0.75475537 0.5134778
v -0.25781324 -0.74365162 0.50994312
v -0.2591952 -0.73179745 0.50252699
v -0.26753217 -0.73766893 0.4988245
v -0.25980165 -0.72161024 0.4899595
v -0.27067446 -0.72716802 0.48652151
v -0.24824644 -0.72804236 0.50611859
v -0.24790899 -0.71747279 0.4933803
v -0.23584884 -0.72850495 0.50676947
v -0.23455295 -0.71805095 0.49449312
v -0.22454729 -0.73336273 0.50387215
v -0.22240266 -0.7230317 0.4933643
v -0.21426199 -0.73872751 0.5019797
v -0.21164712 -0.72831869 0.49296823
v -0.22648271 -0.74465048 0.51015341
v -0.21607065 -0.74996054 0.5070889
v -0.20497155 -0.75644862 0.50217932
v -0.21948957 -0.76143211 0.50858336
v -0.20823492 -0.76898956 0.50229722
v -0.22473205 -0.77153933 0.50964987
v -0.21517719 -0.78026467 0.50064009
v -0.23234655 -0.77980709 0.51001423
v -0.2245246 -0.78936499 0.49910956
v -0.24218972 -0.78501761 0.50864201
v -0.23576581 -0.79543197 0.49675652
v -0.24819873 -0.77498585 0.51355731
v -0.25291127 -0.764849 0.51449239
v -0.23720535 -0.74076551 0.51304107
v -0.24810384 -0.74026453 0.51333737
v -0.22320103 0.11971915 0.25942829
v -0.22521384 0.10027071 0.25640177
v -0.22978621 0.09823538 0.27577018
v -0.21917335 0.13917206 0.26231893
v -0.213567 0.1392693 0.24111172
v -0.21830509 0.12055524 0.23915405
v -0.20663081 0.15708246 0.24212513
v -0.20153743 0.1555667 0.22012001
v -0.20903228 0.13866385 0.21989746
v -0.1971714 0.17310197 0.24116511
v -0.19197519 0.17142136 0.21889935
v -0.18800319 0.16981467 0.19748538
v -0.19744133 0.15402832 0.19877633
v -0.18458302 0.18971034 0.23730322
v -0.18057058 0.18716467 0.21600736
v -0.17703314 0.18523494 0.19518202
v -0.17416431 0.18356591 0.17487506
v -0.18505176 0.16841767 0.17686575
v -0.17198929 0.18225015 0.15497608
v -0.2296845 0.07885794 0.27233943
v -0.23390728 0.07598663 0.29108333
v -0.23205807 0.05706758 0.28735125
v -0.23651741 0.0536118 0.30499991
v -0.23287734 0.03528665 0.30106696
v -0.23799081 0.03108071 0.31738251
v -0.23310379 0.01325319 0.31317737
v -0.23918244 0.0083911 0.32788825
v -0.23327323 -0.00876528 0.32335504
v -0.24023982 -0.01400284 0.33607405
v -0.23362501 -0.03042677 0.33076992
v -0.24157102 -0.03583492 0.34156975
v -0.23371858 -0.05129254 0.334908
v -0.24236547 -0.05643107 0.34277406
v -0.23225341 -0.07050732 0.3352952
v -0.20587019 0.20860061 0.33279991
v -0.19156485 0.22080937 0.31842705
v -0.1898458 0.23324047 0.33530849
v -0.05323175 0.35801592 0.82673162
v -0.05288884 0.35049432 0.8386473
v -0.06159898 0.3528988 0.84189975
v -0.05884215 0.34398499 0.85544782
v -0.06413709 0.3482308 0.86016529
v -0.05849267 0.33961668 0.87491375
v -0.06056044 0.34520024 0.87943291
v -0.05452389 0.33616584 0.89420199
v -0.0350229 0.37168616 0.86979353
v -0.04759717 0.38254109 0.86020118
v -0.03030673 0.36171576 0.88130754
v -0.05893311 0.39106252 0.85113138
v -0.06970938 0.39518055 0.83999174
v -0.15966492 0.79586786 0.69369036
v -0.15992263 0.78362894 0.68848216
v -0.15594811 0.79572403 0.6925891
v -0.15569172 0.78385132 0.68693012
v -0.15213862 0.79594832 0.691114
v -0.15879578 0.76971173 0.68337374
v -0.15477861 0.75445181 0.68039953
v -0.14663323 0.7387855 0.68254411
v -0.13325093 0.72531592 0.68708884
v -0.1344508 0.7413789 0.6829164
v -0.11928992 0.72933477 0.68869656
v -0.12155923 0.74460798 0.68462085
v -0.10718071 0.73387879 0.69376564
v -0.11033479 0.7484312 0.69009298
v -0.0983957 0.73811179 0.70116108
v -0.10441519 0.72010356 0.69888281
v -0.09580623 0.72491049 0.7062878
v -0.08808899 0.72912073 0.71356338
v -0.09513983 0.71304804 0.71378237
v -0.08724642 0.71749842 0.72115337
v -0.11607246 0.714984 0.69351023
v 0 -0.02180029 -0.41634565
v 0 -0.03213805 -0.40578955
v -0.01581258 -0.030641 -0.405988
v 0 -0.04308031 -0.3976221
v -0.017166 -0.04159015 -0.39777854
v -0.03399398 -0.03885874 -0.39790338
v -0.01810358 -0.05299124 -0.39072036
v -0.03602923 -0.05084469 -0.39130461
v -0.05398413 -0.04731738 -0.39247945
v -0.03737914 -0.06284257 -0.38550052
v -0.05621305 -0.0603428 -0.38771149
v -0.07532843 -0.05669386 -0.3905954
v -0.05762899 -0.07331375 -0.38312277
v -0.07796031 -0.07068291 -0.38712784
v -0.09941026 -0.06600356 -0.39073553
v -0.07944683 -0.08439593 -0.38317552
v -0.10154284 -0.08055063 -0.38813954
v -0.12473321 -0.07475925 -0.39070603
v -0.10241343 -0.09510111 -0.3844645
v -0.12672831 -0.08985565 -0.38762337
v -0.15161731 -0.08304671 -0.38657301
v -0.12769706 -0.10472211 -0.38356018
v -0.15349605 -0.09815717 -0.38240444
v -0.17861312 -0.09097808 -0.37750503
v -0.15440022 -0.11303455 -0.37780916
v -0.1802154 -0.1060679 -0.37257573
v -0.20413786 -0.09894721 -0.36323279
v -0.18105095 -0.12084183 -0.36754089
v -0.20543512 -0.11403695 -0.35792261
v -0.22697553 -0.10735966 -0.34431558
v -0.20623743 -0.12885603 -0.35276743
v -0.22802801 -0.12249981 -0.33875414
v -0.24653017 -0.11637251 -0.32126969
v -0.22866681 -0.13752779 -0.33333036
v -0.24715204 -0.1316269 -0.31524735
v -0.26193937 -0.12587583 -0.29414331
v -0.24748653 -0.14693249 -0.30960565
v -0.26207357 -0.14157179 -0.28787481
v -0.27136534 -0.13611981 -0.26330035
v -0.26204571 -0.15734469 -0.28226217
v -0.27078172 -0.15238951 -0.25694853
v -0.27429911 -0.14754518 -0.23008193
v -0.26982122 -0.16904182 -0.25129082
v -0.27246505 -0.16477091 -0.22371806
v -0.26813885 -0.16040094 -0.19578374
v -0.27015313 -0.18238584 -0.21818459
v -0.26452961 -0.17850525 -0.1890548
v -0.25137686 -0.17410697 -0.16124469
v -0.25980696 -0.19702778 -0.18364508
v -0.26679509 -0.20045098 -0.21374894
v -0.26326471 -0.21915252 -0.21074606
v -0.25451222 -0.2163899 -0.18065154
v -0.25910878 -0.23878264 -0.20957794
v -0.24942028 -0.23791413 -0.18117602
v -0.23073697 -0.23674596 -0.15504406
v -0.24448299 -0.25952193 -0.18406263
v -0.22703589 -0.26071524 -0.16136796
v -0.20440465 -0.26320564 -0.14509724
v -0.20575048 -0.23648715 -0.13581921
v -0.17839933 -0.26834163 -0.13684161
v -0.17820027 -0.24435754 -0.1279242
v -0.1500992 -0.27438744 -0.13707923
v -0.14781127 -0.25380486 -0.12874038
v -0.14379121 -0.23365004 -0.12135721
v -0.11908373 -0.26064607 -0.13909371
v -0.11428781 -0.24286481 -0.13327865
v -0.10814123 -0.22661005 -0.12881125
v -0.13704565 -0.21715799 -0.11652025
v -0.10113114 -0.21147342 -0.12539821
v -0.12861584 -0.202737 -0.11326121
v -0.15559878 -0.19132305 -0.10814389
v -0.11940303 -0.18898671 -0.11047205
v -0.09364783 -0.19668245 -0.12258644
v -0.08642827 -0.18244111 -0.11999509
v -0.06973956 -0.20266735 -0.14205841
v -0.06363261 -0.18752889 -0.13904786
v -0.05075306 -0.20737952 -0.16825662
v -0.04469837 -0.19296327 -0.16419525
v -0.03903038 -0.21001616 -0.19727225
v -0.03239408 -0.1970895 -0.19278551
v -0.03431912 -0.20958147 -0.22742386
v -0.02735263 -0.19753196 -0.22253398
v -0.01998524 -0.18647845 -0.21656087
v -0.01946906 -0.18424658 -0.24588443
v -0.010465 -0.17610843 -0.24100782
v -0.01059832 -0.17752409 -0.21024021
v 0 -0.17182125 -0.23897497
v 0 -0.17303274 -0.2056567
v -0.01174205 -0.17157799 -0.26781436
v 0 -0.16845102 -0.26598364
v -0.01349939 -0.16304312 -0.28859722
v 0 -0.15923722 -0.28527656
v -0.01474675 -0.15441088 -0.30421474
v 0 -0.15041454 -0.30152344
v -0.01572268 -0.14617003 -0.31696945
v 0 -0.14285039 -0.31453949
v -0.01665097 -0.13732093 -0.32819923
v 0 -0.13453714 -0.3256914
v -0.01745105 -0.12798051 -0.33835524
v 0 -0.12586808 -0.33600097
v -0.01819901 -0.1180514 -0.34748843
v 0 -0.11662109 -0.34546664
v -0.01866797 -0.1079256 -0.35602101
v 0 -0.10702851 -0.35436806
v -0.0189783 -0.09743558 -0.36394971
v 0 -0.09700674 -0.36259681
v -0.0191106 -0.08660318 -0.37109363
v 0 -0.08644303 -0.3699485
v -0.0190062 -0.07556119 -0.37783175
v 0 -0.07570657 -0.37698382
v -0.01863744 -0.06426071 -0.38418084
v 0 -0.06500241 -0.38373631
v 0 -0.0540654 -0.39046666
v -0.03813505 -0.07475639 -0.37976476
v -0.03842315 -0.08645818 -0.37356057
v -0.05825262 -0.08598964 -0.37792012
v -0.03814511 -0.09806759 -0.36711764
v -0.05805441 -0.09864045 -0.37231442
v -0.07961696 -0.09815963 -0.37862396
v -0.05697368 -0.11100623 -0.36579543
v -0.07856991 -0.11157301 -0.37308454
v -0.10221221 -0.10937503 -0.37971207
v -0.07674498 -0.12457922 -0.36639896
v -0.10103252 -0.12330192 -0.37404888
v -0.12759077 -0.11922823 -0.37850761
v -0.09894327 -0.13716541 -0.36765748
v -0.12667743 -0.13344036 -0.37285339
v -0.15451121 -0.1275572 -0.37266713
v -0.12512503 -0.14726671 -0.3668144
v -0.15408745 -0.14171998 -0.36727446
v -0.18137645 -0.13537135 -0.3624967
v -0.1533049 -0.15570209 -0.36199864
v -0.18135203 -0.14968042 -0.35744366
v -0.20666194 -0.14356179 -0.34769827
v -0.18109938 -0.16378337 -0.35250073
v -0.2067638 -0.1580846 -0.3427301
v -0.22899246 -0.15244422 -0.32815429
v -0.20671226 -0.17252938 -0.33794772
v -0.22904524 -0.16734725 -0.32324522
v -0.24768711 -0.16227765 -0.30447271
v -0.22887891 -0.18231166 -0.3186146
v -0.24741552 -0.17780081 -0.2996189
v -0.26166322 -0.17344117 -0.27718824
v -0.24672377 -0.19344033 -0.29524526
v -0.2606289 -0.18974831 -0.27253866
v -0.26827985 -0.18602511 -0.24638252
v -0.25906106 -0.20640569 -0.26859587
v -0.26634594 -0.20341546 -0.24233502
v -0.25688794 -0.22340831 -0.26537194
v -0.26353752 -0.22127224 -0.23924912
v -0.25398421 -0.24075236 -0.26281416
v -0.26018491 -0.23959302 -0.23719258
v -0.25064635 -0.25831404 -0.2612476
v -0.2558594 -0.25840085 -0.23644127
v -0.25400796 -0.25875425 -0.21016493
v -0.25094831 -0.27729123 -0.23676775
v -0.24868004 -0.27896422 -0.21213457
v -0.23953457 -0.28104776 -0.1883153
v -0.24371253 -0.29926002 -0.21504735
v -0.23460809 -0.30231422 -0.19348491
v -0.21925598 -0.30567854 -0.17534247
v -0.2231809 -0.28347975 -0.16825233
v -0.20001462 -0.30932983 -0.1614788
v -0.20224592 -0.28671976 -0.15354192
v -0.17735667 -0.31289404 -0.15391689
v -0.17782867 -0.29088047 -0.14538426
v -0.15307836 -0.31627389 -0.15385852
v -0.15165096 -0.29527971 -0.14539074
v -0.12968577 -0.31888005 -0.1610305
v -0.12636543 -0.29893559 -0.15312543
v -0.12290342 -0.27952429 -0.14572469
v -0.10440605 -0.30109533 -0.16752934
v -0.09967641 -0.28285694 -0.16165462
v -0.09457064 -0.26524364 -0.15654662
v -0.08203814 -0.28407925 -0.18310801
v -0.07619646 -0.26753798 -0.17973506
v -0.06991882 -0.25171878 -0.17681127
v -0.08903291 -0.24865803 -0.15226718
v -0.06365147 -0.2365224 -0.174079
v -0.0829249 -0.23289966 -0.14855504
v -0.05724502 -0.22172115 -0.17143486
v -0.07647259 -0.21760685 -0.14527098
v -0.05256721 -0.23758952 -0.20250876
v -0.04579297 -0.22353912 -0.20037181
v -0.04906651 -0.23665699 -0.23143203
v -0.04170053 -0.2227188 -0.23017315
v -0.05291364 -0.23405899 -0.25965523
v -0.0558891 -0.25118193 -0.23204596
v -0.05988749 -0.24882465 -0.25899249
v -0.07127546 -0.24604621 -0.2845349
v -0.06467628 -0.2311159 -0.28653994
v -0.09159874 -0.24329938 -0.308034
v -0.08701513 -0.22898019 -0.31157299
v -0.12027905 -0.24018804 -0.3248896
v -0.11851272 -0.22644637 -0.32932767
v -0.11731164 -0.21294507 -0.33463057
v -0.15044413 -0.22317178 -0.33635208
v -0.15041267 -0.2095956 -0.34097173
v -0.15070302 -0.19616048 -0.34594225
v -0.11726552 -0.19978284 -0.34077134
v -0.15138667 -0.18281097 -0.35124957
v -0.11869509 -0.1870438 -0.34740594
v -0.1523467 -0.16939449 -0.35664987
v -0.12097851 -0.17413699 -0.35417243
v -0.08858133 -0.17590767 -0.34334254
v -0.06017725 -0.17328012 -0.32817262
v -0.12319628 -0.16082191 -0.36060077
v -0.09269558 -0.16331262 -0.35224914
v -0.06564912 -0.16207231 -0.34029758
v -0.04541683 -0.15680961 -0.32896736
v -0.04070345 -0.16658037 -0.31615838
v -0.09614512 -0.15030263 -0.36010736
v -0.07028273 -0.15007598 -0.34990629
v -0.04924822 -0.14613403 -0.34013754
v -0.03266849 -0.14138573 -0.3328776
v -0.03038351 -0.15127797 -0.32180023
v -0.07393198 -0.13753463 -0.35893049
v -0.05264237 -0.13472318 -0.34981468
v -0.03472886 -0.13100008 -0.34272277
v -0.05519621 -0.12303862 -0.35827678
v -0.03625142 -0.12040058 -0.35170954
v -0.03738909 -0.10942776 -0.35982731
v -0.02797335 -0.16027374 -0.30924212
v -0.02526751 -0.16888125 -0.29424071
v -0.02165613 -0.17800305 -0.27300167
v -0.18072179 -0.1777344 -0.34757489
v -0.18033726 -0.19157552 -0.34284591
v -0.20650194 -0.18695268 -0.33334693
v -0.17997375 -0.20552426 -0.3383674
v -0.20604182 -0.20135493 -0.32904723
v -0.22833198 -0.19729986 -0.31427377
v -0.20546425 -0.21590939 -0.32517382
v -0.22762401 -0.21251575 -0.3105331
v -0.24581441 -0.20941117 -0.29156464
v -0.2266007 -0.2279471 -0.30731421
v -0.24438536 -0.2256044 -0.28834343
v -0.22499246 -0.24342529 -0.30427917
v -0.24212721 -0.24196326 -0.28546467
v -0.22296813 -0.25900182 -0.30170485
v -0.23934137 -0.2584666 -0.28330722
v -0.22060948 -0.2745265 -0.29973417
v -0.23612718 -0.27508154 -0.28178226
v -0.24651899 -0.27599474 -0.26043471
v -0.23255492 -0.29162111 -0.28084263
v -0.24209849 -0.29372426 -0.26042032
v -0.2460663 -0.29628256 -0.23808413
v -0.23760584 -0.31145739 -0.26158896
v -0.24134808 -0.31515508 -0.2404773
v -0.238775 -0.31934604 -0.21913498
v -0.23719185 -0.33361923 -0.2449169
v -0.23452758 -0.33915576 -0.22492396
v -0.22608582 -0.3442057 -0.20651283
v -0.23015387 -0.32354044 -0.19928073
v -0.21258229 -0.34917658 -0.19115431
v -0.21596433 -0.3277086 -0.18241103
v -0.19578494 -0.35392206 -0.17950524
v -0.19789469 -0.33175593 -0.16974729
v -0.17663513 -0.35753715 -0.1730522
v -0.17692467 -0.3350659 -0.16284057
v -0.15612991 -0.35984307 -0.17305596
v -0.15451276 -0.33766576 -0.16286107
v -0.13621176 -0.3605445 -0.17900145
v -0.13305561 -0.33926659 -0.16960954
v -0.11827573 -0.3593564 -0.19032652
v -0.11376062 -0.33941429 -0.18174135
v -0.10920752 -0.31991532 -0.17440661
v -0.09843517 -0.33787065 -0.19841718
v -0.0929847 -0.31936103 -0.19240181
v -0.08743058 -0.30154165 -0.1872105
v -0.08267639 -0.31705343 -0.21396583
v -0.07703645 -0.30006644 -0.21046234
v -0.07134557 -0.28358182 -0.20782889
v -0.07349632 -0.29747176 -0.23516161
v -0.06773532 -0.28179112 -0.23365168
v -0.06210202 -0.26632788 -0.23269306
v -0.06534767 -0.26763391 -0.20587128
v -0.05911145 -0.25232625 -0.20424221
v -0.0714511 -0.27891701 -0.25897601
v -0.06599506 -0.26380011 -0.25871601
v -0.08202317 -0.27561098 -0.28274428
v -0.07693646 -0.26078239 -0.28336024
v -0.10006259 -0.27187192 -0.30336383
v -0.0958933 -0.25760895 -0.30550995
v -0.12431834 -0.26803273 -0.31832099
v -0.12226332 -0.25408804 -0.32128754
v -0.15136511 -0.26463925 -0.32511878
v -0.15092232 -0.25076812 -0.32844266
v -0.15054355 -0.23687668 -0.33210283
v -0.17860899 -0.24776567 -0.32682842
v -0.179092 -0.23358926 -0.33028924
v -0.17959353 -0.21952562 -0.33415043
v -0.20469506 -0.23058626 -0.32167536
v -0.20369088 -0.24538156 -0.31852695
v -0.17797361 -0.26194375 -0.32360512
v -0.20234584 -0.26017302 -0.31575718
v -0.17733022 -0.27619803 -0.32102111
v -0.20066064 -0.27485498 -0.31330642
v -0.17651602 -0.29038521 -0.31805729
v -0.19871276 -0.28957667 -0.31092563
v -0.21764566 -0.2900736 -0.29799193
v -0.19660621 -0.30395948 -0.30925673
v -0.21444347 -0.30526691 -0.29705813
v -0.22864714 -0.30799925 -0.28098359
v -0.21183204 -0.32015618 -0.29800164
v -0.22504848 -0.32375311 -0.28293114
v -0.23380515 -0.32839906 -0.26463049
v -0.22236676 -0.33905237 -0.28713634
v -0.23058259 -0.34470954 -0.26994985
v -0.23386697 -0.35113859 -0.25144094
v -0.22906164 -0.36017346 -0.27781873
v -0.23192486 -0.36766058 -0.26032429
v -0.2291117 -0.37524122 -0.24318167
v -0.23129066 -0.35781094 -0.2327667
v -0.22142472 -0.38247361 -0.2272683
v -0.22311161 -0.36404138 -0.21564546
v -0.20978517 -0.38916638 -0.21461913
v -0.21050874 -0.36983948 -0.20160844
v -0.19485017 -0.39487636 -0.20586136
v -0.19496059 -0.37550252 -0.1911236
v -0.17770628 -0.39886203 -0.20119054
v -0.17692247 -0.37945663 -0.18590003
v -0.15930712 -0.400303 -0.20140843
v -0.15783877 -0.38134595 -0.18599993
v -0.14139498 -0.3991335 -0.20640139
v -0.1389994 -0.38105693 -0.19140911
v -0.12517748 -0.39577433 -0.21563591
v -0.12211108 -0.37845572 -0.20174217
v -0.11172463 -0.39099091 -0.22818398
v -0.10804539 -0.37438613 -0.21571135
v -0.10356942 -0.35653275 -0.2057805
v -0.09853346 -0.36879918 -0.23286233
v -0.09377227 -0.35206076 -0.22441814
v -0.08820349 -0.33463639 -0.218406
v -0.09036407 -0.34664624 -0.24492935
v -0.08470244 -0.3301624 -0.24024228
v -0.07912623 -0.31371823 -0.237255
v -0.08760648 -0.32528597 -0.26210588
v -0.08225719 -0.30966717 -0.26034289
v -0.07683853 -0.29421773 -0.25950613
v -0.09195366 -0.30524402 -0.28187432
v -0.08696192 -0.29040142 -0.28221339
v -0.10797338 -0.30044838 -0.30002829
v -0.10395059 -0.28613883 -0.30154821
v -0.1287986 -0.29599994 -0.31319484
v -0.12645728 -0.28211513 -0.31565719
v -0.15256068 -0.2924481 -0.31918633
v -0.15191599 -0.27865827 -0.32209238
v -0.13162621 -0.30953782 -0.31098231
v -0.15344516 -0.30603227 -0.316834
v -0.17575119 -0.30414804 -0.31579312
v -0.15451294 -0.31944125 -0.31705653
v -0.17554122 -0.31791052 -0.31614717
v -0.1951216 -0.31814479 -0.30962708
v -0.17537653 -0.33144718 -0.31854072
v -0.19394668 -0.33217778 -0.31236907
v -0.20989097 -0.33481645 -0.30150806
v -0.19376374 -0.34552872 -0.31810948
v -0.20924125 -0.34880632 -0.30769407
v -0.22137653 -0.35373234 -0.29398837
v -0.20921507 -0.36265981 -0.31598877
v -0.22102627 -0.36824649 -0.30294933
v -0.22808295 -0.37539959 -0.28762531
v -0.22019507 -0.38293266 -0.31282565
v -0.22725629 -0.39042261 -0.29851958
v -0.2293294 -0.39875474 -0.28315311
v -0.23051929 -0.38339477 -0.27144506
v -0.22672663 -0.40721648 -0.26822429
v -0.22764423 -0.39160528 -0.25547811
v -0.2195007 -0.41522997 -0.25491303
v -0.2204748 -0.3993923 -0.24101933
v -0.20889441 -0.42221826 -0.24394558
v -0.20935389 -0.40621087 -0.22939918
v -0.1948201 -0.42755252 -0.23638202
v -0.19493143 -0.41191089 -0.22126452
v -0.17878988 -0.43115973 -0.23191107
v -0.17831383 -0.41559562 -0.21700982
v -0.16169685 -0.43197953 -0.23175847
v -0.1606165 -0.41686248 -0.21692709
v -0.14515119 -0.43010446 -0.23582306
v -0.14340038 -0.41524496 -0.22160147
v -0.13017654 -0.42633888 -0.24372538
v -0.12787646 -0.41151723 -0.23025275
v -0.11773122 -0.42117646 -0.25477832
v -0.11490321 -0.40652522 -0.24179762
v -0.10907062 -0.41436341 -0.26820501
v -0.10586919 -0.40003103 -0.25578942
v -0.10243791 -0.38465532 -0.24360002
v -0.10223745 -0.39193403 -0.27183595
v -0.098948 -0.37728056 -0.26113274
v -0.09491598 -0.36211067 -0.25187036
v -0.1008474 -0.36925086 -0.27916312
v -0.09746262 -0.35485038 -0.27126547
v -0.0928803 -0.34044677 -0.26561462
v -0.10561209 -0.34767022 -0.28919196
v -0.1018821 -0.33379584 -0.2844946
v -0.09689565 -0.31978949 -0.282368
v -0.11579955 -0.32776159 -0.30035498
v -0.11205954 -0.31427532 -0.2992236
v -0.13399194 -0.32282343 -0.31156408
v -0.11881016 -0.34118568 -0.30399951
v -0.13605408 -0.33605191 -0.31445998
v -0.15547387 -0.33271569 -0.31956192
v -0.1374969 -0.34900766 -0.3196294
v -0.15618282 -0.34548738 -0.32473868
v -0.1756065 -0.34440565 -0.32394078
v -0.1568723 -0.35837054 -0.3317503
v -0.17595255 -0.35739585 -0.33118817
v -0.19389313 -0.35886904 -0.325843
v -0.1761672 -0.3708086 -0.3392643
v -0.19380545 -0.37262123 -0.33429494
v -0.20878952 -0.37685501 -0.32510593
v -0.19320344 -0.38718482 -0.34337326
v -0.20797346 -0.39158725 -0.33482992
v -0.21921595 -0.39787855 -0.32317027
v -0.20685301 -0.40681737 -0.34473347
v -0.2178547 -0.41317448 -0.33344399
v -0.22490108 -0.42069715 -0.32024514
v -0.22602789 -0.40547344 -0.30941593
v -0.2270202 -0.42891696 -0.30602693
v -0.2283184 -0.41385763 -0.29475018
v -0.22473192 -0.43722304 -0.29232108
v -0.22571215 -0.42231202 -0.28051501
v -0.21793367 -0.44488459 -0.27994754
v -0.21900573 -0.43034198 -0.26763546
v -0.207699 -0.45148259 -0.26958438
v -0.20838084 -0.43718332 -0.25710836
v -0.19430542 -0.45636206 -0.26216349
v -0.19462308 -0.44220617 -0.24972476
v -0.17904177 -0.45935604 -0.25798264
v -0.17897883 -0.44549706 -0.24542413
v -0.16297744 -0.46003174 -0.25758498
v -0.16246458 -0.44626644 -0.24509476
v -0.14732119 -0.45823457 -0.26104116
v -0.14638678 -0.44443893 -0.24880188
v -0.13335651 -0.45447006 -0.26804906
v -0.13205692 -0.44055843 -0.25614967
v -0.12197706 -0.4489834 -0.27820554
v -0.12013916 -0.43521985 -0.26674452
v -0.11394927 -0.44196945 -0.29074454
v -0.11188454 -0.42825332 -0.27975878
v -0.11013965 -0.43382409 -0.30478075
v -0.1080976 -0.41994488 -0.2941879
v -0.10546012 -0.40606743 -0.2832458
v -0.10934079 -0.41109794 -0.30895251
v -0.10669199 -0.39718112 -0.29868286
v -0.10382453 -0.38322436 -0.28843808
v -0.11320277 -0.38855615 -0.31333056
v -0.11085414 -0.37490046 -0.30411803
v -0.10841421 -0.3612636 -0.29577517
v -0.12266495 -0.3675858 -0.3171966
v -0.12095221 -0.35435324 -0.30971565
v -0.13868917 -0.36198657 -0.32661554
v -0.1246296 -0.38105353 -0.32565322
v -0.13992546 -0.37527614 -0.33451554
v -0.15759393 -0.37159818 -0.3395451
v -0.14119297 -0.38917765 -0.34336832
v -0.15818963 -0.38567695 -0.34808477
v -0.17614527 -0.38507726 -0.34796765
v -0.15845334 -0.40043222 -0.35746929
v -0.17584013 -0.39999088 -0.35743087
v -0.19248697 -0.40225142 -0.3530209
v -0.17542292 -0.41563379 -0.36782038
v -0.19175434 -0.41788837 -0.36337584
v -0.20590788 -0.42237454 -0.35524568
v -0.19117723 -0.43432915 -0.37462523
v -0.20488454 -0.43866151 -0.36628186
v -0.21571922 -0.44455871 -0.35528844
v -0.21678136 -0.42862835 -0.34414923
v -0.22223378 -0.45164603 -0.34231907
v -0.22363925 -0.43602678 -0.33112245
v -0.22449472 -0.45915231 -0.32868182
v -0.22581952 -0.4440087 -0.31733089
v -0.22195066 -0.46634164 -0.31529381
v -0.22351799 -0.45187953 -0.30387526
v -0.21562509 -0.47282043 -0.3028652
v -0.21684894 -0.45907682 -0.29169634
v -0.20598858 -0.47822368 -0.29222595
v -0.20695768 -0.4651556 -0.28126606
v -0.19317637 -0.48220384 -0.28454366
v -0.19380551 -0.46969464 -0.27372545
v -0.17863218 -0.48475369 -0.28018325
v -0.17895343 -0.47253763 -0.2694523
v -0.16317972 -0.48518455 -0.27989262
v -0.16315685 -0.47311961 -0.26908642
v -0.14801564 -0.48389604 -0.28335216
v -0.14777137 -0.47138834 -0.27258533
v -0.13433665 -0.48100799 -0.29028201
v -0.13403849 -0.46788936 -0.27938032
v -0.12352167 -0.4762701 -0.30037346
v -0.12281488 -0.46268308 -0.28930845
v -0.11565192 -0.4701409 -0.31262671
v -0.11511057 -0.45589408 -0.30159899
v -0.11186438 -0.46275484 -0.3262746
v -0.11118628 -0.44803777 -0.31534838
v -0.11297019 -0.4548442 -0.34045606
v -0.11229247 -0.43964728 -0.32961943
v -0.11138531 -0.42519262 -0.31912601
v -0.11831152 -0.43158426 -0.34316802
v -0.11752067 -0.41678884 -0.33275166
v -0.1157592 -0.40253374 -0.3229089
v -0.12796589 -0.40944913 -0.34427183
v -0.12641456 -0.39495095 -0.33484789
v -0.14213797 -0.40388634 -0.35261976
v -0.12848381 -0.42454469 -0.35466831
v -0.14234635 -0.41924241 -0.36301085
v -0.15837422 -0.41609808 -0.36771547
v -0.14229595 -0.43578824 -0.37412539
v -0.15813739 -0.43278175 -0.37886646
v -0.17499704 -0.43237948 -0.3788191
v -0.15794271 -0.4514603 -0.39151793
v -0.17466816 -0.45086368 -0.39169359
v -0.19055433 -0.45276346 -0.38719439
v -0.17460104 -0.47240603 -0.40490007
v -0.190261 -0.47368717 -0.40002366
v -0.20359735 -0.47661888 -0.39058294
v -0.20414909 -0.45656839 -0.37874925
v -0.21393699 -0.48066732 -0.3783392
v -0.21455772 -0.46187815 -0.36700314
v -0.21974608 -0.48579043 -0.3644545
v -0.22091209 -0.46807867 -0.35376116
v -0.221046 -0.49079954 -0.34951388
v -0.22275349 -0.47462818 -0.33989971
v -0.21786052 -0.49519184 -0.33424755
v -0.22001963 -0.48089021 -0.3259699
v -0.2116369 -0.49918696 -0.32086277
v -0.21368725 -0.48628407 -0.31296461
v -0.20242574 -0.50247281 -0.30986008
v -0.20439954 -0.4905951 -0.3019427
v -0.19079083 -0.50477719 -0.3022893
v -0.19208566 -0.49371436 -0.29420092
v -0.17760059 -0.50646638 -0.29801243
v -0.178057 -0.49579203 -0.2899177
v -0.16369067 -0.50727886 -0.29754647
v -0.16324925 -0.49632611 -0.28951129
v -0.1499298 -0.50701874 -0.30118957
v -0.14868754 -0.49552494 -0.2930125
v -0.13709953 -0.50609898 -0.30819439
v -0.13532646 -0.49372807 -0.30009537
v -0.12672655 -0.50342297 -0.3194381
v -0.12476628 -0.48982602 -0.3108693
v -0.11817941 -0.50004416 -0.33277311
v -0.11649553 -0.4848451 -0.32349348
v -0.11371005 -0.49534499 -0.34809058
v -0.11250295 -0.47844398 -0.33758178
v -0.11416121 -0.48962417 -0.3637771
v -0.11323502 -0.47139284 -0.35222101
v -0.11918991 -0.48454526 -0.37819567
v -0.1187986 -0.46469363 -0.36634215
v -0.1187138 -0.4472014 -0.35403668
v -0.1286232 -0.45898672 -0.37803635
v -0.12867632 -0.44068023 -0.36564999
v -0.14215743 -0.45431613 -0.38677123
v -0.12899912 -0.47967124 -0.39066374
v -0.14232468 -0.4757913 -0.39958384
v -0.15779355 -0.47307199 -0.40490925
v -0.14296549 -0.50224196 -0.40852072
v -0.15867058 -0.50021988 -0.41399166
v -0.17564104 -0.49909132 -0.4136545
v -0.16158768 -0.52949452 -0.41100847
v -0.177401 -0.52794957 -0.41083985
v -0.19199052 -0.5263642 -0.4058521
v -0.19126038 -0.49906128 -0.40817546
v -0.20444802 -0.52494913 -0.39662733
v -0.20415006 -0.50004541 -0.39796918
v -0.21363386 -0.52422457 -0.3845824
v -0.21392843 -0.50185328 -0.38491863
v -0.21879144 -0.52403593 -0.37039876
v -0.21893805 -0.50453251 -0.37053301
v -0.21958646 -0.5239427 -0.3546091
v -0.21959097 -0.50726163 -0.35441306
v -0.21676348 -0.52451771 -0.33980616
v -0.21652554 -0.5096215 -0.33900335
v -0.21060542 -0.52575951 -0.32680991
v -0.2103126 -0.51219838 -0.32557758
v -0.20173096 -0.52717727 -0.31636872
v -0.20146904 -0.51448029 -0.31476062
v -0.19066862 -0.5284596 -0.30902895
v -0.19013029 -0.51629108 -0.30748164
v -0.17838142 -0.52957159 -0.30464538
v -0.17761732 -0.51764363 -0.30323875
v -0.16542145 -0.53048527 -0.30439651
v -0.16446058 -0.51846265 -0.30280429
v -0.15275664 -0.53110325 -0.30828172
v -0.1514396 -0.51863718 -0.3066172
v -0.14079038 -0.53152 -0.31518843
v -0.1392011 -0.51834219 -0.31357967
v -0.13085013 -0.53154206 -0.3259471
v -0.12885224 -0.517089 -0.32454195
v -0.12323759 -0.53148949 -0.33944091
v -0.12059799 -0.5152601 -0.33817967
v -0.11949178 -0.5317052 -0.35432168
v -0.1160864 -0.51250129 -0.35408383
v -0.11975626 -0.53186559 -0.36916419
v -0.11621505 -0.51043427 -0.36967405
v -0.12502151 -0.53181093 -0.38407781
v -0.12076816 -0.50781041 -0.38515827
v -0.13405819 -0.53151148 -0.39665654
v -0.12998797 -0.50490528 -0.39832469
v -0.14680722 -0.53069859 -0.40617749
v -0.13934823 -0.55512571 -0.38831645
v -0.15130841 -0.55531859 -0.39662325
v -0.16527077 -0.55459892 -0.40112519
v -0.15542598 -0.57662624 -0.38653898
v -0.16870826 -0.57615155 -0.39070007
v -0.18248596 -0.57458496 -0.39080247
v -0.17983821 -0.55296254 -0.40115866
v -0.19549559 -0.57219862 -0.38699227
v -0.19351442 -0.55067342 -0.3967731
v -0.20672898 -0.56928318 -0.37971627
v -0.20520751 -0.54825156 -0.38885104
v -0.21509955 -0.56605613 -0.36961886
v -0.21396262 -0.54592424 -0.37828722
v -0.22023789 -0.5625928 -0.35782817
v -0.2194961 -0.54357659 -0.3651905
v -0.22217239 -0.55935114 -0.3451038
v -0.22066077 -0.54162359 -0.35103932
v -0.21967673 -0.5568611 -0.33251923
v -0.21813584 -0.54042214 -0.33717733
v -0.2136054 -0.55535662 -0.32091406
v -0.21201504 -0.54026186 -0.32493397
v -0.20500473 -0.55447405 -0.31090819
v -0.20315656 -0.54056489 -0.31472387
v -0.19380657 -0.55448067 -0.30377531
v -0.19208124 -0.5411731 -0.30738323
v -0.18124881 -0.55498504 -0.29963308
v -0.17963188 -0.5419662 -0.30315721
v -0.16812242 -0.55604189 -0.298913
v -0.16657899 -0.54291248 -0.30271965
v -0.15549576 -0.55770981 -0.30236294
v -0.153871 -0.54408055 -0.30641442
v -0.14436501 -0.55995255 -0.3094787
v -0.14234922 -0.54537499 -0.3134818
v -0.13580082 -0.56276714 -0.3192529
v -0.1329419 -0.54683011 -0.32394641
v -0.12980666 -0.56597483 -0.33055189
v -0.12623859 -0.54883688 -0.33618369
v -0.12774406 -0.56927466 -0.34340181
v -0.12304207 -0.55097985 -0.34984007
v -0.12936565 -0.57232755 -0.35627433
v -0.12416413 -0.55280172 -0.36407044
v -0.13493916 -0.57460862 -0.36839345
v -0.13009432 -0.55418175 -0.37700015
v -0.14373306 -0.5761339 -0.37898859
v -0.13952009 -0.59312236 -0.36002895
v -0.14827518 -0.595097 -0.36964854
v -0.15927541 -0.59606671 -0.37688618
v -0.15163298 -0.61275631 -0.36113387
v -0.16230675 -0.61412978 -0.3679032
v -0.17443065 -0.61424714 -0.37155485
v -0.17181426 -0.59589356 -0.38094997
v -0.18700306 -0.61307895 -0.37182056
v -0.18488106 -0.59448993 -0.3810797
v -0.19887362 -0.61048519 -0.36823481
v -0.19728109 -0.59200841 -0.3774183
v -0.20907919 -0.60697758 -0.36182284
v -0.20795407 -0.58875888 -0.37062108
v -0.21709118 -0.60282886 -0.35306355
v -0.21607947 -0.58489978 -0.36123734
v -0.22219958 -0.59843498 -0.34261667
v -0.22111244 -0.5808143 -0.35021761
v -0.22384795 -0.59408366 -0.33121767
v -0.2229267 -0.57692259 -0.33830574
v -0.22138465 -0.59017455 -0.31998351
v -0.22049488 -0.57362127 -0.32665097
v -0.21569253 -0.58695983 -0.30960634
v -0.21457473 -0.57106572 -0.31575444
v -0.20739901 -0.5845133 -0.30068993
v -0.2063671 -0.56923842 -0.3062402
v -0.19677837 -0.58332568 -0.29420241
v -0.19541958 -0.56846743 -0.29923874
v -0.1846476 -0.58341825 -0.290623
v -0.1830012 -0.56875896 -0.29531756
v -0.17218461 -0.58459895 -0.29016035
v -0.17007903 -0.56993788 -0.29475775
v -0.1604425 -0.58697551 -0.29338029
v -0.15788035 -0.57209116 -0.29817307
v -0.1502618 -0.59016037 -0.29936018
v -0.14736366 -0.57501649 -0.30472633
v -0.14237374 -0.59406775 -0.30787593
v -0.13931728 -0.57851856 -0.31376507
v -0.13742318 -0.59838718 -0.31816232
v -0.13385531 -0.58246624 -0.32452487
v -0.13598443 -0.60278397 -0.32956978
v -0.13224357 -0.58643788 -0.33645248
v -0.13769009 -0.60687905 -0.34111127
v -0.13382624 -0.59016245 -0.34860113
v -0.14334429 -0.61020469 -0.3518944
v -0.13981078 -0.62349081 -0.33373966
v -0.14549292 -0.62726587 -0.34420141
v -0.15376552 -0.63018584 -0.3531644
v -0.14623171 -0.64435195 -0.3369534
v -0.15460959 -0.64769119 -0.34594431
v -0.1654246 -0.64957892 -0.35217022
v -0.16430591 -0.63182967 -0.35957646
v -0.17768089 -0.65007269 -0.35550096
v -0.17637214 -0.63211846 -0.36295038
v -0.19029054 -0.64910167 -0.35577896
v -0.18874697 -0.63112306 -0.36325967
v -0.20227514 -0.64638656 -0.35226345
v -0.20053969 -0.62857335 -0.35985657
v -0.21266947 -0.64250266 -0.3459579
v -0.21081848 -0.6249479 -0.35369369
v -0.22083957 -0.63782614 -0.33743208
v -0.21863281 -0.62051028 -0.3450002
v -0.22600774 -0.63267767 -0.32724228
v -0.2239732 -0.6157481 -0.33496689
v -0.22713477 -0.62743938 -0.3161062
v -0.22523134 -0.61092227 -0.32383173
v -0.22489544 -0.62246418 -0.305002
v -0.2229294 -0.60646539 -0.31275212
v -0.21922276 -0.61817228 -0.29485842
v -0.21725086 -0.60265183 -0.30263355
v -0.21104969 -0.61479705 -0.28609949
v -0.20894911 -0.59975302 -0.29398071
v -0.20035901 -0.61286544 -0.27963882
v -0.19839392 -0.59825623 -0.28773376
v -0.18801222 -0.61251521 -0.27624201
v -0.18635217 -0.59807241 -0.28420254
v -0.17531752 -0.61362648 -0.27595159
v -0.17391678 -0.59917664 -0.28369024
v -0.16315853 -0.61625075 -0.27894735
v -0.16213367 -0.60172718 -0.2868075
v -0.15262304 -0.6199485 -0.28481528
v -0.15187473 -0.60514128 -0.29257664
v -0.14493738 -0.62467408 -0.2935169
v -0.14423488 -0.60946178 -0.30112206
v -0.13986991 -0.62985217 -0.30374831
v -0.13927415 -0.6141631 -0.31123477
v -0.13829985 -0.63509923 -0.31499108
v -0.13781344 -0.61897748 -0.32239979
v -0.14046995 -0.64009779 -0.32641693
v -0.1385823 -0.65124374 -0.30740651
v -0.14097638 -0.6566866 -0.31884512
v -0.14673404 -0.6614573 -0.32949453
v -0.14129941 -0.67344254 -0.31104397
v -0.147055 -0.67869204 -0.32181495
v -0.15584895 -0.6828466 -0.3308784
v -0.15517276 -0.66524273 -0.33861511
v -0.16732998 -0.68527662 -0.33710157
v -0.16633817 -0.6673972 -0.34483668
v -0.18017172 -0.68597781 -0.34057134
v -0.17883548 -0.66802012 -0.34831669
v -0.19345621 -0.68480873 -0.34081974
v -0.19177603 -0.66686451 -0.34834575
v -0.20598784 -0.68178409 -0.33735567
v -0.20390753 -0.66391789 -0.34457287
v -0.21693985 -0.6774165 -0.3310509
v -0.21440626 -0.65981864 -0.33820155
v -0.22530949 -0.67203897 -0.32238245
v -0.22280344 -0.65486836 -0.32978528
v -0.23039563 -0.66605609 -0.31198152
v -0.22825482 -0.64937722 -0.31965443
v -0.23147687 -0.65993398 -0.30063283
v -0.22922129 -0.64368611 -0.3083609
v -0.22944524 -0.65397256 -0.28935492
v -0.22737872 -0.63819831 -0.29706901
v -0.22381888 -0.64884895 -0.27897551
v -0.22162999 -0.63352119 -0.28674551
v -0.21480366 -0.64507883 -0.27049213
v -0.21299766 -0.62989866 -0.27808764
v -0.20371884 -0.64241516 -0.26385909
v -0.20216985 -0.62756401 -0.27145317
v -0.19088259 -0.6415165 -0.26024904
v -0.18952581 -0.62705534 -0.26806056
v -0.17749877 -0.64257627 -0.26009598
v -0.17650465 -0.62815254 -0.26789325
v -0.16486293 -0.64542055 -0.26324403
v -0.16412769 -0.6308707 -0.27105569
v -0.15391194 -0.64969241 -0.26922172
v -0.15327738 -0.63481706 -0.27695184
v -0.1457773 -0.65515571 -0.27788004
v -0.14545492 -0.63992172 -0.28571942
v -0.14068703 -0.66123133 -0.28823742
v -0.14025038 -0.64550578 -0.29604563
v -0.13890235 -0.66749638 -0.29956075
v -0.14119266 -0.67721444 -0.28030273
v -0.13934786 -0.6839959 -0.29153841
v -0.1419169 -0.69051468 -0.30294191
v -0.14013609 -0.70125269 -0.2831237
v -0.1422861 -0.70853918 -0.2943753
v -0.14808835 -0.71520036 -0.30494415
v -0.14768981 -0.69630777 -0.31366851
v -0.15751588 -0.72036957 -0.31380781
v -0.15661449 -0.70085942 -0.32275471
v -0.16951592 -0.72360301 -0.32030957
v -0.16837349 -0.70361006 -0.32913675
v -0.18303677 -0.72470587 -0.32402283
v -0.18160527 -0.70442205 -0.3325982
v -0.19700264 -0.72351813 -0.32419461
v -0.1952262 -0.70324796 -0.3328413
v -0.21013087 -0.72009289 -0.32076871
v -0.20798823 -0.70008117 -0.32945418
v -0.22124803 -0.71472114 -0.31433317
v -0.2192417 -0.69543987 -0.32330891
v -0.22938659 -0.70799076 -0.30568233
v -0.22746154 -0.68951815 -0.31447705
v -0.23471297 -0.70065289 -0.29570928
v -0.23249967 -0.68301498 -0.30411523
v -0.23570378 -0.69312232 -0.28469723
v -0.23358559 -0.67635339 -0.29286739
v -0.23285687 -0.68582546 -0.27385181
v -0.23141074 -0.66991657 -0.28167423
v -0.22698111 -0.67937767 -0.26397445
v -0.22564281 -0.66429215 -0.27148318
v -0.21756143 -0.67398661 -0.2559219
v -0.21649459 -0.65989977 -0.26314172
v -0.2060403 -0.67015546 -0.24998393
v -0.20514182 -0.65667158 -0.25659132
v -0.1930463 -0.66873157 -0.24676102
v -0.19203965 -0.65554159 -0.25310003
v -0.17967605 -0.66973304 -0.24631299
v -0.17849309 -0.65662545 -0.25285553
v -0.16693255 -0.67331868 -0.24897837
v -0.16563074 -0.65981286 -0.25582325
v -0.15569974 -0.67881244 -0.25432902
v -0.15452376 -0.66452395 -0.26156261
v -0.14744067 -0.68590474 -0.26256644
v -0.14627547 -0.67059975 -0.27015182
v -0.14185038 -0.69352227 -0.27207627
v -0.1491203 -0.70022755 -0.25410279
v -0.14300191 -0.70949596 -0.26318189
v -0.14109186 -0.71862787 -0.27384528
v -0.14438264 -0.72292488 -0.25281021
v -0.14194454 -0.73440009 -0.26242196
v -0.14324584 -0.74538195 -0.27229863
v -0.14266325 -0.72759497 -0.28472778
v -0.14909544 -0.75545936 -0.28228354
v -0.14879004 -0.73543226 -0.29506796
v -0.15877082 -0.76342243 -0.29091203
v -0.15836249 -0.74148678 -0.30401057
v -0.17169472 -0.76884234 -0.29749721
v -0.17065163 -0.74536973 -0.31056696
v -0.18652321 -0.77077543 -0.30091548
v -0.18459412 -0.74681991 -0.31430268
v -0.20203599 -0.76918828 -0.30116757
v -0.19908477 -0.74554312 -0.31450989
v -0.21597009 -0.76412934 -0.29783338
v -0.21245959 -0.74146771 -0.31079861
v -0.22746931 -0.75618618 -0.29148498
v -0.22386232 -0.73539358 -0.30459919
v -0.23574094 -0.74671089 -0.28395858
v -0.23223683 -0.72764927 -0.29621225
v -0.23988917 -0.73567169 -0.27465868
v -0.23734343 -0.71868693 -0.28642636
v -0.2395557 -0.72485613 -0.26495051
v -0.23772837 -0.70981639 -0.2757869
v -0.23542234 -0.71416294 -0.25544339
v -0.23408281 -0.70132494 -0.26535493
v -0.22828097 -0.70475238 -0.24690058
v -0.22782205 -0.69325047 -0.25592994
v -0.21864438 -0.69740682 -0.24013364
v -0.21819357 -0.68674987 -0.24844312
v -0.20730409 -0.69240522 -0.23495112
v -0.20674927 -0.68223154 -0.24286218
v -0.19491522 -0.69032084 -0.23211577
v -0.19406183 -0.68041604 -0.23978583
v -0.18216066 -0.69140881 -0.23175214
v -0.18094708 -0.68158572 -0.23944938
v -0.17010007 -0.69576674 -0.23393325
v -0.16857191 -0.68561929 -0.24200411
v -0.15930438 -0.70266568 -0.23817922
v -0.15759915 -0.69186651 -0.2468885
v -0.15077282 -0.71187627 -0.24456498
v -0.16037729 -0.71085494 -0.22777943
v -0.15164481 -0.72082382 -0.23334546
v -0.14530082 -0.73287439 -0.24025076
v -0.15158218 -0.72677725 -0.22003169
v -0.14561514 -0.73946493 -0.22533665
v -0.14386825 -0.75365912 -0.23104174
v -0.14302745 -0.74633002 -0.24807195
v -0.14647816 -0.76772654 -0.23660363
v -0.14462694 -0.75922608 -0.25639
v -0.15292513 -0.78018224 -0.24166527
v -0.15052397 -0.77137661 -0.2641021
v -0.16356943 -0.79017192 -0.24606822
v -0.16037176 -0.78116172 -0.27069988
v -0.17688402 -0.79690182 -0.24953597
v -0.17375063 -0.78807908 -0.27607446
v -0.19178329 -0.79949277 -0.25166106
v -0.18899153 -0.79064083 -0.27901944
v -0.20692656 -0.79761153 -0.25234761
v -0.20511272 -0.78870874 -0.27941548
v -0.22052696 -0.7912848 -0.25133585
v -0.21914045 -0.7823385 -0.27691999
v -0.23169872 -0.78176248 -0.24868658
v -0.23056219 -0.77297937 -0.27231147
v -0.23958471 -0.769634 -0.2448419
v -0.23823525 -0.7614178 -0.26619753
v -0.24399833 -0.75645285 -0.24033647
v -0.24219304 -0.74852126 -0.25924414
v -0.24390305 -0.74285703 -0.23492609
v -0.24146129 -0.73582506 -0.25143793
v -0.23976446 -0.72968649 -0.22912424
v -0.23702894 -0.72366923 -0.24346762
v -0.23209413 -0.71864843 -0.22327463
v -0.22937953 -0.71346241 -0.23628924
v -0.2219617 -0.71014148 -0.21809995
v -0.21952633 -0.70558136 -0.23020041
v -0.21004389 -0.70455902 -0.21400722
v -0.20822623 -0.70023578 -0.2255795
v -0.19701229 -0.70217585 -0.21155507
v -0.19587633 -0.69772106 -0.22274006
v -0.18393266 -0.70326668 -0.21101354
v -0.18316388 -0.69881665 -0.22221827
v -0.17154492 -0.70835053 -0.21242919
v -0.17119033 -0.703511 -0.22410343
v -0.16047664 -0.71614778 -0.21548974
v -0.17151013 -0.7107172 -0.1992665
v -0.16012877 -0.71919953 -0.2014679
v -0.15130209 -0.73035603 -0.20462292
v -0.16059936 -0.72109961 -0.18640817
v -0.15201599 -0.73252093 -0.18833284
v -0.14704345 -0.74600195 -0.190417
v -0.14588221 -0.74350631 -0.20807518
v -0.1467117 -0.76029521 -0.19264444
v -0.14510966 -0.75772005 -0.21169436
v -0.14998389 -0.77446365 -0.19495314
v -0.14821724 -0.77168875 -0.21527834
v -0.15752682 -0.78701865 -0.1974762
v -0.15546701 -0.78399705 -0.21897223
v -0.16851551 -0.79672902 -0.19987693
v -0.16606304 -0.7940936 -0.22212207
v -0.1818487 -0.80306559 -0.20184306
v -0.17944039 -0.8005048 -0.22460959
v -0.19636304 -0.8050614 -0.20323953
v -0.194122 -0.80273181 -0.22622904
v -0.21058788 -0.80315029 -0.20404616
v -0.20873245 -0.80096536 -0.22694863
v -0.2236685 -0.79726177 -0.20405824
v -0.22192926 -0.79487985 -0.22661149
v -0.23440355 -0.78827303 -0.20325054
v -0.23296612 -0.78567946 -0.22525437
v -0.24251194 -0.77695936 -0.20176903
v -0.24111223 -0.77393311 -0.22290246
v -0.24688182 -0.76376295 -0.19981735
v -0.24546642 -0.76069331 -0.21978926
v -0.24783882 -0.74974989 -0.19756121
v -0.24610717 -0.7468822 -0.21642345
v -0.24461585 -0.73615419 -0.19503609
v -0.24248388 -0.7335121 -0.21267186
v -0.23778373 -0.7237811 -0.19230704
v -0.23541908 -0.72165519 -0.20843836
v -0.22694632 -0.71440404 -0.18956379
v -0.22479978 -0.71264839 -0.2042956
v -0.21393249 -0.70770007 -0.18693727
v -0.21215611 -0.7064982 -0.20095023
v -0.19962063 -0.70464003 -0.18508346
v -0.19830116 -0.70388412 -0.19875606
v -0.18490713 -0.70620054 -0.18435625
v -0.18437759 -0.70522207 -0.1981588
v -0.17183044 -0.71211814 -0.18495427
v -0.18610701 -0.70867741 -0.16992549
v -0.17306575 -0.71437048 -0.17025393
v -0.16226667 -0.72317099 -0.17123667
v -0.17536339 -0.71924644 -0.15585658
v -0.15412794 -0.73451244 -0.17230828
v -0.1497142 -0.74773871 -0.17328426
v -0.15499991 -0.76123207 -0.15686579
v -0.14924959 -0.76178365 -0.17433653
v -0.15849138 -0.7744652 -0.15702247
v -0.1527038 -0.77596455 -0.17547699
v -0.16643962 -0.78620111 -0.15775677
v -0.16047594 -0.78848254 -0.17690312
v -0.17728814 -0.79523038 -0.15866442
v -0.17153935 -0.7982186 -0.17851431
v -0.19061848 -0.80018132 -0.15991444
v -0.18510709 -0.80399483 -0.18019153
v -0.20393186 -0.80083167 -0.16087071
v -0.19911898 -0.80584251 -0.18150635
v -0.19775538 -0.79193395 -0.14458043
v -0.21029123 -0.79197007 -0.14740157
v -0.20471257 -0.78198784 -0.13648408
v -0.21594224 -0.78238099 -0.14070519
v -0.22639972 -0.78169184 -0.14765627
v -0.2209485 -0.77261775 -0.13714049
v -0.23227039 -0.77131706 -0.14628478
v -0.24190571 -0.76942557 -0.16129691
v -0.23646698 -0.78037124 -0.16141182
v -0.2468514 -0.76671004 -0.18032592
v -0.24225731 -0.77952575 -0.18137809
v -0.24367535 -0.75630718 -0.16085058
v -0.2479345 -0.75291824 -0.17886936
v -0.24157966 -0.74308544 -0.16008146
v -0.24495147 -0.73908501 -0.17723175
v -0.23585577 -0.73118758 -0.1592002
v -0.23833158 -0.72673893 -0.17560213
v -0.2268195 -0.72165459 -0.15831542
v -0.22776264 -0.71705716 -0.17385426
v -0.21498063 -0.71481841 -0.15706494
v -0.2150937 -0.70989322 -0.17202585
v -0.20151636 -0.71215146 -0.15597556
v -0.20071804 -0.70678025 -0.17047569
v -0.18777103 -0.71393638 -0.15573407
v -0.19024132 -0.72281211 -0.14320036
v -0.17931507 -0.72765934 -0.14311742
v -0.19315251 -0.7331447 -0.134312
v -0.18255209 -0.73745298 -0.13465361
v -0.19634123 -0.74261921 -0.12976473
v -0.18552406 -0.7471013 -0.1304755
v -0.17478631 -0.75274425 -0.13445684
v -0.18899563 -0.7564376 -0.12911132
v -0.17824158 -0.76310801 -0.13346056
v -0.16755707 -0.76951086 -0.14256624
v -0.16435158 -0.75788343 -0.14287674
v -0.18474753 -0.77198183 -0.13337154
v -0.17494297 -0.78018826 -0.14288407
v -0.19373627 -0.77864682 -0.13422107
v -0.18517091 -0.78800064 -0.14298762
v -0.19946406 -0.7508164 -0.12804386
v -0.20962958 -0.74709814 -0.1296388
v -0.22023785 -0.74310052 -0.1345236
v -0.22333133 -0.75207287 -0.13469304
v -0.22357408 -0.76201099 -0.13555906
v -0.22992403 -0.73697191 -0.14496369
v -0.23430675 -0.74778747 -0.1451931
v -0.23521962 -0.75948512 -0.14552156
v 0 0.39197287 0.85473662
v -0.04479137 0.42936635 0.83468765
v -0.06410993 0.43275216 0.83375006
v -0.04652854 0.4318259 0.84286248
v -0.06580323 0.43651136 0.84190392
v -0.04912176 0.43136742 0.85235768
v -0.06767809 0.43621802 0.85144525
v -0.08596143 0.44192355 0.85180437
v -0.07007519 0.43444782 0.86241638
v -0.0873257 0.43954032 0.86412131
v -0.09983487 0.45070433 0.86894899
v -0.10110867 0.4537276 0.85535091
v -0.10542257 0.46655812 0.87490093
v -0.10760007 0.47207954 0.86026018
v -0.10449767 0.48355218 0.88041865
v -0.10668377 0.49142003 0.86505693
v -0.09910599 0.50076866 0.88535416
v -0.10072852 0.50980049 0.86988765
v -0.09029456 0.52717512 0.87487298
v -0.10255014 0.47547808 0.89632749
v -0.10378828 0.45952728 0.89069616
v -0.10110522 0.45250114 0.90793871
v -0.10005383 0.46778214 0.91276335
v -0.09712703 0.44622573 0.926292
v -0.0968929 0.46119844 0.93014586
v -0.09270741 0.44090259 0.94485247
v -0.09302496 0.45563131 0.94793677
v -0.08792836 0.43620225 0.96360558
v -0.08895508 0.45035833 0.96624219
v -0.08316408 0.43156594 0.98283112
v -0.08480748 0.44503244 0.98512738
v -0.07767637 0.42574602 1.00334143
v -0.07969576 0.43878433 1.00548768
v -0.07934931 0.41977885 0.97944212
v -0.07411287 0.4146091 0.99997323
v -0.07281595 0.4105615 0.97523462
v -0.06841342 0.4058392 0.99554646
v -0.06115479 0.40062117 1.01648128
v -0.05925634 0.40066593 0.99063122
v -0.05381399 0.39510476 1.01106834
v -0.04404894 0.39024838 1.03081297
v -0.04359092 0.39407408 1.00540089
v -0.02787634 0.38957479 1.04653179
v -0.04783931 0.39952138 0.98645317
v -0.03449394 0.40063771 0.982957
v -0.03155414 0.39641511 1.00092709
v -0.03610984 0.40452513 0.96454125
v -0.05050592 0.40386736 0.96719217
v -0.05354817 0.40869233 0.94835847
v -0.03783823 0.40877163 0.94596076
v -0.06250889 0.40540969 0.9708848
v -0.06620292 0.40979433 0.95159834
v -0.06990882 0.41445082 0.93224811
v -0.05637804 0.41382959 0.92946946
v -0.07748971 0.41421172 0.95586812
v -0.08192636 0.41845595 0.93647974
v -0.08547428 0.4236612 0.91672211
v -0.07294426 0.4197452 0.91294866
v -0.0845659 0.42380654 0.96010673
v -0.08964791 0.42804133 0.94098579
v -0.09413866 0.43302357 0.92160445
v -0.09809685 0.43861579 0.90247064
v -0.08825799 0.42879292 0.89718306
v -0.08827718 0.43482339 0.8796463
v -0.07281585 0.4308696 0.87697804
v -0.07405456 0.42521879 0.89416337
v -0.09975588 0.44480413 0.88459575
v -0.05603765 0.42741876 0.87664175
v -0.0582659 0.42400026 0.89319378
v -0.0582456 0.41915169 0.91101038
v -0.04096787 0.42051863 0.89330166
v -0.04077858 0.41694787 0.91020476
v -0.03942351 0.41305297 0.92793399
v -0.03956163 0.42325872 0.87839883
v -0.03586614 0.42538228 0.86629337
v -0.05260217 0.42997455 0.86287415
v -0.0315747 0.42620137 0.85635829
v -0.0282144 0.42563328 0.84800201
v -0.01987475 0.4411655 1.07700812
v -0.01950263 0.44128483 1.07712793
v -0.01982827 0.44177597 1.07710635
v -0.02016306 0.44138252 1.07695841
v -0.02034536 0.44090104 1.0768404
v -0.01992241 0.44079753 1.07694339
v -0.0194615 0.4407615 1.0770663
v -0.01994928 0.44035089 1.07687342
v -0.01942572 0.44030615 1.07701242
v -0.01997112 0.43988287 1.07680189
v -0.01939087 0.43986257 1.07695996
v -0.01999423 0.43942534 1.07673132
v -0.01935222 0.43937069 1.07690191
v -0.02002755 0.43897146 1.0766586
v -0.01930873 0.43881717 1.07683646
v -0.02063887 0.43956506 1.07657194
v -0.02073363 0.43912306 1.07648372
v -0.02125461 0.43976056 1.07642829
v -0.02145619 0.43927815 1.07630479
v -0.020547 0.43998974 1.07665705
v -0.02108445 0.44016778 1.07653236
v -0.02044494 0.44045448 1.07675015
v -0.02089868 0.44061237 1.07664609
v -0.02071122 0.44106093 1.07676112
v -0.02048843 0.44159412 1.0768975
v -0.02024744 0.44217079 1.07704496
v -0.02262954 0.43326681 1.07513821
v -0.02234052 0.43716192 1.0757631
v -0.02048005 0.43634796 1.07616591
v -0.02251664 0.43673467 1.07565426
v -0.02162666 0.43635839 1.07584905
v -0.02142857 0.43676295 1.07596063
v -0.02079795 0.43589228 1.07601392
v -0.02184224 0.43594175 1.07573092
v -0.02104455 0.43553882 1.07589602
v -0.02199953 0.43551391 1.07562744
v -0.02127454 0.43520915 1.07578611
v -0.02211792 0.43505072 1.07552969
v -0.02157704 0.43477553 1.07564139
v -0.02223759 0.43459886 1.07543337
v -0.0218388 0.43440029 1.07551634
v -0.02236091 0.4341681 1.07533896
v -0.02207982 0.43405479 1.07540094
v -0.02246335 0.43382501 1.0752623
v -0.02234595 0.43367329 1.07527387
v -0.02266949 0.43471503 1.07532966
v -0.02265632 0.4342378 1.07526648
v -0.02264317 0.43376073 1.07520353
v -0.02268285 0.4352014 1.07539379
v -0.02269538 0.43567535 1.07545685
v -0.02267801 0.43622091 1.07553792
v 0.16632287 0.65964543 0.71599251
v 0.09443128 0.03764492 -0.41581735
v 0.1089786 0.53550434 0.83931785
v 0.00697326 0.46058279 1.08952999
v 0.10394541 0.45341834 0.83097088
v 0.02084442 -0.16856899 -0.13590692
v 0.08392822 0.38278564 0.80056929
v 0.03820555 0.70889759 0.71646392
v 0.04270163 0.70401132 0.62056702
v 0.10838796 0.67157167 0.76434737
v 0.23906014 -0.75892311 0.51780146
v 0.02514599 0.60838806 0.85295778
v 0.07678376 0.41277641 0.82443696
v 0.2813774 -0.74843454 0.49358287
v 0.16443084 -0.73941379 -0.14667967
v 0.00697321 0.33103942 0.91985523
v 0.00815894 0.30522227 0.9080283
v 0.05399645 -0.15813827 0.34104374
v 0.25819614 -0.78632646 0.49998608
v 0.11209332 0.69498193 0.70853132
v 0.04760358 -0.19669219 -0.29531464
v 0.20552901 -0.76405173 -0.12888044
v 0.2235734 -0.79500252 -0.16538704
v 0.21133399 -0.73083162 -0.13708207
v 0.20529255 -0.20456208 -0.12606978
v 0.24667112 0.04677951 -0.25707358
v 0.18158228 0.12837424 -0.20132666
v 0.13954269 -0.14369696 0.55621492
v 0.21079976 0.17773088 0.29242327
v 0.24687628 -0.09790402 0.33715605
v 0.19664001 -0.74029791 0.48813569
v 0.0549431 0.62902808 0.83943486
v 0.13369193 0.82497769 0.68336111
v 0.13240726 0.79545468 0.68770641
v 0.14637148 0.8502562 0.71082299
v 0.14492209 0.8454622 0.71944534
v 0.12252569 0.59031856 0.81516504
v 0.01895783 0.38567397 1.03413367
v 0.02501554 0.43494182 1.07348227
v 0.02743243 0.15894736 -1.45476317
v 0.02971131 0.20854969 -1.43745493
v 0.17576295 0.65432596 0.7028796
v 0.17497099 0.63494545 0.70815068
v 0.16840829 0.63659584 0.71997964
v 0.1694979 0.67942088 0.70107388
v 0.17654797 0.67486369 0.69440484
v 0.15096363 0.65400683 0.73619097
v 0.14142179 0.66963905 0.73576051
v 0.15431802 0.67403465 0.71836894
v 0.15901055 0.68568569 0.70355206
v 0.15556016 0.63485682 0.73537445
v 0.09456399 0.0549029 -0.41815307
v 0.08826946 0.05220601 -0.4380202
v 0.08515056 0.03803823 -0.43821293
v 0.08134055 0.02102777 -0.42370095
v 0.08806609 0.01127229 -0.40960383
v 0.10379099 0.02259592 -0.40214198
v 0.12066066 0.03240307 -0.3915798
v 0.11090772 0.04744182 -0.3964129
v 0.07670421 0.02415696 -0.44096714
v 0.10516964 0.06086123 -0.39923256
v 0.09405295 0.55264222 0.84874165
v 0.09872363 0.57263368 0.84195905
v 0.11150673 0.56281417 0.83287066
v 0.10275083 0.51985389 0.85469621
v 0.09101606 0.53770202 0.86046725
v 0.11339861 0.50712919 0.83617126
v 0.10932317 0.49920615 0.85025173
v 0.12380989 0.55942779 0.82184457
v 0.12316516 0.53652763 0.82407909
v 0.1229017 0.51239138 0.82238602
v 0.00937446 0.46689394 1.09147882
v 0.02221038 0.46024116 1.07989883
v 0.01400002 0.45116195 1.08210504
v 0.10191127 0.45459187 0.84380263
v 0.11018393 0.47675198 0.84676975
v 0.11350295 0.48154196 0.83380836
v 0.09858632 0.43734177 0.821841
v 0.07945857 0.42809873 0.82653313
v 0.08336325 0.43783456 0.83364832
v 0.08514016 0.44156441 0.84215551
v 0.11720528 0.46610999 0.81530481
v 0.11417621 0.44756627 0.80943524
v 0.12087711 0.48891469 0.81911039
v 0.01720164 -0.16631652 -0.11030895
v 0.04011093 -0.16240675 -0.10330002
v 0.04588909 -0.16399008 -0.11933501
v 0.05618769 -0.17301434 -0.13319909
v 0.03653603 -0.17801794 -0.15604791
v 0.0133733 -0.17482432 -0.17458093
v 0.0251273 -0.18477281 -0.18599067
v 0.07338328 0.3703593 0.79796671
v 0.07138226 0.37554866 0.81071525
v 0.07806948 0.38376167 0.81688821
v 0.09763754 0.39019513 0.78981536
v 0.09920342 0.37296709 0.77519875
v 0.08678391 0.36633098 0.78238087
v 0.07518429 0.35844412 0.78480547
v 0.07817648 0.39392197 0.82535749
v 0.08409937 0.39949384 0.81648522
v 0.09676095 0.4074513 0.80459964
v 0.01833563 0.70043134 0.7155596
v 0.01793855 0.70348626 0.70226907
v 0.03374832 0.71164447 0.70068615
v 0.05121016 0.72232264 0.71065449
v 0.0588063 0.72261768 0.72079974
v 0.05375487 0.71172547 0.72955781
v 0.03649463 0.69901961 0.7372021
v 0.01834907 0.69512146 0.73404371
v 0.05317922 0.70071917 0.74369961
v 0.04642142 0.72233879 0.70032656
v 0.03727625 0.69115179 0.60394334
v 0.05476871 0.6909278 0.59739339
v 0.06194523 0.70307755 0.60880267
v 0.01975886 0.69623452 0.62273061
v 0.01908042 0.68775171 0.60746866
v 0.03667688 0.70965957 0.6379593
v 0.018637 0.70171201 0.63674724
v 0.07242859 0.71731817 0.6192674
v 0.0599056 0.71974933 0.63007104
v 0.05236132 0.72215515 0.64233976
v 0.1015809 0.68755173 0.75125604
v 0.11621779 0.68453711 0.74176287
v 0.12605997 0.67174577 0.75059282
v 0.12401939 0.64881885 0.76540917
v 0.11679627 0.64033705 0.78029161
v 0.10147862 0.65645515 0.78191322
v 0.08566817 0.66528379 0.78494375
v 0.08886003 0.67858654 0.76933366
v 0.08725511 0.6893537 0.75720638
v 0.13557606 0.65196311 0.75244385
v 0.23288621 -0.76407253 0.51570558
v 0.22899587 -0.75527566 0.51359653
v 0.23837517 -0.75150424 0.51677113
v 0.2453306 -0.76150757 0.51761835
v 0.23962782 -0.77034539 0.51555198
v 0.24746821 -0.75172793 0.51653987
v 0.04471616 0.59323251 0.8574652
v 0.04030485 0.57816946 0.86973476
v 0.02052341 0.58669847 0.86841416
v 0.04279685 0.62119483 0.84463733
v 0.05350196 0.60714376 0.85076993
v 0.01919692 0.62851554 0.83613085
v 0.03652523 0.63392394 0.83241081
v 0.07110046 0.4023841 0.83161145
v 0.09590841 0.42241734 0.81446784
v 0.06068636 0.41424721 0.82909828
v 0.06216596 0.42459377 0.82805717
v 0.0603876 0.40713262 0.83434677
v 0.28702151 -0.74553233 0.47919815
v 0.28910544 -0.75826996 0.47644054
v 0.28149533 -0.75710755 0.49416476
v 0.27252218 -0.75288593 0.50201451
v 0.27467647 -0.74358719 0.49733102
v 0.28058847 -0.73452031 0.48273956
v 0.1705897 -0.73401141 -0.14360752
v 0.17309078 -0.74289113 -0.13764692
v 0.16413466 -0.74706506 -0.14361219
v 0.15870337 -0.73696565 -0.15718106
v 0.16574442 -0.72693365 -0.15656609
v 0.15507441 -0.74866831 -0.15713577
v 0.00996891 0.33576625 0.91205149
v 0.01727127 0.33508527 0.91638612
v 0.01017477 0.32881882 0.92520088
v 0.01083294 0.30817234 0.89873671
v 0.0116395 0.3042055 0.91370755
v 0.01900181 0.30822134 0.902152
v 0.04634805 -0.16024614 0.38233441
v 0.0600931 -0.15822236 0.38925698
v 0.06779719 -0.15537646 0.35629135
v 0.0879618 -0.14884017 0.33176052
v 0.08217031 -0.15096777 0.31903415
v 0.03311864 -0.16131241 0.34426605
v 0.03107843 -0.16197386 0.37962922
v 0.05419326 -0.15885733 0.31246295
v 0.0343195 -0.16189827 0.3179889
v 0.0801975 -0.15208198 0.30206307
v 0.25938662 -0.79286563 0.49068781
v 0.24836342 -0.79593288 0.49310094
v 0.25175198 -0.7861641 0.50467133
v 0.25607997 -0.77749091 0.50836372
v 0.2628768 -0.78024429 0.50206178
v 0.26964002 -0.78780257 0.49076625
v 0.12350776 0.68838882 0.71056425
v 0.11508692 0.68903374 0.72230207
v 0.10529561 0.69787704 0.71486401
v 0.10292128 0.70815676 0.70648437
v 0.11297823 0.70272904 0.70102906
v 0.12832224 0.69668555 0.69945633
v 0.03100235 -0.18514478 -0.28103068
v 0.02713589 -0.19410616 -0.2528114
v 0.03581996 -0.20502761 -0.25926008
v 0.04481374 -0.21945476 -0.2602382
v 0.05687333 -0.21523784 -0.28989055
v 0.08271279 -0.21469298 -0.31688273
v 0.08078398 -0.20031312 -0.32451066
v 0.08397433 -0.1882348 -0.33406189
v 0.05366309 -0.18341878 -0.31471344
v 0.03608082 -0.1753167 -0.30182465
v 0.20278465 -0.758291 -0.12810476
v 0.21231828 -0.75523525 -0.12959346
v 0.21302215 -0.76347583 -0.13045246
v 0.20068332 -0.7700991 -0.13017289
v 0.19397826 -0.7642048 -0.12917888
v 0.209885 -0.77250987 -0.13243579
v 0.21571092 -0.79778802 -0.16158625
v 0.22045062 -0.78957134 -0.15162494
v 0.2294325 -0.78881669 -0.16143347
v 0.22457788 -0.7978391 -0.18273304
v 0.21280929 -0.80371558 -0.18238201
v 0.23440724 -0.7898221 -0.18236631
v 0.20353713 -0.73167496 -0.13516272
v 0.20212602 -0.72118204 -0.14393253
v 0.21343311 -0.72331637 -0.1445804
v 0.22299544 -0.72852045 -0.1446989
v 0.21560435 -0.73636901 -0.13521753
v 0.20640109 -0.73951602 -0.13134641
v 0.17493984 -0.21983864 -0.11855234
v 0.16635508 -0.20363584 -0.11276219
v 0.19004969 -0.18814581 -0.11471416
v 0.20464663 -0.1753833 -0.11884963
v 0.2205577 -0.18444249 -0.13144254
v 0.24276165 -0.19210994 -0.15414913
v 0.23479531 -0.21150374 -0.15076617
v 0.23631995 0.06317057 -0.2472151
v 0.23049888 0.06686653 -0.26157558
v 0.24426294 0.04642469 -0.26833257
v 0.25269389 0.03953136 -0.24905464
v 0.24238006 0.0567592 -0.23354338
v 0.25506952 0.03071323 -0.26533475
v 0.1636209 0.14681419 -0.20199507
v 0.16510781 0.14211919 -0.22671289
v 0.18092544 0.12647689 -0.22988756
v 0.19749394 0.1097558 -0.18654416
v 0.18764968 0.11939852 -0.16776901
v 0.17334242 0.13758787 -0.17789878
v 0.1612163 0.15066821 -0.18280281
v 0.11432035 -0.15678253 0.52554565
v 0.09433747 -0.1545884 0.52596205
v 0.10910356 -0.1440913 0.55366867
v 0.11691629 -0.13421978 0.5746476
v 0.14363123 -0.13139171 0.57644027
v 0.17849773 -0.13879703 0.56418508
v 0.18706913 -0.15248438 0.55017817
v 0.15575532 -0.15737351 0.54083293
v 0.1761053 -0.12821503 0.576092
v 0.20323413 0.17499131 0.26471614
v 0.21274015 0.15793961 0.26484671
v 0.22004915 0.1565914 0.28748741
v 0.1922796 0.19853259 0.28010344
v 0.18878774 0.19311749 0.25878143
v 0.20850613 0.19424873 0.314168
v 0.19260743 0.20881927 0.30004987
v 0.22920429 0.15153385 0.31037911
v 0.225269 0.16761945 0.31872591
v 0.22180485 0.18370069 0.33388477
v 0.26283934 -0.08174885 0.35206529
v 0.24247916 -0.07525812 0.3408086
v 0.22864286 -0.08850128 0.33277994
v 0.28271299 -0.10629282 0.36308062
v 0.28815251 -0.09156201 0.37713584
v 0.21732126 -0.11252079 0.32551085
v 0.22391691 -0.12597882 0.32021036
v 0.25168353 -0.11919861 0.33132058
v 0.21000623 -0.10563512 0.32565155
v 0.20346444 -0.73467332 0.49229711
v 0.20426757 -0.74386233 0.49964308
v 0.19520363 -0.74894112 0.49034264
v 0.18691578 -0.7517758 0.47328373
v 0.19121781 -0.73902648 0.475068
v 0.19832882 -0.72869217 0.47717428
v 0.0541576 0.63783848 0.8305059
v 0.06904465 0.63657158 0.83079963
v 0.06494869 0.62342351 0.8428623
v 0.1317043 0.81851178 0.67822265
v 0.13783599 0.81893128 0.67663151
v 0.13822005 0.8266431 0.68351906
v 0.13576903 0.83159875 0.68884116
v 0.13052837 0.82758909 0.68720793
v 0.12461815 0.81882727 0.68147522
v 0.12780629 0.79877322 0.69102263
v 0.13333053 0.80261057 0.6923176
v 0.13769902 0.79656428 0.68809288
v 0.13001969 0.78867286 0.68487
v 0.1220759 0.79037463 0.68858909
v 0.13787101 0.78712409 0.68339562
v 0.14939069 0.84864145 0.70829868
v 0.15073712 0.84746134 0.7105661
v 0.14626726 0.84987676 0.71295607
v 0.1416285 0.85092771 0.71299088
v 0.14280524 0.85109967 0.70997101
v 0.1456563 0.84918004 0.70580518
v 0.14486986 0.84738701 0.71819466
v 0.15039546 0.84311634 0.71745479
v 0.14859807 0.84130871 0.71892136
v 0.14556148 0.83888047 0.71974998
v 0.14215667 0.84440779 0.72029632
v 0.14079305 0.84741467 0.71880096
v 0.12749429 0.59429037 0.80660086
v 0.13216054 0.57852792 0.80795663
v 0.12345239 0.57805293 0.81844723
v 0.1155312 0.59816598 0.81941932
v 0.11966331 0.60839283 0.80810612
v 0.11322319 0.58313679 0.8270927
v 0.02238219 0.38650852 1.04120779
v 0.03581387 0.38810497 1.02420043
v 0.0257941 0.39047133 1.01874291
v 0.01402265 0.39313188 1.01574337
v 0.01016896 0.38791978 1.03403222
v 0.01045327 0.3882651 1.04510486
v 0.04458252 0.42946085 1.06132936
v 0.03920061 0.41590446 1.05993449
v 0.02056569 0.41729328 1.07044112
v 0.03582577 0.45064505 1.06912732
v 0.04939255 0.44624462 1.0586884
v 0.02393842 0.15860213 -1.45715689
v 0.02534591 0.15244928 -1.4512881
v 0.02963268 0.15501712 -1.44963741
v 0.02852232 0.16294214 -1.45559024
v 0.02392116 0.16451033 -1.46034288
v 0.03260235 0.15933498 -1.44884419
v 0.03202784 0.20874804 -1.43096733
v 0.02767861 0.21235114 -1.43050599
v 0.02609224 0.21053227 -1.43904042
v 0.02578963 0.20714768 -1.4453988
v 0.03057495 0.20541033 -1.44073343
v 0.03477348 0.2042196 -1.43321621
v 0.03142786 0.20055422 -1.4445796
v 0.03663574 0.19862109 -1.43622779
v 0.04180481 0.1964932 -1.4257121
v 0.039111 0.20295335 -1.42298173
v 0.0352705 0.20857164 -1.42081058
v 0.04372249 0.20142883 -1.41068172
v 0.03905744 0.20800347 -1.40834486
v 0.03309392 0.2136469 -1.40655255
v 0.0301039 0.2132962 -1.4195075
v 0.02595073 0.21824029 -1.40525698
v 0.02371077 0.2171472 -1.41878032
v 0.02191925 0.21538266 -1.43065571
v 0.0207 0.21272498 -1.44058132
v 0.01635184 0.22003138 -1.41838204
v 0.01514737 0.21772138 -1.43093121
v 0.01429057 0.21456381 -1.44175791
v 0.01378781 0.21049606 -1.4507873
v 0.02013056 0.20896562 -1.4486196
v 0.00773052 0.21920172 -1.43114006
v 0.0072855 0.21576505 -1.44247627
v 0.00700177 0.21150192 -1.45204401
v 0.00683548 0.20647566 -1.45981168
v 0.01352364 0.20558193 -1.45809817
v 0.00833978 0.221825 -1.41817903
v 0.00909645 0.2237605 -1.40386414
v 0.00998272 0.22519189 -1.38846969
v 0.01098532 0.22630801 -1.37223351
v 0.01198293 0.22653318 -1.35545623
v 0.01291715 0.22586982 -1.33854639
v 0.01380892 0.22464944 -1.32165801
v 0.01463519 0.22287634 -1.3049153
v 0.01542472 0.22082081 -1.28830075
v 0.01616164 0.21851383 -1.27184903
v 0.01687341 0.21621681 -1.25549411
v 0.01755779 0.21402955 -1.23921668
v 0.01824365 0.21221162 -1.22293746
v 0.01890712 0.21073561 -1.20666515
v 0.01956035 0.20970942 -1.19036066
v 0.02019165 0.20904077 -1.17403829
v 0.02077719 0.20847472 -1.15773809
v 0.02132304 0.20795379 -1.14144778
v 0.02177283 0.20716248 -1.12521052
v 0.02221775 0.20650962 -1.10893559
v 0.02265784 0.20604766 -1.09261059
v 0.02305295 0.20556961 -1.07626009
v 0.02345722 0.20542769 -1.05981218
v 0.0238831 0.20567566 -1.04324853
v 0.0243059 0.20608463 -1.02659225
v 0.02465261 0.20619475 -1.00989294
v 0.02497619 0.20625034 -0.99313026
v 0.02523145 0.20599162 -0.97635519
v 0.025366 0.20527185 -0.95960825
v 0.02542586 0.20440146 -0.9428786
v 0.02531192 0.20297141 -0.92618829
v 0.02503222 0.2010274 -0.90948563
v 0.02471217 0.19916315 -0.89271688
v 0.02433675 0.19714595 -0.87587517
v 0.02390583 0.19482338 -0.85895407
v 0.02342407 0.19214725 -0.84195494
v 0.02292277 0.18931435 -0.8248884
v 0.02244334 0.18662828 -0.80776935
v 0.02198121 0.18411375 -0.79061019
v 0.02152217 0.18170477 -0.77341866
v 0.02106512 0.17940785 -0.75619757
v 0.02062929 0.17726571 -0.7389456
v 0.02019192 0.17514285 -0.72165328
v 0.01977984 0.17323054 -0.70431816
v 0.01939448 0.17156496 -0.68693655
v 0.01903026 0.17010442 -0.66950643
v 0.01867614 0.16877326 -0.65202927
v 0.01832249 0.16751745 -0.63451415
v 0.01796889 0.16636382 -0.61697828
v 0.01760922 0.16527719 -0.59943914
v 0.01722246 0.16409798 -0.58191204
v 0.01678626 0.1626551 -0.56441116
v 0.01627329 0.16073469 -0.54694461
v 0.01567762 0.15824846 -0.52950823
v 0.01500921 0.15522891 -0.51207619
v 0.01429974 0.15190368 -0.49459675
v 0.01361467 0.14874261 -0.47700008
v 0.01304863 0.14641647 -0.45922413
v 0.01270722 0.1457141 -0.44125831
v 0.01268512 0.14740084 -0.42318621
v 0.01303909 0.15201579 -0.40517997
v 0.01374643 0.15955773 -0.38740924
v 0.01463873 0.16886711 -0.36976656
v 0.01553954 0.17829552 -0.35197711
v 0.01641268 0.18738758 -0.333842
v 0.01720347 0.19587104 -0.31532189
v 0.01786403 0.20368887 -0.29648447
v 0.01836644 0.2107743 -0.27736863
v 0.01869434 0.21711359 -0.25795334
v 0.01885039 0.22260911 -0.23814636
v 0.01885363 0.22719855 -0.21783918
v 0.01877801 0.23109255 -0.19782757
v 0.01867038 0.2344909 -0.17739005
v 0.01854289 0.23724761 -0.15659953
v 0.01843335 0.2396941 -0.1355692
v 0.01835386 0.24188855 -0.11441788
v 0.01829141 0.24369429 -0.09323808
v 0.01825671 0.24534906 -0.07214668
v 0.01826265 0.2469035 -0.05123438
v 0.01831184 0.24828581 -0.03054403
v 0.0184121 0.24966153 -0.01018048
v 0.01853927 0.25099435 0.00987264
v 0.0187018 0.25238701 0.02958744
v 0.01889075 0.25384765 0.04893432
v 0.01909627 0.25519982 0.0679586
v 0.01930885 0.2567029 0.08660036
v 0.01951021 0.25825852 0.1049078
v 0.01970953 0.2599442 0.12286519
v 0.01990354 0.26191374 0.14044432
v 0.02007588 0.26409849 0.15768212
v 0.02025865 0.26706644 0.17442107
v 0.0204434 0.27075329 0.19074207
v 0.02065621 0.27520752 0.20657382
v 0.02088277 0.27996835 0.22201068
v 0.02108165 0.28451719 0.23716184
v 0.02121915 0.28933015 0.25231114
v 0.02125791 0.29440096 0.26707252
v 0.02123244 0.30048516 0.2810989
v 0.02113091 0.30751955 0.29448577
v 0.02092321 0.31561425 0.30721011
v 0.02061899 0.32417222 0.31982362
v 0.02024501 0.33324331 0.33232712
v 0.01980698 0.34284058 0.34470373
v 0.01926361 0.35269185 0.35743746
v 0.01869227 0.36296004 0.37010759
v 0.01812244 0.37370193 0.38247719
v 0.0175732 0.38492676 0.3944244
v 0.01705597 0.3966152 0.40590649
v 0.0165731 0.40871471 0.41697108
v 0.01612694 0.42118713 0.42765069
v 0.01572306 0.43402159 0.43793201
v 0.01536601 0.44721561 0.44779634
v 0.01505885 0.46077397 0.45722192
v 0.01480321 0.4747101 0.46618121
v 0.01459956 0.4890452 0.47464463
v 0.01444664 0.50379943 0.48260325
v 0.01433988 0.51897662 0.49010923
v 0.01427113 0.53457123 0.49726626
v 0.01422932 0.55058097 0.50420874
v 0.01419123 0.5669254 0.51131159
v 0.01413107 0.58350086 0.51906216
v 0.01406403 0.60030609 0.52770066
v 0.01412666 0.61723154 0.53742563
v 0.01443175 0.63413953 0.54817211
v 0.01485753 0.6502034 0.56070095
v 0.01565542 0.66467905 0.57557743
v 0.01727647 0.67741799 0.59146893
v 0.01747256 0.70512521 0.65039628
v 0.01672931 0.70684737 0.66360521
v 0.01660621 0.70692926 0.67650306
v 0.01709404 0.70574247 0.68907296
v 0.01782298 0.68904751 0.7518385
v 0.01720869 0.68189799 0.7691043
v 0.01666715 0.67274558 0.78667271
v 0.01641531 0.66029846 0.80375349
v 0.01702227 0.64527362 0.81979942
v 0.03268346 0.6604377 0.80273848
v 0.03348412 0.64659315 0.81801372
v 0.05011325 0.66063708 0.80240744
v 0.05132946 0.64835763 0.81683772
v 0.06731926 0.65879756 0.80146139
v 0.06873998 0.64731532 0.81621849
v 0.08370024 0.65330827 0.79952824
v 0.08405737 0.64267259 0.81512796
v 0.08295016 0.63020318 0.83162367
v 0.09782087 0.6346026 0.81353056
v 0.09532437 0.6210035 0.83026301
v 0.08965446 0.60269093 0.84226214
v 0.07727884 0.61334806 0.84475153
v 0.08362668 0.58296579 0.84918749
v 0.06851331 0.59478014 0.85208362
v 0.07880795 0.56655198 0.85487759
v 0.06220802 0.57958918 0.85787719
v 0.07649348 0.5531522 0.86559158
v 0.05923267 0.56656408 0.86888289
v 0.07625082 0.54305058 0.87946724
v 0.05881981 0.55636173 0.88268208
v 0.03953961 0.56686151 0.88436901
v 0.05924629 0.54788667 0.8974204
v 0.0399713 0.55819672 0.89942073
v 0.01985254 0.56397962 0.90012514
v 0.01961209 0.57334899 0.88462919
v 0.02025525 0.55630284 0.91537118
v 0.02061072 0.54994738 0.93044537
v 0.02085764 0.5444799 0.9454568
v 0.02093972 0.53936594 0.9602319
v 0.02092713 0.53433448 0.97479182
v 0.0207091 0.5293219 0.98907756
v 0.02034378 0.5242241 1.00296723
v 0.019856 0.51949542 1.0160048
v 0.01857726 0.51436013 1.02806472
v 0.01583903 0.50908017 1.03954684
v 0.01372817 0.50437146 1.05162906
v 0.01113838 0.50065803 1.06506454
v 0.00644941 0.49842748 1.07655525
v 0.01178462 0.49381563 1.08045721
v 0.01412069 0.48831826 1.08468186
v 0.01481996 0.48176273 1.08793878
v 0.01358265 0.47438421 1.09039759
v 0.0257418 0.46901103 1.07785165
v 0.02636028 0.47847673 1.07443094
v 0.03691337 0.47697845 1.06100046
v 0.03831658 0.46408587 1.06490564
v 0.02406026 0.48727142 1.07130694
v 0.0324522 0.48801285 1.05783236
v 0.04087954 0.49082684 1.04528498
v 0.04808582 0.47783157 1.04928278
v 0.01858818 0.49564462 1.06831228
v 0.02493217 0.49790036 1.05418944
v 0.03027891 0.50148725 1.04228115
v 0.034977 0.50672292 1.03032529
v 0.04794887 0.49520629 1.03310143
v 0.05269868 0.49964711 1.01910662
v 0.06357146 0.48434609 1.02126121
v 0.05734348 0.48060369 1.03660833
v 0.03803549 0.51189762 1.01741647
v 0.03942011 0.5169478 1.00360965
v 0.05533449 0.50480258 1.00405418
v 0.0568133 0.51023125 0.98876547
v 0.07020005 0.49471122 0.98829621
v 0.06758201 0.48921099 1.00481045
v 0.04020912 0.52217149 0.98910313
v 0.04087028 0.527498 0.97433173
v 0.05817066 0.51575624 0.97343403
v 0.05906776 0.52135151 0.95800453
v 0.07355966 0.50638675 0.95593565
v 0.07205845 0.50047558 0.97199428
v 0.04117232 0.53271287 0.95944839
v 0.04115349 0.53812253 0.94447433
v 0.05940338 0.52696847 0.94258141
v 0.05939634 0.53311187 0.92733228
v 0.07527823 0.51894772 0.92448055
v 0.07484228 0.51257157 0.94010543
v 0.04088686 0.54401999 0.92946428
v 0.04046558 0.55052876 0.91441494
v 0.05936755 0.54004865 0.91224163
v 0.07625747 0.53427135 0.89424377
v 0.07575718 0.52611017 0.90922027
v 0.0895117 0.51803559 0.89002996
v 0.08867454 0.50971716 0.90545773
v 0.08751121 0.50218266 0.92105847
v 0.09763999 0.49231541 0.90115565
v 0.09573334 0.48454034 0.91711014
v 0.09353026 0.4777843 0.93355256
v 0.08616958 0.49554878 0.93698835
v 0.09069615 0.47177565 0.95068532
v 0.08430026 0.48941612 0.9534865
v 0.08730099 0.46618932 0.96831905
v 0.08179321 0.48350822 0.97021669
v 0.08389833 0.46057415 0.98666542
v 0.07897424 0.47760376 0.98769855
v 0.07979961 0.45452925 1.00617289
v 0.07570985 0.47173753 1.00577449
v 0.07315171 0.44909265 1.02597057
v 0.07058557 0.46692112 1.02397012
v 0.06257407 0.44593709 1.04422307
v 0.06210956 0.46386894 1.04053533
v 0.05102099 0.46288096 1.0540893
v 0.07201945 0.43309727 1.02608645
v 0.06017146 0.42958468 1.04537749
v 0.06910032 0.4200389 1.02428627
v 0.05631063 0.41625446 1.04410338
v 0.06579598 0.40948191 1.02112877
v 0.05273744 0.40598049 1.0409969
v 0.03550108 0.40516248 1.05645489
v 0.04911042 0.39708542 1.03653454
v 0.03219555 0.39614966 1.05185127
v 0.01499053 0.39690929 1.05948257
v 0.01731187 0.40568599 1.06573832
v 0.01260441 0.39121463 1.05253887
v 0.01661586 0.39809027 0.99835854
v 0.0179419 0.40174818 0.98074299
v 0.01879718 0.40509179 0.96285134
v 0.01956128 0.40849643 0.94488471
v 0.02034241 0.41212844 0.92729073
v 0.02117193 0.41518127 0.91035795
v 0.02175477 0.4177117 0.89473825
v 0.02155704 0.41977179 0.88237416
v 0.01961547 0.42124521 0.87231779
v 0.01570851 0.42140018 0.86393588
v 0.01272429 0.41946351 0.85693609
v 0.0110714 0.41544756 0.85082233
v 0.01090711 0.40984284 0.84659677
v 0.01270748 0.40227291 0.84515583
v 0.02597064 0.4229539 0.84045767
v 0.02621479 0.41678702 0.83565938
v 0.02819649 0.40927964 0.83451414
v 0.03149559 0.40260657 0.83751285
v 0.01607835 0.39526286 0.8466981
v 0.04467863 0.42263564 0.82969808
v 0.04552746 0.4140523 0.83020043
v 0.04686914 0.40711158 0.8347131
v 0.06052895 0.39961043 0.84153807
v 0.04856598 0.40034622 0.84210622
v 0.03476381 0.39628112 0.84285801
v 0.01889759 0.38961884 0.85031765
v 0.04910985 0.39240095 0.85049015
v 0.03707103 0.38972288 0.85041415
v 0.02116986 0.38380277 0.85550952
v 0.03759763 0.38160616 0.85916656
v 0.02246887 0.37737962 0.8613311
v 0.0211931 0.36959818 0.86881291
v 0.01829652 0.36044013 0.87877321
v 0.01525769 0.35111755 0.8893159
v 0.0126633 0.34289363 0.90105646
v 0.02620033 0.35240998 0.89333951
v 0.02250569 0.34351795 0.90543878
v 0.03483784 0.35264387 0.89659065
v 0.02987517 0.34316933 0.90953886
v 0.02317538 0.33410504 0.92073482
v 0.03660421 0.34157982 0.91251546
v 0.02834313 0.33233669 0.92434567
v 0.0170877 0.32413414 0.93434971
v 0.01361991 0.326714 0.93000465
v 0.01976954 0.32054752 0.93722808
v 0.02168213 0.31596013 0.93857157
v 0.022315 0.3113577 0.93748891
v 0.02178233 0.30708956 0.93393182
v 0.02012158 0.30484411 0.92934006
v 0.01759753 0.30384737 0.92411959
v 0.01465949 0.30378004 0.9187805
v 0.02969237 0.30923625 0.9114418
v 0.02473782 0.3084706 0.90636313
v 0.03781661 0.31548628 0.89655822
v 0.03107757 0.31416046 0.89177072
v 0.02314202 0.31368014 0.88756167
v 0.03521931 0.32233315 0.87674373
v 0.02628728 0.32208189 0.87262105
v 0.01486593 0.32236489 0.86935907
v 0.01290537 0.31368514 0.8843621
v 0.01633444 0.33259335 0.85583853
v 0.01694333 0.3418197 0.84395098
v 0.01698756 0.3491519 0.83339095
v 0.01637039 0.35467144 0.82335686
v 0.01541141 0.35768789 0.8133012
v 0.01449751 0.35636851 0.8035165
v 0.01387392 0.34974655 0.79510164
v 0.01357548 0.33970883 0.78751146
v 0.01350198 0.32759422 0.78033369
v 0.01356759 0.31382244 0.77350324
v 0.01373516 0.29881992 0.76707744
v 0.01397943 0.28276339 0.76116889
v 0.01428744 0.26576402 0.75584852
v 0.01465429 0.24790972 0.75117534
v 0.01507763 0.22926671 0.7471773
v 0.01555482 0.20989993 0.74383348
v 0.01608139 0.18989174 0.74105662
v 0.01663173 0.16948127 0.73837477
v 0.01720344 0.14884322 0.7355954
v 0.01779266 0.12816417 0.73245888
v 0.01841044 0.10743448 0.72906708
v 0.01901666 0.08734118 0.72436565
v 0.01964271 0.06771048 0.71883094
v 0.02028599 0.0488074 0.71227055
v 0.02096246 0.03037042 0.70516866
v 0.02165863 0.01253768 0.69745928
v 0.02235588 -0.0046545 0.68917083
v 0.02302474 -0.02113866 0.6802805
v 0.02362896 -0.03694889 0.6708306
v 0.02413018 -0.052218 0.66090768
v 0.02448811 -0.06698966 0.65048044
v 0.02467225 -0.08130595 0.63947272
v 0.02465681 -0.09506484 0.62764662
v 0.02442057 -0.10813206 0.61469006
v 0.02390428 -0.11999497 0.59982156
v 0.02307388 -0.13082265 0.58283293
v 0.02187971 -0.14060515 0.56324893
v 0.02030567 -0.14940537 0.54063767
v 0.01841459 -0.15735399 0.51483327
v 0.01633185 -0.1643856 0.48564744
v 0.01553483 -0.16578359 0.44946754
v 0.01526481 -0.16472967 0.41387102
v 0.01584393 -0.16311748 0.37869525
v 0.01697337 -0.16268988 0.3452304
v 0.01726261 -0.16336281 0.32002797
v 0.01745594 -0.16453231 0.2977387
v 0.01796677 -0.16586977 0.27651456
v 0.01868732 -0.16709689 0.25630244
v 0.01931172 -0.16802734 0.23679034
v 0.01976256 -0.16880017 0.21789917
v 0.02007446 -0.16918845 0.19938996
v 0.02026797 -0.1691965 0.18119008
v 0.02039996 -0.16906246 0.16326557
v 0.02046865 -0.16875954 0.14552617
v 0.02048584 -0.16839589 0.12798608
v 0.02043709 -0.16785162 0.11054806
v 0.02035001 -0.1673471 0.09322115
v 0.0202063 -0.16670253 0.07593937
v 0.02003063 -0.16625723 0.05866558
v 0.01979964 -0.16575706 0.04133633
v 0.01951571 -0.16550919 0.02385332
v 0.0191704 -0.16523744 0.00614606
v 0.01876988 -0.16525729 -0.0119612
v 0.01827749 -0.16527983 -0.03060179
v 0.0177042 -0.16547349 -0.04993719
v 0.01712595 -0.1656859 -0.07020239
v 0.01675091 -0.16601839 -0.09044349
v 0.03633629 -0.16306908 -0.06745878
v 0.03751735 -0.16264699 -0.08588636
v 0.0576854 -0.15745671 -0.0628485
v 0.05958353 -0.15675126 -0.07934387
v 0.06380663 -0.15691214 -0.0938998
v 0.07082273 -0.16050373 -0.10641848
v 0.08143975 -0.14881858 -0.07297947
v 0.08645215 -0.14939358 -0.08631965
v 0.09385338 -0.15429525 -0.09748153
v 0.10221131 -0.16363686 -0.10490176
v 0.07918592 -0.16941751 -0.11587268
v 0.10736135 -0.14075739 -0.08106798
v 0.11497417 -0.14635422 -0.09181865
v 0.12380988 -0.15570958 -0.09859439
v 0.13339966 -0.16687992 -0.1017997
v 0.11050798 -0.17565327 -0.10824254
v 0.13375911 -0.13690458 -0.0885661
v 0.14327664 -0.14578433 -0.09553874
v 0.15389473 -0.15637551 -0.09977082
v 0.16580581 -0.1677636 -0.10394058
v 0.14438989 -0.17913395 -0.10490094
v 0.15905666 -0.13472044 -0.09513294
v 0.17010407 -0.14492449 -0.10024932
v 0.18194925 -0.15588396 -0.10553804
v 0.1936053 -0.16629542 -0.11171443
v 0.17817682 -0.17861433 -0.10882861
v 0.18365638 -0.13248808 -0.10231233
v 0.19511047 -0.14291586 -0.10844185
v 0.20649455 -0.15258522 -0.11595092
v 0.21820251 -0.16077277 -0.12520411
v 0.20697116 -0.12814375 -0.11273923
v 0.21831122 -0.13673894 -0.1216203
v 0.23029902 -0.14398019 -0.13249306
v 0.2444569 -0.15066279 -0.14813344
v 0.23366719 -0.16815611 -0.13944198
v 0.22866228 -0.11926003 -0.12783341
v 0.24039804 -0.12606664 -0.1402086
v 0.25290375 -0.13228596 -0.15681669
v 0.26420268 -0.13763925 -0.17794613
v 0.25830507 -0.15584041 -0.16947296
v 0.24881757 -0.10753992 -0.1476309
v 0.25964316 -0.11374375 -0.16517624
v 0.26901775 -0.11953399 -0.18626244
v 0.27472373 -0.125107 -0.21078842
v 0.27185359 -0.14274168 -0.20306128
v 0.26511865 -0.09550374 -0.17323407
v 0.27278429 -0.10182931 -0.19458219
v 0.27732071 -0.10808225 -0.2188452
v 0.27699342 -0.1141591 -0.24469542
v 0.27599224 -0.1306118 -0.23711204
v 0.2759934 -0.08460013 -0.2030656
v 0.27925294 -0.09151794 -0.22727067
v 0.27787846 -0.09807334 -0.25271332
v 0.27192354 -0.10430575 -0.27763223
v 0.27183145 -0.12007164 -0.27025428
v 0.28067657 -0.0755186 -0.23599875
v 0.27827867 -0.08237877 -0.26114094
v 0.27147963 -0.08875951 -0.28540465
v 0.26039156 -0.09489294 -0.30769938
v 0.26137504 -0.11035618 -0.30078849
v 0.27749508 -0.06699217 -0.26983475
v 0.27013495 -0.07320964 -0.29340654
v 0.25873234 -0.07928594 -0.31483504
v 0.24381135 -0.08547738 -0.33383491
v 0.24547623 -0.10104335 -0.3274711
v 0.26747131 -0.05749646 -0.30131581
v 0.25587132 -0.06332239 -0.321781
v 0.2407661 -0.06948937 -0.33986893
v 0.22276414 -0.07630273 -0.35557273
v 0.22526909 -0.09200135 -0.34990686
v 0.25135177 -0.04700582 -0.32819998
v 0.23646153 -0.05318762 -0.34545627
v 0.2187969 -0.06016407 -0.36059519
v 0.19845338 -0.06766788 -0.37290436
v 0.20195837 -0.08350401 -0.36839619
v 0.23047094 -0.03650956 -0.35029244
v 0.21330036 -0.04362116 -0.36473411
v 0.19353465 -0.05145051 -0.37650853
v 0.17175585 -0.05960919 -0.38514396
v 0.17582908 -0.07547762 -0.38169041
v 0.20601268 -0.02688517 -0.36780104
v 0.1870272 -0.03508314 -0.37905558
v 0.16612637 -0.0436339 -0.38726905
v 0.14400163 -0.05202444 -0.39208731
v 0.14846313 -0.06754016 -0.3898226
v 0.17914211 -0.01865988 -0.38081857
v 0.15917374 -0.02769054 -0.3885864
v 0.13819196 -0.03652233 -0.39342957
v 0.11679275 -0.04457141 -0.39422631
v 0.12140495 -0.05960049 -0.39272472
v 0.15089112 -0.01202903 -0.38906538
v 0.13092939 -0.02134269 -0.39391964
v 0.11065495 -0.02980405 -0.39571663
v 0.09080747 -0.03702908 -0.39499548
v 0.09567582 -0.05143843 -0.39298522
v 0.12243127 -0.00650727 -0.39427205
v 0.10349496 -0.01534312 -0.39720964
v 0.08519858 -0.02298289 -0.39831829
v 0.06775467 -0.02945164 -0.39869758
v 0.07200523 -0.04290933 -0.39406085
v 0.09571539 -0.00132233 -0.40106353
v 0.07889113 -0.00971865 -0.40419945
v 0.06277135 -0.01676195 -0.40572908
v 0.04689861 -0.02274168 -0.4061135
v 0.05097618 -0.03474224 -0.39845064
v 0.07300579 0.00140186 -0.41384252
v 0.05843524 -0.00674754 -0.41592755
v 0.0435001 -0.01314662 -0.4166052
v 0.02883159 -0.01778937 -0.41665065
v 0.03130243 -0.02755624 -0.40603348
v 0.05522158 0.0003744 -0.42894744
v 0.04141448 -0.00630806 -0.42949748
v 0.02752435 -0.01085787 -0.42960017
v 0.01378308 -0.01363743 -0.42938596
v 0.01448177 -0.0206451 -0.41646465
v 0.04087871 -0.00380838 -0.44470796
v 0.02733254 -0.00828234 -0.44460904
v 0.0136333 -0.01089509 -0.44390887
v 0.01405957 -0.01334806 -0.46059092
v 0.02809435 -0.01035419 -0.46073338
v 0.02967798 -0.01579775 -0.47658973
v 0.01494395 -0.01951034 -0.47645172
v 0.04163718 -0.00517575 -0.46069267
v 0.043573 -0.009619 -0.47670048
v 0.04625789 -0.01566158 -0.49256414
v 0.03174975 -0.02284384 -0.49231144
v 0.05431821 0.00244858 -0.46035671
v 0.05622651 -0.00101603 -0.47665503
v 0.05918645 -0.00601877 -0.49282211
v 0.06270748 -0.01163859 -0.50890618
v 0.04930594 -0.02217632 -0.50840461
v 0.06731261 0.00952391 -0.47641894
v 0.07029628 0.00548543 -0.49297839
v 0.07403148 0.00083939 -0.50936961
v 0.07801391 -0.00393696 -0.5257501
v 0.06636807 -0.01729137 -0.52508914
v 0.07940135 0.01835813 -0.49300348
v 0.08325965 0.01463355 -0.50971102
v 0.0874211 0.0107669 -0.52631157
v 0.09146872 0.00695476 -0.54296279
v 0.08183914 -0.00852861 -0.54227286
v 0.0902341 0.02932618 -0.50992876
v 0.094494 0.02636277 -0.5267443
v 0.09862639 0.0233755 -0.54354965
v 0.10244392 0.0204103 -0.56045168
v 0.09519455 0.00326838 -0.5597651
v 0.09904142 0.04249034 -0.52708166
v 0.1031984 0.04032959 -0.5440424
v 0.10704352 0.03809526 -0.56106072
v 0.11053072 0.03581297 -0.57818406
v 0.10588556 0.01749671 -0.57749593
v 0.1050437 0.05744775 -0.54447704
v 0.10884706 0.05593361 -0.56160903
v 0.11227403 0.05427736 -0.57881796
v 0.1153758 0.05251925 -0.59611648
v 0.11369831 0.0335096 -0.59542238
v 0.10776895 0.07353457 -0.56211531
v 0.11104454 0.07247687 -0.57940346
v 0.11397647 0.07123766 -0.59676122
v 0.11668282 0.0698855 -0.61418426
v 0.11826228 0.05070356 -0.6134997
v 0.10690242 0.09000062 -0.57994109
v 0.10959955 0.08924257 -0.59735029
v 0.1120591 0.08831966 -0.6148085
v 0.11440394 0.08732554 -0.63230413
v 0.1192858 0.06848804 -0.63166189
v 0.10244572 0.10613566 -0.59787529
v 0.1046321 0.10560729 -0.61536145
v 0.1067001 0.10498468 -0.63287055
v 0.10874799 0.1043713 -0.65039116
v 0.11673532 0.0863446 -0.64982694
v 0.09467567 0.12138095 -0.61583513
v 0.09646616 0.12110327 -0.63335359
v 0.09823724 0.12083213 -0.65087056
v 0.1000898 0.12069068 -0.66837942
v 0.11087255 0.1038678 -0.66791671
v 0.08399403 0.13534463 -0.63375008
v 0.08549302 0.13540095 -0.65126371
v 0.08706711 0.13559939 -0.66875869
v 0.08864244 0.13589093 -0.68622398
v 0.10193096 0.12064068 -0.68586993
v 0.07081628 0.14775991 -0.65157204
v 0.07210882 0.1482964 -0.66905754
v 0.07340498 0.14891725 -0.6865046
v 0.07472186 0.14967151 -0.70391291
v 0.09023524 0.13632184 -0.70365935
v 0.05553478 0.15845824 -0.66927892
v 0.0565502 0.15943002 -0.68671608
v 0.05757685 0.16050802 -0.70410716
v 0.05865614 0.1617774 -0.72145825
v 0.07610268 0.15063424 -0.7212882
v 0.03840002 0.16704332 -0.68685811
v 0.03914542 0.16851905 -0.70424389
v 0.03990257 0.17008787 -0.72158128
v 0.04069935 0.17183968 -0.73887908
v 0.05980156 0.16326545 -0.73877531
v 0.06101908 0.16498976 -0.75606411
v 0.07908611 0.15323868 -0.75596034
v 0.07756725 0.15183804 -0.73863607
v 0.04154017 0.1737799 -0.75614368
v 0.04244272 0.17598736 -0.77338117
v 0.06229943 0.16693623 -0.77332824
v 0.06369903 0.16920405 -0.79056978
v 0.08250157 0.15689787 -0.79055386
v 0.08072444 0.15492153 -0.77326625
v 0.04340437 0.17846351 -0.79059213
v 0.04432907 0.18090313 -0.80777132
v 0.06516949 0.17169134 -0.80778491
v 0.06651748 0.17397207 -0.82496774
v 0.08611442 0.16113323 -0.82506418
v 0.08444187 0.15918278 -0.8078202
v 0.04529293 0.18351432 -0.82491403
v 0.04623831 0.18606825 -0.84200835
v 0.06788002 0.17628867 -0.8421117
v 0.06919401 0.17849309 -0.85920894
v 0.08941604 0.16505505 -0.85946625
v 0.08777347 0.16309373 -0.84228128
v 0.04719675 0.18863268 -0.85904353
v 0.04799262 0.19068616 -0.87601304
v 0.07036269 0.18043923 -0.87625747
v 0.07146375 0.18235807 -0.8932566
v 0.09217034 0.16854856 -0.89375346
v 0.09090224 0.1668737 -0.87662118
v 0.0487563 0.19270254 -0.89291477
v 0.04937726 0.19451145 -0.90975952
v 0.07228345 0.18398852 -0.91022557
v 0.07271809 0.18530164 -0.92719179
v 0.09348731 0.17124564 -0.92802864
v 0.09304584 0.16998976 -0.91088402
v 0.04983716 0.19617675 -0.92656433
v 0.04997693 0.19740995 -0.94337505
v 0.07279459 0.18640029 -0.94417047
v 0.07248926 0.18721726 -0.96116924
v 0.09302875 0.17312285 -0.9623655
v 0.0933877 0.17222166 -0.94519794
v 0.04979728 0.19822852 -0.96021896
v 0.04943775 0.19883415 -0.97707688
v 0.07200068 0.18793126 -0.97815877
v 0.07136736 0.18849994 -0.99511909
v 0.09165111 0.17452858 -0.99662214
v 0.09241768 0.17388047 -0.97951501
v 0.04896817 0.19924357 -0.99392509
v 0.048414 0.19947347 -1.01073551
v 0.07061874 0.18891847 -1.0120269
v 0.06977009 0.18919852 -1.02886331
v 0.0897231 0.1754859 -1.03063273
v 0.09073899 0.17504738 -1.01366758
v 0.04782063 0.19964548 -1.02747428
v 0.04709814 0.19957464 -1.04415071
v 0.06893747 0.18958513 -1.04559445
v 0.06784939 0.18972088 -1.06225752
v 0.08742118 0.17641516 -1.0642693
v 0.08875723 0.17607359 -1.0474894
v 0.04631457 0.19952854 -1.06074118
v 0.04553302 0.19975273 -1.07722652
v 0.06667766 0.18997411 -1.07883107
v 0.06531023 0.1902071 -1.0953592
v 0.08411766 0.1772421 -1.09760081
v 0.08583918 0.17674663 -1.08097231
v 0.04464627 0.19997607 -1.09366524
v 0.04374018 0.20041853 -1.11004376
v 0.06397378 0.1907895 -1.11180651
v 0.06266132 0.19168542 -1.12818551
v 0.08065701 0.17919115 -1.13062322
v 0.08239899 0.17806935 -1.11414575
v 0.04285096 0.20114889 -1.12635827
v 0.04189008 0.20191082 -1.14266371
v 0.06111131 0.19249311 -1.14458787
v 0.05951943 0.19352178 -1.16096055
v 0.07655311 0.18176592 -1.16353702
v 0.07858474 0.18029598 -1.14711082
v 0.04078094 0.20255594 -1.15900361
v 0.03966477 0.20347881 -1.17530441
v 0.0579322 0.19488062 -1.17728173
v 0.05626947 0.19649699 -1.19357645
v 0.07239338 0.1856725 -1.19623887
v 0.07450027 0.18356041 -1.17991161
v 0.03851023 0.20465366 -1.1915847
v 0.03728563 0.20608291 -1.20786094
v 0.05455752 0.19842976 -1.20983958
v 0.05268811 0.20053778 -1.22612428
v 0.06782146 0.19066603 -1.22882795
v 0.07017612 0.18805381 -1.21253788
v 0.035985 0.20778855 -1.22414338
v 0.03464074 0.20982275 -1.24042725
v 0.05075208 0.20293143 -1.24240899
v 0.04869093 0.20546048 -1.25874567
v 0.0627143 0.19644784 -1.26145219
v 0.06532742 0.19347563 -1.24512779
v 0.0332505 0.21209615 -1.25674367
v 0.03183563 0.21455 -1.27310645
v 0.0466021 0.20817673 -1.27511346
v 0.04439412 0.21083638 -1.29158067
v 0.05714807 0.20257957 -1.29425275
v 0.06002554 0.19955349 -1.27780795
v 0.03035368 0.21696931 -1.28957402
v 0.02881619 0.21927101 -1.30614805
v 0.04210359 0.2133893 -1.30813717
v 0.0396625 0.21561785 -1.32480824
v 0.05096115 0.20814283 -1.32736122
v 0.05416109 0.20551423 -1.31076395
v 0.02716341 0.2211903 -1.32287418
v 0.02540756 0.22264742 -1.33969974
v 0.0370765 0.21742336 -1.34154248
v 0.03434607 0.21867716 -1.35823619
v 0.04402253 0.21213652 -1.36050415
v 0.04758407 0.21039515 -1.34397876
v 0.02356437 0.2235569 -1.3565216
v 0.02157649 0.22353866 -1.3731693
v 0.03141854 0.21907575 -1.37467384
v 0.02854392 0.21884211 -1.39044785
v 0.03649937 0.213558 -1.39214777
v 0.0402161 0.21310541 -1.37668943
v 0.01960771 0.2227662 -1.38921797
v 0.01785462 0.22165289 -1.40437793
v 0.0432445 0.2070837 -1.39430594
v 0.04772763 0.20582473 -1.37915551
v 0.05232254 0.20414085 -1.36323976
v 0.05378229 0.19746787 -1.38200056
v 0.05901012 0.19492761 -1.3663491
v 0.06398341 0.19185316 -1.35024607
v 0.05662352 0.20177349 -1.34691369
v 0.06871244 0.18837827 -1.33395314
v 0.06073438 0.19897452 -1.33044064
v 0.07316272 0.1845957 -1.31760323
v 0.06464206 0.19584897 -1.31394374
v 0.07725917 0.1805595 -1.30127048
v 0.06820388 0.19238549 -1.29751634
v 0.08114208 0.17644311 -1.2849524
v 0.07161352 0.18883797 -1.28113198
v 0.08487835 0.17235744 -1.26863813
v 0.07487189 0.18529081 -1.26478803
v 0.08842162 0.16834335 -1.25232672
v 0.07798053 0.18182294 -1.2484709
v 0.09187428 0.16451028 -1.23598945
v 0.08098302 0.17852975 -1.23215341
v 0.09510558 0.16084434 -1.21963
v 0.08379411 0.17540489 -1.21583509
v 0.09823861 0.1574485 -1.20321917
v 0.08649233 0.17254243 -1.19948375
v 0.10117248 0.1543046 -1.18676078
v 0.08902502 0.16992898 -1.18309867
v 0.10407219 0.15151509 -1.17022919
v 0.09151566 0.16765661 -1.16665327
v 0.10692644 0.14908537 -1.15362346
v 0.09397272 0.16572429 -1.15014755
v 0.10972939 0.14701537 -1.13694036
v 0.09641231 0.16413828 -1.13357806
v 0.11227046 0.14520384 -1.12018764
v 0.09860457 0.16272987 -1.11697089
v 0.11460422 0.14368255 -1.10334301
v 0.10064482 0.1615718 -1.10029554
v 0.11690232 0.14253135 -1.08638846
v 0.10267673 0.16076426 -1.08352482
v 0.11909597 0.14169919 -1.06932807
v 0.10462947 0.16024074 -1.06666016
v 0.12072099 0.14088688 -1.05217695
v 0.10612523 0.15965378 -1.04971861
v 0.12210183 0.14017431 -1.03493368
v 0.10727503 0.1589912 -1.03268599
v 0.12315439 0.13942085 -1.01761031
v 0.1083689 0.15840137 -1.01555693
v 0.12417955 0.13872379 -1.00021767
v 0.10937622 0.15779931 -0.99834686
v 0.12505769 0.13796296 -0.98276943
v 0.1102323 0.15710258 -0.9810732
v 0.12566231 0.13704399 -0.96528035
v 0.11090041 0.15628831 -0.96375376
v 0.12607817 0.13603337 -0.94776475
v 0.11128201 0.15531742 -0.94641041
v 0.12624235 0.13494449 -0.93023902
v 0.11150044 0.15434181 -0.92905551
v 0.12612485 0.13382604 -0.91271758
v 0.11109617 0.1530987 -0.91172379
v 0.12527437 0.13249234 -0.8952279
v 0.11021558 0.15172727 -0.89441525
v 0.1240485 0.13115082 -0.87776005
v 0.10897062 0.15028968 -0.87712013
v 0.12243494 0.12977886 -0.86031067
v 0.10738992 0.14873945 -0.85982829
v 0.12063939 0.12844851 -0.84286832
v 0.10558195 0.1470952 -0.84252852
v 0.11867392 0.12713247 -0.82543039
v 0.1036272 0.14538179 -0.82521587
v 0.11649666 0.1257748 -0.80799669
v 0.10161224 0.14366926 -0.80788928
v 0.11413087 0.1243809 -0.7905637
v 0.09942481 0.14184476 -0.79055088
v 0.11183291 0.12316344 -0.77312755
v 0.09735529 0.14023777 -0.77319908
v 0.10967261 0.12220212 -0.75568878
v 0.09542713 0.13889704 -0.75583577
v 0.10764762 0.12150312 -0.73824727
v 0.09362109 0.13781659 -0.73846066
v 0.10567256 0.12100315 -0.72079944
v 0.09189347 0.13696049 -0.72107005
v 0.1037734 0.12072335 -0.70334166
v 0.11712078 0.1030332 -0.72047132
v 0.11502347 0.10314866 -0.70295494
v 0.1129641 0.10344866 -0.68543821
v 0.123721 0.083919 -0.70249635
v 0.12148007 0.08463566 -0.68492734
v 0.11913543 0.08545121 -0.66737037
v 0.12707319 0.06452053 -0.6843366
v 0.12455733 0.06578647 -0.66674405
v 0.12190505 0.06710899 -0.6491841
v 0.12673091 0.04526398 -0.66604632
v 0.12392794 0.04705268 -0.64847308
v 0.12106303 0.04886932 -0.63095545
v 0.12243711 0.02661251 -0.64770984
v 0.11955556 0.02890231 -0.63019901
v 0.11665181 0.03120386 -0.61276596
v 0.11473584 0.00904296 -0.62940841
v 0.11189589 0.01182913 -0.61199432
v 0.10899542 0.01463998 -0.59468323
v 0.10423599 -0.00701898 -0.61119443
v 0.10147681 -0.00368564 -0.59390509
v 0.09850643 -0.00026703 -0.57675182
v 0.09145606 -0.02112799 -0.59310281
v 0.08852934 -0.0170396 -0.57597571
v 0.08536291 -0.01288282 -0.55901557
v 0.07546196 -0.03189699 -0.57529687
v 0.07291974 -0.02746702 -0.55828636
v 0.06980594 -0.02258117 -0.54153686
v 0.05719652 -0.03897491 -0.55787807
v 0.05505424 -0.03419117 -0.54097515
v 0.05228818 -0.02843556 -0.52448743
v 0.03789818 -0.04247657 -0.54072439
v 0.03616677 -0.03687252 -0.52406036
v 0.03402965 -0.03009641 -0.50800228
v 0.01839382 -0.04159897 -0.52398306
v 0.01726466 -0.03479 -0.50787806
v 0.01605327 -0.02720525 -0.49217543
v 0.01922604 -0.04715094 -0.5406599
v 0.01990448 -0.05204244 -0.55760324
v 0.02055346 -0.05724537 -0.57450455
v 0.02118209 -0.06268126 -0.59141564
v 0.02177103 -0.06816734 -0.60841023
v 0.02222521 -0.07298044 -0.6256895
v 0.0226199 -0.07743904 -0.6432774
v 0.02300345 -0.08170101 -0.66110181
v 0.02340517 -0.08566822 -0.67910981
v 0.02380037 -0.08908864 -0.69727575
v 0.02419652 -0.09205175 -0.71557658
v 0.02454201 -0.09445091 -0.73400884
v 0.02481934 -0.0963196 -0.75256133
v 0.02499514 -0.09750445 -0.77122741
v 0.02510375 -0.09828551 -0.78998786
v 0.02516428 -0.09888291 -0.80882364
v 0.02518 -0.09932537 -0.82772409
v 0.02517171 -0.09977751 -0.84667933
v 0.02516419 -0.10039281 -0.86568933
v 0.02516686 -0.10113432 -0.88477051
v 0.0251547 -0.10172554 -0.90394169
v 0.0251246 -0.10171596 -0.92320722
v 0.02505497 -0.10067607 -0.9425314
v 0.02500831 -0.09906532 -0.96187573
v 0.02500795 -0.09710031 -0.9812076
v 0.02508624 -0.09507066 -1.00051224
v 0.02523283 -0.09307001 -1.01977598
v 0.0254277 -0.09110587 -1.03898263
v 0.02565397 -0.08922082 -1.05812752
v 0.02586571 -0.08722116 -1.07718157
v 0.0259319 -0.08423726 -1.09601604
v 0.02582879 -0.08044596 -1.11468803
v 0.02555658 -0.07616624 -1.13335144
v 0.0249035 -0.07077741 -1.15209198
v 0.02399799 -0.0645373 -1.17104816
v 0.02303147 -0.05745056 -1.19034349
v 0.02217951 -0.04919787 -1.20977056
v 0.02149827 -0.03981539 -1.22896885
v 0.0208559 -0.02945213 -1.24754869
v 0.02013815 -0.01827152 -1.2653104
v 0.0193277 -0.00628975 -1.28217113
v 0.01842302 0.00641871 -1.29825592
v 0.0175155 0.01917406 -1.31396615
v 0.01654283 0.03210149 -1.32924735
v 0.0155238 0.04503846 -1.3441112
v 0.01445988 0.05791643 -1.35855782
v 0.01335413 0.07076689 -1.37256825
v 0.01225077 0.08335694 -1.38625514
v 0.01115481 0.0956421 -1.3995887
v 0.01007178 0.10760957 -1.41234862
v 0.00908888 0.11888808 -1.42457461
v 0.00822466 0.12947148 -1.43605208
v 0.00750103 0.13938707 -1.44650077
v 0.00694426 0.14867818 -1.45551633
v 0.00658093 0.15738743 -1.46278631
v 0.00641043 0.1655924 -1.46812522
v 0.00638735 0.17337828 -1.47147691
v 0.00645009 0.18079944 -1.47286391
v 0.00654524 0.18786793 -1.47234225
v 0.00664049 0.19455385 -1.46996915
v 0.00673006 0.20078899 -1.46578621
v 0.01321757 0.1937626 -1.46776461
v 0.0133658 0.19995439 -1.46375227
v 0.01967451 0.1924473 -1.46399736
v 0.01982039 0.19861358 -1.46025311
v 0.01992063 0.20419257 -1.45513057
v 0.02603013 0.19683548 -1.45513892
v 0.02590397 0.20245543 -1.45072722
v 0.0319828 0.1946946 -1.44822788
v 0.02597259 0.19061112 -1.45855355
v 0.03210634 0.18825346 -1.45132684
v 0.03811221 0.18536493 -1.44227719
v 0.03774648 0.19222965 -1.43937027
v 0.0440568 0.18193298 -1.43151688
v 0.04344258 0.18939741 -1.42864775
v 0.05003318 0.17797651 -1.41932356
v 0.04919089 0.18617697 -1.41636478
v 0.04709304 0.19407995 -1.41342246
v 0.05510289 0.18258048 -1.402879
v 0.05259265 0.19135971 -1.39978814
v 0.04863132 0.19961066 -1.39688623
v 0.05828338 0.18830005 -1.38513386
v 0.0611757 0.17859655 -1.38845288
v 0.0672861 0.17421178 -1.37332463
v 0.06403259 0.18485845 -1.36974144
v 0.07318636 0.1694234 -1.35772764
v 0.06953363 0.18096058 -1.35388028
v 0.07878243 0.16431993 -1.34187483
v 0.07476335 0.17671136 -1.33779513
v 0.08396599 0.15899173 -1.32588422
v 0.07963733 0.17218793 -1.32161569
v 0.08878829 0.1535511 -1.30980527
v 0.08415608 0.16748815 -1.30540132
v 0.09332353 0.14809256 -1.29365313
v 0.08841996 0.16273495 -1.2891612
v 0.09771469 0.14270341 -1.27742719
v 0.09253754 0.15803295 -1.27288794
v 0.10187853 0.13741901 -1.26113057
v 0.09643782 0.15341472 -1.25658345
v 0.10598309 0.13231518 -1.24475419
v 0.10026399 0.14897972 -1.24022638
v 0.10986293 0.12740561 -1.22829937
v 0.10385693 0.14472211 -1.2238208
v 0.11368361 0.12276806 -1.21175539
v 0.10736799 0.14073574 -1.20734584
v 0.11731448 0.11843137 -1.19511807
v 0.11066976 0.13702026 -1.19080257
v 0.12091658 0.11447894 -1.17837393
v 0.11394147 0.13367164 -1.17417132
v 0.12445543 0.11094667 -1.16151487
v 0.1171542 0.13070662 -1.15744781
v 0.12796439 0.10786682 -1.14452827
v 0.1203392 0.12814819 -1.14062356
v 0.13094863 0.1051589 -1.1273911
v 0.12311998 0.12588262 -1.12369692
v 0.13383317 0.10288653 -1.11010122
v 0.12573154 0.1239864 -1.10664582
v 0.1365818 0.10102425 -1.09266591
v 0.12826575 0.12248123 -1.08946752
v 0.13894483 0.09949342 -1.07509923
v 0.13062986 0.12131514 -1.07217192
v 0.14059561 0.09816829 -1.05742681
v 0.13228239 0.12024711 -1.05477345
v 0.14207965 0.09708044 -1.03969788
v 0.13384366 0.11940953 -1.03729617
v 0.14321497 0.09609852 -1.02193486
v 0.13484853 0.11852546 -1.01975667
v 0.14392456 0.0950939 -1.00415194
v 0.13577042 0.11768867 -1.00217092
v 0.14445406 0.09406054 -0.98635673
v 0.13649344 0.116788 -0.98454725
v 0.14484219 0.09295689 -0.96854972
v 0.13710066 0.11581943 -0.96689361
v 0.14515009 0.09179667 -0.95073086
v 0.13741192 0.11470671 -0.94921922
v 0.14514046 0.09055905 -0.9329015
v 0.13752597 0.1135395 -0.93153429
v 0.1448863 0.08931978 -0.91506719
v 0.13733749 0.11233925 -0.91385048
v 0.1443566 0.08813229 -0.89723438
v 0.13680179 0.1111449 -0.89617866
v 0.14368239 0.08707182 -0.87940788
v 0.13584226 0.10996834 -0.87852776
v 0.14269296 0.08612958 -0.86159658
v 0.13435067 0.10878311 -0.86090415
v 0.14138491 0.0853049 -0.84380853
v 0.13268829 0.10770885 -0.84329789
v 0.13965848 0.08456543 -0.82605224
v 0.13072395 0.1066746 -0.82571274
v 0.13779361 0.08397077 -0.80832505
v 0.12867032 0.10574977 -0.80814349
v 0.13557943 0.08345145 -0.79062986
v 0.1262338 0.10477694 -0.79059213
v 0.13316564 0.08308912 -0.77296
v 0.12383043 0.10398972 -0.77304959
v 0.13069519 0.0829475 -0.7553125
v 0.12151236 0.10344117 -0.75551617
v 0.12829081 0.08304727 -0.73768663
v 0.11928946 0.10313274 -0.73799091
v 0.12597513 0.08337827 -0.72008186
v 0.13435831 0.06161802 -0.73732852
v 0.13195593 0.06240096 -0.71962678
v 0.12953399 0.06337707 -0.7019633
v 0.13438651 0.04045788 -0.71910125
v 0.13194757 0.04191282 -0.7013567
v 0.12940661 0.04353359 -0.68367332
v 0.13043099 0.02002031 -0.70068419
v 0.12787643 0.02213253 -0.68294912
v 0.12518744 0.02434803 -0.66529333
v 0.12262225 0.00089056 -0.68218499
v 0.12001295 0.00358553 -0.66450721
v 0.11738548 0.00630767 -0.64691597
v 0.1114197 -0.01647287 -0.66371315
v 0.10905446 -0.01335106 -0.64611232
v 0.10671175 -0.01022562 -0.62860256
v 0.09759289 -0.03183513 -0.6453247
v 0.09584728 -0.02850051 -0.62779653
v 0.09385475 -0.02494725 -0.61038494
v 0.08095494 -0.04417528 -0.62710589
v 0.07938551 -0.04025681 -0.60971391
v 0.07757279 -0.03613288 -0.59245175
v 0.06220365 -0.05280636 -0.60917997
v 0.06068738 -0.04812371 -0.59201288
v 0.05899927 -0.04347737 -0.57492482
v 0.04162786 -0.05696157 -0.59171038
v 0.04049961 -0.05204971 -0.5747177
v 0.03924901 -0.0472217 -0.55771744
v 0.04272567 -0.06209786 -0.60877096
v 0.04365238 -0.06691614 -0.6260423
v 0.06345277 -0.05718743 -0.62651556
v 0.06455893 -0.06127082 -0.6440469
v 0.04441957 -0.07130427 -0.64358353
v 0.08237168 -0.04785859 -0.64463961
v 0.08386581 -0.05149469 -0.66229558
v 0.06563122 -0.06509848 -0.66175359
v 0.09942285 -0.03517552 -0.66295105
v 0.10131297 -0.03848522 -0.68068802
v 0.08539255 -0.05500272 -0.68008297
v 0.11385665 -0.01960426 -0.68140918
v 0.11636456 -0.02271524 -0.69921594
v 0.10326331 -0.04172599 -0.69855731
v 0.12514066 -0.00171564 -0.69996261
v 0.12736329 -0.00408131 -0.7178629
v 0.11811749 -0.02528608 -0.71720373
v 0.13275605 0.01809161 -0.71850884
v 0.13498391 0.0163834 -0.73642581
v 0.12941986 -0.00617685 -0.73588985
v 0.13679669 0.03920307 -0.73690867
v 0.13925522 0.03818523 -0.75477892
v 0.13714936 0.0149522 -0.75443524
v 0.13687506 0.06107651 -0.75506991
v 0.13950309 0.06079936 -0.77284961
v 0.141696 0.03743497 -0.7727096
v 0.14377114 0.03698889 -0.79069936
v 0.14071238 0.01323089 -0.79071033
v 0.13905638 0.01388904 -0.77253359
v 0.14197745 0.06076291 -0.79066658
v 0.14348095 0.06084837 -0.80853176
v 0.14509032 0.03689146 -0.80874908
v 0.14608317 0.03706074 -0.82684844
v 0.14318431 0.01297375 -0.82724255
v 0.1421642 0.01293042 -0.80895161
v 0.14481048 0.06114998 -0.82644063
v 0.14601336 0.06164691 -0.84438604
v 0.1469068 0.03744203 -0.84498381
v 0.14756545 0.03800699 -0.86314016
v 0.14447975 0.01371729 -0.86389994
v 0.14396454 0.01324649 -0.84556525
v 0.14692427 0.06231038 -0.86235964
v 0.14767171 0.06314094 -0.88034814
v 0.14809742 0.03873973 -0.88130235
v 0.14839872 0.03964453 -0.89945381
v 0.14491471 0.0151728 -0.90053319
v 0.14484876 0.01434493 -0.8822301
v 0.14823792 0.06413138 -0.8983401
v 0.14864334 0.06525914 -0.91632628
v 0.14868553 0.04069368 -0.91758644
v 0.1488377 0.04187099 -0.93569177
v 0.1449361 0.01726949 -0.93703794
v 0.14498092 0.01613945 -0.91880559
v 0.14893038 0.06648923 -0.93430048
v 0.14907562 0.06775488 -0.95226132
v 0.14917624 0.04311776 -0.95377761
v 0.1494895 0.04440285 -0.97184956
v 0.14523474 0.01978174 -0.97343611
v 0.14507544 0.01847962 -0.95524454
v 0.14896185 0.06899649 -0.97021055
v 0.14879809 0.07020959 -0.988159
v 0.14933233 0.04569853 -0.9899252
v 0.14903225 0.04699781 -1.00803148
v 0.14591351 0.02252696 -1.00988614
v 0.14560563 0.02111623 -0.9916411
v 0.14853973 0.07138476 -1.00611686
v 0.14774826 0.07251024 -1.0240885
v 0.14863589 0.04834302 -1.02618348
v 0.14788626 0.04980265 -1.04438304
v 0.14534626 0.02579907 -1.04658806
v 0.14576765 0.02408896 -1.02819931
v 0.14678417 0.07372035 -1.04207599
v 0.14551462 0.07508421 -1.06006348
v 0.14688916 0.05143516 -1.06261813
v 0.14535792 0.05331254 -1.08084917
v 0.14316636 0.02986341 -1.08351528
v 0.14446497 0.02771369 -1.06503677
v 0.14390292 0.07667897 -1.0780195
v 0.14172545 0.07855846 -1.09588897
v 0.14341774 0.05548369 -1.09903025
v 0.14044369 0.05805992 -1.11704564
v 0.13874797 0.03515343 -1.12031662
v 0.14117926 0.03233569 -1.10195839
v 0.13876581 0.08077746 -1.11360323
v 0.13561832 0.08342865 -1.13115525
v 0.13703437 0.06110154 -1.13486933
v 0.13346122 0.06466644 -1.15249204
v 0.13118761 0.04266361 -1.15627276
v 0.13507819 0.03861778 -1.13840413
v 0.13234172 0.08655621 -1.14852881
v 0.12874779 0.09018275 -1.16571152
v 0.12989698 0.06878614 -1.16991972
v 0.12571924 0.07356502 -1.18709754
v 0.12335728 0.0526526 -1.1913737
v 0.12735293 0.04730496 -1.1739422
v 0.12487648 0.09431422 -1.18272256
v 0.12097328 0.09891726 -1.19959259
v 0.12155772 0.078875 -1.20410931
v 0.11741199 0.08463677 -1.22096443
v 0.1147688 0.06529942 -1.2255398
v 0.11904193 0.05872188 -1.20855414
v 0.1170549 0.10393262 -1.2163335
v 0.11300642 0.10928395 -1.23295307
v 0.1132369 0.09076349 -1.23766887
v 0.10905211 0.09716963 -1.25423157
v 0.1063827 0.07950789 -1.25895917
v 0.11057972 0.07225615 -1.24234151
v 0.10892642 0.1149095 -1.24946022
v 0.10465086 0.12074779 -1.26585674
v 0.10471908 0.10380251 -1.27064907
v 0.10034749 0.11060024 -1.28692877
v 0.09778947 0.09462158 -1.2916609
v 0.10210376 0.08698804 -1.27539551
v 0.10032834 0.12676017 -1.2821455
v 0.0957791 0.13289941 -1.29832088
v 0.09575872 0.1175424 -1.3030523
v 0.09102615 0.12457799 -1.31901586
v 0.08861623 0.11028845 -1.3235929
v 0.09327714 0.10240667 -1.30772852
v 0.09108752 0.13912271 -1.31437993
v 0.08608714 0.14536768 -1.33031213
v 0.0859719 0.131673 -1.33479416
v 0.08051451 0.138756 -1.35036492
v 0.07822097 0.12626442 -1.35455608
v 0.0836294 0.11826044 -1.33921241
v 0.08070704 0.15155288 -1.34609937
v 0.07487128 0.15756623 -1.36169576
v 0.07458843 0.14571747 -1.36568546
v 0.06837604 0.15241101 -1.38068532
v 0.06625684 0.14184194 -1.38427209
v 0.07235843 0.13418619 -1.36958849
v 0.06872367 0.16329392 -1.37700259
v 0.06243497 0.16863907 -1.39185237
v 0.06206372 0.15870738 -1.39523053
v 0.05576655 0.1645054 -1.40911054
v 0.05396304 0.15574543 -1.41203975
v 0.06008769 0.14907248 -1.39849078
v 0.05615698 0.17353902 -1.40602552
v 0.04964034 0.16974756 -1.42215371
v 0.04366884 0.17438098 -1.4341377
v 0.04231268 0.16702503 -1.43640661
v 0.04804575 0.16175992 -1.42475891
v 0.04003522 0.16015607 -1.43829941
v 0.0452963 0.1542792 -1.42709219
v 0.05079817 0.14751356 -1.41474461
v 0.04144322 0.14755773 -1.42916166
v 0.04634654 0.14004261 -1.41718685
v 0.05157074 0.13169749 -1.4043231
v 0.05655836 0.13999156 -1.40154409
v 0.05696903 0.12268713 -1.39076459
v 0.06242467 0.13185271 -1.38766312
v 0.06232278 0.11322252 -1.37667417
v 0.06824041 0.12326383 -1.37329018
v 0.06756071 0.10346481 -1.36220097
v 0.07387892 0.11439756 -1.35854661
v 0.07249686 0.09362659 -1.34733927
v 0.07910861 0.10547065 -1.34343802
v 0.07699189 0.08390183 -1.33205843
v 0.08390864 0.09661491 -1.32798361
v 0.08118911 0.07428946 -1.31642746
v 0.08838947 0.0878685 -1.31222772
v 0.08522748 0.06476025 -1.30050969
v 0.09271566 0.07921539 -1.29622566
v 0.0891602 0.05532725 -1.28433358
v 0.09687665 0.07070284 -1.27998936
v 0.09302982 0.04602895 -1.26790332
v 0.10099952 0.06233035 -1.26354491
v 0.09690791 0.03692839 -1.25119936
v 0.10510895 0.05416989 -1.24687933
v 0.10086104 0.0281302 -1.23418796
v 0.10921172 0.0463301 -1.22997021
v 0.10458945 0.02003316 -1.2167617
v 0.11344172 0.03889818 -1.21282029
v 0.10820673 0.01277308 -1.19896209
v 0.11743696 0.03219929 -1.19536483
v 0.11197076 0.00628591 -1.18090879
v 0.12132351 0.02630183 -1.17763829
v 0.11594872 0.0005126 -1.16268181
v 0.12533524 0.02109178 -1.15970945
v 0.11935031 -0.00418106 -1.14420485
v 0.12934267 0.01655528 -1.1415801
v 0.12229015 -0.00821134 -1.12559425
v 0.13240137 0.01289864 -1.12315237
v 0.12456262 -0.01169026 -1.10688829
v 0.13494567 0.0097126 -1.10458934
v 0.12602894 -0.01468817 -1.08813238
v 0.136737 0.00695807 -1.08594298
v 0.12684601 -0.01734507 -1.0693804
v 0.13800594 0.00448289 -1.06729078
v 0.12712197 -0.01972057 -1.05066895
v 0.13855436 0.0023216 -1.04867613
v 0.12701965 -0.02186724 -1.0320208
v 0.13854137 0.00042039 -1.03013885
v 0.12665656 -0.02378353 -1.01343989
v 0.13816548 -0.00126087 -1.01168763
v 0.12620125 -0.02548351 -0.99491214
v 0.13772739 -0.00280115 -0.99330532
v 0.12581309 -0.02698277 -0.97641384
v 0.13728672 -0.00419068 -0.97496289
v 0.12562312 -0.02831247 -0.95792287
v 0.13708841 -0.00549872 -0.95663315
v 0.12560138 -0.02943757 -0.93941974
v 0.1369861 -0.00665474 -0.93828755
v 0.12575013 -0.03038534 -0.92089545
v 0.13710071 -0.00770889 -0.9199168
v 0.12595903 -0.03113887 -0.90234273
v 0.13714356 -0.00856056 -0.90150356
v 0.12604634 -0.03167462 -0.88375484
v 0.13718931 -0.00927259 -0.88305628
v 0.1260782 -0.03209985 -0.86514192
v 0.13704384 -0.00980717 -0.86457705
v 0.12591482 -0.0323921 -0.84650558
v 0.13673336 -0.01019768 -0.84608233
v 0.12521393 -0.03233138 -0.82785004
v 0.1362027 -0.01041225 -0.82758754
v 0.12442572 -0.0321117 -0.80921238
v 0.13517952 -0.01028737 -0.80911165
v 0.12350887 -0.03160783 -0.79061305
v 0.13393245 -0.00984017 -0.79068219
v 0.12239614 -0.03068731 -0.77208191
v 0.1325145 -0.00901157 -0.77232158
v 0.12112799 -0.02932562 -0.75365138
v 0.1310036 -0.00778712 -0.75405132
v 0.11971778 -0.02752273 -0.73535054
v 0.10776086 -0.04905455 -0.7532649
v 0.10655347 -0.04713407 -0.73484182
v 0.10517464 -0.04476493 -0.71659082
v 0.09009487 -0.06436359 -0.7344163
v 0.08863914 -0.06160642 -0.71611487
v 0.08706246 -0.05846965 -0.69800752
v 0.06924592 -0.07544043 -0.71579474
v 0.06803118 -0.0722858 -0.69761514
v 0.06679463 -0.06879249 -0.67960822
v 0.04675692 -0.08272487 -0.69737666
v 0.04595086 -0.0792637 -0.67928117
v 0.04516469 -0.075417 -0.66134506
v 0.04756621 -0.08580904 -0.71562588
v 0.04828133 -0.08835709 -0.73403477
v 0.07038363 -0.07819994 -0.73415458
v 0.07135302 -0.08044755 -0.75269287
v 0.04887174 -0.09036712 -0.75259149
v 0.09105494 -0.06628919 -0.75293374
v 0.09178824 -0.06766828 -0.77160042
v 0.0718579 -0.08172206 -0.7714048
v 0.10877946 -0.05048572 -0.77183264
v 0.10956607 -0.05140748 -0.79050648
v 0.09234063 -0.06857793 -0.79036992
v 0.09273622 -0.06910221 -0.80919939
v 0.07237046 -0.08297261 -0.80908912
v 0.07218045 -0.08251385 -0.79021722
v 0.11019688 -0.05193404 -0.80924314
v 0.11071273 -0.05219608 -0.82800924
v 0.0930415 -0.06940633 -0.82805442
v 0.0932283 -0.06956967 -0.84691047
v 0.07253885 -0.08349753 -0.84690111
v 0.07246048 -0.08322147 -0.82798916
v 0.11114385 -0.05232894 -0.84678208
v 0.11140975 -0.0523455 -0.8655439
v 0.0933912 -0.06978662 -0.86576265
v 0.09345687 -0.06997748 -0.88461083
v 0.07262608 -0.08430037 -0.88476169
v 0.07260721 -0.08388077 -0.86582213
v 0.11160054 -0.05233754 -0.88429361
v 0.11134673 -0.0519139 -0.90300601
v 0.09341681 -0.07003048 -0.90346431
v 0.09333286 -0.06983292 -0.92233341
v 0.07251543 -0.08456873 -0.92276144
v 0.07261481 -0.08465562 -0.90373826
v 0.11116705 -0.05138776 -0.92171299
v 0.11095009 -0.05052379 -0.94040417
v 0.0932371 -0.06922154 -0.94121706
v 0.09308141 -0.06795033 -0.96009838
v 0.07243215 -0.08291142 -0.96092158
v 0.07243497 -0.08399311 -0.94182843
v 0.11087441 -0.04937353 -0.95908701
v 0.11102087 -0.0479918 -0.9777652
v 0.09314303 -0.06640978 -0.97898054
v 0.09337335 -0.06457808 -0.9978522
v 0.07273796 -0.079417 -0.99908107
v 0.07249896 -0.08127708 -0.98000967
v 0.11128485 -0.04629913 -0.99644023
v 0.11170908 -0.04442899 -1.01512825
v 0.09368513 -0.06245115 -1.01670694
v 0.09406776 -0.06017392 -1.03555166
v 0.07331694 -0.07472143 -1.03707277
v 0.07298309 -0.07710792 -1.01809752
v 0.11203194 -0.04225769 -1.03383743
v 0.11225532 -0.03992321 -1.05258011
v 0.0942787 -0.05759548 -1.05437767
v 0.09428069 -0.05482224 -1.07318961
v 0.07374746 -0.06936442 -1.07484376
v 0.07363665 -0.07219714 -1.05599355
v 0.11207755 -0.03728001 -1.07134902
v 0.11153453 -0.03442921 -1.09013605
v 0.09390504 -0.05176402 -1.09198224
v 0.09294068 -0.04827883 -1.11075544
v 0.07288967 -0.06259191 -1.11238765
v 0.07351079 -0.06613711 -1.09362721
v 0.11027047 -0.03112885 -1.10891413
v 0.10838564 -0.02741719 -1.12767374
v 0.09138222 -0.0443395 -1.12952566
v 0.08912248 -0.03966807 -1.14829874
v 0.06990483 -0.05361738 -1.14997971
v 0.07165032 -0.05842881 -1.1311562
v 0.10579222 -0.02308042 -1.14639413
v 0.10270243 -0.01802126 -1.1650666
v 0.08641962 -0.03422334 -1.16709768
v 0.08355349 -0.02794195 -1.18594026
v 0.06530852 -0.04112073 -1.18788313
v 0.0676913 -0.04785183 -1.16887521
v 0.09941206 -0.0121555 -1.18368113
v 0.09596238 -0.00513362 -1.20211863
v 0.08086271 -0.02087122 -1.20479762
v 0.07830309 -0.01272218 -1.22343218
v 0.06128229 -0.02526255 -1.22598671
v 0.06312141 -0.03356262 -1.20698189
v 0.09276656 0.00267186 -1.2203077
v 0.08962211 0.01132579 -1.23807072
v 0.07569693 -0.00346373 -1.24151253
v 0.07299086 0.00664087 -1.25892746
v 0.05731622 -0.005024 -1.26197397
v 0.05955137 -0.0159702 -1.24450826
v 0.08620984 0.02088649 -1.25525832
v 0.08263507 0.03097671 -1.27196192
v 0.0699157 0.01762159 -1.27561819
v 0.06673734 0.0288847 -1.2918595
v 0.05240902 0.01856851 -1.29483389
v 0.05494402 0.00655941 -1.27869045
v 0.07905422 0.04126258 -1.28832316
v 0.07545793 0.05162131 -1.30440378
v 0.06357902 0.04014472 -1.30780482
v 0.06041889 0.05134497 -1.32347834
v 0.04719344 0.04263705 -1.32611417
v 0.04980325 0.03065188 -1.31061732
v 0.07180557 0.06201214 -1.32021081
v 0.06799214 0.07247314 -1.33569335
v 0.05708118 0.06262604 -1.33878195
v 0.05353912 0.07396706 -1.35367763
v 0.04159917 0.06667428 -1.35593211
v 0.0444906 0.05461794 -1.34124732
v 0.06391858 0.08303093 -1.3507893
v 0.05942769 0.09372981 -1.36540818
v 0.04967014 0.08542481 -1.36808061
v 0.04569749 0.09670866 -1.38210964
v 0.03541479 0.0905978 -1.38404583
v 0.03853326 0.07873797 -1.37016892
v 0.05474571 0.10430318 -1.37963914
v 0.05001588 0.11455983 -1.39349389
v 0.04170028 0.10767784 -1.39575576
v 0.03771248 0.11822875 -1.40883255
v 0.02918551 0.1133253 -1.4104706
v 0.032286 0.10215619 -1.39754056
v 0.04524 0.12438987 -1.40676975
v 0.04069638 0.13352716 -1.41935014
v 0.03396076 0.12810182 -1.42121803
v 0.03058528 0.13715176 -1.43272721
v 0.0237489 0.13356277 -1.43420136
v 0.02630462 0.12383147 -1.42274534
v 0.03652643 0.14180888 -1.43102264
v 0.03279327 0.14907425 -1.44135308
v 0.02766302 0.14529979 -1.44294714
v 0.03687177 0.15407648 -1.43988621
v 0.03491902 0.16496641 -1.44796872
v 0.02981301 0.16852727 -1.45581316
v 0.03665012 0.17142599 -1.44663906
v 0.03095432 0.17487254 -1.45519411
v 0.02511379 0.17737317 -1.46200537
v 0.02445586 0.17079603 -1.46186661
v 0.03773573 0.17833142 -1.4447366
v 0.03175357 0.1815506 -1.4536848
v 0.02565906 0.18404786 -1.46087241
v 0.01941774 0.18588651 -1.46632099
v 0.01906802 0.17908881 -1.46715593
v 0.01282892 0.18018889 -1.47074723
v 0.01266639 0.17296952 -1.46959233
v 0.01872443 0.17217321 -1.46641171
v 0.0130347 0.18714016 -1.47011327
v 0.01266096 0.16549095 -1.46655917
v 0.01856942 0.16520389 -1.46396219
v 0.01295454 0.15769116 -1.46156048
v 0.01886706 0.15812993 -1.45961082
v 0.01366345 0.14942693 -1.45455861
v 0.01990179 0.15066853 -1.45307385
v 0.01477444 0.14055377 -1.44570779
v 0.02157968 0.14250761 -1.44447302
v 0.01621874 0.13100683 -1.4353379
v 0.0179367 0.12075126 -1.42387795
v 0.01988414 0.10977203 -1.41163826
v 0.02201158 0.09811613 -1.39881813
v 0.02416822 0.08610007 -1.38543331
v 0.02632082 0.07380192 -1.37166822
v 0.02845811 0.06126947 -1.35756313
v 0.03052457 0.04865894 -1.34304845
v 0.0324511 0.03612426 -1.32806336
v 0.03430489 0.02358359 -1.31269073
v 0.0361215 0.01100528 -1.29698753
v 0.03789775 -0.00150802 -1.28091096
v 0.03963613 -0.01374563 -1.2642765
v 0.04096382 -0.0245483 -1.24648547
v 0.04217518 -0.03442924 -1.22787356
v 0.04346936 -0.04329832 -1.20871257
v 0.04505216 -0.05127288 -1.18943142
v 0.04677278 -0.05820814 -1.17027497
v 0.04837879 -0.06420949 -1.15130889
v 0.04960583 -0.0692339 -1.1324681
v 0.05034055 -0.07339608 -1.11371409
v 0.05071114 -0.07710363 -1.09499704
v 0.05079082 -0.08037893 -1.07622313
v 0.05056215 -0.08298149 -1.05730676
v 0.05019955 -0.08519958 -1.03826928
v 0.04985627 -0.08730413 -1.01915061
v 0.0495808 -0.08932907 -0.99997133
v 0.04943184 -0.09133104 -0.98075568
v 0.04938396 -0.09306072 -0.96150916
v 0.04944855 -0.09446845 -0.94226384
v 0.04954611 -0.09524752 -0.92304384
v 0.04960554 -0.09524682 -0.90388077
v 0.04962218 -0.09474413 -0.88479375
v 0.04960627 -0.09410703 -0.86577314
v 0.04959536 -0.09359867 -0.84679883
v 0.04960449 -0.09328209 -0.827856
v 0.04959284 -0.09299519 -0.80894422
v 0.04952573 -0.09260521 -0.7900753
v 0.04932057 -0.09185347 -0.7712773
v 0.03768986 0.16575469 -0.66942518
v 0.05452215 0.15756677 -0.65179747
v 0.03698458 0.1645559 -0.65194511
v 0.05354984 0.15683066 -0.63428461
v 0.03630593 0.16352874 -0.63443154
v 0.05256953 0.15613569 -0.61675101
v 0.0356234 0.16257119 -0.61689651
v 0.05152298 0.15535092 -0.59921258
v 0.03489333 0.16153575 -0.59935563
v 0.05031844 0.15426966 -0.58168667
v 0.03410508 0.16038693 -0.58182865
v 0.04894974 0.15287788 -0.56419169
v 0.03321947 0.15896874 -0.56432974
v 0.04739039 0.15108141 -0.54673445
v 0.03218877 0.15709108 -0.54686641
v 0.04560413 0.14877328 -0.52930665
v 0.03099602 0.15466329 -0.52943301
v 0.04362338 0.14600554 -0.51187825
v 0.02966426 0.15173521 -0.51200228
v 0.04154561 0.14299014 -0.49439221
v 0.02825717 0.14852598 -0.49452066
v 0.03955127 0.14015021 -0.47677344
v 0.02690118 0.14548656 -0.47691658
v 0.03790862 0.13812124 -0.45895928
v 0.02578164 0.1432776 -0.45912855
v 0.03691512 0.13763798 -0.44094172
v 0.02510577 0.14267185 -0.44114822
v 0.03684238 0.13939996 -0.42280653
v 0.02506116 0.14440943 -0.42306149
v 0.03789078 0.14392869 -0.40474885
v 0.02577093 0.14901454 -0.4050481
v 0.0400295 0.1511597 -0.38699278
v 0.02720573 0.15646696 -0.38729852
v 0.04281398 0.16016274 -0.36951389
v 0.02906172 0.16572523 -0.36975476
v 0.0456223 0.16954529 -0.35194453
v 0.03094309 0.1752205 -0.35208302
v 0.04826286 0.17873586 -0.3340474
v 0.03269642 0.18432843 -0.33405444
v 0.0507179 0.18755848 -0.31563502
v 0.03426574 0.19292026 -0.31555086
v 0.05271244 0.19549083 -0.29658597
v 0.03559071 0.20082549 -0.29665973
v 0.05422613 0.20267266 -0.27719792
v 0.03663449 0.20798336 -0.27745288
v 0.05529742 0.20926128 -0.25766971
v 0.0372865 0.21438367 -0.25796642
v 0.05578845 0.21479879 -0.23781639
v 0.03757635 0.21982909 -0.23814337
v 0.05578454 0.21943049 -0.21773052
v 0.03758832 0.22446523 -0.21802727
v 0.05553768 0.22346971 -0.19747869
v 0.03743241 0.22847637 -0.1978112
v 0.05522524 0.22713878 -0.17700153
v 0.03721301 0.23196855 -0.17732539
v 0.05485845 0.23026852 -0.15621966
v 0.03696332 0.23491111 -0.1565229
v 0.05453923 0.23296833 -0.13516433
v 0.03674439 0.23745147 -0.13547007
v 0.05430848 0.23535768 -0.11395771
v 0.03657157 0.23966036 -0.11428056
v 0.05413644 0.23728612 -0.09271032
v 0.03645057 0.24153928 -0.09306389
v 0.05409571 0.23902836 -0.07156051
v 0.03639301 0.24314296 -0.07193543
v 0.05417533 0.24057191 -0.05061711
v 0.03641913 0.24462191 -0.05100269
v 0.05433137 0.24187374 -0.02990879
v 0.03652433 0.24603976 -0.03031139
v 0.05464271 0.2432325 -0.00954401
v 0.03671574 0.2473528 -0.00994853
v 0.0550184 0.24447988 0.01051318
v 0.03696658 0.24864727 0.01010641
v 0.05549228 0.24578632 0.03023446
v 0.03728592 0.25002765 0.02981845
v 0.05606165 0.24723868 0.04960009
v 0.03766142 0.25144445 0.04916994
v 0.05663567 0.24855415 0.06868305
v 0.03806528 0.25284931 0.06821805
v 0.05726661 0.25000214 0.08742906
v 0.03847079 0.2542653 0.08690737
v 0.05788866 0.25150939 0.10587708
v 0.03888252 0.25578546 0.10527323
v 0.05850651 0.25316771 0.12401267
v 0.03928379 0.25746715 0.12329638
v 0.05911363 0.2550857 0.14181846
v 0.03967009 0.25936207 0.14096887
v 0.05968014 0.25722178 0.15932627
v 0.04002956 0.26157054 0.15830333
v 0.0602664 0.26002118 0.17638397
v 0.04039533 0.26447433 0.17516417
v 0.06081203 0.26334533 0.19304546
v 0.0407763 0.26810121 0.19159133
v 0.06142539 0.26751288 0.20920048
v 0.04119893 0.27245518 0.20752379
v 0.06210272 0.27244311 0.22487032
v 0.04167234 0.27734658 0.22303052
v 0.06276217 0.27782782 0.24020272
v 0.04207367 0.28223025 0.23832047
v 0.0632388 0.28335791 0.25530883
v 0.04235882 0.28722819 0.25343275
v 0.06339015 0.28897303 0.27023723
v 0.04241411 0.29243323 0.2682408
v 0.06328205 0.29532912 0.28463891
v 0.04234514 0.29851558 0.2824535
v 0.06293554 0.30228796 0.29857388
v 0.04215071 0.30548045 0.29606446
v 0.06228514 0.31031703 0.31184929
v 0.04170737 0.31349366 0.30905056
v 0.06139075 0.31919747 0.32468426
v 0.04113781 0.32224622 0.32165342
v 0.06025493 0.32864648 0.33732619
v 0.04035443 0.33143937 0.33428549
v 0.05895775 0.33861088 0.34973326
v 0.03948575 0.34119722 0.34665951
v 0.05739587 0.34887349 0.36226406
v 0.03842654 0.35124054 0.35925927
v 0.05573622 0.3594959 0.3747136
v 0.03730532 0.36166608 0.37180465
v 0.05404088 0.37047547 0.3870072
v 0.03616541 0.37248989 0.38416642
v 0.05236762 0.38182383 0.39904266
v 0.0350568 0.38375237 0.39616853
v 0.05078468 0.39358791 0.41064804
v 0.03401433 0.39546966 0.40769764
v 0.04931726 0.40575277 0.42179697
v 0.03304471 0.40759638 0.41878897
v 0.04797583 0.41828858 0.4325082
v 0.03215204 0.42009335 0.42947936
v 0.0467672 0.4311704 0.44280219
v 0.03134516 0.4329456 0.43976554
v 0.04570258 0.44439333 0.45266577
v 0.03063279 0.44615039 0.44962942
v 0.04478979 0.4579592 0.46208196
v 0.03002074 0.45971167 0.45905047
v 0.04403232 0.47187435 0.4710344
v 0.02951193 0.47363999 0.46800553
v 0.04343004 0.48614871 0.4795103
v 0.02910687 0.48795205 0.47647184
v 0.04297959 0.5007925 0.48750951
v 0.02880305 0.50266355 0.48444527
v 0.04266949 0.51580345 0.49507737
v 0.02859201 0.51777553 0.49197608
v 0.04247196 0.53114891 0.50234955
v 0.02845745 0.53327482 0.49917334
v 0.04234212 0.54675567 0.50958269
v 0.0283752 0.54913324 0.5062139
v 0.04225115 0.56259518 0.51695907
v 0.02829616 0.56522959 0.5135408
v 0.04220271 0.57870405 0.52452963
v 0.02821631 0.58160287 0.52125382
v 0.04221215 0.59510082 0.53241068
v 0.02814554 0.59827172 0.52952045
v 0.04236448 0.61185932 0.54061871
v 0.02823177 0.61518615 0.53859293
v 0.04287955 0.62898349 0.54932016
v 0.02866882 0.63247311 0.54826575
v 0.04381064 0.64629155 0.55895274
v 0.02939131 0.64902412 0.55985999
v 0.04546837 0.66271919 0.57065296
v 0.03080294 0.66462212 0.57358199
v 0.04898209 0.67732298 0.58408874
v 0.03345376 0.67858851 0.58852475
v 0.06102158 0.6574707 0.56844264
v 0.06481117 0.67239797 0.57906556
v 0.07109078 0.68604773 0.59039557
v 0.08060086 0.6654731 0.57682377
v 0.08617801 0.6794101 0.58668571
v 0.09351614 0.69346267 0.5968815
v 0.07876693 0.69912445 0.60100209
v 0.10096252 0.70774501 0.60694938
v 0.08676072 0.71316224 0.61138612
v 0.10795839 0.72316283 0.61547017
v 0.09456363 0.72836184 0.62034487
v 0.08183918 0.73252707 0.62790691
v 0.07169415 0.73475098 0.63752669
v 0.10175108 0.74441343 0.62851321
v 0.09006403 0.74812454 0.63593566
v 0.08030144 0.74996447 0.64473676
v 0.07284724 0.75023275 0.65440917
v 0.06402489 0.73569572 0.64800798
v 0.0973492 0.76296383 0.64474809
v 0.08771065 0.76420587 0.65310984
v 0.08033858 0.764238 0.66178053
v 0.07499547 0.76356613 0.67076718
v 0.06755434 0.74974745 0.66424179
v 0.09365899 0.77745354 0.66152733
v 0.08659216 0.7774555 0.66943359
v 0.08130156 0.77697992 0.67729932
v 0.07795333 0.77628248 0.6850627
v 0.07162942 0.76262056 0.67947477
v 0.09208639 0.79068565 0.67654627
v 0.08729942 0.79050123 0.68322485
v 0.08444 0.79021078 0.68978244
v 0.08342248 0.79021173 0.69604486
v 0.07656243 0.77601897 0.69268131
v 0.09380444 0.80384218 0.68861746
v 0.09156128 0.80378204 0.6940869
v 0.0907935 0.80370622 0.69925952
v 0.09129937 0.80305433 0.7044124
v 0.08387419 0.7900772 0.70201653
v 0.09953658 0.81579482 0.69793462
v 0.09898511 0.81534981 0.70238661
v 0.09953016 0.81431037 0.70689505
v 0.10170693 0.81246668 0.71039688
v 0.0937456 0.80169338 0.70855027
v 0.1067004 0.82471978 0.7053681
v 0.10750985 0.82308107 0.70909601
v 0.10944845 0.82092762 0.71204251
v 0.11258918 0.81822979 0.71315473
v 0.10524125 0.80999124 0.71199584
v 0.1144796 0.83020126 0.71154934
v 0.1163987 0.8275938 0.71400272
v 0.11912815 0.82473301 0.71443039
v 0.12211642 0.82204276 0.71287405
v 0.11590568 0.81578046 0.71169525
v 0.12229854 0.8332349 0.71602922
v 0.12492512 0.83003836 0.71653777
v 0.12789557 0.82703584 0.71482038
v 0.13097198 0.82425284 0.71197062
v 0.12504005 0.81966406 0.71014404
v 0.13002426 0.83443242 0.71847051
v 0.13301034 0.83072418 0.71676552
v 0.13599693 0.82714748 0.71382468
v 0.13928249 0.82321041 0.7100473
v 0.13438393 0.82122302 0.7085455
v 0.13759197 0.83377319 0.71847754
v 0.14080302 0.82965713 0.7152788
v 0.14405535 0.82498854 0.71123212
v 0.14799363 0.82625424 0.71208918
v 0.15069502 0.82023412 0.70740336
v 0.14701478 0.81937098 0.70648288
v 0.1426538 0.81826645 0.70544976
v 0.14491955 0.83139812 0.71628189
v 0.14873774 0.83324253 0.71674394
v 0.15167723 0.82760554 0.71269583
v 0.14180803 0.83636516 0.71941286
v 0.13471466 0.83794164 0.72009497
v 0.13886344 0.84133553 0.72082418
v 0.13232038 0.84206396 0.7195062
v 0.13682852 0.84535449 0.71959364
v 0.13101342 0.8451997 0.71749585
v 0.13606105 0.84795159 0.71780091
v 0.14063374 0.84914684 0.71742618
v 0.13609781 0.84943378 0.71508348
v 0.1409851 0.85005617 0.71524977
v 0.14613799 0.84928816 0.71489518
v 0.14560569 0.84846139 0.71678805
v 0.15163597 0.84631282 0.71320289
v 0.15155302 0.84501326 0.71547973
v 0.15588599 0.84168237 0.70978754
v 0.1558544 0.83983081 0.71258997
v 0.1545552 0.83756375 0.71491509
v 0.15889926 0.83371466 0.70829361
v 0.15760754 0.83146655 0.71080124
v 0.15500716 0.82928168 0.71240097
v 0.1520558 0.83531248 0.7163186
v 0.15996541 0.824795 0.70593911
v 0.15747538 0.82278388 0.70764029
v 0.15427643 0.82133507 0.70794963
v 0.15978191 0.81570434 0.70243305
v 0.15658085 0.8142656 0.7030282
v 0.15310601 0.81331217 0.70250988
v 0.15937364 0.80638754 0.69804114
v 0.15597693 0.80552285 0.6978321
v 0.15247519 0.80518341 0.69680959
v 0.14961731 0.81264102 0.70158577
v 0.1487707 0.805148 0.69548189
v 0.14572955 0.81213772 0.70027977
v 0.1447573 0.80526006 0.69421452
v 0.14159622 0.81136226 0.69915664
v 0.13818605 0.81710881 0.70421105
v 0.13551579 0.81048661 0.69812005
v 0.13245356 0.8145973 0.7028805
v 0.12833593 0.81766933 0.70660263
v 0.12434104 0.81041967 0.70141702
v 0.12162903 0.81242519 0.7049269
v 0.11875135 0.81400966 0.70859432
v 0.11482946 0.80470997 0.70415252
v 0.11231324 0.80587929 0.70830905
v 0.10902495 0.80769258 0.71126753
v 0.10586244 0.79602003 0.70908159
v 0.10209591 0.79788827 0.71207088
v 0.0976566 0.79993665 0.71139216
v 0.09473496 0.78661155 0.71355944
v 0.09012902 0.78824603 0.71128642
v 0.08621144 0.78946954 0.70747208
v 0.08194844 0.77522033 0.71125525
v 0.07871335 0.77601206 0.70596855
v 0.07685154 0.77614051 0.69959217
v 0.07177051 0.76177352 0.70329576
v 0.0702843 0.76171392 0.69625401
v 0.07011593 0.76186251 0.68815946
v 0.06369325 0.74764061 0.6927337
v 0.06350193 0.74807733 0.68391364
v 0.06450532 0.74890637 0.6743443
v 0.05533709 0.73468077 0.6810283
v 0.05612578 0.73528379 0.67032295
v 0.05883444 0.73580449 0.65912401
v 0.04495612 0.72368818 0.66730707
v 0.04748291 0.72336006 0.65493148
v 0.03181282 0.71382534 0.66504752
v 0.03357626 0.71258866 0.65192639
v 0.03124442 0.71396893 0.67754232
v 0.04407483 0.72338885 0.67902535
v 0.04448689 0.72280669 0.69000524
v 0.03197238 0.7130776 0.6895703
v 0.05568081 0.73430049 0.69077068
v 0.0574042 0.73419636 0.69986182
v 0.06509442 0.74768167 0.70075303
v 0.06782148 0.74783933 0.70808142
v 0.06057833 0.73447877 0.70815366
v 0.07438411 0.76166945 0.70983588
v 0.07853041 0.76100927 0.71544027
v 0.071919 0.74768072 0.71452462
v 0.08631138 0.77408546 0.71525341
v 0.09223283 0.77182954 0.71350914
v 0.08530054 0.75890773 0.71538925
v 0.09919242 0.78455883 0.710873
v 0.10254237 0.78295064 0.70581579
v 0.09697612 0.76996338 0.70847052
v 0.10849923 0.79469615 0.70445776
v 0.11148184 0.79354548 0.69960981
v 0.10552291 0.78162908 0.69997412
v 0.11751758 0.80347269 0.70006191
v 0.12200358 0.8012799 0.69569933
v 0.11575883 0.79215991 0.69384294
v 0.12802678 0.80705905 0.69715654
v 0.13889141 0.80449342 0.69314342
v 0.14820917 0.79630285 0.68975001
v 0.14344155 0.79667019 0.68860703
v 0.15108819 0.78440129 0.68518716
v 0.14564693 0.78545671 0.68377816
v 0.15340718 0.77062803 0.68099153
v 0.14578431 0.77198606 0.67942112
v 0.13631211 0.77349698 0.67914098
v 0.14573134 0.75592345 0.67976427
v 0.13521353 0.75794667 0.68016058
v 0.12393946 0.7606098 0.6822108
v 0.12668085 0.77562457 0.68224763
v 0.1131145 0.7637124 0.68762594
v 0.11733884 0.77818733 0.68710017
v 0.10547369 0.76652109 0.69526481
v 0.1100521 0.78021037 0.69352799
v 0.10070259 0.76842391 0.70197254
v 0.1021113 0.75201755 0.69808042
v 0.09612978 0.75477677 0.70527547
v 0.09094885 0.75692176 0.71072971
v 0.09150913 0.74166137 0.7082569
v 0.08533658 0.74423259 0.71348416
v 0.07878273 0.7462362 0.7164964
v 0.08087749 0.73206383 0.7183305
v 0.07311322 0.73404824 0.71968543
v 0.06563656 0.73480582 0.71585571
v 0.06876585 0.72237324 0.72640889
v 0.07885172 0.72080475 0.72620141
v 0.07977679 0.70993357 0.73576766
v 0.06717203 0.71132767 0.73647457
v 0.08328652 0.69934839 0.74636822
v 0.06906946 0.70046758 0.74783814
v 0.07149893 0.69062912 0.75935989
v 0.05368279 0.69112515 0.75714021
v 0.07091643 0.6815384 0.77167195
v 0.05234852 0.68278086 0.77097946
v 0.03450132 0.68235653 0.7696793
v 0.03555098 0.69039589 0.75392836
v 0.05073211 0.67315042 0.78710597
v 0.03340312 0.67284804 0.78646475
v 0.06815792 0.67085766 0.78669238
v 0.08968959 0.70681315 0.73054963
v 0.09512722 0.69701844 0.74089115
v 0.09818062 0.70201826 0.72273957
v 0.10600944 0.69258433 0.73217213
v 0.12949997 0.68145531 0.72996318
v 0.13869495 0.68326747 0.7152962
v 0.14437826 0.69121056 0.70217329
v 0.13136626 0.70999521 0.69220233
v 0.14672757 0.70554143 0.69318127
v 0.15951731 0.70182108 0.69312322
v 0.16877137 0.69896197 0.69154328
v 0.14721581 0.72174572 0.68697696
v 0.15836617 0.71914756 0.68679785
v 0.16612489 0.71778172 0.686396
v 0.17303569 0.71650302 0.68457448
v 0.17549027 0.69600898 0.68769472
v 0.15623962 0.73712796 0.68271511
v 0.16313582 0.73624479 0.68321049
v 0.16955377 0.73555743 0.68293684
v 0.17497962 0.73506915 0.68103319
v 0.17795474 0.71527147 0.68066626
v 0.16102352 0.75370353 0.68176513
v 0.16668848 0.75323343 0.68300318
v 0.17183429 0.75317996 0.68215692
v 0.17557881 0.75340658 0.67923712
v 0.17820221 0.73482596 0.67673963
v 0.16367708 0.76928496 0.68493688
v 0.16826129 0.76943004 0.68495529
v 0.17222467 0.76996004 0.68339294
v 0.17476438 0.7708652 0.68030691
v 0.1773412 0.75386005 0.67490786
v 0.16404748 0.78381043 0.68915343
v 0.1678846 0.78445607 0.68855333
v 0.17091248 0.78552001 0.68648946
v 0.17215061 0.78687346 0.68283772
v 0.17585995 0.77189075 0.67599731
v 0.16322538 0.79655903 0.69339889
v 0.16611483 0.79769933 0.69190424
v 0.16773434 0.79910653 0.68934524
v 0.16794398 0.80047702 0.68599647
v 0.17189233 0.78802245 0.67911917
v 0.16250905 0.80757659 0.69726985
v 0.16454294 0.80906379 0.69521927
v 0.16511809 0.81064546 0.69229424
v 0.16449505 0.81213599 0.68913877
v 0.16709896 0.80166024 0.68266582
v 0.16212135 0.81744372 0.70069021
v 0.16306723 0.81925952 0.6980679
v 0.16273567 0.82099115 0.69492805
v 0.16117711 0.82242292 0.69189018
v 0.16275093 0.81344878 0.6860938
v 0.16125448 0.82687449 0.70329922
v 0.16114194 0.82869094 0.70025664
v 0.15979231 0.83022654 0.69715863
v 0.15748116 0.83159685 0.69428235
v 0.15890854 0.82381665 0.68897938
v 0.15900108 0.8357082 0.70528376
v 0.15775753 0.83727932 0.70210862
v 0.15545535 0.83862936 0.69904965
v 0.15204609 0.83954316 0.69661694
v 0.15429781 0.83270776 0.69190484
v 0.15481677 0.84321034 0.70668828
v 0.15267992 0.84454089 0.70374929
v 0.14886121 0.84517973 0.70127517
v 0.14423507 0.84465771 0.69995051
v 0.14750435 0.83968162 0.69518131
v 0.14095403 0.84810793 0.70431244
v 0.13825984 0.85012364 0.70846134
v 0.13316287 0.84745329 0.70713967
v 0.1358115 0.8456794 0.70339185
v 0.13914412 0.84295201 0.69914001
v 0.13058188 0.84222936 0.70230096
v 0.1338226 0.84019368 0.69834047
v 0.13739676 0.83754485 0.69394725
v 0.14282752 0.83918106 0.69435709
v 0.14074017 0.83301681 0.68891817
v 0.14580081 0.83324414 0.68907672
v 0.15009582 0.83322888 0.6901071
v 0.14771843 0.82647275 0.68323874
v 0.15236212 0.82586574 0.6844626
v 0.15589998 0.82506823 0.68646955
v 0.15410912 0.81690007 0.67815756
v 0.15754336 0.81585103 0.68033134
v 0.16050061 0.81470602 0.68314886
v 0.16001559 0.80516362 0.67304277
v 0.16292771 0.80395603 0.67612433
v 0.16528013 0.80277049 0.67933648
v 0.1659419 0.79120868 0.66784036
v 0.16865961 0.7900508 0.67160141
v 0.1706603 0.78896516 0.67538732
v 0.17158815 0.77463924 0.66358119
v 0.17407469 0.7737202 0.66772514
v 0.17561544 0.77283024 0.67182713
v 0.1756916 0.75528186 0.66128885
v 0.17736335 0.75473177 0.66583418
v 0.17782697 0.75430625 0.67047792
v 0.17804925 0.73440301 0.66126221
v 0.17943379 0.73441463 0.66663867
v 0.17947752 0.73464024 0.67164337
v 0.18076016 0.71292448 0.66410172
v 0.18132709 0.71332198 0.66981518
v 0.18050169 0.71412414 0.67531818
v 0.18262676 0.6909933 0.669586
v 0.1820379 0.69211763 0.67616635
v 0.17971625 0.69369447 0.68235373
v 0.18241022 0.67008405 0.67889934
v 0.18045513 0.67186278 0.68667918
v 0.18160748 0.64889782 0.68157762
v 0.17988523 0.65082955 0.69235783
v 0.18063694 0.63088238 0.68244028
v 0.1791687 0.63255477 0.69518435
v 0.18048423 0.61290615 0.68234092
v 0.17966762 0.61363667 0.6956405
v 0.17595768 0.61432886 0.70933878
v 0.18215082 0.59441971 0.69536244
v 0.17888613 0.59408915 0.70921087
v 0.17179006 0.59344154 0.72242277
v 0.16914838 0.61486303 0.72191005
v 0.16401094 0.59239232 0.73571616
v 0.15919359 0.61365842 0.73490655
v 0.15740375 0.59051793 0.75045013
v 0.15005275 0.61102062 0.74928426
v 0.14301745 0.63153785 0.75002282
v 0.14383462 0.60786563 0.76458418
v 0.13428892 0.62769514 0.76430892
v 0.13867703 0.60379165 0.77987784
v 0.1286948 0.62229579 0.77940207
v 0.13333728 0.59912866 0.79420179
v 0.12421661 0.61607253 0.79421353
v 0.11321831 0.63213175 0.79564607
v 0.10993327 0.62263745 0.81128925
v 0.09902245 0.64471584 0.79751986
v 0.10597685 0.60949736 0.82534426
v 0.1018976 0.59229934 0.83554685
v 0.14628695 0.58467757 0.78108036
v 0.13983327 0.58127349 0.79532259
v 0.15098221 0.56480443 0.78201586
v 0.14344772 0.56196665 0.79637515
v 0.13448716 0.55979514 0.80973649
v 0.1448007 0.54144394 0.79650175
v 0.13472268 0.53867793 0.81031346
v 0.14441137 0.52032083 0.79509103
v 0.13378317 0.51661163 0.80876594
v 0.14270293 0.49921539 0.79209208
v 0.13152617 0.494681 0.80542028
v 0.14066095 0.47865697 0.7879104
v 0.12885965 0.47352418 0.80102467
v 0.13935542 0.45917129 0.78279179
v 0.12715219 0.45427382 0.79575896
v 0.13809305 0.4407812 0.77614051
v 0.12549494 0.43644893 0.78878182
v 0.11196899 0.43061763 0.80182057
v 0.12398989 0.41890257 0.77917993
v 0.11085581 0.41381332 0.79162097
v 0.12335885 0.40115994 0.76756101
v 0.11084392 0.39612746 0.77884274
v 0.12338331 0.38366824 0.75582301
v 0.11153298 0.37862563 0.766056
v 0.12395597 0.3663761 0.74464458
v 0.11256298 0.36136233 0.7542203
v 0.10071358 0.35601803 0.76253587
v 0.11388766 0.34418568 0.74353528
v 0.10226488 0.33911877 0.75158965
v 0.0903025 0.33396533 0.75817591
v 0.08866922 0.35027605 0.76907885
v 0.07814202 0.32889801 0.7631455
v 0.07671304 0.34428685 0.77321732
v 0.06577208 0.32427898 0.76680332
v 0.06469632 0.33892962 0.77587467
v 0.06369833 0.35186898 0.78585839
v 0.05243293 0.33455196 0.77768009
v 0.05191772 0.34685921 0.78647953
v 0.05171268 0.35660797 0.79573822
v 0.06282562 0.36219364 0.79653805
v 0.05199281 0.3627122 0.80524855
v 0.06227605 0.36801147 0.8072707
v 0.05268768 0.36294198 0.81559193
v 0.06236789 0.36731657 0.81819862
v 0.07059613 0.37289455 0.82226413
v 0.07553536 0.37913304 0.82815682
v 0.0623585 0.3613078 0.82970416
v 0.06943499 0.36593675 0.83408802
v 0.07324454 0.37213954 0.83976519
v 0.07247811 0.37964406 0.84554737
v 0.07556822 0.38758975 0.83504641
v 0.06764619 0.35730242 0.84659189
v 0.07054883 0.36339661 0.851942
v 0.06917113 0.3704898 0.8570643
v 0.06388619 0.37669098 0.8603757
v 0.06704826 0.38638162 0.84950625
v 0.06610303 0.35434219 0.86517012
v 0.06485904 0.36107832 0.86966967
v 0.05952037 0.36676049 0.87214416
v 0.05215415 0.3705281 0.87269544
v 0.05625995 0.38092011 0.86145162
v 0.05892663 0.35146972 0.882972
v 0.05427011 0.35705471 0.88505619
v 0.04732431 0.36076486 0.88513833
v 0.03927328 0.36217397 0.88360363
v 0.0438633 0.37196323 0.87147456
v 0.04863559 0.3475371 0.89884322
v 0.04245175 0.35129565 0.89867746
v 0.04199993 0.33780607 0.91299206
v 0.05310297 0.34218633 0.89738732
v 0.04593206 0.33280852 0.91183352
v 0.03609084 0.32388073 0.92573612
v 0.03293392 0.32839888 0.92573493
v 0.04798566 0.3270249 0.90931314
v 0.03748334 0.31873634 0.92384421
v 0.04667095 0.32203412 0.90559178
v 0.03653754 0.31433108 0.92045331
v 0.04317291 0.317952 0.90111213
v 0.03387418 0.31121596 0.91613251
v 0.05321575 0.33061271 0.89011842
v 0.0490986 0.32635572 0.88564997
v 0.04299159 0.32354837 0.88116866
v 0.0540443 0.33532619 0.87036925
v 0.04740978 0.33272531 0.86612671
v 0.03918544 0.33181154 0.86220115
v 0.05119067 0.34188723 0.85158819
v 0.04210127 0.34101292 0.84844636
v 0.03102474 0.34107703 0.84579163
v 0.02957401 0.3318676 0.85849452
v 0.04293035 0.34913685 0.83613842
v 0.03122546 0.34875354 0.83432304
v 0.04278905 0.35590219 0.82472336
v 0.03060688 0.35482019 0.82362306
v 0.04179291 0.35997721 0.8140257
v 0.0294551 0.35833662 0.81331038
v 0.04062129 0.35908022 0.80417978
v 0.0281449 0.35715198 0.80363875
v 0.03987141 0.35287389 0.79533952
v 0.02724187 0.35066372 0.79517602
v 0.03965793 0.34330028 0.78693109
v 0.02685874 0.3409928 0.78727698
v 0.03981354 0.3312222 0.77894854
v 0.0268179 0.32892733 0.77981698
v 0.04022159 0.31732752 0.77141636
v 0.02700832 0.31513121 0.77273243
v 0.04082468 0.30211457 0.76439017
v 0.0273713 0.30005928 0.76608175
v 0.04160123 0.28587833 0.7579689
v 0.02787252 0.28394049 0.75997859
v 0.04254102 0.26876339 0.752222
v 0.02849427 0.26690101 0.75449937
v 0.04364001 0.2508552 0.74717867
v 0.02922724 0.2490241 0.74967891
v 0.0448995 0.23221889 0.74285423
v 0.03007114 0.23038244 0.74555343
v 0.04631214 0.21291187 0.73920834
v 0.03102017 0.2110376 0.74209123
v 0.0478598 0.19301949 0.73613196
v 0.03206375 0.19107385 0.73919534
v 0.04949368 0.17272284 0.73330748
v 0.03315993 0.17070175 0.73647064
v 0.05120228 0.15217626 0.7305293
v 0.03430352 0.15008568 0.73371738
v 0.05298093 0.13152909 0.72758132
v 0.03549203 0.12937422 0.73073476
v 0.05481299 0.11100219 0.72412598
v 0.03671592 0.10876094 0.72724205
v 0.05669007 0.09080548 0.71989697
v 0.03794262 0.08864191 0.72269433
v 0.05852469 0.07177592 0.71385407
v 0.0391767 0.06932527 0.71685302
v 0.06048763 0.05301293 0.70745599
v 0.04047613 0.05044161 0.71040242
v 0.06256388 0.03463264 0.70060527
v 0.04184352 0.03198995 0.70343703
v 0.06472861 0.0167039 0.69328004
v 0.04325792 0.01407842 0.69591355
v 0.06692455 -0.00066785 0.68542474
v 0.04468051 -0.00320224 0.68780475
v 0.06906436 -0.01743164 0.67704021
v 0.04605316 -0.01980086 0.679111
v 0.07103077 -0.03359513 0.66816651
v 0.04730106 -0.03574537 0.66987967
v 0.07269085 -0.04922006 0.65885466
v 0.04834173 -0.05113102 0.66017508
v 0.07389401 -0.06426974 0.64902472
v 0.04908687 -0.06596717 0.64994269
v 0.0745421 -0.07877054 0.63859313
v 0.04947533 -0.08029975 0.63910919
v 0.07457383 -0.09261522 0.62732356
v 0.04945939 -0.09402201 0.62743204
v 0.07396034 -0.10569047 0.61495125
v 0.04900702 -0.10706736 0.61467158
v 0.07261496 -0.11776647 0.60107243
v 0.04803097 -0.11908175 0.60024535
v 0.07033839 -0.12855373 0.58503383
v 0.0464174 -0.12990823 0.58360052
v 0.06690329 -0.13836419 0.56647419
v 0.04405733 -0.13972801 0.56438624
v 0.06203844 -0.14748297 0.54464256
v 0.04087708 -0.14864844 0.54208093
v 0.05586807 -0.1558952 0.51912081
v 0.03701288 -0.15679359 0.51650512
v 0.04937786 -0.16328908 0.48972722
v 0.03287831 -0.16406402 0.48740032
v 0.04643975 -0.1638429 0.45402109
v 0.03101892 -0.1650788 0.45132476
v 0.04537787 -0.16240415 0.41879662
v 0.03035062 -0.16383183 0.41561517
v 0.06054946 -0.16263894 0.45681306
v 0.05889007 -0.16080525 0.42293021
v 0.0740118 -0.16244472 0.45903134
v 0.07130367 -0.15927356 0.42673423
v 0.07250595 -0.15628415 0.39512953
v 0.08289885 -0.16030883 0.42915692
v 0.08366401 -0.15593801 0.39909392
v 0.08973388 -0.15306688 0.37093597
v 0.0795381 -0.15326559 0.36549633
v 0.10343186 -0.14772743 0.34646883
v 0.09558387 -0.14736117 0.34049063
v 0.12381842 -0.13810603 0.32806637
v 0.11821027 -0.13664181 0.32229399
v 0.11349039 -0.13771864 0.31437543
v 0.10989704 -0.1396038 0.30459255
v 0.14194896 -0.122448 0.31178706
v 0.13799457 -0.12271449 0.30400812
v 0.13493453 -0.12442731 0.29521083
v 0.13253949 -0.12640036 0.28476816
v 0.10745323 -0.14123457 0.29218298
v 0.16022439 -0.10612137 0.29893779
v 0.156663 -0.10702563 0.28969216
v 0.15410949 -0.10894992 0.27943334
v 0.15150308 -0.11109701 0.26608771
v 0.13003 -0.12831446 0.27054083
v 0.17511944 -0.08888808 0.28738114
v 0.17217728 -0.09032265 0.27633509
v 0.16962979 -0.09238313 0.26320117
v 0.16724969 -0.09450175 0.24825727
v 0.14922712 -0.11299286 0.2511526
v 0.18650749 -0.07148394 0.2752422
v 0.18431052 -0.07331082 0.26162475
v 0.18228802 -0.07537502 0.24649594
v 0.18031136 -0.07722668 0.23121202
v 0.16517528 -0.09626586 0.23306621
v 0.19620907 -0.05433263 0.26092168
v 0.19452644 -0.05608699 0.24557702
v 0.19285146 -0.05779085 0.23007603
v 0.19109717 -0.05929747 0.21446195
v 0.17853073 -0.07884322 0.21572181
v 0.20440113 -0.03666488 0.24527913
v 0.20295864 -0.0380858 0.22952373
v 0.20134598 -0.03943255 0.21368697
v 0.19990068 -0.04075629 0.19771227
v 0.18948142 -0.06067062 0.19869259
v 0.21091949 -0.01823586 0.22942259
v 0.20952269 -0.01931557 0.21330083
v 0.20801994 -0.02044248 0.19706475
v 0.20660345 -0.02157475 0.18079134
v 0.19837868 -0.04192267 0.18166358
v 0.21548828 0.00095421 0.21326766
v 0.21405877 0.00004598 0.19672302
v 0.21267105 -0.0009468 0.18014963
v 0.21123431 -0.00195313 0.16350767
v 0.20517103 -0.02263667 0.1644196
v 0.21812592 0.02056489 0.19664353
v 0.21668036 0.01968816 0.17973028
v 0.21522529 0.0187308 0.16277538
v 0.21381214 0.01776968 0.14583258
v 0.20988255 -0.00294002 0.14685748
v 0.21869063 0.04030758 0.17951217
v 0.21721944 0.03936242 0.16219562
v 0.21571768 0.03837082 0.14489477
v 0.21436497 0.03737802 0.12760742
v 0.21247708 0.01681313 0.12887348
v 0.21723286 0.05972974 0.16168785
v 0.21573859 0.05869782 0.14398407
v 0.21433162 0.05766183 0.12635311
v 0.21295285 0.05665725 0.10877845
v 0.21301901 0.03642375 0.11036167
v 0.21386577 0.0785321 0.14308306
v 0.21239197 0.07744833 0.12508171
v 0.21097402 0.07642215 0.10718014
v 0.20951159 0.07544443 0.0893553
v 0.21154344 0.05571598 0.09126167
v 0.20884011 0.09665069 0.12377376
v 0.20733964 0.09559725 0.10554185
v 0.20589445 0.09463056 0.08739339
v 0.20444135 0.09369517 0.06934165
v 0.2082121 0.07454081 0.07160043
v 0.20209017 0.11402401 0.10386776
v 0.20049108 0.11301885 0.08542454
v 0.19900094 0.11209919 0.06707231
v 0.19757464 0.11120772 0.04874933
v 0.20299218 0.09278211 0.05134887
v 0.19364421 0.13064405 0.08343438
v 0.19209308 0.12972764 0.06479911
v 0.19060345 0.12883541 0.04618082
v 0.18907368 0.12788774 0.02758469
v 0.19616167 0.11028707 0.03044769
v 0.18363592 0.14639115 0.06257695
v 0.18203738 0.14547044 0.04369593
v 0.18051688 0.1445167 0.0248018
v 0.17904537 0.14348676 0.00582624
v 0.18765327 0.12688885 0.00893458
v 0.17233645 0.16125297 0.04128862
v 0.17074921 0.1602492 0.02213697
v 0.16921839 0.15911778 0.00286701
v 0.16784085 0.15790887 -0.01656757
v 0.17763257 0.14232067 -0.0132545
v 0.15970234 0.17484049 0.01969823
v 0.15821923 0.17366419 0.00018176
v 0.15686659 0.17237876 -0.01954468
v 0.15577109 0.17089942 -0.03947625
v 0.16669556 0.15650509 -0.0361542
v 0.14618943 0.18717701 -0.00220434
v 0.14496517 0.1858333 -0.0221493
v 0.14403735 0.18435715 -0.04237173
v 0.14331542 0.18252407 -0.06280779
v 0.15499039 0.16916197 -0.05960865
v 0.13217127 0.19829648 -0.02435832
v 0.13139349 0.19677802 -0.04478256
v 0.13077366 0.19492997 -0.06542127
v 0.13041932 0.19260405 -0.08624727
v 0.14289413 0.18024057 -0.08339598
v 0.11778604 0.20816555 -0.04669226
v 0.11729005 0.20630341 -0.06747321
v 0.11703201 0.20401123 -0.088456
v 0.11707189 0.20126889 -0.10951434
v 0.13046738 0.18976174 -0.10715477
v 0.10289072 0.21660985 -0.06904637
v 0.1027646 0.21448752 -0.09013181
v 0.1028658 0.21188689 -0.11128875
v 0.10317475 0.20887075 -0.13238291
v 0.11744377 0.19804297 -0.13049158
v 0.08741815 0.22356587 -0.09131685
v 0.08758897 0.22126859 -0.11255016
v 0.08791113 0.21849548 -0.13370773
v 0.08837521 0.2152179 -0.15464873
v 0.10383318 0.20546919 -0.15322636
v 0.07137535 0.22913648 -0.11340503
v 0.0716864 0.22666817 -0.13462099
v 0.07206014 0.22363326 -0.15562126
v 0.07247617 0.22015003 -0.17631937
v 0.08899653 0.21167376 -0.1752675
v 0.08956289 0.20780244 -0.19556121
v 0.1053565 0.19765022 -0.19382736
v 0.10463381 0.20169366 -0.1737065
v 0.07295512 0.21650707 -0.19675357
v 0.0733174 0.21248807 -0.21697719
v 0.0899666 0.20367725 -0.21564327
v 0.08993629 0.1990724 -0.23569664
v 0.10585305 0.18900291 -0.23379951
v 0.10583412 0.19340664 -0.21372789
v 0.07323423 0.20770137 -0.23702031
v 0.07255618 0.20212754 -0.2569276
v 0.08905232 0.19365368 -0.25578546
v 0.08711732 0.18713049 -0.27585881
v 0.10247167 0.1776902 -0.27473768
v 0.10491927 0.18400465 -0.25423148
v 0.07110847 0.19558088 -0.27668976
v 0.06892626 0.18818858 -0.29626843
v 0.08422431 0.17944608 -0.29561871
v 0.08052457 0.17067812 -0.31466937
v 0.09453384 0.16117934 -0.31389191
v 0.09883429 0.16995768 -0.29464104
v 0.06618727 0.17995509 -0.31539675
v 0.06293921 0.17093505 -0.33377206
v 0.07650878 0.1614829 -0.33310607
v 0.07215418 0.1522378 -0.35091853
v 0.08434885 0.14224928 -0.35024911
v 0.08977954 0.15186987 -0.33248868
v 0.05939241 0.1616978 -0.35153883
v 0.05558099 0.15246547 -0.36899372
v 0.06735856 0.14312541 -0.36821481
v 0.062883 0.13479915 -0.38566413
v 0.07315561 0.12487766 -0.38486802
v 0.07841713 0.13297665 -0.36737579
v 0.05191191 0.14377903 -0.38642576
v 0.04916775 0.13687844 -0.40424493
v 0.05959266 0.12827371 -0.40360316
v 0.05793512 0.12411744 -0.42189726
v 0.06714833 0.11455094 -0.42136421
v 0.06926551 0.11862123 -0.40294367
v 0.04782156 0.13251921 -0.42240381
v 0.04791701 0.13076941 -0.44063144
v 0.05795488 0.12232133 -0.44024387
v 0.05940227 0.12246272 -0.45841041
v 0.06836985 0.11244866 -0.45807048
v 0.06692165 0.11262581 -0.43981459
v 0.04918354 0.13110588 -0.4587143
v 0.05128905 0.13288831 -0.47657048
v 0.06187155 0.12391736 -0.47631683
v 0.06493659 0.12608696 -0.49398359
v 0.07453972 0.11518406 -0.49372628
v 0.07108099 0.11348854 -0.47603485
v 0.05386263 0.13544194 -0.49421137
v 0.05656426 0.13817635 -0.5117039
v 0.06819527 0.12844473 -0.51148241
v 0.07138819 0.1306587 -0.5289002
v 0.08189129 0.11876275 -0.5286256
v 0.07825774 0.11705186 -0.51122474
v 0.05916593 0.14070385 -0.52912843
v 0.06154042 0.1428285 -0.54654687
v 0.07434424 0.13252912 -0.54630363
v 0.07687434 0.13385249 -0.5637319
v 0.08814258 0.1210194 -0.56340533
v 0.08522709 0.12012008 -0.54600423
v 0.06365916 0.14452675 -0.56399399
v 0.06549056 0.14576762 -0.58148026
v 0.07902789 0.13469611 -0.58120012
v 0.08085817 0.13512729 -0.59870272
v 0.09277032 0.12154655 -0.59832787
v 0.09063214 0.12146809 -0.58084714
v 0.06700439 0.14651893 -0.59899753
v 0.06833688 0.14700067 -0.61653006
v 0.08247817 0.1352958 -0.61622506
v 0.06958289 0.14737108 -0.63405984
v 0.10001761 0.10645408 -0.58042514
v 0.09722278 0.10645195 -0.56302064
v 0.10384324 0.09050255 -0.5625872
v 0.1003454 0.09068492 -0.54528135
v 0.09398145 0.10605543 -0.54565882
v 0.09643045 0.09054051 -0.52799308
v 0.09030833 0.10526093 -0.52831602
v 0.09223761 0.09013429 -0.5106616
v 0.08633536 0.10415412 -0.51094025
v 0.08803268 0.0896081 -0.49319237
v 0.08230846 0.10291134 -0.49344879
v 0.08429262 0.0892083 -0.47547
v 0.07862886 0.10182195 -0.47573754
v 0.08170189 0.08930607 -0.45740348
v 0.07587822 0.10131819 -0.45772141
v 0.08094159 0.09035392 -0.43899732
v 0.0746502 0.10190369 -0.43939119
v 0.08246566 0.09283088 -0.42039996
v 0.07537069 0.10406547 -0.4208574
v 0.08634374 0.09713539 -0.40187406
v 0.07819488 0.10818368 -0.40235024
v 0.09220156 0.10340698 -0.38373524
v 0.08291453 0.11434486 -0.38418355
v 0.09958829 0.11161542 -0.36632645
v 0.08918009 0.12241514 -0.36667355
v 0.10783348 0.12156466 -0.3497453
v 0.09623403 0.13210427 -0.34982225
v 0.11538388 0.13169407 -0.33216512
v 0.10267106 0.14198167 -0.33204209
v 0.12182464 0.14119032 -0.31357696
v 0.10831105 0.1514728 -0.31342041
v 0.12738949 0.14961363 -0.29390296
v 0.1132825 0.1600448 -0.29394751
v 0.13196791 0.15663774 -0.27311125
v 0.11742097 0.16747388 -0.27366033
v 0.13509915 0.16210152 -0.2514356
v 0.12017391 0.17337082 -0.25270122
v 0.13639277 0.16651307 -0.22954858
v 0.12132437 0.17803563 -0.23161625
v 0.13626195 0.17072638 -0.20843935
v 0.12124103 0.18226833 -0.21128721
v 0.1351154 0.17480975 -0.18872991
v 0.12048433 0.18648678 -0.19153173
v 0.13351953 0.17893753 -0.16902497
v 0.11946438 0.19066718 -0.17162306
v 0.1320462 0.18292829 -0.14874395
v 0.118347 0.19454349 -0.15125343
v 0.1309711 0.18654367 -0.12803958
v 0.14490078 0.17078319 -0.1455937
v 0.14353241 0.17433218 -0.12489427
v 0.14295436 0.17752204 -0.10414701
v 0.15522117 0.16137668 -0.1209623
v 0.15458792 0.16436897 -0.10039028
v 0.15450643 0.16699287 -0.0799478
v 0.16546765 0.15029463 -0.0958686
v 0.16533118 0.15273365 -0.07581729
v 0.1657824 0.15480387 -0.05588083
v 0.17525155 0.13735926 -0.0711532
v 0.17561408 0.13934555 -0.05173358
v 0.17652742 0.14097006 -0.03246598
v 0.18429239 0.12275089 -0.04727266
v 0.18506698 0.12437202 -0.0284793
v 0.18626073 0.1257563 -0.00975364
v 0.19230604 0.1067685 -0.02432314
v 0.19340227 0.10814888 -0.00609477
v 0.19470536 0.10927809 0.01219954
v 0.19888044 0.08966627 -0.00233289
v 0.20023798 0.09082863 0.01551078
v 0.20156328 0.09183608 0.03339721
v 0.203952 0.07163243 0.01883979
v 0.20538406 0.07267225 0.03633547
v 0.2067113 0.07361413 0.05393804
v 0.20741409 0.05296275 0.03922585
v 0.20871628 0.05389811 0.05648864
v 0.21014425 0.05480847 0.07383772
v 0.20883555 0.03375071 0.05898651
v 0.21025243 0.03462429 0.07602627
v 0.21156987 0.03551153 0.0931575
v 0.20829744 0.01421728 0.078179
v 0.20965114 0.01505579 0.09502034
v 0.2110936 0.01590001 0.11193253
v 0.20569759 -0.00550158 0.0968329
v 0.20712004 -0.00471699 0.11349219
v 0.20848999 -0.00385822 0.13017752
v 0.20105253 -0.02526771 0.11505522
v 0.20239839 -0.02447729 0.13153941
v 0.20380155 -0.02361606 0.14799551
v 0.19407831 -0.04468637 0.13295027
v 0.19549317 -0.04389097 0.1492526
v 0.19694063 -0.04298567 0.16549553
v 0.18499912 -0.06365195 0.15060545
v 0.1864259 -0.06282611 0.16674843
v 0.18790745 -0.06183825 0.18278072
v 0.1736162 -0.08194166 0.16818174
v 0.17514643 -0.08114512 0.18417678
v 0.17678098 -0.080118 0.20003929
v 0.16022232 -0.09962621 0.18588681
v 0.16173955 -0.09880749 0.20183579
v 0.16340926 -0.09773374 0.21755784
v 0.14435859 -0.11618737 0.20408773
v 0.14574319 -0.11545164 0.22005286
v 0.14725402 -0.11431739 0.23577202
v 0.12584365 -0.13123992 0.22314427
v 0.12686766 -0.13058927 0.23934656
v 0.12826097 -0.12971773 0.25525823
v 0.10464806 -0.14410239 0.24359859
v 0.10501904 -0.14349494 0.26040399
v 0.10579858 -0.14256206 0.27680042
v 0.0808378 -0.15347054 0.26594969
v 0.08017581 -0.15295276 0.28414455
v 0.05778503 -0.16013041 0.27090495
v 0.0559816 -0.15947949 0.29077076
v 0.03664848 -0.16393625 0.2744798
v 0.03517646 -0.16293022 0.29549738
v 0.03803513 -0.1649487 0.25468286
v 0.05919559 -0.16078376 0.25181314
v 0.06026991 -0.16126538 0.23317107
v 0.03912454 -0.16565325 0.23543614
v 0.0816003 -0.15404437 0.2479577
v 0.08215954 -0.15433058 0.23010818
v 0.0825065 -0.15446396 0.2124335
v 0.06102157 -0.16160789 0.2149008
v 0.10437327 -0.14444816 0.22662524
v 0.10409288 -0.14455914 0.20960283
v 0.10372946 -0.14447939 0.19261319
v 0.08266553 -0.15442246 0.19492176
v 0.12491776 -0.13159771 0.20672634
v 0.1241211 -0.13183623 0.19020435
v 0.12324237 -0.1317635 0.17360623
v 0.10332221 -0.14427864 0.17563444
v 0.14314284 -0.11673986 0.1879165
v 0.14190308 -0.11695234 0.17163188
v 0.14083108 -0.11710386 0.15527153
v 0.12248225 -0.13170042 0.15698976
v 0.15875913 -0.10014884 0.16981132
v 0.15747433 -0.10055796 0.15362212
v 0.15620008 -0.10076377 0.13737943
v 0.13974012 -0.11704989 0.13887247
v 0.17222721 -0.08259112 0.15206684
v 0.17088092 -0.08307358 0.13588498
v 0.16968132 -0.08350255 0.11965502
v 0.15511511 -0.10098297 0.12109761
v 0.18358206 -0.06430985 0.13440182
v 0.18228817 -0.06489547 0.11815352
v 0.180969 -0.06534832 0.10190647
v 0.16848094 -0.08381233 0.10342244
v 0.19276227 -0.04540254 0.11661623
v 0.19142568 -0.04600824 0.10029057
v 0.19020608 -0.04657812 0.08401677
v 0.17982737 -0.06581112 0.08570643
v 0.19967351 -0.02595671 0.09859124
v 0.19835089 -0.02659171 0.08219035
v 0.19705648 -0.02720771 0.06585224
v 0.18896421 -0.04706681 0.06782559
v 0.2044451 -0.00627734 0.08023005
v 0.20309151 -0.00701183 0.06369867
v 0.20184773 -0.00780068 0.04728614
v 0.1958224 -0.02786701 0.0496404
v 0.20701184 0.0133838 0.06139437
v 0.2056263 0.01254359 0.0447509
v 0.20438334 0.01160169 0.02821712
v 0.20049722 -0.00858666 0.0310196
v 0.20755142 0.03283519 0.0420362
v 0.20616623 0.03185281 0.02524113
v 0.20487248 0.0307421 0.00854597
v 0.20301285 0.01057758 0.01183008
v 0.20603048 0.05192527 0.0220914
v 0.20468905 0.05078404 0.00501211
v 0.20359301 0.0493679 -0.01183223
v 0.20363202 0.02938839 -0.00795185
v 0.20270538 0.07046915 0.00141156
v 0.2015212 0.06905287 -0.01589889
v 0.20071271 0.06731619 -0.03310486
v 0.20261284 0.04763943 -0.02858881
v 0.197785 0.08824179 -0.02008569
v 0.19695161 0.08653964 -0.0378273
v 0.19654063 0.08434933 -0.0553703
v 0.2001561 0.06507578 -0.05010635
v 0.19142621 0.10506488 -0.04254638
v 0.19107762 0.10296428 -0.06073164
v 0.19147983 0.10031008 -0.0788109
v 0.19685402 0.0815385 -0.07274964
v 0.18386606 0.12069465 -0.06607063
v 0.18425926 0.11819503 -0.08486105
v 0.18538659 0.11511646 -0.10359429
v 0.19274464 0.09694979 -0.09661927
v 0.17544771 0.13492174 -0.09062895
v 0.17641994 0.13215886 -0.11024343
v 0.17852376 0.12890203 -0.12986908
v 0.18781131 0.11124846 -0.1219465
v 0.16618681 0.14747479 -0.11610692
v 0.16777594 0.14448314 -0.13658744
v 0.16991153 0.14151784 -0.1574797
v 0.18213155 0.12473744 -0.14905794
v 0.15666286 0.15808391 -0.1416665
v 0.15873105 0.15449063 -0.16232992
v 0.14669714 0.16678629 -0.16593152
v 0.14868725 0.16275851 -0.18559835
v 0.15050488 0.15881383 -0.2051801
v 0.15101955 0.15465031 -0.22766792
v 0.14954595 0.15032808 -0.25091555
v 0.16388031 0.13777095 -0.25180515
v 0.16015359 0.13264067 -0.27494683
v 0.17443318 0.11871923 -0.2779918
v 0.178992 0.12303008 -0.25536185
v 0.14616438 0.14507083 -0.27342885
v 0.14111407 0.13831971 -0.2945531
v 0.15483751 0.12632186 -0.29622691
v 0.14806741 0.11852401 -0.31581687
v 0.16104205 0.10584605 -0.31782943
v 0.16835184 0.11294306 -0.29862716
v 0.13494116 0.13021023 -0.31432363
v 0.12778794 0.12094075 -0.33288699
v 0.1401074 0.10958238 -0.33412432
v 0.13064625 0.09945718 -0.35093483
v 0.14215576 0.0877062 -0.35214316
v 0.15242737 0.0974682 -0.33575838
v 0.11927438 0.11069586 -0.35014042
v 0.10992596 0.10060434 -0.36645185
v 0.11992436 0.08922744 -0.36666205
v 0.10936828 0.08034271 -0.38308939
v 0.11755461 0.06832518 -0.38246858
v 0.13012124 0.07750709 -0.3671379
v 0.10107269 0.09210922 -0.38349589
v 0.09359876 0.08553604 -0.40142533
v 0.09985052 0.07343758 -0.40071305
v 0.09235747 0.0684487 -0.419303
v 0.08821506 0.08094663 -0.41993558
v 0.08553998 0.07815188 -0.43863323
v 0.08813457 0.06544923 -0.43829268
v 0.08721866 0.06357253 -0.45700144
v 0.08630296 0.0502578 -0.45705226
v 0.08557627 0.07664625 -0.4571481
v 0.08781047 0.07591999 -0.47527337
v 0.08893889 0.06223714 -0.47519248
v 0.09236159 0.06111239 -0.49288639
v 0.09063357 0.04654169 -0.49287602
v 0.08748387 0.04842764 -0.47527262
v 0.09145639 0.07557264 -0.49299466
v 0.0957138 0.07530834 -0.51041758
v 0.09656735 0.06000431 -0.5102263
v 0.10090269 0.05880018 -0.52737832
v 0.09472733 0.04456337 -0.51007866
v 0.10001814 0.07493698 -0.52767741
v 0.10408338 0.07435891 -0.54488581
v 0.08626542 0.03217562 -0.49293544
v 0.07646881 0.02160685 -0.47601467
v 0.08331724 0.03475564 -0.47554966
v 0.07528477 0.02382752 -0.45863372
v 0.08244446 0.0368272 -0.45749279
v 0.06571509 0.01219066 -0.45966097
v 0.06604391 0.01247305 -0.4429861
v 0.05389129 0.00324389 -0.44419062
v 0.06854344 0.00918821 -0.42726656
v 0.1262851 0.05563886 -0.38126617
v 0.14088287 0.06532701 -0.36795201
v 0.15384279 0.07526084 -0.35357186
v 0.15237122 0.05207628 -0.36872145
v 0.16601438 0.06170741 -0.35505232
v 0.17769084 0.07022653 -0.33976623
v 0.16493761 0.08436426 -0.33768135
v 0.1875053 0.0771218 -0.3231239
v 0.1742271 0.09202759 -0.32040149
v 0.19598072 0.08229728 -0.30571812
v 0.18215541 0.09830788 -0.30204531
v 0.20332667 0.08589351 -0.28785443
v 0.18895877 0.10283825 -0.28268474
v 0.20980003 0.08751565 -0.26967594
v 0.19466051 0.10565916 -0.26210445
v 0.21585381 0.08651167 -0.25174024
v 0.19949027 0.1062176 -0.24075402
v 0.22214722 0.08248406 -0.23481784
v 0.20444926 0.10340502 -0.22013633
v 0.22897702 0.07431208 -0.21934112
v 0.21363736 0.09197974 -0.20428492
v 0.23551341 0.06335154 -0.20521988
v 0.22190621 0.0780656 -0.19026254
v 0.20873074 0.09098769 -0.17408087
v 0.22848852 0.06257287 -0.17745427
v 0.21624024 0.07296212 -0.16247242
v 0.20654965 0.08115578 -0.14665682
v 0.1985623 0.10025765 -0.15685041
v 0.19974945 0.08755384 -0.1306186
v 0.192052 0.10642213 -0.13963642
v 0.19530186 0.0926688 -0.11393858
v 0.20521436 0.0682896 -0.12217794
v 0.20058362 0.07351068 -0.10629228
v 0.19797278 0.07795816 -0.08980162
v 0.20374949 0.05412812 -0.09922349
v 0.20123615 0.05853236 -0.08330781
v 0.20035186 0.06221356 -0.06687888
v 0.20248423 0.03896641 -0.07729626
v 0.20194269 0.04256659 -0.06135275
v 0.20197038 0.04542505 -0.0450815
v 0.20155757 0.02283965 -0.0562824
v 0.20183503 0.02559398 -0.04040912
v 0.2026785 0.02770991 -0.02430611
v 0.19983455 0.00580756 -0.03611425
v 0.20071478 0.00777656 -0.02035
v 0.20185974 0.00931409 -0.00433626
v 0.1969162 -0.011999 -0.01675373
v 0.19796736 -0.0106161 -0.00100513
v 0.19925327 -0.00952708 0.01489683
v 0.19221605 -0.03025505 0.00196616
v 0.19329904 -0.02929771 0.01766715
v 0.19464413 -0.02858323 0.03355943
v 0.18542568 -0.04863496 0.02008586
v 0.18656314 -0.04804875 0.03582784
v 0.18774221 -0.04754777 0.05175263
v 0.17637917 -0.06685017 0.03774903
v 0.17748394 -0.06651282 0.05359787
v 0.17858661 -0.06613835 0.06958707
v 0.16521982 -0.08451663 0.05514698
v 0.16625516 -0.08429775 0.07112183
v 0.16738367 -0.08410012 0.08723409
v 0.15201479 -0.10125157 0.07241834
v 0.15304461 -0.10121917 0.08858191
v 0.15399786 -0.10106235 0.10481955
v 0.13694998 -0.11681801 0.08974444
v 0.13779798 -0.11685889 0.10608346
v 0.13877525 -0.11699727 0.12247277
v 0.12008442 -0.13081856 0.10721482
v 0.12088772 -0.13116733 0.12377324
v 0.12163743 -0.13140265 0.14036402
v 0.1018551 -0.14325982 0.12497136
v 0.10237642 -0.14364109 0.14180077
v 0.102903 -0.1440552 0.15869587
v 0.08229157 -0.15344995 0.14310538
v 0.08255079 -0.15393476 0.16027839
v 0.08264263 -0.15417291 0.17754681
v 0.0617968 -0.16128452 0.16163647
v 0.06170171 -0.16149731 0.17918919
v 0.0614755 -0.16167977 0.196938
v 0.04077902 -0.16650852 0.18043628
v 0.04045267 -0.16658592 0.19845663
v 0.03993303 -0.16628342 0.21678142
v 0.04097569 -0.16630213 0.16265483
v 0.04105235 -0.16595672 0.14504802
v 0.06173097 -0.16085504 0.14421598
v 0.06156396 -0.16039112 0.12692858
v 0.04102722 -0.165508 0.12759152
v 0.08196479 -0.15296092 0.1260361
v 0.08153149 -0.15237364 0.10905394
v 0.06127784 -0.15976069 0.10974908
v 0.10125345 -0.14277485 0.10820242
v 0.10068099 -0.14241953 0.09150742
v 0.08107639 -0.15195024 0.09215369
v 0.11940816 -0.13065448 0.09071048
v 0.11862751 -0.13035993 0.07426977
v 0.10002892 -0.1420097 0.07487073
v 0.13608667 -0.11673489 0.07346124
v 0.13530869 -0.11672379 0.05728509
v 0.11796414 -0.13026276 0.05790947
v 0.15117888 -0.10140932 0.05637425
v 0.15026089 -0.10145209 0.04044854
v 0.13458763 -0.1167356 0.0412312
v 0.16426654 -0.08475127 0.03930573
v 0.16342485 -0.08500079 0.02367253
v 0.14951118 -0.10155895 0.02472859
v 0.1753921 -0.0672395 0.02211078
v 0.17449189 -0.06770467 0.00667701
v 0.16267994 -0.08520676 0.00823537
v 0.18442009 -0.0493448 0.00456075
v 0.18345174 -0.05022102 -0.01081767
v 0.17363353 -0.06824446 -0.0085821
v 0.19112268 -0.03136286 -0.01354768
v 0.1901395 -0.03282096 -0.02885738
v 0.18247667 -0.05127346 -0.02597932
v 0.19596831 -0.01372343 -0.03223754
v 0.19527474 -0.01595481 -0.04754449
v 0.18923236 -0.03460372 -0.04402344
v 0.19931596 0.00323562 -0.05168141
v 0.1994199 0.00009963 -0.06684672
v 0.19515022 -0.01882414 -0.06256384
v 0.20183384 0.01945053 -0.07182256
v 0.20397973 0.01510538 -0.08688363
v 0.20159775 -0.00413109 -0.08163236
v 0.20476472 0.0346059 -0.09274981
v 0.20941004 0.02930924 -0.10753012
v 0.2086595 0.00987167 -0.10119997
v 0.20823179 0.0488295 -0.11453271
v 0.21527691 0.04260923 -0.1290093
v 0.21653236 0.02323175 -0.12138517
v 0.21219606 0.06203112 -0.13734981
v 0.2217105 0.05463423 -0.15192438
v 0.22508698 0.03581204 -0.14246444
v 0.23633419 0.02809473 -0.15553432
v 0.23768545 0.0095019 -0.14608579
v 0.22637744 0.01662608 -0.13401845
v 0.23324735 0.04590756 -0.16589437
v 0.24549958 0.03534061 -0.18013496
v 0.24816283 0.01899377 -0.16892452
v 0.24113915 0.0501951 -0.19219125
v 0.25301441 0.03684816 -0.20743942
v 0.25697565 0.02362893 -0.19531364
v 0.2479272 0.04796262 -0.22024145
v 0.2578144 0.03255097 -0.23680409
v 0.26249715 0.02306585 -0.22459036
v 0.26795634 0.01106349 -0.24387429
v 0.27239704 -0.00041636 -0.23182949
v 0.26637351 0.01131632 -0.21240012
v 0.2620626 0.02129144 -0.25595921
v 0.26088333 0.01610327 -0.2734293
v 0.26847267 0.00335583 -0.26410409
v 0.25133916 0.02995863 -0.27957329
v 0.2448915 0.03046155 -0.29511299
v 0.25589394 0.01375143 -0.29090741
v 0.2384611 0.04860253 -0.28099528
v 0.23166665 0.04910189 -0.29563391
v 0.22375473 0.04749014 -0.31125244
v 0.23689971 0.02943418 -0.31110456
v 0.22435127 0.06858115 -0.27666291
v 0.21769689 0.06804508 -0.29271945
v 0.21001014 0.06540911 -0.30918544
v 0.2011004 0.06099922 -0.3256542
v 0.21443928 0.04387521 -0.32713103
v 0.20343726 0.03835846 -0.34265977
v 0.21582296 0.02126176 -0.34271237
v 0.22728997 0.02632388 -0.3271197
v 0.19062744 0.0547997 -0.34155726
v 0.17836812 0.04700911 -0.35643509
v 0.19070857 0.03118884 -0.3573794
v 0.17601949 0.02260936 -0.37050131
v 0.1871991 0.00656702 -0.37078881
v 0.20258747 0.01465295 -0.3576475
v 0.16429594 0.03793625 -0.36976617
v 0.14831972 0.027963 -0.38067093
v 0.15963441 0.01311296 -0.38136443
v 0.13700775 0.04207885 -0.3806191
v 0.13097482 0.01774702 -0.3890365
v 0.11327035 0.00795451 -0.39614182
v 0.14151087 0.00312914 -0.38910281
v 0.16986075 -0.00249927 -0.38142478
v 0.19723919 -0.01008203 -0.36983752
v 0.22272323 -0.01952242 -0.35403171
v 0.2133912 -0.00236214 -0.35660091
v 0.23709878 -0.01331563 -0.33839911
v 0.22718033 0.00397464 -0.34131419
v 0.24905362 -0.00830772 -0.32124739
v 0.23896345 0.00875706 -0.32507672
v 0.25815036 -0.00465067 -0.30298608
v 0.24857363 0.01186904 -0.3081595
v 0.26479631 -0.00120886 -0.28403201
v 0.26603883 -0.02059004 -0.29600209
v 0.27205523 -0.01582921 -0.27498742
v 0.27451804 -0.00938207 -0.25314196
v 0.27693289 -0.03040533 -0.26502284
v 0.27827951 -0.02297841 -0.24183668
v 0.27511239 -0.01348416 -0.2201281
v 0.27969086 -0.03738984 -0.23095415
v 0.27561661 -0.02801025 -0.20899581
v 0.26874738 -0.01781031 -0.18974265
v 0.26859432 -0.00247632 -0.20065888
v 0.25972455 -0.00779825 -0.17293167
v 0.25931444 0.00864467 -0.18377418
v 0.24927076 0.00133643 -0.15862864
v 0.2587223 -0.02567573 -0.1631159
v 0.24846188 -0.0174478 -0.1493489
v 0.23710829 -0.00976018 -0.13752049
v 0.24546946 -0.03675877 -0.14160205
v 0.23444227 -0.02930095 -0.13019651
v 0.22332969 -0.02218166 -0.11965574
v 0.22586447 -0.00277218 -0.12632568
v 0.21358937 -0.01546613 -0.10838629
v 0.21609962 0.00384988 -0.11437091
v 0.20605042 -0.00929709 -0.09573829
v 0.20915412 -0.03428017 -0.10337576
v 0.20170426 -0.0279341 -0.09104743
v 0.1971568 -0.02277504 -0.07721073
v 0.19468472 -0.04546101 -0.08768875
v 0.19032518 -0.04036262 -0.07371106
v 0.18882428 -0.03690345 -0.05899708
v 0.18225048 -0.05717396 -0.0707476
v 0.1811224 -0.05430623 -0.05599447
v 0.18160645 -0.0525617 -0.04105961
v 0.17183995 -0.07087586 -0.0535093
v 0.17215625 -0.06970617 -0.03874758
v 0.17288306 -0.06891921 -0.02370741
v 0.16105435 -0.08598651 -0.03697839
v 0.1615186 -0.08572291 -0.02204357
v 0.16206158 -0.08543133 -0.00696705
v 0.14821428 -0.10155354 -0.02112077
v 0.1484407 -0.10158211 -0.0060389
v 0.14891336 -0.10164309 0.00920193
v 0.1330595 -0.11663229 -0.0058467
v 0.13337694 -0.11674147 0.00960797
v 0.13391798 -0.11675713 0.02531961
v 0.11612412 -0.12997333 0.00949396
v 0.11669414 -0.13011151 0.02550439
v 0.11724786 -0.13009236 0.04164833
v 0.09816036 -0.14146548 0.0253786
v 0.09874726 -0.14154961 0.04180153
v 0.09941366 -0.1417755 0.05830735
v 0.07936376 -0.1508371 0.04177414
v 0.0799767 -0.15115553 0.05853057
v 0.08051817 -0.15144561 0.07531894
v 0.06013832 -0.15832768 0.05863659
v 0.06057525 -0.15869462 0.0756329
v 0.06098373 -0.15928207 0.09265828
v 0.04043764 -0.16384093 0.0758346
v 0.04071071 -0.16441839 0.09301744
v 0.0409047 -0.16497193 0.11025594
v 0.04010746 -0.16337271 0.05866922
v 0.03969743 -0.16296489 0.04147059
v 0.05960343 -0.15796835 0.04163587
v 0.05903257 -0.157853 0.02457509
v 0.03920911 -0.16270534 0.02415902
v 0.07878051 -0.15075255 0.02502264
v 0.0781532 -0.15063193 0.0082807
v 0.05839609 -0.15775604 0.00741668
v 0.09764459 -0.14141836 0.00902072
v 0.0972931 -0.14141605 -0.00720436
v 0.07770565 -0.15070419 -0.00852477
v 0.11588966 -0.12997792 -0.00627293
v 0.11581887 -0.12958946 -0.02175313
v 0.09722459 -0.1412213 -0.02324877
v 0.1330149 -0.11633674 -0.02102546
v 0.13343064 -0.11588395 -0.03597863
v 0.11643648 -0.12905134 -0.03698281
v 0.14814619 -0.10140866 -0.0360132
v 0.14865112 -0.1015921 -0.05043571
v 0.13433654 -0.11549206 -0.05035552
v 0.16102938 -0.08661999 -0.05158581
v 0.16232432 -0.0884616 -0.06609694
v 0.15047203 -0.10290277 -0.06462694
v 0.17297159 -0.07322067 -0.06813769
v 0.17738509 -0.07798746 -0.08158443
v 0.16678817 -0.09287706 -0.07936612
v 0.18666322 -0.06208344 -0.08452637
v 0.19445039 -0.06930702 -0.09588619
v 0.18493799 -0.08513635 -0.09271235
v 0.20243696 -0.05228849 -0.09958875
v 0.2124729 -0.05981466 -0.10924
v 0.20450291 -0.07742562 -0.10481347
v 0.21896027 -0.04127431 -0.11388557
v 0.23009319 -0.04867297 -0.12380288
v 0.22378531 -0.0676776 -0.11832213
v 0.23475895 -0.0751327 -0.12841899
v 0.2267404 -0.09379391 -0.1229414
v 0.21575997 -0.08593311 -0.11339379
v 0.24112847 -0.05604323 -0.13451215
v 0.2513512 -0.063329 -0.14739097
v 0.24538044 -0.08224438 -0.14047843
v 0.25588351 -0.04436476 -0.15475893
v 0.26492342 -0.05212806 -0.17071147
v 0.26078218 -0.07039347 -0.16283439
v 0.26759108 -0.03442864 -0.17951667
v 0.27478411 -0.04356112 -0.19878594
v 0.27279338 -0.06016537 -0.18975023
v 0.27828779 -0.06808751 -0.21170355
v 0.26945945 -0.07757735 -0.18142661
v 0.27962967 -0.05228647 -0.22085276
v 0.28099167 -0.0601084 -0.24512404
v 0.27973777 -0.0451992 -0.25492659
v 0.27544564 -0.05167961 -0.27879914
v 0.27180898 -0.03620215 -0.28768637
v 0.26318994 -0.0414621 -0.30890795
v 0.25700247 -0.02513274 -0.31564018
v 0.24521726 -0.03034963 -0.33391261
v 0.25540256 -0.08896389 -0.15520171
v 0.23776066 -0.10099694 -0.13403242
v 0.21761253 -0.11163602 -0.11769871
v 0.19578269 -0.11850045 -0.10516123
v 0.20645974 -0.10305174 -0.10890817
v 0.18446831 -0.10878746 -0.09822619
v 0.1951067 -0.09377834 -0.10111051
v 0.17434808 -0.09987323 -0.09022857
v 0.17254564 -0.1223941 -0.0961565
v 0.16254583 -0.11337368 -0.08858
v 0.15511308 -0.10682819 -0.07771353
v 0.14921462 -0.12574265 -0.08799263
v 0.14172998 -0.11956682 -0.07717498
v 0.13687302 -0.116402 -0.06417951
v 0.12599675 -0.13086853 -0.07811261
v 0.12084573 -0.12858778 -0.0651827
v 0.11780983 -0.12835866 -0.05152051
v 0.10205775 -0.13949613 -0.0680257
v 0.09912388 -0.13990877 -0.05411626
v 0.09774172 -0.1406942 -0.03902053
v 0.0788787 -0.14949829 -0.05811476
v 0.07764059 -0.15027797 -0.04199089
v 0.07739432 -0.15050894 -0.02533078
v 0.05690466 -0.1578603 -0.04529421
v 0.05713797 -0.15787455 -0.02744939
v 0.05773343 -0.15781121 -0.00992254
v 0.03731695 -0.162612 -0.0293319
v 0.03799648 -0.16255596 -0.01111096
v 0.03865505 -0.16256807 0.00666262
v 0.03662612 -0.16279904 -0.04802246
v 0.07121247 0.23131005 -0.09215734
v 0.08745779 0.22554351 -0.07017698
v 0.07119328 0.23313754 -0.07100234
v 0.08770532 0.22726564 -0.04924958
v 0.07133191 0.23471911 -0.05005075
v 0.08811567 0.22876751 -0.02856096
v 0.0716207 0.23618599 -0.02934721
v 0.08871924 0.23018035 -0.00821149
v 0.07204859 0.23751345 -0.00897937
v 0.08939854 0.23140665 0.01184426
v 0.0725789 0.23877093 0.01108087
v 0.09021896 0.23266829 0.0315798
v 0.0732204 0.24007313 0.03080801
v 0.09116443 0.23402094 0.05099681
v 0.07396263 0.2414297 0.05020253
v 0.09212819 0.23528999 0.07017401
v 0.07474574 0.24276723 0.0693258
v 0.09321659 0.23675741 0.08907154
v 0.0755665 0.24416403 0.08814004
v 0.09423799 0.23814277 0.10775087
v 0.07641573 0.24565741 0.10669408
v 0.09531806 0.23975732 0.12619496
v 0.0772613 0.24729928 0.12497077
v 0.09639941 0.24155201 0.14440758
v 0.07808086 0.24913106 0.14296814
v 0.09758976 0.24382723 0.16235573
v 0.0789286 0.25132435 0.16067338
v 0.09885282 0.24672076 0.17993819
v 0.07977343 0.25406056 0.17797882
v 0.10005556 0.25007346 0.19720774
v 0.08058869 0.25732675 0.19491414
v 0.10114684 0.2540906 0.21403287
v 0.08139637 0.26132902 0.21136975
v 0.10216539 0.2588315 0.23040735
v 0.08223431 0.26617541 0.22733913
v 0.10307534 0.26434293 0.24632844
v 0.0830513 0.27168864 0.24288651
v 0.1037728 0.27056816 0.2618443
v 0.083693 0.2777096 0.25809821
v 0.10409867 0.27728316 0.27709704
v 0.0839583 0.28392744 0.27313837
v 0.10400544 0.28454357 0.29196205
v 0.08389504 0.29067897 0.28777968
v 0.10357913 0.29245281 0.30635753
v 0.08341396 0.29788336 0.30203267
v 0.10259646 0.30103895 0.32025757
v 0.08261383 0.30614602 0.31557053
v 0.10106664 0.31039848 0.33364474
v 0.08139605 0.31524455 0.32865607
v 0.09909491 0.32033222 0.34665978
v 0.07986984 0.32493609 0.34143564
v 0.09686844 0.33076071 0.35931238
v 0.07812494 0.33512547 0.35393643
v 0.09436909 0.34156158 0.37177419
v 0.07607221 0.34563094 0.36644497
v 0.09161777 0.35263279 0.38419038
v 0.07388033 0.35647711 0.37883642
v 0.08884062 0.36404162 0.39634805
v 0.07164394 0.36766034 0.39104557
v 0.08608919 0.37575048 0.40826058
v 0.06941907 0.37916043 0.40304666
v 0.08342545 0.38774409 0.41990464
v 0.06728719 0.39100799 0.41471111
v 0.08093779 0.40005752 0.43115767
v 0.06530732 0.40322557 0.42593643
v 0.07866975 0.41269597 0.44197052
v 0.06350616 0.41580435 0.43669882
v 0.07664783 0.42565745 0.45231804
v 0.06189495 0.42872485 0.44700855
v 0.07488448 0.43893232 0.46219953
v 0.06048136 0.44197273 0.45687431
v 0.07338634 0.45251438 0.47161316
v 0.05927326 0.45554542 0.46628716
v 0.07215429 0.46639892 0.48055976
v 0.05827368 0.46944403 0.475239
v 0.07118452 0.48058208 0.48904398
v 0.05748145 0.48367193 0.48372554
v 0.07046708 0.49505713 0.49708297
v 0.05689227 0.49823373 0.4917491
v 0.06998087 0.50980442 0.50473022
v 0.05649053 0.51311934 0.49935725
v 0.06963634 0.52470684 0.51227194
v 0.05623113 0.52826899 0.50672644
v 0.06944369 0.539792 0.51966905
v 0.0560579 0.54360115 0.51410186
v 0.06941744 0.55508172 0.526896
v 0.05598321 0.55916154 0.52144587
v 0.06956918 0.57057404 0.53397893
v 0.05601779 0.57497358 0.52878075
v 0.06993207 0.58625954 0.54096019
v 0.05617815 0.5910328 0.53620827
v 0.07060474 0.60217452 0.54775959
v 0.05653948 0.60742086 0.54364538
v 0.07177862 0.61834019 0.55435103
v 0.05732134 0.6241368 0.5513072
v 0.07373958 0.63475018 0.56068843
v 0.0586217 0.64132612 0.55917531
v 0.0766129 0.65065479 0.56790012
v 0.08816164 0.6277467 0.56433534
v 0.09142644 0.6432898 0.56995922
v 0.09517964 0.6580286 0.57779312
v 0.10505176 0.63578969 0.57481956
v 0.10883752 0.6503815 0.58161413
v 0.11370831 0.66464382 0.58934718
v 0.10043473 0.67216533 0.5865634
v 0.11993611 0.67932027 0.59767466
v 0.10740909 0.68650329 0.59593349
v 0.12677425 0.69492059 0.60644847
v 0.1147207 0.70148384 0.60503286
v 0.13312716 0.71125608 0.61447972
v 0.121255 0.71727299 0.61343419
v 0.13819742 0.72877049 0.6221764
v 0.12685261 0.73414164 0.62118703
v 0.11449763 0.73955893 0.62314695
v 0.13184958 0.75155514 0.62929952
v 0.12041913 0.75576114 0.63216161
v 0.10854365 0.75978726 0.63772815
v 0.1252795 0.77221578 0.64145129
v 0.11407776 0.77500742 0.64697921
v 0.10294317 0.77681589 0.65386337
v 0.11736282 0.78854686 0.65637683
v 0.10696891 0.78948414 0.66282928
v 0.0987108 0.79022222 0.66950959
v 0.1106224 0.80061078 0.67108565
v 0.1034974 0.8017922 0.67678839
v 0.09782254 0.80320948 0.68289959
v 0.10912159 0.81235683 0.68336057
v 0.10482846 0.81409484 0.68817305
v 0.10139978 0.81543457 0.69311446
v 0.11234097 0.82331919 0.69297343
v 0.10939847 0.82468622 0.69697099
v 0.10738471 0.82534593 0.70103061
v 0.11675822 0.83240813 0.70069211
v 0.11459249 0.83293384 0.70427334
v 0.11374907 0.8320859 0.70816981
v 0.12051883 0.8389309 0.70716846
v 0.11963186 0.83815801 0.7107737
v 0.12036399 0.83606147 0.71390616
v 0.12521207 0.84329855 0.71297222
v 0.12568329 0.84113401 0.7160691
v 0.12735764 0.83806765 0.71816718
v 0.1307208 0.84722113 0.71439003
v 0.12596035 0.84415924 0.70922958
v 0.13143932 0.84795063 0.71077185
v 0.1366356 0.85046035 0.71200072
v 0.12789771 0.84352397 0.70564359
v 0.12259011 0.83844757 0.70348525
v 0.12524007 0.83733952 0.7001906
v 0.11941948 0.83118456 0.69713652
v 0.12252556 0.82982599 0.69366926
v 0.12832835 0.83597618 0.69678711
v 0.12618064 0.82872456 0.69044143
v 0.13187077 0.83428221 0.69309288
v 0.11565428 0.82164907 0.68900525
v 0.11969638 0.81995552 0.68499416
v 0.11477807 0.81079971 0.67857158
v 0.12156859 0.80971872 0.67410153
v 0.11933094 0.79996329 0.66583472
v 0.12918911 0.79969632 0.66140556
v 0.13009361 0.80957979 0.67042022
v 0.13811329 0.79908043 0.65864306
v 0.13778036 0.8098731 0.66832268
v 0.14601653 0.79796117 0.65777933
v 0.14476767 0.80950868 0.66745114
v 0.14387223 0.81879872 0.67590564
v 0.15087147 0.80814927 0.66832965
v 0.14934791 0.81806397 0.6764478
v 0.14273661 0.82685184 0.68304532
v 0.15599104 0.8065654 0.67022794
v 0.15253405 0.79616975 0.65887153
v 0.15813548 0.79423052 0.6612274
v 0.16264846 0.79248607 0.66446059
v 0.15951371 0.77867752 0.65233159
v 0.16454263 0.77698099 0.65571326
v 0.16852814 0.77568727 0.65952271
v 0.16478766 0.7582218 0.64769315
v 0.16949582 0.75681614 0.65214252
v 0.17306749 0.75592786 0.65661752
v 0.16923892 0.73623091 0.64581716
v 0.17307734 0.73517179 0.65108233
v 0.17603838 0.73462271 0.65618753
v 0.17261697 0.71364587 0.64582228
v 0.17611071 0.71291369 0.6517176
v 0.17882666 0.71273785 0.65801805
v 0.17610521 0.69104981 0.64801561
v 0.17940478 0.69057428 0.65550959
v 0.18160133 0.69053012 0.6627447
v 0.17832538 0.66896718 0.65312808
v 0.18129481 0.66840708 0.6619659
v 0.1827474 0.66879957 0.67052078
v 0.17978924 0.64852261 0.6608954
v 0.18150788 0.64833205 0.6711747
v 0.17788782 0.63073808 0.65939068
v 0.1801034 0.63022017 0.67063981
v 0.17646767 0.61349964 0.65747761
v 0.17930187 0.61269831 0.66967588
v 0.17605941 0.59648966 0.65506476
v 0.17981444 0.5949645 0.66802156
v 0.18189936 0.59447777 0.68147927
v 0.18127758 0.5772292 0.66577488
v 0.18456886 0.57593315 0.67988866
v 0.18544803 0.57484686 0.69429427
v 0.18699114 0.55745363 0.67730605
v 0.18831954 0.55544358 0.69230443
v 0.18487842 0.55402344 0.70764333
v 0.18223035 0.57387995 0.70852786
v 0.17875418 0.55285537 0.72225767
v 0.17573587 0.57299315 0.72262257
v 0.17289945 0.55134344 0.73700463
v 0.16921562 0.57176512 0.73676455
v 0.16684828 0.54945665 0.75200539
v 0.16320747 0.56998431 0.75168311
v 0.16054026 0.54711622 0.76717251
v 0.15731796 0.56760454 0.76692676
v 0.15182849 0.58791506 0.76583784
v 0.15339075 0.54437583 0.78213053
v 0.16190125 0.52657532 0.76625615
v 0.15388445 0.52365201 0.780963
v 0.16199968 0.50617539 0.76408124
v 0.15302996 0.50297653 0.77839493
v 0.16161257 0.48615464 0.76069998
v 0.15175707 0.4827061 0.77461415
v 0.16099011 0.46676856 0.75591862
v 0.15086887 0.46317851 0.76969742
v 0.15966028 0.44829911 0.74948304
v 0.1497029 0.44461432 0.76313203
v 0.15746428 0.43077823 0.74103623
v 0.14767181 0.4270395 0.75432783
v 0.13635715 0.42317751 0.76691091
v 0.14578591 0.40979477 0.74375116
v 0.1350751 0.40563246 0.75591176
v 0.14469876 0.39277374 0.73301261
v 0.13451905 0.38832286 0.74479913
v 0.14443767 0.37586134 0.72259527
v 0.13463813 0.37115907 0.73405182
v 0.14496779 0.35897097 0.71269333
v 0.13542217 0.35405138 0.72394007
v 0.12499563 0.3491472 0.73425287
v 0.13680674 0.3369115 0.71450799
v 0.12652681 0.33189114 0.72473251
v 0.11553319 0.32693526 0.73393607
v 0.12854549 0.31451314 0.71604192
v 0.11754492 0.30951196 0.72530967
v 0.10591751 0.30467248 0.73350441
v 0.1039664 0.32203224 0.74199682
v 0.0937863 0.30004814 0.74057179
v 0.09195809 0.31722572 0.74879825
v 0.08123856 0.29573574 0.74649065
v 0.07961306 0.31264907 0.75430214
v 0.06833214 0.29186227 0.75130838
v 0.06696961 0.308501 0.75862759
v 0.05510446 0.28854239 0.75510269
v 0.05403737 0.30495604 0.76194346
v 0.0531444 0.32038268 0.7694835
v 0.06989797 0.27450442 0.74481409
v 0.05636168 0.27131763 0.74900484
v 0.07169717 0.25650402 0.73912233
v 0.05781811 0.25336569 0.74365997
v 0.07375044 0.23790499 0.73421305
v 0.05948238 0.23474237 0.73906725
v 0.07606054 0.21874019 0.73004359
v 0.06135 0.2154943 0.73518437
v 0.07860568 0.19906021 0.72652506
v 0.06339667 0.19569493 0.73190128
v 0.08128935 0.17903199 0.72333496
v 0.06556067 0.17550961 0.72892743
v 0.08407867 0.15881452 0.72025412
v 0.06781643 0.15510126 0.7260285
v 0.08697912 0.1385249 0.71712821
v 0.07016415 0.13460783 0.7230106
v 0.08997062 0.1183881 0.71360671
v 0.0725895 0.11423712 0.71955406
v 0.09305597 0.09862636 0.70939195
v 0.0751056 0.09412537 0.71549463
v 0.0961907 0.07970319 0.70391207
v 0.0775694 0.07521731 0.70958155
v 0.09952238 0.06120547 0.6978892
v 0.08021376 0.05657222 0.70333552
v 0.10308614 0.04304279 0.691482
v 0.08302471 0.03828458 0.69666755
v 0.10685742 0.02523869 0.68468135
v 0.08597831 0.02038707 0.68957924
v 0.11075466 0.00783128 0.67745864
v 0.08900414 0.00295721 0.68202698
v 0.11463403 -0.00915627 0.66981983
v 0.09198623 -0.01396167 0.67401295
v 0.11829903 -0.02573276 0.66182547
v 0.09476424 -0.03036749 0.6655789
v 0.12151617 -0.04193739 0.65354794
v 0.09715302 -0.04630526 0.65678036
v 0.1240168 -0.05776967 0.64497155
v 0.09892294 -0.06169943 0.64752334
v 0.12552638 -0.07313489 0.6359353
v 0.09992948 -0.07656281 0.63772642
v 0.12595376 -0.08800054 0.62630903
v 0.10009545 -0.09076654 0.62715274
v 0.12543958 -0.10234596 0.61605572
v 0.09944405 -0.10418728 0.61557155
v 0.12380355 -0.11471439 0.6036871
v 0.09789113 -0.11638124 0.60246622
v 0.1211299 -0.1252734 0.58999079
v 0.09520414 -0.12703779 0.58738303
v 0.09097763 -0.13661702 0.56994265
v 0.08436182 -0.14593887 0.54851377
v 0.07506968 -0.15487468 0.52249568
v 0.08155167 -0.16176696 0.49261611
v 0.06593304 -0.16184289 0.49145343
v 0.09683536 -0.16419263 0.49257808
v 0.08674255 -0.16467672 0.46004888
v 0.11017963 -0.17043067 0.49035212
v 0.09804897 -0.17005337 0.45961627
v 0.09272871 -0.16526162 0.42991194
v 0.10709711 -0.17835988 0.45811691
v 0.10065107 -0.1733376 0.42942655
v 0.10061226 -0.16773273 0.40194562
v 0.0933448 -0.15996828 0.40122482
v 0.1056915 -0.16332574 0.37567648
v 0.09879177 -0.15661199 0.37420004
v 0.11707393 -0.15679414 0.35209062
v 0.11092364 -0.15108098 0.35044616
v 0.13481134 -0.14708596 0.33328601
v 0.12933315 -0.14202876 0.33183541
v 0.15692088 -0.13315457 0.32376241
v 0.15171141 -0.12789957 0.32227465
v 0.14661924 -0.12408831 0.31817492
v 0.17469859 -0.11240609 0.31856122
v 0.16938947 -0.1088122 0.31355547
v 0.16451165 -0.1066387 0.30694949
v 0.18935039 -0.09194716 0.31394237
v 0.18398879 -0.08966998 0.30631741
v 0.17909045 -0.08857133 0.29748299
v 0.19939363 -0.07233331 0.30862885
v 0.19404181 -0.07079421 0.29844757
v 0.18963372 -0.07051594 0.28724247
v 0.205409 -0.05400762 0.30041185
v 0.20097692 -0.0527269 0.2881855
v 0.19795119 -0.05282978 0.27521401
v 0.20986859 -0.03578165 0.28983181
v 0.20708359 -0.03503961 0.27584785
v 0.2057143 -0.03563181 0.26095372
v 0.2148029 -0.01724378 0.27704232
v 0.21342827 -0.01700938 0.26158604
v 0.21233677 -0.01742555 0.24554282
v 0.21956205 0.00185437 0.26271557
v 0.21829186 0.00198053 0.24627666
v 0.21685622 0.00165807 0.22979858
v 0.22231628 0.02169653 0.24745443
v 0.22088915 0.02171115 0.23054945
v 0.21958313 0.021263 0.21356904
v 0.22320237 0.04182455 0.23156368
v 0.22170624 0.04163946 0.21417957
v 0.22018016 0.04110562 0.1968171
v 0.22208507 0.06197137 0.21508507
v 0.22041374 0.06153785 0.19722838
v 0.21881248 0.06073398 0.1794427
v 0.21893723 0.08158879 0.19776277
v 0.21713416 0.08070886 0.17942847
v 0.21548381 0.07964466 0.16119964
v 0.21384254 0.10011065 0.17940688
v 0.21207511 0.0989289 0.16068053
v 0.21042412 0.09777446 0.14213582
v 0.2070174 0.11740343 0.16007226
v 0.20522582 0.11618298 0.14113308
v 0.20361563 0.11505825 0.12241646
v 0.1985502 0.13374957 0.14001001
v 0.19684758 0.1326382 0.12098866
v 0.19522178 0.13159839 0.10216029
v 0.18857434 0.14926938 0.11944695
v 0.18686372 0.14824557 0.10040747
v 0.18522512 0.14729577 0.08144909
v 0.17730584 0.16408455 0.09857136
v 0.17562615 0.1631383 0.07945972
v 0.17395094 0.16218553 0.06039381
v 0.16452637 0.17787261 0.0775437
v 0.16294816 0.17696453 0.05832915
v 0.16132053 0.17596551 0.03907022
v 0.15073829 0.19071655 0.05643015
v 0.14918345 0.18965587 0.03704199
v 0.14767985 0.18851155 0.0175026
v 0.13596464 0.20224908 0.03527111
v 0.13462677 0.20108433 0.01560647
v 0.13331039 0.19974473 -0.00426189
v 0.12052574 0.2124864 0.01405872
v 0.11941544 0.21117767 -0.00591337
v 0.11842953 0.20968727 -0.02613303
v 0.10454798 0.22136381 -0.00720911
v 0.10378824 0.21995574 -0.02752494
v 0.10324624 0.21838903 -0.04816386
v 0.10543897 0.22263741 0.01281707
v 0.12173271 0.21372246 0.03377151
v 0.10643705 0.22387908 0.03255
v 0.12303216 0.21494838 0.05322849
v 0.10755714 0.22514839 0.05199646
v 0.12434159 0.21608687 0.07251261
v 0.10872145 0.22639474 0.07122703
v 0.12581706 0.21739332 0.09159851
v 0.11000543 0.22778214 0.09022191
v 0.1273245 0.21873736 0.11056071
v 0.11129923 0.22918288 0.10904318
v 0.12880434 0.22010789 0.12941217
v 0.11258821 0.23070138 0.12767213
v 0.13038186 0.22174006 0.14817489
v 0.11394184 0.23244062 0.14614564
v 0.13223044 0.22391764 0.16680647
v 0.11547844 0.23473872 0.16439494
v 0.13463304 0.22714969 0.18518735
v 0.11731866 0.23791965 0.18229764
v 0.13690333 0.23077301 0.20345141
v 0.11907266 0.24157378 0.19996658
v 0.13867123 0.23449169 0.2214908
v 0.12046557 0.24548836 0.21729879
v 0.13992947 0.23878788 0.23912589
v 0.12162291 0.25000411 0.23425355
v 0.14077882 0.24394264 0.2563588
v 0.12246824 0.25528767 0.25076872
v 0.14143382 0.25051361 0.2729246
v 0.1230735 0.26151734 0.26676669
v 0.14175564 0.25821617 0.28899052
v 0.1233323 0.2685326 0.2824358
v 0.14179581 0.26711979 0.30446377
v 0.1234069 0.27661332 0.29749816
v 0.14137452 0.2768377 0.31935924
v 0.12300955 0.28535729 0.31211701
v 0.14044305 0.2872397 0.33364167
v 0.1220121 0.29478004 0.32617595
v 0.13834972 0.29757997 0.34759214
v 0.1202548 0.30459833 0.339805
v 0.13554421 0.30822214 0.36102926
v 0.11776624 0.31480231 0.3531109
v 0.13238188 0.31930521 0.3739511
v 0.1150443 0.32551056 0.36592757
v 0.12899538 0.33080369 0.38642177
v 0.11209969 0.33663329 0.37838485
v 0.12542752 0.34261962 0.39855149
v 0.1088444 0.34800645 0.39075142
v 0.12155232 0.35456976 0.41064715
v 0.1055056 0.35965555 0.402904
v 0.11773721 0.36675521 0.42244365
v 0.1022285 0.37159267 0.41475093
v 0.11407292 0.37916734 0.43392163
v 0.09907583 0.38379791 0.42628443
v 0.11065868 0.39182546 0.4450134
v 0.09610466 0.39626067 0.43748918
v 0.10751985 0.40471032 0.45574048
v 0.09338372 0.40899917 0.44829568
v 0.10470121 0.41782549 0.4660781
v 0.09095681 0.42202472 0.45865494
v 0.10225883 0.43119713 0.47595331
v 0.08884534 0.43533563 0.46855095
v 0.10020242 0.44482076 0.48535984
v 0.08706234 0.44893205 0.4779672
v 0.09852658 0.45868328 0.49431058
v 0.08560555 0.46280428 0.48691165
v 0.0972214 0.47277215 0.50281691
v 0.08447008 0.47694549 0.49538886
v 0.09624383 0.48704591 0.5109539
v 0.08362162 0.49131792 0.50347572
v 0.0955277 0.5014463 0.51883679
v 0.08301993 0.50588089 0.51125913
v 0.09509301 0.51599204 0.52640426
v 0.082613 0.52058124 0.51885831
v 0.09493976 0.53067797 0.53364253
v 0.08242768 0.53545045 0.52619725
v 0.09506538 0.54548645 0.54055851
v 0.08247029 0.55048471 0.53327482
v 0.09548229 0.56039506 0.54715865
v 0.0827552 0.56566911 0.54010462
v 0.09623804 0.57538718 0.55342316
v 0.08332603 0.58098757 0.54669272
v 0.09742557 0.59045118 0.55929541
v 0.08428772 0.59644568 0.55296576
v 0.09918665 0.60557049 0.56471675
v 0.08581259 0.61204344 0.55883306
v 0.10170853 0.6207214 0.56973421
v 0.11180323 0.59911 0.57187348
v 0.11432498 0.61385744 0.5766648
v 0.1174773 0.62855249 0.58163034
v 0.12604647 0.60731244 0.58485478
v 0.12887764 0.62190848 0.58987581
v 0.13224518 0.63660621 0.59523046
v 0.12116123 0.64307749 0.58764445
v 0.13644751 0.6514402 0.60130024
v 0.12577113 0.65767353 0.59454441
v 0.14139565 0.66688484 0.60811626
v 0.13103474 0.67268991 0.60196745
v 0.14663112 0.68315464 0.6151905
v 0.13718693 0.68866097 0.60995489
v 0.15182268 0.7011491 0.62221962
v 0.14310492 0.70581913 0.61767423
v 0.15575216 0.72041428 0.62904602
v 0.14737197 0.72433936 0.62497484
v 0.15809416 0.74028545 0.63615936
v 0.1504828 0.74352806 0.63253003
v 0.14198605 0.74727177 0.62986171
v 0.15280826 0.76256936 0.64072048
v 0.14483347 0.76588541 0.63848608
v 0.13570722 0.76911896 0.63849002
v 0.14651653 0.78332489 0.64764732
v 0.13768948 0.78578329 0.64828407
v 0.12803068 0.787463 0.65127784
v 0.15364508 0.78082114 0.64935708
v 0.15943239 0.75999581 0.64399796
v 0.16418772 0.73797911 0.64056015
v 0.16258521 0.71745061 0.63404744
v 0.16821314 0.71512359 0.63987457
v 0.15930782 0.69737535 0.62768346
v 0.16608503 0.69422155 0.63403123
v 0.17155188 0.69223296 0.64069211
v 0.16258648 0.67524975 0.62832593
v 0.1690218 0.67241615 0.63618987
v 0.17425853 0.67037886 0.6444754
v 0.16594193 0.65431445 0.63175517
v 0.17175696 0.65169572 0.64096194
v 0.17641571 0.64973664 0.65058749
v 0.16916398 0.63450586 0.63752579
v 0.17421694 0.63216996 0.64825147
v 0.16677515 0.61800217 0.63418221
v 0.17223747 0.61541181 0.64566326
v 0.16496659 0.60192668 0.63060236
v 0.17119233 0.59873163 0.64265263
v 0.16384688 0.58607751 0.62674611
v 0.17070601 0.58243525 0.63923013
v 0.17658923 0.57935994 0.65223306
v 0.17073889 0.56618958 0.6353892
v 0.17733497 0.56267976 0.64866966
v 0.18304027 0.55968058 0.6627357
v 0.17779704 0.54615455 0.64472669
v 0.18383118 0.54258716 0.65897637
v 0.1879318 0.53910332 0.67417931
v 0.18340085 0.52564156 0.65496134
v 0.18734951 0.52169835 0.67042094
v 0.1885842 0.51818925 0.68671608
v 0.18903477 0.53634303 0.68996256
v 0.18637467 0.51548111 0.70304256
v 0.18583314 0.53452402 0.70585954
v 0.18197655 0.51331222 0.71871477
v 0.18080714 0.53284138 0.72105991
v 0.17659276 0.51120466 0.73424702
v 0.17533356 0.53111803 0.73624497
v 0.1698101 0.50888669 0.74932944
v 0.16891348 0.5290541 0.75126403
v 0.17700722 0.49178934 0.73093289
v 0.17003729 0.48913702 0.74613481
v 0.17685702 0.47301915 0.72629988
v 0.16965793 0.47000345 0.74148082
v 0.17508503 0.45516264 0.71997135
v 0.16812464 0.45175638 0.73513174
v 0.17202915 0.43840557 0.71195066
v 0.16556739 0.43454021 0.72690379
v 0.16933544 0.42230024 0.70265072
v 0.16311772 0.41795149 0.71721512
v 0.15521001 0.41384425 0.73089647
v 0.16136011 0.40170043 0.70711261
v 0.15370234 0.3971903 0.72044783
v 0.16062136 0.38546201 0.69726645
v 0.15316863 0.38058921 0.71033364
v 0.16087201 0.36916548 0.68778312
v 0.1534989 0.36398583 0.70061796
v 0.16201435 0.35278934 0.67867493
v 0.15467459 0.34731546 0.69139301
v 0.14624626 0.3420346 0.70337665
v 0.15665437 0.33053991 0.68267691
v 0.14822927 0.32500222 0.69465345
v 0.13881167 0.31967142 0.70579415
v 0.15090495 0.30783325 0.68652325
v 0.14142607 0.30227935 0.6977697
v 0.13107827 0.29695457 0.70813745
v 0.14464725 0.28470066 0.69039845
v 0.13414244 0.27917438 0.70096677
v 0.12284413 0.27392712 0.71060621
v 0.11996714 0.29185503 0.71755594
v 0.11086206 0.26898255 0.71927422
v 0.10819935 0.28699907 0.72596311
v 0.09829121 0.2643868 0.72693258
v 0.0958792 0.28243583 0.73331743
v 0.0852124 0.26020309 0.73355239
v 0.08309029 0.2782408 0.73959797
v 0.10105881 0.24590216 0.72135424
v 0.08763611 0.24164673 0.72830951
v 0.10420329 0.22698657 0.7165361
v 0.09037201 0.22259156 0.72381997
v 0.10770893 0.20766279 0.71240001
v 0.09340456 0.20307144 0.72000891
v 0.11148417 0.18801719 0.70876294
v 0.09661927 0.1832242 0.71659344
v 0.11536055 0.16825735 0.70526748
v 0.09994309 0.16322727 0.71330797
v 0.11930129 0.14855128 0.70169973
v 0.10336869 0.14321377 0.70998001
v 0.12334865 0.12902167 0.69793272
v 0.10690006 0.12336073 0.70635992
v 0.1274665 0.11004013 0.69344115
v 0.11052346 0.10397101 0.7020179
v 0.13177169 0.09160456 0.6883136
v 0.11428642 0.08519481 0.69682663
v 0.13639435 0.07360602 0.68276089
v 0.11828894 0.06690011 0.69105875
v 0.1413972 0.05598098 0.67687726
v 0.12259411 0.04895246 0.68492776
v 0.14675219 0.03872237 0.6706168
v 0.12717136 0.03137705 0.67839402
v 0.15235324 0.02177242 0.66396093
v 0.13193911 0.0141267 0.67148357
v 0.15801049 0.00509128 0.65689319
v 0.13672801 -0.00279491 0.66418218
v 0.1634957 -0.01136958 0.64950329
v 0.14132836 -0.01942485 0.65657985
v 0.16856142 -0.02767772 0.64193493
v 0.14546252 -0.03577967 0.64874953
v 0.17296446 -0.04392877 0.63432723
v 0.14883709 -0.05190881 0.64074271
v 0.17622982 -0.06003196 0.62651932
v 0.15107369 -0.06774836 0.63241469
v 0.17793741 -0.07591932 0.61824524
v 0.15187226 -0.08323855 0.62353807
v 0.17796526 -0.09091842 0.60883104
v 0.15115547 -0.0979543 0.61365723
v 0.17704272 -0.1047243 0.59840005
v 0.14919304 -0.11088514 0.60188978
v 0.17616012 -0.11737837 0.58752811
v 0.1465366 -0.12235632 0.58918172
v 0.20841993 -0.10807996 0.58256185
v 0.21079723 -0.12022708 0.57248401
v 0.20676295 -0.09518141 0.59217816
v 0.23618751 -0.08326407 0.5837574
v 0.23956358 -0.09668043 0.57432735
v 0.20524266 -0.08111565 0.60127711
v 0.23232287 -0.06916296 0.59206283
v 0.25661987 -0.05522321 0.57926082
v 0.26167142 -0.06952387 0.57064586
v 0.20336236 -0.06597129 0.60981631
v 0.2282477 -0.05428659 0.59980595
v 0.2509779 -0.0405752 0.58710312
v 0.2699067 -0.02623688 0.5702359
v 0.27651858 -0.04082873 0.56207162
v 0.22300922 -0.0383795 0.60683614
v 0.24374593 -0.02534663 0.59355551
v 0.26124778 -0.01173137 0.5766415
v 0.27538511 0.00161285 0.55652827
v 0.2846713 -0.01231498 0.54963791
v 0.23628304 -0.00999008 0.60025042
v 0.252709 0.00291211 0.58324867
v 0.26640486 0.0156594 0.56357091
v 0.27734673 0.02798092 0.54180234
v 0.28592017 0.01434626 0.53383666
v 0.24443088 0.01763306 0.59022611
v 0.25795164 0.02986942 0.57101625
v 0.26923683 0.04180385 0.5500285
v 0.27744382 0.05325514 0.5273748
v 0.28445315 0.03960819 0.5180152
v 0.24979333 0.0442189 0.57873928
v 0.26135525 0.05582251 0.55848729
v 0.27031993 0.0670882 0.53688645
v 0.27539959 0.0779826 0.51425004
v 0.28155508 0.06421939 0.50363689
v 0.2533504 0.06997785 0.56698846
v 0.26279693 0.08104735 0.54635781
v 0.26869043 0.09181093 0.52481281
v 0.27043435 0.10235275 0.5030964
v 0.27640926 0.08868426 0.49170142
v 0.25466901 0.09505303 0.5556336
v 0.26112151 0.10563404 0.53512883
v 0.26353994 0.11597695 0.51429903
v 0.26274901 0.12634217 0.49380007
v 0.26893365 0.11291163 0.48203447
v 0.25281715 0.1194754 0.54505223
v 0.25589317 0.12961942 0.52509897
v 0.25592979 0.139825 0.50519323
v 0.25418505 0.15028911 0.48541611
v 0.26017552 0.13693366 0.47371313
v 0.247938 0.14345702 0.53522729
v 0.24891568 0.15352247 0.51584488
v 0.24812871 0.16381232 0.49633497
v 0.24595449 0.17417277 0.47651436
v 0.25126907 0.16081142 0.46543288
v 0.24215732 0.16752176 0.52570885
v 0.24222376 0.17762336 0.50651305
v 0.24074827 0.18779955 0.4870401
v 0.2374027 0.19786323 0.46746081
v 0.24201908 0.18427908 0.45639917
v 0.23692548 0.19183699 0.51629167
v 0.23599028 0.20186667 0.49725824
v 0.2331047 0.21183925 0.47823065
v 0.22841671 0.22162286 0.45950725
v 0.23217861 0.20770086 0.44808697
v 0.23139973 0.21633395 0.50735133
v 0.22894379 0.22620748 0.48891004
v 0.22506594 0.23596797 0.47077599
v 0.21931116 0.24572177 0.45334661
v 0.22227704 0.23141482 0.44146719
v 0.22441618 0.24087457 0.49961346
v 0.22045955 0.25051653 0.48209559
v 0.21499741 0.26005411 0.46516355
v 0.20794071 0.26941496 0.44900822
v 0.21192738 0.25535729 0.43677094
v 0.21556919 0.26514768 0.49303245
v 0.21031181 0.27442607 0.47652608
v 0.20345245 0.2835012 0.46071204
v 0.19498941 0.29230502 0.44573122
v 0.19927345 0.27853852 0.43379971
v 0.20512993 0.28884691 0.48741784
v 0.19845958 0.29762867 0.47190105
v 0.19022223 0.30614712 0.45710554
v 0.18052528 0.31437045 0.44309291
v 0.18500722 0.30079332 0.43165832
v 0.19305861 0.31178146 0.48264759
v 0.18508128 0.32002246 0.46804887
v 0.17568416 0.32798692 0.45415064
v 0.1640145 0.33540079 0.44150003
v 0.16900266 0.32220649 0.43007415
v 0.17980408 0.33391293 0.47865319
v 0.17057526 0.34158247 0.46497786
v 0.15905369 0.34863171 0.45264643
v 0.14639532 0.35526162 0.44132232
v 0.15096977 0.34236031 0.42998489
v 0.16534791 0.35513803 0.4756529
v 0.15419741 0.3619098 0.46353691
v 0.14179159 0.36819085 0.45254012
v 0.12835076 0.37394872 0.44268181
v 0.1325092 0.3612973 0.43129807
v 0.14957249 0.37525007 0.47417843
v 0.13748496 0.38125702 0.4634293
v 0.12447287 0.38679534 0.45370027
v 0.13353708 0.39446789 0.4739817
v 0.1209141 0.39982917 0.46436399
v 0.13002023 0.40784418 0.4841535
v 0.11774786 0.41307452 0.47461178
v 0.12696726 0.42139112 0.49392649
v 0.11500001 0.42653191 0.48443082
v 0.12440201 0.4351111 0.5032823
v 0.11268517 0.44019839 0.49381277
v 0.1223259 0.4489957 0.51221984
v 0.11080563 0.45406666 0.50275576
v 0.12070324 0.46301734 0.52077484
v 0.10932926 0.46810761 0.51130282
v 0.11950989 0.47715929 0.52895498
v 0.10821571 0.48228901 0.51950186
v 0.11872655 0.491409 0.53675425
v 0.10744926 0.49659866 0.52735376
v 0.11833349 0.50575292 0.54416328
v 0.10702072 0.51102787 0.53484636
v 0.11830875 0.52017384 0.55117613
v 0.10692014 0.52556318 0.54197162
v 0.11863683 0.53465312 0.5577842
v 0.10713538 0.54018139 0.54873776
v 0.11930722 0.5491687 0.56399005
v 0.10768257 0.55486619 0.5551241
v 0.12034257 0.56370502 0.56977236
v 0.10858912 0.56959313 0.56113207
v 0.12177797 0.57824492 0.5751326
v 0.10993076 0.5843479 0.56671512
v 0.12365309 0.59278863 0.580145
v 0.13296236 0.57222032 0.58449596
v 0.13476136 0.58668983 0.58937621
v 0.13692541 0.60121446 0.59405297
v 0.14510934 0.58088141 0.59951907
v 0.14697293 0.59555482 0.60406869
v 0.14916323 0.61054378 0.60862416
v 0.13947673 0.61595022 0.59886324
v 0.15194746 0.62574034 0.6131525
v 0.14264203 0.63080507 0.60385382
v 0.1553082 0.64136916 0.61788171
v 0.14638051 0.64603263 0.60910534
v 0.15889246 0.65770679 0.62292254
v 0.15062309 0.66187411 0.61507988
v 0.15509642 0.67886072 0.62142837
v 0.16290387 0.63752424 0.6275202
v 0.16005691 0.62145221 0.62337142
v 0.15775829 0.60584509 0.61922872
v 0.15605267 0.59045463 0.61495518
v 0.1546415 0.57543528 0.610565
v 0.16318291 0.57047045 0.62256205
v 0.15319605 0.56072592 0.60603362
v 0.16222637 0.55536341 0.61814194
v 0.17051462 0.55038261 0.63110083
v 0.1609862 0.54054999 0.61338001
v 0.16956786 0.53514933 0.62644475
v 0.17737822 0.53011661 0.64024961
v 0.16807115 0.52023094 0.62140244
v 0.17580469 0.51471245 0.63542401
v 0.18204942 0.5095489 0.65038067
v 0.17364922 0.49975445 0.6300466
v 0.17970746 0.4941008 0.64511942
v 0.1836728 0.48876702 0.66100662
v 0.18575267 0.50484699 0.66615998
v 0.18575166 0.48393786 0.67729795
v 0.1875354 0.50074899 0.68247234
v 0.18508532 0.47978907 0.69392406
v 0.18652901 0.49721327 0.69910806
v 0.18196056 0.47621235 0.71038085
v 0.18244303 0.49438098 0.71520537
v 0.18203772 0.46326044 0.68764013
v 0.17952504 0.4590418 0.70395332
v 0.17892126 0.44758045 0.68005925
v 0.17663162 0.44263988 0.69633519
v 0.17639005 0.43220502 0.67176383
v 0.17377421 0.42703914 0.68741053
v 0.17481224 0.41694328 0.66310179
v 0.17202726 0.4114952 0.67829215
v 0.16753472 0.40641918 0.69304496
v 0.1713155 0.3959268 0.66915643
v 0.16671189 0.39055004 0.68351066
v 0.17161051 0.38026836 0.66013747
v 0.16692186 0.37458688 0.67423945
v 0.17286399 0.36449742 0.65129953
v 0.16809384 0.35851436 0.66526508
v 0.17503441 0.34860494 0.64267516
v 0.17016722 0.34232258 0.65660309
v 0.16401079 0.33630335 0.66997146
v 0.17309895 0.32600343 0.64826005
v 0.16684325 0.31968343 0.66168898
v 0.15939977 0.31363359 0.67446249
v 0.17047417 0.30292126 0.65381449
v 0.16288654 0.2965784 0.6667363
v 0.15426883 0.29049837 0.67897164
v 0.16710783 0.27936032 0.65948754
v 0.15831396 0.2729806 0.67197376
v 0.14849814 0.26690876 0.68366223
v 0.16302765 0.255277 0.66549682
v 0.15299952 0.24888645 0.67754322
v 0.14197354 0.24284929 0.68869596
v 0.13776744 0.26114478 0.69449687
v 0.13009759 0.23716457 0.69893878
v 0.12621356 0.25570198 0.70441412
v 0.11747344 0.23186288 0.70822864
v 0.11394622 0.25060626 0.71337902
v 0.13449615 0.21831837 0.69412964
v 0.12143891 0.21276316 0.70376223
v 0.13934904 0.19920881 0.68988382
v 0.12577119 0.19336459 0.69984984
v 0.14442245 0.17999333 0.68591934
v 0.13024415 0.17385222 0.69615232
v 0.14952196 0.16086365 0.68195682
v 0.13472574 0.15444397 0.6923654
v 0.15462781 0.14201037 0.67779666
v 0.13928462 0.13526299 0.68839758
v 0.15952479 0.12397859 0.67274588
v 0.14384101 0.11673028 0.68368846
v 0.1646097 0.10655906 0.66719061
v 0.1485935 0.09874127 0.67847406
v 0.17017816 0.08955061 0.66146075
v 0.15373814 0.0811904 0.67294091
v 0.17627391 0.07294631 0.65551936
v 0.15935355 0.06401798 0.66716331
v 0.18286871 0.05666481 0.64936018
v 0.16539612 0.04721475 0.66104108
v 0.18980017 0.04064801 0.6428495
v 0.1717402 0.0306939 0.65453845
v 0.19686257 0.02480998 0.63594877
v 0.17817011 0.01439667 0.64760023
v 0.20386719 0.00905925 0.62875878
v 0.18447235 -0.00176167 0.64033138
v 0.21065308 -0.0066803 0.62141782
v 0.19040894 -0.01784086 0.63284772
v 0.21709954 -0.02248308 0.61408555
v 0.19580543 -0.033938 0.62533015
v 0.2002598 -0.05002089 0.6177054
v 0.22877913 0.00531933 0.60727167
v 0.2212442 0.02059856 0.61447274
v 0.2364126 0.03241818 0.5975328
v 0.21365827 0.03589867 0.62162977
v 0.22850003 0.04726605 0.60493606
v 0.24170592 0.05867617 0.58656567
v 0.22070518 0.0621919 0.61228829
v 0.23365663 0.07322295 0.59437519
v 0.24511583 0.08421681 0.57540965
v 0.22578346 0.08788635 0.60208976
v 0.23685765 0.0985592 0.58369374
v 0.246156 0.10912354 0.56464266
v 0.22886502 0.11307746 0.59179282
v 0.23769725 0.12336035 0.57332372
v 0.24428048 0.13347914 0.55444264
v 0.22983692 0.13787698 0.58170282
v 0.23626393 0.147777 0.56333118
v 0.24035076 0.15759907 0.54465442
v 0.22921407 0.16243067 0.57188719
v 0.23365387 0.17207914 0.55363845
v 0.23615436 0.18186187 0.53510367
v 0.22798094 0.18698652 0.5624184
v 0.23098278 0.19660374 0.54428869
v 0.23209872 0.20642638 0.52588236
v 0.22609965 0.21183382 0.55338287
v 0.22756326 0.22144156 0.53548282
v 0.22692132 0.23115579 0.51748633
v 0.22212541 0.23683634 0.54488027
v 0.2215076 0.24629204 0.52739685
v 0.21928088 0.25574812 0.51005393
v 0.21532607 0.26163333 0.53689897
v 0.21358341 0.27076605 0.52009129
v 0.21017739 0.27986472 0.50353598
v 0.20751762 0.28585425 0.52975952
v 0.20434051 0.29462942 0.51363259
v 0.19950494 0.3032976 0.49787914
v 0.19840581 0.30941003 0.52339553
v 0.1937519 0.31776344 0.50798046
v 0.18752597 0.32594999 0.49303039
v 0.18816906 0.33223319 0.51779371
v 0.18211768 0.34012791 0.50311821
v 0.1746068 0.34781405 0.48897951
v 0.17701086 0.35431158 0.51295858
v 0.16958312 0.36171287 0.49908798
v 0.16042654 0.36874142 0.48605766
v 0.16490712 0.37562671 0.5089758
v 0.1559377 0.38241857 0.49616402
v 0.14526574 0.38865807 0.48458093
v 0.15183587 0.39613461 0.50604957
v 0.14142093 0.40218401 0.49464771
v 0.14820383 0.40990364 0.51568913
v 0.13807711 0.41583657 0.50435715
v 0.14517447 0.42377439 0.52497261
v 0.13526991 0.42962282 0.51368254
v 0.14277645 0.43775522 0.53385943
v 0.13300971 0.44353956 0.5226109
v 0.14099732 0.45183685 0.54233723
v 0.1312832 0.4575755 0.53113853
v 0.13978855 0.46599856 0.55041188
v 0.13005515 0.47171145 0.53927332
v 0.13910816 0.4802244 0.55807584
v 0.12929821 0.48593372 0.54700589
v 0.13891775 0.49450221 0.56531035
v 0.12898078 0.50022715 0.55432653
v 0.13917012 0.50881999 0.57209754
v 0.12906891 0.51457554 0.56122517
v 0.13980369 0.52316451 0.57843309
v 0.1295318 0.52896332 0.56768983
v 0.14076529 0.53752881 0.58431029
v 0.13033711 0.54337281 0.57372421
v 0.14201182 0.55191004 0.58973413
v 0.13148263 0.55779314 0.57931542
v 0.14344233 0.5663591 0.59480857
v 0.15182954 0.546148 0.60111969
v 0.15056869 0.53167861 0.59577143
v 0.15964084 0.52590352 0.60817432
v 0.14944672 0.51729655 0.58999943
v 0.15833593 0.51139956 0.6024841
v 0.16641444 0.5055412 0.61585199
v 0.15725043 0.49699184 0.59629255
v 0.16493232 0.49099916 0.60973459
v 0.17160879 0.48503506 0.62398856
v 0.1638299 0.476543 0.60308498
v 0.17003825 0.47043636 0.61731118
v 0.17487353 0.46438857 0.63227421
v 0.17702814 0.47916391 0.63903939
v 0.17811617 0.45847997 0.64785486
v 0.18071831 0.47350519 0.65479642
v 0.17945163 0.45286324 0.66383594
v 0.18249443 0.46816059 0.67104041
v 0.17622171 0.44361132 0.64030545
v 0.17722809 0.43773949 0.65599328
v 0.17526 0.42878425 0.63233286
v 0.17593365 0.42270961 0.64772492
v 0.17517332 0.41394233 0.62408632
v 0.17562152 0.40765935 0.63924032
v 0.17430481 0.40163645 0.6543346
v 0.17625625 0.39253163 0.6306653
v 0.17477622 0.38625106 0.64556402
v 0.1777215 0.37731322 0.6220628
v 0.17614965 0.37076631 0.63685673
v 0.18003039 0.36199235 0.61347705
v 0.17841424 0.35516852 0.62825888
v 0.18310682 0.34657332 0.60492533
v 0.18151469 0.33946129 0.61978411
v 0.17808422 0.33258816 0.63427841
v 0.18538299 0.32365238 0.61142855
v 0.18193624 0.31645718 0.62609374
v 0.17685852 0.30955109 0.64023548
v 0.18654544 0.30021563 0.61811095
v 0.18139901 0.29296881 0.63251239
v 0.17485192 0.28601995 0.64631968
v 0.18654294 0.27629584 0.62500929
v 0.17994551 0.26898232 0.63918316
v 0.17205569 0.2619749 0.65269798
v 0.18552017 0.25188073 0.63226687
v 0.17760457 0.24446833 0.6462714
v 0.16845662 0.23737308 0.65955203
v 0.18352992 0.22693106 0.64005291
v 0.17432326 0.21938975 0.65391886
v 0.16386957 0.21220146 0.66695427
v 0.15812568 0.23064461 0.67198485
v 0.15213494 0.20547716 0.67894828
v 0.14677383 0.22428436 0.68353521
v 0.16963678 0.19385069 0.66195899
v 0.15764616 0.18665744 0.67453032
v 0.17556661 0.17561346 0.65705335
v 0.16313827 0.16801215 0.67005199
v 0.18172927 0.15757845 0.65219926
v 0.16881263 0.14956761 0.66558712
v 0.18733923 0.14044421 0.64638507
v 0.17411544 0.13195963 0.6602441
v 0.19305028 0.12400267 0.63999021
v 0.17954568 0.11503232 0.65433633
v 0.19922485 0.10804853 0.63334244
v 0.1854524 0.09857139 0.64821416
v 0.20593701 0.0924945 0.62650787
v 0.19191338 0.08250434 0.64193868
v 0.21313957 0.0772417 0.61949348
v 0.19884274 0.0667759 0.63540887
v 0.20614528 0.05126758 0.62864106
v 0.21825945 0.10273341 0.60965699
v 0.21125426 0.11785649 0.61706513
v 0.22144264 0.12786522 0.59970289
v 0.20482778 0.13336232 0.62427842
v 0.21472674 0.14301472 0.60741621
v 0.22285141 0.15275082 0.58984583
v 0.20864613 0.15863341 0.61486607
v 0.21673093 0.16805745 0.59778577
v 0.22320213 0.17750836 0.58025962
v 0.21102976 0.18392615 0.60540461
v 0.21772427 0.1930966 0.58842313
v 0.22277943 0.20238649 0.57105225
v 0.21156302 0.20935995 0.59606581
v 0.21680988 0.21835751 0.57930094
v 0.22042553 0.22751526 0.56221783
v 0.20994117 0.23470763 0.58707821
v 0.21363465 0.24353051 0.57058161
v 0.21539884 0.25253155 0.55379062
v 0.2070104 0.25961983 0.57876741
v 0.20882268 0.26828992 0.5624755
v 0.20900619 0.27705204 0.54609322
v 0.20259104 0.2840524 0.57102447
v 0.20283719 0.29248514 0.55506706
v 0.20144233 0.30095967 0.53914094
v 0.1970157 0.30789691 0.56389176
v 0.19564791 0.3160519 0.54831242
v 0.19269233 0.32418629 0.53290039
v 0.19033297 0.33111196 0.557334
v 0.18740537 0.33894458 0.54220628
v 0.18295122 0.34669822 0.52737474
v 0.18266069 0.35367602 0.55134987
v 0.17821575 0.36115348 0.53675556
v 0.17232544 0.36850151 0.52257508
v 0.17404 0.37559774 0.54594773
v 0.16808971 0.3826887 0.53199446
v 0.16070848 0.38957515 0.51861983
v 0.16442836 0.39689004 0.54118752
v 0.15705248 0.40356621 0.52800375
v 0.16142804 0.41111868 0.55011433
v 0.15400791 0.41761156 0.5370928
v 0.1591289 0.42537897 0.55873793
v 0.15153832 0.43169224 0.5459063
v 0.15751029 0.43966344 0.56703859
v 0.14977033 0.44585093 0.5543192
v 0.15653827 0.4539653 0.57499235
v 0.14863985 0.4600673 0.56233334
v 0.15620467 0.46828609 0.58254957
v 0.14809721 0.47432708 0.56993484
v 0.15648083 0.48262894 0.5896539
v 0.14810058 0.48862323 0.57709229
v 0.1485811 0.50294798 0.5837832
v 0.16320526 0.46212092 0.59598308
v 0.16323955 0.44770953 0.58843755
v 0.16869112 0.44138327 0.60253751
v 0.16904252 0.45590442 0.61012655
v 0.17280423 0.43504911 0.61719501
v 0.17346192 0.44970113 0.62494456
v 0.16913577 0.42684614 0.59458303
v 0.1729089 0.42037296 0.60914468
v 0.17034742 0.41227868 0.58634382
v 0.17387864 0.40564402 0.60085207
v 0.17590165 0.39903622 0.61567664
v 0.17562712 0.390852 0.59238839
v 0.17747992 0.38404417 0.60716313
v 0.17820403 0.37600091 0.58377975
v 0.1798679 0.36896535 0.59858506
v 0.18155197 0.36109224 0.57505911
v 0.18307881 0.35380554 0.58996301
v 0.18561233 0.34612786 0.56624376
v 0.18704693 0.33856946 0.58131116
v 0.18696188 0.33105966 0.59641766
v 0.19171451 0.32326349 0.57262682
v 0.19154262 0.31546005 0.58794748
v 0.18984118 0.30775696 0.60316097
v 0.19678583 0.29978504 0.57949596
v 0.19497692 0.29177284 0.59498721
v 0.19161137 0.28391194 0.6102302
v 0.20074133 0.27571663 0.58687573
v 0.19721251 0.26754224 0.60245668
v 0.19202779 0.25959834 0.61759877
v 0.20332586 0.25113058 0.59475308
v 0.19809541 0.2428385 0.61035811
v 0.19147566 0.23476038 0.62549608
v 0.20469163 0.22605755 0.60323137
v 0.19800657 0.21759396 0.61894351
v 0.18995095 0.20935104 0.63409119
v 0.20481656 0.20051403 0.61242091
v 0.19648684 0.19191063 0.62813025
v 0.18673111 0.18358622 0.64306527
v 0.18049579 0.20140574 0.64849257
v 0.20281773 0.17487974 0.62186217
v 0.19308187 0.16604822 0.63756454
v 0.19887414 0.14937506 0.63118279
v 0.1785279 0.36837586 0.56034636
v 0.1750607 0.38304224 0.56919348
v 0.170483 0.39003199 0.55494529
v 0.17231126 0.39767545 0.57787239
v 0.16759541 0.40445873 0.56372809
v 0.16542828 0.41888189 0.57225978
v 0.16399471 0.43330097 0.58050286
v 0.13684849 0.34882322 0.41959321
v 0.14097937 0.33640086 0.40784302
v 0.15552985 0.32954493 0.41838628
v 0.14495274 0.32414969 0.39582324
v 0.1598622 0.3167946 0.40654858
v 0.17358489 0.30896535 0.41848975
v 0.1637662 0.3041304 0.39442983
v 0.17724891 0.29580143 0.40660175
v 0.18907311 0.28735271 0.41965374
v 0.18056203 0.28300285 0.39387801
v 0.19287313 0.27416861 0.40684348
v 0.20309811 0.26487281 0.42120149
v 0.19576181 0.26102265 0.393361
v 0.20599335 0.25119376 0.40813025
v 0.2148146 0.24128356 0.4242945
v 0.20812948 0.23750577 0.39484944
v 0.21735818 0.22741001 0.41159489
v 0.22526896 0.21746087 0.42941322
v 0.22025507 0.21391087 0.39839837
v 0.22888204 0.20396661 0.41690552
v 0.23643793 0.19423079 0.43633928
v 0.23297686 0.19071316 0.40387266
v 0.2408256 0.18098935 0.42418664
v 0.24709248 0.17113775 0.4448812
v 0.24506053 0.16791097 0.41171148
v 0.25161051 0.15802015 0.43289306
v 0.25654232 0.14762589 0.45360362
v 0.25541591 0.14461472 0.42082598
v 0.2610569 0.13433568 0.44147881
v 0.26556149 0.12363564 0.46167552
v 0.26467615 0.1206991 0.4295566
v 0.27000737 0.11012307 0.44965246
v 0.27416974 0.09938722 0.4701769
v 0.27335953 0.09625358 0.43798959
v 0.27838376 0.08563134 0.45842617
v 0.28160357 0.07495337 0.48026546
v 0.28144261 0.07147827 0.44700482
v 0.28593662 0.06109332 0.46906617
v 0.2872971 0.05056689 0.49323049
v 0.28916153 0.04695207 0.45834061
v 0.29246649 0.03683888 0.48298519
v 0.29138371 0.02603896 0.50875425
v 0.2962118 0.02278226 0.4728764
v 0.29736378 0.01224524 0.49921551
v 0.29413676 0.00068742 0.52551597
v 0.30183646 -0.00190276 0.48924565
v 0.29979258 -0.01367676 0.51589864
v 0.29103994 -0.0268077 0.54059249
v 0.30413064 -0.0281813 0.5055229
v 0.2959156 -0.04134844 0.53060847
v 0.28189271 -0.05528475 0.55282944
v 0.29963833 -0.05586282 0.51985615
v 0.28598088 -0.06967642 0.54244118
v 0.26592588 -0.08360775 0.56106388
v 0.28881937 -0.08384733 0.53116607
v 0.26931428 -0.09734532 0.55043864
v 0.24299465 -0.10984167 0.56438231
v 0.27194398 -0.11080554 0.53868371
v 0.24634544 -0.12272365 0.55323922
v 0.21454857 -0.13248345 0.56186133
v 0.24989543 -0.13569065 0.54136759
v 0.22002609 -0.14543661 0.54992318
v 0.25363344 -0.14909488 0.52891701
v 0.22594867 -0.15872091 0.53766924
v 0.1958749 -0.16644752 0.53821796
v 0.23153185 -0.1723067 0.52510112
v 0.20390427 -0.18052889 0.52697789
v 0.17673616 -0.18620309 0.51967549
v 0.16758121 -0.17203846 0.52933347
v 0.15129411 -0.19006893 0.50449848
v 0.14213503 -0.17715984 0.51177632
v 0.13011902 -0.16498771 0.51905602
v 0.12108263 -0.17965191 0.48684275
v 0.1291583 -0.19146092 0.48261004
v 0.11407847 -0.18862457 0.45566618
v 0.13614501 -0.20396745 0.47712925
v 0.11965845 -0.20074124 0.45232328
v 0.11089921 -0.19452869 0.42570227
v 0.10635018 -0.18330025 0.42812794
v 0.10924837 -0.18755346 0.39914429
v 0.10553581 -0.17733871 0.40118959
v 0.11402465 -0.18021041 0.37361058
v 0.11055282 -0.17134726 0.37541252
v 0.12531203 -0.17132595 0.35028633
v 0.12164523 -0.16374805 0.35189351
v 0.14286695 -0.15989716 0.33163353
v 0.13900174 -0.15314294 0.33329838
v 0.16538284 -0.14586487 0.3206782
v 0.16148245 -0.13934963 0.32278084
v 0.19120693 -0.12996827 0.31875082
v 0.18615324 -0.12338081 0.32109406
v 0.180413 -0.11733915 0.32122448
v 0.20245735 -0.10007809 0.32363843
v 0.19548918 -0.09544468 0.31985279
v 0.22013898 -0.08387067 0.32931107
v 0.21227963 -0.07904709 0.32469916
v 0.20520298 -0.07493475 0.31750857
v 0.22430543 -0.06535662 0.32953205
v 0.21698232 -0.06031656 0.32148039
v 0.21083407 -0.0565621 0.31173899
v 0.2261513 -0.04597177 0.3258914
v 0.21965953 -0.04137342 0.31505057
v 0.2141647 -0.03794547 0.30287584
v 0.22691109 -0.02552127 0.31890612
v 0.22148872 -0.02147494 0.30593377
v 0.21737775 -0.01865365 0.29187855
v 0.22752684 -0.00429223 0.30943709
v 0.22360505 -0.00106749 0.29443231
v 0.22097547 0.00094584 0.27885955
v 0.22853894 0.01703357 0.29756835
v 0.2256802 0.01948504 0.28120464
v 0.22376228 0.02100977 0.26441186
v 0.22932347 0.0382676 0.28401693
v 0.22682374 0.04025774 0.26660385
v 0.22486643 0.04144488 0.24908302
v 0.22866441 0.05957789 0.26927298
v 0.22597183 0.06114856 0.2510859
v 0.22381453 0.06189512 0.23299507
v 0.22609704 0.08077955 0.25352412
v 0.22313973 0.08180887 0.23483471
v 0.22081551 0.08200533 0.21625375
v 0.22119765 0.10140065 0.2369758
v 0.21815657 0.10157034 0.21752966
v 0.21581357 0.10105107 0.19833846
v 0.21428188 0.12050481 0.2188261
v 0.21124996 0.1197851 0.19885979
v 0.20887443 0.11861876 0.17926625
v 0.20532023 0.13754376 0.19908155
v 0.20243345 0.13619646 0.17893013
v 0.20037615 0.13494169 0.15931464
v 0.19440835 0.15266147 0.17818106
v 0.19233883 0.15152387 0.15825027
v 0.19036391 0.15035024 0.13871377
v 0.18290877 0.16729961 0.15682303
v 0.18089063 0.16614389 0.13716359
v 0.1790564 0.1650868 0.11777422
v 0.16996461 0.18106515 0.13537012
v 0.16807548 0.17994876 0.11597568
v 0.16631215 0.17892269 0.09672875
v 0.15576984 0.19391544 0.11411082
v 0.15394556 0.19274668 0.09491749
v 0.15228971 0.19170527 0.07570764
v 0.14043712 0.20560868 0.09318581
v 0.13885307 0.20444732 0.07402073
v 0.13738301 0.2033624 0.05472192
v 0.14219296 0.20691216 0.1122839
v 0.15766355 0.19515332 0.13339066
v 0.14388062 0.2082097 0.13134701
v 0.15954242 0.19643689 0.1527687
v 0.14563137 0.20965182 0.15043662
v 0.16179493 0.19809901 0.17231616
v 0.14774642 0.21162873 0.16952532
v 0.1646641 0.20040929 0.19205482
v 0.15047767 0.21458098 0.18851594
v 0.16754026 0.20288877 0.2119832
v 0.15307714 0.21769678 0.20761315
v 0.17036323 0.2058551 0.23205071
v 0.15517169 0.2210219 0.22654062
v 0.17302314 0.20985822 0.25175994
v 0.15679603 0.22513422 0.24507077
v 0.17502716 0.21556267 0.27081152
v 0.15803448 0.23051144 0.26307153
v 0.17589008 0.22384142 0.28921362
v 0.15885914 0.23773497 0.2804161
v 0.17588938 0.23379769 0.30674418
v 0.15917015 0.24639414 0.29711559
v 0.17519569 0.24492666 0.32320508
v 0.15911608 0.25642365 0.31295868
v 0.17377068 0.25652623 0.33889353
v 0.15840283 0.26714217 0.32822406
v 0.17192706 0.26818972 0.35387447
v 0.15689127 0.27810597 0.34302762
v 0.16955275 0.27998268 0.36824134
v 0.15484164 0.2891781 0.35718941
v 0.16685986 0.29177072 0.38182112
v 0.1520273 0.30046692 0.37063393
v 0.14866931 0.31213462 0.3834595
v 0.18327653 0.27056425 0.38027307
v 0.185479 0.25812199 0.36607879
v 0.19763256 0.24781401 0.37961038
v 0.18764387 0.24561604 0.35114362
v 0.1998486 0.23475661 0.3652164
v 0.21058036 0.22415706 0.38111108
v 0.20269195 0.22184759 0.34977832
v 0.2140841 0.21100187 0.36618578
v 0.22415269 0.20070056 0.38428849
v 0.21809616 0.19787845 0.35025006
v 0.2284466 0.1876173 0.3697007
v 0.23727729 0.17768546 0.39046001
v 0.23270838 0.17402431 0.35534623
v 0.24137809 0.16432462 0.37747764
v 0.24881163 0.15457679 0.3994472
v 0.24484391 0.15035381 0.36586538
v 0.25199532 0.14078806 0.38802737
v 0.25855827 0.13089853 0.40922164
v 0.25443342 0.12635329 0.37763482
v 0.26100572 0.11662482 0.39823192
v 0.26738131 0.10658323 0.41817861
v 0.26281213 0.10175878 0.38792467
v 0.26930785 0.09196851 0.40737408
v 0.27562886 0.08185008 0.42682328
v 0.27046096 0.07685296 0.3970896
v 0.27692478 0.06701583 0.41615027
v 0.28337651 0.05699103 0.43619161
v 0.27688089 0.05181548 0.40611845
v 0.28405752 0.04224318 0.42597305
v 0.29109153 0.03262967 0.44806814
v 0.28349191 0.02730766 0.41607883
v 0.29192119 0.0181401 0.43793675
v 0.29883199 0.00859663 0.46269035
v 0.29194435 0.00363475 0.4276908
v 0.30057388 -0.00567334 0.45216655
v 0.30523145 -0.01617426 0.4787088
v 0.3013013 -0.02001676 0.441192
v 0.30736112 -0.03058304 0.467527
v 0.30693307 -0.04268815 0.49440109
v 0.30808928 -0.04503529 0.45579925
v 0.30867424 -0.05714834 0.48266792
v 0.30209615 -0.0703002 0.5082708
v 0.30904042 -0.07148424 0.47048533
v 0.3031781 -0.08445127 0.49613833
v 0.29082763 -0.09779878 0.51927518
v 0.30374816 -0.09852498 0.48361429
v 0.29197844 -0.1114952 0.50672835
v 0.27411693 -0.12417306 0.52651047
v 0.2931315 -0.12531422 0.49408671
v 0.27609297 -0.13767014 0.51370513
v 0.29424569 -0.13942268 0.4813565
v 0.27815905 -0.15135109 0.50083494
v 0.25678494 -0.16245959 0.51581865
v 0.28019204 -0.16544969 0.48836875
v 0.26003602 -0.17636099 0.50325346
v 0.2361273 -0.18601448 0.51234239
v 0.26295569 -0.19032062 0.49084934
v 0.24013713 -0.19978883 0.50010305
v 0.21516667 -0.20761273 0.50300163
v 0.21027101 -0.19433772 0.51510679
v 0.18935117 -0.21384452 0.49944859
v 0.18374592 -0.20043829 0.51007574
v 0.16432073 -0.2171867 0.48852273
v 0.15837037 -0.20376953 0.49723175
v 0.14216956 -0.21696844 0.47040882
v 0.16973793 -0.22986953 0.47866269
v 0.14791549 -0.22985431 0.46235519
v 0.13114114 -0.22625966 0.44085854
v 0.12526877 -0.21348404 0.44736719
v 0.12083531 -0.22002902 0.41646638
v 0.11570588 -0.20694595 0.42174914
v 0.11776603 -0.21206411 0.39110222
v 0.11312928 -0.19921627 0.39588081
v 0.12177406 -0.20280557 0.3660576
v 0.11743104 -0.19052635 0.3705154
v 0.13279065 -0.19211383 0.34306141
v 0.1286664 -0.18057058 0.34720358
v 0.15051032 -0.18001459 0.32459369
v 0.14633438 -0.16847962 0.32876893
v 0.17334245 -0.16682815 0.31227904
v 0.1691029 -0.15445303 0.31693977
v 0.19992297 -0.15398073 0.30813908
v 0.19567798 -0.13929168 0.31394973
v 0.22787839 -0.14396677 0.3130545
v 0.20366856 -0.17167758 0.30315128
v 0.23024827 -0.16433124 0.30696788
v 0.25532141 -0.16170245 0.31763315
v 0.25433653 -0.14054417 0.32413092
v 0.27832287 -0.16382208 0.33541762
v 0.27907744 -0.14416219 0.34354949
v 0.28036496 -0.12467988 0.35292512
v 0.29658144 -0.15170432 0.36926469
v 0.29868179 -0.13427807 0.38029438
v 0.30053177 -0.11788797 0.39230677
v 0.30590504 -0.14530937 0.40774995
v 0.30673974 -0.12970458 0.41992369
v 0.30735305 -0.11471335 0.43244746
v 0.3027049 -0.10285221 0.40511778
v 0.30809235 -0.10011027 0.44518485
v 0.30451768 -0.08820363 0.41820588
v 0.2929438 -0.07743371 0.3914766
v 0.27378457 -0.06864196 0.36792659
v 0.30615189 -0.07374151 0.43114075
v 0.29619571 -0.06315314 0.40518
v 0.28054443 -0.05438012 0.38242277
v 0.26424989 -0.0472105 0.36461281
v 0.25507101 -0.06177642 0.3520601
v 0.29865577 -0.04882 0.41787692
v 0.2852348 -0.03999192 0.39491093
v 0.27067881 -0.03244743 0.37612083
v 0.25800269 -0.02571336 0.36093503
v 0.25101855 -0.04122373 0.35180443
v 0.28868705 -0.0254077 0.40639343
v 0.27564132 -0.0175005 0.38661354
v 0.26400691 -0.01006249 0.369688
v 0.25462305 -0.00345887 0.35541027
v 0.24838647 -0.01974724 0.34842279
v 0.27940157 -0.00257063 0.39645245
v 0.26902169 0.00550007 0.37837353
v 0.26037278 0.01287465 0.36244446
v 0.25222995 0.01964319 0.34759572
v 0.24651381 0.00275183 0.34162697
v 0.27278807 0.02101312 0.38738104
v 0.26476362 0.02917235 0.37020584
v 0.25727465 0.03665586 0.35402256
v 0.24935954 0.04325164 0.33826726
v 0.24460817 0.02576217 0.3327932
v 0.26806306 0.04533308 0.37851536
v 0.26101425 0.05356366 0.3612276
v 0.2529672 0.06086633 0.34447497
v 0.24539184 0.06695009 0.32742905
v 0.24221237 0.04892546 0.32210013
v 0.26328244 0.07014112 0.36930164
v 0.25543943 0.07827603 0.35155227
v 0.24749529 0.08499867 0.33339959
v 0.24056282 0.09068045 0.31455957
v 0.23900111 0.07206919 0.30954659
v 0.2564255 0.09504304 0.35935786
v 0.24843113 0.10278994 0.3401159
v 0.2410254 0.10922852 0.32020482
v 0.23431219 0.11433865 0.29980716
v 0.23473814 0.09511983 0.29520994
v 0.24844205 0.11980474 0.34763819
v 0.24038022 0.12732327 0.32637605
v 0.23245684 0.13316981 0.30460327
v 0.22548669 0.13731221 0.28326079
v 0.22841072 0.11776138 0.27932438
v 0.23871237 0.14399704 0.3335095
v 0.24724489 0.13555198 0.35602197
v 0.23616278 0.15928706 0.34272012
v 0.25600934 0.11111764 0.36807569
v 0.26373234 0.08623154 0.37827938
v 0.27022633 0.06126241 0.38740539
v 0.27540946 0.03644829 0.39662885
v 0.28197008 0.01239314 0.4062736
v 0.2909753 -0.01086583 0.41719326
v 0.30054029 -0.03445466 0.42980799
v 0.30754458 -0.05940616 0.44369339
v 0.30860808 -0.08573269 0.45793908
v 0.30400118 -0.11264128 0.47089436
v 0.30427724 -0.12701894 0.45820564
v 0.30436474 -0.14170888 0.44567605
v 0.29538917 -0.15382184 0.46883744
v 0.30483847 -0.15684649 0.43350017
v 0.29649743 -0.16848623 0.45652324
v 0.28213873 -0.17979951 0.47604489
v 0.29720655 -0.18340511 0.44451889
v 0.2839393 -0.19426789 0.4640921
v 0.26543915 -0.20436309 0.47874906
v 0.28541302 -0.20883558 0.45225614
v 0.2677046 -0.21826349 0.46707552
v 0.24658218 -0.22693842 0.47684502
v 0.24358184 -0.2134397 0.48826119
v 0.22312846 -0.23410478 0.48067256
v 0.21947406 -0.22116789 0.49189481
v 0.19858153 -0.23939655 0.47825691
v 0.19430258 -0.22670096 0.48863753
v 0.17491231 -0.24215807 0.46868866
v 0.20260365 -0.25174826 0.46786534
v 0.17961426 -0.25415021 0.45907563
v 0.15919044 -0.25412958 0.44438144
v 0.15372321 -0.24211114 0.45338517
v 0.14310997 -0.251504 0.42507231
v 0.13697908 -0.23909157 0.43330648
v 0.13273717 -0.24626423 0.40270906
v 0.12664637 -0.23318035 0.41000294
v 0.12924641 -0.23878027 0.37877789
v 0.12314396 -0.22534655 0.38529944
v 0.13266058 -0.22978538 0.35487619
v 0.12687079 -0.21597662 0.36074239
v 0.14328566 -0.21967406 0.33286231
v 0.13777017 -0.20532223 0.33813589
v 0.16045747 -0.20920032 0.31519022
v 0.15534393 -0.19380512 0.31993904
v 0.18242365 -0.19916994 0.30329048
v 0.17785441 -0.18209198 0.30762904
v 0.20728926 -0.19069001 0.29856005
v 0.18694151 -0.21741111 0.29833519
v 0.21094307 -0.21030083 0.29354542
v 0.2355307 -0.20558221 0.2959432
v 0.23273678 -0.18477629 0.30131858
v 0.25879332 -0.20359756 0.3052133
v 0.25699093 -0.18252235 0.31142106
v 0.27891913 -0.20446157 0.32097947
v 0.27858048 -0.18375769 0.32768771
v 0.29452785 -0.20774026 0.34136155
v 0.29461973 -0.18836681 0.34987574
v 0.29557898 -0.16971014 0.35893046
v 0.30347862 -0.1957868 0.37439647
v 0.30435192 -0.1783147 0.38483384
v 0.30498266 -0.16154564 0.39608505
v 0.30506265 -0.18831509 0.40995788
v 0.30457428 -0.17241337 0.4215025
v 0.29817214 -0.19872809 0.4329065
v 0.30449739 -0.20473526 0.39877107
v 0.29838195 -0.21418026 0.42147576
v 0.28638196 -0.22352084 0.44083163
v 0.29894661 -0.22993594 0.41100436
v 0.28733035 -0.2384717 0.43030521
v 0.27111965 -0.24637059 0.44554451
v 0.26964214 -0.23225876 0.45598667
v 0.25124585 -0.25340598 0.45551201
v 0.24911208 -0.24009269 0.46580502
v 0.22913286 -0.25924548 0.45967418
v 0.22632806 -0.24682757 0.46994948
v 0.20624478 -0.26365628 0.45779675
v 0.23146636 -0.27197676 0.45074451
v 0.20943872 -0.27573248 0.44899591
v 0.18816405 -0.277956 0.44151842
v 0.18408161 -0.26603636 0.4497697
v 0.16927726 -0.2782492 0.42823901
v 0.16437901 -0.26614198 0.43585971
v 0.15422406 -0.27658936 0.4104771
v 0.14894673 -0.26393547 0.4172306
v 0.1449301 -0.27250975 0.38906011
v 0.13913324 -0.25927817 0.39528963
v 0.1416586 -0.2668254 0.36609965
v 0.13549423 -0.25263473 0.37197542
v 0.14538039 -0.25958183 0.34344336
v 0.13906505 -0.24424342 0.34879434
v 0.15525437 -0.25167146 0.32279053
v 0.14917242 -0.23507745 0.32746627
v 0.17108991 -0.24385565 0.30605882
v 0.16574348 -0.2259701 0.31014975
v 0.19141089 -0.23671862 0.29449987
v 0.17600549 -0.26302179 0.3034597
v 0.19550965 -0.25735473 0.2924211
v 0.21745096 -0.25278082 0.28734228
v 0.21440598 -0.23113323 0.28947925
v 0.24011445 -0.24948741 0.28911751
v 0.23806658 -0.22712327 0.29135924
v 0.26145839 -0.24777847 0.29714319
v 0.26022914 -0.22536969 0.30023297
v 0.28002682 -0.24769751 0.31086662
v 0.27958816 -0.22575214 0.31498658
v 0.29394996 -0.24947916 0.32914403
v 0.29427877 -0.2282028 0.33411911
v 0.30203348 -0.25283229 0.35039451
v 0.30255976 -0.23294937 0.35635244
v 0.30303502 -0.21400179 0.36474064
v 0.30411222 -0.23942948 0.37955051
v 0.3043496 -0.22172845 0.38850057
v 0.29924804 -0.24639578 0.40189805
v 0.30370715 -0.25752279 0.37303614
v 0.29905924 -0.263145 0.39488601
v 0.28819885 -0.2692298 0.41385966
v 0.2879017 -0.25357353 0.4211336
v 0.27285113 -0.27520266 0.4288145
v 0.27214726 -0.26055023 0.43625
v 0.254298 -0.28069225 0.43914192
v 0.25288403 -0.26683339 0.44636246
v 0.23352371 -0.28535631 0.44380983
v 0.25552448 -0.29526013 0.43385103
v 0.23529434 -0.29939773 0.43874782
v 0.21442188 -0.30247622 0.43762409
v 0.21213057 -0.28879812 0.44252446
v 0.19420637 -0.30438166 0.4310404
v 0.19146131 -0.290798 0.43539613
v 0.17646966 -0.30485558 0.41856452
v 0.17325089 -0.29107448 0.42253378
v 0.16238348 -0.30398485 0.40189209
v 0.15878097 -0.28976762 0.40534374
v 0.15375088 -0.30137136 0.38155111
v 0.14987909 -0.28653201 0.38451522
v 0.15112619 -0.29743611 0.3596163
v 0.1469199 -0.28180751 0.36206734
v 0.15514083 -0.29259434 0.33796703
v 0.15093025 -0.27568444 0.33983472
v 0.16487424 -0.2876932 0.31849458
v 0.16076152 -0.26922175 0.31971749
v 0.1799577 -0.2828859 0.30293044
v 0.16837957 -0.30663269 0.31897756
v 0.18322363 -0.30279281 0.30421209
v 0.20135605 -0.29926905 0.29356071
v 0.19874091 -0.27847144 0.29212147
v 0.2217945 -0.29625299 0.28871059
v 0.21993193 -0.27467498 0.28722173
v 0.24280549 -0.29388451 0.28998401
v 0.24167916 -0.27197995 0.28867247
v 0.26279738 -0.29239308 0.29732465
v 0.26224106 -0.27040103 0.29634228
v 0.27989348 -0.29184454 0.30990079
v 0.27991673 -0.26999864 0.30941984
v 0.29292941 -0.29225716 0.32669299
v 0.29319006 -0.27096143 0.3268696
v 0.30087348 -0.29358148 0.34627884
v 0.30146393 -0.2730385 0.34719723
v 0.30277326 -0.29591542 0.36728403
v 0.30303779 -0.27645081 0.36900311
v 0.29870528 -0.29909545 0.38786545
v 0.29885435 -0.28068304 0.39018246
v 0.28917098 -0.30270063 0.40627801
v 0.28872045 -0.28557595 0.4089905
v 0.27474507 -0.30667507 0.42101612
v 0.2735601 -0.29054591 0.42359367
v 0.25685522 -0.31066751 0.43105477
v 0.27533218 -0.32370299 0.41927519
v 0.25799962 -0.32681116 0.42953825
v 0.23822367 -0.32977888 0.4343765
v 0.23690405 -0.3141734 0.43589982
v 0.21774521 -0.3321695 0.43351873
v 0.21623279 -0.31692078 0.43500745
v 0.19807232 -0.33381405 0.42703151
v 0.19624553 -0.31874206 0.42855837
v 0.18105472 -0.33466711 0.41504639
v 0.17889969 -0.31940463 0.41630676
v 0.16812054 -0.33445176 0.39855608
v 0.16530987 -0.31884816 0.39973074
v 0.15999408 -0.33320859 0.3791387
v 0.15720887 -0.31690374 0.37977853
v 0.15795148 -0.33111318 0.35838586
v 0.15474633 -0.31397244 0.35847464
v 0.16203445 -0.32842832 0.3382382
v 0.15883232 -0.3104023 0.33768516
v 0.17145997 -0.32545593 0.32021579
v 0.1652176 -0.34632122 0.33921113
v 0.17422153 -0.34392917 0.32147166
v 0.18822148 -0.34128278 0.30722239
v 0.18577371 -0.32230186 0.30568224
v 0.2053952 -0.3387466 0.29710623
v 0.20344679 -0.31932687 0.29541721
v 0.22480596 -0.33650621 0.29270204
v 0.22334113 -0.31682294 0.29063504
v 0.24475474 -0.33466458 0.29381567
v 0.24381957 -0.31474518 0.29201251
v 0.26366779 -0.33334922 0.30053812
v 0.26319748 -0.31334528 0.29904693
v 0.27992209 -0.33267414 0.31230136
v 0.27998647 -0.31270808 0.31112614
v 0.29215055 -0.33268222 0.32823163
v 0.29243239 -0.31284377 0.32754677
v 0.299847 -0.33328315 0.3466975
v 0.3004274 -0.3137314 0.34644335
v 0.30158424 -0.33453804 0.36653071
v 0.30207777 -0.31546247 0.36680108
v 0.29792687 -0.33645203 0.38605403
v 0.29818499 -0.31786093 0.38676852
v 0.28887391 -0.33877691 0.40353912
v 0.28907176 -0.32066929 0.40473941
v 0.27539873 -0.34121409 0.41777896
v 0.28872093 -0.3567022 0.40214783
v 0.27547645 -0.35873052 0.41617646
v 0.2589336 -0.36070689 0.426171
v 0.25855544 -0.34359797 0.42796
v 0.24019192 -0.36259988 0.43096253
v 0.23926301 -0.34591665 0.43279534
v 0.22065801 -0.36433795 0.43020591
v 0.21916841 -0.3479605 0.4318259
v 0.20202082 -0.36580553 0.42412027
v 0.19998611 -0.34949562 0.42563179
v 0.18616244 -0.36663845 0.41267892
v 0.18381182 -0.35032713 0.41365519
v 0.17399619 -0.36678874 0.39703187
v 0.17104764 -0.35046818 0.39775386
v 0.16631838 -0.36646121 0.37870699
v 0.16333094 -0.34979718 0.37887674
v 0.16435214 -0.36547398 0.35914099
v 0.16111755 -0.34834298 0.3588171
v 0.1680758 -0.36393621 0.33995491
v 0.1674823 -0.38257783 0.35924163
v 0.17145343 -0.38129603 0.34074845
v 0.1800812 -0.37971079 0.32387495
v 0.17717681 -0.36196309 0.32265946
v 0.19331693 -0.37789261 0.31035676
v 0.19062894 -0.35976481 0.30861008
v 0.20932829 -0.37611553 0.30053171
v 0.20733609 -0.35762605 0.29883879
v 0.22760848 -0.37444654 0.29605478
v 0.22623035 -0.35566335 0.29432207
v 0.24647609 -0.37308403 0.29692432
v 0.24565006 -0.35399377 0.29536879
v 0.26425418 -0.37202888 0.30324825
v 0.2639729 -0.35281291 0.3019047
v 0.27970948 -0.3712356 0.31424704
v 0.27977031 -0.35213622 0.31327736
v 0.29140871 -0.37093842 0.32930082
v 0.29176574 -0.35195103 0.32880869
v 0.29883813 -0.37120249 0.34673106
v 0.2993792 -0.35231769 0.3467769
v 0.30067196 -0.37197914 0.3653931
v 0.30119487 -0.35329213 0.36609798
v 0.29717919 -0.37313664 0.3838568
v 0.29762724 -0.35480979 0.38502189
v 0.28852754 -0.37454554 0.40056991
v 0.29673901 -0.39141738 0.3827627
v 0.28827938 -0.39243558 0.39912495
v 0.27570459 -0.39372211 0.41255652
v 0.27539193 -0.37615236 0.41417965
v 0.26008817 -0.39517757 0.42208206
v 0.25942185 -0.37784975 0.42416131
v 0.24242688 -0.39659708 0.42656743
v 0.2412047 -0.37952175 0.42856478
v 0.22406622 -0.39791691 0.42575827
v 0.22233948 -0.38104659 0.4277701
v 0.20649169 -0.39904701 0.42006394
v 0.20420049 -0.38240298 0.42226058
v 0.19159187 -0.3997153 0.40928003
v 0.18873579 -0.38315644 0.41113036
v 0.17986042 -0.40004661 0.39492306
v 0.17683468 -0.38336351 0.39611011
v 0.17276282 -0.40002793 0.37780186
v 0.16962958 -0.38319832 0.37826556
v 0.17063564 -0.39964026 0.35939565
v 0.1760891 -0.41683098 0.37725931
v 0.17395716 -0.41653519 0.35939794
v 0.17737175 -0.4157643 0.34163868
v 0.17419695 -0.3986299 0.34119671
v 0.18510951 -0.41483908 0.32542645
v 0.18263155 -0.39728969 0.32468727
v 0.19748628 -0.41389283 0.31260514
v 0.19548225 -0.39583787 0.3114019
v 0.21271069 -0.41286125 0.30335211
v 0.21106022 -0.3944934 0.30179262
v 0.2299751 -0.41175043 0.29901686
v 0.22881989 -0.39315152 0.297607
v 0.24784117 -0.41063973 0.30003008
v 0.24713859 -0.39195385 0.29850429
v 0.26479014 -0.4097273 0.30582818
v 0.26460284 -0.39094498 0.30439853
v 0.27948635 -0.40903711 0.3161768
v 0.27961933 -0.39014878 0.31519106
v 0.29069206 -0.40878385 0.33005639
v 0.29122233 -0.38980841 0.32961723
v 0.29749959 -0.40896341 0.34646996
v 0.29839253 -0.39005184 0.34652122
v 0.29928666 -0.40930742 0.36418625
v 0.30014261 -0.39063078 0.36473867
v 0.29599866 -0.40976354 0.38176986
v 0.29862079 -0.42795792 0.36386713
v 0.29551291 -0.4281618 0.38112783
v 0.2880553 -0.42858427 0.39683997
v 0.28814336 -0.41033998 0.39780125
v 0.27597385 -0.42933076 0.40924128
v 0.27578562 -0.41140964 0.41068249
v 0.26116818 -0.4302558 0.41818988
v 0.26075232 -0.41267669 0.42006215
v 0.24431087 -0.43109816 0.42248135
v 0.24352324 -0.41384017 0.42427647
v 0.22687266 -0.43183317 0.42189213
v 0.22567783 -0.41483894 0.42354807
v 0.21033854 -0.4325436 0.41653391
v 0.20863103 -0.41575396 0.41805195
v 0.19614112 -0.43315008 0.4065437
v 0.19413158 -0.41635978 0.40760818
v 0.18513305 -0.43353226 0.39308232
v 0.18266032 -0.41673928 0.39385628
v 0.17881996 -0.43349543 0.37695065
v 0.18699079 -0.45037201 0.39255172
v 0.18048465 -0.4503296 0.37674301
v 0.17802035 -0.45023161 0.35986489
v 0.1765449 -0.43327611 0.35952618
v 0.18129535 -0.4501616 0.34313798
v 0.17980793 -0.43287131 0.34227541
v 0.18903149 -0.45005196 0.32799333
v 0.18733887 -0.43249377 0.32661619
v 0.20075503 -0.44970294 0.31559675
v 0.19937101 -0.43184903 0.31410557
v 0.21530689 -0.44916126 0.30659034
v 0.21421268 -0.4310677 0.30506071
v 0.23169753 -0.44861704 0.30209577
v 0.23101729 -0.43020638 0.30061611
v 0.24867206 -0.44804078 0.30282008
v 0.24841341 -0.42934393 0.30139374
v 0.26483845 -0.4474942 0.3082875
v 0.26494291 -0.42856347 0.30707436
v 0.27894854 -0.44712159 0.31771549
v 0.2793383 -0.42802926 0.31690517
v 0.28956461 -0.4468525 0.33088108
v 0.29024341 -0.42783743 0.3303655
v 0.29602709 -0.44668978 0.34674269
v 0.29692441 -0.42787405 0.3464733
v 0.29791516 -0.44661915 0.3638674
v 0.2947939 -0.46530762 0.34731108
v 0.29703065 -0.46511101 0.36398217
v 0.29373234 -0.46516045 0.38036125
v 0.29488045 -0.44668728 0.38064971
v 0.28670227 -0.46524024 0.39539438
v 0.28760147 -0.44690397 0.39588701
v 0.27544596 -0.46527305 0.40755125
v 0.27589136 -0.44727307 0.40804696
v 0.2611013 -0.46542018 0.41607913
v 0.26126718 -0.44778424 0.41677835
v 0.24496106 -0.46573594 0.42056238
v 0.24480365 -0.44834563 0.42123761
v 0.22826352 -0.46614849 0.42021814
v 0.22775077 -0.44889968 0.42076221
v 0.21246594 -0.46666446 0.41498643
v 0.21167431 -0.44951582 0.4154393
v 0.19889223 -0.46707421 0.40525779
v 0.19783203 -0.45005756 0.40566188
v 0.18816566 -0.4672757 0.39237594
v 0.19956766 -0.48423081 0.40507608
v 0.18885877 -0.48444047 0.39249178
v 0.18238437 -0.4846532 0.37736302
v 0.18154963 -0.46739772 0.37688729
v 0.17999576 -0.48496279 0.36118587
v 0.17909053 -0.46753078 0.36044147
v 0.18322108 -0.48513388 0.34511917
v 0.18245148 -0.46759665 0.344145
v 0.19045752 -0.48518854 0.33027091
v 0.18994946 -0.46757316 0.32919085
v 0.20157513 -0.4852392 0.31806221
v 0.20141021 -0.46738305 0.3168565
v 0.21562777 -0.48528608 0.30954942
v 0.21568049 -0.4671927 0.30802992
v 0.2313867 -0.48527237 0.30531209
v 0.23172445 -0.46700656 0.30358982
v 0.24776183 -0.48508423 0.30593043
v 0.24838414 -0.46666753 0.30428883
v 0.26330709 -0.48488003 0.31110942
v 0.264191 -0.46632304 0.3096804
v 0.27686962 -0.48468548 0.320295
v 0.27812802 -0.4660868 0.31884321
v 0.28727638 -0.48434305 0.33291903
v 0.28843757 -0.46572542 0.33182218
v 0.29362702 -0.48383778 0.34799882
v 0.2860355 -0.50260341 0.33404162
v 0.29253137 -0.50215101 0.34877008
v 0.29479441 -0.5017699 0.36450341
v 0.29588899 -0.4834789 0.36411264
v 0.29153072 -0.50150865 0.3802466
v 0.29258287 -0.48340323 0.38023448
v 0.28469559 -0.50141286 0.39497685
v 0.28560078 -0.48337152 0.39513519
v 0.27405694 -0.50128221 0.40693679
v 0.2747561 -0.48327985 0.40729743
v 0.26025012 -0.50109505 0.41514885
v 0.26070842 -0.48322346 0.41558611
v 0.24483908 -0.50102138 0.41959339
v 0.24494072 -0.48332729 0.4200561
v 0.22877305 -0.50114905 0.41935539
v 0.22857496 -0.48360532 0.41976699
v 0.2135185 -0.50131392 0.41412922
v 0.2130507 -0.4839293 0.41459649
v 0.20022828 -0.50150632 0.40487009
v 0.21388016 -0.51878428 0.41378963
v 0.20090599 -0.51897293 0.40470078
v 0.19042179 -0.51929396 0.3928484
v 0.18947301 -0.50179499 0.39273062
v 0.1841855 -0.51979053 0.37831437
v 0.18323862 -0.50218451 0.37784081
v 0.18179667 -0.52025586 0.36264187
v 0.18086151 -0.50254768 0.36193433
v 0.1845442 -0.52051907 0.34705767
v 0.1838811 -0.50276494 0.34609007
v 0.1915283 -0.52077299 0.33279722
v 0.19099345 -0.50292885 0.33150199
v 0.2021411 -0.52114599 0.32113486
v 0.20179532 -0.50317764 0.31954404
v 0.21555912 -0.52148652 0.31282743
v 0.21557213 -0.50339919 0.31118947
v 0.23078361 -0.52160197 0.30852103
v 0.2310303 -0.50345844 0.30691784
v 0.24663083 -0.52147638 0.30894225
v 0.24712857 -0.50331848 0.30739551
v 0.26170042 -0.52128154 0.31368908
v 0.26240778 -0.50315958 0.31245932
v 0.27469542 -0.52102416 0.32285016
v 0.27565422 -0.50296163 0.32170498
v 0.28504282 -0.52071601 0.33493834
v 0.27383092 -0.53911364 0.3238902
v 0.28398534 -0.53884202 0.3356322
v 0.29013472 -0.53851169 0.34986507
v 0.29132866 -0.52035176 0.34937992
v 0.2924503 -0.53809207 0.36509174
v 0.29364669 -0.51996994 0.36482709
v 0.28940665 -0.53758704 0.38020831
v 0.29043912 -0.5195862 0.38023224
v 0.28272432 -0.53722596 0.39423647
v 0.28376925 -0.51937419 0.39463505
v 0.2723425 -0.53692388 0.40573346
v 0.27327165 -0.51918941 0.40645605
v 0.25911 -0.53664034 0.4138779
v 0.25971117 -0.51892721 0.41458895
v 0.24437873 -0.53644609 0.41849973
v 0.24462014 -0.51875686 0.41905301
v 0.229014 -0.53633552 0.41802284
v 0.22890742 -0.51868999 0.41874757
v 0.21423187 -0.53633874 0.41354772
v 0.22916704 -0.55398064 0.41747638
v 0.21477747 -0.55395889 0.41300475
v 0.20229719 -0.55412209 0.40452939
v 0.20141701 -0.53653043 0.40479946
v 0.19230967 -0.55448359 0.39320319
v 0.19135463 -0.53689748 0.39302519
v 0.18620911 -0.55501735 0.37927267
v 0.18524046 -0.53741884 0.37878337
v 0.18404431 -0.55563879 0.36419317
v 0.18292643 -0.53794938 0.36335974
v 0.18639974 -0.55623 0.34916013
v 0.18544212 -0.53837245 0.3480654
v 0.19265875 -0.55681049 0.33539295
v 0.19207397 -0.53873682 0.3340727
v 0.20278604 -0.55725038 0.32410693
v 0.20235461 -0.5391463 0.32262295
v 0.21581731 -0.55750513 0.31619095
v 0.21559892 -0.53952533 0.31443026
v 0.23055341 -0.55766916 0.31185469
v 0.23063951 -0.5396713 0.31017828
v 0.24588519 -0.55769497 0.31201088
v 0.24625593 -0.53959745 0.31047633
v 0.26050436 -0.55761116 0.31638318
v 0.26114484 -0.53940135 0.31498226
v 0.27295476 -0.55738335 0.32501256
v 0.25968834 -0.57596695 0.31787815
v 0.27202913 -0.57576984 0.32617303
v 0.28175231 -0.57535475 0.33744344
v 0.28286662 -0.55706876 0.33647579
v 0.28757828 -0.57480979 0.35118013
v 0.288888 -0.55667871 0.35045179
v 0.28976082 -0.57418006 0.36593261
v 0.29112935 -0.55616557 0.3654479
v 0.28721353 -0.57341885 0.3805406
v 0.28834837 -0.55551654 0.38028347
v 0.28085967 -0.57267135 0.39397069
v 0.28179583 -0.55496496 0.39401808
v 0.27094438 -0.57209718 0.40497824
v 0.27159422 -0.55453354 0.40529692
v 0.25830939 -0.57176786 0.4127402
v 0.25863876 -0.55422663 0.41329914
v 0.24418112 -0.57158857 0.41721072
v 0.244229 -0.55406934 0.41790083
v 0.22945225 -0.57150244 0.41686916
v 0.24414028 -0.58890003 0.41649195
v 0.22968858 -0.58879339 0.41628944
v 0.21582624 -0.58881527 0.41214603
v 0.21538828 -0.57150185 0.41249883
v 0.20373784 -0.58905088 0.40429225
v 0.20311769 -0.57166689 0.40433821
v 0.19418317 -0.58953267 0.39347583
v 0.19332963 -0.57204109 0.39326316
v 0.1882236 -0.59020471 0.38033711
v 0.18725249 -0.57262259 0.37978625
v 0.18610386 -0.59102827 0.36600765
v 0.18510164 -0.5733214 0.36507728
v 0.18816317 -0.59192889 0.35162654
v 0.18733573 -0.57408613 0.35040015
v 0.19434876 -0.59277212 0.33844009
v 0.19359332 -0.57478755 0.33691901
v 0.20393575 -0.59344345 0.32740792
v 0.20340575 -0.5753405 0.32573172
v 0.21629449 -0.59390771 0.31933757
v 0.21611852 -0.575634 0.31780377
v 0.23018182 -0.59427189 0.31484967
v 0.23041428 -0.57581472 0.31330561
v 0.24476386 -0.59448516 0.3151685
v 0.24540002 -0.57594221 0.3135899
v 0.25872439 -0.594509 0.31940788
v 0.24413357 -0.61333531 0.31660658
v 0.25795564 -0.61329865 0.32075902
v 0.27001249 -0.61289107 0.32882371
v 0.27085557 -0.59420633 0.32760629
v 0.2795633 -0.61216783 0.33970201
v 0.28046309 -0.59367311 0.33863839
v 0.2854225 -0.61121934 0.35285913
v 0.28632214 -0.59296149 0.35202759
v 0.28737974 -0.61018222 0.36714181
v 0.28844595 -0.59215009 0.36650145
v 0.28505191 -0.60912412 0.38125929
v 0.28611579 -0.5912584 0.38090345
v 0.27894294 -0.6081143 0.39409309
v 0.27988445 -0.59038054 0.39397123
v 0.26973712 -0.60719037 0.40478542
v 0.27038133 -0.58969312 0.40483585
v 0.25760683 -0.60645335 0.41204324
v 0.25802889 -0.58918583 0.41230428
v 0.24402429 -0.6059454 0.41613927
v 0.25723958 -0.62337493 0.41230931
v 0.24383737 -0.62256503 0.41639265
v 0.22977633 -0.62226408 0.41616097
v 0.2298171 -0.60575956 0.41587865
v 0.21625544 -0.62246185 0.41228041
v 0.21617433 -0.60585898 0.41195386
v 0.20454555 -0.62307578 0.40468114
v 0.20432914 -0.60625237 0.40428081
v 0.19500626 -0.62400913 0.39451387
v 0.19486415 -0.60690492 0.39382386
v 0.18910828 -0.62519389 0.38188323
v 0.18903259 -0.60775178 0.38098463
v 0.18691791 -0.62654256 0.36795848
v 0.18686638 -0.60873752 0.36694064
v 0.18854598 -0.62793624 0.35392504
v 0.18862757 -0.60982495 0.35279929
v 0.19438916 -0.62933307 0.34095326
v 0.19463308 -0.61086285 0.33976274
v 0.20359423 -0.63060784 0.33007267
v 0.20409315 -0.61176848 0.32893437
v 0.2154987 -0.63161742 0.32205015
v 0.21611851 -0.6125133 0.32086619
v 0.22907602 -0.63233 0.31749287
v 0.22974748 -0.61306411 0.31632158
v 0.24343201 -0.63263744 0.31779354
v 0.2282639 -0.65244984 0.31855869
v 0.24262864 -0.6527369 0.31872052
v 0.2565042 -0.65242487 0.32279378
v 0.25721719 -0.63251906 0.32195493
v 0.26860421 -0.65157967 0.33082476
v 0.26928219 -0.63195931 0.32994031
v 0.27833914 -0.65033394 0.34151482
v 0.27890461 -0.63102543 0.34069857
v 0.28430393 -0.64865505 0.35453164
v 0.28477752 -0.62978369 0.35371136
v 0.28620857 -0.64670068 0.36864024
v 0.28667557 -0.62837034 0.36784631
v 0.28402209 -0.64473921 0.38251799
v 0.28449523 -0.62695235 0.38184315
v 0.27784106 -0.64290398 0.39504653
v 0.27836492 -0.62560057 0.3945277
v 0.26868602 -0.64116877 0.40553474
v 0.26920318 -0.62440276 0.40509814
v 0.25682973 -0.63966029 0.41286647
v 0.2678526 -0.65709108 0.40604946
v 0.25610908 -0.65495276 0.41327762
v 0.24297648 -0.65349364 0.41753855
v 0.24350556 -0.6385889 0.41711562
v 0.22909659 -0.65315008 0.41767337
v 0.22945204 -0.63823217 0.41705587
v 0.21584296 -0.65385496 0.41366347
v 0.2160481 -0.6385914 0.41300323
v 0.20422238 -0.65542244 0.40629693
v 0.20437718 -0.63956701 0.40544158
v 0.19463336 -0.65759414 0.396476
v 0.19487375 -0.6409282 0.39537701
v 0.18835154 -0.66005778 0.38423118
v 0.18882383 -0.64257884 0.38296362
v 0.18565362 -0.66277813 0.37055462
v 0.18636998 -0.64444929 0.36912185
v 0.18689951 -0.66563034 0.35648235
v 0.18792015 -0.64644628 0.35507404
v 0.1925373 -0.66853779 0.3434115
v 0.19367669 -0.64840042 0.34206318
v 0.20145835 -0.67134279 0.33220666
v 0.20269876 -0.65013843 0.33102345
v 0.21333949 -0.67342662 0.32376638
v 0.21465148 -0.65152144 0.3230313
v 0.22710257 -0.67469078 0.31896013
v 0.2114937 -0.69699966 0.32573962
v 0.22556506 -0.69888967 0.32043397
v 0.2408293 -0.69927847 0.32033363
v 0.24179717 -0.67498815 0.31886217
v 0.25530046 -0.69828331 0.32444629
v 0.25591045 -0.67437756 0.32317397
v 0.26779875 -0.69598656 0.33262607
v 0.26813063 -0.67291331 0.3313663
v 0.27749061 -0.69272726 0.34372544
v 0.27791866 -0.67080807 0.34221452
v 0.28333589 -0.68866795 0.35694226
v 0.28390586 -0.66827076 0.35539612
v 0.28506791 -0.68449187 0.37128591
v 0.2856628 -0.66544038 0.36960738
v 0.28279036 -0.68021553 0.38509532
v 0.2835145 -0.66254609 0.3834069
v 0.27613413 -0.6759178 0.39716157
v 0.27718001 -0.65968382 0.395778
v 0.26672887 -0.67206502 0.40706282
v 0.27450823 -0.69083577 0.40018755
v 0.26517683 -0.68550849 0.4096584
v 0.25396522 -0.68165248 0.41624799
v 0.25510001 -0.66904944 0.41412988
v 0.24170585 -0.67953717 0.41995969
v 0.24228462 -0.66719418 0.41816738
v 0.22890354 -0.67931723 0.42020306
v 0.22887694 -0.66691291 0.41836333
v 0.21643576 -0.68098908 0.4170207
v 0.21596533 -0.66818791 0.41468182
v 0.20494732 -0.68445515 0.41065946
v 0.20433749 -0.67066282 0.40774226
v 0.19496373 -0.68903076 0.40171858
v 0.19464841 -0.67389464 0.39825964
v 0.18748782 -0.69417423 0.3904975
v 0.18784759 -0.6775614 0.38620537
v 0.18350173 -0.69991672 0.37735319
v 0.18469856 -0.68154645 0.37272957
v 0.183485 -0.70653611 0.36408034
v 0.18546553 -0.68575477 0.35869878
v 0.18828676 -0.71267187 0.35123732
v 0.19051376 -0.69021576 0.34559065
v 0.19691169 -0.71820062 0.33997255
v 0.19940681 -0.69406479 0.33405625
v 0.20911182 -0.72242361 0.33165329
v 0.19441978 -0.74232554 0.35175752
v 0.20690305 -0.74779599 0.34441342
v 0.22152018 -0.75110149 0.33998772
v 0.22361612 -0.72505009 0.32683932
v 0.23744936 -0.75166267 0.33936646
v 0.23938114 -0.72560459 0.32647728
v 0.25276824 -0.74954474 0.34235921
v 0.25433316 -0.72407448 0.33022841
v 0.26608917 -0.74455648 0.34911364
v 0.26735052 -0.7205398 0.33781027
v 0.27609965 -0.73754423 0.35837921
v 0.27703881 -0.71541094 0.34854894
v 0.2819665 -0.72936606 0.36942359
v 0.28269544 -0.70929551 0.36111843
v 0.28343346 -0.72037136 0.38202345
v 0.28433749 -0.70294034 0.37498712
v 0.28027978 -0.71161645 0.39475032
v 0.2815521 -0.69672071 0.38870108
v 0.27299988 -0.70377653 0.40542632
v 0.27972585 -0.72418344 0.40383726
v 0.27251637 -0.71449637 0.41353985
v 0.2638773 -0.70645773 0.42180657
v 0.26389858 -0.69718414 0.41424974
v 0.25357037 -0.70076578 0.42781296
v 0.25327941 -0.69247758 0.42055955
v 0.24176846 -0.69829416 0.43085768
v 0.24148328 -0.69014757 0.42386764
v 0.22937771 -0.69857329 0.4310882
v 0.22913415 -0.69016492 0.42411428
v 0.217075 -0.70103675 0.4288651
v 0.21687878 -0.69227123 0.42144292
v 0.20521616 -0.70566952 0.42449459
v 0.2054148 -0.69626969 0.41601342
v 0.19421379 -0.71273469 0.41799342
v 0.19500485 -0.70217579 0.40810185
v 0.18511825 -0.72218954 0.40946856
v 0.18665321 -0.70957148 0.39810687
v 0.17979411 -0.73284977 0.39923504
v 0.18193094 -0.7176693 0.38645857
v 0.17908884 -0.74395281 0.38859191
v 0.18160764 -0.72632205 0.37388202
v 0.18350462 -0.75487887 0.37850374
v 0.18627402 -0.73466086 0.362259
v 0.1917638 -0.76465892 0.3692083
v 0.1812092 -0.77085608 0.39932838
v 0.19019678 -0.7824794 0.39191964
v 0.20315215 -0.79130727 0.38587966
v 0.20452234 -0.77163684 0.36245405
v 0.21851731 -0.79682147 0.38147822
v 0.2193935 -0.77577155 0.35801553
v 0.23553188 -0.79754513 0.37952199
v 0.23566907 -0.77624362 0.357003
v 0.25180938 -0.79329067 0.38052144
v 0.25129017 -0.77300721 0.35950791
v 0.26555806 -0.78476059 0.38444006
v 0.26485356 -0.76644122 0.36505064
v 0.27646419 -0.77394413 0.38999196
v 0.2754738 -0.75775951 0.37268066
v 0.28280815 -0.76121681 0.39771735
v 0.28174787 -0.74713414 0.3821879
v 0.28410911 -0.74729883 0.40638533
v 0.28314745 -0.73550117 0.39279031
v 0.28087705 -0.73354083 0.41543224
v 0.28633534 -0.75449472 0.42142641
v 0.28379502 -0.73960131 0.42835
v 0.2768827 -0.72686976 0.43631839
v 0.27381965 -0.72238111 0.42405474
v 0.26764619 -0.71692127 0.44330409
v 0.26506036 -0.71314412 0.43159914
v 0.25633123 -0.71002608 0.44860237
v 0.25448498 -0.70681995 0.43714088
v 0.24365195 -0.70656901 0.45170572
v 0.24244645 -0.7039318 0.44009536
v 0.23025687 -0.70678031 0.45244836
v 0.22977636 -0.70419102 0.44057282
v 0.21706059 -0.70993059 0.45130103
v 0.21704803 -0.70683628 0.43906033
v 0.20462752 -0.71581566 0.44844004
v 0.20479457 -0.71212101 0.43542966
v 0.19353082 -0.72445541 0.44417312
v 0.1935684 -0.72010743 0.43014729
v 0.18435415 -0.73630583 0.43934467
v 0.18397541 -0.73112291 0.42341426
v 0.17879714 -0.75024253 0.43402627
v 0.17836119 -0.74392014 0.41542893
v 0.17760135 -0.76532065 0.42885291
v 0.17725846 -0.75768011 0.40719702
v 0.18152876 -0.78003948 0.423482
v 0.18098209 -0.76710903 0.45093244
v 0.18562966 -0.78178787 0.44747284
v 0.19615776 -0.79330784 0.44338008
v 0.19205077 -0.79184871 0.41812452
v 0.20870599 -0.80348235 0.43980202
v 0.20499923 -0.80168479 0.41339123
v 0.22393928 -0.80964767 0.43687018
v 0.2203048 -0.80835562 0.409626
v 0.24067618 -0.80941379 0.43420401
v 0.23757775 -0.80898928 0.40729478
v 0.25653004 -0.80566763 0.43227252
v 0.2537738 -0.80476665 0.40645527
v 0.27099633 -0.79888534 0.43128153
v 0.26818499 -0.7961995 0.40720471
v 0.28141489 -0.78733879 0.43233171
v 0.27871152 -0.78396976 0.41040411
v 0.28737071 -0.77284884 0.43510931
v 0.28483763 -0.76975625 0.41532453
v 0.28903842 -0.75737386 0.43903693
v 0.28893256 -0.77290427 0.45562014
v 0.29076582 -0.75808304 0.45787498
v 0.28831902 -0.74366533 0.46137398
v 0.2865358 -0.74243772 0.4438495
v 0.2818664 -0.73087823 0.46627321
v 0.27998048 -0.72907555 0.45014619
v 0.27187198 -0.72144889 0.47143283
v 0.27031248 -0.71884059 0.45657795
v 0.25967231 -0.71523535 0.47566762
v 0.25829699 -0.7121464 0.46154576
v 0.24668352 -0.71098399 0.47893205
v 0.24503955 -0.70795148 0.46478658
v 0.23261344 -0.71163553 0.48006954
v 0.23125608 -0.7082706 0.46575531
v 0.22007064 -0.71619612 0.47942629
v 0.21794413 -0.71216869 0.46493193
v 0.20770117 -0.72088623 0.47887203
v 0.20537024 -0.71776306 0.46327242
v 0.19505828 -0.72661221 0.46032705
v 0.18681475 -0.73817932 0.45709934
v 0.18195189 -0.75214994 0.45420074
v 0.18612957 -0.76590311 0.47191375
v 0.1940843 -0.76221919 0.49029144
v 0.19814188 -0.77586847 0.48855355
v 0.19122983 -0.7796517 0.46934339
v 0.20690457 -0.78727275 0.48576268
v 0.20088641 -0.79123914 0.46608695
v 0.21850588 -0.79567015 0.48273968
v 0.21351896 -0.79960221 0.46262458
v 0.23143848 -0.80085969 0.47958293
v 0.22793276 -0.80431211 0.45960152
v 0.24593734 -0.80165779 0.47643771
v 0.24356709 -0.80472582 0.45703461
v 0.26029577 -0.79965728 0.47454237
v 0.25936707 -0.80285018 0.45508107
v 0.27327904 -0.79380476 0.4740765
v 0.27355533 -0.79710084 0.45395308
v 0.28250539 -0.78383547 0.47436684
v 0.28322041 -0.7862792 0.45432788
v 0.28754359 -0.77153229 0.47508269
v 0.27767753 -0.77925056 0.49187508
v 0.28131339 -0.76817196 0.49316272
v 0.26796895 -0.77231019 0.50299698
v 0.27110055 -0.76280319 0.5031858
v 0.26006481 -0.7681334 0.50931459
v 0.26293498 -0.75844383 0.50831997
v 0.265028 -0.74860477 0.50548374
v 0.25603821 -0.75475537 0.5134778
v 0.25781324 -0.74365162 0.50994312
v 0.2591952 -0.73179745 0.50252699
v 0.26753217 -0.73766893 0.4988245
v 0.25980165 -0.72161024 0.4899595
v 0.27067446 -0.72716802 0.48652151
v 0.24824644 -0.72804236 0.50611859
v 0.24790899 -0.71747279 0.4933803
v 0.23584884 -0.72850495 0.50676947
v 0.23455295 -0.71805095 0.49449312
v 0.22454729 -0.73336273 0.50387215
v 0.22240266 -0.7230317 0.4933643
v 0.21426199 -0.73872751 0.5019797
v 0.21164712 -0.72831869 0.49296823
v 0.22648271 -0.74465048 0.51015341
v 0.21607065 -0.74996054 0.5070889
v 0.20497155 -0.75644862 0.50217932
v 0.21948957 -0.76143211 0.50858336
v 0.20823492 -0.76898956 0.50229722
v 0.22473205 -0.77153933 0.50964987
v 0.21517719 -0.78026467 0.50064009
v 0.23234655 -0.77980709 0.51001423
v 0.2245246 -0.78936499 0.49910956
v 0.24218972 -0.78501761 0.50864201
v 0.23576581 -0.79543197 0.49675652
v 0.24819873 -0.77498585 0.51355731
v 0.25291127 -0.764849 0.51449239
v 0.23720535 -0.74076551 0.51304107
v 0.24810384 -0.74026453 0.51333737
v 0.22320103 0.11971915 0.25942829
v 0.22521384 0.10027071 0.25640177
v 0.22978621 0.09823538 0.27577018
v 0.21917335 0.13917206 0.26231893
v 0.213567 0.1392693 0.24111172
v 0.21830509 0.12055524 0.23915405
v 0.20663081 0.15708246 0.24212513
v 0.20153743 0.1555667 0.22012001
v 0.20903228 0.13866385 0.21989746
v 0.1971714 0.17310197 0.24116511
v 0.19197519 0.17142136 0.21889935
v 0.18800319 0.16981467 0.19748538
v 0.19744133 0.15402832 0.19877633
v 0.18458302 0.18971034 0.23730322
v 0.18057058 0.18716467 0.21600736
v 0.17703314 0.18523494 0.19518202
v 0.17416431 0.18356591 0.17487506
v 0.18505176 0.16841767 0.17686575
v 0.17198929 0.18225015 0.15497608
v 0.2296845 0.07885794 0.27233943
v 0.23390728 0.07598663 0.29108333
v 0.23205807 0.05706758 0.28735125
v 0.23651741 0.0536118 0.30499991
v 0.23287734 0.03528665 0.30106696
v 0.23799081 0.03108071 0.31738251
v 0.23310379 0.01325319 0.31317737
v 0.23918244 0.0083911 0.32788825
v 0.23327323 -0.00876528 0.32335504
v 0.24023982 -0.01400284 0.33607405
v 0.23362501 -0.03042677 0.33076992
v 0.24157102 -0.03583492 0.34156975
v 0.23371858 -0.05129254 0.334908
v 0.24236547 -0.05643107 0.34277406
v 0.23225341 -0.07050732 0.3352952
v 0.20587019 0.20860061 0.33279991
v 0.19156485 0.22080937 0.31842705
v 0.1898458 0.23324047 0.33530849
v 0.05323175 0.35801592 0.82673168
v 0.05288884 0.35049432 0.8386473
v 0.06159898 0.3528988 0.84189975
v 0.05884215 0.34398499 0.85544782
v 0.06413709 0.3482308 0.86016529
v 0.05849267 0.33961668 0.87491375
v 0.06056044 0.34520024 0.87943291
v 0.05452389 0.33616584 0.89420199
v 0.0350229 0.37168616 0.86979353
v 0.04759717 0.38254109 0.86020118
v 0.03030673 0.36171576 0.88130754
v 0.05893311 0.39106252 0.85113138
v 0.06970938 0.39518055 0.83999174
v 0.15966492 0.79586786 0.69369036
v 0.15992263 0.78362894 0.68848216
v 0.15594811 0.79572403 0.6925891
v 0.15569172 0.78385132 0.68693012
v 0.15213862 0.79594832 0.691114
v 0.15879578 0.76971173 0.68337374
v 0.15477861 0.75445181 0.68039953
v 0.14663323 0.7387855 0.68254411
v 0.13325093 0.72531592 0.68708884
v 0.1344508 0.7413789 0.6829164
v 0.11928992 0.72933477 0.68869656
v 0.12155923 0.74460798 0.68462085
v 0.10718071 0.73387879 0.69376564
v 0.11033479 0.7484312 0.69009298
v 0.0983957 0.73811179 0.70116108
v 0.10441519 0.72010356 0.69888281
v 0.09580623 0.72491049 0.7062878
v 0.08808899 0.72912073 0.71356338
v 0.09513983 0.71304804 0.71378237
v 0.08724642 0.71749842 0.72115337
v 0.11607246 0.714984 0.69351023
v 0.01581258 -0.030641 -0.405988
v 0.017166 -0.04159015 -0.39777854
v 0.03399398 -0.03885874 -0.39790338
v 0.01810358 -0.05299124 -0.39072036
v 0.03602923 -0.05084469 -0.39130461
v 0.05398413 -0.04731738 -0.39247945
v 0.03737914 -0.06284257 -0.38550052
v 0.05621305 -0.0603428 -0.38771149
v 0.07532843 -0.05669386 -0.3905954
v 0.05762899 -0.07331375 -0.38312277
v 0.07796031 -0.07068291 -0.38712784
v 0.09941026 -0.06600356 -0.39073553
v 0.07944683 -0.08439593 -0.38317552
v 0.10154284 -0.08055063 -0.38813954
v 0.12473321 -0.07475925 -0.39070603
v 0.10241343 -0.09510111 -0.3844645
v 0.12672831 -0.08985565 -0.38762337
v 0.15161731 -0.08304671 -0.38657301
v 0.12769706 -0.10472211 -0.38356018
v 0.15349605 -0.09815717 -0.38240444
v 0.17861312 -0.09097808 -0.37750503
v 0.15440022 -0.11303455 -0.37780916
v 0.1802154 -0.1060679 -0.37257573
v 0.20413786 -0.09894721 -0.36323279
v 0.18105095 -0.12084183 -0.36754089
v 0.20543512 -0.11403695 -0.35792261
v 0.22697553 -0.10735966 -0.34431558
v 0.20623743 -0.12885603 -0.35276743
v 0.22802801 -0.12249981 -0.33875414
v 0.24653017 -0.11637251 -0.32126969
v 0.22866681 -0.13752779 -0.33333036
v 0.24715204 -0.1316269 -0.31524735
v 0.26193937 -0.12587583 -0.29414331
v 0.24748653 -0.14693249 -0.30960565
v 0.26207357 -0.14157179 -0.28787481
v 0.27136534 -0.13611981 -0.26330035
v 0.26204571 -0.15734469 -0.28226217
v 0.27078172 -0.15238951 -0.25694853
v 0.27429911 -0.14754518 -0.23008193
v 0.26982122 -0.16904182 -0.25129082
v 0.27246505 -0.16477091 -0.22371806
v 0.26813885 -0.16040094 -0.19578374
v 0.27015313 -0.18238584 -0.21818459
v 0.26452961 -0.17850525 -0.1890548
v 0.25137686 -0.17410697 -0.16124469
v 0.25980696 -0.19702778 -0.18364508
v 0.26679509 -0.20045098 -0.21374894
v 0.26326471 -0.21915252 -0.21074606
v 0.25451222 -0.2163899 -0.18065154
v 0.25910878 -0.23878264 -0.20957794
v 0.24942028 -0.23791413 -0.18117602
v 0.23073697 -0.23674596 -0.15504406
v 0.24448299 -0.25952193 -0.18406263
v 0.22703589 -0.26071524 -0.16136796
v 0.20440465 -0.26320564 -0.14509724
v 0.20575048 -0.23648715 -0.13581921
v 0.17839933 -0.26834163 -0.13684161
v 0.17820027 -0.24435754 -0.1279242
v 0.1500992 -0.27438744 -0.13707923
v 0.14781127 -0.25380486 -0.12874038
v 0.14379121 -0.23365004 -0.12135721
v 0.11908373 -0.26064607 -0.13909371
v 0.11428781 -0.24286481 -0.13327865
v 0.10814123 -0.22661005 -0.12881125
v 0.13704565 -0.21715799 -0.11652025
v 0.10113114 -0.21147342 -0.12539821
v 0.12861584 -0.202737 -0.11326121
v 0.15559878 -0.19132305 -0.10814389
v 0.11940303 -0.18898671 -0.11047205
v 0.09364783 -0.19668245 -0.12258644
v 0.08642827 -0.18244111 -0.11999509
v 0.06973956 -0.20266735 -0.14205841
v 0.06363261 -0.18752889 -0.13904786
v 0.05075306 -0.20737952 -0.16825662
v 0.04469837 -0.19296327 -0.16419525
v 0.03903038 -0.21001616 -0.19727225
v 0.03239408 -0.1970895 -0.19278551
v 0.03431912 -0.20958147 -0.22742386
v 0.02735263 -0.19753196 -0.22253398
v 0.01998524 -0.18647845 -0.21656087
v 0.01946906 -0.18424658 -0.24588443
v 0.010465 -0.17610843 -0.24100782
v 0.01059832 -0.17752409 -0.21024021
v 0.01174205 -0.17157799 -0.26781436
v 0.01349939 -0.16304312 -0.28859722
v 0.01474675 -0.15441088 -0.30421474
v 0.01572268 -0.14617003 -0.31696945
v 0.01665097 -0.13732093 -0.32819923
v 0.01745105 -0.12798051 -0.33835524
v 0.01819901 -0.1180514 -0.34748843
v 0.01866797 -0.1079256 -0.35602101
v 0.0189783 -0.09743558 -0.36394971
v 0.0191106 -0.08660318 -0.37109363
v 0.0190062 -0.07556119 -0.37783175
v 0.01863744 -0.06426071 -0.38418084
v 0.03813505 -0.07475639 -0.37976476
v 0.03842315 -0.08645818 -0.37356057
v 0.05825262 -0.08598964 -0.37792012
v 0.03814511 -0.09806759 -0.36711764
v 0.05805441 -0.09864045 -0.37231442
v 0.07961696 -0.09815963 -0.37862396
v 0.05697368 -0.11100623 -0.36579543
v 0.07856991 -0.11157301 -0.37308454
v 0.10221221 -0.10937503 -0.37971207
v 0.07674498 -0.12457922 -0.36639896
v 0.10103252 -0.12330192 -0.37404888
v 0.12759077 -0.11922823 -0.37850761
v 0.09894327 -0.13716541 -0.36765748
v 0.12667743 -0.13344036 -0.37285339
v 0.15451121 -0.1275572 -0.37266713
v 0.12512503 -0.14726671 -0.3668144
v 0.15408745 -0.14171998 -0.36727446
v 0.18137645 -0.13537135 -0.3624967
v 0.1533049 -0.15570209 -0.36199864
v 0.18135203 -0.14968042 -0.35744366
v 0.20666194 -0.14356179 -0.34769827
v 0.18109938 -0.16378337 -0.35250073
v 0.2067638 -0.1580846 -0.3427301
v 0.22899246 -0.15244422 -0.32815429
v 0.20671226 -0.17252938 -0.33794772
v 0.22904524 -0.16734725 -0.32324522
v 0.24768711 -0.16227765 -0.30447271
v 0.22887891 -0.18231166 -0.3186146
v 0.24741552 -0.17780081 -0.2996189
v 0.26166322 -0.17344117 -0.27718824
v 0.24672377 -0.19344033 -0.29524526
v 0.2606289 -0.18974831 -0.27253866
v 0.26827985 -0.18602511 -0.24638252
v 0.25906106 -0.20640569 -0.26859587
v 0.26634594 -0.20341546 -0.24233502
v 0.25688794 -0.22340831 -0.26537194
v 0.26353752 -0.22127224 -0.23924912
v 0.25398421 -0.24075236 -0.26281416
v 0.26018491 -0.23959302 -0.23719258
v 0.25064635 -0.25831404 -0.2612476
v 0.2558594 -0.25840085 -0.23644127
v 0.25400796 -0.25875425 -0.21016493
v 0.25094831 -0.27729123 -0.23676775
v 0.24868004 -0.27896422 -0.21213457
v 0.23953457 -0.28104776 -0.1883153
v 0.24371253 -0.29926002 -0.21504735
v 0.23460809 -0.30231422 -0.19348491
v 0.21925598 -0.30567854 -0.17534247
v 0.2231809 -0.28347975 -0.16825233
v 0.20001462 -0.30932983 -0.1614788
v 0.20224592 -0.28671976 -0.15354192
v 0.17735667 -0.31289404 -0.15391689
v 0.17782867 -0.29088047 -0.14538426
v 0.15307836 -0.31627389 -0.15385852
v 0.15165096 -0.29527971 -0.14539074
v 0.12968577 -0.31888005 -0.1610305
v 0.12636543 -0.29893559 -0.15312543
v 0.12290342 -0.27952429 -0.14572469
v 0.10440605 -0.30109533 -0.16752934
v 0.09967641 -0.28285694 -0.16165462
v 0.09457064 -0.26524364 -0.15654662
v 0.08203814 -0.28407925 -0.18310801
v 0.07619646 -0.26753798 -0.17973506
v 0.06991882 -0.25171878 -0.17681127
v 0.08903291 -0.24865803 -0.15226718
v 0.06365147 -0.2365224 -0.174079
v 0.0829249 -0.23289966 -0.14855504
v 0.05724502 -0.22172115 -0.17143486
v 0.07647259 -0.21760685 -0.14527098
v 0.05256721 -0.23758952 -0.20250876
v 0.04579297 -0.22353912 -0.20037181
v 0.04906651 -0.23665699 -0.23143203
v 0.04170053 -0.2227188 -0.23017315
v 0.05291364 -0.23405899 -0.25965523
v 0.0558891 -0.25118193 -0.23204596
v 0.05988749 -0.24882465 -0.25899249
v 0.07127546 -0.24604621 -0.2845349
v 0.06467628 -0.2311159 -0.28653994
v 0.09159874 -0.24329938 -0.308034
v 0.08701513 -0.22898019 -0.31157299
v 0.12027905 -0.24018804 -0.3248896
v 0.11851272 -0.22644637 -0.32932767
v 0.11731164 -0.21294507 -0.33463057
v 0.15044413 -0.22317178 -0.33635208
v 0.15041267 -0.2095956 -0.34097173
v 0.15070302 -0.19616048 -0.34594225
v 0.11726552 -0.19978284 -0.34077134
v 0.15138667 -0.18281097 -0.35124957
v 0.11869509 -0.1870438 -0.34740594
v 0.1523467 -0.16939449 -0.35664987
v 0.12097851 -0.17413699 -0.35417243
v 0.08858133 -0.17590767 -0.34334254
v 0.06017725 -0.17328012 -0.32817262
v 0.12319628 -0.16082191 -0.36060077
v 0.09269558 -0.16331262 -0.35224914
v 0.06564912 -0.16207231 -0.34029758
v 0.04541683 -0.15680961 -0.32896736
v 0.04070345 -0.16658037 -0.31615838
v 0.09614512 -0.15030263 -0.36010736
v 0.07028273 -0.15007598 -0.34990629
v 0.04924822 -0.14613403 -0.34013754
v 0.03266849 -0.14138573 -0.3328776
v 0.03038351 -0.15127797 -0.32180023
v 0.07393198 -0.13753463 -0.35893049
v 0.05264237 -0.13472318 -0.34981468
v 0.03472886 -0.13100008 -0.34272277
v 0.05519621 -0.12303862 -0.35827678
v 0.03625142 -0.12040058 -0.35170954
v 0.03738909 -0.10942776 -0.35982731
v 0.02797335 -0.16027374 -0.30924212
v 0.02526751 -0.16888125 -0.29424071
v 0.02165613 -0.17800305 -0.27300167
v 0.18072179 -0.1777344 -0.34757489
v 0.18033726 -0.19157552 -0.34284591
v 0.20650194 -0.18695268 -0.33334693
v 0.17997375 -0.20552426 -0.3383674
v 0.20604182 -0.20135493 -0.32904723
v 0.22833198 -0.19729986 -0.31427377
v 0.20546425 -0.21590939 -0.32517382
v 0.22762401 -0.21251575 -0.3105331
v 0.24581441 -0.20941117 -0.29156464
v 0.2266007 -0.2279471 -0.30731421
v 0.24438536 -0.2256044 -0.28834343
v 0.22499246 -0.24342529 -0.30427917
v 0.24212721 -0.24196326 -0.28546467
v 0.22296813 -0.25900182 -0.30170485
v 0.23934137 -0.2584666 -0.28330722
v 0.22060948 -0.2745265 -0.29973417
v 0.23612718 -0.27508154 -0.28178226
v 0.24651899 -0.27599474 -0.26043471
v 0.23255492 -0.29162111 -0.28084263
v 0.24209849 -0.29372426 -0.26042032
v 0.2460663 -0.29628256 -0.23808413
v 0.23760584 -0.31145739 -0.26158896
v 0.24134808 -0.31515508 -0.2404773
v 0.238775 -0.31934604 -0.21913498
v 0.23719185 -0.33361923 -0.2449169
v 0.23452758 -0.33915576 -0.22492396
v 0.22608582 -0.3442057 -0.20651283
v 0.23015387 -0.32354044 -0.19928073
v 0.21258229 -0.34917658 -0.19115431
v 0.21596433 -0.3277086 -0.18241103
v 0.19578494 -0.35392206 -0.17950524
v 0.19789469 -0.33175593 -0.16974729
v 0.17663513 -0.35753715 -0.1730522
v 0.17692467 -0.3350659 -0.16284057
v 0.15612991 -0.35984307 -0.17305596
v 0.15451276 -0.33766576 -0.16286107
v 0.13621176 -0.3605445 -0.17900145
v 0.13305561 -0.33926659 -0.16960954
v 0.11827573 -0.3593564 -0.19032652
v 0.11376062 -0.33941429 -0.18174135
v 0.10920752 -0.31991532 -0.17440661
v 0.09843517 -0.33787065 -0.19841718
v 0.0929847 -0.31936103 -0.19240181
v 0.08743058 -0.30154165 -0.1872105
v 0.08267639 -0.31705343 -0.21396583
v 0.07703645 -0.30006644 -0.21046234
v 0.07134557 -0.28358182 -0.20782889
v 0.07349632 -0.29747176 -0.23516161
v 0.06773532 -0.28179112 -0.23365168
v 0.06210202 -0.26632788 -0.23269306
v 0.06534767 -0.26763391 -0.20587128
v 0.05911145 -0.25232625 -0.20424221
v 0.0714511 -0.27891701 -0.25897601
v 0.06599506 -0.26380011 -0.25871601
v 0.08202317 -0.27561098 -0.28274428
v 0.07693646 -0.26078239 -0.28336024
v 0.10006259 -0.27187192 -0.30336383
v 0.0958933 -0.25760895 -0.30550995
v 0.12431834 -0.26803273 -0.31832099
v 0.12226332 -0.25408804 -0.32128754
v 0.15136511 -0.26463925 -0.32511878
v 0.15092232 -0.25076812 -0.32844266
v 0.15054355 -0.23687668 -0.33210283
v 0.17860899 -0.24776567 -0.32682842
v 0.179092 -0.23358926 -0.33028924
v 0.17959353 -0.21952562 -0.33415043
v 0.20469506 -0.23058626 -0.32167536
v 0.20369088 -0.24538156 -0.31852695
v 0.17797361 -0.26194375 -0.32360512
v 0.20234584 -0.26017302 -0.31575718
v 0.17733022 -0.27619803 -0.32102111
v 0.20066064 -0.27485498 -0.31330642
v 0.17651602 -0.29038521 -0.31805729
v 0.19871276 -0.28957667 -0.31092563
v 0.21764566 -0.2900736 -0.29799193
v 0.19660621 -0.30395948 -0.30925673
v 0.21444347 -0.30526691 -0.29705813
v 0.22864714 -0.30799925 -0.28098359
v 0.21183204 -0.32015618 -0.29800164
v 0.22504848 -0.32375311 -0.28293114
v 0.23380515 -0.32839906 -0.26463049
v 0.22236676 -0.33905237 -0.28713634
v 0.23058259 -0.34470954 -0.26994985
v 0.23386697 -0.35113859 -0.25144094
v 0.22906164 -0.36017346 -0.27781873
v 0.23192486 -0.36766058 -0.26032429
v 0.2291117 -0.37524122 -0.24318167
v 0.23129066 -0.35781094 -0.2327667
v 0.22142472 -0.38247361 -0.2272683
v 0.22311161 -0.36404138 -0.21564546
v 0.20978517 -0.38916638 -0.21461913
v 0.21050874 -0.36983948 -0.20160844
v 0.19485017 -0.39487636 -0.20586136
v 0.19496059 -0.37550252 -0.1911236
v 0.17770628 -0.39886203 -0.20119054
v 0.17692247 -0.37945663 -0.18590003
v 0.15930712 -0.400303 -0.20140843
v 0.15783877 -0.38134595 -0.18599993
v 0.14139498 -0.3991335 -0.20640139
v 0.1389994 -0.38105693 -0.19140911
v 0.12517748 -0.39577433 -0.21563591
v 0.12211108 -0.37845572 -0.20174217
v 0.11172463 -0.39099091 -0.22818398
v 0.10804539 -0.37438613 -0.21571135
v 0.10356942 -0.35653275 -0.2057805
v 0.09853346 -0.36879918 -0.23286233
v 0.09377227 -0.35206076 -0.22441814
v 0.08820349 -0.33463639 -0.218406
v 0.09036407 -0.34664624 -0.24492935
v 0.08470244 -0.3301624 -0.24024228
v 0.07912623 -0.31371823 -0.237255
v 0.08760648 -0.32528597 -0.26210588
v 0.08225719 -0.30966717 -0.26034289
v 0.07683853 -0.29421773 -0.25950613
v 0.09195366 -0.30524402 -0.28187432
v 0.08696192 -0.29040142 -0.28221339
v 0.10797338 -0.30044838 -0.30002829
v 0.10395059 -0.28613883 -0.30154821
v 0.1287986 -0.29599994 -0.31319484
v 0.12645728 -0.28211513 -0.31565719
v 0.15256068 -0.2924481 -0.31918633
v 0.15191599 -0.27865827 -0.32209238
v 0.13162621 -0.30953782 -0.31098231
v 0.15344516 -0.30603227 -0.316834
v 0.17575119 -0.30414804 -0.31579312
v 0.15451294 -0.31944125 -0.31705653
v 0.17554122 -0.31791052 -0.31614717
v 0.1951216 -0.31814479 -0.30962708
v 0.17537653 -0.33144718 -0.31854072
v 0.19394668 -0.33217778 -0.31236907
v 0.20989097 -0.33481645 -0.30150806
v 0.19376374 -0.34552872 -0.31810948
v 0.20924125 -0.34880632 -0.30769407
v 0.22137653 -0.35373234 -0.29398837
v 0.20921507 -0.36265981 -0.31598877
v 0.22102627 -0.36824649 -0.30294933
v 0.22808295 -0.37539959 -0.28762531
v 0.22019507 -0.38293266 -0.31282565
v 0.22725629 -0.39042261 -0.29851958
v 0.2293294 -0.39875474 -0.28315311
v 0.23051929 -0.38339477 -0.27144506
v 0.22672663 -0.40721648 -0.26822429
v 0.22764423 -0.39160528 -0.25547811
v 0.2195007 -0.41522997 -0.25491303
v 0.2204748 -0.3993923 -0.24101933
v 0.20889441 -0.42221826 -0.24394558
v 0.20935389 -0.40621087 -0.22939918
v 0.1948201 -0.42755252 -0.23638202
v 0.19493143 -0.41191089 -0.22126452
v 0.17878988 -0.43115973 -0.23191107
v 0.17831383 -0.41559562 -0.21700982
v 0.16169685 -0.43197953 -0.23175847
v 0.1606165 -0.41686248 -0.21692709
v 0.14515119 -0.43010446 -0.23582306
v 0.14340038 -0.41524496 -0.22160147
v 0.13017654 -0.42633888 -0.24372538
v 0.12787646 -0.41151723 -0.23025275
v 0.11773122 -0.42117646 -0.25477832
v 0.11490321 -0.40652522 -0.24179762
v 0.10907062 -0.41436341 -0.26820501
v 0.10586919 -0.40003103 -0.25578942
v 0.10243791 -0.38465532 -0.24360002
v 0.10223745 -0.39193403 -0.27183595
v 0.098948 -0.37728056 -0.26113274
v 0.09491598 -0.36211067 -0.25187036
v 0.1008474 -0.36925086 -0.27916312
v 0.09746262 -0.35485038 -0.27126547
v 0.0928803 -0.34044677 -0.26561462
v 0.10561209 -0.34767022 -0.28919196
v 0.1018821 -0.33379584 -0.2844946
v 0.09689565 -0.31978949 -0.282368
v 0.11579955 -0.32776159 -0.30035498
v 0.11205954 -0.31427532 -0.2992236
v 0.13399194 -0.32282343 -0.31156408
v 0.11881016 -0.34118568 -0.30399951
v 0.13605408 -0.33605191 -0.31445998
v 0.15547387 -0.33271569 -0.31956192
v 0.1374969 -0.34900766 -0.3196294
v 0.15618282 -0.34548738 -0.32473868
v 0.1756065 -0.34440565 -0.32394078
v 0.1568723 -0.35837054 -0.3317503
v 0.17595255 -0.35739585 -0.33118817
v 0.19389313 -0.35886904 -0.325843
v 0.1761672 -0.3708086 -0.3392643
v 0.19380545 -0.37262123 -0.33429494
v 0.20878952 -0.37685501 -0.32510593
v 0.19320344 -0.38718482 -0.34337326
v 0.20797346 -0.39158725 -0.33482992
v 0.21921595 -0.39787855 -0.32317027
v 0.20685301 -0.40681737 -0.34473347
v 0.2178547 -0.41317448 -0.33344399
v 0.22490108 -0.42069715 -0.32024514
v 0.22602789 -0.40547344 -0.30941593
v 0.2270202 -0.42891696 -0.30602693
v 0.2283184 -0.41385763 -0.29475018
v 0.22473192 -0.43722304 -0.29232108
v 0.22571215 -0.42231202 -0.28051501
v 0.21793367 -0.44488459 -0.27994754
v 0.21900573 -0.43034198 -0.26763546
v 0.207699 -0.45148259 -0.26958438
v 0.20838084 -0.43718332 -0.25710836
v 0.19430542 -0.45636206 -0.26216349
v 0.19462308 -0.44220617 -0.24972476
v 0.17904177 -0.45935604 -0.25798264
v 0.17897883 -0.44549706 -0.24542413
v 0.16297744 -0.46003174 -0.25758498
v 0.16246458 -0.44626644 -0.24509476
v 0.14732119 -0.45823457 -0.26104116
v 0.14638678 -0.44443893 -0.24880188
v 0.13335651 -0.45447006 -0.26804906
v 0.13205692 -0.44055843 -0.25614967
v 0.12197706 -0.4489834 -0.27820554
v 0.12013916 -0.43521985 -0.26674452
v 0.11394927 -0.44196945 -0.29074454
v 0.11188454 -0.42825332 -0.27975878
v 0.11013965 -0.43382409 -0.30478075
v 0.1080976 -0.41994488 -0.2941879
v 0.10546012 -0.40606743 -0.2832458
v 0.10934079 -0.41109794 -0.30895251
v 0.10669199 -0.39718112 -0.29868286
v 0.10382453 -0.38322436 -0.28843808
v 0.11320277 -0.38855615 -0.31333056
v 0.11085414 -0.37490046 -0.30411803
v 0.10841421 -0.3612636 -0.29577517
v 0.12266495 -0.3675858 -0.3171966
v 0.12095221 -0.35435324 -0.30971565
v 0.13868917 -0.36198657 -0.32661554
v 0.1246296 -0.38105353 -0.32565322
v 0.13992546 -0.37527614 -0.33451554
v 0.15759393 -0.37159818 -0.3395451
v 0.14119297 -0.38917765 -0.34336832
v 0.15818963 -0.38567695 -0.34808477
v 0.17614527 -0.38507726 -0.34796765
v 0.15845334 -0.40043222 -0.35746929
v 0.17584013 -0.39999088 -0.35743087
v 0.19248697 -0.40225142 -0.3530209
v 0.17542292 -0.41563379 -0.36782038
v 0.19175434 -0.41788837 -0.36337584
v 0.20590788 -0.42237454 -0.35524568
v 0.19117723 -0.43432915 -0.37462523
v 0.20488454 -0.43866151 -0.36628186
v 0.21571922 -0.44455871 -0.35528844
v 0.21678136 -0.42862835 -0.34414923
v 0.22223378 -0.45164603 -0.34231907
v 0.22363925 -0.43602678 -0.33112245
v 0.22449472 -0.45915231 -0.32868182
v 0.22581952 -0.4440087 -0.31733089
v 0.22195066 -0.46634164 -0.31529381
v 0.22351799 -0.45187953 -0.30387526
v 0.21562509 -0.47282043 -0.3028652
v 0.21684894 -0.45907682 -0.29169634
v 0.20598858 -0.47822368 -0.29222595
v 0.20695768 -0.4651556 -0.28126606
v 0.19317637 -0.48220384 -0.28454366
v 0.19380551 -0.46969464 -0.27372545
v 0.17863218 -0.48475369 -0.28018325
v 0.17895343 -0.47253763 -0.2694523
v 0.16317972 -0.48518455 -0.27989262
v 0.16315685 -0.47311961 -0.26908642
v 0.14801564 -0.48389604 -0.28335216
v 0.14777137 -0.47138834 -0.27258533
v 0.13433665 -0.48100799 -0.29028201
v 0.13403849 -0.46788936 -0.27938032
v 0.12352167 -0.4762701 -0.30037346
v 0.12281488 -0.46268308 -0.28930845
v 0.11565192 -0.4701409 -0.31262671
v 0.11511057 -0.45589408 -0.30159899
v 0.11186438 -0.46275484 -0.3262746
v 0.11118628 -0.44803777 -0.31534838
v 0.11297019 -0.4548442 -0.34045606
v 0.11229247 -0.43964728 -0.32961943
v 0.11138531 -0.42519262 -0.31912601
v 0.11831152 -0.43158426 -0.34316802
v 0.11752067 -0.41678884 -0.33275166
v 0.1157592 -0.40253374 -0.3229089
v 0.12796589 -0.40944913 -0.34427183
v 0.12641456 -0.39495095 -0.33484789
v 0.14213797 -0.40388634 -0.35261976
v 0.12848381 -0.42454469 -0.35466831
v 0.14234635 -0.41924241 -0.36301085
v 0.15837422 -0.41609808 -0.36771547
v 0.14229595 -0.43578824 -0.37412539
v 0.15813739 -0.43278175 -0.37886646
v 0.17499704 -0.43237948 -0.3788191
v 0.15794271 -0.4514603 -0.39151793
v 0.17466816 -0.45086368 -0.39169359
v 0.19055433 -0.45276346 -0.38719439
v 0.17460104 -0.47240603 -0.40490007
v 0.190261 -0.47368717 -0.40002366
v 0.20359735 -0.47661888 -0.39058294
v 0.20414909 -0.45656839 -0.37874925
v 0.21393699 -0.48066732 -0.3783392
v 0.21455772 -0.46187815 -0.36700314
v 0.21974608 -0.48579043 -0.3644545
v 0.22091209 -0.46807867 -0.35376116
v 0.221046 -0.49079954 -0.34951388
v 0.22275349 -0.47462818 -0.33989971
v 0.21786052 -0.49519184 -0.33424755
v 0.22001963 -0.48089021 -0.3259699
v 0.2116369 -0.49918696 -0.32086277
v 0.21368725 -0.48628407 -0.31296461
v 0.20242574 -0.50247281 -0.30986008
v 0.20439954 -0.4905951 -0.3019427
v 0.19079083 -0.50477719 -0.3022893
v 0.19208566 -0.49371436 -0.29420092
v 0.17760059 -0.50646638 -0.29801243
v 0.178057 -0.49579203 -0.2899177
v 0.16369067 -0.50727886 -0.29754647
v 0.16324925 -0.49632611 -0.28951129
v 0.1499298 -0.50701874 -0.30118957
v 0.14868754 -0.49552494 -0.2930125
v 0.13709953 -0.50609898 -0.30819439
v 0.13532646 -0.49372807 -0.30009537
v 0.12672655 -0.50342297 -0.3194381
v 0.12476628 -0.48982602 -0.3108693
v 0.11817941 -0.50004416 -0.33277311
v 0.11649553 -0.4848451 -0.32349348
v 0.11371005 -0.49534499 -0.34809058
v 0.11250295 -0.47844398 -0.33758178
v 0.11416121 -0.48962417 -0.3637771
v 0.11323502 -0.47139284 -0.35222101
v 0.11918991 -0.48454526 -0.37819567
v 0.1187986 -0.46469363 -0.36634215
v 0.1187138 -0.4472014 -0.35403668
v 0.1286232 -0.45898672 -0.37803635
v 0.12867632 -0.44068023 -0.36564999
v 0.14215743 -0.45431613 -0.38677123
v 0.12899912 -0.47967124 -0.39066374
v 0.14232468 -0.4757913 -0.39958384
v 0.15779355 -0.47307199 -0.40490925
v 0.14296549 -0.50224196 -0.40852072
v 0.15867058 -0.50021988 -0.41399166
v 0.17564104 -0.49909132 -0.4136545
v 0.16158768 -0.52949452 -0.41100847
v 0.177401 -0.52794957 -0.41083985
v 0.19199052 -0.5263642 -0.4058521
v 0.19126038 -0.49906128 -0.40817546
v 0.20444802 -0.52494913 -0.39662733
v 0.20415006 -0.50004541 -0.39796918
v 0.21363386 -0.52422457 -0.3845824
v 0.21392843 -0.50185328 -0.38491863
v 0.21879144 -0.52403593 -0.37039876
v 0.21893805 -0.50453251 -0.37053301
v 0.21958646 -0.5239427 -0.3546091
v 0.21959097 -0.50726163 -0.35441306
v 0.21676348 -0.52451771 -0.33980616
v 0.21652554 -0.5096215 -0.33900335
v 0.21060542 -0.52575951 -0.32680991
v 0.2103126 -0.51219838 -0.32557758
v 0.20173096 -0.52717727 -0.31636872
v 0.20146904 -0.51448029 -0.31476062
v 0.19066862 -0.5284596 -0.30902895
v 0.19013029 -0.51629108 -0.30748164
v 0.17838142 -0.52957159 -0.30464538
v 0.17761732 -0.51764363 -0.30323875
v 0.16542145 -0.53048527 -0.30439651
v 0.16446058 -0.51846265 -0.30280429
v 0.15275664 -0.53110325 -0.30828172
v 0.1514396 -0.51863718 -0.3066172
v 0.14079038 -0.53152 -0.31518843
v 0.1392011 -0.51834219 -0.31357967
v 0.13085013 -0.53154206 -0.3259471
v 0.12885224 -0.517089 -0.32454195
v 0.12323759 -0.53148949 -0.33944091
v 0.12059799 -0.5152601 -0.33817967
v 0.11949178 -0.5317052 -0.35432168
v 0.1160864 -0.51250129 -0.35408383
v 0.11975626 -0.53186559 -0.36916419
v 0.11621505 -0.51043427 -0.36967405
v 0.12502151 -0.53181093 -0.38407781
v 0.12076816 -0.50781041 -0.38515827
v 0.13405819 -0.53151148 -0.39665654
v 0.12998797 -0.50490528 -0.39832469
v 0.14680722 -0.53069859 -0.40617749
v 0.13934823 -0.55512571 -0.38831645
v 0.15130841 -0.55531859 -0.39662325
v 0.16527077 -0.55459892 -0.40112519
v 0.15542598 -0.57662624 -0.38653898
v 0.16870826 -0.57615155 -0.39070007
v 0.18248596 -0.57458496 -0.39080247
v 0.17983821 -0.55296254 -0.40115866
v 0.19549559 -0.57219862 -0.38699227
v 0.19351442 -0.55067342 -0.3967731
v 0.20672898 -0.56928318 -0.37971627
v 0.20520751 -0.54825156 -0.38885104
v 0.21509955 -0.56605613 -0.36961886
v 0.21396262 -0.54592424 -0.37828722
v 0.22023789 -0.5625928 -0.35782817
v 0.2194961 -0.54357659 -0.3651905
v 0.22217239 -0.55935114 -0.3451038
v 0.22066077 -0.54162359 -0.35103932
v 0.21967673 -0.5568611 -0.33251923
v 0.21813584 -0.54042214 -0.33717733
v 0.2136054 -0.55535662 -0.32091406
v 0.21201504 -0.54026186 -0.32493397
v 0.20500473 -0.55447405 -0.31090819
v 0.20315656 -0.54056489 -0.31472387
v 0.19380657 -0.55448067 -0.30377531
v 0.19208124 -0.5411731 -0.30738323
v 0.18124881 -0.55498504 -0.29963308
v 0.17963188 -0.5419662 -0.30315721
v 0.16812242 -0.55604189 -0.298913
v 0.16657899 -0.54291248 -0.30271965
v 0.15549576 -0.55770981 -0.30236294
v 0.153871 -0.54408055 -0.30641442
v 0.14436501 -0.55995255 -0.3094787
v 0.14234922 -0.54537499 -0.3134818
v 0.13580082 -0.56276714 -0.3192529
v 0.1329419 -0.54683011 -0.32394641
v 0.12980666 -0.56597483 -0.33055189
v 0.12623859 -0.54883688 -0.33618369
v 0.12774406 -0.56927466 -0.34340181
v 0.12304207 -0.55097985 -0.34984007
v 0.12936565 -0.57232755 -0.35627433
v 0.12416413 -0.55280172 -0.36407044
v 0.13493916 -0.57460862 -0.36839345
v 0.13009432 -0.55418175 -0.37700015
v 0.14373306 -0.5761339 -0.37898859
v 0.13952009 -0.59312236 -0.36002895
v 0.14827518 -0.595097 -0.36964854
v 0.15927541 -0.59606671 -0.37688618
v 0.15163298 -0.61275631 -0.36113387
v 0.16230675 -0.61412978 -0.3679032
v 0.17443065 -0.61424714 -0.37155485
v 0.17181426 -0.59589356 -0.38094997
v 0.18700306 -0.61307895 -0.37182056
v 0.18488106 -0.59448993 -0.3810797
v 0.19887362 -0.61048519 -0.36823481
v 0.19728109 -0.59200841 -0.3774183
v 0.20907919 -0.60697758 -0.36182284
v 0.20795407 -0.58875888 -0.37062108
v 0.21709118 -0.60282886 -0.35306355
v 0.21607947 -0.58489978 -0.36123734
v 0.22219958 -0.59843498 -0.34261667
v 0.22111244 -0.5808143 -0.35021761
v 0.22384795 -0.59408366 -0.33121767
v 0.2229267 -0.57692259 -0.33830574
v 0.22138465 -0.59017455 -0.31998351
v 0.22049488 -0.57362127 -0.32665097
v 0.21569253 -0.58695983 -0.30960634
v 0.21457473 -0.57106572 -0.31575444
v 0.20739901 -0.5845133 -0.30068993
v 0.2063671 -0.56923842 -0.3062402
v 0.19677837 -0.58332568 -0.29420241
v 0.19541958 -0.56846743 -0.29923874
v 0.1846476 -0.58341825 -0.290623
v 0.1830012 -0.56875896 -0.29531756
v 0.17218461 -0.58459895 -0.29016035
v 0.17007903 -0.56993788 -0.29475775
v 0.1604425 -0.58697551 -0.29338029
v 0.15788035 -0.57209116 -0.29817307
v 0.1502618 -0.59016037 -0.29936018
v 0.14736366 -0.57501649 -0.30472633
v 0.14237374 -0.59406775 -0.30787593
v 0.13931728 -0.57851856 -0.31376507
v 0.13742318 -0.59838718 -0.31816232
v 0.13385531 -0.58246624 -0.32452487
v 0.13598443 -0.60278397 -0.32956978
v 0.13224357 -0.58643788 -0.33645248
v 0.13769009 -0.60687905 -0.34111127
v 0.13382624 -0.59016245 -0.34860113
v 0.14334429 -0.61020469 -0.3518944
v 0.13981078 -0.62349081 -0.33373966
v 0.14549292 -0.62726587 -0.34420141
v 0.15376552 -0.63018584 -0.3531644
v 0.14623171 -0.64435195 -0.3369534
v 0.15460959 -0.64769119 -0.34594431
v 0.1654246 -0.64957892 -0.35217022
v 0.16430591 -0.63182967 -0.35957646
v 0.17768089 -0.65007269 -0.35550096
v 0.17637214 -0.63211846 -0.36295038
v 0.19029054 -0.64910167 -0.35577896
v 0.18874697 -0.63112306 -0.36325967
v 0.20227514 -0.64638656 -0.35226345
v 0.20053969 -0.62857335 -0.35985657
v 0.21266947 -0.64250266 -0.3459579
v 0.21081848 -0.6249479 -0.35369369
v 0.22083957 -0.63782614 -0.33743208
v 0.21863281 -0.62051028 -0.3450002
v 0.22600774 -0.63267767 -0.32724228
v 0.2239732 -0.6157481 -0.33496689
v 0.22713477 -0.62743938 -0.3161062
v 0.22523134 -0.61092227 -0.32383173
v 0.22489544 -0.62246418 -0.305002
v 0.2229294 -0.60646539 -0.31275212
v 0.21922276 -0.61817228 -0.29485842
v 0.21725086 -0.60265183 -0.30263355
v 0.21104969 -0.61479705 -0.28609949
v 0.20894911 -0.59975302 -0.29398071
v 0.20035901 -0.61286544 -0.27963882
v 0.19839392 -0.59825623 -0.28773376
v 0.18801222 -0.61251521 -0.27624201
v 0.18635217 -0.59807241 -0.28420254
v 0.17531752 -0.61362648 -0.27595159
v 0.17391678 -0.59917664 -0.28369024
v 0.16315853 -0.61625075 -0.27894735
v 0.16213367 -0.60172718 -0.2868075
v 0.15262304 -0.6199485 -0.28481528
v 0.15187473 -0.60514128 -0.29257664
v 0.14493738 -0.62467408 -0.2935169
v 0.14423488 -0.60946178 -0.30112206
v 0.13986991 -0.62985217 -0.30374831
v 0.13927415 -0.6141631 -0.31123477
v 0.13829985 -0.63509923 -0.31499108
v 0.13781344 -0.61897748 -0.32239979
v 0.14046995 -0.64009779 -0.32641693
v 0.1385823 -0.65124374 -0.30740651
v 0.14097638 -0.6566866 -0.31884512
v 0.14673404 -0.6614573 -0.32949453
v 0.14129941 -0.67344254 -0.31104397
v 0.147055 -0.67869204 -0.32181495
v 0.15584895 -0.6828466 -0.3308784
v 0.15517276 -0.66524273 -0.33861511
v 0.16732998 -0.68527662 -0.33710157
v 0.16633817 -0.6673972 -0.34483668
v 0.18017172 -0.68597781 -0.34057134
v 0.17883548 -0.66802012 -0.34831669
v 0.19345621 -0.68480873 -0.34081974
v 0.19177603 -0.66686451 -0.34834575
v 0.20598784 -0.68178409 -0.33735567
v 0.20390753 -0.66391789 -0.34457287
v 0.21693985 -0.6774165 -0.3310509
v 0.21440626 -0.65981864 -0.33820155
v 0.22530949 -0.67203897 -0.32238245
v 0.22280344 -0.65486836 -0.32978528
v 0.23039563 -0.66605609 -0.31198152
v 0.22825482 -0.64937722 -0.31965443
v 0.23147687 -0.65993398 -0.30063283
v 0.22922129 -0.64368611 -0.3083609
v 0.22944524 -0.65397256 -0.28935492
v 0.22737872 -0.63819831 -0.29706901
v 0.22381888 -0.64884895 -0.27897551
v 0.22162999 -0.63352119 -0.28674551
v 0.21480366 -0.64507883 -0.27049213
v 0.21299766 -0.62989866 -0.27808764
v 0.20371884 -0.64241516 -0.26385909
v 0.20216985 -0.62756401 -0.27145317
v 0.19088259 -0.6415165 -0.26024904
v 0.18952581 -0.62705534 -0.26806056
v 0.17749877 -0.64257627 -0.26009598
v 0.17650465 -0.62815254 -0.26789325
v 0.16486293 -0.64542055 -0.26324403
v 0.16412769 -0.6308707 -0.27105569
v 0.15391194 -0.64969241 -0.26922172
v 0.15327738 -0.63481706 -0.27695184
v 0.1457773 -0.65515571 -0.27788004
v 0.14545492 -0.63992172 -0.28571942
v 0.14068703 -0.66123133 -0.28823742
v 0.14025038 -0.64550578 -0.29604563
v 0.13890235 -0.66749638 -0.29956075
v 0.14119266 -0.67721444 -0.28030273
v 0.13934786 -0.6839959 -0.29153841
v 0.1419169 -0.69051468 -0.30294191
v 0.14013609 -0.70125269 -0.2831237
v 0.1422861 -0.70853918 -0.2943753
v 0.14808835 -0.71520036 -0.30494415
v 0.14768981 -0.69630777 -0.31366851
v 0.15751588 -0.72036957 -0.31380781
v 0.15661449 -0.70085942 -0.32275471
v 0.16951592 -0.72360301 -0.32030957
v 0.16837349 -0.70361006 -0.32913675
v 0.18303677 -0.72470587 -0.32402283
v 0.18160527 -0.70442205 -0.3325982
v 0.19700264 -0.72351813 -0.32419461
v 0.1952262 -0.70324796 -0.3328413
v 0.21013087 -0.72009289 -0.32076871
v 0.20798823 -0.70008117 -0.32945418
v 0.22124803 -0.71472114 -0.31433317
v 0.2192417 -0.69543987 -0.32330891
v 0.22938659 -0.70799076 -0.30568233
v 0.22746154 -0.68951815 -0.31447705
v 0.23471297 -0.70065289 -0.29570928
v 0.23249967 -0.68301498 -0.30411523
v 0.23570378 -0.69312232 -0.28469723
v 0.23358559 -0.67635339 -0.29286739
v 0.23285687 -0.68582546 -0.27385181
v 0.23141074 -0.66991657 -0.28167423
v 0.22698111 -0.67937767 -0.26397445
v 0.22564281 -0.66429215 -0.27148318
v 0.21756143 -0.67398661 -0.2559219
v 0.21649459 -0.65989977 -0.26314172
v 0.2060403 -0.67015546 -0.24998393
v 0.20514182 -0.65667158 -0.25659132
v 0.1930463 -0.66873157 -0.24676102
v 0.19203965 -0.65554159 -0.25310003
v 0.17967605 -0.66973304 -0.24631299
v 0.17849309 -0.65662545 -0.25285553
v 0.16693255 -0.67331868 -0.24897837
v 0.16563074 -0.65981286 -0.25582325
v 0.15569974 -0.67881244 -0.25432902
v 0.15452376 -0.66452395 -0.26156261
v 0.14744067 -0.68590474 -0.26256644
v 0.14627547 -0.67059975 -0.27015182
v 0.14185038 -0.69352227 -0.27207627
v 0.1491203 -0.70022755 -0.25410279
v 0.14300191 -0.70949596 -0.26318189
v 0.14109186 -0.71862787 -0.27384528
v 0.14438264 -0.72292488 -0.25281021
v 0.14194454 -0.73440009 -0.26242196
v 0.14324584 -0.74538195 -0.27229863
v 0.14266325 -0.72759497 -0.28472778
v 0.14909544 -0.75545936 -0.28228354
v 0.14879004 -0.73543226 -0.29506796
v 0.15877082 -0.76342243 -0.29091203
v 0.15836249 -0.74148678 -0.30401057
v 0.17169472 -0.76884234 -0.29749721
v 0.17065163 -0.74536973 -0.31056696
v 0.18652321 -0.77077543 -0.30091548
v 0.18459412 -0.74681991 -0.31430268
v 0.20203599 -0.76918828 -0.30116757
v 0.19908477 -0.74554312 -0.31450989
v 0.21597009 -0.76412934 -0.29783338
v 0.21245959 -0.74146771 -0.31079861
v 0.22746931 -0.75618618 -0.29148498
v 0.22386232 -0.73539358 -0.30459919
v 0.23574094 -0.74671089 -0.28395858
v 0.23223683 -0.72764927 -0.29621225
v 0.23988917 -0.73567169 -0.27465868
v 0.23734343 -0.71868693 -0.28642636
v 0.2395557 -0.72485613 -0.26495051
v 0.23772837 -0.70981639 -0.2757869
v 0.23542234 -0.71416294 -0.25544339
v 0.23408281 -0.70132494 -0.26535493
v 0.22828097 -0.70475238 -0.24690058
v 0.22782205 -0.69325047 -0.25592994
v 0.21864438 -0.69740682 -0.24013364
v 0.21819357 -0.68674987 -0.24844312
v 0.20730409 -0.69240522 -0.23495112
v 0.20674927 -0.68223154 -0.24286218
v 0.19491522 -0.69032084 -0.23211577
v 0.19406183 -0.68041604 -0.23978583
v 0.18216066 -0.69140881 -0.23175214
v 0.18094708 -0.68158572 -0.23944938
v 0.17010007 -0.69576674 -0.23393325
v 0.16857191 -0.68561929 -0.24200411
v 0.15930438 -0.70266568 -0.23817922
v 0.15759915 -0.69186651 -0.2468885
v 0.15077282 -0.71187627 -0.24456498
v 0.16037729 -0.71085494 -0.22777943
v 0.15164481 -0.72082382 -0.23334546
v 0.14530082 -0.73287439 -0.24025076
v 0.15158218 -0.72677725 -0.22003169
v 0.14561514 -0.73946493 -0.22533665
v 0.14386825 -0.75365912 -0.23104174
v 0.14302745 -0.74633002 -0.24807195
v 0.14647816 -0.76772654 -0.23660363
v 0.14462694 -0.75922608 -0.25639
v 0.15292513 -0.78018224 -0.24166527
v 0.15052397 -0.77137661 -0.2641021
v 0.16356943 -0.79017192 -0.24606822
v 0.16037176 -0.78116172 -0.27069988
v 0.17688402 -0.79690182 -0.24953597
v 0.17375063 -0.78807908 -0.27607446
v 0.19178329 -0.79949277 -0.25166106
v 0.18899153 -0.79064083 -0.27901944
v 0.20692656 -0.79761153 -0.25234761
v 0.20511272 -0.78870874 -0.27941548
v 0.22052696 -0.7912848 -0.25133585
v 0.21914045 -0.7823385 -0.27691999
v 0.23169872 -0.78176248 -0.24868658
v 0.23056219 -0.77297937 -0.27231147
v 0.23958471 -0.769634 -0.2448419
v 0.23823525 -0.7614178 -0.26619753
v 0.24399833 -0.75645285 -0.24033647
v 0.24219304 -0.74852126 -0.25924414
v 0.24390305 -0.74285703 -0.23492609
v 0.24146129 -0.73582506 -0.25143793
v 0.23976446 -0.72968649 -0.22912424
v 0.23702894 -0.72366923 -0.24346762
v 0.23209413 -0.71864843 -0.22327463
v 0.22937953 -0.71346241 -0.23628924
v 0.2219617 -0.71014148 -0.21809995
v 0.21952633 -0.70558136 -0.23020041
v 0.21004389 -0.70455902 -0.21400722
v 0.20822623 -0.70023578 -0.2255795
v 0.19701229 -0.70217585 -0.21155507
v 0.19587633 -0.69772106 -0.22274006
v 0.18393266 -0.70326668 -0.21101354
v 0.18316388 -0.69881665 -0.22221827
v 0.17154492 -0.70835053 -0.21242919
v 0.17119033 -0.703511 -0.22410343
v 0.16047664 -0.71614778 -0.21548974
v 0.17151013 -0.7107172 -0.1992665
v 0.16012877 -0.71919953 -0.2014679
v 0.15130209 -0.73035603 -0.20462292
v 0.16059936 -0.72109961 -0.18640817
v 0.15201599 -0.73252093 -0.18833284
v 0.14704345 -0.74600195 -0.190417
v 0.14588221 -0.74350631 -0.20807518
v 0.1467117 -0.76029521 -0.19264444
v 0.14510966 -0.75772005 -0.21169436
v 0.14998389 -0.77446365 -0.19495314
v 0.14821724 -0.77168875 -0.21527834
v 0.15752682 -0.78701865 -0.1974762
v 0.15546701 -0.78399705 -0.21897223
v 0.16851551 -0.79672902 -0.19987693
v 0.16606304 -0.7940936 -0.22212207
v 0.1818487 -0.80306559 -0.20184306
v 0.17944039 -0.8005048 -0.22460959
v 0.19636304 -0.8050614 -0.20323953
v 0.194122 -0.80273181 -0.22622904
v 0.21058788 -0.80315029 -0.20404616
v 0.20873245 -0.80096536 -0.22694863
v 0.2236685 -0.79726177 -0.20405824
v 0.22192926 -0.79487985 -0.22661149
v 0.23440355 -0.78827303 -0.20325054
v 0.23296612 -0.78567946 -0.22525437
v 0.24251194 -0.77695936 -0.20176903
v 0.24111223 -0.77393311 -0.22290246
v 0.24688182 -0.76376295 -0.19981735
v 0.24546642 -0.76069331 -0.21978926
v 0.24783882 -0.74974989 -0.19756121
v 0.24610717 -0.7468822 -0.21642345
v 0.24461585 -0.73615419 -0.19503609
v 0.24248388 -0.7335121 -0.21267186
v 0.23778373 -0.7237811 -0.19230704
v 0.23541908 -0.72165519 -0.20843836
v 0.22694632 -0.71440404 -0.18956379
v 0.22479978 -0.71264839 -0.2042956
v 0.21393249 -0.70770007 -0.18693727
v 0.21215611 -0.7064982 -0.20095023
v 0.19962063 -0.70464003 -0.18508346
v 0.19830116 -0.70388412 -0.19875606
v 0.18490713 -0.70620054 -0.18435625
v 0.18437759 -0.70522207 -0.1981588
v 0.17183044 -0.71211814 -0.18495427
v 0.18610701 -0.70867741 -0.16992549
v 0.17306575 -0.71437048 -0.17025393
v 0.16226667 -0.72317099 -0.17123667
v 0.17536339 -0.71924644 -0.15585658
v 0.15412794 -0.73451244 -0.17230828
v 0.1497142 -0.74773871 -0.17328426
v 0.15499991 -0.76123207 -0.15686579
v 0.14924959 -0.76178365 -0.17433653
v 0.15849138 -0.7744652 -0.15702247
v 0.1527038 -0.77596455 -0.17547699
v 0.16643962 -0.78620111 -0.15775677
v 0.16047594 -0.78848254 -0.17690312
v 0.17728814 -0.79523038 -0.15866442
v 0.17153935 -0.7982186 -0.17851431
v 0.19061848 -0.80018132 -0.15991444
v 0.18510709 -0.80399483 -0.18019153
v 0.20393186 -0.80083167 -0.16087071
v 0.19911898 -0.80584251 -0.18150635
v 0.19775538 -0.79193395 -0.14458043
v 0.21029123 -0.79197007 -0.14740157
v 0.20471257 -0.78198784 -0.13648408
v 0.21594224 -0.78238099 -0.14070519
v 0.22639972 -0.78169184 -0.14765627
v 0.2209485 -0.77261775 -0.13714049
v 0.23227039 -0.77131706 -0.14628478
v 0.24190571 -0.76942557 -0.16129691
v 0.23646698 -0.78037124 -0.16141182
v 0.2468514 -0.76671004 -0.18032592
v 0.24225731 -0.77952575 -0.18137809
v 0.24367535 -0.75630718 -0.16085058
v 0.2479345 -0.75291824 -0.17886936
v 0.24157966 -0.74308544 -0.16008146
v 0.24495147 -0.73908501 -0.17723175
v 0.23585577 -0.73118758 -0.1592002
v 0.23833158 -0.72673893 -0.17560213
v 0.2268195 -0.72165459 -0.15831542
v 0.22776264 -0.71705716 -0.17385426
v 0.21498063 -0.71481841 -0.15706494
v 0.2150937 -0.70989322 -0.17202585
v 0.20151636 -0.71215146 -0.15597556
v 0.20071804 -0.70678025 -0.17047569
v 0.18777103 -0.71393638 -0.15573407
v 0.19024132 -0.72281211 -0.14320036
v 0.17931507 -0.72765934 -0.14311742
v 0.19315251 -0.7331447 -0.134312
v 0.18255209 -0.73745298 -0.13465361
v 0.19634123 -0.74261921 -0.12976473
v 0.18552406 -0.7471013 -0.1304755
v 0.17478631 -0.75274425 -0.13445684
v 0.18899563 -0.7564376 -0.12911132
v 0.17824158 -0.76310801 -0.13346056
v 0.16755707 -0.76951086 -0.14256624
v 0.16435158 -0.75788343 -0.14287674
v 0.18474753 -0.77198183 -0.13337154
v 0.17494297 -0.78018826 -0.14288407
v 0.19373627 -0.77864682 -0.13422107
v 0.18517091 -0.78800064 -0.14298762
v 0.19946406 -0.7508164 -0.12804386
v 0.20962958 -0.74709814 -0.1296388
v 0.22023785 -0.74310052 -0.1345236
v 0.22333133 -0.75207287 -0.13469304
v 0.22357408 -0.76201099 -0.13555906
v 0.22992403 -0.73697191 -0.14496369
v 0.23430675 -0.74778747 -0.1451931
v 0.23521962 -0.75948512 -0.14552156
v 0.04479137 0.42936635 0.83468765
v 0.06410993 0.43275216 0.83375006
v 0.04652854 0.4318259 0.84286248
v 0.06580323 0.43651136 0.84190392
v 0.04912176 0.43136742 0.85235768
v 0.06767809 0.43621802 0.85144525
v 0.08596143 0.44192355 0.85180437
v 0.07007519 0.43444782 0.86241638
v 0.0873257 0.43954032 0.86412131
v 0.09983487 0.45070433 0.86894899
v 0.10110867 0.4537276 0.85535091
v 0.10542257 0.46655812 0.87490093
v 0.10760007 0.47207954 0.86026018
v 0.10449767 0.48355218 0.88041865
v 0.10668377 0.49142003 0.86505693
v 0.09910599 0.50076866 0.88535416
v 0.10072852 0.50980049 0.86988765
v 0.09029456 0.52717512 0.87487298
v 0.10255014 0.47547808 0.89632749
v 0.10378828 0.45952728 0.89069616
v 0.10110522 0.45250114 0.90793871
v 0.10005383 0.46778214 0.91276335
v 0.09712703 0.44622573 0.926292
v 0.0968929 0.46119844 0.93014586
v 0.09270741 0.44090259 0.94485247
v 0.09302496 0.45563131 0.94793677
v 0.08792836 0.43620225 0.96360558
v 0.08895508 0.45035833 0.96624219
v 0.08316408 0.43156594 0.98283112
v 0.08480748 0.44503244 0.98512738
v 0.07767637 0.42574602 1.00334143
v 0.07969576 0.43878433 1.00548768
v 0.07934931 0.41977885 0.97944212
v 0.07411287 0.4146091 0.99997323
v 0.07281595 0.4105615 0.97523462
v 0.06841342 0.4058392 0.99554646
v 0.06115479 0.40062117 1.01648128
v 0.05925634 0.40066593 0.99063122
v 0.05381399 0.39510476 1.01106834
v 0.04404894 0.39024838 1.03081297
v 0.04359092 0.39407408 1.00540089
v 0.02787634 0.38957479 1.04653179
v 0.04783931 0.39952138 0.98645317
v 0.03449394 0.40063771 0.982957
v 0.03155414 0.39641511 1.00092709
v 0.03610984 0.40452513 0.96454125
v 0.05050592 0.40386736 0.96719217
v 0.05354817 0.40869233 0.94835847
v 0.03783823 0.40877163 0.94596076
v 0.06250889 0.40540969 0.9708848
v 0.06620292 0.40979433 0.95159834
v 0.06990882 0.41445082 0.93224811
v 0.05637804 0.41382959 0.92946946
v 0.07748971 0.41421172 0.95586812
v 0.08192636 0.41845595 0.93647974
v 0.08547428 0.4236612 0.91672211
v 0.07294426 0.4197452 0.91294866
v 0.0845659 0.42380654 0.96010673
v 0.08964791 0.42804133 0.94098579
v 0.09413866 0.43302357 0.92160445
v 0.09809685 0.43861579 0.90247064
v 0.08825799 0.42879292 0.89718306
v 0.08827718 0.43482339 0.8796463
v 0.07281585 0.4308696 0.87697804
v 0.07405456 0.42521879 0.89416337
v 0.09975588 0.44480413 0.88459575
v 0.05603765 0.42741876 0.87664175
v 0.0582659 0.42400026 0.89319378
v 0.0582456 0.41915169 0.91101038
v 0.04096787 0.42051863 0.89330166
v 0.04077858 0.41694787 0.91020476
v 0.03942351 0.41305297 0.92793399
v 0.03956163 0.42325872 0.87839883
v 0.03586614 0.42538228 0.86629337
v 0.05260217 0.42997455 0.86287415
v 0.0315747 0.42620137 0.85635829
v 0.0282144 0.42563328 0.84800201
v 0.01987475 0.4411655 1.07700812
v 0.01950263 0.44128483 1.07712793
v 0.01982827 0.44177597 1.07710635
v 0.02016306 0.44138252 1.07695841
v 0.02034536 0.44090104 1.0768404
v 0.01992241 0.44079753 1.07694339
v 0.0194615 0.4407615 1.0770663
v 0.01994928 0.44035089 1.07687342
v 0.01942572 0.44030615 1.07701242
v 0.01997112 0.43988287 1.07680189
v 0.01939087 0.43986257 1.07695996
v 0.01999423 0.43942534 1.07673132
v 0.01935222 0.43937069 1.07690191
v 0.02002755 0.43897146 1.0766586
v 0.01930873 0.43881717 1.07683646
v 0.02063887 0.43956506 1.07657194
v 0.02073363 0.43912306 1.07648372
v 0.02125461 0.43976056 1.07642829
v 0.02145619 0.43927815 1.07630479
v 0.020547 0.43998974 1.07665705
v 0.02108445 0.44016778 1.07653236
v 0.02044494 0.44045448 1.07675015
v 0.02089868 0.44061237 1.07664609
v 0.02071122 0.44106093 1.07676112
v 0.02048843 0.44159412 1.0768975
v 0.02024744 0.44217079 1.07704496
v 0.02262954 0.43326681 1.07513821
v 0.02234052 0.43716192 1.0757631
v 0.02048005 0.43634796 1.07616591
v 0.02251664 0.43673467 1.07565426
v 0.02162666 0.43635839 1.07584905
v 0.02142857 0.43676295 1.07596063
v 0.02079795 0.43589228 1.07601392
v 0.02184224 0.43594175 1.07573092
v 0.02104455 0.43553882 1.07589602
v 0.02199953 0.43551391 1.07562744
v 0.02127454 0.43520915 1.07578611
v 0.02211792 0.43505072 1.07552969
v 0.02157704 0.43477553 1.07564139
v 0.02223759 0.43459886 1.07543337
v 0.0218388 0.43440029 1.07551634
v 0.02236091 0.4341681 1.07533896
v 0.02207982 0.43405479 1.07540094
v 0.02246335 0.43382501 1.0752623
v 0.02234595 0.43367329 1.07527387
v 0.02266949 0.43471503 1.07532966
v 0.02265632 0.4342378 1.07526648
v 0.02264317 0.43376073 1.07520353
v 0.02268285 0.4352014 1.07539379
v 0.02269538 0.43567535 1.07545685
v 0.02267801 0.43622091 1.07553792
g Group35593
f 1 42 43 44
f 1 45 46 42
f 1 47 48 49
f 1 49 50 45
f 1 44 51 47
f 2 52 53 54
f 2 55 56 57
f 2 57 58 59
f 2 54 60 55
f 2 59 61 52
f 3 62 63 64
f 3 65 66 62
f 3 67 68 65
f 3 64 69 70
f 3 70 71 67
f 4 72 73 74
f 4 74 75 76
f 4 76 77 72
f 5 78 79 80
f 5 81 82 83
f 5 83 84 78
f 5 85 86 81
f 5 80 87 85
f 6 88 89 90
f 6 91 92 88
f 6 90 93 94
f 6 95 96 91
f 6 94 97 95
f 7 98 99 100
f 7 101 102 103
f 7 103 104 98
f 7 100 105 106
f 7 106 107 101
f 8 108 109 110
f 8 111 112 113
f 8 114 115 108
f 8 113 116 114
f 8 110 117 111
f 9 118 119 120
f 9 121 122 118
f 9 123 124 121
f 9 120 125 126
f 9 126 127 123
f 10 128 129 130
f 10 131 132 133
f 10 133 134 135
f 10 135 136 128
f 10 130 137 131
f 11 138 139 140
f 11 141 142 138
f 11 140 143 141
f 12 144 145 146
f 12 147 148 144
f 12 149 150 151
f 12 146 152 149
f 12 151 153 147
f 13 106 105 154
f 13 155 107 106
f 13 82 81 155
f 13 156 157 82
f 13 154 158 156
f 14 159 160 161
f 14 161 162 163
f 14 163 164 159
f 15 165 166 167
f 15 168 169 165
f 15 167 170 168
f 16 171 172 173
f 16 174 175 171
f 16 173 176 174
f 17 177 178 179
f 17 179 180 181
f 17 181 182 177
f 18 183 184 185
f 18 185 186 187
f 18 188 189 183
f 18 190 191 188
f 18 187 192 190
f 19 193 194 195
f 19 195 196 197
f 19 197 198 193
f 20 199 200 201
f 20 201 202 203
f 20 203 204 199
f 21 205 206 207
f 21 207 208 209
f 21 209 210 211
f 21 211 212 213
f 21 213 214 205
f 22 215 216 217
f 22 218 219 215
f 22 217 220 218
f 23 221 222 223
f 23 224 225 221
f 23 223 226 224
f 24 227 228 229
f 24 229 230 231
f 24 231 232 227
f 25 233 234 235
f 25 235 236 237
f 25 237 238 239
f 26 240 241 242
f 26 243 244 240
f 26 242 245 243
f 27 246 247 248
f 27 249 250 251
f 27 251 252 246
f 28 253 254 255
f 28 255 256 257
f 28 258 259 260
f 28 257 261 258
f 29 262 263 264
f 29 265 266 262
f 29 267 268 265
f 29 264 269 270
f 29 270 271 267
f 30 272 273 274
f 30 275 276 272
f 30 277 278 279
f 30 274 280 277
f 31 281 282 283
f 31 283 284 285
f 31 285 286 281
f 32 287 288 289
f 32 289 148 147
f 32 147 153 287
f 33 290 291 292
f 33 292 293 294
f 33 294 295 290
f 34 296 297 298
f 34 299 300 296
f 34 298 301 299
f 35 302 303 304
f 35 304 305 306
f 35 306 307 302
f 36 308 309 310
f 36 310 311 312
f 36 312 313 308
f 37 314 315 316
f 37 317 318 314
f 37 316 319 317
f 38 320 321 322
f 38 322 323 324
f 38 324 325 320
f 39 326 327 328
f 39 329 77 76
f 39 76 75 330
f 39 330 331 326
f 39 328 332 329
f 40 333 334 335
f 40 336 337 333
f 40 335 338 336
f 41 339 340 341
f 41 341 342 343
f 41 343 344 339
f 344 343 345 346
f 344 346 347 348
f 344 348 349 339
f 349 348 350 351
f 349 351 352 353
f 349 353 340 339
f 353 352 354 355
f 353 355 356 340
f 356 357 341 340
f 356 355 358 359
f 356 359 360 357
f 360 361 362 357
f 360 359 363 364
f 360 364 365 361
f 365 366 367 368
f 365 368 369 361
f 365 364 370 366
f 370 364 363 371
f 371 363 372 373
f 373 372 374 375
f 375 374 376 377
f 377 376 378 379
f 379 378 380 381
f 381 380 382 383
f 383 382 384 385
f 385 384 386 387
f 387 386 388 389
f 389 388 390 391
f 391 390 392 393
f 393 392 394 395
f 395 394 396 397
f 397 396 398 399
f 399 398 400 401
f 401 400 402 403
f 403 402 404 405
f 405 404 406 407
f 407 406 408 409
f 409 408 410 411
f 411 410 412 413
f 413 412 414 415
f 415 414 416 417
f 417 416 418 419
f 419 418 420 421
f 421 420 422 423
f 423 422 424 425
f 425 424 426 427
f 427 426 428 429
f 429 428 430 431
f 431 430 432 433
f 433 432 434 435
f 435 434 436 437
f 437 436 438 439
f 439 438 440 441
f 441 440 442 443
f 443 442 444 445
f 445 444 446 447
f 447 446 448 449
f 449 448 450 451
f 451 450 452 453
f 453 452 454 455
f 455 454 456 457
f 457 456 458 459
f 459 458 460 461
f 461 460 462 463
f 463 462 464 465
f 465 464 466 467
f 467 466 468 469
f 469 468 470 471
f 471 470 472 473
f 473 472 474 475
f 475 474 476 477
f 477 476 478 479
f 479 478 480 481
f 481 480 482 483
f 483 482 484 485
f 485 484 486 487
f 487 486 488 489
f 489 488 490 491
f 491 490 492 493
f 493 492 494 495
f 495 494 496 497
f 497 496 498 499
f 499 498 500 501
f 501 500 502 503
f 503 502 504 505
f 505 504 506 507
f 507 506 508 509
f 509 508 510 511
f 511 510 512 513
f 513 512 514 515
f 515 514 516 517
f 517 516 518 519
f 519 518 520 521
f 521 520 522 523
f 523 522 524 525
f 525 524 526 527
f 527 526 528 529
f 529 528 530 531
f 531 530 532 533
f 533 532 534 535
f 535 534 536 537
f 537 536 538 539
f 539 538 540 541
f 541 540 542 543
f 543 542 544 545
f 545 544 546 547
f 547 546 548 549
f 549 548 550 551
f 551 550 552 553
f 553 552 554 555
f 555 554 556 557
f 557 556 558 559
f 559 558 560 561
f 561 560 562 563
f 563 562 564 565
f 565 564 566 567
f 567 566 568 569
f 569 568 570 571
f 571 570 572 573
f 573 572 574 575
f 575 574 576 577
f 577 576 578 579
f 579 578 580 581
f 581 580 582 583
f 583 582 584 585
f 585 584 586 587
f 587 586 588 589
f 589 588 590 591
f 591 590 592 593
f 593 592 594 595
f 595 594 596 597
f 597 596 598 599
f 599 598 600 601
f 601 600 602 603
f 603 602 604 605
f 605 604 606 607
f 607 606 608 609
f 609 608 610 611
f 611 610 612 613
f 613 612 614 615
f 615 614 616 617
f 617 616 618 619
f 619 618 620 621
f 621 620 622 623
f 623 622 624 625
f 625 624 122 626
f 626 122 121 627
f 627 121 124 628
f 628 124 629 630
f 630 629 631 632
f 632 631 633 634
f 634 633 635 636
f 636 635 109 637
f 637 109 108 638
f 638 108 115 639
f 639 115 640 641
f 641 640 642 643
f 643 642 644 645
f 645 644 646 647
f 647 646 648 649
f 649 648 151 150
f 648 646 650 651
f 648 651 153 151
f 651 650 652 653
f 651 653 287 153
f 653 652 654 655
f 653 655 288 287
f 655 654 656 657
f 655 657 658 288
f 658 657 659 660
f 658 660 661 662
f 658 662 289 288
f 662 661 663 664
f 662 664 148 289
f 664 663 665 666
f 664 666 144 148
f 666 665 667 668
f 666 668 145 144
f 668 667 669 670
f 668 670 671 145
f 671 670 672 673
f 671 673 674 675
f 671 675 146 145
f 675 674 676 677
f 675 677 152 146
f 676 674 678 679
f 679 678 680 681
f 681 680 682 683
f 683 682 684 685
f 685 684 686 687
f 687 686 688 689
f 689 688 690 691
f 691 690 692 693
f 693 692 694 695
f 695 694 696 697
f 697 696 698 699
f 699 698 700 701
f 701 700 702 703
f 703 702 704 7595
f 704 702 705 706
f 706 705 707 708
f 708 707 709 710
f 710 709 711 712
f 712 711 74 73
f 711 713 75 74
f 711 709 714 713
f 714 715 716 713
f 714 709 707 717
f 714 717 718 715
f 718 719 720 715
f 718 717 721 722
f 718 722 723 719
f 723 724 725 719
f 723 722 698 696
f 723 696 694 724
f 725 726 727 728
f 725 728 720 719
f 725 724 729 726
f 729 730 731 726
f 729 724 694 692
f 729 692 690 730
f 731 732 733 734
f 731 734 727 726
f 731 730 735 732
f 735 736 737 732
f 735 730 690 688
f 735 688 686 736
f 737 738 739 740
f 737 740 733 732
f 737 736 741 738
f 741 742 743 738
f 741 736 686 684
f 741 684 682 742
f 743 744 745 746
f 743 746 739 738
f 743 742 747 744
f 747 748 749 744
f 747 742 682 680
f 747 680 678 748
f 749 672 750 751
f 749 751 745 744
f 749 748 673 672
f 751 750 752 753
f 751 753 754 745
f 754 753 755 756
f 754 756 757 758
f 754 758 746 745
f 758 757 759 760
f 758 760 739 746
f 760 759 761 762
f 760 762 740 739
f 762 761 763 764
f 762 764 733 740
f 764 763 765 766
f 764 766 734 733
f 766 765 767 768
f 766 768 727 734
f 768 767 769 770
f 768 770 728 727
f 770 769 331 771
f 770 771 720 728
f 771 331 330 716
f 771 716 715 720
f 769 767 772 773
f 769 773 326 331
f 773 772 774 775
f 773 775 327 326
f 775 774 776 777
f 775 777 778 327
f 778 777 779 780
f 778 780 781 782
f 778 782 328 327
f 782 781 783 784
f 782 784 332 328
f 783 781 785 786
f 786 785 325 787
f 787 325 324 788
f 788 324 323 789
f 789 323 790 791
f 791 790 792 793
f 793 792 794 795
f 795 794 796 797
f 797 796 798 799
f 799 798 800 801
f 801 800 802 803
f 803 802 804 805
f 805 804 806 807
f 807 806 808 809
f 809 808 810 811
f 811 810 812 813
f 813 812 814 815
f 814 816 817 815
f 814 812 818 819
f 814 819 820 816
f 820 821 822 816
f 820 819 823 824
f 820 824 825 821
f 825 824 156 158
f 825 158 826 827
f 825 827 828 821
f 828 829 822 821
f 828 827 830 831
f 828 831 832 829
f 832 833 834 829
f 832 831 835 836
f 832 836 837 833
f 837 836 838 839
f 839 838 840 841
f 841 840 842 843
f 843 842 844 845
f 845 844 171 175
f 844 842 846 847
f 844 847 172 171
f 847 846 848 849
f 847 849 850 172
f 850 849 851 852
f 850 852 853 854
f 850 854 173 172
f 854 853 855 856
f 854 856 176 173
f 855 853 857 858
f 858 857 859 860
f 860 859 861 862
f 862 861 863 864
f 864 863 865 866
f 866 865 867 868
f 868 867 869 870
f 870 869 181 180
f 869 867 871 872
f 869 872 182 181
f 872 871 873 874
f 872 874 875 182
f 875 874 876 877
f 875 877 878 879
f 875 879 177 182
f 879 878 880 881
f 879 881 178 177
f 880 878 882 883
f 883 882 884 885
f 885 884 886 887
f 887 886 888 889
f 889 888 890 891
f 891 890 892 893
f 893 892 894 895
f 895 894 896 897
f 897 896 898 899
f 899 898 900 901
f 901 900 902 903
f 903 902 904 905
f 905 904 906 907
f 907 906 908 909
f 909 908 910 911
f 911 910 912 913
f 913 912 914 915
f 915 914 916 917
f 917 916 918 919
f 919 918 920 921
f 921 920 922 923
f 923 922 924 925
f 925 924 926 927
f 927 926 928 929
f 929 928 930 931
f 931 930 932 933
f 933 932 934 935
f 935 934 936 937
f 937 936 938 939
f 939 938 940 941
f 941 940 942 943
f 943 942 944 945
f 945 944 946 947
f 947 946 948 949
f 949 948 950 951
f 951 950 952 953
f 953 952 954 955
f 955 954 956 957
f 957 956 958 959
f 959 958 960 961
f 961 960 962 963
f 963 962 964 965
f 965 964 966 967
f 967 966 968 969
f 969 968 970 971
f 971 970 972 973
f 973 972 974 975
f 975 974 976 977
f 977 976 978 979
f 979 978 980 981
f 981 980 982 983
f 983 982 984 985
f 985 984 986 987
f 987 986 988 989
f 989 988 990 991
f 991 990 992 993
f 993 992 994 995
f 995 994 996 997
f 997 996 998 999
f 999 998 1000 1001
f 1001 1000 1002 1003
f 1003 1002 1004 1005
f 1005 1004 1006 1007
f 1007 1006 1008 1009
f 1009 1008 1010 1011
f 1011 1010 1012 1013
f 1013 1012 1014 1015
f 1015 1014 88 92
f 1014 1012 1016 1017
f 1014 1017 89 88
f 1017 1016 1018 1019
f 1017 1019 1020 89
f 1020 1021 90 89
f 1020 1019 1022 1023
f 1020 1023 1024 1021
f 1024 1025 1026 1021
f 1024 1023 1027 1028
f 1024 1028 1029 1025
f 1029 1030 1031 1025
f 1029 1028 1032 1033
f 1029 1033 1034 1030
f 1034 1035 1036 1030
f 1034 1033 1037 1038
f 1034 1038 1039 1035
f 1039 1040 1041 1035
f 1039 1038 1042 1043
f 1039 1043 1044 1040
f 1044 1045 236 1040
f 1044 1043 1046 1047
f 1044 1047 1048 1045
f 1048 1049 1050 1045
f 1048 1047 1051 1052
f 1048 1052 1053 1049
f 1053 1054 1055 1049
f 1053 1052 1056 1057
f 1053 1057 1058 1054
f 1058 1059 1060 1054
f 1058 1057 1061 1062
f 1058 1062 1063 1059
f 1063 1064 1065 1059
f 1063 1062 1066 1067
f 1063 1067 1068 1064
f 1068 1069 1070 1064
f 1068 1067 1071 1072
f 1068 1072 1073 1069
f 1073 1074 1075 1069
f 1073 1072 1076 1077
f 1073 1077 1078 1074
f 1078 1079 1080 1074
f 1078 1077 1081 1082
f 1078 1082 1083 1079
f 1083 1084 1085 1079
f 1083 1082 1086 1087
f 1083 1087 1088 1084
f 1088 1089 1090 1084
f 1088 1087 1091 1092
f 1088 1092 1093 1089
f 1093 1094 1095 1089
f 1093 1092 1096 1097
f 1093 1097 1098 1094
f 1098 1099 1100 1094
f 1098 1097 1101 1102
f 1098 1102 1103 1099
f 1103 1104 1105 1099
f 1103 1102 1106 1107
f 1103 1107 1108 1104
f 1108 1109 1110 1104
f 1108 1107 1111 1112
f 1108 1112 1113 1109
f 1113 1114 1115 1109
f 1113 1112 1116 1117
f 1113 1117 1118 1114
f 1118 1119 1120 1114
f 1118 1117 1121 1122
f 1118 1122 1123 1119
f 1123 1124 1125 1119
f 1123 1122 1126 1127
f 1123 1127 1128 1124
f 1128 1129 1130 1124
f 1128 1127 1131 1132
f 1128 1132 1133 1129
f 1133 1134 1135 1136
f 1133 1136 1137 1129
f 1133 1132 1138 1134
f 1138 1139 1140 1134
f 1138 1132 1131 1141
f 1138 1141 1142 1139
f 1142 1143 1144 1139
f 1142 1141 1145 1146
f 1142 1146 1147 1143
f 1147 1148 1149 1143
f 1147 1146 1150 1151
f 1147 1151 1152 1148
f 1152 1153 1154 1148
f 1152 1151 1155 1156
f 1152 1156 1157 1153
f 1157 1158 1159 1153
f 1157 1156 1160 1161
f 1157 1161 1162 1158
f 1162 1163 1164 1158
f 1162 1161 1165 1166
f 1162 1166 1167 1163
f 1167 1168 1169 1163
f 1167 1166 1170 1171
f 1167 1171 1172 1168
f 1172 1173 1174 1168
f 1172 1171 1175 1176
f 1172 1176 1177 1173
f 1177 1178 1179 1173
f 1177 1176 1180 1181
f 1177 1181 1182 1178
f 1182 1183 1184 1178
f 1182 1181 1185 1186
f 1182 1186 1187 1183
f 1187 1188 1189 1183
f 1187 1186 1190 1191
f 1187 1191 1192 1188
f 1192 1193 1194 1188
f 1192 1191 1195 1196
f 1192 1196 1197 1193
f 1197 1198 1199 1193
f 1197 1196 1200 1201
f 1197 1201 1202 1198
f 1202 1203 1204 1198
f 1202 1201 1205 1206
f 1202 1206 1207 1203
f 1207 1208 1209 1203
f 1207 1206 1210 1211
f 1207 1211 1212 1208
f 1212 1213 1214 1208
f 1212 1211 458 456
f 1212 456 454 1213
f 1214 1215 1216 1217
f 1214 1217 1209 1208
f 1214 1213 1218 1215
f 1218 1219 1220 1215
f 1218 1213 454 452
f 1218 452 450 1219
f 1220 1221 1222 1223
f 1220 1223 1216 1215
f 1220 1219 1224 1221
f 1224 1225 1226 1221
f 1224 1219 450 448
f 1224 448 446 1225
f 1226 1227 1228 1229
f 1226 1229 1222 1221
f 1226 1225 1230 1227
f 1230 1231 1232 1227
f 1230 1225 446 444
f 1230 444 442 1231
f 1232 1233 1234 1235
f 1232 1235 1228 1227
f 1232 1231 1236 1233
f 1236 1237 1238 1233
f 1236 1231 442 440
f 1236 440 438 1237
f 1238 1239 1240 1241
f 1238 1241 1234 1233
f 1238 1237 1242 1239
f 1242 1243 1244 1239
f 1242 1237 438 436
f 1242 436 434 1243
f 1244 1245 1246 1247
f 1244 1247 1240 1239
f 1244 1243 1248 1245
f 1248 1249 1250 1245
f 1248 1243 434 432
f 1248 432 430 1249
f 1250 1251 1252 1253
f 1250 1253 1246 1245
f 1250 1249 1254 1251
f 1254 1255 1256 1251
f 1254 1249 430 428
f 1254 428 426 1255
f 1256 1257 1258 1259
f 1256 1259 1252 1251
f 1256 1255 1260 1257
f 1260 1261 1262 1257
f 1260 1255 426 424
f 1260 424 422 1261
f 1262 1263 1264 1265
f 1262 1265 1258 1257
f 1262 1261 1266 1263
f 1266 1267 1268 1263
f 1266 1261 422 420
f 1266 420 418 1267
f 1268 1269 1270 1271
f 1268 1271 1264 1263
f 1268 1267 1272 1269
f 1272 1273 1274 1269
f 1272 1267 418 416
f 1272 416 414 1273
f 1274 1275 1276 1277
f 1274 1277 1270 1269
f 1274 1273 1278 1275
f 1278 1279 1280 1275
f 1278 1273 414 412
f 1278 412 410 1279
f 1280 1281 1282 1283
f 1280 1283 1276 1275
f 1280 1279 1284 1281
f 1284 1285 1286 1281
f 1284 1279 410 408
f 1284 408 406 1285
f 1286 1287 1288 1289
f 1286 1289 1282 1281
f 1286 1285 1290 1287
f 1290 1291 1292 1287
f 1290 1285 406 404
f 1290 404 402 1291
f 1292 1293 1294 1295
f 1292 1295 1288 1287
f 1292 1291 1296 1293
f 1296 1297 1298 1293
f 1296 1291 402 400
f 1296 400 398 1297
f 1298 1299 1300 1301
f 1298 1301 1294 1293
f 1298 1297 1302 1299
f 1302 1303 1304 1299
f 1302 1297 398 396
f 1302 396 394 1303
f 1304 1305 1306 1307
f 1304 1307 1300 1299
f 1304 1303 1308 1305
f 1308 1309 1310 1305
f 1308 1303 394 392
f 1308 392 390 1309
f 1310 1311 1312 1313
f 1310 1313 1306 1305
f 1310 1309 1314 1311
f 1314 1315 1316 1311
f 1314 1309 390 388
f 1314 388 386 1315
f 1316 1317 1318 1319
f 1316 1319 1312 1311
f 1316 1315 1320 1317
f 1320 1321 1322 1317
f 1320 1315 386 384
f 1320 384 382 1321
f 1322 1323 1324 1325
f 1322 1325 1318 1317
f 1322 1321 1326 1323
f 1326 1327 1328 1323
f 1326 1321 382 380
f 1326 380 378 1327
f 1328 1329 1330 1331
f 1328 1331 1324 1323
f 1328 1327 1332 1329
f 1332 1333 354 1329
f 1332 1327 378 376
f 1332 376 374 1333
f 1333 358 355 354
f 1333 374 372 358
f 1331 1330 1334 1335
f 1331 1335 1336 1324
f 1336 1335 1337 1338
f 1336 1338 1339 1340
f 1336 1340 1325 1324
f 1340 1339 1341 1342
f 1340 1342 1318 1325
f 1342 1341 1343 1344
f 1342 1344 1319 1318
f 1344 1343 1345 1346
f 1344 1346 1312 1319
f 1346 1345 1347 1348
f 1346 1348 1313 1312
f 1348 1347 1349 1350
f 1348 1350 1306 1313
f 1350 1349 1351 1352
f 1350 1352 1307 1306
f 1352 1351 1353 1354
f 1352 1354 1300 1307
f 1354 1353 1355 1356
f 1354 1356 1301 1300
f 1356 1355 1357 1358
f 1356 1358 1294 1301
f 1358 1357 1359 1360
f 1358 1360 1295 1294
f 1360 1359 1361 1362
f 1360 1362 1288 1295
f 1362 1361 1363 1364
f 1362 1364 1289 1288
f 1364 1363 1365 1366
f 1364 1366 1282 1289
f 1366 1365 1367 1368
f 1366 1368 1283 1282
f 1368 1367 1369 1370
f 1368 1370 1276 1283
f 1370 1369 1371 1372
f 1370 1372 1277 1276
f 1372 1371 1373 1374
f 1372 1374 1270 1277
f 1374 1373 1375 1376
f 1374 1376 1271 1270
f 1376 1375 1377 1378
f 1376 1378 1264 1271
f 1378 1377 1379 1380
f 1378 1380 1265 1264
f 1380 1379 1381 1382
f 1380 1382 1258 1265
f 1382 1381 1383 1384
f 1382 1384 1259 1258
f 1384 1383 1385 1386
f 1384 1386 1252 1259
f 1386 1385 1387 1388
f 1386 1388 1253 1252
f 1388 1387 1389 1390
f 1388 1390 1246 1253
f 1390 1389 1391 1392
f 1390 1392 1247 1246
f 1392 1391 1393 1394
f 1392 1394 1240 1247
f 1394 1393 1395 1396
f 1394 1396 1241 1240
f 1396 1395 1397 1398
f 1396 1398 1234 1241
f 1398 1397 1399 1400
f 1398 1400 1235 1234
f 1400 1399 1401 1402
f 1400 1402 1228 1235
f 1402 1401 1403 1404
f 1402 1404 1229 1228
f 1404 1403 1405 1406
f 1404 1406 1222 1229
f 1406 1405 1407 1408
f 1406 1408 1223 1222
f 1408 1407 1409 1410
f 1408 1410 1216 1223
f 1410 1409 1411 1412
f 1410 1412 1217 1216
f 1412 1411 1413 1414
f 1412 1414 1209 1217
f 1414 1413 1415 1204
f 1414 1204 1203 1209
f 1415 1413 1416 1417
f 1415 1417 1418 1199
f 1415 1199 1198 1204
f 1418 1417 1419 1420
f 1418 1420 1421 1194
f 1418 1194 1193 1199
f 1421 1420 1422 1423
f 1421 1423 1424 1189
f 1421 1189 1188 1194
f 1424 1423 1425 1426
f 1424 1426 1427 1184
f 1424 1184 1183 1189
f 1427 1426 1428 1429
f 1427 1429 1430 1179
f 1427 1179 1178 1184
f 1430 1429 1431 1432
f 1430 1432 1433 1174
f 1430 1174 1173 1179
f 1433 1432 1434 1435
f 1433 1435 1436 1169
f 1433 1169 1168 1174
f 1436 1435 1437 1438
f 1436 1438 1439 1164
f 1436 1164 1163 1169
f 1439 1438 1440 1441
f 1439 1441 1442 1159
f 1439 1159 1158 1164
f 1442 1441 1443 1444
f 1442 1444 1445 1154
f 1442 1154 1153 1159
f 1445 1444 1446 1447
f 1445 1447 1448 1149
f 1445 1149 1148 1154
f 1448 1447 1449 1450
f 1448 1450 1451 1144
f 1448 1144 1143 1149
f 1451 1450 1452 1453
f 1451 1453 1454 1140
f 1451 1140 1139 1144
f 1454 1135 1134 1140
f 1452 1450 1449 1455
f 1455 1449 1456 1457
f 1457 1456 1458 1459
f 1459 1458 1460 1461
f 1461 1460 1462 1463
f 1463 1462 1464 1465
f 1465 1464 1466 1467
f 1467 1466 1468 1469
f 1469 1468 1470 1471
f 1471 1470 1472 1473
f 1473 1472 1474 1475
f 1475 1474 1476 1477
f 1477 1476 1478 1479
f 1479 1478 1480 1481
f 1481 1480 1482 1483
f 1483 1482 1484 1485
f 1485 1484 1486 1487
f 1487 1486 1488 1489
f 1489 1488 1490 1491
f 1491 1490 1492 1493
f 1493 1492 1494 1495
f 1495 1494 1496 1497
f 1497 1496 1498 1499
f 1499 1498 1500 1501
f 1501 1500 1502 1503
f 1503 1502 1504 1505
f 1505 1504 1506 1507
f 1507 1506 1508 1509
f 1509 1508 1510 1511
f 1511 1510 1512 1513
f 1513 1512 1514 1515
f 1515 1514 1516 1517
f 1517 1516 1518 1519
f 1519 1518 1520 1521
f 1521 1520 1522 1523
f 1523 1522 1524 1525
f 1525 1524 1526 1527
f 1527 1526 1528 1529
f 1529 1528 1530 1531
f 1531 1530 1532 1533
f 1533 1532 1534 1535
f 1535 1534 1536 1537
f 1537 1536 1538 1539
f 1539 1538 1540 1541
f 1541 1540 1542 1543
f 1543 1542 1544 1545
f 1545 1544 1546 1547
f 1547 1546 1548 1549
f 1549 1548 1550 1551
f 1551 1550 1552 1553
f 1553 1552 1554 1555
f 1555 1554 1556 1557
f 1557 1556 1558 1559
f 1559 1558 1560 1561
f 1561 1560 1562 1563
f 1563 1562 1564 1565
f 1565 1564 1566 1567
f 1567 1566 1568 1569
f 1569 1568 1570 1571
f 1571 1570 1572 1573
f 1573 1572 1574 1575
f 1575 1574 1576 1577
f 1577 1576 368 367
f 1576 1574 1578 1579
f 1576 1579 369 368
f 1579 1578 1580 1581
f 1579 1581 1582 369
f 1582 1581 1583 1584
f 1582 1584 342 362
f 1582 362 361 369
f 1584 1583 1585 345
f 1584 345 343 342
f 1585 1583 1586 1587
f 1585 1587 1588 1589
f 1585 1589 346 345
f 1589 1588 1590 1591
f 1589 1591 347 346
f 1591 1590 1592 1593
f 1591 1593 1594 347
f 1594 1593 1595 1596
f 1594 1596 1597 350
f 1594 350 348 347
f 1597 1596 1598 1337
f 1597 1337 1335 1334
f 1597 1334 351 350
f 1598 1596 1595 1599
f 1598 1599 1600 1601
f 1598 1601 1338 1337
f 1601 1600 1602 1603
f 1601 1603 1339 1338
f 1603 1602 1604 1605
f 1603 1605 1341 1339
f 1605 1604 1606 1607
f 1605 1607 1343 1341
f 1607 1606 1608 1609
f 1607 1609 1345 1343
f 1609 1608 1610 1611
f 1609 1611 1347 1345
f 1611 1610 1612 1613
f 1611 1613 1349 1347
f 1613 1612 1614 1615
f 1613 1615 1351 1349
f 1615 1614 1616 1617
f 1615 1617 1353 1351
f 1617 1616 1618 1619
f 1617 1619 1355 1353
f 1619 1618 1620 1621
f 1619 1621 1357 1355
f 1621 1620 1622 1623
f 1621 1623 1359 1357
f 1623 1622 1624 1625
f 1623 1625 1361 1359
f 1625 1624 1626 1627
f 1625 1627 1363 1361
f 1627 1626 1628 1629
f 1627 1629 1365 1363
f 1629 1628 1630 1631
f 1629 1631 1367 1365
f 1631 1630 1632 1633
f 1631 1633 1369 1367
f 1633 1632 1634 1635
f 1633 1635 1371 1369
f 1635 1634 1636 1637
f 1635 1637 1373 1371
f 1637 1636 1638 1639
f 1637 1639 1375 1373
f 1639 1638 1640 1641
f 1639 1641 1377 1375
f 1641 1640 1642 1643
f 1641 1643 1379 1377
f 1643 1642 1644 1645
f 1643 1645 1381 1379
f 1645 1644 1646 1647
f 1645 1647 1383 1381
f 1647 1646 1648 1649
f 1647 1649 1385 1383
f 1649 1648 1650 1651
f 1649 1651 1387 1385
f 1651 1650 1652 1653
f 1651 1653 1389 1387
f 1653 1652 1654 1655
f 1653 1655 1391 1389
f 1655 1654 1656 1657
f 1655 1657 1393 1391
f 1657 1656 1658 1659
f 1657 1659 1395 1393
f 1659 1658 1660 1661
f 1659 1661 1397 1395
f 1661 1660 1662 1663
f 1661 1663 1399 1397
f 1663 1662 1664 1665
f 1663 1665 1401 1399
f 1665 1664 1666 1667
f 1665 1667 1403 1401
f 1667 1666 1668 1669
f 1667 1669 1405 1403
f 1669 1668 1670 1671
f 1669 1671 1407 1405
f 1671 1670 1672 1673
f 1671 1673 1409 1407
f 1673 1672 1674 1675
f 1673 1675 1411 1409
f 1675 1674 1676 1416
f 1675 1416 1413 1411
f 1676 1674 1677 1678
f 1676 1678 1679 1419
f 1676 1419 1417 1416
f 1679 1678 1680 1681
f 1679 1681 1682 1422
f 1679 1422 1420 1419
f 1682 1681 1683 1684
f 1682 1684 1685 1425
f 1682 1425 1423 1422
f 1685 1684 1686 1687
f 1685 1687 1688 1428
f 1685 1428 1426 1425
f 1688 1687 1689 1690
f 1688 1690 1691 1431
f 1688 1431 1429 1428
f 1691 1690 1692 1693
f 1691 1693 1694 1434
f 1691 1434 1432 1431
f 1694 1693 1695 1696
f 1694 1696 1697 1437
f 1694 1437 1435 1434
f 1697 1696 1698 1699
f 1697 1699 1700 1440
f 1697 1440 1438 1437
f 1700 1699 1701 1702
f 1700 1702 1703 1443
f 1700 1443 1441 1440
f 1703 1702 1460 1458
f 1703 1458 1456 1446
f 1703 1446 1444 1443
f 1702 1701 1462 1460
f 1701 1704 1464 1462
f 1701 1699 1698 1704
f 1704 1705 1466 1464
f 1704 1698 1706 1705
f 1706 1707 1708 1705
f 1706 1698 1696 1695
f 1706 1695 1709 1707
f 1709 1710 1711 1707
f 1709 1695 1693 1692
f 1709 1692 1712 1710
f 1712 1713 1714 1710
f 1712 1692 1690 1689
f 1712 1689 1715 1713
f 1715 1716 1717 1713
f 1715 1689 1687 1686
f 1715 1686 1718 1716
f 1718 1719 1720 1716
f 1718 1686 1684 1683
f 1718 1683 1721 1719
f 1721 1722 1723 1719
f 1721 1683 1681 1680
f 1721 1680 1724 1722
f 1724 1725 1726 1722
f 1724 1680 1678 1677
f 1724 1677 1727 1725
f 1727 1728 1729 1725
f 1727 1677 1674 1672
f 1727 1672 1670 1728
f 1729 1730 1731 1732
f 1729 1732 1726 1725
f 1729 1728 1733 1730
f 1733 1734 1735 1730
f 1733 1728 1670 1668
f 1733 1668 1666 1734
f 1735 1736 1737 1738
f 1735 1738 1731 1730
f 1735 1734 1739 1736
f 1739 1740 1741 1736
f 1739 1734 1666 1664
f 1739 1664 1662 1740
f 1741 1742 1743 1744
f 1741 1744 1737 1736
f 1741 1740 1745 1742
f 1745 1746 1747 1742
f 1745 1740 1662 1660
f 1745 1660 1658 1746
f 1747 1748 1749 1750
f 1747 1750 1743 1742
f 1747 1746 1751 1748
f 1751 1752 1753 1748
f 1751 1746 1658 1656
f 1751 1656 1654 1752
f 1753 1754 1755 1756
f 1753 1756 1749 1748
f 1753 1752 1757 1754
f 1757 1758 1759 1754
f 1757 1752 1654 1652
f 1757 1652 1650 1758
f 1759 1760 1761 1762
f 1759 1762 1755 1754
f 1759 1758 1763 1760
f 1763 1764 1765 1760
f 1763 1758 1650 1648
f 1763 1648 1646 1764
f 1765 1766 1767 1768
f 1765 1768 1761 1760
f 1765 1764 1769 1766
f 1769 1770 1771 1766
f 1769 1764 1646 1644
f 1769 1644 1642 1770
f 1771 1772 1773 1774
f 1771 1774 1767 1766
f 1771 1770 1775 1772
f 1775 1776 1777 1772
f 1775 1770 1642 1640
f 1775 1640 1638 1776
f 1777 1778 1779 1780
f 1777 1780 1773 1772
f 1777 1776 1781 1778
f 1781 1782 1783 1778
f 1781 1776 1638 1636
f 1781 1636 1634 1782
f 1783 1784 1785 1786
f 1783 1786 1779 1778
f 1783 1782 1787 1784
f 1787 1788 1789 1784
f 1787 1782 1634 1632
f 1787 1632 1630 1788
f 1789 1790 1791 1792
f 1789 1792 1785 1784
f 1789 1788 1793 1790
f 1793 1794 1795 1790
f 1793 1788 1630 1628
f 1793 1628 1626 1794
f 1795 1796 1797 1798
f 1795 1798 1791 1790
f 1795 1794 1799 1796
f 1799 1800 1801 1796
f 1799 1794 1626 1624
f 1799 1624 1622 1800
f 1801 1802 1803 1804
f 1801 1804 1797 1796
f 1801 1800 1805 1802
f 1805 1806 1807 1802
f 1805 1800 1622 1620
f 1805 1620 1618 1806
f 1807 1808 1809 1810
f 1807 1810 1803 1802
f 1807 1806 1811 1808
f 1811 1812 1813 1808
f 1811 1806 1618 1616
f 1811 1616 1614 1812
f 1813 1814 1815 1816
f 1813 1816 1809 1808
f 1813 1812 1817 1814
f 1817 1818 1819 1814
f 1817 1812 1614 1612
f 1817 1612 1610 1818
f 1819 1820 1821 1822
f 1819 1822 1815 1814
f 1819 1818 1823 1820
f 1823 1824 1825 1820
f 1823 1818 1610 1608
f 1823 1608 1606 1824
f 1825 1826 1827 1828
f 1825 1828 1821 1820
f 1825 1824 1829 1826
f 1829 1830 1831 1826
f 1829 1824 1606 1604
f 1829 1604 1602 1830
f 1831 1832 1833 1834
f 1831 1834 1827 1826
f 1831 1830 1835 1832
f 1835 1836 1837 1832
f 1835 1830 1602 1600
f 1835 1600 1599 1836
f 1837 1838 1839 1840
f 1837 1840 1833 1832
f 1837 1836 1841 1838
f 1841 1592 1842 1838
f 1841 1836 1599 1595
f 1841 1595 1593 1592
f 1842 1843 1844 1845
f 1842 1845 1839 1838
f 1842 1592 1590 1843
f 1845 1844 1846 1847
f 1845 1847 1848 1839
f 1848 1847 1849 1850
f 1848 1850 1851 1852
f 1848 1852 1840 1839
f 1852 1851 1853 1854
f 1852 1854 1833 1840
f 1854 1853 1855 1856
f 1854 1856 1834 1833
f 1856 1855 1857 1858
f 1856 1858 1827 1834
f 1858 1857 1859 1860
f 1858 1860 1828 1827
f 1860 1859 1861 1862
f 1860 1862 1821 1828
f 1862 1861 1863 1864
f 1862 1864 1822 1821
f 1864 1863 1865 1866
f 1864 1866 1815 1822
f 1866 1865 1867 1868
f 1866 1868 1816 1815
f 1868 1867 1869 1870
f 1868 1870 1809 1816
f 1870 1869 1871 1872
f 1870 1872 1810 1809
f 1872 1871 1873 1874
f 1872 1874 1803 1810
f 1874 1873 1875 1876
f 1874 1876 1804 1803
f 1876 1875 1877 1878
f 1876 1878 1797 1804
f 1878 1877 1879 1880
f 1878 1880 1798 1797
f 1880 1879 1881 1882
f 1880 1882 1791 1798
f 1882 1881 1883 1884
f 1882 1884 1792 1791
f 1884 1883 1885 1886
f 1884 1886 1785 1792
f 1886 1885 1887 1888
f 1886 1888 1786 1785
f 1888 1887 1889 1890
f 1888 1890 1779 1786
f 1890 1889 1891 1892
f 1890 1892 1780 1779
f 1892 1891 1893 1894
f 1892 1894 1773 1780
f 1894 1893 1895 1896
f 1894 1896 1774 1773
f 1896 1895 1897 1898
f 1896 1898 1767 1774
f 1898 1897 1899 1900
f 1898 1900 1768 1767
f 1900 1899 1901 1902
f 1900 1902 1761 1768
f 1902 1901 1903 1904
f 1902 1904 1762 1761
f 1904 1903 1905 1906
f 1904 1906 1755 1762
f 1906 1905 1907 1908
f 1906 1908 1756 1755
f 1908 1907 1909 1910
f 1908 1910 1749 1756
f 1910 1909 1911 1912
f 1910 1912 1750 1749
f 1912 1911 1913 1914
f 1912 1914 1743 1750
f 1914 1913 1915 1916
f 1914 1916 1744 1743
f 1916 1915 1917 1918
f 1916 1918 1737 1744
f 1918 1917 1919 1920
f 1918 1920 1738 1737
f 1920 1919 1921 1922
f 1920 1922 1731 1738
f 1922 1921 1923 1924
f 1922 1924 1732 1731
f 1924 1923 1925 1926
f 1924 1926 1726 1732
f 1926 1925 1927 1723
f 1926 1723 1722 1726
f 1927 1925 1928 1929
f 1927 1929 1930 1720
f 1927 1720 1719 1723
f 1930 1929 1931 1932
f 1930 1932 1933 1717
f 1930 1717 1716 1720
f 1933 1932 1934 1935
f 1933 1935 1936 1714
f 1933 1714 1713 1717
f 1936 1935 1937 1938
f 1936 1938 1939 1711
f 1936 1711 1710 1714
f 1939 1938 1472 1470
f 1939 1470 1468 1708
f 1939 1708 1707 1711
f 1938 1937 1474 1472
f 1937 1940 1476 1474
f 1937 1935 1934 1940
f 1940 1941 1478 1476
f 1940 1934 1942 1941
f 1942 1943 1944 1941
f 1942 1934 1932 1931
f 1942 1931 1945 1943
f 1945 1946 1947 1943
f 1945 1931 1929 1928
f 1945 1928 1948 1946
f 1948 1949 1950 1946
f 1948 1928 1925 1923
f 1948 1923 1921 1949
f 1950 1951 1952 1953
f 1950 1953 1947 1946
f 1950 1949 1954 1951
f 1954 1955 1956 1951
f 1954 1949 1921 1919
f 1954 1919 1917 1955
f 1956 1957 1958 1959
f 1956 1959 1952 1951
f 1956 1955 1960 1957
f 1960 1961 1962 1957
f 1960 1955 1917 1915
f 1960 1915 1913 1961
f 1962 1963 1964 1965
f 1962 1965 1958 1957
f 1962 1961 1966 1963
f 1966 1967 1968 1963
f 1966 1961 1913 1911
f 1966 1911 1909 1967
f 1968 1969 1970 1971
f 1968 1971 1964 1963
f 1968 1967 1972 1969
f 1972 1973 1974 1969
f 1972 1967 1909 1907
f 1972 1907 1905 1973
f 1974 1975 1976 1977
f 1974 1977 1970 1969
f 1974 1973 1978 1975
f 1978 1979 1980 1975
f 1978 1973 1905 1903
f 1978 1903 1901 1979
f 1980 1981 1982 1983
f 1980 1983 1976 1975
f 1980 1979 1984 1981
f 1984 1985 1986 1981
f 1984 1979 1901 1899
f 1984 1899 1897 1985
f 1986 1987 1988 1989
f 1986 1989 1982 1981
f 1986 1985 1990 1987
f 1990 1991 1992 1987
f 1990 1985 1897 1895
f 1990 1895 1893 1991
f 1992 1993 1994 1995
f 1992 1995 1988 1987
f 1992 1991 1996 1993
f 1996 1997 1998 1993
f 1996 1991 1893 1891
f 1996 1891 1889 1997
f 1998 1999 2000 2001
f 1998 2001 1994 1993
f 1998 1997 2002 1999
f 2002 2003 2004 1999
f 2002 1997 1889 1887
f 2002 1887 1885 2003
f 2004 2005 2006 2007
f 2004 2007 2000 1999
f 2004 2003 2008 2005
f 2008 2009 2010 2005
f 2008 2003 1885 1883
f 2008 1883 1881 2009
f 2010 2011 2012 2013
f 2010 2013 2006 2005
f 2010 2009 2014 2011
f 2014 2015 2016 2011
f 2014 2009 1881 1879
f 2014 1879 1877 2015
f 2016 2017 2018 2019
f 2016 2019 2012 2011
f 2016 2015 2020 2017
f 2020 2021 2022 2017
f 2020 2015 1877 1875
f 2020 1875 1873 2021
f 2022 2023 2024 2025
f 2022 2025 2018 2017
f 2022 2021 2026 2023
f 2026 2027 2028 2023
f 2026 2021 1873 1871
f 2026 1871 1869 2027
f 2028 2029 2030 2031
f 2028 2031 2024 2023
f 2028 2027 2032 2029
f 2032 2033 2034 2029
f 2032 2027 1869 1867
f 2032 1867 1865 2033
f 2034 2035 2036 2037
f 2034 2037 2030 2029
f 2034 2033 2038 2035
f 2038 2039 2040 2035
f 2038 2033 1865 1863
f 2038 1863 1861 2039
f 2040 2041 2042 2043
f 2040 2043 2036 2035
f 2040 2039 2044 2041
f 2044 2045 2046 2041
f 2044 2039 1861 1859
f 2044 1859 1857 2045
f 2046 2047 2048 2049
f 2046 2049 2042 2041
f 2046 2045 2050 2047
f 2050 2051 2052 2047
f 2050 2045 1857 1855
f 2050 1855 1853 2051
f 2052 2053 2054 2055
f 2052 2055 2048 2047
f 2052 2051 2056 2053
f 2056 2057 2058 2053
f 2056 2051 1853 1851
f 2056 1851 1850 2057
f 2058 2059 2060 2061
f 2058 2061 2054 2053
f 2058 2057 2062 2059
f 2062 2063 2064 2059
f 2062 2057 1850 1849
f 2062 1849 2065 2063
f 2065 338 335 2063
f 2065 1849 1847 1846
f 2065 1846 2066 338
f 2066 2067 336 338
f 2066 1846 1844 2068
f 2066 2068 2069 2067
f 2069 2070 2071 2067
f 2069 2068 2072 2073
f 2069 2073 2074 2070
f 2074 2075 2076 2070
f 2074 2073 1587 1586
f 2074 1586 1580 2075
f 2076 2077 2078 2079
f 2076 2079 2071 2070
f 2076 2075 2080 2077
f 2080 1572 1570 2077
f 2080 2075 1580 1578
f 2080 1578 1574 1572
f 2079 2078 2081 2082
f 2079 2082 337 2071
f 2082 2081 2083 2084
f 2082 2084 333 337
f 2084 2083 2085 2086
f 2084 2086 334 333
f 2086 2085 2087 2088
f 2086 2088 2064 334
f 2088 2087 2089 2060
f 2088 2060 2059 2064
f 2089 2087 1560 1558
f 2089 1558 1556 2090
f 2089 2090 2061 2060
f 2090 1556 1554 2091
f 2090 2091 2054 2061
f 2091 1554 1552 2092
f 2091 2092 2055 2054
f 2092 1552 1550 2093
f 2092 2093 2048 2055
f 2093 1550 1548 2094
f 2093 2094 2049 2048
f 2094 1548 1546 2095
f 2094 2095 2042 2049
f 2095 1546 1544 2096
f 2095 2096 2043 2042
f 2096 1544 1542 2097
f 2096 2097 2036 2043
f 2097 1542 1540 2098
f 2097 2098 2037 2036
f 2098 1540 1538 2099
f 2098 2099 2030 2037
f 2099 1538 1536 2100
f 2099 2100 2031 2030
f 2100 1536 1534 2101
f 2100 2101 2024 2031
f 2101 1534 1532 2102
f 2101 2102 2025 2024
f 2102 1532 1530 2103
f 2102 2103 2018 2025
f 2103 1530 1528 2104
f 2103 2104 2019 2018
f 2104 1528 1526 2105
f 2104 2105 2012 2019
f 2105 1526 1524 2106
f 2105 2106 2013 2012
f 2106 1524 1522 2107
f 2106 2107 2006 2013
f 2107 1522 1520 2108
f 2107 2108 2007 2006
f 2108 1520 1518 2109
f 2108 2109 2000 2007
f 2109 1518 1516 2110
f 2109 2110 2001 2000
f 2110 1516 1514 2111
f 2110 2111 1994 2001
f 2111 1514 1512 2112
f 2111 2112 1995 1994
f 2112 1512 1510 2113
f 2112 2113 1988 1995
f 2113 1510 1508 2114
f 2113 2114 1989 1988
f 2114 1508 1506 2115
f 2114 2115 1982 1989
f 2115 1506 1504 2116
f 2115 2116 1983 1982
f 2116 1504 1502 2117
f 2116 2117 1976 1983
f 2117 1502 1500 2118
f 2117 2118 1977 1976
f 2118 1500 1498 2119
f 2118 2119 1970 1977
f 2119 1498 1496 2120
f 2119 2120 1971 1970
f 2120 1496 1494 2121
f 2120 2121 1964 1971
f 2121 1494 1492 2122
f 2121 2122 1965 1964
f 2122 1492 1490 2123
f 2122 2123 1958 1965
f 2123 1490 1488 2124
f 2123 2124 1959 1958
f 2124 1488 1486 2125
f 2124 2125 1952 1959
f 2125 1486 1484 2126
f 2125 2126 1953 1952
f 2126 1484 1482 2127
f 2126 2127 1947 1953
f 2127 1482 1480 1944
f 2127 1944 1943 1947
f 2087 2085 1562 1560
f 2085 2083 1564 1562
f 2083 2081 1566 1564
f 2081 2078 1568 1566
f 2078 2077 1570 1568
f 2073 2072 1588 1587
f 2072 2068 1844 1843
f 2072 1843 1590 1588
f 2071 337 336 2067
f 2064 2063 335 334
f 1944 1480 1478 1941
f 1708 1468 1466 1705
f 1586 1583 1581 1580
f 1456 1449 1447 1446
f 1334 1330 352 351
f 1330 1329 354 352
f 1211 1210 460 458
f 1210 1206 1205 2128
f 1210 2128 462 460
f 2128 1205 2129 2130
f 2128 2130 464 462
f 2130 2129 2131 2132
f 2130 2132 466 464
f 2132 2131 2133 2134
f 2132 2134 468 466
f 2134 2133 2135 2136
f 2134 2136 470 468
f 2136 2135 2137 2138
f 2136 2138 472 470
f 2138 2137 2139 2140
f 2138 2140 474 472
f 2140 2139 2141 2142
f 2140 2142 476 474
f 2142 2141 2143 2144
f 2142 2144 478 476
f 2144 2143 2145 2146
f 2144 2146 480 478
f 2146 2145 2147 2148
f 2146 2148 482 480
f 2148 2147 2149 2150
f 2148 2150 484 482
f 2150 2149 2151 2152
f 2150 2152 486 484
f 2152 2151 2153 2154
f 2152 2154 488 486
f 2154 2153 2155 2156
f 2154 2156 490 488
f 2156 2155 2157 2158
f 2156 2158 492 490
f 2158 2157 2159 2160
f 2158 2160 494 492
f 2160 2159 2161 2162
f 2160 2162 496 494
f 2162 2161 2163 2164
f 2162 2164 498 496
f 2164 2163 2165 2166
f 2164 2166 500 498
f 2166 2165 2167 2168
f 2166 2168 502 500
f 2168 2167 2169 2170
f 2168 2170 504 502
f 2170 2169 2171 2172
f 2170 2172 506 504
f 2172 2171 2173 2174
f 2172 2174 508 506
f 2174 2173 2175 2176
f 2174 2176 510 508
f 2176 2175 2177 2178
f 2176 2178 512 510
f 2178 2177 2179 2180
f 2178 2180 514 512
f 2180 2179 2181 2182
f 2180 2182 516 514
f 2182 2181 2183 2184
f 2182 2184 518 516
f 2184 2183 2185 2186
f 2184 2186 520 518
f 2186 2185 2187 2188
f 2186 2188 522 520
f 2188 2187 2189 2190
f 2188 2190 524 522
f 2190 2189 2191 2192
f 2190 2192 526 524
f 2192 2191 2193 2194
f 2192 2194 528 526
f 2194 2193 2195 2196
f 2194 2196 530 528
f 2196 2195 2197 2198
f 2196 2198 532 530
f 2198 2197 2199 2200
f 2198 2200 534 532
f 2200 2199 2201 2202
f 2200 2202 536 534
f 2202 2201 2203 2204
f 2202 2204 538 536
f 2204 2203 2205 2206
f 2204 2206 540 538
f 2206 2205 2207 2208
f 2206 2208 542 540
f 2208 2207 2209 2210
f 2208 2210 544 542
f 2210 2209 2211 2212
f 2210 2212 546 544
f 2212 2211 2213 2214
f 2212 2214 548 546
f 2214 2213 2215 2216
f 2214 2216 550 548
f 2216 2215 2217 2218
f 2216 2218 552 550
f 2218 2217 2219 2220
f 2218 2220 554 552
f 2220 2219 2221 2222
f 2220 2222 556 554
f 2222 2221 2223 2224
f 2222 2224 558 556
f 2224 2223 2225 2226
f 2224 2226 560 558
f 2226 2225 2227 2228
f 2226 2228 562 560
f 2228 2227 2229 2230
f 2228 2230 564 562
f 2230 2229 2231 2232
f 2230 2232 566 564
f 2232 2231 2233 2234
f 2232 2234 568 566
f 2234 2233 2235 2236
f 2234 2236 570 568
f 2236 2235 2237 2238
f 2236 2238 572 570
f 2238 2237 2239 2240
f 2238 2240 574 572
f 2240 2239 2241 2242
f 2240 2242 576 574
f 2242 2241 2243 2244
f 2242 2244 578 576
f 2244 2243 2245 2246
f 2244 2246 580 578
f 2246 2245 2247 2248
f 2246 2248 582 580
f 2248 2247 2249 2250
f 2248 2250 584 582
f 2250 2249 2251 2252
f 2250 2252 586 584
f 2252 2251 2253 2254
f 2252 2254 588 586
f 2254 2253 2255 2256
f 2254 2256 590 588
f 2256 2255 2257 2258
f 2256 2258 592 590
f 2258 2257 2259 2260
f 2258 2260 594 592
f 2260 2259 2261 2262
f 2260 2262 596 594
f 2262 2261 2263 2264
f 2262 2264 598 596
f 2264 2263 2265 2266
f 2264 2266 600 598
f 2266 2265 2267 2268
f 2266 2268 602 600
f 2268 2267 2269 2270
f 2268 2270 604 602
f 2270 2269 2271 2272
f 2270 2272 606 604
f 2272 2271 2273 2274
f 2272 2274 608 606
f 2274 2273 2275 2276
f 2274 2276 610 608
f 2276 2275 2277 2278
f 2276 2278 612 610
f 2278 2277 2279 2280
f 2278 2280 614 612
f 2280 2279 2281 2282
f 2280 2282 616 614
f 2282 2281 2283 2284
f 2282 2284 618 616
f 2284 2283 2285 2286
f 2284 2286 620 618
f 2286 2285 2287 2288
f 2286 2288 622 620
f 2288 2287 2289 2290
f 2288 2290 624 622
f 2290 2289 119 118
f 2290 118 122 624
f 2289 2287 2291 2292
f 2289 2292 2293 119
f 2293 2292 2294 2295
f 2293 2295 2296 2297
f 2293 2297 120 119
f 2297 2296 2298 2299
f 2297 2299 125 120
f 2299 2298 2300 2301
f 2299 2301 2302 125
f 2302 2303 126 125
f 2302 2301 2304 2305
f 2302 2305 2306 2303
f 2306 2307 2308 2303
f 2306 2305 2309 2310
f 2306 2310 2311 2307
f 2311 2312 2313 2307
f 2311 2310 2314 2315
f 2311 2315 2316 2312
f 2316 2317 2318 2312
f 2316 2315 2319 2320
f 2316 2320 2321 2317
f 2321 2322 2323 2317
f 2321 2320 2324 2325
f 2321 2325 2326 2322
f 2326 2327 2328 2322
f 2326 2325 2329 2330
f 2326 2330 2331 2327
f 2331 2332 2333 2327
f 2331 2330 2334 2335
f 2331 2335 2336 2332
f 2336 2337 2338 2332
f 2336 2335 2339 2340
f 2336 2340 2341 2337
f 2341 2342 2343 2337
f 2341 2340 2344 2345
f 2341 2345 2346 2342
f 2346 2347 2348 2342
f 2346 2345 2349 2350
f 2346 2350 2351 2347
f 2351 2352 2353 2347
f 2351 2350 2354 2355
f 2351 2355 2356 2352
f 2356 2357 2358 2359
f 2356 2359 2360 2352
f 2356 2355 2361 2357
f 2361 2362 2363 2357
f 2361 2355 2354 2364
f 2361 2364 311 2362
f 2364 2354 2365 2366
f 2364 2366 312 311
f 2366 2365 2367 2368
f 2366 2368 313 312
f 2368 2367 2369 2370
f 2368 2370 2371 313
f 2371 2370 2372 2373
f 2371 2373 2374 2375
f 2371 2375 308 313
f 2375 2374 2376 2377
f 2375 2377 309 308
f 2377 2376 2378 2379
f 2377 2379 2380 309
f 2380 2379 2381 2382
f 2380 2382 2383 2384
f 2380 2384 310 309
f 2384 2383 2363 2362
f 2384 2362 311 310
f 2383 2382 2385 2386
f 2383 2386 2387 2363
f 2387 2386 2388 2389
f 2387 2389 2390 2358
f 2387 2358 2357 2363
f 2390 2389 2391 2392
f 2390 2392 2393 2394
f 2390 2394 2359 2358
f 2394 2393 2395 2396
f 2394 2396 2360 2359
f 2396 2395 2397 2398
f 2396 2398 2399 2360
f 2399 2398 2400 2401
f 2399 2401 2402 2353
f 2399 2353 2352 2360
f 2402 2401 2403 2404
f 2402 2404 2405 2348
f 2402 2348 2347 2353
f 2405 2404 2406 2407
f 2405 2407 2408 2343
f 2405 2343 2342 2348
f 2408 2407 2409 2410
f 2408 2410 2411 2338
f 2408 2338 2337 2343
f 2411 2410 2412 2413
f 2411 2413 2414 2333
f 2411 2333 2332 2338
f 2414 2413 2415 2416
f 2414 2416 2417 2328
f 2414 2328 2327 2333
f 2417 2416 2418 2419
f 2417 2419 2420 2323
f 2417 2323 2322 2328
f 2420 2419 2421 2422
f 2420 2422 2423 2318
f 2420 2318 2317 2323
f 2423 2422 2424 2425
f 2423 2425 2426 2313
f 2423 2313 2312 2318
f 2426 2425 2427 2428
f 2426 2428 127 2308
f 2426 2308 2307 2313
f 2428 2427 2429 2430
f 2428 2430 123 127
f 2430 2429 631 629
f 2430 629 124 123
f 2429 2431 633 631
f 2429 2427 2432 2431
f 2432 2433 2434 2431
f 2432 2427 2425 2424
f 2432 2424 2435 2433
f 2435 2436 117 2433
f 2435 2424 2422 2421
f 2435 2421 2437 2436
f 2437 2438 2439 2436
f 2437 2421 2419 2418
f 2437 2418 2440 2438
f 2440 2441 2442 2438
f 2440 2418 2416 2415
f 2440 2415 2443 2441
f 2443 2444 2445 2441
f 2443 2415 2413 2412
f 2443 2412 2446 2444
f 2446 2447 2448 2444
f 2446 2412 2410 2409
f 2446 2409 2449 2447
f 2449 2450 2451 2447
f 2449 2409 2407 2406
f 2449 2406 2452 2450
f 2452 2453 2454 2450
f 2452 2406 2404 2403
f 2452 2403 2455 2453
f 2455 297 296 2453
f 2455 2403 2401 2400
f 2455 2400 2456 297
f 2456 2397 2457 2458
f 2456 2458 298 297
f 2456 2400 2398 2397
f 2458 2457 2459 2460
f 2458 2460 301 298
f 2460 2459 2461 2462
f 2460 2462 2463 301
f 2463 2462 2464 2465
f 2463 2465 2466 2467
f 2463 2467 299 301
f 2467 2466 2468 2469
f 2467 2469 300 299
f 2469 2468 2470 2471
f 2469 2471 2454 300
f 2471 2470 2472 2451
f 2471 2451 2450 2454
f 2472 2470 2473 2474
f 2472 2474 2475 2448
f 2472 2448 2447 2451
f 2475 2474 2476 2477
f 2475 2477 2478 2445
f 2475 2445 2444 2448
f 2478 2477 2479 2480
f 2478 2480 2481 2442
f 2478 2442 2441 2445
f 2481 2480 2482 112
f 2481 112 111 2439
f 2481 2439 2438 2442
f 2482 2483 2484 2485
f 2482 2485 113 112
f 2482 2480 2479 2483
f 2485 2484 2486 2487
f 2485 2487 116 113
f 2487 2486 136 2488
f 2487 2488 2489 116
f 2489 2488 2490 2491
f 2489 2491 2492 2493
f 2489 2493 114 116
f 2493 2492 642 640
f 2493 640 115 114
f 2492 2491 2494 2495
f 2492 2495 644 642
f 2495 2494 652 650
f 2495 650 646 644
f 2494 2491 2490 2496
f 2494 2496 654 652
f 2496 2490 135 134
f 2496 134 656 654
f 2490 2488 136 135
f 2486 2484 2497 2498
f 2486 2498 128 136
f 2498 2497 2499 2500
f 2498 2500 129 128
f 2500 2499 201 200
f 2500 200 2501 129
f 2501 2502 49 48
f 2501 48 130 129
f 2501 200 199 2502
f 2502 2503 50 49
f 2502 199 204 2503
f 2503 204 2504 2505
f 2503 2505 2506 50
f 2506 2507 45 50
f 2506 2505 2508 2509
f 2506 2509 2510 2507
f 2510 2511 2512 2507
f 2510 2509 2513 2514
f 2510 2514 2515 2511
f 2515 2516 2517 2511
f 2515 2514 2518 2519
f 2515 2519 2520 2516
f 2520 2521 2522 2516
f 2520 2519 2523 2524
f 2520 2524 2525 2521
f 2525 2526 2527 2521
f 2525 2524 2528 2529
f 2525 2529 2530 2526
f 2530 2531 2532 2526
f 2530 2529 2533 2534
f 2530 2534 2535 2531
f 2535 2536 2537 2531
f 2535 2534 2538 2539
f 2535 2539 2540 2536
f 2540 2541 2542 2536
f 2540 2539 2543 2544
f 2540 2544 2545 2541
f 2545 2546 2547 2541
f 2545 2544 2548 2549
f 2545 2549 2550 2546
f 2550 2551 2552 2546
f 2550 2549 2553 2554
f 2550 2554 2555 2551
f 2555 2556 2557 2551
f 2555 2554 2558 2559
f 2555 2559 2560 2556
f 2560 2561 2562 2556
f 2560 2559 302 307
f 2560 307 2563 2561
f 2563 2564 2565 2566
f 2563 2566 2567 2561
f 2563 307 306 2564
f 2567 2566 2568 2569
f 2567 2569 2570 2571
f 2567 2571 2562 2561
f 2571 2570 2572 2573
f 2571 2573 2574 2562
f 2574 2573 2575 2576
f 2574 2576 2577 2557
f 2574 2557 2556 2562
f 2577 2576 2578 2579
f 2577 2579 2580 2552
f 2577 2552 2551 2557
f 2580 2579 2581 2582
f 2580 2582 2583 2547
f 2580 2547 2546 2552
f 2583 2582 2584 2585
f 2583 2585 2586 2542
f 2583 2542 2541 2547
f 2586 2585 2587 2588
f 2586 2588 2589 2537
f 2586 2537 2536 2542
f 2589 2588 2590 2591
f 2589 2591 2592 2532
f 2589 2532 2531 2537
f 2592 2591 2593 2594
f 2592 2594 2595 2527
f 2592 2527 2526 2532
f 2595 2594 2596 2597
f 2595 2597 2598 2522
f 2595 2522 2521 2527
f 2598 2597 2599 2600
f 2598 2600 2601 2517
f 2598 2517 2516 2522
f 2601 2600 2602 2603
f 2601 2603 46 2512
f 2601 2512 2511 2517
f 2603 2602 2604 2605
f 2603 2605 42 46
f 2605 2604 2606 2607
f 2605 2607 43 42
f 2607 2606 2608 2609
f 2607 2609 2610 43
f 2610 2609 2611 2612
f 2610 2612 2613 2614
f 2610 2614 44 43
f 2614 2613 2615 2616
f 2614 2616 51 44
f 2616 2615 2617 2618
f 2616 2618 2619 51
f 2619 2618 2620 2621
f 2619 2621 131 137
f 2619 137 47 51
f 2621 2620 2622 2623
f 2621 2623 132 131
f 2623 2622 2624 2625
f 2623 2625 2626 132
f 2626 2625 318 2627
f 2626 2627 659 2628
f 2626 2628 133 132
f 2628 659 657 656
f 2628 656 134 133
f 2627 318 317 2629
f 2627 2629 660 659
f 2629 317 319 2630
f 2629 2630 661 660
f 2630 319 64 63
f 2630 63 663 661
f 2625 2624 314 318
f 2624 2622 2631 2632
f 2624 2632 315 314
f 2632 2631 2633 2634
f 2632 2634 2635 315
f 2635 2634 2636 2637
f 2635 2637 70 69
f 2635 69 316 315
f 2637 2636 2638 2639
f 2637 2639 71 70
f 2639 2638 2640 2641
f 2639 2641 87 71
f 2641 2640 2642 2643
f 2641 2643 85 87
f 2643 2642 2644 2645
f 2643 2645 86 85
f 2645 2644 2646 2647
f 2645 2647 2648 86
f 2648 2647 2649 2650
f 2648 2650 107 155
f 2648 155 81 86
f 2650 2649 2651 2652
f 2650 2652 101 107
f 2652 2651 2653 2654
f 2652 2654 102 101
f 2654 2653 2655 2656
f 2654 2656 2657 102
f 2657 2656 2658 2659
f 2657 2659 2660 2661
f 2657 2661 103 102
f 2661 2660 2662 2663
f 2661 2663 104 103
f 2663 2662 2664 2665
f 2663 2665 2666 104
f 2666 2665 2667 2668
f 2666 2668 2669 2670
f 2666 2670 98 104
f 2670 2669 2671 2672
f 2670 2672 99 98
f 2672 2671 2673 2674
f 2672 2674 2675 99
f 2675 2676 100 99
f 2675 2674 2677 2678
f 2675 2678 2679 2676
f 2679 2680 2681 2676
f 2679 2678 2682 2683
f 2679 2683 2684 2680
f 2684 2685 2686 2680
f 2684 2683 2687 2688
f 2684 2688 2689 2685
f 2689 2690 2691 2685
f 2689 2688 2692 2693
f 2689 2693 2694 2690
f 2694 2695 2696 2690
f 2694 2693 2697 2698
f 2694 2698 848 2695
f 2698 2697 2699 851
f 2698 851 849 848
f 2699 2697 2700 2701
f 2699 2701 2702 2703
f 2699 2703 852 851
f 2703 2702 859 857
f 2703 857 853 852
f 2702 2701 2704 2705
f 2702 2705 861 859
f 2705 2704 2706 2707
f 2705 2707 863 861
f 2707 2706 2708 2709
f 2707 2709 865 863
f 2709 2708 873 871
f 2709 871 867 865
f 2708 2706 2710 2711
f 2708 2711 2712 873
f 2712 2711 2713 2714
f 2712 2714 2715 876
f 2712 876 874 873
f 2715 2714 2716 2717
f 2715 2717 2718 2719
f 2715 2719 877 876
f 2719 2718 884 882
f 2719 882 878 877
f 2718 2717 2720 2721
f 2718 2721 886 884
f 2721 2720 2722 2723
f 2721 2723 888 886
f 2723 2722 2724 2725
f 2723 2725 890 888
f 2725 2724 2726 2727
f 2725 2727 892 890
f 2727 2726 2728 2729
f 2727 2729 894 892
f 2729 2728 2730 2731
f 2729 2731 896 894
f 2731 2730 2732 2733
f 2731 2733 898 896
f 2733 2732 2734 2735
f 2733 2735 900 898
f 2735 2734 2736 2737
f 2735 2737 902 900
f 2737 2736 2738 2739
f 2737 2739 904 902
f 2739 2738 2740 2741
f 2739 2741 906 904
f 2741 2740 2742 2743
f 2741 2743 908 906
f 2743 2742 2744 2745
f 2743 2745 910 908
f 2745 2744 2746 2747
f 2745 2747 912 910
f 2747 2746 2748 2749
f 2747 2749 914 912
f 2749 2748 2750 2751
f 2749 2751 916 914
f 2751 2750 2752 2753
f 2751 2753 918 916
f 2753 2752 2754 2755
f 2753 2755 920 918
f 2755 2754 2756 2757
f 2755 2757 922 920
f 2757 2756 2758 2759
f 2757 2759 924 922
f 2759 2758 2760 2761
f 2759 2761 926 924
f 2761 2760 2762 2763
f 2761 2763 928 926
f 2763 2762 2764 2765
f 2763 2765 930 928
f 2765 2764 2766 2767
f 2765 2767 932 930
f 2767 2766 2768 2769
f 2767 2769 934 932
f 2769 2768 2770 2771
f 2769 2771 936 934
f 2771 2770 2772 2773
f 2771 2773 938 936
f 2773 2772 2774 2775
f 2773 2775 940 938
f 2775 2774 2776 2777
f 2775 2777 942 940
f 2777 2776 2778 2779
f 2777 2779 944 942
f 2779 2778 2780 2781
f 2779 2781 946 944
f 2781 2780 2782 2783
f 2781 2783 948 946
f 2783 2782 2784 2785
f 2783 2785 950 948
f 2785 2784 2786 2787
f 2785 2787 952 950
f 2787 2786 2788 2789
f 2787 2789 954 952
f 2789 2788 2790 2791
f 2789 2791 956 954
f 2791 2790 2792 2793
f 2791 2793 958 956
f 2793 2792 2794 2795
f 2793 2795 960 958
f 2795 2794 2796 2797
f 2795 2797 962 960
f 2797 2796 2798 2799
f 2797 2799 964 962
f 2799 2798 183 189
f 2799 189 966 964
f 2798 2796 2800 2801
f 2798 2801 184 183
f 2801 2800 2802 2803
f 2801 2803 2804 184
f 2804 2803 2805 2806
f 2804 2806 2807 2808
f 2804 2808 185 184
f 2808 2807 2809 2810
f 2808 2810 186 185
f 2810 2809 2811 2812
f 2810 2812 2813 186
f 2813 2814 187 186
f 2813 2812 2815 2816
f 2813 2816 2817 2814
f 2817 2818 2819 2814
f 2817 2816 2820 2821
f 2817 2821 2822 2818
f 2822 2823 2824 2818
f 2822 2821 2825 2826
f 2822 2826 2827 2823
f 2827 2828 2829 2823
f 2827 2826 2830 2831
f 2827 2831 2832 2828
f 2832 2833 2834 2828
f 2832 2831 2835 2836
f 2832 2836 2837 2833
f 2837 2838 2839 2833
f 2837 2836 2840 2841
f 2837 2841 2842 2838
f 2842 2843 2844 2838
f 2842 2841 2845 2846
f 2842 2846 2847 2843
f 2847 2848 2849 2843
f 2847 2846 2850 2851
f 2847 2851 2852 2848
f 2852 2853 2854 2848
f 2852 2851 2855 2856
f 2852 2856 2857 2853
f 2857 2858 2859 2853
f 2857 2856 2860 2861
f 2857 2861 2862 2858
f 2862 2863 2864 2858
f 2862 2861 2865 2866
f 2862 2866 2867 2863
f 2867 2868 2869 2863
f 2867 2866 2870 2871
f 2867 2871 2872 2868
f 2872 2873 2874 2868
f 2872 2871 2875 2876
f 2872 2876 2877 2873
f 2877 2878 2879 2873
f 2877 2876 2880 2881
f 2877 2881 2882 2878
f 2882 2883 2884 2878
f 2882 2881 2885 2886
f 2882 2886 2887 2883
f 2887 2888 2889 2883
f 2887 2886 2890 2891
f 2887 2891 2892 2888
f 2892 2893 2894 2888
f 2892 2891 2895 2896
f 2892 2896 2897 2893
f 2897 2898 2899 2893
f 2897 2896 2900 2901
f 2897 2901 2902 2898
f 2902 2903 2904 2898
f 2902 2901 2905 2906
f 2902 2906 2907 2903
f 2907 2908 2909 2903
f 2907 2906 2910 2911
f 2907 2911 2912 2908
f 2912 2913 2914 2908
f 2912 2911 2915 2916
f 2912 2916 2917 2913
f 2917 2918 2919 2913
f 2917 2916 2920 2921
f 2917 2921 2922 2918
f 2922 2923 2924 2918
f 2922 2921 2925 2926
f 2922 2926 2927 2923
f 2927 2928 2929 2923
f 2927 2926 2930 2931
f 2927 2931 2932 2928
f 2932 2933 2934 2928
f 2932 2931 2185 2183
f 2932 2183 2181 2933
f 2934 2935 2936 2937
f 2934 2937 2929 2928
f 2934 2933 2938 2935
f 2938 2939 2940 2935
f 2938 2933 2181 2179
f 2938 2179 2177 2939
f 2940 2941 2942 2943
f 2940 2943 2936 2935
f 2940 2939 2944 2941
f 2944 2945 2946 2941
f 2944 2939 2177 2175
f 2944 2175 2173 2945
f 2946 2947 2948 2949
f 2946 2949 2942 2941
f 2946 2945 2950 2947
f 2950 2951 2952 2947
f 2950 2945 2173 2171
f 2950 2171 2169 2951
f 2952 2953 2954 2955
f 2952 2955 2948 2947
f 2952 2951 2956 2953
f 2956 2957 2958 2953
f 2956 2951 2169 2167
f 2956 2167 2165 2957
f 2958 2959 2960 2961
f 2958 2961 2954 2953
f 2958 2957 2962 2959
f 2962 2963 2964 2959
f 2962 2957 2165 2163
f 2962 2163 2161 2963
f 2964 2965 2966 2967
f 2964 2967 2960 2959
f 2964 2963 2968 2965
f 2968 2969 2970 2965
f 2968 2963 2161 2159
f 2968 2159 2157 2969
f 2970 2971 2972 2973
f 2970 2973 2966 2965
f 2970 2969 2974 2971
f 2974 2975 2976 2971
f 2974 2969 2157 2155
f 2974 2155 2153 2975
f 2976 2977 2978 2979
f 2976 2979 2972 2971
f 2976 2975 2980 2977
f 2980 2981 2982 2977
f 2980 2975 2153 2151
f 2980 2151 2149 2981
f 2982 2983 2984 2985
f 2982 2985 2978 2977
f 2982 2981 2986 2983
f 2986 2987 2988 2983
f 2986 2981 2149 2147
f 2986 2147 2145 2987
f 2988 2989 2990 2991
f 2988 2991 2984 2983
f 2988 2987 2992 2989
f 2992 2993 2994 2989
f 2992 2987 2145 2143
f 2992 2143 2141 2993
f 2994 2995 2996 2997
f 2994 2997 2990 2989
f 2994 2993 2998 2995
f 2998 2999 3000 2995
f 2998 2993 2141 2139
f 2998 2139 2137 2999
f 3000 3001 3002 3003
f 3000 3003 2996 2995
f 3000 2999 3004 3001
f 3004 3005 3006 3001
f 3004 2999 2137 2135
f 3004 2135 2133 3005
f 3006 1195 1191 1190
f 3006 1190 3002 3001
f 3006 3005 3007 1195
f 3007 1200 1196 1195
f 3007 3005 2133 2131
f 3007 2131 2129 1200
f 3003 3002 1185 3008
f 3003 3008 3009 2996
f 3009 3008 1180 3010
f 3009 3010 3011 3012
f 3009 3012 2997 2996
f 3012 3011 3013 3014
f 3012 3014 2990 2997
f 3014 3013 3015 3016
f 3014 3016 2991 2990
f 3016 3015 3017 3018
f 3016 3018 2984 2991
f 3018 3017 3019 3020
f 3018 3020 2985 2984
f 3020 3019 3021 3022
f 3020 3022 2978 2985
f 3022 3021 3023 3024
f 3022 3024 2979 2978
f 3024 3023 3025 3026
f 3024 3026 2972 2979
f 3026 3025 3027 3028
f 3026 3028 2973 2972
f 3028 3027 3029 3030
f 3028 3030 2966 2973
f 3030 3029 3031 3032
f 3030 3032 2967 2966
f 3032 3031 3033 3034
f 3032 3034 2960 2967
f 3034 3033 3035 3036
f 3034 3036 2961 2960
f 3036 3035 3037 3038
f 3036 3038 2954 2961
f 3038 3037 3039 3040
f 3038 3040 2955 2954
f 3040 3039 3041 3042
f 3040 3042 2948 2955
f 3042 3041 3043 3044
f 3042 3044 2949 2948
f 3044 3043 3045 3046
f 3044 3046 2942 2949
f 3046 3045 3047 3048
f 3046 3048 2943 2942
f 3048 3047 3049 3050
f 3048 3050 2936 2943
f 3050 3049 3051 3052
f 3050 3052 2937 2936
f 3052 3051 3053 3054
f 3052 3054 2929 2937
f 3054 3053 3055 2924
f 3054 2924 2923 2929
f 3055 3053 3056 3057
f 3055 3057 3058 2919
f 3055 2919 2918 2924
f 3058 3057 3059 3060
f 3058 3060 3061 2914
f 3058 2914 2913 2919
f 3061 3060 3062 3063
f 3061 3063 3064 2909
f 3061 2909 2908 2914
f 3064 3063 3065 3066
f 3064 3066 3067 2904
f 3064 2904 2903 2909
f 3067 3066 3068 3069
f 3067 3069 3070 2899
f 3067 2899 2898 2904
f 3070 3069 3071 3072
f 3070 3072 3073 2894
f 3070 2894 2893 2899
f 3073 3072 3074 3075
f 3073 3075 3076 2889
f 3073 2889 2888 2894
f 3076 3075 3077 3078
f 3076 3078 3079 2884
f 3076 2884 2883 2889
f 3079 3078 3080 3081
f 3079 3081 3082 2879
f 3079 2879 2878 2884
f 3082 3081 3083 3084
f 3082 3084 3085 2874
f 3082 2874 2873 2879
f 3085 3084 3086 3087
f 3085 3087 3088 2869
f 3085 2869 2868 2874
f 3088 3087 3089 3090
f 3088 3090 3091 2864
f 3088 2864 2863 2869
f 3091 3090 3092 3093
f 3091 3093 3094 2859
f 3091 2859 2858 2864
f 3094 3093 3095 3096
f 3094 3096 3097 2854
f 3094 2854 2853 2859
f 3097 3096 3098 3099
f 3097 3099 3100 2849
f 3097 2849 2848 2854
f 3100 3099 3101 3102
f 3100 3102 3103 2844
f 3100 2844 2843 2849
f 3103 3102 3104 3105
f 3103 3105 3106 2839
f 3103 2839 2838 2844
f 3106 3105 3107 3108
f 3106 3108 3109 2834
f 3106 2834 2833 2839
f 3109 3108 3110 3111
f 3109 3111 3112 2829
f 3109 2829 2828 2834
f 3112 3111 3113 3114
f 3112 3114 3115 2824
f 3112 2824 2823 2829
f 3115 3114 3116 3117
f 3115 3117 192 2819
f 3115 2819 2818 2824
f 3117 3116 3118 3119
f 3117 3119 190 192
f 3119 3118 3120 3121
f 3119 3121 191 190
f 3121 3120 974 972
f 3121 972 970 191
f 3120 3122 976 974
f 3120 3118 3123 3122
f 3123 3124 3125 3122
f 3123 3118 3116 3126
f 3123 3126 3127 3124
f 3127 3128 3129 3124
f 3127 3126 3113 3130
f 3127 3130 3131 3128
f 3131 3132 3133 3128
f 3131 3130 3110 3134
f 3131 3134 3135 3132
f 3135 3136 3137 3132
f 3135 3134 3107 3138
f 3135 3138 3139 3136
f 3139 3140 3141 3136
f 3139 3138 3104 3142
f 3139 3142 3143 3140
f 3143 3144 3145 3140
f 3143 3142 3101 3146
f 3143 3146 3147 3144
f 3147 3148 3149 3144
f 3147 3146 3098 3150
f 3147 3150 3151 3148
f 3151 3152 3153 3148
f 3151 3150 3095 3154
f 3151 3154 3155 3152
f 3155 3156 3157 3152
f 3155 3154 3092 3158
f 3155 3158 3159 3156
f 3159 3160 3161 3156
f 3159 3158 3089 3162
f 3159 3162 3163 3160
f 3163 3164 3165 3160
f 3163 3162 3086 3166
f 3163 3166 3167 3164
f 3167 3168 3169 3164
f 3167 3166 3083 3170
f 3167 3170 3171 3168
f 3171 3172 3173 3168
f 3171 3170 3080 3174
f 3171 3174 3175 3172
f 3175 3176 3177 3172
f 3175 3174 3077 3178
f 3175 3178 3179 3176
f 3179 3180 3181 3176
f 3179 3178 3074 3182
f 3179 3182 3183 3180
f 3183 3184 3185 3180
f 3183 3182 3071 3186
f 3183 3186 3187 3184
f 3187 3188 3189 3184
f 3187 3186 3068 3190
f 3187 3190 3191 3188
f 3191 3192 3193 3188
f 3191 3190 3065 3194
f 3191 3194 3195 3192
f 3195 3196 3197 3192
f 3195 3194 3062 3198
f 3195 3198 3199 3196
f 3199 3200 3201 3196
f 3199 3198 3059 3202
f 3199 3202 3203 3200
f 3203 252 251 3200
f 3203 3202 3056 3204
f 3203 3204 3205 252
f 3205 3206 246 252
f 3205 3204 3051 3049
f 3205 3049 3047 3206
f 3206 3207 247 246
f 3206 3047 3045 3207
f 3207 3208 3209 247
f 3207 3045 3043 3208
f 3209 3210 3211 3212
f 3209 3212 248 247
f 3209 3208 3213 3210
f 3213 3214 3215 3210
f 3213 3208 3043 3041
f 3213 3041 3039 3214
f 3215 3216 3217 3218
f 3215 3218 3211 3210
f 3215 3214 3219 3216
f 3219 3220 3221 3216
f 3219 3214 3039 3037
f 3219 3037 3035 3220
f 3221 3222 3223 3224
f 3221 3224 3217 3216
f 3221 3220 3225 3222
f 3225 3226 3227 3222
f 3225 3220 3035 3033
f 3225 3033 3031 3226
f 3227 3228 3229 3230
f 3227 3230 3223 3222
f 3227 3226 3231 3228
f 3231 3232 3233 3228
f 3231 3226 3031 3029
f 3231 3029 3027 3232
f 3233 3234 52 61
f 3233 61 3229 3228
f 3233 3232 3235 3234
f 3235 3236 3237 3234
f 3235 3232 3027 3025
f 3235 3025 3023 3236
f 3237 3238 3239 53
f 3237 53 52 3234
f 3237 3236 3240 3238
f 3240 3241 3242 3238
f 3240 3236 3023 3021
f 3240 3021 3019 3241
f 3242 3243 3244 3245
f 3242 3245 3239 3238
f 3242 3241 3246 3243
f 3246 3247 3248 3243
f 3246 3241 3019 3017
f 3246 3017 3015 3247
f 3248 3249 1165 3250
f 3248 3250 3244 3243
f 3248 3247 3251 3249
f 3251 3252 1170 3249
f 3251 3247 3015 3013
f 3251 3013 3011 3252
f 3252 1175 1171 1170
f 3252 3011 3010 1175
f 3250 1165 1161 1160
f 3250 1160 3253 3244
f 3253 1160 1156 1155
f 3253 1155 3254 3255
f 3253 3255 3245 3244
f 3255 3254 3256 3257
f 3255 3257 3239 3245
f 3257 3256 60 54
f 3257 54 53 3239
f 3256 3254 1150 3258
f 3256 3258 3259 60
f 3259 3258 1145 3260
f 3259 3260 1126 3261
f 3259 3261 55 60
f 3261 1126 1122 1121
f 3261 1121 56 55
f 3260 1145 1141 1131
f 3260 1131 1127 1126
f 3258 1150 1146 1145
f 3254 1155 1151 1150
f 3249 1170 1166 1165
f 3230 3229 3262 3263
f 3230 3263 3264 3223
f 3264 3263 3265 3266
f 3264 3266 3267 3268
f 3264 3268 3224 3223
f 3268 3267 3269 3270
f 3268 3270 3217 3224
f 3270 3269 3271 3272
f 3270 3272 3218 3217
f 3272 3271 3273 3274
f 3272 3274 3211 3218
f 3274 3273 3275 3276
f 3274 3276 3212 3211
f 3276 3275 3277 3278
f 3276 3278 248 3212
f 3278 3277 3279 3280
f 3278 3280 27 248
f 3280 3279 3281 3282
f 3280 3282 249 27
f 3282 3281 3283 3284
f 3282 3284 3285 249
f 3285 3284 3286 3287
f 3285 3287 3288 3289
f 3285 3289 250 249
f 3289 3288 3290 3291
f 3289 3291 3201 250
f 3291 3290 3292 3197
f 3291 3197 3196 3201
f 3292 3290 3293 3294
f 3292 3294 3295 3193
f 3292 3193 3192 3197
f 3295 3294 3296 3297
f 3295 3297 3298 3189
f 3295 3189 3188 3193
f 3298 3297 3299 3300
f 3298 3300 3301 3185
f 3298 3185 3184 3189
f 3301 3300 3302 3303
f 3301 3303 3304 3181
f 3301 3181 3180 3185
f 3304 3303 3305 3306
f 3304 3306 3307 3177
f 3304 3177 3176 3181
f 3307 3306 3308 3309
f 3307 3309 3310 3173
f 3307 3173 3172 3177
f 3310 3309 3311 3312
f 3310 3312 3313 3169
f 3310 3169 3168 3173
f 3313 3312 3314 3315
f 3313 3315 3316 3165
f 3313 3165 3164 3169
f 3316 3315 3317 3318
f 3316 3318 3319 3161
f 3316 3161 3160 3165
f 3319 3318 3320 3321
f 3319 3321 3322 3157
f 3319 3157 3156 3161
f 3322 3321 3323 3324
f 3322 3324 3325 3153
f 3322 3153 3152 3157
f 3325 3324 3326 3327
f 3325 3327 3328 3149
f 3325 3149 3148 3153
f 3328 3327 3329 3330
f 3328 3330 3331 3145
f 3328 3145 3144 3149
f 3331 3330 3332 3333
f 3331 3333 3334 3141
f 3331 3141 3140 3145
f 3334 3333 3335 3336
f 3334 3336 3337 3137
f 3334 3137 3136 3141
f 3337 3336 3338 3339
f 3337 3339 3340 3133
f 3337 3133 3132 3137
f 3340 3339 3341 3342
f 3340 3342 3343 3129
f 3340 3129 3128 3133
f 3343 3342 982 980
f 3343 980 978 3125
f 3343 3125 3124 3129
f 3342 3341 984 982
f 3341 3344 986 984
f 3341 3339 3338 3344
f 3344 3345 988 986
f 3344 3338 3346 3345
f 3346 3347 3348 3345
f 3346 3338 3336 3335
f 3346 3335 3349 3347
f 3349 3350 3351 3347
f 3349 3335 3333 3332
f 3349 3332 3352 3350
f 3352 3353 3354 3350
f 3352 3332 3330 3329
f 3352 3329 3355 3353
f 3355 3356 3357 3353
f 3355 3329 3327 3326
f 3355 3326 3358 3356
f 3358 3359 3360 3356
f 3358 3326 3324 3323
f 3358 3323 3361 3359
f 3361 3362 3363 3359
f 3361 3323 3321 3320
f 3361 3320 3364 3362
f 3364 3365 3366 3362
f 3364 3320 3318 3317
f 3364 3317 3367 3365
f 3367 3368 3369 3365
f 3367 3317 3315 3314
f 3367 3314 3370 3368
f 3370 3371 3372 3368
f 3370 3314 3312 3311
f 3370 3311 3373 3371
f 3373 3374 3375 3371
f 3373 3311 3309 3308
f 3373 3308 3376 3374
f 3376 3377 3378 3374
f 3376 3308 3306 3305
f 3376 3305 3379 3377
f 3379 3380 3381 3377
f 3379 3305 3303 3302
f 3379 3302 3382 3380
f 3382 3383 3384 3380
f 3382 3302 3300 3299
f 3382 3299 3385 3383
f 3385 3386 3387 3383
f 3385 3299 3297 3296
f 3385 3296 3388 3386
f 3388 3389 3390 3386
f 3388 3296 3294 3293
f 3388 3293 3391 3389
f 3391 3392 3393 3389
f 3391 3293 3290 3288
f 3391 3288 3287 3392
f 3393 3394 3395 3396
f 3393 3396 3390 3389
f 3393 3392 3397 3394
f 3397 3398 3399 3394
f 3397 3392 3287 3286
f 3397 3286 3400 3398
f 3400 3401 3402 3398
f 3400 3286 3284 3283
f 3400 3283 3403 3401
f 3403 3404 3405 3401
f 3403 3283 3281 244
f 3403 244 243 3404
f 3405 3406 3407 3408
f 3405 3408 3402 3401
f 3405 3404 3409 3406
f 3409 3410 3411 3406
f 3409 3404 243 245
f 3409 245 3412 3410
f 3412 3413 3414 3410
f 3412 245 242 3415
f 3412 3415 3416 3413
f 3416 3417 3418 3413
f 3416 3415 3419 3420
f 3416 3420 3421 3417
f 3421 3422 3423 3417
f 3421 3420 3273 3271
f 3421 3271 3269 3422
f 3423 3424 3425 3426
f 3423 3426 3418 3417
f 3423 3422 3427 3424
f 3427 3428 3429 3424
f 3427 3422 3269 3267
f 3427 3267 3266 3428
f 3429 3430 3431 3432
f 3429 3432 3425 3424
f 3429 3428 3433 3430
f 3433 3434 3435 3430
f 3433 3428 3266 3265
f 3433 3265 3436 3434
f 3436 58 3437 3434
f 3436 3265 3263 3262
f 3436 3262 59 58
f 3437 3438 1111 3439
f 3437 3439 3435 3434
f 3437 58 57 3438
f 3439 1111 1107 1106
f 3439 1106 3440 3435
f 3440 1106 1102 1101
f 3440 1101 3441 3431
f 3440 3431 3430 3435
f 3441 1101 1097 1096
f 3441 1096 3442 3443
f 3441 3443 3432 3431
f 3443 3442 3444 3445
f 3443 3445 3425 3432
f 3445 3444 3446 3447
f 3445 3447 3426 3425
f 3447 3446 3448 3449
f 3447 3449 3418 3426
f 3449 3448 3450 3414
f 3449 3414 3413 3418
f 3450 3448 3451 3452
f 3450 3452 3453 3411
f 3450 3411 3410 3414
f 3453 3452 3454 3455
f 3453 3455 3456 3407
f 3453 3407 3406 3411
f 3456 3455 3457 3458
f 3456 3458 3459 3460
f 3456 3460 3408 3407
f 3460 3459 3461 3462
f 3460 3462 3402 3408
f 3462 3461 3463 3399
f 3462 3399 3398 3402
f 3463 3461 3464 3465
f 3463 3465 3466 3395
f 3463 3395 3394 3399
f 3466 3465 3467 3468
f 3466 3468 3469 3470
f 3466 3470 3396 3395
f 3470 3469 3471 3472
f 3470 3472 3390 3396
f 3472 3471 3473 3387
f 3472 3387 3386 3390
f 3473 3471 3474 3475
f 3473 3475 3476 3384
f 3473 3384 3383 3387
f 3476 3475 3477 3478
f 3476 3478 3479 3381
f 3476 3381 3380 3384
f 3479 3478 3480 3481
f 3479 3481 3482 3378
f 3479 3378 3377 3381
f 3482 3481 3483 3484
f 3482 3484 3485 3375
f 3482 3375 3374 3378
f 3485 3484 3486 3487
f 3485 3487 3488 3372
f 3485 3372 3371 3375
f 3488 3487 3489 3490
f 3488 3490 3491 3369
f 3488 3369 3368 3372
f 3491 3490 3492 3493
f 3491 3493 3494 3366
f 3491 3366 3365 3369
f 3494 3493 3495 3496
f 3494 3496 3497 3363
f 3494 3363 3362 3366
f 3497 3496 3498 3499
f 3497 3499 3500 3360
f 3497 3360 3359 3363
f 3500 3499 3501 3502
f 3500 3502 3503 3357
f 3500 3357 3356 3360
f 3503 3502 3504 3505
f 3503 3505 3506 3354
f 3503 3354 3353 3357
f 3506 3505 3507 3508
f 3506 3508 3509 3351
f 3506 3351 3350 3354
f 3509 3508 994 992
f 3509 992 990 3348
f 3509 3348 3347 3351
f 3508 3507 996 994
f 3507 3510 998 996
f 3507 3505 3504 3510
f 3510 3511 1000 998
f 3510 3504 3512 3511
f 3512 3513 3514 3511
f 3512 3504 3502 3501
f 3512 3501 3515 3513
f 3515 3516 3517 3513
f 3515 3501 3499 3498
f 3515 3498 3518 3516
f 3518 3519 3520 3516
f 3518 3498 3496 3495
f 3518 3495 3521 3519
f 3521 3522 3523 3519
f 3521 3495 3493 3492
f 3521 3492 3524 3522
f 3524 3525 3526 3522
f 3524 3492 3490 3489
f 3524 3489 3527 3525
f 3527 3528 3529 3525
f 3527 3489 3487 3486
f 3527 3486 3530 3528
f 3530 3531 3532 3528
f 3530 3486 3484 3483
f 3530 3483 3533 3531
f 3533 3534 3535 3531
f 3533 3483 3481 3480
f 3533 3480 3536 3534
f 3536 3537 3538 3534
f 3536 3480 3478 3477
f 3536 3477 3539 3537
f 3539 3540 3541 3537
f 3539 3477 3475 3474
f 3539 3474 3542 3540
f 3542 3543 3544 3540
f 3542 3474 3471 3469
f 3542 3469 3468 3543
f 3544 3545 3546 3547
f 3544 3547 3541 3540
f 3544 3543 3548 3545
f 3548 3549 3550 3545
f 3548 3543 3468 3467
f 3548 3467 3551 3549
f 3551 3552 3553 3549
f 3551 3467 3465 3464
f 3551 3464 3554 3552
f 3554 3555 3556 3552
f 3554 3464 3461 3459
f 3554 3459 3458 3555
f 3556 3557 1066 3558
f 3556 3558 3553 3552
f 3556 3555 3559 3557
f 3559 3560 1071 3557
f 3559 3555 3458 3457
f 3559 3457 3561 3560
f 3561 3562 1076 3560
f 3561 3457 3455 3454
f 3561 3454 3563 3562
f 3563 3564 1081 3562
f 3563 3454 3452 3451
f 3563 3451 3565 3564
f 3565 3566 1086 3564
f 3565 3451 3448 3446
f 3565 3446 3444 3566
f 3566 1091 1087 1086
f 3566 3444 3442 1091
f 3564 1086 1082 1081
f 3562 1081 1077 1076
f 3560 1076 1072 1071
f 3558 1066 1062 1061
f 3558 1061 3567 3553
f 3567 1061 1057 1056
f 3567 1056 3568 3550
f 3567 3550 3549 3553
f 3568 1056 1052 1051
f 3568 1051 3569 3546
f 3568 3546 3545 3550
f 3569 1051 1047 1046
f 3569 1046 3570 3571
f 3569 3571 3547 3546
f 3571 3570 3572 3573
f 3571 3573 3541 3547
f 3573 3572 3574 3538
f 3573 3538 3537 3541
f 3574 3572 3575 3576
f 3574 3576 3577 3535
f 3574 3535 3534 3538
f 3577 3576 3578 3579
f 3577 3579 3580 3532
f 3577 3532 3531 3535
f 3580 3579 3581 3582
f 3580 3582 3583 3529
f 3580 3529 3528 3532
f 3583 3582 3584 3585
f 3583 3585 3586 3526
f 3583 3526 3525 3529
f 3586 3585 3587 3588
f 3586 3588 3589 3523
f 3586 3523 3522 3526
f 3589 3588 3590 3591
f 3589 3591 3592 3520
f 3589 3520 3519 3523
f 3592 3591 3593 3594
f 3592 3594 3595 3517
f 3592 3517 3516 3520
f 3595 3594 1006 1004
f 3595 1004 1002 3514
f 3595 3514 3513 3517
f 3594 3593 1008 1006
f 3593 3596 1010 1008
f 3593 3591 3590 3596
f 3596 1016 1012 1010
f 3596 3590 1018 1016
f 3590 3588 3587 1018
f 3587 1022 1019 1018
f 3587 3585 3584 1022
f 3584 1027 1023 1022
f 3584 3582 3581 1027
f 3581 1032 1028 1027
f 3581 3579 3578 1032
f 3578 1037 1033 1032
f 3578 3576 3575 1037
f 3575 1042 1038 1037
f 3575 3572 3570 1042
f 3570 1046 1043 1042
f 3557 1071 1067 1066
f 3514 1002 1000 3511
f 3442 1096 1092 1091
f 3438 1116 1112 1111
f 3438 57 56 1116
f 3420 3419 3275 3273
f 3419 3415 242 241
f 3419 241 3277 3275
f 3348 990 988 3345
f 3281 3279 240 244
f 3279 3277 241 240
f 3262 3229 61 59
f 3204 3056 3053 3051
f 3202 3059 3057 3056
f 3201 3200 251 250
f 3198 3062 3060 3059
f 3194 3065 3063 3062
f 3190 3068 3066 3065
f 3186 3071 3069 3068
f 3182 3074 3072 3071
f 3178 3077 3075 3074
f 3174 3080 3078 3077
f 3170 3083 3081 3080
f 3166 3086 3084 3083
f 3162 3089 3087 3086
f 3158 3092 3090 3089
f 3154 3095 3093 3092
f 3150 3098 3096 3095
f 3146 3101 3099 3098
f 3142 3104 3102 3101
f 3138 3107 3105 3104
f 3134 3110 3108 3107
f 3130 3113 3111 3110
f 3126 3116 3114 3113
f 3125 978 976 3122
f 3010 1180 1176 1175
f 3008 1185 1181 1180
f 3002 1190 1186 1185
f 2931 2930 2187 2185
f 2930 2926 2925 3597
f 2930 3597 2189 2187
f 3597 2925 3598 3599
f 3597 3599 2191 2189
f 3599 3598 3600 3601
f 3599 3601 2193 2191
f 3601 3600 3602 3603
f 3601 3603 2195 2193
f 3603 3602 3604 3605
f 3603 3605 2197 2195
f 3605 3604 3606 3607
f 3605 3607 2199 2197
f 3607 3606 3608 3609
f 3607 3609 2201 2199
f 3609 3608 3610 3611
f 3609 3611 2203 2201
f 3611 3610 3612 3613
f 3611 3613 2205 2203
f 3613 3612 3614 3615
f 3613 3615 2207 2205
f 3615 3614 3616 3617
f 3615 3617 2209 2207
f 3617 3616 3618 3619
f 3617 3619 2211 2209
f 3619 3618 3620 3621
f 3619 3621 2213 2211
f 3621 3620 3622 3623
f 3621 3623 2215 2213
f 3623 3622 3624 3625
f 3623 3625 2217 2215
f 3625 3624 3626 3627
f 3625 3627 2219 2217
f 3627 3626 3628 3629
f 3627 3629 2221 2219
f 3629 3628 3630 3631
f 3629 3631 2223 2221
f 3631 3630 3632 3633
f 3631 3633 2225 2223
f 3633 3632 3634 3635
f 3633 3635 2227 2225
f 3635 3634 3636 3637
f 3635 3637 2229 2227
f 3637 3636 3638 3639
f 3637 3639 2231 2229
f 3639 3638 3640 3641
f 3639 3641 2233 2231
f 3641 3640 3642 3643
f 3641 3643 2235 2233
f 3643 3642 3644 3645
f 3643 3645 2237 2235
f 3645 3644 3646 3647
f 3645 3647 2239 2237
f 3647 3646 3648 3649
f 3647 3649 2241 2239
f 3649 3648 3650 3651
f 3649 3651 2243 2241
f 3651 3650 3652 3653
f 3651 3653 2245 2243
f 3653 3652 3654 3655
f 3653 3655 2247 2245
f 3655 3654 3656 3657
f 3655 3657 2249 2247
f 3657 3656 3658 3659
f 3657 3659 2251 2249
f 3659 3658 3660 3661
f 3659 3661 2253 2251
f 3661 3660 3662 3663
f 3661 3663 2255 2253
f 3663 3662 3664 3665
f 3663 3665 2257 2255
f 3665 3664 3666 3667
f 3665 3667 2259 2257
f 3667 3666 3668 3669
f 3667 3669 2261 2259
f 3669 3668 3670 3671
f 3669 3671 2263 2261
f 3671 3670 3672 3673
f 3671 3673 2265 2263
f 3673 3672 3674 3675
f 3673 3675 2267 2265
f 3675 3674 3676 3677
f 3675 3677 2269 2267
f 3677 3676 3678 3679
f 3677 3679 2271 2269
f 3679 3678 3680 3681
f 3679 3681 2273 2271
f 3681 3680 3682 3683
f 3681 3683 2275 2273
f 3683 3682 3684 3685
f 3683 3685 2277 2275
f 3685 3684 3686 3687
f 3685 3687 2279 2277
f 3687 3686 3688 3689
f 3687 3689 2281 2279
f 3689 3688 3690 3691
f 3689 3691 2283 2281
f 3691 3690 3692 3693
f 3691 3693 2285 2283
f 3693 3692 3694 2291
f 3693 2291 2287 2285
f 3694 3692 3695 3696
f 3694 3696 3697 2294
f 3694 2294 2292 2291
f 3697 3696 3698 3699
f 3697 3699 3700 3701
f 3697 3701 2295 2294
f 3701 3700 3702 3703
f 3701 3703 2296 2295
f 3703 3702 3704 3705
f 3703 3705 2298 2296
f 3705 3704 3706 3707
f 3705 3707 2300 2298
f 3707 3706 3708 3709
f 3707 3709 3710 2300
f 3710 2304 2301 2300
f 3710 3709 3711 3712
f 3710 3712 3713 2304
f 3713 2309 2305 2304
f 3713 3712 3714 3715
f 3713 3715 3716 2309
f 3716 2314 2310 2309
f 3716 3715 3717 3718
f 3716 3718 3719 2314
f 3719 2319 2315 2314
f 3719 3718 3720 3721
f 3719 3721 3722 2319
f 3722 2324 2320 2319
f 3722 3721 3723 3724
f 3722 3724 3725 2324
f 3725 2329 2325 2324
f 3725 3724 3726 3727
f 3725 3727 3728 2329
f 3728 2334 2330 2329
f 3728 3727 3729 3730
f 3728 3730 3731 2334
f 3731 2339 2335 2334
f 3731 3730 3732 3733
f 3731 3733 3734 2339
f 3734 2344 2340 2339
f 3734 3733 3735 3736
f 3734 3736 3737 2344
f 3737 2349 2345 2344
f 3737 3736 2369 2367
f 3737 2367 2365 2349
f 3736 3735 3738 2369
f 3738 3735 3739 3740
f 3738 3740 3741 2372
f 3738 2372 2370 2369
f 3741 3740 2565 2564
f 3741 2564 306 305
f 3741 305 2373 2372
f 3740 3739 3742 2565
f 3742 3739 3732 3743
f 3742 3743 3744 2568
f 3742 2568 2566 2565
f 3744 3743 3729 3745
f 3744 3745 3746 3747
f 3744 3747 2569 2568
f 3747 3746 3748 3749
f 3747 3749 2570 2569
f 3749 3748 294 293
f 3749 293 2572 2570
f 3748 3746 3750 3751
f 3748 3751 295 294
f 3751 3750 3723 3752
f 3751 3752 3753 295
f 3753 3752 3720 3754
f 3753 3754 3755 3756
f 3753 3756 290 295
f 3756 3755 3757 3758
f 3756 3758 291 290
f 3758 3757 3759 3760
f 3758 3760 3761 291
f 3761 3760 3762 3763
f 3761 3763 2575 3764
f 3761 3764 292 291
f 3764 2575 2573 2572
f 3764 2572 293 292
f 3763 3762 3765 2578
f 3763 2578 2576 2575
f 3765 3762 3766 3767
f 3765 3767 3768 2581
f 3765 2581 2579 2578
f 3768 3767 3769 3770
f 3768 3770 3771 2584
f 3768 2584 2582 2581
f 3771 3770 3772 3773
f 3771 3773 3774 2587
f 3771 2587 2585 2584
f 3774 3773 3775 3776
f 3774 3776 3777 2590
f 3774 2590 2588 2587
f 3777 3776 3778 3779
f 3777 3779 3780 2593
f 3777 2593 2591 2590
f 3780 3779 3781 3782
f 3780 3782 3783 2596
f 3780 2596 2594 2593
f 3783 3782 3784 3785
f 3783 3785 3786 2599
f 3783 2599 2597 2596
f 3786 3785 3787 3788
f 3786 3788 2604 2602
f 3786 2602 2600 2599
f 3788 3787 3789 3790
f 3788 3790 2606 2604
f 3790 3789 3791 3792
f 3790 3792 2608 2606
f 3792 3791 3793 3794
f 3792 3794 3795 2608
f 3795 3794 3796 3797
f 3795 3797 3798 2611
f 3795 2611 2609 2608
f 3798 3797 3799 3800
f 3798 3800 3801 3802
f 3798 3802 2612 2611
f 3802 3801 3803 3804
f 3802 3804 2613 2612
f 3804 3803 3805 3806
f 3804 3806 2615 2613
f 3806 3805 3807 3808
f 3806 3808 2617 2615
f 3808 3807 3809 3810
f 3808 3810 3811 2617
f 3811 3810 2633 2631
f 3811 2631 2622 2620
f 3811 2620 2618 2617
f 3810 3809 3812 2633
f 3812 3809 3813 3814
f 3812 3814 2638 2636
f 3812 2636 2634 2633
f 3814 3813 3815 3816
f 3814 3816 2640 2638
f 3816 3815 3817 3818
f 3816 3818 2642 2640
f 3818 3817 3819 3820
f 3818 3820 2644 2642
f 3820 3819 3821 3822
f 3820 3822 2646 2644
f 3822 3821 3823 3824
f 3822 3824 3825 2646
f 3825 3824 3826 3827
f 3825 3827 2651 2649
f 3825 2649 2647 2646
f 3827 3826 3828 3829
f 3827 3829 2653 2651
f 3829 3828 3830 3831
f 3829 3831 2655 2653
f 3831 3830 3832 3833
f 3831 3833 3834 2655
f 3834 3833 3835 3836
f 3834 3836 3837 2658
f 3834 2658 2656 2655
f 3837 3836 3838 3839
f 3837 3839 3840 3841
f 3837 3841 2659 2658
f 3841 3840 3842 3843
f 3841 3843 2660 2659
f 3843 3842 3844 3845
f 3843 3845 2662 2660
f 3845 3844 3846 3847
f 3845 3847 2664 2662
f 3847 3846 3848 3849
f 3847 3849 3850 2664
f 3850 3849 2736 2734
f 3850 2734 2732 2667
f 3850 2667 2665 2664
f 3849 3848 2738 2736
f 3848 3846 3851 3852
f 3848 3852 2740 2738
f 3852 3851 3853 3854
f 3852 3854 2742 2740
f 3854 3853 3855 3856
f 3854 3856 2744 2742
f 3856 3855 3857 3858
f 3856 3858 2746 2744
f 3858 3857 3859 3860
f 3858 3860 2748 2746
f 3860 3859 3861 3862
f 3860 3862 2750 2748
f 3862 3861 3863 3864
f 3862 3864 2752 2750
f 3864 3863 3865 3866
f 3864 3866 2754 2752
f 3866 3865 3867 3868
f 3866 3868 2756 2754
f 3868 3867 3869 3870
f 3868 3870 2758 2756
f 3870 3869 3871 3872
f 3870 3872 2760 2758
f 3872 3871 3873 3874
f 3872 3874 2762 2760
f 3874 3873 3875 3876
f 3874 3876 2764 2762
f 3876 3875 3877 3878
f 3876 3878 2766 2764
f 3878 3877 3879 3880
f 3878 3880 2768 2766
f 3880 3879 3881 3882
f 3880 3882 2770 2768
f 3882 3881 3883 3884
f 3882 3884 2772 2770
f 3884 3883 3885 3886
f 3884 3886 2774 2772
f 3886 3885 3887 3888
f 3886 3888 2776 2774
f 3888 3887 3889 3890
f 3888 3890 2778 2776
f 3890 3889 3891 3892
f 3890 3892 2780 2778
f 3892 3891 3893 3894
f 3892 3894 2782 2780
f 3894 3893 3895 3896
f 3894 3896 2784 2782
f 3896 3895 3897 3898
f 3896 3898 2786 2784
f 3898 3897 256 3899
f 3898 3899 2788 2786
f 3899 256 255 3900
f 3899 3900 2790 2788
f 3900 255 254 3901
f 3900 3901 2792 2790
f 3901 254 3902 3903
f 3901 3903 2794 2792
f 3903 3902 2802 2800
f 3903 2800 2796 2794
f 3902 254 253 3904
f 3902 3904 3905 2802
f 3905 3904 3906 3907
f 3905 3907 3908 2805
f 3905 2805 2803 2802
f 3908 3907 3909 3910
f 3908 3910 3911 3912
f 3908 3912 2806 2805
f 3912 3911 3913 3914
f 3912 3914 2807 2806
f 3914 3913 3915 3916
f 3914 3916 2809 2807
f 3916 3915 3917 3918
f 3916 3918 2811 2809
f 3918 3917 3919 3920
f 3918 3920 3921 2811
f 3921 2815 2812 2811
f 3921 3920 3922 3923
f 3921 3923 3924 2815
f 3924 2820 2816 2815
f 3924 3923 3925 3926
f 3924 3926 3927 2820
f 3927 2825 2821 2820
f 3927 3926 3928 3929
f 3927 3929 3930 2825
f 3930 2830 2826 2825
f 3930 3929 3931 3932
f 3930 3932 3933 2830
f 3933 2835 2831 2830
f 3933 3932 3934 3935
f 3933 3935 3936 2835
f 3936 2840 2836 2835
f 3936 3935 3937 3938
f 3936 3938 3939 2840
f 3939 2845 2841 2840
f 3939 3938 3940 3941
f 3939 3941 3942 2845
f 3942 2850 2846 2845
f 3942 3941 3943 3944
f 3942 3944 3945 2850
f 3945 2855 2851 2850
f 3945 3944 3946 3947
f 3945 3947 3948 2855
f 3948 2860 2856 2855
f 3948 3947 3949 3950
f 3948 3950 3951 2860
f 3951 2865 2861 2860
f 3951 3950 3952 3953
f 3951 3953 3954 2865
f 3954 2870 2866 2865
f 3954 3953 3955 3956
f 3954 3956 3957 2870
f 3957 2875 2871 2870
f 3957 3956 3958 3959
f 3957 3959 3960 2875
f 3960 2880 2876 2875
f 3960 3959 3961 3962
f 3960 3962 3963 2880
f 3963 2885 2881 2880
f 3963 3962 3964 3965
f 3963 3965 3966 2885
f 3966 2890 2886 2885
f 3966 3965 3967 3968
f 3966 3968 3969 2890
f 3969 2895 2891 2890
f 3969 3968 3970 3971
f 3969 3971 3972 2895
f 3972 2900 2896 2895
f 3972 3971 3973 3974
f 3972 3974 3975 2900
f 3975 2905 2901 2900
f 3975 3974 3976 3977
f 3975 3977 3978 2905
f 3978 2910 2906 2905
f 3978 3977 3979 3980
f 3978 3980 3981 2910
f 3981 2915 2911 2910
f 3981 3980 3982 3983
f 3981 3983 3984 2915
f 3984 2920 2916 2915
f 3984 3983 3602 3600
f 3984 3600 3598 2920
f 3983 3982 3604 3602
f 3982 3980 3979 3985
f 3982 3985 3606 3604
f 3985 3979 3986 3987
f 3985 3987 3608 3606
f 3987 3986 3988 3989
f 3987 3989 3610 3608
f 3989 3988 3990 3991
f 3989 3991 3612 3610
f 3991 3990 3992 3993
f 3991 3993 3614 3612
f 3993 3992 3994 3995
f 3993 3995 3616 3614
f 3995 3994 3996 3997
f 3995 3997 3618 3616
f 3997 3996 3998 3999
f 3997 3999 3620 3618
f 3999 3998 4000 4001
f 3999 4001 3622 3620
f 4001 4000 4002 4003
f 4001 4003 3624 3622
f 4003 4002 4004 4005
f 4003 4005 3626 3624
f 4005 4004 4006 4007
f 4005 4007 3628 3626
f 4007 4006 4008 4009
f 4007 4009 3630 3628
f 4009 4008 4010 4011
f 4009 4011 3632 3630
f 4011 4010 4012 4013
f 4011 4013 3634 3632
f 4013 4012 4014 4015
f 4013 4015 3636 3634
f 4015 4014 4016 4017
f 4015 4017 3638 3636
f 4017 4016 4018 4019
f 4017 4019 3640 3638
f 4019 4018 4020 4021
f 4019 4021 3642 3640
f 4021 4020 4022 4023
f 4021 4023 3644 3642
f 4023 4022 4024 4025
f 4023 4025 3646 3644
f 4025 4024 4026 4027
f 4025 4027 3648 3646
f 4027 4026 4028 4029
f 4027 4029 3650 3648
f 4029 4028 4030 4031
f 4029 4031 3652 3650
f 4031 4030 4032 4033
f 4031 4033 3654 3652
f 4033 4032 4034 4035
f 4033 4035 3656 3654
f 4035 4034 4036 4037
f 4035 4037 3658 3656
f 4037 4036 4038 4039
f 4037 4039 3660 3658
f 4039 4038 4040 4041
f 4039 4041 3662 3660
f 4041 4040 4042 4043
f 4041 4043 3664 3662
f 4043 4042 4044 4045
f 4043 4045 3666 3664
f 4045 4044 4046 4047
f 4045 4047 3668 3666
f 4047 4046 4048 4049
f 4047 4049 3670 3668
f 4049 4048 4050 4051
f 4049 4051 3672 3670
f 4051 4050 4052 4053
f 4051 4053 3674 3672
f 4053 4052 4054 4055
f 4053 4055 3676 3674
f 4055 4054 4056 4057
f 4055 4057 3678 3676
f 4057 4056 4058 4059
f 4057 4059 3680 3678
f 4059 4058 4060 4061
f 4059 4061 3682 3680
f 4061 4060 4062 4063
f 4061 4063 3684 3682
f 4063 4062 4064 4065
f 4063 4065 3686 3684
f 4065 4064 4066 4067
f 4065 4067 3688 3686
f 4067 4066 4068 4069
f 4067 4069 3690 3688
f 4069 4068 4070 3695
f 4069 3695 3692 3690
f 4070 4068 4071 4072
f 4070 4072 4073 3698
f 4070 3698 3696 3695
f 4073 4072 4074 4075
f 4073 4075 4076 4077
f 4073 4077 3699 3698
f 4077 4076 4078 4079
f 4077 4079 3700 3699
f 4079 4078 4080 4081
f 4079 4081 3702 3700
f 4081 4080 4082 4083
f 4081 4083 3704 3702
f 4083 4082 4084 4085
f 4083 4085 3706 3704
f 4085 4084 4086 4087
f 4085 4087 3708 3706
f 4087 4086 4088 4089
f 4087 4089 4090 3708
f 4090 3711 3709 3708
f 4090 4089 4091 4092
f 4090 4092 4093 3711
f 4093 3714 3712 3711
f 4093 4092 4094 4095
f 4093 4095 4096 3714
f 4096 3717 3715 3714
f 4096 4095 3757 3755
f 4096 3755 3754 3717
f 4095 4094 3759 3757
f 4094 4092 4091 4097
f 4094 4097 3766 3759
f 4097 4091 4098 3769
f 4097 3769 3767 3766
f 4098 4091 4089 4088
f 4098 4088 4099 3772
f 4098 3772 3770 3769
f 4099 4088 4086 4100
f 4099 4100 4101 3775
f 4099 3775 3773 3772
f 4101 4100 4102 4103
f 4101 4103 4104 3778
f 4101 3778 3776 3775
f 4104 4103 4105 4106
f 4104 4106 4107 3781
f 4104 3781 3779 3778
f 4107 4106 4108 4109
f 4107 4109 4110 3784
f 4107 3784 3782 3781
f 4110 4109 4111 4112
f 4110 4112 3789 3787
f 4110 3787 3785 3784
f 4112 4111 4113 4114
f 4112 4114 3791 3789
f 4114 4113 4115 4116
f 4114 4116 3793 3791
f 4116 4115 4117 4118
f 4116 4118 4119 3793
f 4119 4118 4120 4121
f 4119 4121 4122 3796
f 4119 3796 3794 3793
f 4122 4121 4123 4124
f 4122 4124 4125 3799
f 4122 3799 3797 3796
f 4125 4124 4126 4127
f 4125 4127 4128 4129
f 4125 4129 3800 3799
f 4129 4128 4130 4131
f 4129 4131 3801 3800
f 4131 4130 4132 4133
f 4131 4133 3803 3801
f 4133 4132 4134 4135
f 4133 4135 3805 3803
f 4135 4134 4136 4137
f 4135 4137 3807 3805
f 4137 4136 3815 3813
f 4137 3813 3809 3807
f 4136 4134 4138 4139
f 4136 4139 3817 3815
f 4139 4138 4140 4141
f 4139 4141 3819 3817
f 4141 4140 4142 4143
f 4141 4143 3821 3819
f 4143 4142 4144 4145
f 4143 4145 3823 3821
f 4145 4144 4146 4147
f 4145 4147 4148 3823
f 4148 4147 4149 4150
f 4148 4150 3828 3826
f 4148 3826 3824 3823
f 4150 4149 4151 4152
f 4150 4152 3830 3828
f 4152 4151 4153 4154
f 4152 4154 3832 3830
f 4154 4153 4155 4156
f 4154 4156 4157 3832
f 4157 4156 4158 4159
f 4157 4159 4160 3835
f 4157 3835 3833 3832
f 4160 4159 4161 4162
f 4160 4162 4163 3838
f 4160 3838 3836 3835
f 4163 4162 4164 4165
f 4163 4165 4166 4167
f 4163 4167 3839 3838
f 4167 4166 4168 4169
f 4167 4169 3840 3839
f 4169 4168 4170 4171
f 4169 4171 3842 3840
f 4171 4170 4172 4173
f 4171 4173 3844 3842
f 4173 4172 3853 3851
f 4173 3851 3846 3844
f 4172 4170 4174 4175
f 4172 4175 3855 3853
f 4175 4174 4176 4177
f 4175 4177 3857 3855
f 4177 4176 4178 4179
f 4177 4179 3859 3857
f 4179 4178 4180 4181
f 4179 4181 3861 3859
f 4181 4180 4182 4183
f 4181 4183 3863 3861
f 4183 4182 4184 4185
f 4183 4185 3865 3863
f 4185 4184 4186 4187
f 4185 4187 3867 3865
f 4187 4186 4188 4189
f 4187 4189 3869 3867
f 4189 4188 4190 4191
f 4189 4191 3871 3869
f 4191 4190 4192 4193
f 4191 4193 3873 3871
f 4193 4192 4194 4195
f 4193 4195 3875 3873
f 4195 4194 4196 4197
f 4195 4197 3877 3875
f 4197 4196 4198 4199
f 4197 4199 3879 3877
f 4199 4198 4200 4201
f 4199 4201 3881 3879
f 4201 4200 4202 4203
f 4201 4203 3883 3881
f 4203 4202 4204 4205
f 4203 4205 3885 3883
f 4205 4204 4206 4207
f 4205 4207 3887 3885
f 4207 4206 4208 4209
f 4207 4209 3889 3887
f 4209 4208 4210 4211
f 4209 4211 3891 3889
f 4211 4210 4212 4213
f 4211 4213 3893 3891
f 4213 4212 4214 4215
f 4213 4215 3895 3893
f 4215 4214 4216 4217
f 4215 4217 3897 3895
f 4217 4216 261 257
f 4217 257 256 3897
f 4216 4218 4219 261
f 4216 4214 4220 4218
f 4220 4221 4222 4218
f 4220 4214 4212 4223
f 4220 4223 4224 4221
f 4224 4225 4226 4221
f 4224 4223 4227 4228
f 4224 4228 4229 4225
f 4229 4230 4231 4225
f 4229 4228 4232 4233
f 4229 4233 4234 4230
f 4234 4235 4236 4230
f 4234 4233 4237 4238
f 4234 4238 4239 4235
f 4239 4240 4241 4235
f 4239 4238 4242 4243
f 4239 4243 4244 4240
f 4244 4245 4246 4240
f 4244 4243 4247 4248
f 4244 4248 4249 4245
f 4249 4250 4251 4245
f 4249 4248 4252 4253
f 4249 4253 4254 4250
f 4254 4255 4256 4250
f 4254 4253 4257 4258
f 4254 4258 4259 4255
f 4259 4260 4261 4255
f 4259 4258 4262 4263
f 4259 4263 4264 4260
f 4264 4265 4266 4260
f 4264 4263 4267 4268
f 4264 4268 4269 4265
f 4269 4270 4271 4265
f 4269 4268 4272 4273
f 4269 4273 4274 4270
f 4274 4275 4276 4270
f 4274 4273 4277 4278
f 4274 4278 4279 4275
f 4279 4280 4281 4275
f 4279 4278 4282 4283
f 4279 4283 4284 4280
f 4284 4285 4286 4280
f 4284 4283 4287 4288
f 4284 4288 4289 4285
f 4289 4290 4291 4285
f 4289 4288 4292 4293
f 4289 4293 4294 4290
f 4294 4295 4296 4290
f 4294 4293 4297 4298
f 4294 4298 4299 4295
f 4299 4300 4301 4295
f 4299 4298 4302 4303
f 4299 4303 4304 4300
f 4304 4305 4306 4300
f 4304 4303 4307 4308
f 4304 4308 4309 4305
f 4309 4310 4311 4305
f 4309 4308 4312 4313
f 4309 4313 4314 4310
f 4314 4315 4316 4310
f 4314 4313 4317 4318
f 4314 4318 4319 4315
f 4319 4038 4036 4315
f 4319 4318 4320 4321
f 4319 4321 4040 4038
f 4321 4320 4322 4323
f 4321 4323 4042 4040
f 4323 4322 4324 4325
f 4323 4325 4044 4042
f 4325 4324 4326 4327
f 4325 4327 4046 4044
f 4327 4326 4328 4329
f 4327 4329 4048 4046
f 4329 4328 4330 4331
f 4329 4331 4050 4048
f 4331 4330 4332 4333
f 4331 4333 4052 4050
f 4333 4332 4334 4335
f 4333 4335 4054 4052
f 4335 4334 4336 4337
f 4335 4337 4056 4054
f 4337 4336 4338 4339
f 4337 4339 4058 4056
f 4339 4338 4340 4341
f 4339 4341 4060 4058
f 4341 4340 4342 4343
f 4341 4343 4062 4060
f 4343 4342 4344 4345
f 4343 4345 4064 4062
f 4345 4344 4346 4347
f 4345 4347 4066 4064
f 4347 4346 4348 4071
f 4347 4071 4068 4066
f 4348 4346 4349 4350
f 4348 4350 4351 4074
f 4348 4074 4072 4071
f 4351 4350 4352 4353
f 4351 4353 4354 4355
f 4351 4355 4075 4074
f 4355 4354 4356 4357
f 4355 4357 4076 4075
f 4357 4356 4358 4359
f 4357 4359 4078 4076
f 4359 4358 4360 4361
f 4359 4361 4080 4078
f 4361 4360 4105 4362
f 4361 4362 4082 4080
f 4362 4105 4103 4102
f 4362 4102 4084 4082
f 4360 4358 4363 4108
f 4360 4108 4106 4105
f 4363 4358 4356 4364
f 4363 4364 4113 4111
f 4363 4111 4109 4108
f 4364 4356 4354 4365
f 4364 4365 4115 4113
f 4365 4354 4353 4366
f 4365 4366 4117 4115
f 4366 4353 4352 4367
f 4366 4367 4368 4117
f 4368 4367 4369 4370
f 4368 4370 4371 4120
f 4368 4120 4118 4117
f 4371 4370 4372 4373
f 4371 4373 4374 4123
f 4371 4123 4121 4120
f 4374 4373 4375 4376
f 4374 4376 4377 4126
f 4374 4126 4124 4123
f 4377 4376 4378 4379
f 4377 4379 4380 4381
f 4377 4381 4127 4126
f 4381 4380 4382 4383
f 4381 4383 4128 4127
f 4383 4382 4384 4385
f 4383 4385 4130 4128
f 4385 4384 4386 4387
f 4385 4387 4132 4130
f 4387 4386 4140 4138
f 4387 4138 4134 4132
f 4386 4384 4388 4389
f 4386 4389 4142 4140
f 4389 4388 4390 4391
f 4389 4391 4144 4142
f 4391 4390 4392 4393
f 4391 4393 4146 4144
f 4393 4392 4394 4395
f 4393 4395 4396 4146
f 4396 4395 4397 4398
f 4396 4398 4151 4149
f 4396 4149 4147 4146
f 4398 4397 4399 4400
f 4398 4400 4153 4151
f 4400 4399 4401 4402
f 4400 4402 4155 4153
f 4402 4401 4403 4404
f 4402 4404 4405 4155
f 4405 4404 4406 4407
f 4405 4407 4408 4158
f 4405 4158 4156 4155
f 4408 4407 4409 4410
f 4408 4410 4411 4161
f 4408 4161 4159 4158
f 4411 4410 4412 4413
f 4411 4413 4414 4164
f 4411 4164 4162 4161
f 4414 4413 4415 4416
f 4414 4416 4417 4418
f 4414 4418 4165 4164
f 4418 4417 4419 4420
f 4418 4420 4166 4165
f 4420 4419 4421 4422
f 4420 4422 4168 4166
f 4422 4421 4176 4174
f 4422 4174 4170 4168
f 4421 4419 4423 4424
f 4421 4424 4178 4176
f 4424 4423 4425 4426
f 4424 4426 4180 4178
f 4426 4425 4427 4428
f 4426 4428 4182 4180
f 4428 4427 4429 4430
f 4428 4430 4184 4182
f 4430 4429 4431 4432
f 4430 4432 4186 4184
f 4432 4431 4433 4434
f 4432 4434 4188 4186
f 4434 4433 4435 4436
f 4434 4436 4190 4188
f 4436 4435 4437 4438
f 4436 4438 4192 4190
f 4438 4437 4439 4440
f 4438 4440 4194 4192
f 4440 4439 4441 4442
f 4440 4442 4196 4194
f 4442 4441 4443 4444
f 4442 4444 4198 4196
f 4444 4443 4445 4446
f 4444 4446 4200 4198
f 4446 4445 4447 4448
f 4446 4448 4202 4200
f 4448 4447 4449 4450
f 4448 4450 4204 4202
f 4450 4449 4451 4452
f 4450 4452 4206 4204
f 4452 4451 4232 4453
f 4452 4453 4208 4206
f 4453 4232 4228 4227
f 4453 4227 4210 4208
f 4451 4237 4233 4232
f 4451 4449 4454 4237
f 4454 4242 4238 4237
f 4454 4449 4447 4455
f 4454 4455 4456 4242
f 4456 4247 4243 4242
f 4456 4455 4457 4458
f 4456 4458 4459 4247
f 4459 4252 4248 4247
f 4459 4458 4460 4461
f 4459 4461 4462 4252
f 4462 4257 4253 4252
f 4462 4461 4463 4464
f 4462 4464 4465 4257
f 4465 4262 4258 4257
f 4465 4464 4466 4467
f 4465 4467 4468 4262
f 4468 4267 4263 4262
f 4468 4467 4469 4470
f 4468 4470 4471 4267
f 4471 4272 4268 4267
f 4471 4470 4472 4473
f 4471 4473 4474 4272
f 4474 4277 4273 4272
f 4474 4473 4475 4476
f 4474 4476 4477 4277
f 4477 4282 4278 4277
f 4477 4476 4478 4479
f 4477 4479 4480 4282
f 4480 4287 4283 4282
f 4480 4479 4481 4482
f 4480 4482 4483 4287
f 4483 4292 4288 4287
f 4483 4482 4484 4485
f 4483 4485 4486 4292
f 4486 4297 4293 4292
f 4486 4485 4487 4488
f 4486 4488 4489 4297
f 4489 4302 4298 4297
f 4489 4488 4490 4491
f 4489 4491 4492 4302
f 4492 4307 4303 4302
f 4492 4491 4493 4494
f 4492 4494 4495 4307
f 4495 4312 4308 4307
f 4495 4494 4496 4497
f 4495 4497 4498 4312
f 4498 4317 4313 4312
f 4498 4497 4499 4500
f 4498 4500 4501 4317
f 4501 4320 4318 4317
f 4501 4500 4502 4503
f 4501 4503 4322 4320
f 4503 4502 4504 4505
f 4503 4505 4324 4322
f 4505 4504 4506 4507
f 4505 4507 4326 4324
f 4507 4506 4508 4509
f 4507 4509 4328 4326
f 4509 4508 4510 4511
f 4509 4511 4330 4328
f 4511 4510 4512 4513
f 4511 4513 4332 4330
f 4513 4512 4514 4515
f 4513 4515 4334 4332
f 4515 4514 4516 4517
f 4515 4517 4336 4334
f 4517 4516 4518 4519
f 4517 4519 4338 4336
f 4519 4518 4520 4521
f 4519 4521 4340 4338
f 4521 4520 4522 4523
f 4521 4523 4342 4340
f 4523 4522 4524 4525
f 4523 4525 4344 4342
f 4525 4524 4526 4349
f 4525 4349 4346 4344
f 4526 4524 4527 4369
f 4526 4369 4367 4352
f 4526 4352 4350 4349
f 4527 4524 4522 4528
f 4527 4528 4529 4372
f 4527 4372 4370 4369
f 4529 4528 4530 4531
f 4529 4531 4532 4375
f 4529 4375 4373 4372
f 4532 4531 4533 4534
f 4532 4534 4535 4378
f 4532 4378 4376 4375
f 4535 4534 4536 4537
f 4535 4537 4538 4539
f 4535 4539 4379 4378
f 4539 4538 4540 4541
f 4539 4541 4380 4379
f 4541 4540 4542 4543
f 4541 4543 4382 4380
f 4543 4542 4390 4388
f 4543 4388 4384 4382
f 4542 4540 4544 4545
f 4542 4545 4392 4390
f 4545 4544 4546 4547
f 4545 4547 4394 4392
f 4547 4546 4548 4549
f 4547 4549 4550 4394
f 4550 4549 4551 4552
f 4550 4552 4399 4397
f 4550 4397 4395 4394
f 4552 4551 4553 4554
f 4552 4554 4401 4399
f 4554 4553 4555 4556
f 4554 4556 4403 4401
f 4556 4555 4557 4558
f 4556 4558 4559 4403
f 4559 4558 4560 4561
f 4559 4561 4562 4406
f 4559 4406 4404 4403
f 4562 4561 4563 4564
f 4562 4564 4565 4409
f 4562 4409 4407 4406
f 4565 4564 4566 4567
f 4565 4567 4568 4412
f 4565 4412 4410 4409
f 4568 4567 4569 4570
f 4568 4570 4571 4415
f 4568 4415 4413 4412
f 4571 4570 4572 4573
f 4571 4573 4574 4575
f 4571 4575 4416 4415
f 4575 4574 4576 4577
f 4575 4577 4417 4416
f 4577 4576 4425 4423
f 4577 4423 4419 4417
f 4576 4574 4578 4579
f 4576 4579 4427 4425
f 4579 4578 4580 4581
f 4579 4581 4429 4427
f 4581 4580 4582 4583
f 4581 4583 4431 4429
f 4583 4582 4584 4585
f 4583 4585 4433 4431
f 4585 4584 4586 4587
f 4585 4587 4435 4433
f 4587 4586 4588 4589
f 4587 4589 4437 4435
f 4589 4588 4590 4591
f 4589 4591 4439 4437
f 4591 4590 4592 4593
f 4591 4593 4441 4439
f 4593 4592 4460 4594
f 4593 4594 4443 4441
f 4594 4460 4458 4457
f 4594 4457 4445 4443
f 4592 4463 4461 4460
f 4592 4590 4595 4463
f 4595 4466 4464 4463
f 4595 4590 4588 4596
f 4595 4596 4597 4466
f 4597 4469 4467 4466
f 4597 4596 4598 4599
f 4597 4599 4600 4469
f 4600 4472 4470 4469
f 4600 4599 4601 4602
f 4600 4602 4603 4472
f 4603 4475 4473 4472
f 4603 4602 4604 4605
f 4603 4605 4606 4475
f 4606 4478 4476 4475
f 4606 4605 4607 4608
f 4606 4608 4609 4478
f 4609 4481 4479 4478
f 4609 4608 4610 4611
f 4609 4611 4612 4481
f 4612 4484 4482 4481
f 4612 4611 4613 4614
f 4612 4614 4615 4484
f 4615 4487 4485 4484
f 4615 4614 4616 4617
f 4615 4617 4618 4487
f 4618 4490 4488 4487
f 4618 4617 4619 4620
f 4618 4620 4621 4490
f 4621 4493 4491 4490
f 4621 4620 4622 4623
f 4621 4623 4624 4493
f 4624 4496 4494 4493
f 4624 4623 4625 4626
f 4624 4626 4627 4496
f 4627 4499 4497 4496
f 4627 4626 4628 4629
f 4627 4629 4630 4499
f 4630 4502 4500 4499
f 4630 4629 4631 4632
f 4630 4632 4504 4502
f 4632 4631 4633 4634
f 4632 4634 4506 4504
f 4634 4633 4635 4636
f 4634 4636 4508 4506
f 4636 4635 4637 4638
f 4636 4638 4510 4508
f 4638 4637 4639 4640
f 4638 4640 4512 4510
f 4640 4639 4641 4642
f 4640 4642 4514 4512
f 4642 4641 4643 4644
f 4642 4644 4516 4514
f 4644 4643 4533 4645
f 4644 4645 4518 4516
f 4645 4533 4531 4530
f 4645 4530 4520 4518
f 4643 4641 4646 4536
f 4643 4536 4534 4533
f 4646 4641 4639 4647
f 4646 4647 4648 4649
f 4646 4649 4537 4536
f 4649 4648 4650 4651
f 4649 4651 4538 4537
f 4651 4650 4546 4544
f 4651 4544 4540 4538
f 4650 4648 4652 4653
f 4650 4653 4548 4546
f 4653 4652 4654 4655
f 4653 4655 4656 4548
f 4656 4655 4657 4658
f 4656 4658 4553 4551
f 4656 4551 4549 4548
f 4658 4657 4659 4660
f 4658 4660 4555 4553
f 4660 4659 4661 4662
f 4660 4662 4557 4555
f 4662 4661 4663 4664
f 4662 4664 4665 4557
f 4665 4664 4666 4667
f 4665 4667 4668 4560
f 4665 4560 4558 4557
f 4668 4667 4669 4670
f 4668 4670 4671 4563
f 4668 4563 4561 4560
f 4671 4670 4672 4673
f 4671 4673 4674 4566
f 4671 4566 4564 4563
f 4674 4673 4675 4676
f 4674 4676 4677 4569
f 4674 4569 4567 4566
f 4677 4676 4678 4679
f 4677 4679 4680 4572
f 4677 4572 4570 4569
f 4680 4679 4681 4682
f 4680 4682 4683 4684
f 4680 4684 4573 4572
f 4684 4683 4580 4578
f 4684 4578 4574 4573
f 4683 4682 4685 4686
f 4683 4686 4582 4580
f 4686 4685 4601 4687
f 4686 4687 4584 4582
f 4687 4601 4599 4598
f 4687 4598 4586 4584
f 4685 4604 4602 4601
f 4685 4682 4681 4604
f 4681 4607 4605 4604
f 4681 4679 4678 4607
f 4678 4610 4608 4607
f 4678 4676 4675 4610
f 4675 4613 4611 4610
f 4675 4673 4672 4613
f 4672 4616 4614 4613
f 4672 4670 4669 4616
f 4669 4619 4617 4616
f 4669 4667 4666 4619
f 4666 4622 4620 4619
f 4666 4664 4663 4622
f 4663 4625 4623 4622
f 4663 4661 4688 4625
f 4688 4628 4626 4625
f 4688 4661 4659 4689
f 4688 4689 4690 4628
f 4690 4631 4629 4628
f 4690 4689 4691 4692
f 4690 4692 4633 4631
f 4692 4691 4654 4693
f 4692 4693 4635 4633
f 4693 4654 4652 4694
f 4693 4694 4637 4635
f 4694 4652 4648 4647
f 4694 4647 4639 4637
f 4691 4689 4659 4657
f 4691 4657 4655 4654
f 4598 4596 4588 4586
f 4530 4528 4522 4520
f 4457 4455 4447 4445
f 4316 4034 4032 4695
f 4316 4695 4311 4310
f 4316 4315 4036 4034
f 4695 4032 4030 4696
f 4695 4696 4697 4311
f 4697 4696 4698 4699
f 4697 4699 4700 4306
f 4697 4306 4305 4311
f 4700 4699 4701 4702
f 4700 4702 4703 4301
f 4700 4301 4300 4306
f 4703 4702 4704 4705
f 4703 4705 4706 4296
f 4703 4296 4295 4301
f 4706 4705 4707 4708
f 4706 4708 4709 4291
f 4706 4291 4290 4296
f 4709 4708 4710 4711
f 4709 4711 4712 4286
f 4709 4286 4285 4291
f 4712 4711 4713 4714
f 4712 4714 4715 4281
f 4712 4281 4280 4286
f 4715 4714 4716 4717
f 4715 4717 4718 4276
f 4715 4276 4275 4281
f 4718 4717 4719 4720
f 4718 4720 4721 4271
f 4718 4271 4270 4276
f 4721 4720 4722 4723
f 4721 4723 4724 4266
f 4721 4266 4265 4271
f 4724 4723 4725 4726
f 4724 4726 4727 4261
f 4724 4261 4260 4266
f 4727 4726 4728 4729
f 4727 4729 4730 4256
f 4727 4256 4255 4261
f 4730 4729 4731 4732
f 4730 4732 4733 4251
f 4730 4251 4250 4256
f 4733 4732 4734 4735
f 4733 4735 4736 4246
f 4733 4246 4245 4251
f 4736 4735 4737 4738
f 4736 4738 4739 4241
f 4736 4241 4240 4246
f 4739 4738 4740 4741
f 4739 4741 4742 4236
f 4739 4236 4235 4241
f 4742 4741 4743 4744
f 4742 4744 4745 4231
f 4742 4231 4230 4236
f 4745 4744 4746 4747
f 4745 4747 4748 4226
f 4745 4226 4225 4231
f 4748 4747 4749 4750
f 4748 4750 4751 4222
f 4748 4222 4221 4226
f 4751 4750 4752 4753
f 4751 4753 4754 4219
f 4751 4219 4218 4222
f 4754 4753 4755 4756
f 4754 4756 259 258
f 4754 258 261 4219
f 4756 4755 4757 4758
f 4756 4758 4759 259
f 4759 4758 4760 4761
f 4759 4761 4762 4763
f 4759 4763 260 259
f 4763 4762 4764 4765
f 4763 4765 4766 260
f 4766 4765 4767 3906
f 4766 3906 3904 253
f 4766 253 28 260
f 4767 4765 4764 4768
f 4767 4768 4769 3909
f 4767 3909 3907 3906
f 4769 4768 4770 4771
f 4769 4771 4772 4773
f 4769 4773 3910 3909
f 4773 4772 4774 4775
f 4773 4775 3911 3910
f 4775 4774 4776 4777
f 4775 4777 3913 3911
f 4777 4776 4778 4779
f 4777 4779 3915 3913
f 4779 4778 4780 4781
f 4779 4781 3917 3915
f 4781 4780 4782 4783
f 4781 4783 3919 3917
f 4783 4782 4784 4785
f 4783 4785 4786 3919
f 4786 4785 280 4787
f 4786 4787 4788 3922
f 4786 3922 3920 3919
f 4788 3925 3923 3922
f 4788 4787 4789 4790
f 4788 4790 4791 3925
f 4791 3928 3926 3925
f 4791 4790 4792 4793
f 4791 4793 4794 3928
f 4794 3931 3929 3928
f 4794 4793 4795 4796
f 4794 4796 4797 3931
f 4797 3934 3932 3931
f 4797 4796 4798 4799
f 4797 4799 4800 3934
f 4800 3937 3935 3934
f 4800 4799 4801 4802
f 4800 4802 4803 3937
f 4803 3940 3938 3937
f 4803 4802 4804 4805
f 4803 4805 4806 3940
f 4806 3943 3941 3940
f 4806 4805 4807 4808
f 4806 4808 4809 3943
f 4809 3946 3944 3943
f 4809 4808 4810 4811
f 4809 4811 4812 3946
f 4812 3949 3947 3946
f 4812 4811 4813 4814
f 4812 4814 4815 3949
f 4815 3952 3950 3949
f 4815 4814 4816 4817
f 4815 4817 4818 3952
f 4818 3955 3953 3952
f 4818 4817 4819 4820
f 4818 4820 4821 3955
f 4821 3958 3956 3955
f 4821 4820 4822 4823
f 4821 4823 4824 3958
f 4824 3961 3959 3958
f 4824 4823 4825 4826
f 4824 4826 4827 3961
f 4827 3964 3962 3961
f 4827 4826 4828 4829
f 4827 4829 4830 3964
f 4830 3967 3965 3964
f 4830 4829 4831 4832
f 4830 4832 4833 3967
f 4833 3970 3968 3967
f 4833 4832 4834 4835
f 4833 4835 4836 3970
f 4836 3973 3971 3970
f 4836 4835 4837 4838
f 4836 4838 4839 3973
f 4839 3976 3974 3973
f 4839 4838 3990 3988
f 4839 3988 3986 3976
f 4838 4837 3992 3990
f 4837 4835 4834 4840
f 4837 4840 3994 3992
f 4840 4834 4841 4842
f 4840 4842 3996 3994
f 4842 4841 4843 4844
f 4842 4844 3998 3996
f 4844 4843 4845 4846
f 4844 4846 4000 3998
f 4846 4845 4847 4848
f 4846 4848 4002 4000
f 4848 4847 4849 4850
f 4848 4850 4004 4002
f 4850 4849 4851 4852
f 4850 4852 4006 4004
f 4852 4851 4853 4854
f 4852 4854 4008 4006
f 4854 4853 4855 4856
f 4854 4856 4010 4008
f 4856 4855 4857 4858
f 4856 4858 4012 4010
f 4858 4857 4859 4860
f 4858 4860 4014 4012
f 4860 4859 4861 4862
f 4860 4862 4016 4014
f 4862 4861 4863 4864
f 4862 4864 4018 4016
f 4864 4863 4865 4866
f 4864 4866 4020 4018
f 4866 4865 4867 4868
f 4866 4868 4022 4020
f 4868 4867 4869 4870
f 4868 4870 4024 4022
f 4870 4869 4701 4871
f 4870 4871 4026 4024
f 4871 4701 4699 4698
f 4871 4698 4028 4026
f 4869 4867 4872 4704
f 4869 4704 4702 4701
f 4872 4867 4865 4873
f 4872 4873 4874 4707
f 4872 4707 4705 4704
f 4874 4873 4875 4876
f 4874 4876 4877 4710
f 4874 4710 4708 4707
f 4877 4876 4878 4879
f 4877 4879 4880 4713
f 4877 4713 4711 4710
f 4880 4879 4881 4882
f 4880 4882 4883 4716
f 4880 4716 4714 4713
f 4883 4882 4884 4885
f 4883 4885 4886 4719
f 4883 4719 4717 4716
f 4886 4885 4887 4888
f 4886 4888 4889 4722
f 4886 4722 4720 4719
f 4889 4888 4890 4891
f 4889 4891 4892 4725
f 4889 4725 4723 4722
f 4892 4891 4893 4894
f 4892 4894 4895 4728
f 4892 4728 4726 4725
f 4895 4894 4896 4897
f 4895 4897 4898 4731
f 4895 4731 4729 4728
f 4898 4897 4899 4900
f 4898 4900 4901 4734
f 4898 4734 4732 4731
f 4901 4900 4902 4903
f 4901 4903 4904 4737
f 4901 4737 4735 4734
f 4904 4903 4905 4906
f 4904 4906 4907 4740
f 4904 4740 4738 4737
f 4907 4906 4908 4909
f 4907 4909 4910 4743
f 4907 4743 4741 4740
f 4910 4909 4911 4912
f 4910 4912 4913 4746
f 4910 4746 4744 4743
f 4913 4912 4914 4915
f 4913 4915 4916 4749
f 4913 4749 4747 4746
f 4916 4915 4917 4918
f 4916 4918 4919 4752
f 4916 4752 4750 4749
f 4919 4918 4920 4921
f 4919 4921 4757 4755
f 4919 4755 4753 4752
f 4921 4920 4922 4923
f 4921 4923 4924 4757
f 4924 4923 4925 4926
f 4924 4926 4927 4760
f 4924 4760 4758 4757
f 4927 4926 4928 4929
f 4927 4929 4930 4931
f 4927 4931 4761 4760
f 4931 4930 4932 4933
f 4931 4933 4762 4761
f 4933 4932 4934 4935
f 4933 4935 4764 4762
f 4935 4934 4936 4770
f 4935 4770 4768 4764
f 4936 4934 4937 4938
f 4936 4938 4939 4940
f 4936 4940 4771 4770
f 4940 4939 4941 4942
f 4940 4942 4772 4771
f 4942 4941 4943 4944
f 4942 4944 4774 4772
f 4944 4943 4945 4946
f 4944 4946 4776 4774
f 4946 4945 4947 4948
f 4946 4948 4778 4776
f 4948 4947 4949 4950
f 4948 4950 4780 4778
f 4950 4949 4951 4952
f 4950 4952 4782 4780
f 4952 4951 4953 4954
f 4952 4954 4784 4782
f 4954 4953 4955 278
f 4954 278 277 4784
f 4955 4953 4956 4957
f 4955 4957 4958 4959
f 4955 4959 279 278
f 4959 4958 4960 4961
f 4959 4961 4962 279
f 4962 4961 4963 4964
f 4962 4964 4965 275
f 4962 275 30 279
f 4965 4964 4966 4967
f 4965 4967 4968 4969
f 4965 4969 276 275
f 4969 4968 4970 4971
f 4969 4971 4972 276
f 4972 4973 272 276
f 4972 4971 4974 4975
f 4972 4975 4976 4973
f 4976 4977 4978 4973
f 4976 4975 4979 4980
f 4976 4980 4981 4977
f 4981 4982 4983 4977
f 4981 4980 4984 4985
f 4981 4985 4986 4982
f 4986 4987 4988 4982
f 4986 4985 4989 4990
f 4986 4990 4991 4987
f 4991 4992 4993 4987
f 4991 4990 4994 4995
f 4991 4995 4996 4992
f 4996 4997 4998 4992
f 4996 4995 4999 5000
f 4996 5000 5001 4997
f 5001 5002 5003 4997
f 5001 5000 5004 5005
f 5001 5005 5006 5002
f 5006 5007 5008 5002
f 5006 5005 5009 5010
f 5006 5010 5011 5007
f 5011 5012 5013 5007
f 5011 5010 5014 5015
f 5011 5015 5016 5012
f 5016 5017 5018 5012
f 5016 5015 5019 269
f 5016 269 264 5017
f 5019 5015 5014 5020
f 5019 5020 4887 5021
f 5019 5021 270 269
f 5021 4887 4885 4884
f 5021 4884 271 270
f 5020 5014 5022 4890
f 5020 4890 4888 4887
f 5022 5014 5010 5009
f 5022 5009 5023 4893
f 5022 4893 4891 4890
f 5023 5009 5005 5004
f 5023 5004 5024 4896
f 5023 4896 4894 4893
f 5024 5004 5000 4999
f 5024 4999 5025 4899
f 5024 4899 4897 4896
f 5025 4999 4995 4994
f 5025 4994 5026 4902
f 5025 4902 4900 4899
f 5026 4994 4990 4989
f 5026 4989 5027 4905
f 5026 4905 4903 4902
f 5027 4989 4985 4984
f 5027 4984 5028 4908
f 5027 4908 4906 4905
f 5028 4984 4980 4979
f 5028 4979 5029 4911
f 5028 4911 4909 4908
f 5029 4979 4975 4974
f 5029 4974 5030 4914
f 5029 4914 4912 4911
f 5030 4974 4971 4970
f 5030 4970 5031 4917
f 5030 4917 4915 4914
f 5031 4970 4968 5032
f 5031 5032 4922 4920
f 5031 4920 4918 4917
f 5032 4968 4967 5033
f 5032 5033 5034 4922
f 5034 5033 5035 5036
f 5034 5036 5037 4925
f 5034 4925 4923 4922
f 5037 5036 5038 5039
f 5037 5039 5040 4928
f 5037 4928 4926 4925
f 5040 5039 5041 5042
f 5040 5042 5043 5044
f 5040 5044 4929 4928
f 5044 5043 5045 5046
f 5044 5046 4930 4929
f 5046 5045 5047 5048
f 5046 5048 4932 4930
f 5048 5047 5049 4937
f 5048 4937 4934 4932
f 5049 5047 5050 5051
f 5049 5051 5052 5053
f 5049 5053 4938 4937
f 5053 5052 5054 5055
f 5053 5055 4939 4938
f 5055 5054 5056 5057
f 5055 5057 4941 4939
f 5057 5056 5058 5059
f 5057 5059 4943 4941
f 5059 5058 5060 5061
f 5059 5061 4945 4943
f 5061 5060 5062 5063
f 5061 5063 4947 4945
f 5063 5062 5064 5065
f 5063 5065 4949 4947
f 5065 5064 5066 5067
f 5065 5067 4951 4949
f 5067 5066 5068 4956
f 5067 4956 4953 4951
f 5068 5066 5069 5070
f 5068 5070 5071 5072
f 5068 5072 4957 4956
f 5072 5071 5073 5074
f 5072 5074 4958 4957
f 5074 5073 5075 5076
f 5074 5076 4960 4958
f 5076 5075 5077 5078
f 5076 5078 5079 4960
f 5079 5078 5080 5081
f 5079 5081 5082 4963
f 5079 4963 4961 4960
f 5082 5081 5083 5084
f 5082 5084 5035 4966
f 5082 4966 4964 4963
f 5084 5083 5085 5038
f 5084 5038 5036 5035
f 5085 5083 5086 5087
f 5085 5087 5088 5041
f 5085 5041 5039 5038
f 5088 5087 5089 5090
f 5088 5090 5091 5092
f 5088 5092 5042 5041
f 5092 5091 5093 5094
f 5092 5094 5043 5042
f 5094 5093 5095 5096
f 5094 5096 5045 5043
f 5096 5095 5097 5050
f 5096 5050 5047 5045
f 5097 5095 5098 5099
f 5097 5099 5100 5101
f 5097 5101 5051 5050
f 5101 5100 5102 5103
f 5101 5103 5052 5051
f 5103 5102 5104 5105
f 5103 5105 5054 5052
f 5105 5104 5106 5107
f 5105 5107 5056 5054
f 5107 5106 5108 5109
f 5107 5109 5058 5056
f 5109 5108 5110 5111
f 5109 5111 5060 5058
f 5111 5110 5112 5113
f 5111 5113 5062 5060
f 5113 5112 5114 5115
f 5113 5115 5064 5062
f 5115 5114 5116 5069
f 5115 5069 5066 5064
f 5116 5114 5117 5118
f 5116 5118 5119 5120
f 5116 5120 5070 5069
f 5120 5119 5121 5122
f 5120 5122 5071 5070
f 5122 5121 5123 5124
f 5122 5124 5073 5071
f 5124 5123 5125 5126
f 5124 5126 5075 5073
f 5126 5125 5127 5128
f 5126 5128 5077 5075
f 5128 5127 5129 5130
f 5128 5130 5131 5077
f 5131 5130 5132 5133
f 5131 5133 5086 5080
f 5131 5080 5078 5077
f 5133 5132 5134 5089
f 5133 5089 5087 5086
f 5134 5132 5135 5136
f 5134 5136 5137 5138
f 5134 5138 5090 5089
f 5138 5137 5139 5140
f 5138 5140 5091 5090
f 5140 5139 5141 5142
f 5140 5142 5093 5091
f 5142 5141 5143 5098
f 5142 5098 5095 5093
f 5143 5141 5144 5145
f 5143 5145 5146 5147
f 5143 5147 5099 5098
f 5147 5146 5148 5149
f 5147 5149 5100 5099
f 5149 5148 5150 5151
f 5149 5151 5102 5100
f 5151 5150 5152 5153
f 5151 5153 5104 5102
f 5153 5152 5154 5155
f 5153 5155 5106 5104
f 5155 5154 5156 5157
f 5155 5157 5108 5106
f 5157 5156 5158 5159
f 5157 5159 5110 5108
f 5159 5158 5160 5161
f 5159 5161 5112 5110
f 5161 5160 5162 5117
f 5161 5117 5114 5112
f 5162 5160 5163 5164
f 5162 5164 5165 5166
f 5162 5166 5118 5117
f 5166 5165 5167 5168
f 5166 5168 5119 5118
f 5168 5167 5169 5170
f 5168 5170 5121 5119
f 5170 5169 5171 5172
f 5170 5172 5123 5121
f 5172 5171 5173 5174
f 5172 5174 5125 5123
f 5174 5173 5175 5176
f 5174 5176 5127 5125
f 5176 5175 5177 5178
f 5176 5178 5129 5127
f 5178 5177 5179 5180
f 5178 5180 5135 5129
f 5180 5179 5181 5182
f 5180 5182 5136 5135
f 5182 5181 5183 5184
f 5182 5184 5137 5136
f 5184 5183 5185 5186
f 5184 5186 5139 5137
f 5186 5185 5187 5144
f 5186 5144 5141 5139
f 5187 5185 5188 5189
f 5187 5189 5190 5191
f 5187 5191 5145 5144
f 5191 5190 5192 5193
f 5191 5193 5146 5145
f 5193 5192 5194 5195
f 5193 5195 5148 5146
f 5195 5194 5196 5197
f 5195 5197 5150 5148
f 5197 5196 5198 5199
f 5197 5199 5152 5150
f 5199 5198 5200 5201
f 5199 5201 5154 5152
f 5201 5200 5202 5203
f 5201 5203 5156 5154
f 5203 5202 5204 5205
f 5203 5205 5158 5156
f 5205 5204 5206 5163
f 5205 5163 5160 5158
f 5206 5204 5207 5208
f 5206 5208 5209 5210
f 5206 5210 5164 5163
f 5210 5209 5211 5212
f 5210 5212 5165 5164
f 5212 5211 5213 5214
f 5212 5214 5167 5165
f 5214 5213 5215 5216
f 5214 5216 5169 5167
f 5216 5215 5217 5218
f 5216 5218 5171 5169
f 5218 5217 5219 5220
f 5218 5220 5173 5171
f 5220 5219 5221 5222
f 5220 5222 5175 5173
f 5222 5221 5223 5224
f 5222 5224 5177 5175
f 5224 5223 5225 5226
f 5224 5226 5179 5177
f 5226 5225 5227 5228
f 5226 5228 5181 5179
f 5228 5227 5229 5230
f 5228 5230 5183 5181
f 5230 5229 5231 5188
f 5230 5188 5185 5183
f 5231 5229 5232 5233
f 5231 5233 5234 5235
f 5231 5235 5189 5188
f 5235 5234 5236 5237
f 5235 5237 5190 5189
f 5237 5236 5238 5239
f 5237 5239 5192 5190
f 5239 5238 5240 5241
f 5239 5241 5194 5192
f 5241 5240 5242 5243
f 5241 5243 5196 5194
f 5243 5242 5244 5245
f 5243 5245 5198 5196
f 5245 5244 5246 5247
f 5245 5247 5200 5198
f 5247 5246 5248 5249
f 5247 5249 5202 5200
f 5249 5248 5250 5207
f 5249 5207 5204 5202
f 5250 5248 5251 5252
f 5250 5252 5253 5254
f 5250 5254 5208 5207
f 5254 5253 5255 5256
f 5254 5256 5209 5208
f 5256 5255 5257 5258
f 5256 5258 5211 5209
f 5258 5257 5259 5260
f 5258 5260 5213 5211
f 5260 5259 5261 5262
f 5260 5262 5215 5213
f 5262 5261 5263 5264
f 5262 5264 5217 5215
f 5264 5263 5265 5266
f 5264 5266 5219 5217
f 5266 5265 5267 5268
f 5266 5268 5221 5219
f 5268 5267 5269 5270
f 5268 5270 5223 5221
f 5270 5269 5271 5272
f 5270 5272 5225 5223
f 5272 5271 5273 5274
f 5272 5274 5227 5225
f 5274 5273 5275 5232
f 5274 5232 5229 5227
f 5275 5273 5276 5277
f 5275 5277 5278 5279
f 5275 5279 5233 5232
f 5279 5278 5280 5281
f 5279 5281 5234 5233
f 5281 5280 5282 5283
f 5281 5283 5236 5234
f 5283 5282 5284 5285
f 5283 5285 5238 5236
f 5285 5284 5286 5287
f 5285 5287 5240 5238
f 5287 5286 5288 5289
f 5287 5289 5242 5240
f 5289 5288 5290 5291
f 5289 5291 5244 5242
f 5291 5290 5292 5293
f 5291 5293 5246 5244
f 5293 5292 5294 5251
f 5293 5251 5248 5246
f 5294 5292 5295 5296
f 5294 5296 5297 5298
f 5294 5298 5252 5251
f 5298 5297 5299 5300
f 5298 5300 5253 5252
f 5300 5299 5301 5302
f 5300 5302 5255 5253
f 5302 5301 5303 5304
f 5302 5304 5257 5255
f 5304 5303 5305 5306
f 5304 5306 5259 5257
f 5306 5305 5307 5308
f 5306 5308 5261 5259
f 5308 5307 5309 5310
f 5308 5310 5263 5261
f 5310 5309 5311 5312
f 5310 5312 5265 5263
f 5312 5311 5313 5314
f 5312 5314 5267 5265
f 5314 5313 5315 5316
f 5314 5316 5269 5267
f 5316 5315 5317 5318
f 5316 5318 5271 5269
f 5318 5317 5319 5276
f 5318 5276 5273 5271
f 5319 5317 5320 5321
f 5319 5321 5322 5323
f 5319 5323 5277 5276
f 5323 5322 5324 5325
f 5323 5325 5278 5277
f 5325 5324 5326 5327
f 5325 5327 5280 5278
f 5327 5326 5328 5329
f 5327 5329 5282 5280
f 5329 5328 5330 5331
f 5329 5331 5284 5282
f 5331 5330 5332 5333
f 5331 5333 5286 5284
f 5333 5332 5334 5335
f 5333 5335 5288 5286
f 5335 5334 5336 5337
f 5335 5337 5290 5288
f 5337 5336 5338 5295
f 5337 5295 5292 5290
f 5338 5336 5339 5340
f 5338 5340 5341 5342
f 5338 5342 5296 5295
f 5342 5341 5343 5344
f 5342 5344 5297 5296
f 5344 5343 5345 5346
f 5344 5346 5299 5297
f 5346 5345 5347 5348
f 5346 5348 5301 5299
f 5348 5347 5349 5350
f 5348 5350 5303 5301
f 5350 5349 5351 5352
f 5350 5352 5305 5303
f 5352 5351 5353 5354
f 5352 5354 5307 5305
f 5354 5353 5355 5356
f 5354 5356 5309 5307
f 5356 5355 5357 5358
f 5356 5358 5311 5309
f 5358 5357 5359 5360
f 5358 5360 5313 5311
f 5360 5359 5361 5362
f 5360 5362 5315 5313
f 5362 5361 5363 5320
f 5362 5320 5317 5315
f 5363 5361 5364 5365
f 5363 5365 5366 5367
f 5363 5367 5321 5320
f 5367 5366 5368 5369
f 5367 5369 5322 5321
f 5369 5368 5370 5371
f 5369 5371 5324 5322
f 5371 5370 5372 5373
f 5371 5373 5326 5324
f 5373 5372 5374 5375
f 5373 5375 5328 5326
f 5375 5374 5376 5377
f 5375 5377 5330 5328
f 5377 5376 5378 5379
f 5377 5379 5332 5330
f 5379 5378 5380 5381
f 5379 5381 5334 5332
f 5381 5380 5382 5339
f 5381 5339 5336 5334
f 5382 5380 5383 5384
f 5382 5384 5385 5386
f 5382 5386 5340 5339
f 5386 5385 5387 5388
f 5386 5388 5341 5340
f 5388 5387 5389 5390
f 5388 5390 5343 5341
f 5390 5389 5391 5392
f 5390 5392 5345 5343
f 5392 5391 5393 5394
f 5392 5394 5347 5345
f 5394 5393 5395 5396
f 5394 5396 5349 5347
f 5396 5395 5397 5398
f 5396 5398 5351 5349
f 5398 5397 5399 5400
f 5398 5400 5353 5351
f 5400 5399 5401 5402
f 5400 5402 5355 5353
f 5402 5401 5403 5404
f 5402 5404 5357 5355
f 5404 5403 5405 5406
f 5404 5406 5359 5357
f 5406 5405 5407 5364
f 5406 5364 5361 5359
f 5407 5405 5408 5409
f 5407 5409 5410 5411
f 5407 5411 5365 5364
f 5411 5410 5412 5413
f 5411 5413 5366 5365
f 5413 5412 5414 5415
f 5413 5415 5368 5366
f 5415 5414 5416 5417
f 5415 5417 5370 5368
f 5417 5416 5418 5419
f 5417 5419 5372 5370
f 5419 5418 5420 5421
f 5419 5421 5374 5372
f 5421 5420 5422 5423
f 5421 5423 5376 5374
f 5423 5422 5424 5425
f 5423 5425 5378 5376
f 5425 5424 5426 5383
f 5425 5383 5380 5378
f 5426 5424 5427 5428
f 5426 5428 5429 5430
f 5426 5430 5384 5383
f 5430 5429 5431 5432
f 5430 5432 5385 5384
f 5432 5431 5433 5434
f 5432 5434 5387 5385
f 5434 5433 5435 5436
f 5434 5436 5389 5387
f 5436 5435 5437 5438
f 5436 5438 5391 5389
f 5438 5437 5439 5440
f 5438 5440 5393 5391
f 5440 5439 5441 5442
f 5440 5442 5395 5393
f 5442 5441 5443 5444
f 5442 5444 5397 5395
f 5444 5443 5445 5446
f 5444 5446 5399 5397
f 5446 5445 5447 5448
f 5446 5448 5401 5399
f 5448 5447 5449 5450
f 5448 5450 5403 5401
f 5450 5449 5451 5408
f 5450 5408 5405 5403
f 5451 5449 5452 5453
f 5451 5453 5454 5455
f 5451 5455 5409 5408
f 5455 5454 5456 5457
f 5455 5457 5410 5409
f 5457 5456 5458 5459
f 5457 5459 5412 5410
f 5459 5458 5460 5461
f 5459 5461 5414 5412
f 5461 5460 5462 5463
f 5461 5463 5416 5414
f 5463 5462 5464 5465
f 5463 5465 5418 5416
f 5465 5464 5466 5467
f 5465 5467 5420 5418
f 5467 5466 5468 5469
f 5467 5469 5422 5420
f 5469 5468 5470 5427
f 5469 5427 5424 5422
f 5470 5468 5471 5472
f 5470 5472 5473 5474
f 5470 5474 5428 5427
f 5474 5473 5475 5476
f 5474 5476 5429 5428
f 5476 5475 5477 5478
f 5476 5478 5431 5429
f 5478 5477 5479 5480
f 5478 5480 5433 5431
f 5480 5479 5481 5482
f 5480 5482 5435 5433
f 5482 5481 5483 5484
f 5482 5484 5437 5435
f 5484 5483 5485 5486
f 5484 5486 5439 5437
f 5486 5485 5487 5488
f 5486 5488 5441 5439
f 5488 5487 5489 5490
f 5488 5490 5443 5441
f 5490 5489 5491 5492
f 5490 5492 5445 5443
f 5492 5491 5493 5494
f 5492 5494 5447 5445
f 5494 5493 5495 5452
f 5494 5452 5449 5447
f 5495 5493 5496 5497
f 5495 5497 5498 5499
f 5495 5499 5453 5452
f 5499 5498 5500 5501
f 5499 5501 5454 5453
f 5501 5500 5502 5503
f 5501 5503 5456 5454
f 5503 5502 5504 5505
f 5503 5505 5458 5456
f 5505 5504 5506 5507
f 5505 5507 5460 5458
f 5507 5506 5508 5509
f 5507 5509 5462 5460
f 5509 5508 5510 5511
f 5509 5511 5464 5462
f 5511 5510 5512 5513
f 5511 5513 5466 5464
f 5513 5512 5514 5471
f 5513 5471 5468 5466
f 5514 5512 5515 5516
f 5514 5516 5517 5518
f 5514 5518 5472 5471
f 5518 5517 5519 5520
f 5518 5520 5473 5472
f 5520 5519 5521 5522
f 5520 5522 5475 5473
f 5522 5521 5523 5524
f 5522 5524 5477 5475
f 5524 5523 5525 5526
f 5524 5526 5479 5477
f 5526 5525 5527 5528
f 5526 5528 5481 5479
f 5528 5527 5529 5530
f 5528 5530 5483 5481
f 5530 5529 5531 5532
f 5530 5532 5485 5483
f 5532 5531 5533 5534
f 5532 5534 5487 5485
f 5534 5533 5535 5536
f 5534 5536 5489 5487
f 5536 5535 5537 5538
f 5536 5538 5491 5489
f 5538 5537 5539 5496
f 5538 5496 5493 5491
f 5539 5537 5540 5541
f 5539 5541 5542 5543
f 5539 5543 5497 5496
f 5543 5542 5544 5545
f 5543 5545 5498 5497
f 5545 5544 5546 5547
f 5545 5547 5500 5498
f 5547 5546 5548 5549
f 5547 5549 5502 5500
f 5549 5548 5550 5551
f 5549 5551 5504 5502
f 5551 5550 5552 5553
f 5551 5553 5506 5504
f 5553 5552 5554 5555
f 5553 5555 5508 5506
f 5555 5554 5556 5557
f 5555 5557 5510 5508
f 5557 5556 5558 5515
f 5557 5515 5512 5510
f 5558 5556 5559 5560
f 5558 5560 5561 5562
f 5558 5562 5516 5515
f 5562 5561 5563 5564
f 5562 5564 5517 5516
f 5564 5563 5565 5566
f 5564 5566 5519 5517
f 5566 5565 5567 5568
f 5566 5568 5521 5519
f 5568 5567 5569 5570
f 5568 5570 5523 5521
f 5570 5569 5571 5572
f 5570 5572 5525 5523
f 5572 5571 5573 5574
f 5572 5574 5527 5525
f 5574 5573 5575 5576
f 5574 5576 5529 5527
f 5576 5575 5577 5578
f 5576 5578 5531 5529
f 5578 5577 5579 5580
f 5578 5580 5533 5531
f 5580 5579 5581 5582
f 5580 5582 5535 5533
f 5582 5581 5583 5540
f 5582 5540 5537 5535
f 5583 5581 5584 5585
f 5583 5585 5586 5587
f 5583 5587 5541 5540
f 5587 5586 5588 5589
f 5587 5589 5542 5541
f 5589 5588 5590 5591
f 5589 5591 5544 5542
f 5591 5590 5592 5593
f 5591 5593 5546 5544
f 5593 5592 5594 5595
f 5593 5595 5548 5546
f 5595 5594 5596 5597
f 5595 5597 5550 5548
f 5597 5596 5598 5599
f 5597 5599 5552 5550
f 5599 5598 5600 5601
f 5599 5601 5554 5552
f 5601 5600 5602 5559
f 5601 5559 5556 5554
f 5602 5600 5603 5604
f 5602 5604 5605 5606
f 5602 5606 5560 5559
f 5606 5605 5607 5608
f 5606 5608 5561 5560
f 5608 5607 5609 5610
f 5608 5610 5563 5561
f 5610 5609 5611 5612
f 5610 5612 5565 5563
f 5612 5611 5613 5614
f 5612 5614 5567 5565
f 5614 5613 5615 5616
f 5614 5616 5569 5567
f 5616 5615 5617 5618
f 5616 5618 5571 5569
f 5618 5617 5619 5620
f 5618 5620 5573 5571
f 5620 5619 5621 5622
f 5620 5622 5575 5573
f 5622 5621 5623 5624
f 5622 5624 5577 5575
f 5624 5623 5625 5626
f 5624 5626 5579 5577
f 5626 5625 5627 5584
f 5626 5584 5581 5579
f 5627 5625 5628 5629
f 5627 5629 5630 5631
f 5627 5631 5585 5584
f 5631 5630 5632 5633
f 5631 5633 5586 5585
f 5633 5632 5634 5635
f 5633 5635 5588 5586
f 5635 5634 5636 5637
f 5635 5637 5590 5588
f 5637 5636 5638 5639
f 5637 5639 5592 5590
f 5639 5638 5640 5641
f 5639 5641 5594 5592
f 5641 5640 5642 5643
f 5641 5643 5596 5594
f 5643 5642 5644 5645
f 5643 5645 5598 5596
f 5645 5644 5646 5603
f 5645 5603 5600 5598
f 5646 5644 5647 5648
f 5646 5648 5649 5650
f 5646 5650 5604 5603
f 5650 5649 5651 5652
f 5650 5652 5605 5604
f 5652 5651 5653 5654
f 5652 5654 5607 5605
f 5654 5653 5655 5656
f 5654 5656 5609 5607
f 5656 5655 5657 5658
f 5656 5658 5611 5609
f 5658 5657 5659 5660
f 5658 5660 5613 5611
f 5660 5659 5661 5662
f 5660 5662 5615 5613
f 5662 5661 5663 5664
f 5662 5664 5617 5615
f 5664 5663 5665 5666
f 5664 5666 5619 5617
f 5666 5665 5667 5668
f 5666 5668 5621 5619
f 5668 5667 5669 5670
f 5668 5670 5623 5621
f 5670 5669 5671 5628
f 5670 5628 5625 5623
f 5671 5669 5672 5673
f 5671 5673 5674 5675
f 5671 5675 5629 5628
f 5675 5674 5676 5677
f 5675 5677 5630 5629
f 5677 5676 5678 5679
f 5677 5679 5632 5630
f 5679 5678 5680 5681
f 5679 5681 5634 5632
f 5681 5680 5682 5683
f 5681 5683 5636 5634
f 5683 5682 5684 5685
f 5683 5685 5638 5636
f 5685 5684 5686 5687
f 5685 5687 5640 5638
f 5687 5686 5688 5689
f 5687 5689 5642 5640
f 5689 5688 5690 5647
f 5689 5647 5644 5642
f 5690 5688 5691 5692
f 5690 5692 5693 5694
f 5690 5694 5648 5647
f 5694 5693 5695 5696
f 5694 5696 5649 5648
f 5696 5695 5697 5698
f 5696 5698 5651 5649
f 5698 5697 5699 5700
f 5698 5700 5653 5651
f 5700 5699 5701 5702
f 5700 5702 5655 5653
f 5702 5701 5703 5704
f 5702 5704 5657 5655
f 5704 5703 5705 5706
f 5704 5706 5659 5657
f 5706 5705 5707 5708
f 5706 5708 5661 5659
f 5708 5707 5709 5710
f 5708 5710 5663 5661
f 5710 5709 5711 5712
f 5710 5712 5665 5663
f 5712 5711 5713 5714
f 5712 5714 5667 5665
f 5714 5713 5715 5672
f 5714 5672 5669 5667
f 5715 5713 5716 5717
f 5715 5717 5718 5719
f 5715 5719 5673 5672
f 5719 5718 5720 5721
f 5719 5721 5674 5673
f 5721 5720 5722 5723
f 5721 5723 5676 5674
f 5723 5722 5724 5725
f 5723 5725 5678 5676
f 5725 5724 5726 5727
f 5725 5727 5680 5678
f 5727 5726 5728 5729
f 5727 5729 5682 5680
f 5729 5728 5730 5731
f 5729 5731 5684 5682
f 5731 5730 5732 5733
f 5731 5733 5686 5684
f 5733 5732 5734 5691
f 5733 5691 5688 5686
f 5734 5732 5735 5736
f 5734 5736 5737 5738
f 5734 5738 5692 5691
f 5738 5737 5739 5740
f 5738 5740 5693 5692
f 5740 5739 5741 5742
f 5740 5742 5695 5693
f 5742 5741 5743 5744
f 5742 5744 5697 5695
f 5744 5743 5745 5746
f 5744 5746 5699 5697
f 5746 5745 5747 5748
f 5746 5748 5701 5699
f 5748 5747 5749 5750
f 5748 5750 5703 5701
f 5750 5749 5751 5752
f 5750 5752 5705 5703
f 5752 5751 5753 5754
f 5752 5754 5707 5705
f 5754 5753 5755 5756
f 5754 5756 5709 5707
f 5756 5755 5757 5758
f 5756 5758 5711 5709
f 5758 5757 5759 5716
f 5758 5716 5713 5711
f 5759 5757 5760 5761
f 5759 5761 5762 5763
f 5759 5763 5717 5716
f 5763 5762 5764 5765
f 5763 5765 5718 5717
f 5765 5764 5766 5767
f 5765 5767 5720 5718
f 5767 5766 5768 5769
f 5767 5769 5722 5720
f 5769 5768 5770 5771
f 5769 5771 5724 5722
f 5771 5770 5772 5773
f 5771 5773 5726 5724
f 5773 5772 5774 5775
f 5773 5775 5728 5726
f 5775 5774 5776 5777
f 5775 5777 5730 5728
f 5777 5776 5778 5735
f 5777 5735 5732 5730
f 5778 5776 5779 5780
f 5778 5780 5781 5782
f 5778 5782 5736 5735
f 5782 5781 5783 5784
f 5782 5784 5737 5736
f 5784 5783 5785 5786
f 5784 5786 5739 5737
f 5786 5785 5787 5788
f 5786 5788 5741 5739
f 5788 5787 5789 5790
f 5788 5790 5743 5741
f 5790 5789 5791 5792
f 5790 5792 5745 5743
f 5792 5791 5793 5794
f 5792 5794 5747 5745
f 5794 5793 5795 5796
f 5794 5796 5749 5747
f 5796 5795 286 5797
f 5796 5797 5751 5749
f 5797 286 285 5798
f 5797 5798 5753 5751
f 5798 285 284 5799
f 5798 5799 5755 5753
f 5799 284 5800 5760
f 5799 5760 5757 5755
f 5800 284 283 5801
f 5800 5801 5802 5803
f 5800 5803 5761 5760
f 5803 5802 5804 5805
f 5803 5805 5762 5761
f 5805 5804 5806 5807
f 5805 5807 5764 5762
f 5807 5806 5808 5809
f 5807 5809 5766 5764
f 5809 5808 5810 5811
f 5809 5811 5768 5766
f 5811 5810 5812 5813
f 5811 5813 5770 5768
f 5813 5812 5814 5815
f 5813 5815 5772 5770
f 5815 5814 5816 5817
f 5815 5817 5774 5772
f 5817 5816 5818 5779
f 5817 5779 5776 5774
f 5818 5816 5819 5820
f 5818 5820 161 160
f 5818 160 5780 5779
f 5820 5819 5821 5822
f 5820 5822 162 161
f 5822 5821 5823 5824
f 5822 5824 5825 162
f 5825 5824 5826 5827
f 5825 5827 5828 5829
f 5825 5829 163 162
f 5829 5828 5830 5831
f 5829 5831 164 163
f 5831 5830 5787 5785
f 5831 5785 5783 164
f 5830 5828 5832 5833
f 5830 5833 5789 5787
f 5833 5832 5834 5835
f 5833 5835 5791 5789
f 5835 5834 5836 5837
f 5835 5837 5793 5791
f 5837 5836 5838 5839
f 5837 5839 5795 5793
f 5839 5838 282 281
f 5839 281 286 5795
f 5838 5836 5840 5841
f 5838 5841 5842 282
f 5842 5841 5843 5844
f 5842 5844 5802 5801
f 5842 5801 283 282
f 5844 5843 5845 5846
f 5844 5846 5804 5802
f 5846 5845 5847 5848
f 5846 5848 5806 5804
f 5848 5847 5849 5850
f 5848 5850 5808 5806
f 5850 5849 195 194
f 5850 194 5810 5808
f 5849 5847 142 5851
f 5849 5851 196 195
f 5851 142 141 5852
f 5851 5852 5823 196
f 5852 141 143 5826
f 5852 5826 5824 5823
f 5847 5845 138 142
f 5845 5843 139 138
f 5843 5841 5840 139
f 5840 5853 140 139
f 5840 5836 5834 5853
f 5853 5854 143 140
f 5853 5834 5832 5854
f 5854 5827 5826 143
f 5854 5832 5828 5827
f 5823 5821 197 196
f 5821 5819 198 197
f 5819 5816 5814 198
f 5814 5812 193 198
f 5812 5810 194 193
f 5783 5781 159 164
f 5781 5780 160 159
f 5135 5132 5130 5129
f 5086 5083 5081 5080
f 5035 5033 4967 4966
f 5018 5855 5856 5857
f 5018 5857 5013 5012
f 5018 5017 5858 5855
f 5858 5859 5860 5855
f 5858 5017 264 263
f 5858 263 5861 5859
f 5861 5862 5863 5859
f 5861 263 262 5864
f 5861 5864 5865 5862
f 5865 5866 5867 5862
f 5865 5864 5868 5869
f 5865 5869 5870 5866
f 5870 5871 5872 5866
f 5870 5869 4849 4847
f 5870 4847 4845 5871
f 5872 4828 4826 4825
f 5872 4825 5867 5866
f 5872 5871 5873 4828
f 5873 4831 4829 4828
f 5873 5871 4845 4843
f 5873 4843 4841 4831
f 5869 5868 4851 4849
f 5868 5864 262 266
f 5868 266 4853 4851
f 5867 4825 4823 4822
f 5867 4822 5863 5862
f 5863 4822 4820 4819
f 5863 4819 5860 5859
f 5860 4819 4817 4816
f 5860 4816 5856 5855
f 5857 5856 4813 5874
f 5857 5874 5875 5013
f 5875 5874 4810 5876
f 5875 5876 5877 5008
f 5875 5008 5007 5013
f 5877 5876 4807 5878
f 5877 5878 5879 5003
f 5877 5003 5002 5008
f 5879 5878 4804 5880
f 5879 5880 5881 4998
f 5879 4998 4997 5003
f 5881 5880 4801 5882
f 5881 5882 5883 4993
f 5881 4993 4992 4998
f 5883 5882 4798 5884
f 5883 5884 5885 4988
f 5883 4988 4987 4993
f 5885 5884 4795 5886
f 5885 5886 5887 4983
f 5885 4983 4982 4988
f 5887 5886 4792 5888
f 5887 5888 273 4978
f 5887 4978 4977 4983
f 5888 4792 4790 4789
f 5888 4789 274 273
f 5886 4795 4793 4792
f 5884 4798 4796 4795
f 5882 4801 4799 4798
f 5880 4804 4802 4801
f 5878 4807 4805 4804
f 5876 4810 4808 4807
f 5874 4813 4811 4810
f 5856 4816 4814 4813
f 4978 273 272 4973
f 4884 4882 4881 271
f 4881 5889 267 271
f 4881 4879 4878 5889
f 5889 5890 268 267
f 5889 4878 5891 5890
f 5891 4861 4859 5890
f 5891 4878 4876 4875
f 5891 4875 4863 4861
f 5890 4859 4857 268
f 4875 4873 4865 4863
f 4857 4855 265 268
f 4855 4853 266 265
f 4841 4834 4832 4831
f 4789 4787 280 274
f 4785 4784 277 280
f 4698 4696 4030 4028
f 4227 4223 4212 4210
f 4102 4100 4086 4084
f 3986 3979 3977 3976
f 3766 3762 3760 3759
f 3754 3720 3718 3717
f 3752 3723 3721 3720
f 3750 3726 3724 3723
f 3750 3746 3745 3726
f 3745 3729 3727 3726
f 3743 3732 3730 3729
f 3739 3735 3733 3732
f 3598 2925 2921 2920
f 2819 192 187 2814
f 2732 2730 2668 2667
f 2730 2728 2669 2668
f 2728 2726 2671 2669
f 2726 2724 2673 2671
f 2724 2722 5892 2673
f 5892 2677 2674 2673
f 5892 2722 2720 5893
f 5892 5893 5894 2677
f 5894 2682 2678 2677
f 5894 5893 2716 5895
f 5894 5895 5896 2682
f 5896 2687 2683 2682
f 5896 5895 2713 5897
f 5896 5897 5898 2687
f 5898 2692 2688 2687
f 5898 5897 2710 5899
f 5898 5899 2700 2692
f 5899 2710 2706 2704
f 5899 2704 2701 2700
f 5897 2713 2711 2710
f 5895 2716 2714 2713
f 5893 2720 2717 2716
f 2700 2697 2693 2692
f 2696 5900 835 5901
f 2696 5901 2691 2690
f 2696 2695 5902 5900
f 5902 840 838 5900
f 5902 2695 848 846
f 5902 846 842 840
f 5901 835 831 830
f 5901 830 5903 2691
f 5903 830 827 826
f 5903 826 5904 2686
f 5903 2686 2685 2691
f 5904 826 158 154
f 5904 154 105 2681
f 5904 2681 2680 2686
f 5900 838 836 835
f 2681 105 100 2676
f 2559 2558 303 302
f 2558 2554 2553 2378
f 2558 2378 2376 303
f 2553 2549 2548 2381
f 2553 2381 2379 2378
f 2548 2544 2543 2385
f 2548 2385 2382 2381
f 2543 2539 2538 2388
f 2543 2388 2386 2385
f 2538 2534 2533 2391
f 2538 2391 2389 2388
f 2533 2529 2528 5905
f 2533 5905 2392 2391
f 5905 2528 5906 5907
f 5905 5907 2393 2392
f 5907 5906 5908 5909
f 5907 5909 2395 2393
f 5909 5908 2459 2457
f 5909 2457 2397 2395
f 5908 5906 2523 5910
f 5908 5910 2461 2459
f 5910 2523 2519 2518
f 5910 2518 5911 2461
f 5911 2518 2514 2513
f 5911 2513 5912 2464
f 5911 2464 2462 2461
f 5912 2513 2509 2508
f 5912 2508 5913 5914
f 5912 5914 2465 2464
f 5914 5913 5915 5916
f 5914 5916 2466 2465
f 5916 5915 5917 5918
f 5916 5918 2468 2466
f 5918 5917 5919 2473
f 5918 2473 2470 2468
f 5919 5917 5920 5921
f 5919 5921 5922 2476
f 5919 2476 2474 2473
f 5922 5921 5923 5924
f 5922 5924 2483 2479
f 5922 2479 2477 2476
f 5924 5923 2499 2497
f 5924 2497 2484 2483
f 5923 202 201 2499
f 5923 5921 5920 202
f 5920 5925 203 202
f 5920 5917 5915 5925
f 5925 2504 204 203
f 5925 5915 5913 2504
f 5913 2508 2505 2504
f 5906 2528 2524 2523
f 2512 46 45 2507
f 2454 2453 296 300
f 2439 111 117 2436
f 2434 110 109 635
f 2434 635 633 2431
f 2434 2433 117 110
f 2376 2374 304 303
f 2374 2373 305 304
f 2365 2354 2350 2349
f 2308 127 126 2303
f 2129 1205 1201 1200
f 1137 5926 1130 1129
f 5926 5927 5928 1130
f 5928 5927 5929 5930
f 5928 5930 5931 1125
f 5928 1125 1124 1130
f 5931 5930 5932 5933
f 5931 5933 5934 1120
f 5931 1120 1119 1125
f 5934 5933 5935 5936
f 5934 5936 5937 1115
f 5934 1115 1114 1120
f 5937 5936 5938 5939
f 5937 5939 5940 1110
f 5937 1110 1109 1115
f 5940 5939 5941 5942
f 5940 5942 5943 1105
f 5940 1105 1104 1110
f 5943 5942 5944 5945
f 5943 5945 5946 1100
f 5943 1100 1099 1105
f 5946 5945 5947 5948
f 5946 5948 5949 1095
f 5946 1095 1094 1100
f 5949 5948 5950 5951
f 5949 5951 5952 1090
f 5949 1090 1089 1095
f 5952 5951 5953 5954
f 5952 5954 5955 1085
f 5952 1085 1084 1090
f 5955 5954 5956 5957
f 5955 5957 5958 1080
f 5955 1080 1079 1085
f 5958 5957 5959 5960
f 5958 5960 5961 1075
f 5958 1075 1074 1080
f 5961 5960 5962 5963
f 5961 5963 5964 1070
f 5961 1070 1069 1075
f 5964 5963 5965 5966
f 5964 5966 5967 1065
f 5964 1065 1064 1070
f 5967 5966 5968 5969
f 5967 5969 5970 1060
f 5967 1060 1059 1065
f 5970 5969 5971 5972
f 5970 5972 5973 1055
f 5970 1055 1054 1060
f 5973 5972 5974 238
f 5973 238 237 1050
f 5973 1050 1049 1055
f 5974 5975 5976 5977
f 5974 5977 239 238
f 5974 5972 5971 5975
f 5977 5976 5978 5979
f 5977 5979 5980 239
f 5980 5979 5981 5982
f 5980 5982 5983 5984
f 5980 5984 25 239
f 5984 5983 5985 5986
f 5984 5986 233 25
f 5986 5985 5987 5988
f 5986 5988 5989 233
f 5989 5988 5990 5991
f 5989 5991 5992 5993
f 5989 5993 234 233
f 5993 5992 5994 5995
f 5993 5995 5996 234
f 5996 1041 235 234
f 5996 5995 5997 1036
f 5996 1036 1035 1041
f 5997 5995 5994 5998
f 5997 5998 5999 1031
f 5997 1031 1030 1036
f 5999 5998 6000 6001
f 5999 6001 93 1026
f 5999 1026 1025 1031
f 6001 6000 6002 6003
f 6001 6003 94 93
f 6003 6002 6004 6005
f 6003 6005 97 94
f 6005 6004 6006 6007
f 6005 6007 6008 97
f 6008 6007 206 6009
f 6008 6009 6010 6011
f 6008 6011 95 97
f 6011 6010 6012 6013
f 6011 6013 96 95
f 6012 6010 6014 6015
f 6015 6014 6016 6017
f 6017 6016 6018 6019
f 6019 6018 6020 6021
f 6021 6020 6022 6023
f 6023 6022 6024 6025
f 6025 6024 6026 6027
f 6027 6026 6028 6029
f 6029 6028 6030 6031
f 6031 6030 6032 6033
f 6033 6032 6034 6035
f 6035 6034 6036 6037
f 6037 6036 5932 6038
f 6038 5932 5930 5929
f 6036 6034 6039 5935
f 6036 5935 5933 5932
f 6039 6034 6032 6040
f 6039 6040 6041 5938
f 6039 5938 5936 5935
f 6041 6040 6042 6043
f 6041 6043 6044 5941
f 6041 5941 5939 5938
f 6044 6043 6045 6046
f 6044 6046 6047 5944
f 6044 5944 5942 5941
f 6047 6046 6048 6049
f 6047 6049 6050 5947
f 6047 5947 5945 5944
f 6050 6049 6051 6052
f 6050 6052 6053 5950
f 6050 5950 5948 5947
f 6053 6052 6054 6055
f 6053 6055 6056 5953
f 6053 5953 5951 5950
f 6056 6055 6057 6058
f 6056 6058 6059 5956
f 6056 5956 5954 5953
f 6059 6058 6060 6061
f 6059 6061 6062 5959
f 6059 5959 5957 5956
f 6062 6061 6063 6064
f 6062 6064 6065 5962
f 6062 5962 5960 5959
f 6065 6064 6066 6067
f 6065 6067 6068 5965
f 6065 5965 5963 5962
f 6068 6067 6069 6070
f 6068 6070 6071 5968
f 6068 5968 5966 5965
f 6071 6070 6072 6073
f 6071 6073 5975 5971
f 6071 5971 5969 5968
f 6073 6072 6074 6075
f 6073 6075 5976 5975
f 6075 6074 6076 6077
f 6075 6077 5978 5976
f 6077 6076 6078 6079
f 6077 6079 6080 5978
f 6080 6079 6081 6082
f 6080 6082 6083 5981
f 6080 5981 5979 5978
f 6083 6082 6084 6085
f 6083 6085 6086 6087
f 6083 6087 5982 5981
f 6087 6086 6088 6089
f 6087 6089 5983 5982
f 6089 6088 6090 6091
f 6089 6091 5985 5983
f 6091 6090 6092 6093
f 6091 6093 5987 5985
f 6093 6092 6094 6095
f 6093 6095 6096 5987
f 6096 6095 6097 6098
f 6096 6098 6099 5990
f 6096 5990 5988 5987
f 6099 6098 6100 6101
f 6099 6101 6102 6103
f 6099 6103 5991 5990
f 6103 6102 6104 6105
f 6103 6105 5992 5991
f 6105 6104 6106 6107
f 6105 6107 5994 5992
f 6107 6106 6002 6000
f 6107 6000 5998 5994
f 6106 6104 6108 6109
f 6106 6109 6004 6002
f 6109 6108 6110 6111
f 6109 6111 6006 6004
f 6111 6110 6112 208
f 6111 208 207 6006
f 6112 6110 6113 6114
f 6112 6114 6115 6116
f 6112 6116 209 208
f 6116 6115 6117 6118
f 6116 6118 210 209
f 6118 6117 6119 6120
f 6118 6120 6121 210
f 6121 6120 6122 6123
f 6121 6123 6124 6125
f 6121 6125 211 210
f 6125 6124 6126 6127
f 6125 6127 212 211
f 6127 6126 6128 6129
f 6127 6129 6130 212
f 6130 6131 213 212
f 6130 6129 6132 6133
f 6130 6133 6134 6131
f 6134 6135 6136 6131
f 6134 6133 6137 6138
f 6134 6138 6139 6135
f 6139 6140 6141 6135
f 6139 6138 6142 6143
f 6139 6143 6144 6140
f 6144 6024 6022 6140
f 6144 6143 6145 6146
f 6144 6146 6026 6024
f 6146 6145 6045 6147
f 6146 6147 6028 6026
f 6147 6045 6043 6042
f 6147 6042 6030 6028
f 6145 6143 6142 6048
f 6145 6048 6046 6045
f 6142 6138 6137 6051
f 6142 6051 6049 6048
f 6141 6020 6018 6148
f 6141 6148 6136 6135
f 6141 6140 6022 6020
f 6148 6018 6016 6149
f 6148 6149 214 6136
f 6149 6016 6014 6150
f 6149 6150 205 214
f 6150 6009 206 205
f 6150 6014 6010 6009
f 6137 6133 6132 6054
f 6137 6054 6052 6051
f 6136 214 213 6131
f 6132 6129 6128 6057
f 6132 6057 6055 6054
f 6128 6126 6151 6060
f 6128 6060 6058 6057
f 6151 6126 6124 6152
f 6151 6152 6153 6063
f 6151 6063 6061 6060
f 6153 6152 6154 6155
f 6153 6155 6156 6066
f 6153 6066 6064 6063
f 6156 6155 6157 6158
f 6156 6158 6159 6069
f 6156 6069 6067 6066
f 6159 6158 6160 6161
f 6159 6161 6074 6072
f 6159 6072 6070 6069
f 6161 6160 6162 6163
f 6161 6163 6076 6074
f 6163 6162 6164 6165
f 6163 6165 6078 6076
f 6165 6164 6166 6167
f 6165 6167 6168 6078
f 6168 6167 6169 6170
f 6168 6170 6171 6081
f 6168 6081 6079 6078
f 6171 6170 6172 6173
f 6171 6173 6174 6084
f 6171 6084 6082 6081
f 6174 6173 6175 6176
f 6174 6176 6177 6178
f 6174 6178 6085 6084
f 6178 6177 6179 6180
f 6178 6180 6086 6085
f 6180 6179 6181 6182
f 6180 6182 6088 6086
f 6182 6181 6183 6184
f 6182 6184 6090 6088
f 6184 6183 6185 6186
f 6184 6186 6092 6090
f 6186 6185 6187 6188
f 6186 6188 6094 6092
f 6188 6187 6189 6190
f 6188 6190 6191 6094
f 6191 6190 6192 6193
f 6191 6193 6194 6097
f 6191 6097 6095 6094
f 6194 6193 6195 6196
f 6194 6196 6197 6100
f 6194 6100 6098 6097
f 6197 6196 6198 6199
f 6197 6199 6200 6201
f 6197 6201 6101 6100
f 6201 6200 6113 6202
f 6201 6202 6102 6101
f 6202 6113 6110 6108
f 6202 6108 6104 6102
f 6200 6199 6203 6204
f 6200 6204 6114 6113
f 6204 6203 6205 6206
f 6204 6206 6115 6114
f 6206 6205 6207 6208
f 6206 6208 6117 6115
f 6208 6207 6209 6210
f 6208 6210 6119 6117
f 6210 6209 6211 6212
f 6210 6212 6213 6119
f 6213 6212 6214 6215
f 6213 6215 6216 6122
f 6213 6122 6120 6119
f 6216 6215 6217 6157
f 6216 6157 6155 6154
f 6216 6154 6123 6122
f 6217 6215 6214 6218
f 6217 6218 6162 6160
f 6217 6160 6158 6157
f 6218 6214 6219 6220
f 6218 6220 6164 6162
f 6220 6219 6221 6222
f 6220 6222 6166 6164
f 6222 6221 6223 6224
f 6222 6224 6225 6166
f 6225 6224 6226 6227
f 6225 6227 6228 6169
f 6225 6169 6167 6166
f 6228 6227 6229 6230
f 6228 6230 6231 6172
f 6228 6172 6170 6169
f 6231 6230 6232 6233
f 6231 6233 6234 6175
f 6231 6175 6173 6172
f 6234 6233 6235 6236
f 6234 6236 6237 6238
f 6234 6238 6176 6175
f 6238 6237 6239 6240
f 6238 6240 6177 6176
f 6240 6239 6241 6242
f 6240 6242 6179 6177
f 6242 6241 6243 6244
f 6242 6244 6181 6179
f 6244 6243 6245 6246
f 6244 6246 6183 6181
f 6246 6245 6247 6248
f 6246 6248 6185 6183
f 6248 6247 6249 6250
f 6248 6250 6187 6185
f 6250 6249 6251 6252
f 6250 6252 6189 6187
f 6252 6251 6253 6254
f 6252 6254 6255 6189
f 6255 6254 6256 6257
f 6255 6257 6258 6192
f 6255 6192 6190 6189
f 6258 6257 6259 6260
f 6258 6260 6261 6195
f 6258 6195 6193 6192
f 6261 6260 6262 6263
f 6261 6263 6264 6198
f 6261 6198 6196 6195
f 6264 6263 6265 6266
f 6264 6266 6205 6203
f 6264 6203 6199 6198
f 6266 6265 6267 6268
f 6266 6268 6207 6205
f 6268 6267 6269 6270
f 6268 6270 6209 6207
f 6270 6269 6271 6272
f 6270 6272 6211 6209
f 6272 6271 6223 6221
f 6272 6221 6219 6211
f 6271 6269 6273 6274
f 6271 6274 6275 6223
f 6275 6274 6276 6277
f 6275 6277 6278 6226
f 6275 6226 6224 6223
f 6278 6277 6279 6280
f 6278 6280 6281 6229
f 6278 6229 6227 6226
f 6281 6280 6282 6283
f 6281 6283 6284 6232
f 6281 6232 6230 6229
f 6284 6283 6285 6286
f 6284 6286 6287 6235
f 6284 6235 6233 6232
f 6287 6286 6288 6289
f 6287 6289 6290 6291
f 6287 6291 6236 6235
f 6291 6290 6292 6293
f 6291 6293 6237 6236
f 6293 6292 6294 6295
f 6293 6295 6239 6237
f 6295 6294 6296 6297
f 6295 6297 6241 6239
f 6297 6296 6298 6299
f 6297 6299 6243 6241
f 6299 6298 6300 6301
f 6299 6301 6245 6243
f 6301 6300 6302 6303
f 6301 6303 6247 6245
f 6303 6302 6304 6305
f 6303 6305 6249 6247
f 6305 6304 6306 6307
f 6305 6307 6251 6249
f 6307 6306 6308 6309
f 6307 6309 6253 6251
f 6309 6308 6310 6311
f 6309 6311 6312 6253
f 6312 6311 6313 6314
f 6312 6314 6315 6256
f 6312 6256 6254 6253
f 6315 6314 6316 6317
f 6315 6317 6318 6259
f 6315 6259 6257 6256
f 6318 6317 6319 6320
f 6318 6320 6321 6262
f 6318 6262 6260 6259
f 6321 6320 6322 6323
f 6321 6323 6267 6265
f 6321 6265 6263 6262
f 6323 6322 6324 6273
f 6323 6273 6269 6267
f 6324 6322 6325 6326
f 6324 6326 6327 6276
f 6324 6276 6274 6273
f 6327 6326 6328 6329
f 6327 6329 6330 6279
f 6327 6279 6277 6276
f 6330 6329 6331 6332
f 6330 6332 6333 6282
f 6330 6282 6280 6279
f 6333 6332 6334 6335
f 6333 6335 6336 6285
f 6333 6285 6283 6282
f 6336 6335 6337 6338
f 6336 6338 6339 6288
f 6336 6288 6286 6285
f 6339 6338 6340 6341
f 6339 6341 6342 6343
f 6339 6343 6289 6288
f 6343 6342 6344 6345
f 6343 6345 6290 6289
f 6345 6344 6346 6347
f 6345 6347 6292 6290
f 6347 6346 6348 6349
f 6347 6349 6294 6292
f 6349 6348 6350 6351
f 6349 6351 6296 6294
f 6351 6350 6352 6353
f 6351 6353 6298 6296
f 6353 6352 6354 6355
f 6353 6355 6300 6298
f 6355 6354 6356 6357
f 6355 6357 6302 6300
f 6357 6356 6358 6359
f 6357 6359 6304 6302
f 6359 6358 6360 6361
f 6359 6361 6306 6304
f 6361 6360 6362 6363
f 6361 6363 6308 6306
f 6363 6362 6364 6365
f 6363 6365 6310 6308
f 6365 6364 6366 6367
f 6365 6367 6368 6310
f 6368 6367 6369 6370
f 6368 6370 6371 6313
f 6368 6313 6311 6310
f 6371 6370 6372 6373
f 6371 6373 6374 6316
f 6371 6316 6314 6313
f 6374 6373 6375 6376
f 6374 6376 6325 6319
f 6374 6319 6317 6316
f 6376 6375 6377 6328
f 6376 6328 6326 6325
f 6377 6375 6378 6379
f 6377 6379 6380 6331
f 6377 6331 6329 6328
f 6380 6379 6381 6382
f 6380 6382 6383 6334
f 6380 6334 6332 6331
f 6383 6382 6384 6385
f 6383 6385 6386 6337
f 6383 6337 6335 6334
f 6386 6385 6387 6388
f 6386 6388 6389 6340
f 6386 6340 6338 6337
f 6389 6388 6390 6391
f 6389 6391 6392 6393
f 6389 6393 6341 6340
f 6393 6392 6394 6395
f 6393 6395 6342 6341
f 6395 6394 6396 6397
f 6395 6397 6344 6342
f 6397 6396 6398 6399
f 6397 6399 6346 6344
f 6399 6398 6400 6401
f 6399 6401 6348 6346
f 6401 6400 6402 6403
f 6401 6403 6350 6348
f 6403 6402 6404 6405
f 6403 6405 6352 6350
f 6405 6404 6406 6407
f 6405 6407 6354 6352
f 6407 6406 6408 6409
f 6407 6409 6356 6354
f 6409 6408 6410 6411
f 6409 6411 6358 6356
f 6411 6410 6412 6413
f 6411 6413 6360 6358
f 6413 6412 6414 6415
f 6413 6415 6362 6360
f 6415 6414 6416 6417
f 6415 6417 6364 6362
f 6417 6416 6418 6419
f 6417 6419 6366 6364
f 6419 6418 6420 6421
f 6419 6421 6422 6366
f 6422 6421 6423 6424
f 6422 6424 6425 6369
f 6422 6369 6367 6366
f 6425 6424 6426 6427
f 6425 6427 6378 6372
f 6425 6372 6370 6369
f 6427 6426 6428 6381
f 6427 6381 6379 6378
f 6428 6426 6429 6430
f 6428 6430 6431 6384
f 6428 6384 6382 6381
f 6431 6430 6432 6433
f 6431 6433 6434 6387
f 6431 6387 6385 6384
f 6434 6433 6435 6436
f 6434 6436 6437 6390
f 6434 6390 6388 6387
f 6437 6436 6438 6439
f 6437 6439 6440 6441
f 6437 6441 6391 6390
f 6441 6440 6442 6443
f 6441 6443 6392 6391
f 6443 6442 6444 6445
f 6443 6445 6394 6392
f 6445 6444 6446 6447
f 6445 6447 6396 6394
f 6447 6446 6448 6449
f 6447 6449 6398 6396
f 6449 6448 6450 6451
f 6449 6451 6400 6398
f 6451 6450 6452 6453
f 6451 6453 6402 6400
f 6453 6452 6454 6455
f 6453 6455 6404 6402
f 6455 6454 6456 6457
f 6455 6457 6406 6404
f 6457 6456 6458 6459
f 6457 6459 6408 6406
f 6459 6458 6460 6461
f 6459 6461 6410 6408
f 6461 6460 6462 6463
f 6461 6463 6412 6410
f 6463 6462 6464 6465
f 6463 6465 6414 6412
f 6465 6464 6466 6467
f 6465 6467 6416 6414
f 6467 6466 6468 6469
f 6467 6469 6418 6416
f 6469 6468 6470 6471
f 6469 6471 6420 6418
f 6471 6470 6472 6473
f 6471 6473 6474 6420
f 6474 6473 6475 6476
f 6474 6476 6429 6423
f 6474 6423 6421 6420
f 6476 6475 6477 6432
f 6476 6432 6430 6429
f 6477 6475 6478 6479
f 6477 6479 6480 6435
f 6477 6435 6433 6432
f 6480 6479 6481 6482
f 6480 6482 6483 6438
f 6480 6438 6436 6435
f 6483 6482 6484 6485
f 6483 6485 6486 6487
f 6483 6487 6439 6438
f 6487 6486 6488 6489
f 6487 6489 6440 6439
f 6489 6488 6490 6491
f 6489 6491 6442 6440
f 6491 6490 6492 6493
f 6491 6493 6444 6442
f 6493 6492 6494 6495
f 6493 6495 6446 6444
f 6495 6494 6496 6497
f 6495 6497 6448 6446
f 6497 6496 6498 6499
f 6497 6499 6450 6448
f 6499 6498 6500 6501
f 6499 6501 6452 6450
f 6501 6500 6502 6503
f 6501 6503 6454 6452
f 6503 6502 6504 6505
f 6503 6505 6456 6454
f 6505 6504 6506 6507
f 6505 6507 6458 6456
f 6507 6506 6508 6509
f 6507 6509 6460 6458
f 6509 6508 6510 6511
f 6509 6511 6462 6460
f 6511 6510 6512 6513
f 6511 6513 6464 6462
f 6513 6512 6514 6515
f 6513 6515 6466 6464
f 6515 6514 6516 6517
f 6515 6517 6468 6466
f 6517 6516 6518 6519
f 6517 6519 6470 6468
f 6519 6518 6520 6521
f 6519 6521 6472 6470
f 6521 6520 6522 6523
f 6521 6523 6478 6472
f 6523 6522 6524 6481
f 6523 6481 6479 6478
f 6524 6522 6525 6526
f 6524 6526 6527 6484
f 6524 6484 6482 6481
f 6527 6526 6528 6529
f 6527 6529 6530 6531
f 6527 6531 6485 6484
f 6531 6530 6532 6533
f 6531 6533 6486 6485
f 6533 6532 6534 6535
f 6533 6535 6488 6486
f 6535 6534 6536 6537
f 6535 6537 6490 6488
f 6537 6536 6538 6539
f 6537 6539 6492 6490
f 6539 6538 6540 6541
f 6539 6541 6494 6492
f 6541 6540 6542 6543
f 6541 6543 6496 6494
f 6543 6542 6544 6545
f 6543 6545 6498 6496
f 6545 6544 6546 6547
f 6545 6547 6500 6498
f 6547 6546 6548 6549
f 6547 6549 6502 6500
f 6549 6548 6550 6551
f 6549 6551 6504 6502
f 6551 6550 6552 6553
f 6551 6553 6506 6504
f 6553 6552 6554 6555
f 6553 6555 6508 6506
f 6555 6554 6556 6557
f 6555 6557 6510 6508
f 6557 6556 6558 6559
f 6557 6559 6512 6510
f 6559 6558 6560 6561
f 6559 6561 6514 6512
f 6561 6560 6562 6563
f 6561 6563 6516 6514
f 6563 6562 6564 6565
f 6563 6565 6518 6516
f 6565 6564 6566 6567
f 6565 6567 6520 6518
f 6567 6566 6568 6525
f 6567 6525 6522 6520
f 6568 6566 6569 6570
f 6568 6570 6571 6528
f 6568 6528 6526 6525
f 6571 6570 6572 6573
f 6571 6573 6574 6575
f 6571 6575 6529 6528
f 6575 6574 6576 6577
f 6575 6577 6530 6529
f 6577 6576 6578 6579
f 6577 6579 6532 6530
f 6579 6578 6580 6581
f 6579 6581 6534 6532
f 6581 6580 6582 6583
f 6581 6583 6536 6534
f 6583 6582 6584 6585
f 6583 6585 6538 6536
f 6585 6584 6586 6587
f 6585 6587 6540 6538
f 6587 6586 6588 6589
f 6587 6589 6542 6540
f 6589 6588 6590 6591
f 6589 6591 6544 6542
f 6591 6590 6592 6593
f 6591 6593 6546 6544
f 6593 6592 6594 6595
f 6593 6595 6548 6546
f 6595 6594 6596 6597
f 6595 6597 6550 6548
f 6597 6596 6598 6599
f 6597 6599 6552 6550
f 6599 6598 6600 6601
f 6599 6601 6554 6552
f 6601 6600 6602 6603
f 6601 6603 6556 6554
f 6603 6602 6604 6605
f 6603 6605 6558 6556
f 6605 6604 6606 6607
f 6605 6607 6560 6558
f 6607 6606 6608 6609
f 6607 6609 6562 6560
f 6609 6608 6610 6611
f 6609 6611 6564 6562
f 6611 6610 6612 6569
f 6611 6569 6566 6564
f 6612 6610 6613 6614
f 6612 6614 6615 6572
f 6612 6572 6570 6569
f 6615 6614 6616 6617
f 6615 6617 6618 6619
f 6615 6619 6573 6572
f 6619 6618 6620 6621
f 6619 6621 6574 6573
f 6621 6620 6622 6623
f 6621 6623 6576 6574
f 6623 6622 6624 6625
f 6623 6625 6578 6576
f 6625 6624 6626 6627
f 6625 6627 6580 6578
f 6627 6626 6628 6629
f 6627 6629 6582 6580
f 6629 6628 6630 6631
f 6629 6631 6584 6582
f 6631 6630 6632 6633
f 6631 6633 6586 6584
f 6633 6632 6634 6635
f 6633 6635 6588 6586
f 6635 6634 6636 6637
f 6635 6637 6590 6588
f 6637 6636 6638 6639
f 6637 6639 6592 6590
f 6639 6638 6640 6641
f 6639 6641 6594 6592
f 6641 6640 6642 6643
f 6641 6643 6596 6594
f 6643 6642 6644 6645
f 6643 6645 6598 6596
f 6645 6644 6646 6647
f 6645 6647 6600 6598
f 6647 6646 6648 6649
f 6647 6649 6602 6600
f 6649 6648 6650 6651
f 6649 6651 6604 6602
f 6651 6650 6652 6653
f 6651 6653 6606 6604
f 6653 6652 6654 6655
f 6653 6655 6608 6606
f 6655 6654 6656 6613
f 6655 6613 6610 6608
f 6656 6654 6657 6658
f 6656 6658 6659 6616
f 6656 6616 6614 6613
f 6659 6658 6660 6661
f 6659 6661 6662 6663
f 6659 6663 6617 6616
f 6663 6662 6664 6665
f 6663 6665 6618 6617
f 6665 6664 6666 6667
f 6665 6667 6620 6618
f 6667 6666 6668 6669
f 6667 6669 6622 6620
f 6669 6668 6670 6671
f 6669 6671 6624 6622
f 6671 6670 6672 6673
f 6671 6673 6626 6624
f 6673 6672 6674 6675
f 6673 6675 6628 6626
f 6675 6674 6676 6677
f 6675 6677 6630 6628
f 6677 6676 6678 6679
f 6677 6679 6632 6630
f 6679 6678 6680 6681
f 6679 6681 6634 6632
f 6681 6680 6682 6683
f 6681 6683 6636 6634
f 6683 6682 6684 6685
f 6683 6685 6638 6636
f 6685 6684 6686 6687
f 6685 6687 6640 6638
f 6687 6686 6688 6689
f 6687 6689 6642 6640
f 6689 6688 6690 6691
f 6689 6691 6644 6642
f 6691 6690 6692 6693
f 6691 6693 6646 6644
f 6693 6692 6694 6695
f 6693 6695 6648 6646
f 6695 6694 6696 6697
f 6695 6697 6650 6648
f 6697 6696 6698 6699
f 6697 6699 6652 6650
f 6699 6698 6700 6657
f 6699 6657 6654 6652
f 6700 6698 6701 6702
f 6700 6702 6703 6660
f 6700 6660 6658 6657
f 6703 6702 6704 6705
f 6703 6705 6706 6707
f 6703 6707 6661 6660
f 6707 6706 6708 6709
f 6707 6709 6662 6661
f 6709 6708 6710 6711
f 6709 6711 6664 6662
f 6711 6710 6712 6713
f 6711 6713 6666 6664
f 6713 6712 6714 6715
f 6713 6715 6668 6666
f 6715 6714 6716 6717
f 6715 6717 6670 6668
f 6717 6716 6718 6719
f 6717 6719 6672 6670
f 6719 6718 6720 6721
f 6719 6721 6674 6672
f 6721 6720 6722 6723
f 6721 6723 6676 6674
f 6723 6722 6724 6725
f 6723 6725 6678 6676
f 6725 6724 6726 6727
f 6725 6727 6680 6678
f 6727 6726 6728 6729
f 6727 6729 6682 6680
f 6729 6728 6730 6731
f 6729 6731 6684 6682
f 6731 6730 6732 6733
f 6731 6733 6686 6684
f 6733 6732 6734 6735
f 6733 6735 6688 6686
f 6735 6734 6736 6737
f 6735 6737 6690 6688
f 6737 6736 6738 6739
f 6737 6739 6692 6690
f 6739 6738 6740 6741
f 6739 6741 6694 6692
f 6741 6740 6742 6743
f 6741 6743 6696 6694
f 6743 6742 6744 6701
f 6743 6701 6698 6696
f 6744 6742 6745 6746
f 6744 6746 6747 6704
f 6744 6704 6702 6701
f 6747 6746 6748 6749
f 6747 6749 6750 6751
f 6747 6751 6705 6704
f 6751 6750 6752 6753
f 6751 6753 6706 6705
f 6753 6752 6754 6755
f 6753 6755 6708 6706
f 6755 6754 6756 6757
f 6755 6757 6710 6708
f 6757 6756 6758 6759
f 6757 6759 6712 6710
f 6759 6758 6760 6761
f 6759 6761 6714 6712
f 6761 6760 6762 6763
f 6761 6763 6716 6714
f 6763 6762 6764 6765
f 6763 6765 6718 6716
f 6765 6764 6766 6767
f 6765 6767 6720 6718
f 6767 6766 6768 6769
f 6767 6769 6722 6720
f 6769 6768 6770 6771
f 6769 6771 6724 6722
f 6771 6770 6772 6773
f 6771 6773 6726 6724
f 6773 6772 6774 6775
f 6773 6775 6728 6726
f 6775 6774 6776 6777
f 6775 6777 6730 6728
f 6777 6776 6778 6779
f 6777 6779 6732 6730
f 6779 6778 6780 6781
f 6779 6781 6734 6732
f 6781 6780 6782 6783
f 6781 6783 6736 6734
f 6783 6782 6784 6785
f 6783 6785 6738 6736
f 6785 6784 6786 6787
f 6785 6787 6740 6738
f 6787 6786 6788 6745
f 6787 6745 6742 6740
f 6788 6786 6789 6790
f 6788 6790 6791 6748
f 6788 6748 6746 6745
f 6791 6790 6792 6793
f 6791 6793 6794 6795
f 6791 6795 6749 6748
f 6795 6794 6796 6797
f 6795 6797 6750 6749
f 6797 6796 6798 6799
f 6797 6799 6752 6750
f 6799 6798 6800 6801
f 6799 6801 6754 6752
f 6801 6800 6802 6803
f 6801 6803 6756 6754
f 6803 6802 6804 6805
f 6803 6805 6758 6756
f 6805 6804 6806 6807
f 6805 6807 6760 6758
f 6807 6806 6808 6809
f 6807 6809 6762 6760
f 6809 6808 6810 6811
f 6809 6811 6764 6762
f 6811 6810 6812 6813
f 6811 6813 6766 6764
f 6813 6812 6814 6815
f 6813 6815 6768 6766
f 6815 6814 6816 6817
f 6815 6817 6770 6768
f 6817 6816 6818 6819
f 6817 6819 6772 6770
f 6819 6818 6820 6821
f 6819 6821 6774 6772
f 6821 6820 6822 6823
f 6821 6823 6776 6774
f 6823 6822 6824 6825
f 6823 6825 6778 6776
f 6825 6824 6826 6827
f 6825 6827 6780 6778
f 6827 6826 6828 6829
f 6827 6829 6782 6780
f 6829 6828 6830 6831
f 6829 6831 6784 6782
f 6831 6830 6832 6789
f 6831 6789 6786 6784
f 6832 6830 6833 6834
f 6832 6834 6835 6792
f 6832 6792 6790 6789
f 6835 6834 6836 6837
f 6835 6837 6838 6839
f 6835 6839 6793 6792
f 6839 6838 6840 6841
f 6839 6841 6794 6793
f 6841 6840 6842 6843
f 6841 6843 6796 6794
f 6843 6842 6844 6845
f 6843 6845 6798 6796
f 6845 6844 6846 6847
f 6845 6847 6800 6798
f 6847 6846 6848 6849
f 6847 6849 6802 6800
f 6849 6848 6850 6851
f 6849 6851 6804 6802
f 6851 6850 6852 6853
f 6851 6853 6806 6804
f 6853 6852 6854 6855
f 6853 6855 6808 6806
f 6855 6854 6856 6857
f 6855 6857 6810 6808
f 6857 6856 6858 6859
f 6857 6859 6812 6810
f 6859 6858 6860 6861
f 6859 6861 6814 6812
f 6861 6860 6862 6863
f 6861 6863 6816 6814
f 6863 6862 6864 6865
f 6863 6865 6818 6816
f 6865 6864 6866 6867
f 6865 6867 6820 6818
f 6867 6866 6868 6869
f 6867 6869 6822 6820
f 6869 6868 6870 6871
f 6869 6871 6824 6822
f 6871 6870 6872 6873
f 6871 6873 6826 6824
f 6873 6872 6874 6875
f 6873 6875 6828 6826
f 6875 6874 6876 6833
f 6875 6833 6830 6828
f 6876 6874 6877 6878
f 6876 6878 6879 6836
f 6876 6836 6834 6833
f 6879 6878 6880 169
f 6879 169 168 6881
f 6879 6881 6837 6836
f 6881 168 170 6882
f 6881 6882 6838 6837
f 6882 170 6883 6884
f 6882 6884 6840 6838
f 6884 6883 6885 6886
f 6884 6886 6842 6840
f 6886 6885 6887 6888
f 6886 6888 6844 6842
f 6888 6887 6889 6890
f 6888 6890 6846 6844
f 6890 6889 6891 6892
f 6890 6892 6848 6846
f 6892 6891 6893 6894
f 6892 6894 6850 6848
f 6894 6893 221 225
f 6894 225 6852 6850
f 6893 6891 6895 6896
f 6893 6896 222 221
f 6896 6895 6897 6898
f 6896 6898 6899 222
f 6899 6898 6900 6901
f 6899 6901 6902 6903
f 6899 6903 223 222
f 6903 6902 6904 6905
f 6903 6905 226 223
f 6905 6904 6860 6858
f 6905 6858 6856 226
f 6904 6902 6906 6907
f 6904 6907 6862 6860
f 6907 6906 6908 6909
f 6907 6909 6864 6862
f 6909 6908 6910 6911
f 6909 6911 6866 6864
f 6911 6910 6912 6913
f 6911 6913 6868 6866
f 6913 6912 6914 6915
f 6913 6915 6870 6868
f 6915 6914 6916 6917
f 6915 6917 6872 6870
f 6917 6916 6918 6877
f 6917 6877 6874 6872
f 6918 6916 228 6919
f 6918 6919 6920 6880
f 6918 6880 6878 6877
f 6920 6919 6921 6922
f 6920 6922 166 165
f 6920 165 169 6880
f 6922 6921 6923 6924
f 6922 6924 6925 166
f 6925 6924 6926 6927
f 6925 6927 6928 6929
f 6925 6929 167 166
f 6929 6928 6885 6883
f 6929 6883 170 167
f 6928 6927 6930 6931
f 6928 6931 6887 6885
f 6931 6930 6932 6933
f 6931 6933 6889 6887
f 6933 6932 6897 6895
f 6933 6895 6891 6889
f 6932 6930 219 218
f 6932 218 220 6897
f 6930 6927 6926 219
f 6926 6924 6923 6934
f 6926 6934 215 219
f 6934 6923 232 6935
f 6934 6935 216 215
f 6935 232 231 6936
f 6935 6936 6937 216
f 6937 6938 217 216
f 6937 6936 6939 6940
f 6937 6940 6941 6938
f 6941 6901 6900 6938
f 6941 6940 6908 6906
f 6941 6906 6902 6901
f 6940 6939 6910 6908
f 6939 6936 231 230
f 6939 230 6912 6910
f 6938 6900 220 217
f 6923 6921 227 232
f 6921 6919 228 227
f 6916 6914 229 228
f 6914 6912 230 229
f 6900 6898 6897 220
f 6856 6854 224 226
f 6854 6852 225 224
f 6478 6475 6473 6472
f 6429 6426 6424 6423
f 6378 6375 6373 6372
f 6325 6322 6320 6319
f 6219 6214 6212 6211
f 6154 6152 6124 6123
f 6042 6040 6032 6030
f 6007 6006 207 206
f 1121 1117 1116 56
f 1050 237 236 1045
f 1041 1040 236 235
f 1026 93 90 1021
f 970 968 188 191
f 968 966 189 188
f 834 6942 822 829
f 6942 817 816 822
f 824 823 157 156
f 823 819 818 6943
f 823 6943 6944 157
f 6944 6943 6945 6946
f 6944 6946 84 83
f 6944 83 82 157
f 6946 6945 6947 6948
f 6946 6948 6949 84
f 6949 6948 6950 6951
f 6949 6951 6952 6953
f 6949 6953 78 84
f 6953 6952 6954 6955
f 6953 6955 79 78
f 6955 6954 6956 6957
f 6955 6957 68 79
f 6957 6956 6958 6959
f 6957 6959 65 68
f 6959 6958 752 6960
f 6959 6960 66 65
f 6960 752 750 669
f 6960 669 667 66
f 6958 6956 6961 755
f 6958 755 753 752
f 6961 6956 6954 6962
f 6961 6962 6963 6964
f 6961 6964 756 755
f 6964 6963 6965 6966
f 6964 6966 757 756
f 6966 6965 6967 6968
f 6966 6968 759 757
f 6968 6967 6969 6970
f 6968 6970 761 759
f 6970 6969 6971 6972
f 6970 6972 763 761
f 6972 6971 6973 6974
f 6972 6974 765 763
f 6974 6973 774 772
f 6974 772 767 765
f 6973 6971 6975 6976
f 6973 6976 776 774
f 6976 6975 6977 6978
f 6976 6978 6979 776
f 6979 6978 6980 6981
f 6979 6981 6982 779
f 6979 779 777 776
f 6982 6981 6983 321
f 6982 321 320 6984
f 6982 6984 780 779
f 6984 320 325 785
f 6984 785 781 780
f 6983 6985 6986 6987
f 6983 6987 322 321
f 6983 6981 6980 6985
f 6987 6986 792 790
f 6987 790 323 322
f 6986 6988 794 792
f 6986 6985 6989 6988
f 6989 6990 6991 6988
f 6989 6985 6980 6992
f 6989 6992 6993 6990
f 6993 6994 6995 6990
f 6993 6992 6977 6996
f 6993 6996 6997 6994
f 6997 6998 6999 6994
f 6997 6996 7000 7001
f 6997 7001 7002 6998
f 7002 7003 7004 6998
f 7002 7001 6967 6965
f 7002 6965 6963 7003
f 7004 7005 7006 7007
f 7004 7007 6999 6998
f 7004 7003 7008 7005
f 7008 6952 6951 7005
f 7008 7003 6963 6962
f 7008 6962 6954 6952
f 7007 7006 7009 7010
f 7007 7010 7011 6999
f 7011 7010 7012 7013
f 7011 7013 7014 6995
f 7011 6995 6994 6999
f 7014 7013 800 798
f 7014 798 796 6991
f 7014 6991 6990 6995
f 7013 7012 802 800
f 7012 7015 804 802
f 7012 7010 7009 7015
f 7015 7016 806 804
f 7015 7009 7017 7016
f 7017 6947 7018 7016
f 7017 7009 7006 6950
f 7017 6950 6948 6947
f 7018 7019 810 808
f 7018 808 806 7016
f 7018 6947 6945 7019
f 7019 818 812 810
f 7019 6945 6943 818
f 7006 7005 6951 6950
f 7001 7000 6969 6967
f 7000 6996 6977 6975
f 7000 6975 6971 6969
f 6992 6980 6978 6977
f 6991 796 794 6988
f 750 672 670 669
f 748 678 674 673
f 722 721 700 698
f 721 717 707 705
f 721 705 702 700
f 716 330 75 713
f 667 665 62 66
f 665 663 63 62
f 372 363 359 358
f 362 342 341 357
f 319 316 69 64
f 137 130 48 47
f 87 80 67 71
f 80 79 68 67
f 7020 7021 7022 7023
f 7020 7023 7024 7025
f 7020 7025 7026 7021
f 7026 7025 7027 7028
f 7028 7027 7029 7030
f 7030 7029 7031 7032
f 7032 7031 7033 7034
f 7033 7031 7035 7036
f 7036 7035 7037 7038
f 7037 7035 7039 7040
f 7040 7039 7041 7042
f 7042 7041 7024 7043
f 7043 7024 7023 7044
f 7044 7023 7022 7045
f 7041 7039 7029 7027
f 7041 7027 7025 7024
f 7039 7035 7031 7029
f 7047 7049 7050 7051
f 7048 7051 7050 7052
f 7052 7050 7053 7054
f 7054 7053 7055 7056
f 7056 7055 7057 7058
f 7058 7057 7059 7060
f 7060 7059 7061 7062
f 7062 7061 7063 7064
f 7061 7059 7065 7066
f 7061 7066 7067 7063
f 7065 7059 7057 7068
f 7068 7057 7055 7069
f 7069 7055 7053 7070
f 7070 7053 7050 7049
f 7063 7067 7046 7064
f 7071 7114 7113 7112
f 7071 7112 7116 7115
f 7071 7119 7118 7117
f 7071 7115 7120 7119
f 7071 7117 7121 7114
f 7072 7124 7123 7122
f 7072 7127 7126 7125
f 7072 7129 7128 7127
f 7072 7125 7130 7124
f 7072 7122 7131 7129
f 7073 7134 7133 7132
f 7073 7132 7136 7135
f 7073 7135 7138 7137
f 7073 7140 7139 7134
f 7073 7137 7141 7140
f 7074 7142 73 72
f 7074 7144 7143 7142
f 7074 72 77 7144
f 7075 7147 7146 7145
f 7075 7150 7149 7148
f 7075 7145 7151 7150
f 7075 7148 7153 7152
f 7075 7152 7154 7147
f 7076 7157 7156 7155
f 7076 7155 92 91
f 7076 7159 7158 7157
f 7076 91 96 7160
f 7076 7160 7161 7159
f 7077 7164 7163 7162
f 7077 7167 7166 7165
f 7077 7162 7168 7167
f 7077 7170 7169 7164
f 7077 7165 7171 7170
f 7078 7174 7173 7172
f 7078 7177 7176 7175
f 7078 7172 7179 7178
f 7078 7178 7180 7177
f 7078 7175 7181 7174
f 7079 7184 7183 7182
f 7079 7182 7186 7185
f 7079 7185 7188 7187
f 7079 7190 7189 7184
f 7079 7187 7191 7190
f 7080 7194 7193 7192
f 7080 7197 7196 7195
f 7080 7199 7198 7197
f 7080 7192 7200 7199
f 7080 7195 7201 7194
f 7081 7204 7203 7202
f 7081 7202 7206 7205
f 7081 7205 7207 7204
f 7082 7210 7209 7208
f 7082 7208 7212 7211
f 7082 7213 150 149
f 7082 149 152 7210
f 7082 7211 7214 7213
f 7083 7215 7169 7170
f 7083 7170 7171 7216
f 7083 7216 7148 7149
f 7083 7149 7218 7217
f 7083 7217 7219 7215
f 7084 7222 7221 7220
f 7084 7224 7223 7222
f 7084 7220 7225 7224
f 7085 7228 7227 7226
f 7085 7226 7230 7229
f 7085 7229 7231 7228
f 7086 7234 7233 7232
f 7086 7232 175 174
f 7086 174 176 7234
f 7087 179 178 7235
f 7087 7236 180 179
f 7087 7235 7237 7236
f 7088 7240 7239 7238
f 7088 7242 7241 7240
f 7088 7238 7244 7243
f 7088 7243 7246 7245
f 7088 7245 7247 7242
f 7089 7250 7249 7248
f 7089 7252 7251 7250
f 7089 7248 7253 7252
f 7090 7256 7255 7254
f 7090 7258 7257 7256
f 7090 7254 7259 7258
f 7091 7262 7261 7260
f 7091 7264 7263 7262
f 7091 7266 7265 7264
f 7091 7268 7267 7266
f 7091 7260 7269 7268
f 7092 7272 7271 7270
f 7092 7270 7274 7273
f 7092 7273 7275 7272
f 7093 7278 7277 7276
f 7093 7276 7280 7279
f 7093 7279 7281 7278
f 7094 7284 7283 7282
f 7094 7286 7285 7284
f 7094 7282 7287 7286
f 7095 7290 7289 7288
f 7095 7292 7291 7290
f 7095 7294 7293 7292
f 7096 7297 7296 7295
f 7096 7295 7299 7298
f 7096 7298 7300 7297
f 7097 7303 7302 7301
f 7097 7306 7305 7304
f 7097 7301 7307 7306
f 7098 7310 7309 7308
f 7098 7312 7311 7310
f 7098 7315 7314 7313
f 7098 7313 7316 7312
f 7099 7319 7318 7317
f 7099 7317 7321 7320
f 7099 7320 7323 7322
f 7099 7325 7324 7319
f 7099 7322 7326 7325
f 7100 7329 7328 7327
f 7100 7327 7331 7330
f 7100 7334 7333 7332
f 7100 7332 7335 7329
f 7101 7338 7337 7336
f 7101 7340 7339 7338
f 7101 7336 7341 7340
f 7102 7344 7343 7342
f 7102 7211 7212 7344
f 7102 7342 7214 7211
f 7103 7347 7346 7345
f 7103 7349 7348 7347
f 7103 7345 7350 7349
f 7104 7353 7352 7351
f 7104 7351 7355 7354
f 7104 7354 7356 7353
f 7105 7359 7358 7357
f 7105 7361 7360 7359
f 7105 7357 7362 7361
f 7106 7365 7364 7363
f 7106 7367 7366 7365
f 7106 7363 7368 7367
f 7107 7371 7370 7369
f 7107 7369 7373 7372
f 7107 7372 7374 7371
f 7108 7377 7376 7375
f 7108 7379 7378 7377
f 7108 7375 7380 7379
f 7109 7383 7382 7381
f 7109 7144 77 329
f 7109 7384 7143 7144
f 7109 7381 7385 7384
f 7109 329 332 7383
f 7110 7388 7387 7386
f 7110 7386 7390 7389
f 7110 7389 7391 7388
f 7111 7394 7393 7392
f 7111 7396 7395 7394
f 7111 7392 7397 7396
f 7397 7399 7398 7396
f 7397 7401 7400 7399
f 7397 7392 7402 7401
f 7402 7404 7403 7401
f 7402 7406 7405 7404
f 7402 7392 7393 7406
f 7406 7408 7407 7405
f 7406 7393 7409 7408
f 7409 7393 7394 7410
f 7409 7412 7411 7408
f 7409 7410 7413 7412
f 7413 7410 7415 7414
f 7413 7417 7416 7412
f 7413 7414 7418 7417
f 7418 7419 367 366
f 7418 7414 7420 7419
f 7418 366 370 7417
f 370 371 7416 7417
f 371 373 7421 7416
f 373 375 7422 7421
f 375 377 7423 7422
f 377 379 7424 7423
f 379 381 7425 7424
f 381 383 7426 7425
f 383 385 7427 7426
f 385 387 7428 7427
f 387 389 7429 7428
f 389 391 7430 7429
f 391 393 7431 7430
f 393 395 7432 7431
f 395 397 7433 7432
f 397 399 7434 7433
f 399 401 7435 7434
f 401 403 7436 7435
f 403 405 7437 7436
f 405 407 7438 7437
f 407 409 7439 7438
f 409 411 7440 7439
f 411 413 7441 7440
f 413 415 7442 7441
f 415 417 7443 7442
f 417 419 7444 7443
f 419 421 7445 7444
f 421 423 7446 7445
f 423 425 7447 7446
f 425 427 7448 7447
f 427 429 7449 7448
f 429 431 7450 7449
f 431 433 7451 7450
f 433 435 7452 7451
f 435 437 7453 7452
f 437 439 7454 7453
f 439 441 7455 7454
f 441 443 7456 7455
f 443 445 7457 7456
f 445 447 7458 7457
f 447 449 7459 7458
f 449 451 7460 7459
f 451 453 7461 7460
f 453 455 7462 7461
f 455 457 7463 7462
f 457 459 7464 7463
f 459 461 7465 7464
f 461 463 7466 7465
f 463 465 7467 7466
f 465 467 7468 7467
f 467 469 7469 7468
f 469 471 7470 7469
f 471 473 7471 7470
f 473 475 7472 7471
f 475 477 7473 7472
f 477 479 7474 7473
f 479 481 7475 7474
f 481 483 7476 7475
f 483 485 7477 7476
f 485 487 7478 7477
f 487 489 7479 7478
f 489 491 7480 7479
f 491 493 7481 7480
f 493 495 7482 7481
f 495 497 7483 7482
f 497 499 7484 7483
f 499 501 7485 7484
f 501 503 7486 7485
f 503 505 7487 7486
f 505 507 7488 7487
f 507 509 7489 7488
f 509 511 7490 7489
f 511 513 7491 7490
f 513 515 7492 7491
f 515 517 7493 7492
f 517 519 7494 7493
f 519 521 7495 7494
f 521 523 7496 7495
f 523 525 7497 7496
f 525 527 7498 7497
f 527 529 7499 7498
f 529 531 7500 7499
f 531 533 7501 7500
f 533 535 7502 7501
f 535 537 7503 7502
f 537 539 7504 7503
f 539 541 7505 7504
f 541 543 7506 7505
f 543 545 7507 7506
f 545 547 7508 7507
f 547 549 7509 7508
f 549 551 7510 7509
f 551 553 7511 7510
f 553 555 7512 7511
f 555 557 7513 7512
f 557 559 7514 7513
f 559 561 7515 7514
f 561 563 7516 7515
f 563 565 7517 7516
f 565 567 7518 7517
f 567 569 7519 7518
f 569 571 7520 7519
f 571 573 7521 7520
f 573 575 7522 7521
f 575 577 7523 7522
f 577 579 7524 7523
f 579 581 7525 7524
f 581 583 7526 7525
f 583 585 7527 7526
f 585 587 7528 7527
f 587 589 7529 7528
f 589 591 7530 7529
f 591 593 7531 7530
f 593 595 7532 7531
f 595 597 7533 7532
f 597 599 7534 7533
f 599 601 7535 7534
f 601 603 7536 7535
f 603 605 7537 7536
f 605 607 7538 7537
f 607 609 7539 7538
f 609 611 7540 7539
f 611 613 7541 7540
f 613 615 7542 7541
f 615 617 7543 7542
f 617 619 7544 7543
f 619 621 7545 7544
f 621 623 7546 7545
f 623 625 7547 7546
f 625 626 7186 7547
f 626 627 7185 7186
f 627 628 7188 7185
f 628 630 7548 7188
f 630 632 7549 7548
f 632 634 7550 7549
f 634 636 7551 7550
f 636 637 7173 7551
f 637 638 7172 7173
f 638 639 7179 7172
f 639 641 7552 7179
f 641 643 7553 7552
f 643 645 7554 7553
f 645 647 7555 7554
f 647 649 7556 7555
f 649 150 7213 7556
f 7556 7558 7557 7555
f 7556 7213 7214 7558
f 7558 7560 7559 7557
f 7558 7214 7342 7560
f 7560 7562 7561 7559
f 7560 7342 7343 7562
f 7562 7564 7563 7561
f 7562 7343 7565 7564
f 7565 7567 7566 7564
f 7565 7569 7568 7567
f 7565 7343 7344 7569
f 7569 7571 7570 7568
f 7569 7344 7212 7571
f 7571 7573 7572 7570
f 7571 7212 7208 7573
f 7573 7575 7574 7572
f 7573 7208 7209 7575
f 7575 7577 7576 7574
f 7575 7209 7578 7577
f 7578 7580 7579 7577
f 7578 7582 7581 7580
f 7578 7209 7210 7582
f 7582 677 676 7581
f 7582 7210 152 677
f 676 679 7583 7581
f 679 681 7584 7583
f 681 683 7585 7584
f 683 685 7586 7585
f 685 687 7587 7586
f 687 689 7588 7587
f 689 691 7589 7588
f 691 693 7590 7589
f 693 695 7591 7590
f 695 697 7592 7591
f 697 699 7593 7592
f 699 701 7594 7593
f 701 703 7595 7594
f 704 706 7596 7595
f 706 708 7597 7596
f 708 710 7598 7597
f 710 712 7599 7598
f 712 73 7142 7599
f 7599 7142 7143 7600
f 7599 7600 7601 7598
f 7601 7600 7603 7602
f 7601 7604 7597 7598
f 7601 7602 7605 7604
f 7605 7602 7607 7606
f 7605 7609 7608 7604
f 7605 7606 7610 7609
f 7610 7606 7612 7611
f 7610 7592 7593 7609
f 7610 7611 7591 7592
f 7612 7615 7614 7613
f 7612 7606 7607 7615
f 7612 7613 7616 7611
f 7616 7613 7618 7617
f 7616 7590 7591 7611
f 7616 7617 7589 7590
f 7618 7621 7620 7619
f 7618 7613 7614 7621
f 7618 7619 7622 7617
f 7622 7619 7624 7623
f 7622 7588 7589 7617
f 7622 7623 7587 7588
f 7624 7627 7626 7625
f 7624 7619 7620 7627
f 7624 7625 7628 7623
f 7628 7625 7630 7629
f 7628 7586 7587 7623
f 7628 7629 7585 7586
f 7630 7633 7632 7631
f 7630 7625 7626 7633
f 7630 7631 7634 7629
f 7634 7631 7636 7635
f 7634 7584 7585 7629
f 7634 7635 7583 7584
f 7636 7638 7637 7579
f 7636 7631 7632 7638
f 7636 7579 7580 7635
f 7638 7640 7639 7637
f 7638 7632 7641 7640
f 7641 7643 7642 7640
f 7641 7645 7644 7643
f 7641 7632 7633 7645
f 7645 7647 7646 7644
f 7645 7633 7626 7647
f 7647 7649 7648 7646
f 7647 7626 7627 7649
f 7649 7651 7650 7648
f 7649 7627 7620 7651
f 7651 7653 7652 7650
f 7651 7620 7621 7653
f 7653 7655 7654 7652
f 7653 7621 7614 7655
f 7655 7657 7656 7654
f 7655 7614 7615 7657
f 7657 7658 7385 7656
f 7657 7615 7607 7658
f 7658 7603 7384 7385
f 7658 7607 7602 7603
f 7656 7660 7659 7654
f 7656 7385 7381 7660
f 7660 7662 7661 7659
f 7660 7381 7382 7662
f 7662 7664 7663 7661
f 7662 7382 7665 7664
f 7665 7667 7666 7664
f 7665 7669 7668 7667
f 7665 7382 7383 7669
f 7669 784 783 7668
f 7669 7383 332 784
f 783 786 7670 7668
f 786 787 7380 7670
f 787 788 7379 7380
f 788 789 7378 7379
f 789 791 7671 7378
f 791 793 7672 7671
f 793 795 7673 7672
f 795 797 7674 7673
f 797 799 7675 7674
f 799 801 7676 7675
f 801 803 7677 7676
f 803 805 7678 7677
f 805 807 7679 7678
f 807 809 7680 7679
f 809 811 7681 7680
f 811 813 7682 7681
f 813 815 7683 7682
f 7683 815 817 7684
f 7683 7686 7685 7682
f 7683 7684 7687 7686
f 7687 7684 7689 7688
f 7687 7691 7690 7686
f 7687 7688 7692 7691
f 7692 7219 7217 7691
f 7692 7694 7693 7219
f 7692 7688 7695 7694
f 7695 7688 7689 7696
f 7695 7698 7697 7694
f 7695 7696 7699 7698
f 7699 7696 834 833
f 7699 7701 7700 7698
f 7699 833 837 7701
f 837 839 7702 7701
f 839 841 7703 7702
f 841 843 7704 7703
f 843 845 7705 7704
f 845 175 7232 7705
f 7705 7707 7706 7704
f 7705 7232 7233 7707
f 7707 7709 7708 7706
f 7707 7233 7710 7709
f 7710 7712 7711 7709
f 7710 7714 7713 7712
f 7710 7233 7234 7714
f 7714 856 855 7713
f 7714 7234 176 856
f 855 858 7715 7713
f 858 860 7716 7715
f 860 862 7717 7716
f 862 864 7718 7717
f 864 866 7719 7718
f 866 868 7720 7719
f 868 870 7721 7720
f 870 180 7236 7721
f 7721 7723 7722 7720
f 7721 7236 7237 7723
f 7723 7725 7724 7722
f 7723 7237 7726 7725
f 7726 7728 7727 7725
f 7726 7730 7729 7728
f 7726 7237 7235 7730
f 7730 881 880 7729
f 7730 7235 178 881
f 880 883 7731 7729
f 883 885 7732 7731
f 885 887 7733 7732
f 887 889 7734 7733
f 889 891 7735 7734
f 891 893 7736 7735
f 893 895 7737 7736
f 895 897 7738 7737
f 897 899 7739 7738
f 899 901 7740 7739
f 901 903 7741 7740
f 903 905 7742 7741
f 905 907 7743 7742
f 907 909 7744 7743
f 909 911 7745 7744
f 911 913 7746 7745
f 913 915 7747 7746
f 915 917 7748 7747
f 917 919 7749 7748
f 919 921 7750 7749
f 921 923 7751 7750
f 923 925 7752 7751
f 925 927 7753 7752
f 927 929 7754 7753
f 929 931 7755 7754
f 931 933 7756 7755
f 933 935 7757 7756
f 935 937 7758 7757
f 937 939 7759 7758
f 939 941 7760 7759
f 941 943 7761 7760
f 943 945 7762 7761
f 945 947 7763 7762
f 947 949 7764 7763
f 949 951 7765 7764
f 951 953 7766 7765
f 953 955 7767 7766
f 955 957 7768 7767
f 957 959 7769 7768
f 959 961 7770 7769
f 961 963 7771 7770
f 963 965 7772 7771
f 965 967 7773 7772
f 967 969 7774 7773
f 969 971 7775 7774
f 971 973 7776 7775
f 973 975 7777 7776
f 975 977 7778 7777
f 977 979 7779 7778
f 979 981 7780 7779
f 981 983 7781 7780
f 983 985 7782 7781
f 985 987 7783 7782
f 987 989 7784 7783
f 989 991 7785 7784
f 991 993 7786 7785
f 993 995 7787 7786
f 995 997 7788 7787
f 997 999 7789 7788
f 999 1001 7790 7789
f 1001 1003 7791 7790
f 1003 1005 7792 7791
f 1005 1007 7793 7792
f 1007 1009 7794 7793
f 1009 1011 7795 7794
f 1011 1013 7796 7795
f 1013 1015 7797 7796
f 1015 92 7155 7797
f 7797 7799 7798 7796
f 7797 7155 7156 7799
f 7799 7801 7800 7798
f 7799 7156 7802 7801
f 7802 7156 7157 7803
f 7802 7805 7804 7801
f 7802 7803 7806 7805
f 7806 7803 7808 7807
f 7806 7810 7809 7805
f 7806 7807 7811 7810
f 7811 7807 7813 7812
f 7811 7815 7814 7810
f 7811 7812 7816 7815
f 7816 7812 7818 7817
f 7816 7820 7819 7815
f 7816 7817 7821 7820
f 7821 7817 7823 7822
f 7821 7825 7824 7820
f 7821 7822 7826 7825
f 7826 7822 7291 7827
f 7826 7829 7828 7825
f 7826 7827 7830 7829
f 7830 7827 7832 7831
f 7830 7834 7833 7829
f 7830 7831 7835 7834
f 7835 7831 7837 7836
f 7835 7839 7838 7834
f 7835 7836 7840 7839
f 7840 7836 7842 7841
f 7840 7844 7843 7839
f 7840 7841 7845 7844
f 7845 7841 7847 7846
f 7845 7849 7848 7844
f 7845 7846 7850 7849
f 7850 7846 7852 7851
f 7850 7854 7853 7849
f 7850 7851 7855 7854
f 7855 7851 7857 7856
f 7855 7859 7858 7854
f 7855 7856 7860 7859
f 7860 7856 7862 7861
f 7860 7864 7863 7859
f 7860 7861 7865 7864
f 7865 7861 7867 7866
f 7865 7869 7868 7864
f 7865 7866 7870 7869
f 7870 7866 7872 7871
f 7870 7874 7873 7869
f 7870 7871 7875 7874
f 7875 7871 7877 7876
f 7875 7879 7878 7874
f 7875 7876 7880 7879
f 7880 7876 7882 7881
f 7880 7884 7883 7879
f 7880 7881 7885 7884
f 7885 7881 7887 7886
f 7885 7889 7888 7884
f 7885 7886 7890 7889
f 7890 7886 7892 7891
f 7890 7894 7893 7889
f 7890 7891 7895 7894
f 7895 7891 7897 7896
f 7895 7899 7898 7894
f 7895 7896 7900 7899
f 7900 7896 7902 7901
f 7900 7904 7903 7899
f 7900 7901 7905 7904
f 7905 7901 7907 7906
f 7905 7909 7908 7904
f 7905 7906 7910 7909
f 7910 7906 7912 7911
f 7910 7914 7913 7909
f 7910 7911 7915 7914
f 7915 1136 1135 7916
f 7915 7911 1137 1136
f 7915 7916 7917 7914
f 7917 7916 7919 7918
f 7917 7920 7913 7914
f 7917 7918 7921 7920
f 7921 7918 7923 7922
f 7921 7925 7924 7920
f 7921 7922 7926 7925
f 7926 7922 7928 7927
f 7926 7930 7929 7925
f 7926 7927 7931 7930
f 7931 7927 7933 7932
f 7931 7935 7934 7930
f 7931 7932 7936 7935
f 7936 7932 7938 7937
f 7936 7940 7939 7935
f 7936 7937 7941 7940
f 7941 7937 7943 7942
f 7941 7945 7944 7940
f 7941 7942 7946 7945
f 7946 7942 7948 7947
f 7946 7950 7949 7945
f 7946 7947 7951 7950
f 7951 7947 7953 7952
f 7951 7955 7954 7950
f 7951 7952 7956 7955
f 7956 7952 7958 7957
f 7956 7960 7959 7955
f 7956 7957 7961 7960
f 7961 7957 7963 7962
f 7961 7965 7964 7960
f 7961 7962 7966 7965
f 7966 7962 7968 7967
f 7966 7970 7969 7965
f 7966 7967 7971 7970
f 7971 7967 7973 7972
f 7971 7975 7974 7970
f 7971 7972 7976 7975
f 7976 7972 7978 7977
f 7976 7980 7979 7975
f 7976 7977 7981 7980
f 7981 7977 7983 7982
f 7981 7985 7984 7980
f 7981 7982 7986 7985
f 7986 7982 7988 7987
f 7986 7990 7989 7985
f 7986 7987 7991 7990
f 7991 7987 7993 7992
f 7991 7463 7464 7990
f 7991 7992 7462 7463
f 7993 7996 7995 7994
f 7993 7987 7988 7996
f 7993 7994 7997 7992
f 7997 7994 7999 7998
f 7997 7461 7462 7992
f 7997 7998 7460 7461
f 7999 8002 8001 8000
f 7999 7994 7995 8002
f 7999 8000 8003 7998
f 8003 8000 8005 8004
f 8003 7459 7460 7998
f 8003 8004 7458 7459
f 8005 8008 8007 8006
f 8005 8000 8001 8008
f 8005 8006 8009 8004
f 8009 8006 8011 8010
f 8009 7457 7458 8004
f 8009 8010 7456 7457
f 8011 8014 8013 8012
f 8011 8006 8007 8014
f 8011 8012 8015 8010
f 8015 8012 8017 8016
f 8015 7455 7456 8010
f 8015 8016 7454 7455
f 8017 8020 8019 8018
f 8017 8012 8013 8020
f 8017 8018 8021 8016
f 8021 8018 8023 8022
f 8021 7453 7454 8016
f 8021 8022 7452 7453
f 8023 8026 8025 8024
f 8023 8018 8019 8026
f 8023 8024 8027 8022
f 8027 8024 8029 8028
f 8027 7451 7452 8022
f 8027 8028 7450 7451
f 8029 8032 8031 8030
f 8029 8024 8025 8032
f 8029 8030 8033 8028
f 8033 8030 8035 8034
f 8033 7449 7450 8028
f 8033 8034 7448 7449
f 8035 8038 8037 8036
f 8035 8030 8031 8038
f 8035 8036 8039 8034
f 8039 8036 8041 8040
f 8039 7447 7448 8034
f 8039 8040 7446 7447
f 8041 8044 8043 8042
f 8041 8036 8037 8044
f 8041 8042 8045 8040
f 8045 8042 8047 8046
f 8045 7445 7446 8040
f 8045 8046 7444 7445
f 8047 8050 8049 8048
f 8047 8042 8043 8050
f 8047 8048 8051 8046
f 8051 8048 8053 8052
f 8051 7443 7444 8046
f 8051 8052 7442 7443
f 8053 8056 8055 8054
f 8053 8048 8049 8056
f 8053 8054 8057 8052
f 8057 8054 8059 8058
f 8057 7441 7442 8052
f 8057 8058 7440 7441
f 8059 8062 8061 8060
f 8059 8054 8055 8062
f 8059 8060 8063 8058
f 8063 8060 8065 8064
f 8063 7439 7440 8058
f 8063 8064 7438 7439
f 8065 8068 8067 8066
f 8065 8060 8061 8068
f 8065 8066 8069 8064
f 8069 8066 8071 8070
f 8069 7437 7438 8064
f 8069 8070 7436 7437
f 8071 8074 8073 8072
f 8071 8066 8067 8074
f 8071 8072 8075 8070
f 8075 8072 8077 8076
f 8075 7435 7436 8070
f 8075 8076 7434 7435
f 8077 8080 8079 8078
f 8077 8072 8073 8080
f 8077 8078 8081 8076
f 8081 8078 8083 8082
f 8081 7433 7434 8076
f 8081 8082 7432 7433
f 8083 8086 8085 8084
f 8083 8078 8079 8086
f 8083 8084 8087 8082
f 8087 8084 8089 8088
f 8087 7431 7432 8082
f 8087 8088 7430 7431
f 8089 8092 8091 8090
f 8089 8084 8085 8092
f 8089 8090 8093 8088
f 8093 8090 8095 8094
f 8093 7429 7430 8088
f 8093 8094 7428 7429
f 8095 8098 8097 8096
f 8095 8090 8091 8098
f 8095 8096 8099 8094
f 8099 8096 8101 8100
f 8099 7427 7428 8094
f 8099 8100 7426 7427
f 8101 8104 8103 8102
f 8101 8096 8097 8104
f 8101 8102 8105 8100
f 8105 8102 8107 8106
f 8105 7425 7426 8100
f 8105 8106 7424 7425
f 8107 8110 8109 8108
f 8107 8102 8103 8110
f 8107 8108 8111 8106
f 8111 8108 7407 8112
f 8111 7423 7424 8106
f 8111 8112 7422 7423
f 8112 7407 7408 7411
f 8112 7411 7421 7422
f 8110 8114 8113 8109
f 8110 8103 8115 8114
f 8115 8117 8116 8114
f 8115 8119 8118 8117
f 8115 8103 8104 8119
f 8119 8121 8120 8118
f 8119 8104 8097 8121
f 8121 8123 8122 8120
f 8121 8097 8098 8123
f 8123 8125 8124 8122
f 8123 8098 8091 8125
f 8125 8127 8126 8124
f 8125 8091 8092 8127
f 8127 8129 8128 8126
f 8127 8092 8085 8129
f 8129 8131 8130 8128
f 8129 8085 8086 8131
f 8131 8133 8132 8130
f 8131 8086 8079 8133
f 8133 8135 8134 8132
f 8133 8079 8080 8135
f 8135 8137 8136 8134
f 8135 8080 8073 8137
f 8137 8139 8138 8136
f 8137 8073 8074 8139
f 8139 8141 8140 8138
f 8139 8074 8067 8141
f 8141 8143 8142 8140
f 8141 8067 8068 8143
f 8143 8145 8144 8142
f 8143 8068 8061 8145
f 8145 8147 8146 8144
f 8145 8061 8062 8147
f 8147 8149 8148 8146
f 8147 8062 8055 8149
f 8149 8151 8150 8148
f 8149 8055 8056 8151
f 8151 8153 8152 8150
f 8151 8056 8049 8153
f 8153 8155 8154 8152
f 8153 8049 8050 8155
f 8155 8157 8156 8154
f 8155 8050 8043 8157
f 8157 8159 8158 8156
f 8157 8043 8044 8159
f 8159 8161 8160 8158
f 8159 8044 8037 8161
f 8161 8163 8162 8160
f 8161 8037 8038 8163
f 8163 8165 8164 8162
f 8163 8038 8031 8165
f 8165 8167 8166 8164
f 8165 8031 8032 8167
f 8167 8169 8168 8166
f 8167 8032 8025 8169
f 8169 8171 8170 8168
f 8169 8025 8026 8171
f 8171 8173 8172 8170
f 8171 8026 8019 8173
f 8173 8175 8174 8172
f 8173 8019 8020 8175
f 8175 8177 8176 8174
f 8175 8020 8013 8177
f 8177 8179 8178 8176
f 8177 8013 8014 8179
f 8179 8181 8180 8178
f 8179 8014 8007 8181
f 8181 8183 8182 8180
f 8181 8007 8008 8183
f 8183 8185 8184 8182
f 8183 8008 8001 8185
f 8185 8187 8186 8184
f 8185 8001 8002 8187
f 8187 8189 8188 8186
f 8187 8002 7995 8189
f 8189 8191 8190 8188
f 8189 7995 7996 8191
f 8191 8193 8192 8190
f 8191 7996 7988 8193
f 8193 7983 8194 8192
f 8193 7988 7982 7983
f 8194 8196 8195 8192
f 8194 7978 8197 8196
f 8194 7983 7977 7978
f 8197 8199 8198 8196
f 8197 7973 8200 8199
f 8197 7978 7972 7973
f 8200 8202 8201 8199
f 8200 7968 8203 8202
f 8200 7973 7967 7968
f 8203 8205 8204 8202
f 8203 7963 8206 8205
f 8203 7968 7962 7963
f 8206 8208 8207 8205
f 8206 7958 8209 8208
f 8206 7963 7957 7958
f 8209 8211 8210 8208
f 8209 7953 8212 8211
f 8209 7958 7952 7953
f 8212 8214 8213 8211
f 8212 7948 8215 8214
f 8212 7953 7947 7948
f 8215 8217 8216 8214
f 8215 7943 8218 8217
f 8215 7948 7942 7943
f 8218 8220 8219 8217
f 8218 7938 8221 8220
f 8218 7943 7937 7938
f 8221 8223 8222 8220
f 8221 7933 8224 8223
f 8221 7938 7932 7933
f 8224 8226 8225 8223
f 8224 7928 8227 8226
f 8224 7933 7927 7928
f 8227 8229 8228 8226
f 8227 7923 8230 8229
f 8227 7928 7922 7923
f 8230 1453 1452 8229
f 8230 7919 1454 1453
f 8230 7923 7918 7919
f 1454 7919 7916 1135
f 1452 1455 8228 8229
f 1455 1457 8231 8228
f 1457 1459 8232 8231
f 1459 1461 8233 8232
f 1461 1463 8234 8233
f 1463 1465 8235 8234
f 1465 1467 8236 8235
f 1467 1469 8237 8236
f 1469 1471 8238 8237
f 1471 1473 8239 8238
f 1473 1475 8240 8239
f 1475 1477 8241 8240
f 1477 1479 8242 8241
f 1479 1481 8243 8242
f 1481 1483 8244 8243
f 1483 1485 8245 8244
f 1485 1487 8246 8245
f 1487 1489 8247 8246
f 1489 1491 8248 8247
f 1491 1493 8249 8248
f 1493 1495 8250 8249
f 1495 1497 8251 8250
f 1497 1499 8252 8251
f 1499 1501 8253 8252
f 1501 1503 8254 8253
f 1503 1505 8255 8254
f 1505 1507 8256 8255
f 1507 1509 8257 8256
f 1509 1511 8258 8257
f 1511 1513 8259 8258
f 1513 1515 8260 8259
f 1515 1517 8261 8260
f 1517 1519 8262 8261
f 1519 1521 8263 8262
f 1521 1523 8264 8263
f 1523 1525 8265 8264
f 1525 1527 8266 8265
f 1527 1529 8267 8266
f 1529 1531 8268 8267
f 1531 1533 8269 8268
f 1533 1535 8270 8269
f 1535 1537 8271 8270
f 1537 1539 8272 8271
f 1539 1541 8273 8272
f 1541 1543 8274 8273
f 1543 1545 8275 8274
f 1545 1547 8276 8275
f 1547 1549 8277 8276
f 1549 1551 8278 8277
f 1551 1553 8279 8278
f 1553 1555 8280 8279
f 1555 1557 8281 8280
f 1557 1559 8282 8281
f 1559 1561 8283 8282
f 1561 1563 8284 8283
f 1563 1565 8285 8284
f 1565 1567 8286 8285
f 1567 1569 8287 8286
f 1569 1571 8288 8287
f 1571 1573 8289 8288
f 1573 1575 8290 8289
f 1575 1577 8291 8290
f 1577 367 7419 8291
f 8291 8293 8292 8290
f 8291 7419 7420 8293
f 8293 8295 8294 8292
f 8293 7420 8296 8295
f 8296 8298 8297 8295
f 8296 7415 7395 8298
f 8296 7420 7414 7415
f 8298 7398 8299 8297
f 8298 7395 7396 7398
f 8299 8301 8300 8297
f 8299 8303 8302 8301
f 8299 7398 7399 8303
f 8303 8305 8304 8302
f 8303 7399 7400 8305
f 8305 8307 8306 8304
f 8305 7400 8308 8307
f 8308 8310 8309 8307
f 8308 7403 8311 8310
f 8308 7400 7401 7403
f 8311 8116 8312 8310
f 8311 8113 8114 8116
f 8311 7403 7404 8113
f 8312 8313 8309 8310
f 8312 8315 8314 8313
f 8312 8116 8117 8315
f 8315 8317 8316 8314
f 8315 8117 8118 8317
f 8317 8319 8318 8316
f 8317 8118 8120 8319
f 8319 8321 8320 8318
f 8319 8120 8122 8321
f 8321 8323 8322 8320
f 8321 8122 8124 8323
f 8323 8325 8324 8322
f 8323 8124 8126 8325
f 8325 8327 8326 8324
f 8325 8126 8128 8327
f 8327 8329 8328 8326
f 8327 8128 8130 8329
f 8329 8331 8330 8328
f 8329 8130 8132 8331
f 8331 8333 8332 8330
f 8331 8132 8134 8333
f 8333 8335 8334 8332
f 8333 8134 8136 8335
f 8335 8337 8336 8334
f 8335 8136 8138 8337
f 8337 8339 8338 8336
f 8337 8138 8140 8339
f 8339 8341 8340 8338
f 8339 8140 8142 8341
f 8341 8343 8342 8340
f 8341 8142 8144 8343
f 8343 8345 8344 8342
f 8343 8144 8146 8345
f 8345 8347 8346 8344
f 8345 8146 8148 8347
f 8347 8349 8348 8346
f 8347 8148 8150 8349
f 8349 8351 8350 8348
f 8349 8150 8152 8351
f 8351 8353 8352 8350
f 8351 8152 8154 8353
f 8353 8355 8354 8352
f 8353 8154 8156 8355
f 8355 8357 8356 8354
f 8355 8156 8158 8357
f 8357 8359 8358 8356
f 8357 8158 8160 8359
f 8359 8361 8360 8358
f 8359 8160 8162 8361
f 8361 8363 8362 8360
f 8361 8162 8164 8363
f 8363 8365 8364 8362
f 8363 8164 8166 8365
f 8365 8367 8366 8364
f 8365 8166 8168 8367
f 8367 8369 8368 8366
f 8367 8168 8170 8369
f 8369 8371 8370 8368
f 8369 8170 8172 8371
f 8371 8373 8372 8370
f 8371 8172 8174 8373
f 8373 8375 8374 8372
f 8373 8174 8176 8375
f 8375 8377 8376 8374
f 8375 8176 8178 8377
f 8377 8379 8378 8376
f 8377 8178 8180 8379
f 8379 8381 8380 8378
f 8379 8180 8182 8381
f 8381 8383 8382 8380
f 8381 8182 8184 8383
f 8383 8385 8384 8382
f 8383 8184 8186 8385
f 8385 8387 8386 8384
f 8385 8186 8188 8387
f 8387 8389 8388 8386
f 8387 8188 8190 8389
f 8389 8195 8390 8388
f 8389 8190 8192 8195
f 8390 8392 8391 8388
f 8390 8198 8393 8392
f 8390 8195 8196 8198
f 8393 8395 8394 8392
f 8393 8201 8396 8395
f 8393 8198 8199 8201
f 8396 8398 8397 8395
f 8396 8204 8399 8398
f 8396 8201 8202 8204
f 8399 8401 8400 8398
f 8399 8207 8402 8401
f 8399 8204 8205 8207
f 8402 8404 8403 8401
f 8402 8210 8405 8404
f 8402 8207 8208 8210
f 8405 8407 8406 8404
f 8405 8213 8408 8407
f 8405 8210 8211 8213
f 8408 8410 8409 8407
f 8408 8216 8411 8410
f 8408 8213 8214 8216
f 8411 8413 8412 8410
f 8411 8219 8414 8413
f 8411 8216 8217 8219
f 8414 8416 8415 8413
f 8414 8222 8417 8416
f 8414 8219 8220 8222
f 8417 8232 8233 8416
f 8417 8225 8231 8232
f 8417 8222 8223 8225
f 8416 8233 8234 8415
f 8415 8234 8235 8418
f 8415 8418 8412 8413
f 8418 8235 8236 8419
f 8418 8419 8420 8412
f 8420 8419 8422 8421
f 8420 8409 8410 8412
f 8420 8421 8423 8409
f 8423 8421 8425 8424
f 8423 8406 8407 8409
f 8423 8424 8426 8406
f 8426 8424 8428 8427
f 8426 8403 8404 8406
f 8426 8427 8429 8403
f 8429 8427 8431 8430
f 8429 8400 8401 8403
f 8429 8430 8432 8400
f 8432 8430 8434 8433
f 8432 8397 8398 8400
f 8432 8433 8435 8397
f 8435 8433 8437 8436
f 8435 8394 8395 8397
f 8435 8436 8438 8394
f 8438 8436 8440 8439
f 8438 8391 8392 8394
f 8438 8439 8441 8391
f 8441 8439 8443 8442
f 8441 8386 8388 8391
f 8441 8442 8384 8386
f 8443 8446 8445 8444
f 8443 8439 8440 8446
f 8443 8444 8447 8442
f 8447 8444 8449 8448
f 8447 8382 8384 8442
f 8447 8448 8380 8382
f 8449 8452 8451 8450
f 8449 8444 8445 8452
f 8449 8450 8453 8448
f 8453 8450 8455 8454
f 8453 8378 8380 8448
f 8453 8454 8376 8378
f 8455 8458 8457 8456
f 8455 8450 8451 8458
f 8455 8456 8459 8454
f 8459 8456 8461 8460
f 8459 8374 8376 8454
f 8459 8460 8372 8374
f 8461 8464 8463 8462
f 8461 8456 8457 8464
f 8461 8462 8465 8460
f 8465 8462 8467 8466
f 8465 8370 8372 8460
f 8465 8466 8368 8370
f 8467 8470 8469 8468
f 8467 8462 8463 8470
f 8467 8468 8471 8466
f 8471 8468 8473 8472
f 8471 8366 8368 8466
f 8471 8472 8364 8366
f 8473 8476 8475 8474
f 8473 8468 8469 8476
f 8473 8474 8477 8472
f 8477 8474 8479 8478
f 8477 8362 8364 8472
f 8477 8478 8360 8362
f 8479 8482 8481 8480
f 8479 8474 8475 8482
f 8479 8480 8483 8478
f 8483 8480 8485 8484
f 8483 8358 8360 8478
f 8483 8484 8356 8358
f 8485 8488 8487 8486
f 8485 8480 8481 8488
f 8485 8486 8489 8484
f 8489 8486 8491 8490
f 8489 8354 8356 8484
f 8489 8490 8352 8354
f 8491 8494 8493 8492
f 8491 8486 8487 8494
f 8491 8492 8495 8490
f 8495 8492 8497 8496
f 8495 8350 8352 8490
f 8495 8496 8348 8350
f 8497 8500 8499 8498
f 8497 8492 8493 8500
f 8497 8498 8501 8496
f 8501 8498 8503 8502
f 8501 8346 8348 8496
f 8501 8502 8344 8346
f 8503 8506 8505 8504
f 8503 8498 8499 8506
f 8503 8504 8507 8502
f 8507 8504 8509 8508
f 8507 8342 8344 8502
f 8507 8508 8340 8342
f 8509 8512 8511 8510
f 8509 8504 8505 8512
f 8509 8510 8513 8508
f 8513 8510 8515 8514
f 8513 8338 8340 8508
f 8513 8514 8336 8338
f 8515 8518 8517 8516
f 8515 8510 8511 8518
f 8515 8516 8519 8514
f 8519 8516 8521 8520
f 8519 8334 8336 8514
f 8519 8520 8332 8334
f 8521 8524 8523 8522
f 8521 8516 8517 8524
f 8521 8522 8525 8520
f 8525 8522 8527 8526
f 8525 8330 8332 8520
f 8525 8526 8328 8330
f 8527 8530 8529 8528
f 8527 8522 8523 8530
f 8527 8528 8531 8526
f 8531 8528 8533 8532
f 8531 8326 8328 8526
f 8531 8532 8324 8326
f 8533 8536 8535 8534
f 8533 8528 8529 8536
f 8533 8534 8537 8532
f 8537 8534 8539 8538
f 8537 8322 8324 8532
f 8537 8538 8320 8322
f 8539 8542 8541 8540
f 8539 8534 8535 8542
f 8539 8540 8543 8538
f 8543 8540 8545 8544
f 8543 8318 8320 8538
f 8543 8544 8316 8318
f 8545 8548 8547 8546
f 8545 8540 8541 8548
f 8545 8546 8549 8544
f 8549 8546 8551 8550
f 8549 8314 8316 8544
f 8549 8550 8313 8314
f 8551 8554 8553 8552
f 8551 8546 8547 8554
f 8551 8552 8555 8550
f 8555 8552 8556 8306
f 8555 8309 8313 8550
f 8555 8306 8307 8309
f 8556 8559 8558 8557
f 8556 8552 8553 8559
f 8556 8557 8304 8306
f 8559 8561 8560 8558
f 8559 8553 8562 8561
f 8562 8564 8563 8561
f 8562 8566 8565 8564
f 8562 8553 8554 8566
f 8566 8568 8567 8565
f 8566 8554 8547 8568
f 8568 8570 8569 8567
f 8568 8547 8548 8570
f 8570 8572 8571 8569
f 8570 8548 8541 8572
f 8572 8574 8573 8571
f 8572 8541 8542 8574
f 8574 8576 8575 8573
f 8574 8542 8535 8576
f 8576 8578 8577 8575
f 8576 8535 8536 8578
f 8578 8580 8579 8577
f 8578 8536 8529 8580
f 8580 8582 8581 8579
f 8580 8529 8530 8582
f 8582 8584 8583 8581
f 8582 8530 8523 8584
f 8584 8586 8585 8583
f 8584 8523 8524 8586
f 8586 8588 8587 8585
f 8586 8524 8517 8588
f 8588 8590 8589 8587
f 8588 8517 8518 8590
f 8590 8592 8591 8589
f 8590 8518 8511 8592
f 8592 8594 8593 8591
f 8592 8511 8512 8594
f 8594 8596 8595 8593
f 8594 8512 8505 8596
f 8596 8598 8597 8595
f 8596 8505 8506 8598
f 8598 8600 8599 8597
f 8598 8506 8499 8600
f 8600 8602 8601 8599
f 8600 8499 8500 8602
f 8602 8604 8603 8601
f 8602 8500 8493 8604
f 8604 8606 8605 8603
f 8604 8493 8494 8606
f 8606 8608 8607 8605
f 8606 8494 8487 8608
f 8608 8610 8609 8607
f 8608 8487 8488 8610
f 8610 8612 8611 8609
f 8610 8488 8481 8612
f 8612 8614 8613 8611
f 8612 8481 8482 8614
f 8614 8616 8615 8613
f 8614 8482 8475 8616
f 8616 8618 8617 8615
f 8616 8475 8476 8618
f 8618 8620 8619 8617
f 8618 8476 8469 8620
f 8620 8622 8621 8619
f 8620 8469 8470 8622
f 8622 8624 8623 8621
f 8622 8470 8463 8624
f 8624 8626 8625 8623
f 8624 8463 8464 8626
f 8626 8628 8627 8625
f 8626 8464 8457 8628
f 8628 8630 8629 8627
f 8628 8457 8458 8630
f 8630 8632 8631 8629
f 8630 8458 8451 8632
f 8632 8634 8633 8631
f 8632 8451 8452 8634
f 8634 8636 8635 8633
f 8634 8452 8445 8636
f 8636 8638 8637 8635
f 8636 8445 8446 8638
f 8638 8640 8639 8637
f 8638 8446 8440 8640
f 8640 8437 8641 8639
f 8640 8440 8436 8437
f 8641 8643 8642 8639
f 8641 8434 8644 8643
f 8641 8437 8433 8434
f 8644 8646 8645 8643
f 8644 8431 8647 8646
f 8644 8434 8430 8431
f 8647 8649 8648 8646
f 8647 8428 8650 8649
f 8647 8431 8427 8428
f 8650 8652 8651 8649
f 8650 8425 8653 8652
f 8650 8428 8424 8425
f 8653 8238 8239 8652
f 8653 8422 8237 8238
f 8653 8425 8421 8422
f 8652 8239 8240 8651
f 8651 8240 8241 8654
f 8651 8654 8648 8649
f 8654 8241 8242 8655
f 8654 8655 8656 8648
f 8656 8655 8658 8657
f 8656 8645 8646 8648
f 8656 8657 8659 8645
f 8659 8657 8661 8660
f 8659 8642 8643 8645
f 8659 8660 8662 8642
f 8662 8660 8664 8663
f 8662 8637 8639 8642
f 8662 8663 8635 8637
f 8664 8667 8666 8665
f 8664 8660 8661 8667
f 8664 8665 8668 8663
f 8668 8665 8670 8669
f 8668 8633 8635 8663
f 8668 8669 8631 8633
f 8670 8673 8672 8671
f 8670 8665 8666 8673
f 8670 8671 8674 8669
f 8674 8671 8676 8675
f 8674 8629 8631 8669
f 8674 8675 8627 8629
f 8676 8679 8678 8677
f 8676 8671 8672 8679
f 8676 8677 8680 8675
f 8680 8677 8682 8681
f 8680 8625 8627 8675
f 8680 8681 8623 8625
f 8682 8685 8684 8683
f 8682 8677 8678 8685
f 8682 8683 8686 8681
f 8686 8683 8688 8687
f 8686 8621 8623 8681
f 8686 8687 8619 8621
f 8688 8691 8690 8689
f 8688 8683 8684 8691
f 8688 8689 8692 8687
f 8692 8689 8694 8693
f 8692 8617 8619 8687
f 8692 8693 8615 8617
f 8694 8697 8696 8695
f 8694 8689 8690 8697
f 8694 8695 8698 8693
f 8698 8695 8700 8699
f 8698 8613 8615 8693
f 8698 8699 8611 8613
f 8700 8703 8702 8701
f 8700 8695 8696 8703
f 8700 8701 8704 8699
f 8704 8701 8706 8705
f 8704 8609 8611 8699
f 8704 8705 8607 8609
f 8706 8709 8708 8707
f 8706 8701 8702 8709
f 8706 8707 8710 8705
f 8710 8707 8712 8711
f 8710 8605 8607 8705
f 8710 8711 8603 8605
f 8712 8715 8714 8713
f 8712 8707 8708 8715
f 8712 8713 8716 8711
f 8716 8713 8718 8717
f 8716 8601 8603 8711
f 8716 8717 8599 8601
f 8718 8721 8720 8719
f 8718 8713 8714 8721
f 8718 8719 8722 8717
f 8722 8719 8724 8723
f 8722 8597 8599 8717
f 8722 8723 8595 8597
f 8724 8727 8726 8725
f 8724 8719 8720 8727
f 8724 8725 8728 8723
f 8728 8725 8730 8729
f 8728 8593 8595 8723
f 8728 8729 8591 8593
f 8730 8733 8732 8731
f 8730 8725 8726 8733
f 8730 8731 8734 8729
f 8734 8731 8736 8735
f 8734 8589 8591 8729
f 8734 8735 8587 8589
f 8736 8739 8738 8737
f 8736 8731 8732 8739
f 8736 8737 8740 8735
f 8740 8737 8742 8741
f 8740 8585 8587 8735
f 8740 8741 8583 8585
f 8742 8745 8744 8743
f 8742 8737 8738 8745
f 8742 8743 8746 8741
f 8746 8743 8748 8747
f 8746 8581 8583 8741
f 8746 8747 8579 8581
f 8748 8751 8750 8749
f 8748 8743 8744 8751
f 8748 8749 8752 8747
f 8752 8749 8754 8753
f 8752 8577 8579 8747
f 8752 8753 8575 8577
f 8754 8757 8756 8755
f 8754 8749 8750 8757
f 8754 8755 8758 8753
f 8758 8755 8760 8759
f 8758 8573 8575 8753
f 8758 8759 8571 8573
f 8760 8763 8762 8761
f 8760 8755 8756 8763
f 8760 8761 8764 8759
f 8764 8761 8766 8765
f 8764 8569 8571 8759
f 8764 8765 8567 8569
f 8766 8769 8768 8767
f 8766 8761 8762 8769
f 8766 8767 8770 8765
f 8770 8767 8772 8771
f 8770 8565 8567 8765
f 8770 8771 8564 8565
f 8772 8775 8774 8773
f 8772 8767 8768 8775
f 8772 8773 8776 8771
f 8776 8773 8778 8777
f 8776 8563 8564 8771
f 8776 8777 8779 8563
f 8779 8777 7388 7391
f 8779 8560 8561 8563
f 8779 7391 8780 8560
f 8780 7391 7389 8781
f 8780 8782 8558 8560
f 8780 8781 8783 8782
f 8783 8781 8785 8784
f 8783 8787 8786 8782
f 8783 8784 8788 8787
f 8788 8784 8790 8789
f 8788 8300 8301 8787
f 8788 8789 8294 8300
f 8790 8793 8792 8791
f 8790 8784 8785 8793
f 8790 8791 8794 8789
f 8794 8791 8288 8289
f 8794 8292 8294 8789
f 8794 8289 8290 8292
f 8793 8796 8795 8792
f 8793 8785 7390 8796
f 8796 8798 8797 8795
f 8796 7390 7386 8798
f 8798 8800 8799 8797
f 8798 7386 7387 8800
f 8800 8802 8801 8799
f 8800 7387 8778 8802
f 8802 8774 8803 8801
f 8802 8778 8773 8774
f 8803 8282 8283 8801
f 8803 8804 8281 8282
f 8803 8774 8775 8804
f 8804 8805 8280 8281
f 8804 8775 8768 8805
f 8805 8806 8279 8280
f 8805 8768 8769 8806
f 8806 8807 8278 8279
f 8806 8769 8762 8807
f 8807 8808 8277 8278
f 8807 8762 8763 8808
f 8808 8809 8276 8277
f 8808 8763 8756 8809
f 8809 8810 8275 8276
f 8809 8756 8757 8810
f 8810 8811 8274 8275
f 8810 8757 8750 8811
f 8811 8812 8273 8274
f 8811 8750 8751 8812
f 8812 8813 8272 8273
f 8812 8751 8744 8813
f 8813 8814 8271 8272
f 8813 8744 8745 8814
f 8814 8815 8270 8271
f 8814 8745 8738 8815
f 8815 8816 8269 8270
f 8815 8738 8739 8816
f 8816 8817 8268 8269
f 8816 8739 8732 8817
f 8817 8818 8267 8268
f 8817 8732 8733 8818
f 8818 8819 8266 8267
f 8818 8733 8726 8819
f 8819 8820 8265 8266
f 8819 8726 8727 8820
f 8820 8821 8264 8265
f 8820 8727 8720 8821
f 8821 8822 8263 8264
f 8821 8720 8721 8822
f 8822 8823 8262 8263
f 8822 8721 8714 8823
f 8823 8824 8261 8262
f 8823 8714 8715 8824
f 8824 8825 8260 8261
f 8824 8715 8708 8825
f 8825 8826 8259 8260
f 8825 8708 8709 8826
f 8826 8827 8258 8259
f 8826 8709 8702 8827
f 8827 8828 8257 8258
f 8827 8702 8703 8828
f 8828 8829 8256 8257
f 8828 8703 8696 8829
f 8829 8830 8255 8256
f 8829 8696 8697 8830
f 8830 8831 8254 8255
f 8830 8697 8690 8831
f 8831 8832 8253 8254
f 8831 8690 8691 8832
f 8832 8833 8252 8253
f 8832 8691 8684 8833
f 8833 8834 8251 8252
f 8833 8684 8685 8834
f 8834 8835 8250 8251
f 8834 8685 8678 8835
f 8835 8836 8249 8250
f 8835 8678 8679 8836
f 8836 8837 8248 8249
f 8836 8679 8672 8837
f 8837 8838 8247 8248
f 8837 8672 8673 8838
f 8838 8839 8246 8247
f 8838 8673 8666 8839
f 8839 8840 8245 8246
f 8839 8666 8667 8840
f 8840 8841 8244 8245
f 8840 8667 8661 8841
f 8841 8658 8243 8244
f 8841 8661 8657 8658
f 8801 8283 8284 8799
f 8799 8284 8285 8797
f 8797 8285 8286 8795
f 8795 8286 8287 8792
f 8792 8287 8288 8791
f 8787 8301 8302 8786
f 8786 8557 8558 8782
f 8786 8302 8304 8557
f 8785 8781 7389 7390
f 8778 7387 7388 8777
f 8658 8655 8242 8243
f 8422 8419 8236 8237
f 8300 8294 8295 8297
f 8231 8225 8226 8228
f 8113 7404 7405 8109
f 8109 7405 7407 8108
f 7990 7464 7465 7989
f 7989 8842 7984 7985
f 7989 7465 7466 8842
f 8842 8844 8843 7984
f 8842 7466 7467 8844
f 8844 8846 8845 8843
f 8844 7467 7468 8846
f 8846 8848 8847 8845
f 8846 7468 7469 8848
f 8848 8850 8849 8847
f 8848 7469 7470 8850
f 8850 8852 8851 8849
f 8850 7470 7471 8852
f 8852 8854 8853 8851
f 8852 7471 7472 8854
f 8854 8856 8855 8853
f 8854 7472 7473 8856
f 8856 8858 8857 8855
f 8856 7473 7474 8858
f 8858 8860 8859 8857
f 8858 7474 7475 8860
f 8860 8862 8861 8859
f 8860 7475 7476 8862
f 8862 8864 8863 8861
f 8862 7476 7477 8864
f 8864 8866 8865 8863
f 8864 7477 7478 8866
f 8866 8868 8867 8865
f 8866 7478 7479 8868
f 8868 8870 8869 8867
f 8868 7479 7480 8870
f 8870 8872 8871 8869
f 8870 7480 7481 8872
f 8872 8874 8873 8871
f 8872 7481 7482 8874
f 8874 8876 8875 8873
f 8874 7482 7483 8876
f 8876 8878 8877 8875
f 8876 7483 7484 8878
f 8878 8880 8879 8877
f 8878 7484 7485 8880
f 8880 8882 8881 8879
f 8880 7485 7486 8882
f 8882 8884 8883 8881
f 8882 7486 7487 8884
f 8884 8886 8885 8883
f 8884 7487 7488 8886
f 8886 8888 8887 8885
f 8886 7488 7489 8888
f 8888 8890 8889 8887
f 8888 7489 7490 8890
f 8890 8892 8891 8889
f 8890 7490 7491 8892
f 8892 8894 8893 8891
f 8892 7491 7492 8894
f 8894 8896 8895 8893
f 8894 7492 7493 8896
f 8896 8898 8897 8895
f 8896 7493 7494 8898
f 8898 8900 8899 8897
f 8898 7494 7495 8900
f 8900 8902 8901 8899
f 8900 7495 7496 8902
f 8902 8904 8903 8901
f 8902 7496 7497 8904
f 8904 8906 8905 8903
f 8904 7497 7498 8906
f 8906 8908 8907 8905
f 8906 7498 7499 8908
f 8908 8910 8909 8907
f 8908 7499 7500 8910
f 8910 8912 8911 8909
f 8910 7500 7501 8912
f 8912 8914 8913 8911
f 8912 7501 7502 8914
f 8914 8916 8915 8913
f 8914 7502 7503 8916
f 8916 8918 8917 8915
f 8916 7503 7504 8918
f 8918 8920 8919 8917
f 8918 7504 7505 8920
f 8920 8922 8921 8919
f 8920 7505 7506 8922
f 8922 8924 8923 8921
f 8922 7506 7507 8924
f 8924 8926 8925 8923
f 8924 7507 7508 8926
f 8926 8928 8927 8925
f 8926 7508 7509 8928
f 8928 8930 8929 8927
f 8928 7509 7510 8930
f 8930 8932 8931 8929
f 8930 7510 7511 8932
f 8932 8934 8933 8931
f 8932 7511 7512 8934
f 8934 8936 8935 8933
f 8934 7512 7513 8936
f 8936 8938 8937 8935
f 8936 7513 7514 8938
f 8938 8940 8939 8937
f 8938 7514 7515 8940
f 8940 8942 8941 8939
f 8940 7515 7516 8942
f 8942 8944 8943 8941
f 8942 7516 7517 8944
f 8944 8946 8945 8943
f 8944 7517 7518 8946
f 8946 8948 8947 8945
f 8946 7518 7519 8948
f 8948 8950 8949 8947
f 8948 7519 7520 8950
f 8950 8952 8951 8949
f 8950 7520 7521 8952
f 8952 8954 8953 8951
f 8952 7521 7522 8954
f 8954 8956 8955 8953
f 8954 7522 7523 8956
f 8956 8958 8957 8955
f 8956 7523 7524 8958
f 8958 8960 8959 8957
f 8958 7524 7525 8960
f 8960 8962 8961 8959
f 8960 7525 7526 8962
f 8962 8964 8963 8961
f 8962 7526 7527 8964
f 8964 8966 8965 8963
f 8964 7527 7528 8966
f 8966 8968 8967 8965
f 8966 7528 7529 8968
f 8968 8970 8969 8967
f 8968 7529 7530 8970
f 8970 8972 8971 8969
f 8970 7530 7531 8972
f 8972 8974 8973 8971
f 8972 7531 7532 8974
f 8974 8976 8975 8973
f 8974 7532 7533 8976
f 8976 8978 8977 8975
f 8976 7533 7534 8978
f 8978 8980 8979 8977
f 8978 7534 7535 8980
f 8980 8982 8981 8979
f 8980 7535 7536 8982
f 8982 8984 8983 8981
f 8982 7536 7537 8984
f 8984 8986 8985 8983
f 8984 7537 7538 8986
f 8986 8988 8987 8985
f 8986 7538 7539 8988
f 8988 8990 8989 8987
f 8988 7539 7540 8990
f 8990 8992 8991 8989
f 8990 7540 7541 8992
f 8992 8994 8993 8991
f 8992 7541 7542 8994
f 8994 8996 8995 8993
f 8994 7542 7543 8996
f 8996 8998 8997 8995
f 8996 7543 7544 8998
f 8998 9000 8999 8997
f 8998 7544 7545 9000
f 9000 9002 9001 8999
f 9000 7545 7546 9002
f 9002 9004 9003 9001
f 9002 7546 7547 9004
f 9004 7182 7183 9003
f 9004 7547 7186 7182
f 9003 9006 9005 9001
f 9003 7183 9007 9006
f 9007 9009 9008 9006
f 9007 9011 9010 9009
f 9007 7183 7184 9011
f 9011 9013 9012 9010
f 9011 7184 7189 9013
f 9013 9015 9014 9012
f 9013 7189 9016 9015
f 9016 7189 7190 9017
f 9016 9019 9018 9015
f 9016 9017 9020 9019
f 9020 9017 9022 9021
f 9020 9024 9023 9019
f 9020 9021 9025 9024
f 9025 9021 9027 9026
f 9025 9029 9028 9024
f 9025 9026 9030 9029
f 9030 9026 9032 9031
f 9030 9034 9033 9029
f 9030 9031 9035 9034
f 9035 9031 9037 9036
f 9035 9039 9038 9034
f 9035 9036 9040 9039
f 9040 9036 9042 9041
f 9040 9044 9043 9039
f 9040 9041 9045 9044
f 9045 9041 9047 9046
f 9045 9049 9048 9044
f 9045 9046 9050 9049
f 9050 9046 9052 9051
f 9050 9054 9053 9049
f 9050 9051 9055 9054
f 9055 9051 9057 9056
f 9055 9059 9058 9054
f 9055 9056 9060 9059
f 9060 9056 9062 9061
f 9060 9064 9063 9059
f 9060 9061 9065 9064
f 9065 9061 9067 9066
f 9065 9069 9068 9064
f 9065 9066 9070 9069
f 9070 9073 9072 9071
f 9070 9066 9074 9073
f 9070 9071 9075 9069
f 9075 9071 9077 9076
f 9075 9078 9068 9069
f 9075 9076 7366 9078
f 9078 9080 9079 9068
f 9078 7366 7367 9080
f 9080 9082 9081 9079
f 9080 7367 7368 9082
f 9082 9084 9083 9081
f 9082 7368 9085 9084
f 9085 9087 9086 9084
f 9085 9089 9088 9087
f 9085 7368 7363 9089
f 9089 9091 9090 9088
f 9089 7363 7364 9091
f 9091 9093 9092 9090
f 9091 7364 9094 9093
f 9094 9096 9095 9093
f 9094 9098 9097 9096
f 9094 7364 7365 9098
f 9098 9076 9077 9097
f 9098 7365 7366 9076
f 9097 9100 9099 9096
f 9097 9077 9101 9100
f 9101 9103 9102 9100
f 9101 9072 9104 9103
f 9101 9077 9071 9072
f 9104 9106 9105 9103
f 9104 9108 9107 9106
f 9104 9072 9073 9108
f 9108 9110 9109 9107
f 9108 9073 9074 9110
f 9110 9112 9111 9109
f 9110 9074 9113 9112
f 9113 9115 9114 9112
f 9113 9067 9116 9115
f 9113 9074 9066 9067
f 9116 9118 9117 9115
f 9116 9062 9119 9118
f 9116 9067 9061 9062
f 9119 9121 9120 9118
f 9119 9057 9122 9121
f 9119 9062 9056 9057
f 9122 9124 9123 9121
f 9122 9052 9125 9124
f 9122 9057 9051 9052
f 9125 9127 9126 9124
f 9125 9047 9128 9127
f 9125 9052 9046 9047
f 9128 9130 9129 9127
f 9128 9042 9131 9130
f 9128 9047 9041 9042
f 9131 9133 9132 9130
f 9131 9037 9134 9133
f 9131 9042 9036 9037
f 9134 9136 9135 9133
f 9134 9032 9137 9136
f 9134 9037 9031 9032
f 9137 9139 9138 9136
f 9137 9027 9140 9139
f 9137 9032 9026 9027
f 9140 9142 9141 9139
f 9140 9022 7191 9142
f 9140 9027 9021 9022
f 9142 9144 9143 9141
f 9142 7191 7187 9144
f 9144 7548 7549 9143
f 9144 7187 7188 7548
f 9143 7549 7550 9145
f 9143 9145 9146 9141
f 9146 9145 9148 9147
f 9146 9138 9139 9141
f 9146 9147 9149 9138
f 9149 9147 7181 9150
f 9149 9135 9136 9138
f 9149 9150 9151 9135
f 9151 9150 9153 9152
f 9151 9132 9133 9135
f 9151 9152 9154 9132
f 9154 9152 9156 9155
f 9154 9129 9130 9132
f 9154 9155 9157 9129
f 9157 9155 9159 9158
f 9157 9126 9127 9129
f 9157 9158 9160 9126
f 9160 9158 9162 9161
f 9160 9123 9124 9126
f 9160 9161 9163 9123
f 9163 9161 9165 9164
f 9163 9120 9121 9123
f 9163 9164 9166 9120
f 9166 9164 9168 9167
f 9166 9117 9118 9120
f 9166 9167 9169 9117
f 9169 9167 7351 7352
f 9169 9114 9115 9117
f 9169 7352 9170 9114
f 9170 9172 9171 9111
f 9170 7352 7353 9172
f 9170 9111 9112 9114
f 9172 9174 9173 9171
f 9172 7353 7356 9174
f 9174 9176 9175 9173
f 9174 7356 9177 9176
f 9177 9179 9178 9176
f 9177 9181 9180 9179
f 9177 7356 7354 9181
f 9181 9183 9182 9180
f 9181 7354 7355 9183
f 9183 9185 9184 9182
f 9183 7355 9168 9185
f 9185 9165 9186 9184
f 9185 9168 9164 9165
f 9186 9188 9187 9184
f 9186 9162 9189 9188
f 9186 9165 9161 9162
f 9189 9191 9190 9188
f 9189 9159 9192 9191
f 9189 9162 9158 9159
f 9192 9194 9193 9191
f 9192 9156 9195 9194
f 9192 9159 9155 9156
f 9195 7176 9196 9194
f 9195 9153 7175 7176
f 9195 9156 9152 9153
f 9196 9199 9198 9197
f 9196 7176 7177 9199
f 9196 9197 9193 9194
f 9199 9201 9200 9198
f 9199 7177 7180 9201
f 9201 9202 7200 9200
f 9201 7180 9203 9202
f 9203 9205 9204 9202
f 9203 9207 9206 9205
f 9203 7180 7178 9207
f 9207 7552 7553 9206
f 9207 7178 7179 7552
f 9206 9209 9208 9205
f 9206 7553 7554 9209
f 9209 7557 7559 9208
f 9209 7554 7555 7557
f 9208 9210 9204 9205
f 9208 7559 7561 9210
f 9210 7198 7199 9204
f 9210 7561 7563 7198
f 9204 7199 7200 9202
f 9200 9212 9211 9198
f 9200 7200 7192 9212
f 9212 9214 9213 9211
f 9212 7192 7193 9214
f 9214 7255 7256 9213
f 9214 7193 9215 7255
f 9215 7118 7119 9216
f 9215 7193 7194 7118
f 9215 9216 7254 7255
f 9216 7119 7120 9217
f 9216 9217 7259 7254
f 9217 9219 9218 7259
f 9217 7120 9220 9219
f 9220 7120 7115 9221
f 9220 9223 9222 9219
f 9220 9221 9224 9223
f 9224 9221 9226 9225
f 9224 9228 9227 9223
f 9224 9225 9229 9228
f 9229 9225 9231 9230
f 9229 9233 9232 9228
f 9229 9230 9234 9233
f 9234 9230 9236 9235
f 9234 9238 9237 9233
f 9234 9235 9239 9238
f 9239 9235 9241 9240
f 9239 9243 9242 9238
f 9239 9240 9244 9243
f 9244 9240 9246 9245
f 9244 9248 9247 9243
f 9244 9245 9249 9248
f 9249 9245 9251 9250
f 9249 9253 9252 9248
f 9249 9250 9254 9253
f 9254 9250 9256 9255
f 9254 9258 9257 9253
f 9254 9255 9259 9258
f 9259 9255 9261 9260
f 9259 9263 9262 9258
f 9259 9260 9264 9263
f 9264 9260 9266 9265
f 9264 9268 9267 9263
f 9264 9265 9269 9268
f 9269 9265 9271 9270
f 9269 9273 9272 9268
f 9269 9270 9274 9273
f 9274 9270 9276 9275
f 9274 7362 7357 9273
f 9274 9275 9277 7362
f 9277 9280 9279 9278
f 9277 9275 9281 9280
f 9277 9278 7361 7362
f 9281 9283 9282 9280
f 9281 9285 9284 9283
f 9281 9275 9276 9285
f 9285 9287 9286 9284
f 9285 9276 9288 9287
f 9288 9290 9289 9287
f 9288 9271 9291 9290
f 9288 9276 9270 9271
f 9291 9293 9292 9290
f 9291 9266 9294 9293
f 9291 9271 9265 9266
f 9294 9296 9295 9293
f 9294 9261 9297 9296
f 9294 9266 9260 9261
f 9297 9299 9298 9296
f 9297 9256 9300 9299
f 9297 9261 9255 9256
f 9300 9302 9301 9299
f 9300 9251 9303 9302
f 9300 9256 9250 9251
f 9303 9305 9304 9302
f 9303 9246 9306 9305
f 9303 9251 9245 9246
f 9306 9308 9307 9305
f 9306 9241 9309 9308
f 9306 9246 9240 9241
f 9309 9311 9310 9308
f 9309 9236 9312 9311
f 9309 9241 9235 9236
f 9312 9314 9313 9311
f 9312 9231 9315 9314
f 9312 9236 9230 9231
f 9315 9317 9316 9314
f 9315 9226 7116 9317
f 9315 9231 9225 9226
f 9317 9319 9318 9316
f 9317 7116 7112 9319
f 9319 9321 9320 9318
f 9319 7112 7113 9321
f 9321 9323 9322 9320
f 9321 7113 9324 9323
f 9324 9326 9325 9323
f 9324 9328 9327 9326
f 9324 7113 7114 9328
f 9328 9330 9329 9327
f 9328 7114 7121 9330
f 9330 9332 9331 9329
f 9330 7121 9333 9332
f 9333 9335 9334 9332
f 9333 7201 7195 9335
f 9333 7121 7117 7201
f 9335 9337 9336 9334
f 9335 7195 7196 9337
f 9337 9339 9338 9336
f 9337 7196 9340 9339
f 9340 9341 7373 9339
f 9340 9342 7566 9341
f 9340 7196 7197 9342
f 9342 7563 7564 7566
f 9342 7197 7198 7563
f 9341 9343 7372 7373
f 9341 7566 7567 9343
f 9343 9344 7374 7372
f 9343 7567 7568 9344
f 9344 7133 7134 7374
f 9344 7568 7570 7133
f 9339 7373 7369 9338
f 9338 9346 9345 9336
f 9338 7369 7370 9346
f 9346 9348 9347 9345
f 9346 7370 9349 9348
f 9349 9351 9350 9348
f 9349 7139 7140 9351
f 9349 7370 7371 7139
f 9351 9353 9352 9350
f 9351 7140 7141 9353
f 9353 9355 9354 9352
f 9353 7141 7154 9355
f 9355 9357 9356 9354
f 9355 7154 7152 9357
f 9357 9359 9358 9356
f 9357 7152 7153 9359
f 9359 9361 9360 9358
f 9359 7153 9362 9361
f 9362 9364 9363 9361
f 9362 7216 7171 9364
f 9362 7153 7148 7216
f 9364 9366 9365 9363
f 9364 7171 7165 9366
f 9366 9368 9367 9365
f 9366 7165 7166 9368
f 9368 9370 9369 9367
f 9368 7166 9371 9370
f 9371 9373 9372 9370
f 9371 9375 9374 9373
f 9371 7166 7167 9375
f 9375 9377 9376 9374
f 9375 7167 7168 9377
f 9377 9379 9378 9376
f 9377 7168 9380 9379
f 9380 9382 9381 9379
f 9380 9384 9383 9382
f 9380 7168 7162 9384
f 9384 9386 9385 9383
f 9384 7162 7163 9386
f 9386 9388 9387 9385
f 9386 7163 9389 9388
f 9389 7163 7164 9390
f 9389 9392 9391 9388
f 9389 9390 9393 9392
f 9393 9390 9395 9394
f 9393 9397 9396 9392
f 9393 9394 9398 9397
f 9398 9394 9400 9399
f 9398 9402 9401 9397
f 9398 9399 9403 9402
f 9403 9399 9405 9404
f 9403 9407 9406 9402
f 9403 9404 9408 9407
f 9408 9404 9410 9409
f 9408 9412 9411 9407
f 9408 9409 7708 9412
f 9412 7711 9413 9411
f 9412 7708 7709 7711
f 9413 9415 9414 9411
f 9413 9417 9416 9415
f 9413 7711 7712 9417
f 9417 7715 7716 9416
f 9417 7712 7713 7715
f 9416 9419 9418 9415
f 9416 7716 7717 9419
f 9419 9421 9420 9418
f 9419 7717 7718 9421
f 9421 9423 9422 9420
f 9421 7718 7719 9423
f 9423 7722 7724 9422
f 9423 7719 7720 7722
f 9422 9425 9424 9420
f 9422 7724 9426 9425
f 9426 9428 9427 9425
f 9426 7727 9429 9428
f 9426 7724 7725 7727
f 9429 9431 9430 9428
f 9429 9433 9432 9431
f 9429 7727 7728 9433
f 9433 7731 7732 9432
f 9433 7728 7729 7731
f 9432 9435 9434 9431
f 9432 7732 7733 9435
f 9435 9437 9436 9434
f 9435 7733 7734 9437
f 9437 9439 9438 9436
f 9437 7734 7735 9439
f 9439 9441 9440 9438
f 9439 7735 7736 9441
f 9441 9443 9442 9440
f 9441 7736 7737 9443
f 9443 9445 9444 9442
f 9443 7737 7738 9445
f 9445 9447 9446 9444
f 9445 7738 7739 9447
f 9447 9449 9448 9446
f 9447 7739 7740 9449
f 9449 9451 9450 9448
f 9449 7740 7741 9451
f 9451 9453 9452 9450
f 9451 7741 7742 9453
f 9453 9455 9454 9452
f 9453 7742 7743 9455
f 9455 9457 9456 9454
f 9455 7743 7744 9457
f 9457 9459 9458 9456
f 9457 7744 7745 9459
f 9459 9461 9460 9458
f 9459 7745 7746 9461
f 9461 9463 9462 9460
f 9461 7746 7747 9463
f 9463 9465 9464 9462
f 9463 7747 7748 9465
f 9465 9467 9466 9464
f 9465 7748 7749 9467
f 9467 9469 9468 9466
f 9467 7749 7750 9469
f 9469 9471 9470 9468
f 9469 7750 7751 9471
f 9471 9473 9472 9470
f 9471 7751 7752 9473
f 9473 9475 9474 9472
f 9473 7752 7753 9475
f 9475 9477 9476 9474
f 9475 7753 7754 9477
f 9477 9479 9478 9476
f 9477 7754 7755 9479
f 9479 9481 9480 9478
f 9479 7755 7756 9481
f 9481 9483 9482 9480
f 9481 7756 7757 9483
f 9483 9485 9484 9482
f 9483 7757 7758 9485
f 9485 9487 9486 9484
f 9485 7758 7759 9487
f 9487 9489 9488 9486
f 9487 7759 7760 9489
f 9489 9491 9490 9488
f 9489 7760 7761 9491
f 9491 9493 9492 9490
f 9491 7761 7762 9493
f 9493 9495 9494 9492
f 9493 7762 7763 9495
f 9495 9497 9496 9494
f 9495 7763 7764 9497
f 9497 9499 9498 9496
f 9497 7764 7765 9499
f 9499 9501 9500 9498
f 9499 7765 7766 9501
f 9501 9503 9502 9500
f 9501 7766 7767 9503
f 9503 9505 9504 9502
f 9503 7767 7768 9505
f 9505 9507 9506 9504
f 9505 7768 7769 9507
f 9507 9509 9508 9506
f 9507 7769 7770 9509
f 9509 9511 9510 9508
f 9509 7770 7771 9511
f 9511 9513 9512 9510
f 9511 7771 7772 9513
f 9513 7244 7238 9512
f 9513 7772 7773 7244
f 9512 9515 9514 9510
f 9512 7238 7239 9515
f 9515 9517 9516 9514
f 9515 7239 9518 9517
f 9518 9520 9519 9517
f 9518 9522 9521 9520
f 9518 7239 7240 9522
f 9522 9524 9523 9521
f 9522 7240 7241 9524
f 9524 9526 9525 9523
f 9524 7241 9527 9526
f 9527 7241 7242 9528
f 9527 9530 9529 9526
f 9527 9528 9531 9530
f 9531 9528 9533 9532
f 9531 9535 9534 9530
f 9531 9532 9536 9535
f 9536 9532 9538 9537
f 9536 9540 9539 9535
f 9536 9537 9541 9540
f 9541 9537 9543 9542
f 9541 9545 9544 9540
f 9541 9542 9546 9545
f 9546 9542 9548 9547
f 9546 9550 9549 9545
f 9546 9547 9551 9550
f 9551 9547 9553 9552
f 9551 9555 9554 9550
f 9551 9552 9556 9555
f 9556 9552 9558 9557
f 9556 9560 9559 9555
f 9556 9557 9561 9560
f 9561 9557 9563 9562
f 9561 9565 9564 9560
f 9561 9562 9566 9565
f 9566 9562 9568 9567
f 9566 9570 9569 9565
f 9566 9567 9571 9570
f 9571 9567 9573 9572
f 9571 9575 9574 9570
f 9571 9572 9576 9575
f 9576 9572 9578 9577
f 9576 9580 9579 9575
f 9576 9577 9581 9580
f 9581 9577 9583 9582
f 9581 9585 9584 9580
f 9581 9582 9586 9585
f 9586 9582 9588 9587
f 9586 9590 9589 9585
f 9586 9587 9591 9590
f 9591 9587 9593 9592
f 9591 9595 9594 9590
f 9591 9592 9596 9595
f 9596 9592 9598 9597
f 9596 9600 9599 9595
f 9596 9597 9601 9600
f 9601 9597 9603 9602
f 9601 9605 9604 9600
f 9601 9602 9606 9605
f 9606 9602 9608 9607
f 9606 9610 9609 9605
f 9606 9607 9611 9610
f 9611 9607 9613 9612
f 9611 9615 9614 9610
f 9611 9612 9616 9615
f 9616 9612 9618 9617
f 9616 9620 9619 9615
f 9616 9617 9621 9620
f 9621 9617 9623 9622
f 9621 9625 9624 9620
f 9621 9622 9626 9625
f 9626 9622 9628 9627
f 9626 9630 9629 9625
f 9626 9627 9631 9630
f 9631 9627 9633 9632
f 9631 9635 9634 9630
f 9631 9632 9636 9635
f 9636 9632 9638 9637
f 9636 9640 9639 9635
f 9636 9637 9641 9640
f 9641 9637 9643 9642
f 9641 9645 9644 9640
f 9641 9642 9646 9645
f 9646 9642 9648 9647
f 9646 8897 8899 9645
f 9646 9647 8895 8897
f 9648 9651 9650 9649
f 9648 9642 9643 9651
f 9648 9649 9652 9647
f 9652 9649 9654 9653
f 9652 8893 8895 9647
f 9652 9653 8891 8893
f 9654 9657 9656 9655
f 9654 9649 9650 9657
f 9654 9655 9658 9653
f 9658 9655 9660 9659
f 9658 8889 8891 9653
f 9658 9659 8887 8889
f 9660 9663 9662 9661
f 9660 9655 9656 9663
f 9660 9661 9664 9659
f 9664 9661 9666 9665
f 9664 8885 8887 9659
f 9664 9665 8883 8885
f 9666 9669 9668 9667
f 9666 9661 9662 9669
f 9666 9667 9670 9665
f 9670 9667 9672 9671
f 9670 8881 8883 9665
f 9670 9671 8879 8881
f 9672 9675 9674 9673
f 9672 9667 9668 9675
f 9672 9673 9676 9671
f 9676 9673 9678 9677
f 9676 8877 8879 9671
f 9676 9677 8875 8877
f 9678 9681 9680 9679
f 9678 9673 9674 9681
f 9678 9679 9682 9677
f 9682 9679 9684 9683
f 9682 8873 8875 9677
f 9682 9683 8871 8873
f 9684 9687 9686 9685
f 9684 9679 9680 9687
f 9684 9685 9688 9683
f 9688 9685 9690 9689
f 9688 8869 8871 9683
f 9688 9689 8867 8869
f 9690 9693 9692 9691
f 9690 9685 9686 9693
f 9690 9691 9694 9689
f 9694 9691 9696 9695
f 9694 8865 8867 9689
f 9694 9695 8863 8865
f 9696 9699 9698 9697
f 9696 9691 9692 9699
f 9696 9697 9700 9695
f 9700 9697 9702 9701
f 9700 8861 8863 9695
f 9700 9701 8859 8861
f 9702 9705 9704 9703
f 9702 9697 9698 9705
f 9702 9703 9706 9701
f 9706 9703 9708 9707
f 9706 8857 8859 9701
f 9706 9707 8855 8857
f 9708 9711 9710 9709
f 9708 9703 9704 9711
f 9708 9709 9712 9707
f 9712 9709 9714 9713
f 9712 8853 8855 9707
f 9712 9713 8851 8853
f 9714 9717 9716 9715
f 9714 9709 9710 9717
f 9714 9715 9718 9713
f 9718 9715 9720 9719
f 9718 8849 8851 9713
f 9718 9719 8847 8849
f 9720 7969 7970 7974
f 9720 9715 9716 7969
f 9720 7974 9721 9719
f 9721 7974 7975 7979
f 9721 8845 8847 9719
f 9721 7979 8843 8845
f 9717 9722 7964 9716
f 9717 9710 9723 9722
f 9723 9724 7959 9722
f 9723 9726 9725 9724
f 9723 9710 9711 9726
f 9726 9728 9727 9725
f 9726 9711 9704 9728
f 9728 9730 9729 9727
f 9728 9704 9705 9730
f 9730 9732 9731 9729
f 9730 9705 9698 9732
f 9732 9734 9733 9731
f 9732 9698 9699 9734
f 9734 9736 9735 9733
f 9734 9699 9692 9736
f 9736 9738 9737 9735
f 9736 9692 9693 9738
f 9738 9740 9739 9737
f 9738 9693 9686 9740
f 9740 9742 9741 9739
f 9740 9686 9687 9742
f 9742 9744 9743 9741
f 9742 9687 9680 9744
f 9744 9746 9745 9743
f 9744 9680 9681 9746
f 9746 9748 9747 9745
f 9746 9681 9674 9748
f 9748 9750 9749 9747
f 9748 9674 9675 9750
f 9750 9752 9751 9749
f 9750 9675 9668 9752
f 9752 9754 9753 9751
f 9752 9668 9669 9754
f 9754 9756 9755 9753
f 9754 9669 9662 9756
f 9756 9758 9757 9755
f 9756 9662 9663 9758
f 9758 9760 9759 9757
f 9758 9663 9656 9760
f 9760 9762 9761 9759
f 9760 9656 9657 9762
f 9762 9764 9763 9761
f 9762 9657 9650 9764
f 9764 9766 9765 9763
f 9764 9650 9651 9766
f 9766 9768 9767 9765
f 9766 9651 9643 9768
f 9768 9638 9769 9767
f 9768 9643 9637 9638
f 9769 9771 9770 9767
f 9769 9633 9772 9771
f 9769 9638 9632 9633
f 9772 9774 9773 9771
f 9772 9628 9775 9774
f 9772 9633 9627 9628
f 9775 9777 9776 9774
f 9775 9623 9778 9777
f 9775 9628 9622 9623
f 9778 9780 9779 9777
f 9778 9618 9781 9780
f 9778 9623 9617 9618
f 9781 9783 9782 9780
f 9781 9613 9784 9783
f 9781 9618 9612 9613
f 9784 9786 9785 9783
f 9784 9608 9787 9786
f 9784 9613 9607 9608
f 9787 9789 9788 9786
f 9787 9603 9790 9789
f 9787 9608 9602 9603
f 9790 9792 9791 9789
f 9790 9598 9793 9792
f 9790 9603 9597 9598
f 9793 9795 9794 9792
f 9793 9593 9796 9795
f 9793 9598 9592 9593
f 9796 9798 9797 9795
f 9796 9588 9799 9798
f 9796 9593 9587 9588
f 9799 9801 9800 9798
f 9799 9583 9802 9801
f 9799 9588 9582 9583
f 9802 9804 9803 9801
f 9802 9578 9805 9804
f 9802 9583 9577 9578
f 9805 9807 9806 9804
f 9805 9573 9808 9807
f 9805 9578 9572 9573
f 9808 9810 9809 9807
f 9808 9568 9811 9810
f 9808 9573 9567 9568
f 9811 9813 9812 9810
f 9811 9563 9814 9813
f 9811 9568 9562 9563
f 9814 9816 9815 9813
f 9814 9558 9817 9816
f 9814 9563 9557 9558
f 9817 9819 9818 9816
f 9817 9553 9820 9819
f 9817 9558 9552 9553
f 9820 9822 9821 9819
f 9820 9548 9823 9822
f 9820 9553 9547 9548
f 9823 9825 9824 9822
f 9823 9543 9826 9825
f 9823 9548 9542 9543
f 9826 9828 9827 9825
f 9826 9538 9829 9828
f 9826 9543 9537 9538
f 9829 9831 9830 9828
f 9829 9533 7247 9831
f 9829 9538 9532 9533
f 9831 9833 9832 9830
f 9831 7247 7245 9833
f 9833 9835 9834 9832
f 9833 7245 7246 9835
f 9835 7776 7777 9834
f 9835 7246 7775 7776
f 9834 7777 7778 9836
f 9834 9836 9837 9832
f 9837 9836 9839 9838
f 9837 9840 9830 9832
f 9837 9838 9841 9840
f 9841 9838 9843 9842
f 9841 9844 9827 9840
f 9841 9842 9845 9844
f 9845 9842 9847 9846
f 9845 9848 9824 9844
f 9845 9846 9849 9848
f 9849 9846 9851 9850
f 9849 9852 9821 9848
f 9849 9850 9853 9852
f 9853 9850 9855 9854
f 9853 9856 9818 9852
f 9853 9854 9857 9856
f 9857 9854 9859 9858
f 9857 9860 9815 9856
f 9857 9858 9861 9860
f 9861 9858 9863 9862
f 9861 9864 9812 9860
f 9861 9862 9865 9864
f 9865 9862 9867 9866
f 9865 9868 9809 9864
f 9865 9866 9869 9868
f 9869 9866 9871 9870
f 9869 9872 9806 9868
f 9869 9870 9873 9872
f 9873 9870 9875 9874
f 9873 9876 9803 9872
f 9873 9874 9877 9876
f 9877 9874 9879 9878
f 9877 9880 9800 9876
f 9877 9878 9881 9880
f 9881 9878 9883 9882
f 9881 9884 9797 9880
f 9881 9882 9885 9884
f 9885 9882 9887 9886
f 9885 9888 9794 9884
f 9885 9886 9889 9888
f 9889 9886 9891 9890
f 9889 9892 9791 9888
f 9889 9890 9893 9892
f 9893 9890 9895 9894
f 9893 9896 9788 9892
f 9893 9894 9897 9896
f 9897 9894 9899 9898
f 9897 9900 9785 9896
f 9897 9898 9901 9900
f 9901 9898 9903 9902
f 9901 9904 9782 9900
f 9901 9902 9905 9904
f 9905 9902 9907 9906
f 9905 9908 9779 9904
f 9905 9906 9909 9908
f 9909 9906 9911 9910
f 9909 9912 9776 9908
f 9909 9910 9913 9912
f 9913 9910 9915 9914
f 9913 9916 9773 9912
f 9913 9914 9917 9916
f 9917 9914 7306 7307
f 9917 9918 9770 9916
f 9917 7307 9919 9918
f 9919 7307 7301 9920
f 9919 9763 9765 9918
f 9919 9920 9761 9763
f 9920 7301 7302 9921
f 9920 9921 9759 9761
f 9921 7302 9923 9922
f 9921 9922 9757 9759
f 9923 9926 9925 9924
f 9923 7302 7303 9926
f 9923 9924 9927 9922
f 9927 9924 9929 9928
f 9927 9755 9757 9922
f 9927 9928 9753 9755
f 9929 9932 9931 9930
f 9929 9924 9925 9932
f 9929 9930 9933 9928
f 9933 9930 9935 9934
f 9933 9751 9753 9928
f 9933 9934 9749 9751
f 9935 9938 9937 9936
f 9935 9930 9931 9938
f 9935 9936 9939 9934
f 9939 9936 9941 9940
f 9939 9747 9749 9934
f 9939 9940 9745 9747
f 9941 9944 9943 9942
f 9941 9936 9937 9944
f 9941 9942 9945 9940
f 9945 9942 9947 9946
f 9945 9743 9745 9940
f 9945 9946 9741 9743
f 9947 7131 7122 9948
f 9947 9942 9943 7131
f 9947 9948 9949 9946
f 9949 9948 9951 9950
f 9949 9739 9741 9946
f 9949 9950 9737 9739
f 9951 7123 9953 9952
f 9951 9948 7122 7123
f 9951 9952 9954 9950
f 9954 9952 9956 9955
f 9954 9735 9737 9950
f 9954 9955 9733 9735
f 9956 9959 9958 9957
f 9956 9952 9953 9959
f 9956 9957 9960 9955
f 9960 9957 9962 9961
f 9960 9731 9733 9955
f 9960 9961 9729 9731
f 9962 9964 7944 9963
f 9962 9957 9958 9964
f 9962 9963 9965 9961
f 9965 9963 7949 9966
f 9965 9727 9729 9961
f 9965 9966 9725 9727
f 9966 7949 7950 7954
f 9966 7954 9724 9725
f 9964 7939 7940 7944
f 9964 9958 9967 7939
f 9967 7934 7935 7939
f 9967 9969 9968 7934
f 9967 9958 9959 9969
f 9969 9971 9970 9968
f 9969 9959 9953 9971
f 9971 7124 7130 9970
f 9971 9953 7123 7124
f 9970 9972 7929 9968
f 9970 7130 9973 9972
f 9973 9974 7924 9972
f 9973 9975 7908 9974
f 9973 7130 7125 9975
f 9975 7903 7904 7908
f 9975 7125 7126 7903
f 9974 7913 7920 7924
f 9974 7908 7909 7913
f 9972 7924 7925 7929
f 9968 7929 7930 7934
f 9963 7944 7945 7949
f 9944 9977 9976 9943
f 9944 9937 9978 9977
f 9978 9980 9979 9977
f 9978 9982 9981 9980
f 9978 9937 9938 9982
f 9982 9984 9983 9981
f 9982 9938 9931 9984
f 9984 9986 9985 9983
f 9984 9931 9932 9986
f 9986 9988 9987 9985
f 9986 9932 9925 9988
f 9988 9990 9989 9987
f 9988 9925 9926 9990
f 9990 9992 9991 9989
f 9990 9926 7303 9992
f 9992 9994 9993 9991
f 9992 7303 7097 9994
f 9994 9996 9995 9993
f 9994 7097 7304 9996
f 9996 9998 9997 9995
f 9996 7304 9999 9998
f 9999 10001 10000 9998
f 9999 10003 10002 10001
f 9999 7304 7305 10003
f 10003 10005 10004 10002
f 10003 7305 9915 10005
f 10005 9911 10006 10004
f 10005 9915 9910 9911
f 10006 10008 10007 10004
f 10006 9907 10009 10008
f 10006 9911 9906 9907
f 10009 10011 10010 10008
f 10009 9903 10012 10011
f 10009 9907 9902 9903
f 10012 10014 10013 10011
f 10012 9899 10015 10014
f 10012 9903 9898 9899
f 10015 10017 10016 10014
f 10015 9895 10018 10017
f 10015 9899 9894 9895
f 10018 10020 10019 10017
f 10018 9891 10021 10020
f 10018 9895 9890 9891
f 10021 10023 10022 10020
f 10021 9887 10024 10023
f 10021 9891 9886 9887
f 10024 10026 10025 10023
f 10024 9883 10027 10026
f 10024 9887 9882 9883
f 10027 10029 10028 10026
f 10027 9879 10030 10029
f 10027 9883 9878 9879
f 10030 10032 10031 10029
f 10030 9875 10033 10032
f 10030 9879 9874 9875
f 10033 10035 10034 10032
f 10033 9871 10036 10035
f 10033 9875 9870 9871
f 10036 10038 10037 10035
f 10036 9867 10039 10038
f 10036 9871 9866 9867
f 10039 10041 10040 10038
f 10039 9863 10042 10041
f 10039 9867 9862 9863
f 10042 10044 10043 10041
f 10042 9859 10045 10044
f 10042 9863 9858 9859
f 10045 10047 10046 10044
f 10045 9855 10048 10047
f 10045 9859 9854 9855
f 10048 10050 10049 10047
f 10048 9851 10051 10050
f 10048 9855 9850 9851
f 10051 10053 10052 10050
f 10051 9847 10054 10053
f 10051 9851 9846 9847
f 10054 10056 10055 10053
f 10054 9843 10057 10056
f 10054 9847 9842 9843
f 10057 7780 7781 10056
f 10057 9839 7779 7780
f 10057 9843 9838 9839
f 10056 7781 7782 10055
f 10055 7782 7783 10058
f 10055 10058 10052 10053
f 10058 7783 7784 10059
f 10058 10059 10060 10052
f 10060 10059 10062 10061
f 10060 10049 10050 10052
f 10060 10061 10063 10049
f 10063 10061 10065 10064
f 10063 10046 10047 10049
f 10063 10064 10066 10046
f 10066 10064 10068 10067
f 10066 10043 10044 10046
f 10066 10067 10069 10043
f 10069 10067 10071 10070
f 10069 10040 10041 10043
f 10069 10070 10072 10040
f 10072 10070 10074 10073
f 10072 10037 10038 10040
f 10072 10073 10075 10037
f 10075 10073 10077 10076
f 10075 10034 10035 10037
f 10075 10076 10078 10034
f 10078 10076 10080 10079
f 10078 10031 10032 10034
f 10078 10079 10081 10031
f 10081 10079 10083 10082
f 10081 10028 10029 10031
f 10081 10082 10084 10028
f 10084 10082 10086 10085
f 10084 10025 10026 10028
f 10084 10085 10087 10025
f 10087 10085 10089 10088
f 10087 10022 10023 10025
f 10087 10088 10090 10022
f 10090 10088 10092 10091
f 10090 10019 10020 10022
f 10090 10091 10093 10019
f 10093 10091 10095 10094
f 10093 10016 10017 10019
f 10093 10094 10096 10016
f 10096 10094 10098 10097
f 10096 10013 10014 10016
f 10096 10097 10099 10013
f 10099 10097 10101 10100
f 10099 10010 10011 10013
f 10099 10100 10102 10010
f 10102 10100 10104 10103
f 10102 10007 10008 10010
f 10102 10103 10105 10007
f 10105 10103 10107 10106
f 10105 10002 10004 10007
f 10105 10106 10001 10002
f 10107 10110 10109 10108
f 10107 10103 10104 10110
f 10107 10108 10111 10106
f 10111 10108 10113 10112
f 10111 10000 10001 10106
f 10111 10112 10114 10000
f 10114 10112 10116 10115
f 10114 9997 9998 10000
f 10114 10115 10117 9997
f 10117 10115 10119 10118
f 10117 7299 9995 9997
f 10117 10118 7298 7299
f 10119 10122 10121 10120
f 10119 10115 10116 10122
f 10119 10120 10123 10118
f 10123 10120 10125 10124
f 10123 7300 7298 10118
f 10123 10124 10126 7300
f 10126 10124 10128 10127
f 10126 10129 7297 7300
f 10126 10127 10130 10129
f 10130 10127 10132 10131
f 10130 10134 10133 10129
f 10130 10131 10135 10134
f 10135 10131 10137 10136
f 10135 9985 9987 10134
f 10135 10136 9983 9985
f 10137 10140 10139 10138
f 10137 10131 10132 10140
f 10137 10138 10141 10136
f 10141 10138 10143 10142
f 10141 9981 9983 10136
f 10141 10142 9980 9981
f 10143 10146 10145 10144
f 10143 10138 10139 10146
f 10143 10144 10147 10142
f 10147 10144 10149 10148
f 10147 9979 9980 10142
f 10147 10148 10150 9979
f 10150 10148 10151 7128
f 10150 9976 9977 9979
f 10150 7128 7129 9976
f 10151 10153 7893 10152
f 10151 10148 10149 10153
f 10151 10152 7127 7128
f 10153 7888 7889 7893
f 10153 10149 10154 7888
f 10154 7883 7884 7888
f 10154 10145 10155 7883
f 10154 10149 10144 10145
f 10155 7878 7879 7883
f 10155 10157 10156 7878
f 10155 10145 10146 10157
f 10157 10159 10158 10156
f 10157 10146 10139 10159
f 10159 10161 10160 10158
f 10159 10139 10140 10161
f 10161 10163 10162 10160
f 10161 10140 10132 10163
f 10163 10128 10164 10162
f 10163 10132 10127 10128
f 10164 10166 10165 10162
f 10164 10125 10167 10166
f 10164 10128 10124 10125
f 10167 10169 10168 10166
f 10167 10121 10170 10169
f 10167 10125 10120 10121
f 10170 10172 10171 10169
f 10170 10174 10173 10172
f 10170 10121 10122 10174
f 10174 10176 10175 10173
f 10174 10122 10116 10176
f 10176 10113 10177 10175
f 10176 10116 10112 10113
f 10177 10179 10178 10175
f 10177 10109 10180 10179
f 10177 10113 10108 10109
f 10180 10182 10181 10179
f 10180 10184 10183 10182
f 10180 10109 10110 10184
f 10184 10186 10185 10183
f 10184 10110 10104 10186
f 10186 10101 10187 10185
f 10186 10104 10100 10101
f 10187 10189 10188 10185
f 10187 10098 10190 10189
f 10187 10101 10097 10098
f 10190 10192 10191 10189
f 10190 10095 10193 10192
f 10190 10098 10094 10095
f 10193 10195 10194 10192
f 10193 10092 10196 10195
f 10193 10095 10091 10092
f 10196 10198 10197 10195
f 10196 10089 10199 10198
f 10196 10092 10088 10089
f 10199 10201 10200 10198
f 10199 10086 10202 10201
f 10199 10089 10085 10086
f 10202 10204 10203 10201
f 10202 10083 10205 10204
f 10202 10086 10082 10083
f 10205 10207 10206 10204
f 10205 10080 10208 10207
f 10205 10083 10079 10080
f 10208 10210 10209 10207
f 10208 10077 10211 10210
f 10208 10080 10076 10077
f 10211 10213 10212 10210
f 10211 10074 10214 10213
f 10211 10077 10073 10074
f 10214 10216 10215 10213
f 10214 10071 10217 10216
f 10214 10074 10070 10071
f 10217 10219 10218 10216
f 10217 10068 10220 10219
f 10217 10071 10067 10068
f 10220 10222 10221 10219
f 10220 10065 10223 10222
f 10220 10068 10064 10065
f 10223 7786 7787 10222
f 10223 10062 7785 7786
f 10223 10065 10061 10062
f 10222 7787 7788 10221
f 10221 7788 7789 10224
f 10221 10224 10218 10219
f 10224 7789 7790 10225
f 10224 10225 10226 10218
f 10226 10225 10228 10227
f 10226 10215 10216 10218
f 10226 10227 10229 10215
f 10229 10227 10231 10230
f 10229 10212 10213 10215
f 10229 10230 10232 10212
f 10232 10230 10234 10233
f 10232 10209 10210 10212
f 10232 10233 10235 10209
f 10235 10233 10237 10236
f 10235 10206 10207 10209
f 10235 10236 10238 10206
f 10238 10236 10240 10239
f 10238 10203 10204 10206
f 10238 10239 10241 10203
f 10241 10239 10243 10242
f 10241 10200 10201 10203
f 10241 10242 10244 10200
f 10244 10242 10246 10245
f 10244 10197 10198 10200
f 10244 10245 10247 10197
f 10247 10245 10249 10248
f 10247 10194 10195 10197
f 10247 10248 10250 10194
f 10250 10248 10252 10251
f 10250 10191 10192 10194
f 10250 10251 10253 10191
f 10253 10251 10255 10254
f 10253 10188 10189 10191
f 10253 10254 10256 10188
f 10256 10254 10258 10257
f 10256 10183 10185 10188
f 10256 10257 10182 10183
f 10258 10261 10260 10259
f 10258 10254 10255 10261
f 10258 10259 10262 10257
f 10262 10259 10264 10263
f 10262 10181 10182 10257
f 10262 10263 10265 10181
f 10265 10263 10267 10266
f 10265 10178 10179 10181
f 10265 10266 10268 10178
f 10268 10266 10270 10269
f 10268 10173 10175 10178
f 10268 10269 10172 10173
f 10270 10272 7848 10271
f 10270 10266 10267 10272
f 10270 10271 10273 10269
f 10273 10271 7853 10274
f 10273 10171 10172 10269
f 10273 10274 10275 10171
f 10275 10274 7858 10276
f 10275 10168 10169 10171
f 10275 10276 10277 10168
f 10277 10276 7863 10278
f 10277 10165 10166 10168
f 10277 10278 10279 10165
f 10279 10278 7868 10280
f 10279 10160 10162 10165
f 10279 10280 10158 10160
f 10280 7868 7869 7873
f 10280 7873 10156 10158
f 10278 7863 7864 7868
f 10276 7858 7859 7863
f 10274 7853 7854 7858
f 10272 7843 7844 7848
f 10272 10267 10281 7843
f 10281 7838 7839 7843
f 10281 10264 10282 7838
f 10281 10267 10263 10264
f 10282 7833 7834 7838
f 10282 10260 10283 7833
f 10282 10264 10259 10260
f 10283 7828 7829 7833
f 10283 10285 10284 7828
f 10283 10260 10261 10285
f 10285 10287 10286 10284
f 10285 10261 10255 10287
f 10287 10252 10288 10286
f 10287 10255 10251 10252
f 10288 10290 10289 10286
f 10288 10249 10291 10290
f 10288 10252 10248 10249
f 10291 10293 10292 10290
f 10291 10246 10294 10293
f 10291 10249 10245 10246
f 10294 10296 10295 10293
f 10294 10243 10297 10296
f 10294 10246 10242 10243
f 10297 10299 10298 10296
f 10297 10240 10300 10299
f 10297 10243 10239 10240
f 10300 10302 10301 10299
f 10300 10237 10303 10302
f 10300 10240 10236 10237
f 10303 10305 10304 10302
f 10303 10234 10306 10305
f 10303 10237 10233 10234
f 10306 10308 10307 10305
f 10306 10231 10309 10308
f 10306 10234 10230 10231
f 10309 7792 7793 10308
f 10309 10228 7791 7792
f 10309 10231 10227 10228
f 10308 7793 7794 10307
f 10307 7794 7795 10310
f 10307 10310 10304 10305
f 10310 7795 7796 7798
f 10310 7798 7800 10304
f 10304 7800 10301 10302
f 10301 7800 7801 7804
f 10301 7804 10298 10299
f 10298 7804 7805 7809
f 10298 7809 10295 10296
f 10295 7809 7810 7814
f 10295 7814 10292 10293
f 10292 7814 7815 7819
f 10292 7819 10289 10290
f 10289 7819 7820 7824
f 10289 7824 10284 10286
f 10284 7824 7825 7828
f 10271 7848 7849 7853
f 10228 10225 7790 7791
f 10156 7873 7874 7878
f 10152 7893 7894 7898
f 10152 7898 7126 7127
f 10134 9987 9989 10133
f 10133 7296 7297 10129
f 10133 9989 9991 7296
f 10062 10059 7784 7785
f 9995 7299 7295 9993
f 9993 7295 7296 9991
f 9976 7129 7131 9943
f 9918 9765 9767 9770
f 9916 9770 9771 9773
f 9915 7305 7306 9914
f 9912 9773 9774 9776
f 9908 9776 9777 9779
f 9904 9779 9780 9782
f 9900 9782 9783 9785
f 9896 9785 9786 9788
f 9892 9788 9789 9791
f 9888 9791 9792 9794
f 9884 9794 9795 9797
f 9880 9797 9798 9800
f 9876 9800 9801 9803
f 9872 9803 9804 9806
f 9868 9806 9807 9809
f 9864 9809 9810 9812
f 9860 9812 9813 9815
f 9856 9815 9816 9818
f 9852 9818 9819 9821
f 9848 9821 9822 9824
f 9844 9824 9825 9827
f 9840 9827 9828 9830
f 9839 9836 7778 7779
f 9724 7954 7955 7959
f 9722 7959 7960 7964
f 9716 7964 7965 7969
f 9645 8899 8901 9644
f 9644 10311 9639 9640
f 9644 8901 8903 10311
f 10311 10313 10312 9639
f 10311 8903 8905 10313
f 10313 10315 10314 10312
f 10313 8905 8907 10315
f 10315 10317 10316 10314
f 10315 8907 8909 10317
f 10317 10319 10318 10316
f 10317 8909 8911 10319
f 10319 10321 10320 10318
f 10319 8911 8913 10321
f 10321 10323 10322 10320
f 10321 8913 8915 10323
f 10323 10325 10324 10322
f 10323 8915 8917 10325
f 10325 10327 10326 10324
f 10325 8917 8919 10327
f 10327 10329 10328 10326
f 10327 8919 8921 10329
f 10329 10331 10330 10328
f 10329 8921 8923 10331
f 10331 10333 10332 10330
f 10331 8923 8925 10333
f 10333 10335 10334 10332
f 10333 8925 8927 10335
f 10335 10337 10336 10334
f 10335 8927 8929 10337
f 10337 10339 10338 10336
f 10337 8929 8931 10339
f 10339 10341 10340 10338
f 10339 8931 8933 10341
f 10341 10343 10342 10340
f 10341 8933 8935 10343
f 10343 10345 10344 10342
f 10343 8935 8937 10345
f 10345 10347 10346 10344
f 10345 8937 8939 10347
f 10347 10349 10348 10346
f 10347 8939 8941 10349
f 10349 10351 10350 10348
f 10349 8941 8943 10351
f 10351 10353 10352 10350
f 10351 8943 8945 10353
f 10353 10355 10354 10352
f 10353 8945 8947 10355
f 10355 10357 10356 10354
f 10355 8947 8949 10357
f 10357 10359 10358 10356
f 10357 8949 8951 10359
f 10359 10361 10360 10358
f 10359 8951 8953 10361
f 10361 10363 10362 10360
f 10361 8953 8955 10363
f 10363 10365 10364 10362
f 10363 8955 8957 10365
f 10365 10367 10366 10364
f 10365 8957 8959 10367
f 10367 10369 10368 10366
f 10367 8959 8961 10369
f 10369 10371 10370 10368
f 10369 8961 8963 10371
f 10371 10373 10372 10370
f 10371 8963 8965 10373
f 10373 10375 10374 10372
f 10373 8965 8967 10375
f 10375 10377 10376 10374
f 10375 8967 8969 10377
f 10377 10379 10378 10376
f 10377 8969 8971 10379
f 10379 10381 10380 10378
f 10379 8971 8973 10381
f 10381 10383 10382 10380
f 10381 8973 8975 10383
f 10383 10385 10384 10382
f 10383 8975 8977 10385
f 10385 10387 10386 10384
f 10385 8977 8979 10387
f 10387 10389 10388 10386
f 10387 8979 8981 10389
f 10389 10391 10390 10388
f 10389 8981 8983 10391
f 10391 10393 10392 10390
f 10391 8983 8985 10393
f 10393 10395 10394 10392
f 10393 8985 8987 10395
f 10395 10397 10396 10394
f 10395 8987 8989 10397
f 10397 10399 10398 10396
f 10397 8989 8991 10399
f 10399 10401 10400 10398
f 10399 8991 8993 10401
f 10401 10403 10402 10400
f 10401 8993 8995 10403
f 10403 10405 10404 10402
f 10403 8995 8997 10405
f 10405 10407 10406 10404
f 10405 8997 8999 10407
f 10407 9005 10408 10406
f 10407 8999 9001 9005
f 10408 10410 10409 10406
f 10408 9008 10411 10410
f 10408 9005 9006 9008
f 10411 10413 10412 10410
f 10411 10415 10414 10413
f 10411 9008 9009 10415
f 10415 10417 10416 10414
f 10415 9009 9010 10417
f 10417 10419 10418 10416
f 10417 9010 9012 10419
f 10419 10421 10420 10418
f 10419 9012 9014 10421
f 10421 10423 10422 10420
f 10421 9014 10424 10423
f 10424 9014 9015 9018
f 10424 10426 10425 10423
f 10424 9018 10427 10426
f 10427 9018 9019 9023
f 10427 10429 10428 10426
f 10427 9023 10430 10429
f 10430 9023 9024 9028
f 10430 10432 10431 10429
f 10430 9028 10433 10432
f 10433 9028 9029 9033
f 10433 10435 10434 10432
f 10433 9033 10436 10435
f 10436 9033 9034 9038
f 10436 10438 10437 10435
f 10436 9038 10439 10438
f 10439 9038 9039 9043
f 10439 10441 10440 10438
f 10439 9043 10442 10441
f 10442 9043 9044 9048
f 10442 10444 10443 10441
f 10442 9048 10445 10444
f 10445 9048 9049 9053
f 10445 10447 10446 10444
f 10445 9053 10448 10447
f 10448 9053 9054 9058
f 10448 10450 10449 10447
f 10448 9058 10451 10450
f 10451 9058 9059 9063
f 10451 9081 9083 10450
f 10451 9063 9079 9081
f 10450 9083 10452 10449
f 10452 10454 10453 10449
f 10452 9086 10455 10454
f 10452 9083 9084 9086
f 10455 9278 9279 10454
f 10455 7360 7361 9278
f 10455 9086 9087 7360
f 10454 9279 10456 10453
f 10456 10457 10446 10453
f 10456 9282 10458 10457
f 10456 9279 9280 9282
f 10458 10459 10443 10457
f 10458 10461 10460 10459
f 10458 9282 9283 10461
f 10461 10463 10462 10460
f 10461 9283 9284 10463
f 10463 7348 7349 10462
f 10463 9284 9286 7348
f 10462 10465 10464 10460
f 10462 7349 7350 10465
f 10465 10466 10437 10464
f 10465 7350 10467 10466
f 10467 10468 10434 10466
f 10467 10470 10469 10468
f 10467 7350 7345 10470
f 10470 10472 10471 10469
f 10470 7345 7346 10472
f 10472 10474 10473 10471
f 10472 7346 10475 10474
f 10475 10477 10476 10474
f 10475 10478 9289 10477
f 10475 7346 7347 10478
f 10478 9286 9287 9289
f 10478 7347 7348 9286
f 10477 9292 10479 10476
f 10477 9289 9290 9292
f 10479 10481 10480 10476
f 10479 9295 10482 10481
f 10479 9292 9293 9295
f 10482 10484 10483 10481
f 10482 9298 10485 10484
f 10482 9295 9296 9298
f 10485 10487 10486 10484
f 10485 9301 10488 10487
f 10485 9298 9299 9301
f 10488 10490 10489 10487
f 10488 9304 10491 10490
f 10488 9301 9302 9304
f 10491 10493 10492 10490
f 10491 9307 10494 10493
f 10491 9304 9305 9307
f 10494 10496 10495 10493
f 10494 9310 10497 10496
f 10494 9307 9308 9310
f 10497 10499 10498 10496
f 10497 9313 10500 10499
f 10497 9310 9311 9313
f 10500 10502 10501 10499
f 10500 9316 9318 10502
f 10500 9313 9314 9316
f 10502 10504 10503 10501
f 10502 9318 9320 10504
f 10504 10506 10505 10503
f 10504 9320 9322 10506
f 10506 10508 10507 10505
f 10506 9322 10509 10508
f 10509 10511 10510 10508
f 10509 9325 10512 10511
f 10509 9322 9323 9325
f 10512 10514 10513 10511
f 10512 10516 10515 10514
f 10512 9325 9326 10516
f 10516 10518 10517 10515
f 10516 9326 9327 10518
f 10518 10520 10519 10517
f 10518 9327 9329 10520
f 10520 10522 10521 10519
f 10520 9329 9331 10522
f 10522 10524 10523 10521
f 10522 9331 10525 10524
f 10525 9345 9347 10524
f 10525 9334 9336 9345
f 10525 9331 9332 9334
f 10524 9347 10526 10523
f 10526 10528 10527 10523
f 10526 9350 9352 10528
f 10526 9347 9348 9350
f 10528 10530 10529 10527
f 10528 9352 9354 10530
f 10530 10532 10531 10529
f 10530 9354 9356 10532
f 10532 10534 10533 10531
f 10532 9356 9358 10534
f 10534 10536 10535 10533
f 10534 9358 9360 10536
f 10536 10538 10537 10535
f 10536 9360 10539 10538
f 10539 10541 10540 10538
f 10539 9363 9365 10541
f 10539 9360 9361 9363
f 10541 10543 10542 10540
f 10541 9365 9367 10543
f 10543 10545 10544 10542
f 10543 9367 9369 10545
f 10545 10547 10546 10544
f 10545 9369 10548 10547
f 10548 10550 10549 10547
f 10548 9372 10551 10550
f 10548 9369 9370 9372
f 10551 10553 10552 10550
f 10551 10555 10554 10553
f 10551 9372 9373 10555
f 10555 10557 10556 10554
f 10555 9373 9374 10557
f 10557 10559 10558 10556
f 10557 9374 9376 10559
f 10559 10561 10560 10558
f 10559 9376 9378 10561
f 10561 10563 10562 10560
f 10561 9378 10564 10563
f 10564 9448 9450 10563
f 10564 9381 9446 9448
f 10564 9378 9379 9381
f 10563 9450 9452 10562
f 10562 10566 10565 10560
f 10562 9452 9454 10566
f 10566 10568 10567 10565
f 10566 9454 9456 10568
f 10568 10570 10569 10567
f 10568 9456 9458 10570
f 10570 10572 10571 10569
f 10570 9458 9460 10572
f 10572 10574 10573 10571
f 10572 9460 9462 10574
f 10574 10576 10575 10573
f 10574 9462 9464 10576
f 10576 10578 10577 10575
f 10576 9464 9466 10578
f 10578 10580 10579 10577
f 10578 9466 9468 10580
f 10580 10582 10581 10579
f 10580 9468 9470 10582
f 10582 10584 10583 10581
f 10582 9470 9472 10584
f 10584 10586 10585 10583
f 10584 9472 9474 10586
f 10586 10588 10587 10585
f 10586 9474 9476 10588
f 10588 10590 10589 10587
f 10588 9476 9478 10590
f 10590 10592 10591 10589
f 10590 9478 9480 10592
f 10592 10594 10593 10591
f 10592 9480 9482 10594
f 10594 10596 10595 10593
f 10594 9482 9484 10596
f 10596 10598 10597 10595
f 10596 9484 9486 10598
f 10598 10600 10599 10597
f 10598 9486 9488 10600
f 10600 10602 10601 10599
f 10600 9488 9490 10602
f 10602 10604 10603 10601
f 10602 9490 9492 10604
f 10604 10606 10605 10603
f 10604 9492 9494 10606
f 10606 10608 10607 10605
f 10606 9494 9496 10608
f 10608 10610 10609 10607
f 10608 9496 9498 10610
f 10610 10612 10611 10609
f 10610 9498 9500 10612
f 10612 10613 7311 10611
f 10612 9500 9502 10613
f 10613 10614 7310 7311
f 10613 9502 9504 10614
f 10614 10615 7309 7310
f 10614 9504 9506 10615
f 10615 10617 10616 7309
f 10615 9506 9508 10617
f 10617 9514 9516 10616
f 10617 9508 9510 9514
f 10616 10618 7308 7309
f 10616 9516 10619 10618
f 10619 10621 10620 10618
f 10619 9519 10622 10621
f 10619 9516 9517 9519
f 10622 10624 10623 10621
f 10622 10626 10625 10624
f 10622 9519 9520 10626
f 10626 10628 10627 10625
f 10626 9520 9521 10628
f 10628 10630 10629 10627
f 10628 9521 9523 10630
f 10630 10632 10631 10629
f 10630 9523 9525 10632
f 10632 10634 10633 10631
f 10632 9525 10635 10634
f 10635 9525 9526 9529
f 10635 10637 10636 10634
f 10635 9529 10638 10637
f 10638 9529 9530 9534
f 10638 10640 10639 10637
f 10638 9534 10641 10640
f 10641 9534 9535 9539
f 10641 10643 10642 10640
f 10641 9539 10644 10643
f 10644 9539 9540 9544
f 10644 10646 10645 10643
f 10644 9544 10647 10646
f 10647 9544 9545 9549
f 10647 10649 10648 10646
f 10647 9549 10650 10649
f 10650 9549 9550 9554
f 10650 10652 10651 10649
f 10650 9554 10653 10652
f 10653 9554 9555 9559
f 10653 10655 10654 10652
f 10653 9559 10656 10655
f 10656 9559 9560 9564
f 10656 10658 10657 10655
f 10656 9564 10659 10658
f 10659 9564 9565 9569
f 10659 10661 10660 10658
f 10659 9569 10662 10661
f 10662 9569 9570 9574
f 10662 10664 10663 10661
f 10662 9574 10665 10664
f 10665 9574 9575 9579
f 10665 10667 10666 10664
f 10665 9579 10668 10667
f 10668 9579 9580 9584
f 10668 10670 10669 10667
f 10668 9584 10671 10670
f 10671 9584 9585 9589
f 10671 10673 10672 10670
f 10671 9589 10674 10673
f 10674 9589 9590 9594
f 10674 10676 10675 10673
f 10674 9594 10677 10676
f 10677 9594 9595 9599
f 10677 10679 10678 10676
f 10677 9599 10680 10679
f 10680 9599 9600 9604
f 10680 10682 10681 10679
f 10680 9604 10683 10682
f 10683 9604 9605 9609
f 10683 10685 10684 10682
f 10683 9609 10686 10685
f 10686 9609 9610 9614
f 10686 10688 10687 10685
f 10686 9614 10689 10688
f 10689 9614 9615 9619
f 10689 10691 10690 10688
f 10689 9619 10692 10691
f 10692 9619 9620 9624
f 10692 10694 10693 10691
f 10692 9624 10695 10694
f 10695 9624 9625 9629
f 10695 10697 10696 10694
f 10695 9629 10698 10697
f 10698 9629 9630 9634
f 10698 10314 10316 10697
f 10698 9634 10312 10314
f 10697 10316 10318 10696
f 10696 10699 10693 10694
f 10696 10318 10320 10699
f 10699 10701 10700 10693
f 10699 10320 10322 10701
f 10701 10703 10702 10700
f 10701 10322 10324 10703
f 10703 10705 10704 10702
f 10703 10324 10326 10705
f 10705 10707 10706 10704
f 10705 10326 10328 10707
f 10707 10709 10708 10706
f 10707 10328 10330 10709
f 10709 10711 10710 10708
f 10709 10330 10332 10711
f 10711 10713 10712 10710
f 10711 10332 10334 10713
f 10713 10715 10714 10712
f 10713 10334 10336 10715
f 10715 10717 10716 10714
f 10715 10336 10338 10717
f 10717 10719 10718 10716
f 10717 10338 10340 10719
f 10719 10721 10720 10718
f 10719 10340 10342 10721
f 10721 10723 10722 10720
f 10721 10342 10344 10723
f 10723 10725 10724 10722
f 10723 10344 10346 10725
f 10725 10727 10726 10724
f 10725 10346 10348 10727
f 10727 10729 10728 10726
f 10727 10348 10350 10729
f 10729 10731 10730 10728
f 10729 10350 10352 10731
f 10731 10733 10732 10730
f 10731 10352 10354 10733
f 10733 10735 10734 10732
f 10733 10354 10356 10735
f 10735 10737 10736 10734
f 10735 10356 10358 10737
f 10737 10739 10738 10736
f 10737 10358 10360 10739
f 10739 10741 10740 10738
f 10739 10360 10362 10741
f 10741 10743 10742 10740
f 10741 10362 10364 10743
f 10743 10745 10744 10742
f 10743 10364 10366 10745
f 10745 10747 10746 10744
f 10745 10366 10368 10747
f 10747 10749 10748 10746
f 10747 10368 10370 10749
f 10749 10751 10750 10748
f 10749 10370 10372 10751
f 10751 10753 10752 10750
f 10751 10372 10374 10753
f 10753 10755 10754 10752
f 10753 10374 10376 10755
f 10755 10757 10756 10754
f 10755 10376 10378 10757
f 10757 10759 10758 10756
f 10757 10378 10380 10759
f 10759 10761 10760 10758
f 10759 10380 10382 10761
f 10761 10763 10762 10760
f 10761 10382 10384 10763
f 10763 10765 10764 10762
f 10763 10384 10386 10765
f 10765 10767 10766 10764
f 10765 10386 10388 10767
f 10767 10769 10768 10766
f 10767 10388 10390 10769
f 10769 10771 10770 10768
f 10769 10390 10392 10771
f 10771 10773 10772 10770
f 10771 10392 10394 10773
f 10773 10775 10774 10772
f 10773 10394 10396 10775
f 10775 10777 10776 10774
f 10775 10396 10398 10777
f 10777 10779 10778 10776
f 10777 10398 10400 10779
f 10779 10781 10780 10778
f 10779 10400 10402 10781
f 10781 10783 10782 10780
f 10781 10402 10404 10783
f 10783 10409 10784 10782
f 10783 10404 10406 10409
f 10784 10786 10785 10782
f 10784 10412 10787 10786
f 10784 10409 10410 10412
f 10787 10789 10788 10786
f 10787 10791 10790 10789
f 10787 10412 10413 10791
f 10791 10793 10792 10790
f 10791 10413 10414 10793
f 10793 10795 10794 10792
f 10793 10414 10416 10795
f 10795 10797 10796 10794
f 10795 10416 10418 10797
f 10797 10799 10798 10796
f 10797 10418 10420 10799
f 10799 10801 10800 10798
f 10799 10420 10422 10801
f 10801 10803 10802 10800
f 10801 10422 10804 10803
f 10804 10422 10423 10425
f 10804 10806 10805 10803
f 10804 10425 10807 10806
f 10807 10425 10426 10428
f 10807 10809 10808 10806
f 10807 10428 10810 10809
f 10810 10428 10429 10431
f 10810 10469 10471 10809
f 10810 10431 10468 10469
f 10809 10471 10473 10808
f 10808 10811 10805 10806
f 10808 10473 10480 10811
f 10811 10483 10812 10805
f 10811 10480 10481 10483
f 10812 10802 10803 10805
f 10812 10486 10813 10802
f 10812 10483 10484 10486
f 10813 10814 10800 10802
f 10813 10489 10815 10814
f 10813 10486 10487 10489
f 10815 10817 10816 10814
f 10815 10492 10818 10817
f 10815 10489 10490 10492
f 10818 10820 10819 10817
f 10818 10495 10821 10820
f 10818 10492 10493 10495
f 10821 10823 10822 10820
f 10821 10498 10824 10823
f 10821 10495 10496 10498
f 10824 10826 10825 10823
f 10824 10501 10503 10826
f 10824 10498 10499 10501
f 10826 10828 10827 10825
f 10826 10503 10505 10828
f 10828 10830 10829 10827
f 10828 10505 10507 10830
f 10830 10832 10831 10829
f 10830 10507 10833 10832
f 10833 10835 10834 10832
f 10833 10510 10836 10835
f 10833 10507 10508 10510
f 10836 10838 10837 10835
f 10836 10513 10839 10838
f 10836 10510 10511 10513
f 10839 10841 10840 10838
f 10839 10843 10842 10841
f 10839 10513 10514 10843
f 10843 10845 10844 10842
f 10843 10514 10515 10845
f 10845 10847 10846 10844
f 10845 10515 10517 10847
f 10847 10849 10848 10846
f 10847 10517 10519 10849
f 10849 10851 10850 10848
f 10849 10519 10521 10851
f 10851 10527 10529 10850
f 10851 10521 10523 10527
f 10850 10853 10852 10848
f 10850 10529 10531 10853
f 10853 10855 10854 10852
f 10853 10531 10533 10855
f 10855 10857 10856 10854
f 10855 10533 10535 10857
f 10857 10859 10858 10856
f 10857 10535 10537 10859
f 10859 10861 10860 10858
f 10859 10537 10862 10861
f 10862 10864 10863 10861
f 10862 10540 10542 10864
f 10862 10537 10538 10540
f 10864 10866 10865 10863
f 10864 10542 10544 10866
f 10866 10868 10867 10865
f 10866 10544 10546 10868
f 10868 10870 10869 10867
f 10868 10546 10871 10870
f 10871 10873 10872 10870
f 10871 10549 10874 10873
f 10871 10546 10547 10549
f 10874 10876 10875 10873
f 10874 10552 10877 10876
f 10874 10549 10550 10552
f 10877 10879 10878 10876
f 10877 10881 10880 10879
f 10877 10552 10553 10881
f 10881 10883 10882 10880
f 10881 10553 10554 10883
f 10883 10885 10884 10882
f 10883 10554 10556 10885
f 10885 10887 10886 10884
f 10885 10556 10558 10887
f 10887 10565 10567 10886
f 10887 10558 10560 10565
f 10886 10889 10888 10884
f 10886 10567 10569 10889
f 10889 10891 10890 10888
f 10889 10569 10571 10891
f 10891 10893 10892 10890
f 10891 10571 10573 10893
f 10893 10895 10894 10892
f 10893 10573 10575 10895
f 10895 10897 10896 10894
f 10895 10575 10577 10897
f 10897 10899 10898 10896
f 10897 10577 10579 10899
f 10899 10901 10900 10898
f 10899 10579 10581 10901
f 10901 10903 10902 10900
f 10901 10581 10583 10903
f 10903 10905 10904 10902
f 10903 10583 10585 10905
f 10905 10907 10906 10904
f 10905 10585 10587 10907
f 10907 10909 10908 10906
f 10907 10587 10589 10909
f 10909 10911 10910 10908
f 10909 10589 10591 10911
f 10911 10913 10912 10910
f 10911 10591 10593 10913
f 10913 10915 10914 10912
f 10913 10593 10595 10915
f 10915 10917 10916 10914
f 10915 10595 10597 10917
f 10917 10919 10918 10916
f 10917 10597 10599 10919
f 10919 10921 10920 10918
f 10919 10599 10601 10921
f 10921 10923 10922 10920
f 10921 10601 10603 10923
f 10923 10925 10924 10922
f 10923 10603 10605 10925
f 10925 10927 10926 10924
f 10925 10605 10607 10927
f 10927 10929 10928 10926
f 10927 10607 10609 10929
f 10929 10931 10930 10928
f 10929 10609 10611 10931
f 10931 7312 7316 10930
f 10931 10611 7311 7312
f 10930 7316 10933 10932
f 10930 10932 10934 10928
f 10934 10932 10936 10935
f 10934 10937 10926 10928
f 10934 10935 10938 10937
f 10938 10935 10940 10939
f 10938 10942 10941 10937
f 10938 10939 10943 10942
f 10943 10939 10945 10944
f 10943 10947 10946 10942
f 10943 10944 10948 10947
f 10948 10944 10950 10949
f 10948 10952 10951 10947
f 10948 10949 10953 10952
f 10953 10949 10955 10954
f 10953 10957 10956 10952
f 10953 10954 10958 10957
f 10958 10954 10960 10959
f 10958 10962 10961 10957
f 10958 10959 10963 10962
f 10963 10959 10965 10964
f 10963 10967 10966 10962
f 10963 10964 10968 10967
f 10968 10964 10970 10969
f 10968 10972 10971 10967
f 10968 10969 10973 10972
f 10973 10969 10975 10974
f 10973 10977 10976 10972
f 10973 10974 10978 10977
f 10978 10974 10980 10979
f 10978 10982 10981 10977
f 10978 10979 10983 10982
f 10983 10979 10985 10984
f 10983 10987 10986 10982
f 10983 10984 10988 10987
f 10988 10984 10990 10989
f 10988 10992 10991 10987
f 10988 10989 10993 10992
f 10993 10989 10995 10994
f 10993 10997 10996 10992
f 10993 10994 10998 10997
f 10998 10994 11000 10999
f 10998 11002 11001 10997
f 10998 10999 11003 11002
f 11003 10999 11005 11004
f 11003 11007 11006 11002
f 11003 11004 11008 11007
f 11008 11004 11010 11009
f 11008 11012 11011 11007
f 11008 11009 11013 11012
f 11013 11009 11015 11014
f 11013 11017 11016 11012
f 11013 11014 11018 11017
f 11018 11014 11020 11019
f 11018 11022 11021 11017
f 11018 11019 11023 11022
f 11023 11019 11025 11024
f 11023 11027 11026 11022
f 11023 11024 11028 11027
f 11028 11024 11030 11029
f 11028 11032 11031 11027
f 11028 11029 11033 11032
f 11033 11029 10750 10752
f 11033 11035 11034 11032
f 11033 10752 10754 11035
f 11035 11037 11036 11034
f 11035 10754 10756 11037
f 11037 11039 11038 11036
f 11037 10756 10758 11039
f 11039 11041 11040 11038
f 11039 10758 10760 11041
f 11041 11043 11042 11040
f 11041 10760 10762 11043
f 11043 11045 11044 11042
f 11043 10762 10764 11045
f 11045 11047 11046 11044
f 11045 10764 10766 11047
f 11047 11049 11048 11046
f 11047 10766 10768 11049
f 11049 11051 11050 11048
f 11049 10768 10770 11051
f 11051 11053 11052 11050
f 11051 10770 10772 11053
f 11053 11055 11054 11052
f 11053 10772 10774 11055
f 11055 11057 11056 11054
f 11055 10774 10776 11057
f 11057 11059 11058 11056
f 11057 10776 10778 11059
f 11059 11061 11060 11058
f 11059 10778 10780 11061
f 11061 10785 11062 11060
f 11061 10780 10782 10785
f 11062 11064 11063 11060
f 11062 10788 11065 11064
f 11062 10785 10786 10788
f 11065 11067 11066 11064
f 11065 11069 11068 11067
f 11065 10788 10789 11069
f 11069 11071 11070 11068
f 11069 10789 10790 11071
f 11071 11073 11072 11070
f 11071 10790 10792 11073
f 11073 11075 11074 11072
f 11073 10792 10794 11075
f 11075 11076 10819 11074
f 11075 10794 10796 11076
f 11076 10816 10817 10819
f 11076 10796 10798 10816
f 11074 10822 11077 11072
f 11074 10819 10820 10822
f 11077 11078 11070 11072
f 11077 10825 10827 11078
f 11077 10822 10823 10825
f 11078 11079 11068 11070
f 11078 10827 10829 11079
f 11079 11080 11067 11068
f 11079 10829 10831 11080
f 11080 11081 11066 11067
f 11080 10831 11082 11081
f 11082 11084 11083 11081
f 11082 10834 11085 11084
f 11082 10831 10832 10834
f 11085 11087 11086 11084
f 11085 10837 11088 11087
f 11085 10834 10835 10837
f 11088 11090 11089 11087
f 11088 10840 11091 11090
f 11088 10837 10838 10840
f 11091 11093 11092 11090
f 11091 11095 11094 11093
f 11091 10840 10841 11095
f 11095 11097 11096 11094
f 11095 10841 10842 11097
f 11097 11099 11098 11096
f 11097 10842 10844 11099
f 11099 11101 11100 11098
f 11099 10844 10846 11101
f 11101 10852 10854 11100
f 11101 10846 10848 10852
f 11100 11103 11102 11098
f 11100 10854 10856 11103
f 11103 11105 11104 11102
f 11103 10856 10858 11105
f 11105 11107 11106 11104
f 11105 10858 10860 11107
f 11107 11109 11108 11106
f 11107 10860 11110 11109
f 11110 11112 11111 11109
f 11110 10863 10865 11112
f 11110 10860 10861 10863
f 11112 11114 11113 11111
f 11112 10865 10867 11114
f 11114 11116 11115 11113
f 11114 10867 10869 11116
f 11116 11118 11117 11115
f 11116 10869 11119 11118
f 11119 11121 11120 11118
f 11119 10872 11122 11121
f 11119 10869 10870 10872
f 11122 11124 11123 11121
f 11122 10875 11125 11124
f 11122 10872 10873 10875
f 11125 11127 11126 11124
f 11125 10878 11128 11127
f 11125 10875 10876 10878
f 11128 11130 11129 11127
f 11128 11132 11131 11130
f 11128 10878 10879 11132
f 11132 11134 11133 11131
f 11132 10879 10880 11134
f 11134 11136 11135 11133
f 11134 10880 10882 11136
f 11136 10888 10890 11135
f 11136 10882 10884 10888
f 11135 11138 11137 11133
f 11135 10890 10892 11138
f 11138 11140 11139 11137
f 11138 10892 10894 11140
f 11140 11142 11141 11139
f 11140 10894 10896 11142
f 11142 11144 11143 11141
f 11142 10896 10898 11144
f 11144 11146 11145 11143
f 11144 10898 10900 11146
f 11146 11148 11147 11145
f 11146 10900 10902 11148
f 11148 11150 11149 11147
f 11148 10902 10904 11150
f 11150 11152 11151 11149
f 11150 10904 10906 11152
f 11152 11154 11153 11151
f 11152 10906 10908 11154
f 11154 11156 11155 11153
f 11154 10908 10910 11156
f 11156 11158 11157 11155
f 11156 10910 10912 11158
f 11158 11160 11159 11157
f 11158 10912 10914 11160
f 11160 11162 11161 11159
f 11160 10914 10916 11162
f 11162 11164 11163 11161
f 11162 10916 10918 11164
f 11164 11166 11165 11163
f 11164 10918 10920 11166
f 11166 11167 10946 11165
f 11166 10920 10922 11167
f 11167 10941 10942 10946
f 11167 10922 10924 10941
f 11165 10946 10947 10951
f 11165 10951 11168 11163
f 11168 10951 10952 10956
f 11168 11169 11161 11163
f 11168 10956 11170 11169
f 11170 10956 10957 10961
f 11170 11172 11171 11169
f 11170 10961 11173 11172
f 11173 10961 10962 10966
f 11173 11175 11174 11172
f 11173 10966 11176 11175
f 11176 10966 10967 10971
f 11176 11178 11177 11175
f 11176 10971 11179 11178
f 11179 10971 10972 10976
f 11179 11181 11180 11178
f 11179 10976 11182 11181
f 11182 10976 10977 10981
f 11182 11184 11183 11181
f 11182 10981 11185 11184
f 11185 10981 10982 10986
f 11185 11187 11186 11184
f 11185 10986 11188 11187
f 11188 10986 10987 10991
f 11188 11190 11189 11187
f 11188 10991 11191 11190
f 11191 10991 10992 10996
f 11191 11193 11192 11190
f 11191 10996 11194 11193
f 11194 10996 10997 11001
f 11194 11196 11195 11193
f 11194 11001 11197 11196
f 11197 11001 11002 11006
f 11197 11199 11198 11196
f 11197 11006 11200 11199
f 11200 11006 11007 11011
f 11200 11202 11201 11199
f 11200 11011 11203 11202
f 11203 11011 11012 11016
f 11203 11205 11204 11202
f 11203 11016 11206 11205
f 11206 11016 11017 11021
f 11206 11208 11207 11205
f 11206 11021 11209 11208
f 11209 11021 11022 11026
f 11209 11211 11210 11208
f 11209 11026 11212 11211
f 11212 11026 11027 11031
f 11212 11214 11213 11211
f 11212 11031 11215 11214
f 11215 11031 11032 11034
f 11215 11217 11216 11214
f 11215 11034 11036 11217
f 11217 11219 11218 11216
f 11217 11036 11038 11219
f 11219 11221 11220 11218
f 11219 11038 11040 11221
f 11221 11223 11222 11220
f 11221 11040 11042 11223
f 11223 11225 11224 11222
f 11223 11042 11044 11225
f 11225 11227 11226 11224
f 11225 11044 11046 11227
f 11227 11229 11228 11226
f 11227 11046 11048 11229
f 11229 11231 11230 11228
f 11229 11048 11050 11231
f 11231 11233 11232 11230
f 11231 11050 11052 11233
f 11233 11235 11234 11232
f 11233 11052 11054 11235
f 11235 11237 11236 11234
f 11235 11054 11056 11237
f 11237 11239 11238 11236
f 11237 11056 11058 11239
f 11239 11063 11240 11238
f 11239 11058 11060 11063
f 11240 11083 11241 11238
f 11240 11066 11081 11083
f 11240 11063 11064 11066
f 11241 11242 11236 11238
f 11241 11086 11243 11242
f 11241 11083 11084 11086
f 11243 11245 11244 11242
f 11243 11089 11246 11245
f 11243 11086 11087 11089
f 11246 11248 11247 11245
f 11246 11092 11249 11248
f 11246 11089 11090 11092
f 11249 11251 11250 11248
f 11249 11253 11252 11251
f 11249 11092 11093 11253
f 11253 11255 11254 11252
f 11253 11093 11094 11255
f 11255 11257 11256 11254
f 11255 11094 11096 11257
f 11257 11102 11104 11256
f 11257 11096 11098 11102
f 11256 11259 11258 11254
f 11256 11104 11106 11259
f 11259 11261 11260 11258
f 11259 11106 11108 11261
f 11261 11263 11262 11260
f 11261 11108 11264 11263
f 11264 11266 11265 11263
f 11264 11111 11113 11266
f 11264 11108 11109 11111
f 11266 11268 11267 11265
f 11266 11113 11115 11268
f 11268 11270 11269 11267
f 11268 11115 11117 11270
f 11270 11272 11271 11269
f 11270 11117 11273 11272
f 11273 11275 11274 11272
f 11273 11120 11276 11275
f 11273 11117 11118 11120
f 11276 11278 11277 11275
f 11276 11123 11279 11278
f 11276 11120 11121 11123
f 11279 11281 11280 11278
f 11279 11126 11282 11281
f 11279 11123 11124 11126
f 11282 11284 11283 11281
f 11282 11129 11285 11284
f 11282 11126 11127 11129
f 11285 11287 11286 11284
f 11285 11289 11288 11287
f 11285 11129 11130 11289
f 11289 11291 11290 11288
f 11289 11130 11131 11291
f 11291 11137 11139 11290
f 11291 11131 11133 11137
f 11290 11293 11292 11288
f 11290 11139 11141 11293
f 11293 11295 11294 11292
f 11293 11141 11143 11295
f 11295 11297 11296 11294
f 11295 11143 11145 11297
f 11297 11299 11298 11296
f 11297 11145 11147 11299
f 11299 11301 11300 11298
f 11299 11147 11149 11301
f 11301 11303 11302 11300
f 11301 11149 11151 11303
f 11303 11305 11304 11302
f 11303 11151 11153 11305
f 11305 11307 11306 11304
f 11305 11153 11155 11307
f 11307 11308 11174 11306
f 11307 11155 11157 11308
f 11308 11171 11172 11174
f 11308 11157 11159 11171
f 11306 11174 11175 11177
f 11306 11177 11309 11304
f 11309 11177 11178 11180
f 11309 11310 11302 11304
f 11309 11180 11311 11310
f 11311 11180 11181 11183
f 11311 11313 11312 11310
f 11311 11183 11314 11313
f 11314 11183 11184 11186
f 11314 11316 11315 11313
f 11314 11186 11317 11316
f 11317 11186 11187 11189
f 11317 11319 11318 11316
f 11317 11189 11320 11319
f 11320 11189 11190 11192
f 11320 11322 11321 11319
f 11320 11192 11323 11322
f 11323 11192 11193 11195
f 11323 11325 11324 11322
f 11323 11195 11326 11325
f 11326 11195 11196 11198
f 11326 11328 11327 11325
f 11326 11198 11329 11328
f 11329 11198 11199 11201
f 11329 11331 11330 11328
f 11329 11201 11332 11331
f 11332 11201 11202 11204
f 11332 11334 11333 11331
f 11332 11204 11335 11334
f 11335 11204 11205 11207
f 11335 11337 11336 11334
f 11335 11207 11338 11337
f 11338 11207 11208 11210
f 11338 11340 11339 11337
f 11338 11210 11341 11340
f 11341 11210 11211 11213
f 11341 11343 11342 11340
f 11341 11213 11344 11343
f 11344 11213 11214 11216
f 11344 11346 11345 11343
f 11344 11216 11218 11346
f 11346 11348 11347 11345
f 11346 11218 11220 11348
f 11348 11350 11349 11347
f 11348 11220 11222 11350
f 11350 11352 11351 11349
f 11350 11222 11224 11352
f 11352 11354 11353 11351
f 11352 11224 11226 11354
f 11354 11356 11355 11353
f 11354 11226 11228 11356
f 11356 11358 11357 11355
f 11356 11228 11230 11358
f 11358 11359 11247 11357
f 11358 11230 11232 11359
f 11359 11244 11245 11247
f 11359 11232 11234 11244
f 11357 11250 11360 11355
f 11357 11247 11248 11250
f 11360 11361 11353 11355
f 11360 11363 11362 11361
f 11360 11250 11251 11363
f 11363 11365 11364 11362
f 11363 11251 11252 11365
f 11365 11258 11260 11364
f 11365 11252 11254 11258
f 11364 11367 11366 11362
f 11364 11260 11262 11367
f 11367 11369 11368 11366
f 11367 11262 11370 11369
f 11370 11372 11371 11369
f 11370 11265 11267 11372
f 11370 11262 11263 11265
f 11372 11374 11373 11371
f 11372 11267 11269 11374
f 11374 11376 11375 11373
f 11374 11269 11271 11376
f 11376 11378 11377 11375
f 11376 11271 11379 11378
f 11379 11381 11380 11378
f 11379 11274 11382 11381
f 11379 11271 11272 11274
f 11382 11384 11383 11381
f 11382 11277 11385 11384
f 11382 11274 11275 11277
f 11385 11387 11386 11384
f 11385 11280 11388 11387
f 11385 11277 11278 11280
f 11388 11390 11389 11387
f 11388 11283 11391 11390
f 11388 11280 11281 11283
f 11391 11393 11392 11390
f 11391 11286 11394 11393
f 11391 11283 11284 11286
f 11394 11396 11395 11393
f 11394 11398 11397 11396
f 11394 11286 11287 11398
f 11398 11292 11294 11397
f 11398 11287 11288 11292
f 11397 11400 11399 11396
f 11397 11294 11296 11400
f 11400 11401 11315 11399
f 11400 11296 11298 11401
f 11401 11312 11313 11315
f 11401 11298 11300 11312
f 11399 11315 11316 11318
f 11399 11318 11395 11396
f 11395 11318 11319 11321
f 11395 11321 11392 11393
f 11392 11321 11322 11324
f 11392 11324 11389 11390
f 11389 11324 11325 11327
f 11389 11327 11386 11387
f 11386 11327 11328 11330
f 11386 11330 11383 11384
f 11383 11330 11331 11333
f 11383 11333 11380 11381
f 11380 11333 11334 11336
f 11380 11336 11377 11378
f 11377 11336 11337 11339
f 11377 11339 11402 11375
f 11402 11339 11340 11342
f 11402 11403 11373 11375
f 11402 11342 11404 11403
f 11404 11342 11343 11345
f 11404 11406 11405 11403
f 11404 11345 11347 11406
f 11406 11407 11368 11405
f 11406 11347 11349 11407
f 11407 11408 11366 11368
f 11407 11349 11351 11408
f 11408 11361 11362 11366
f 11408 11351 11353 11361
f 11405 11371 11373 11403
f 11405 11368 11369 11371
f 11312 11300 11302 11310
f 11244 11234 11236 11242
f 11171 11159 11161 11169
f 11030 11409 10746 10748
f 11030 11024 11025 11409
f 11030 10748 10750 11029
f 11409 11410 10744 10746
f 11409 11025 11411 11410
f 11411 11413 11412 11410
f 11411 11020 11414 11413
f 11411 11025 11019 11020
f 11414 11416 11415 11413
f 11414 11015 11417 11416
f 11414 11020 11014 11015
f 11417 11419 11418 11416
f 11417 11010 11420 11419
f 11417 11015 11009 11010
f 11420 11422 11421 11419
f 11420 11005 11423 11422
f 11420 11010 11004 11005
f 11423 11425 11424 11422
f 11423 11000 11426 11425
f 11423 11005 10999 11000
f 11426 11428 11427 11425
f 11426 10995 11429 11428
f 11426 11000 10994 10995
f 11429 11431 11430 11428
f 11429 10990 11432 11431
f 11429 10995 10989 10990
f 11432 11434 11433 11431
f 11432 10985 11435 11434
f 11432 10990 10984 10985
f 11435 11437 11436 11434
f 11435 10980 11438 11437
f 11435 10985 10979 10980
f 11438 11440 11439 11437
f 11438 10975 11441 11440
f 11438 10980 10974 10975
f 11441 11443 11442 11440
f 11441 10970 11444 11443
f 11441 10975 10969 10970
f 11444 11446 11445 11443
f 11444 10965 11447 11446
f 11444 10970 10964 10965
f 11447 11449 11448 11446
f 11447 10960 11450 11449
f 11447 10965 10959 10960
f 11450 11452 11451 11449
f 11450 10955 11453 11452
f 11450 10960 10954 10955
f 11453 11455 11454 11452
f 11453 10950 11456 11455
f 11453 10955 10949 10950
f 11456 11458 11457 11455
f 11456 10945 11459 11458
f 11456 10950 10944 10945
f 11459 11461 11460 11458
f 11459 10940 11462 11461
f 11459 10945 10939 10940
f 11462 11464 11463 11461
f 11462 10936 11465 11464
f 11462 10940 10935 10936
f 11465 11467 11466 11464
f 11465 10933 11468 11467
f 11465 10936 10932 10933
f 11468 11470 11469 11467
f 11468 7313 7314 11470
f 11468 10933 7316 7313
f 11470 11472 11471 11469
f 11470 7314 11473 11472
f 11473 11475 11474 11472
f 11473 11477 11476 11475
f 11473 7314 7315 11477
f 11477 11479 11478 11476
f 11477 7315 11480 11479
f 11480 10620 11481 11479
f 11480 7308 10618 10620
f 11480 7315 7098 7308
f 11481 11482 11478 11479
f 11481 10623 11483 11482
f 11481 10620 10621 10623
f 11483 11485 11484 11482
f 11483 11487 11486 11485
f 11483 10623 10624 11487
f 11487 11489 11488 11486
f 11487 10624 10625 11489
f 11489 11491 11490 11488
f 11489 10625 10627 11491
f 11491 11493 11492 11490
f 11491 10627 10629 11493
f 11493 11495 11494 11492
f 11493 10629 10631 11495
f 11495 11497 11496 11494
f 11495 10631 10633 11497
f 11497 11499 11498 11496
f 11497 10633 11500 11499
f 11500 11501 7335 11499
f 11500 10636 11502 11501
f 11500 10633 10634 10636
f 11502 10636 10637 10639
f 11502 11504 11503 11501
f 11502 10639 11505 11504
f 11505 10639 10640 10642
f 11505 11507 11506 11504
f 11505 10642 11508 11507
f 11508 10642 10643 10645
f 11508 11510 11509 11507
f 11508 10645 11511 11510
f 11511 10645 10646 10648
f 11511 11513 11512 11510
f 11511 10648 11514 11513
f 11514 10648 10649 10651
f 11514 11516 11515 11513
f 11514 10651 11517 11516
f 11517 10651 10652 10654
f 11517 11519 11518 11516
f 11517 10654 11520 11519
f 11520 10654 10655 10657
f 11520 11522 11521 11519
f 11520 10657 11523 11522
f 11523 10657 10658 10660
f 11523 11525 11524 11522
f 11523 10660 11526 11525
f 11526 10660 10661 10663
f 11526 11528 11527 11525
f 11526 10663 11529 11528
f 11529 10663 10664 10666
f 11529 11531 11530 11528
f 11529 10666 11532 11531
f 11532 10666 10667 10669
f 11532 11534 11533 11531
f 11532 10669 11535 11534
f 11535 10669 10670 10672
f 11535 11537 11536 11534
f 11535 10672 11538 11537
f 11538 10672 10673 10675
f 11538 11540 11539 11537
f 11538 10675 11541 11540
f 11541 10675 10676 10678
f 11541 11543 11542 11540
f 11541 10678 11544 11543
f 11544 10678 10679 10681
f 11544 11546 11545 11543
f 11544 10681 11547 11546
f 11547 10681 10682 10684
f 11547 11549 11548 11546
f 11547 10684 11550 11549
f 11550 10684 10685 10687
f 11550 11552 11551 11549
f 11550 10687 11553 11552
f 11553 10687 10688 10690
f 11553 10702 10704 11552
f 11553 10690 10700 10702
f 11552 10704 10706 11551
f 11551 11554 11548 11549
f 11551 10706 10708 11554
f 11554 11556 11555 11548
f 11554 10708 10710 11556
f 11556 11558 11557 11555
f 11556 10710 10712 11558
f 11558 11560 11559 11557
f 11558 10712 10714 11560
f 11560 11562 11561 11559
f 11560 10714 10716 11562
f 11562 11564 11563 11561
f 11562 10716 10718 11564
f 11564 11566 11565 11563
f 11564 10718 10720 11566
f 11566 11568 11567 11565
f 11566 10720 10722 11568
f 11568 11570 11569 11567
f 11568 10722 10724 11570
f 11570 11572 11571 11569
f 11570 10724 10726 11572
f 11572 11574 11573 11571
f 11572 10726 10728 11574
f 11574 11576 11575 11573
f 11574 10728 10730 11576
f 11576 11578 11577 11575
f 11576 10730 10732 11578
f 11578 11580 11579 11577
f 11578 10732 10734 11580
f 11580 11582 11581 11579
f 11580 10734 10736 11582
f 11582 11584 11583 11581
f 11582 10736 10738 11584
f 11584 11585 11415 11583
f 11584 10738 10740 11585
f 11585 11412 11413 11415
f 11585 10740 10742 11412
f 11583 11418 11586 11581
f 11583 11415 11416 11418
f 11586 11587 11579 11581
f 11586 11421 11588 11587
f 11586 11418 11419 11421
f 11588 11590 11589 11587
f 11588 11424 11591 11590
f 11588 11421 11422 11424
f 11591 11593 11592 11590
f 11591 11427 11594 11593
f 11591 11424 11425 11427
f 11594 11596 11595 11593
f 11594 11430 11597 11596
f 11594 11427 11428 11430
f 11597 11599 11598 11596
f 11597 11433 11600 11599
f 11597 11430 11431 11433
f 11600 11602 11601 11599
f 11600 11436 11603 11602
f 11600 11433 11434 11436
f 11603 11605 11604 11602
f 11603 11439 11606 11605
f 11603 11436 11437 11439
f 11606 11608 11607 11605
f 11606 11442 11609 11608
f 11606 11439 11440 11442
f 11609 11611 11610 11608
f 11609 11445 11612 11611
f 11609 11442 11443 11445
f 11612 11614 11613 11611
f 11612 11448 11615 11614
f 11612 11445 11446 11448
f 11615 11617 11616 11614
f 11615 11451 11618 11617
f 11615 11448 11449 11451
f 11618 11620 11619 11617
f 11618 11454 11621 11620
f 11618 11451 11452 11454
f 11621 11623 11622 11620
f 11621 11457 11624 11623
f 11621 11454 11455 11457
f 11624 11626 11625 11623
f 11624 11460 11627 11626
f 11624 11457 11458 11460
f 11627 11629 11628 11626
f 11627 11463 11630 11629
f 11627 11460 11461 11463
f 11630 11632 11631 11629
f 11630 11466 11633 11632
f 11630 11463 11464 11466
f 11633 11635 11634 11632
f 11633 11469 11471 11635
f 11633 11466 11467 11469
f 11635 11637 11636 11634
f 11635 11471 11638 11637
f 11638 11640 11639 11637
f 11638 11474 11641 11640
f 11638 11471 11472 11474
f 11641 11643 11642 11640
f 11641 11645 11644 11643
f 11641 11474 11475 11645
f 11645 11647 11646 11644
f 11645 11475 11476 11647
f 11647 11649 11648 11646
f 11647 11476 11478 11649
f 11649 11484 11650 11648
f 11649 11478 11482 11484
f 11650 11652 11651 11648
f 11650 11654 11653 11652
f 11650 11484 11485 11654
f 11654 11656 11655 11653
f 11654 11485 11486 11656
f 11656 11658 11657 11655
f 11656 11486 11488 11658
f 11658 11660 11659 11657
f 11658 11488 11490 11660
f 11660 11662 11661 11659
f 11660 11490 11492 11662
f 11662 11664 11663 11661
f 11662 11492 11494 11664
f 11664 11666 11665 11663
f 11664 11494 11496 11666
f 11666 11668 11667 11665
f 11666 11496 11498 11668
f 11668 7333 11669 11667
f 11668 11498 7332 7333
f 11669 11671 11670 11667
f 11669 11673 11672 11671
f 11669 7333 7334 11673
f 11673 11675 11674 11672
f 11673 7334 11676 11675
f 11676 11678 11677 11675
f 11676 7330 11679 11678
f 11676 7334 7100 7330
f 11679 11681 11680 11678
f 11679 11683 11682 11681
f 11679 7330 7331 11683
f 11683 11685 11684 11682
f 11683 7331 11686 11685
f 11686 7331 7327 11687
f 11686 11689 11688 11685
f 11686 11687 11690 11689
f 11690 11687 11692 11691
f 11690 11694 11693 11689
f 11690 11691 11695 11694
f 11695 11691 11697 11696
f 11695 11699 11698 11694
f 11695 11696 11700 11699
f 11700 11696 11702 11701
f 11700 11704 11703 11699
f 11700 11701 11705 11704
f 11705 11701 11707 11706
f 11705 11709 11708 11704
f 11705 11706 11710 11709
f 11710 11706 11712 11711
f 11710 11714 11713 11709
f 11710 11711 11715 11714
f 11715 11711 11717 11716
f 11715 11719 11718 11714
f 11715 11716 11720 11719
f 11720 11716 11722 11721
f 11720 11724 11723 11719
f 11720 11721 11725 11724
f 11725 11721 11727 11726
f 11725 11729 11728 11724
f 11725 11726 11730 11729
f 11730 11726 11732 11731
f 11730 7324 11733 11729
f 11730 11731 7319 7324
f 11733 11734 11728 11729
f 11733 11735 11601 11734
f 11733 7324 7325 11735
f 11735 11598 11599 11601
f 11735 7325 7326 11598
f 11734 11604 11736 11728
f 11734 11601 11602 11604
f 11736 11723 11724 11728
f 11736 11607 11737 11723
f 11736 11604 11605 11607
f 11737 11718 11719 11723
f 11737 11610 11738 11718
f 11737 11607 11608 11610
f 11738 11713 11714 11718
f 11738 11613 11739 11713
f 11738 11610 11611 11613
f 11739 11708 11709 11713
f 11739 11616 11740 11708
f 11739 11613 11614 11616
f 11740 11703 11704 11708
f 11740 11619 11741 11703
f 11740 11616 11617 11619
f 11741 11698 11699 11703
f 11741 11622 11742 11698
f 11741 11619 11620 11622
f 11742 11693 11694 11698
f 11742 11625 11743 11693
f 11742 11622 11623 11625
f 11743 11688 11689 11693
f 11743 11628 11744 11688
f 11743 11625 11626 11628
f 11744 11684 11685 11688
f 11744 11631 11745 11684
f 11744 11628 11629 11631
f 11745 11746 11682 11684
f 11745 11634 11636 11746
f 11745 11631 11632 11634
f 11746 11747 11681 11682
f 11746 11636 11748 11747
f 11748 11750 11749 11747
f 11748 11639 11751 11750
f 11748 11636 11637 11639
f 11751 11753 11752 11750
f 11751 11642 11754 11753
f 11751 11639 11640 11642
f 11754 11756 11755 11753
f 11754 11758 11757 11756
f 11754 11642 11643 11758
f 11758 11760 11759 11757
f 11758 11643 11644 11760
f 11760 11762 11761 11759
f 11760 11644 11646 11762
f 11762 11651 11763 11761
f 11762 11646 11648 11651
f 11763 11765 11764 11761
f 11763 11767 11766 11765
f 11763 11651 11652 11767
f 11767 11769 11768 11766
f 11767 11652 11653 11769
f 11769 11771 11770 11768
f 11769 11653 11655 11771
f 11771 11773 11772 11770
f 11771 11655 11657 11773
f 11773 11775 11774 11772
f 11773 11657 11659 11775
f 11775 11777 11776 11774
f 11775 11659 11661 11777
f 11777 11779 11778 11776
f 11777 11661 11663 11779
f 11779 11781 11780 11778
f 11779 11663 11665 11781
f 11781 11670 11782 11780
f 11781 11665 11667 11670
f 11782 11784 11783 11780
f 11782 11786 11785 11784
f 11782 11670 11671 11786
f 11786 11788 11787 11785
f 11786 11671 11672 11788
f 11788 11790 11789 11787
f 11788 11672 11674 11790
f 11790 11792 11791 11789
f 11790 11674 11793 11792
f 11793 11795 11794 11792
f 11793 11677 11796 11795
f 11793 11674 11675 11677
f 11796 11798 11797 11795
f 11796 11680 11749 11798
f 11796 11677 11678 11680
f 11798 11752 11799 11797
f 11798 11749 11750 11752
f 11799 11801 11800 11797
f 11799 11755 11802 11801
f 11799 11752 11753 11755
f 11802 11804 11803 11801
f 11802 11806 11805 11804
f 11802 11755 11756 11806
f 11806 11808 11807 11805
f 11806 11756 11757 11808
f 11808 11810 11809 11807
f 11808 11757 11759 11810
f 11810 11764 11811 11809
f 11810 11759 11761 11764
f 11811 11813 11812 11809
f 11811 11815 11814 11813
f 11811 11764 11765 11815
f 11815 11817 11816 11814
f 11815 11765 11766 11817
f 11817 11819 11818 11816
f 11817 11766 11768 11819
f 11819 11821 11820 11818
f 11819 11768 11770 11821
f 11821 11823 11822 11820
f 11821 11770 11772 11823
f 11823 11825 11824 11822
f 11823 11772 11774 11825
f 11825 11827 11826 11824
f 11825 11774 11776 11827
f 11827 11829 11828 11826
f 11827 11776 11778 11829
f 11829 11783 11830 11828
f 11829 11778 11780 11783
f 11830 11832 11831 11828
f 11830 11834 11833 11832
f 11830 11783 11784 11834
f 11834 11836 11835 11833
f 11834 11784 11785 11836
f 11836 11838 11837 11835
f 11836 11785 11787 11838
f 11838 11840 11839 11837
f 11838 11787 11789 11840
f 11840 11842 11841 11839
f 11840 11789 11791 11842
f 11842 11844 11843 11841
f 11842 11791 11845 11844
f 11845 11847 11846 11844
f 11845 11794 11800 11847
f 11845 11791 11792 11794
f 11847 11803 11848 11846
f 11847 11800 11801 11803
f 11848 11850 11849 11846
f 11848 11852 11851 11850
f 11848 11803 11804 11852
f 11852 11854 11853 11851
f 11852 11804 11805 11854
f 11854 11856 11855 11853
f 11854 11805 11807 11856
f 11856 11812 11857 11855
f 11856 11807 11809 11812
f 11857 11859 11858 11855
f 11857 11861 11860 11859
f 11857 11812 11813 11861
f 11861 11863 11862 11860
f 11861 11813 11814 11863
f 11863 11865 11864 11862
f 11863 11814 11816 11865
f 11865 11867 11866 11864
f 11865 11816 11818 11867
f 11867 11869 11868 11866
f 11867 11818 11820 11869
f 11869 11871 11870 11868
f 11869 11820 11822 11871
f 11871 11873 11872 11870
f 11871 11822 11824 11873
f 11873 11875 11874 11872
f 11873 11824 11826 11875
f 11875 11831 11876 11874
f 11875 11826 11828 11831
f 11876 11878 11877 11874
f 11876 11880 11879 11878
f 11876 11831 11832 11880
f 11880 11882 11881 11879
f 11880 11832 11833 11882
f 11882 11884 11883 11881
f 11882 11833 11835 11884
f 11884 11886 11885 11883
f 11884 11835 11837 11886
f 11886 11888 11887 11885
f 11886 11837 11839 11888
f 11888 11890 11889 11887
f 11888 11839 11841 11890
f 11890 11892 11891 11889
f 11890 11841 11843 11892
f 11892 11894 11893 11891
f 11892 11843 11849 11894
f 11894 11896 11895 11893
f 11894 11849 11850 11896
f 11896 11898 11897 11895
f 11896 11850 11851 11898
f 11898 11900 11899 11897
f 11898 11851 11853 11900
f 11900 11858 11901 11899
f 11900 11853 11855 11858
f 11901 11903 11902 11899
f 11901 11905 11904 11903
f 11901 11858 11859 11905
f 11905 11907 11906 11904
f 11905 11859 11860 11907
f 11907 11909 11908 11906
f 11907 11860 11862 11909
f 11909 11911 11910 11908
f 11909 11862 11864 11911
f 11911 11913 11912 11910
f 11911 11864 11866 11913
f 11913 11915 11914 11912
f 11913 11866 11868 11915
f 11915 11917 11916 11914
f 11915 11868 11870 11917
f 11917 11919 11918 11916
f 11917 11870 11872 11919
f 11919 11877 11920 11918
f 11919 11872 11874 11877
f 11920 11922 11921 11918
f 11920 11924 11923 11922
f 11920 11877 11878 11924
f 11924 11926 11925 11923
f 11924 11878 11879 11926
f 11926 11928 11927 11925
f 11926 11879 11881 11928
f 11928 11930 11929 11927
f 11928 11881 11883 11930
f 11930 11932 11931 11929
f 11930 11883 11885 11932
f 11932 11934 11933 11931
f 11932 11885 11887 11934
f 11934 11936 11935 11933
f 11934 11887 11889 11936
f 11936 11938 11937 11935
f 11936 11889 11891 11938
f 11938 11940 11939 11937
f 11938 11891 11893 11940
f 11940 11942 11941 11939
f 11940 11893 11895 11942
f 11942 11944 11943 11941
f 11942 11895 11897 11944
f 11944 11902 11945 11943
f 11944 11897 11899 11902
f 11945 11947 11946 11943
f 11945 11949 11948 11947
f 11945 11902 11903 11949
f 11949 11951 11950 11948
f 11949 11903 11904 11951
f 11951 11953 11952 11950
f 11951 11904 11906 11953
f 11953 11955 11954 11952
f 11953 11906 11908 11955
f 11955 11957 11956 11954
f 11955 11908 11910 11957
f 11957 11959 11958 11956
f 11957 11910 11912 11959
f 11959 11961 11960 11958
f 11959 11912 11914 11961
f 11961 11963 11962 11960
f 11961 11914 11916 11963
f 11963 11921 11964 11962
f 11963 11916 11918 11921
f 11964 11966 11965 11962
f 11964 11968 11967 11966
f 11964 11921 11922 11968
f 11968 11970 11969 11967
f 11968 11922 11923 11970
f 11970 11972 11971 11969
f 11970 11923 11925 11972
f 11972 11974 11973 11971
f 11972 11925 11927 11974
f 11974 11976 11975 11973
f 11974 11927 11929 11976
f 11976 11978 11977 11975
f 11976 11929 11931 11978
f 11978 11980 11979 11977
f 11978 11931 11933 11980
f 11980 11982 11981 11979
f 11980 11933 11935 11982
f 11982 11984 11983 11981
f 11982 11935 11937 11984
f 11984 11986 11985 11983
f 11984 11937 11939 11986
f 11986 11988 11987 11985
f 11986 11939 11941 11988
f 11988 11946 11989 11987
f 11988 11941 11943 11946
f 11989 11991 11990 11987
f 11989 11993 11992 11991
f 11989 11946 11947 11993
f 11993 11995 11994 11992
f 11993 11947 11948 11995
f 11995 11997 11996 11994
f 11995 11948 11950 11997
f 11997 11999 11998 11996
f 11997 11950 11952 11999
f 11999 12001 12000 11998
f 11999 11952 11954 12001
f 12001 12003 12002 12000
f 12001 11954 11956 12003
f 12003 12005 12004 12002
f 12003 11956 11958 12005
f 12005 12007 12006 12004
f 12005 11958 11960 12007
f 12007 11965 12008 12006
f 12007 11960 11962 11965
f 12008 12010 12009 12006
f 12008 12012 12011 12010
f 12008 11965 11966 12012
f 12012 12014 12013 12011
f 12012 11966 11967 12014
f 12014 12016 12015 12013
f 12014 11967 11969 12016
f 12016 12018 12017 12015
f 12016 11969 11971 12018
f 12018 12020 12019 12017
f 12018 11971 11973 12020
f 12020 12022 12021 12019
f 12020 11973 11975 12022
f 12022 12024 12023 12021
f 12022 11975 11977 12024
f 12024 12026 12025 12023
f 12024 11977 11979 12026
f 12026 12028 12027 12025
f 12026 11979 11981 12028
f 12028 12030 12029 12027
f 12028 11981 11983 12030
f 12030 12032 12031 12029
f 12030 11983 11985 12032
f 12032 11990 12033 12031
f 12032 11985 11987 11990
f 12033 12035 12034 12031
f 12033 12037 12036 12035
f 12033 11990 11991 12037
f 12037 12039 12038 12036
f 12037 11991 11992 12039
f 12039 12041 12040 12038
f 12039 11992 11994 12041
f 12041 12043 12042 12040
f 12041 11994 11996 12043
f 12043 12045 12044 12042
f 12043 11996 11998 12045
f 12045 12047 12046 12044
f 12045 11998 12000 12047
f 12047 12049 12048 12046
f 12047 12000 12002 12049
f 12049 12051 12050 12048
f 12049 12002 12004 12051
f 12051 12009 12052 12050
f 12051 12004 12006 12009
f 12052 12054 12053 12050
f 12052 12056 12055 12054
f 12052 12009 12010 12056
f 12056 12058 12057 12055
f 12056 12010 12011 12058
f 12058 12060 12059 12057
f 12058 12011 12013 12060
f 12060 12062 12061 12059
f 12060 12013 12015 12062
f 12062 12064 12063 12061
f 12062 12015 12017 12064
f 12064 12066 12065 12063
f 12064 12017 12019 12066
f 12066 12068 12067 12065
f 12066 12019 12021 12068
f 12068 12070 12069 12067
f 12068 12021 12023 12070
f 12070 12072 12071 12069
f 12070 12023 12025 12072
f 12072 12074 12073 12071
f 12072 12025 12027 12074
f 12074 12076 12075 12073
f 12074 12027 12029 12076
f 12076 12034 12077 12075
f 12076 12029 12031 12034
f 12077 12079 12078 12075
f 12077 12081 12080 12079
f 12077 12034 12035 12081
f 12081 12083 12082 12080
f 12081 12035 12036 12083
f 12083 12085 12084 12082
f 12083 12036 12038 12085
f 12085 12087 12086 12084
f 12085 12038 12040 12087
f 12087 12089 12088 12086
f 12087 12040 12042 12089
f 12089 12091 12090 12088
f 12089 12042 12044 12091
f 12091 12093 12092 12090
f 12091 12044 12046 12093
f 12093 12095 12094 12092
f 12093 12046 12048 12095
f 12095 12053 12096 12094
f 12095 12048 12050 12053
f 12096 12098 12097 12094
f 12096 12100 12099 12098
f 12096 12053 12054 12100
f 12100 12102 12101 12099
f 12100 12054 12055 12102
f 12102 12104 12103 12101
f 12102 12055 12057 12104
f 12104 12106 12105 12103
f 12104 12057 12059 12106
f 12106 12108 12107 12105
f 12106 12059 12061 12108
f 12108 12110 12109 12107
f 12108 12061 12063 12110
f 12110 12112 12111 12109
f 12110 12063 12065 12112
f 12112 12114 12113 12111
f 12112 12065 12067 12114
f 12114 12116 12115 12113
f 12114 12067 12069 12116
f 12116 12118 12117 12115
f 12116 12069 12071 12118
f 12118 12120 12119 12117
f 12118 12071 12073 12120
f 12120 12078 12121 12119
f 12120 12073 12075 12078
f 12121 12123 12122 12119
f 12121 12125 12124 12123
f 12121 12078 12079 12125
f 12125 12127 12126 12124
f 12125 12079 12080 12127
f 12127 12129 12128 12126
f 12127 12080 12082 12129
f 12129 12131 12130 12128
f 12129 12082 12084 12131
f 12131 12133 12132 12130
f 12131 12084 12086 12133
f 12133 12135 12134 12132
f 12133 12086 12088 12135
f 12135 12137 12136 12134
f 12135 12088 12090 12137
f 12137 12139 12138 12136
f 12137 12090 12092 12139
f 12139 12097 12140 12138
f 12139 12092 12094 12097
f 12140 12142 12141 12138
f 12140 12144 12143 12142
f 12140 12097 12098 12144
f 12144 12146 12145 12143
f 12144 12098 12099 12146
f 12146 12148 12147 12145
f 12146 12099 12101 12148
f 12148 12150 12149 12147
f 12148 12101 12103 12150
f 12150 12152 12151 12149
f 12150 12103 12105 12152
f 12152 12154 12153 12151
f 12152 12105 12107 12154
f 12154 12156 12155 12153
f 12154 12107 12109 12156
f 12156 12158 12157 12155
f 12156 12109 12111 12158
f 12158 12160 12159 12157
f 12158 12111 12113 12160
f 12160 12162 12161 12159
f 12160 12113 12115 12162
f 12162 12164 12163 12161
f 12162 12115 12117 12164
f 12164 12122 12165 12163
f 12164 12117 12119 12122
f 12165 12167 12166 12163
f 12165 12169 12168 12167
f 12165 12122 12123 12169
f 12169 12171 12170 12168
f 12169 12123 12124 12171
f 12171 12173 12172 12170
f 12171 12124 12126 12173
f 12173 12175 12174 12172
f 12173 12126 12128 12175
f 12175 12177 12176 12174
f 12175 12128 12130 12177
f 12177 12179 12178 12176
f 12177 12130 12132 12179
f 12179 12181 12180 12178
f 12179 12132 12134 12181
f 12181 12183 12182 12180
f 12181 12134 12136 12183
f 12183 12141 12184 12182
f 12183 12136 12138 12141
f 12184 12186 12185 12182
f 12184 12188 12187 12186
f 12184 12141 12142 12188
f 12188 12190 12189 12187
f 12188 12142 12143 12190
f 12190 12192 12191 12189
f 12190 12143 12145 12192
f 12192 12194 12193 12191
f 12192 12145 12147 12194
f 12194 12196 12195 12193
f 12194 12147 12149 12196
f 12196 12198 12197 12195
f 12196 12149 12151 12198
f 12198 12200 12199 12197
f 12198 12151 12153 12200
f 12200 12202 12201 12199
f 12200 12153 12155 12202
f 12202 12204 12203 12201
f 12202 12155 12157 12204
f 12204 12206 12205 12203
f 12204 12157 12159 12206
f 12206 12208 12207 12205
f 12206 12159 12161 12208
f 12208 12166 12209 12207
f 12208 12161 12163 12166
f 12209 12211 12210 12207
f 12209 12213 12212 12211
f 12209 12166 12167 12213
f 12213 12215 12214 12212
f 12213 12167 12168 12215
f 12215 12217 12216 12214
f 12215 12168 12170 12217
f 12217 12219 12218 12216
f 12217 12170 12172 12219
f 12219 12221 12220 12218
f 12219 12172 12174 12221
f 12221 12223 12222 12220
f 12221 12174 12176 12223
f 12223 12225 12224 12222
f 12223 12176 12178 12225
f 12225 12227 12226 12224
f 12225 12178 12180 12227
f 12227 12185 12228 12226
f 12227 12180 12182 12185
f 12228 12230 12229 12226
f 12228 12232 12231 12230
f 12228 12185 12186 12232
f 12232 12234 12233 12231
f 12232 12186 12187 12234
f 12234 12236 12235 12233
f 12234 12187 12189 12236
f 12236 12238 12237 12235
f 12236 12189 12191 12238
f 12238 12240 12239 12237
f 12238 12191 12193 12240
f 12240 12242 12241 12239
f 12240 12193 12195 12242
f 12242 12244 12243 12241
f 12242 12195 12197 12244
f 12244 12246 12245 12243
f 12244 12197 12199 12246
f 12246 12248 12247 12245
f 12246 12199 12201 12248
f 12248 12250 12249 12247
f 12248 12201 12203 12250
f 12250 12252 12251 12249
f 12250 12203 12205 12252
f 12252 12210 12253 12251
f 12252 12205 12207 12210
f 12253 12255 12254 12251
f 12253 12257 12256 12255
f 12253 12210 12211 12257
f 12257 12259 12258 12256
f 12257 12211 12212 12259
f 12259 12261 12260 12258
f 12259 12212 12214 12261
f 12261 12263 12262 12260
f 12261 12214 12216 12263
f 12263 12265 12264 12262
f 12263 12216 12218 12265
f 12265 12267 12266 12264
f 12265 12218 12220 12267
f 12267 12269 12268 12266
f 12267 12220 12222 12269
f 12269 12271 12270 12268
f 12269 12222 12224 12271
f 12271 12229 12272 12270
f 12271 12224 12226 12229
f 12272 12274 12273 12270
f 12272 12276 12275 12274
f 12272 12229 12230 12276
f 12276 12278 12277 12275
f 12276 12230 12231 12278
f 12278 12280 12279 12277
f 12278 12231 12233 12280
f 12280 12282 12281 12279
f 12280 12233 12235 12282
f 12282 12284 12283 12281
f 12282 12235 12237 12284
f 12284 12286 12285 12283
f 12284 12237 12239 12286
f 12286 12288 12287 12285
f 12286 12239 12241 12288
f 12288 12290 12289 12287
f 12288 12241 12243 12290
f 12290 12292 12291 12289
f 12290 12243 12245 12292
f 12292 12294 12293 12291
f 12292 12245 12247 12294
f 12294 12296 12295 12293
f 12294 12247 12249 12296
f 12296 12254 12297 12295
f 12296 12249 12251 12254
f 12297 12299 12298 12295
f 12297 12301 12300 12299
f 12297 12254 12255 12301
f 12301 12303 12302 12300
f 12301 12255 12256 12303
f 12303 12305 12304 12302
f 12303 12256 12258 12305
f 12305 12307 12306 12304
f 12305 12258 12260 12307
f 12307 12309 12308 12306
f 12307 12260 12262 12309
f 12309 12311 12310 12308
f 12309 12262 12264 12311
f 12311 12313 12312 12310
f 12311 12264 12266 12313
f 12313 12315 12314 12312
f 12313 12266 12268 12315
f 12315 12273 12316 12314
f 12315 12268 12270 12273
f 12316 12318 12317 12314
f 12316 12320 12319 12318
f 12316 12273 12274 12320
f 12320 12322 12321 12319
f 12320 12274 12275 12322
f 12322 12324 12323 12321
f 12322 12275 12277 12324
f 12324 12326 12325 12323
f 12324 12277 12279 12326
f 12326 12328 12327 12325
f 12326 12279 12281 12328
f 12328 12330 12329 12327
f 12328 12281 12283 12330
f 12330 12332 12331 12329
f 12330 12283 12285 12332
f 12332 12334 12333 12331
f 12332 12285 12287 12334
f 12334 12336 12335 12333
f 12334 12287 12289 12336
f 12336 12338 12337 12335
f 12336 12289 12291 12338
f 12338 12340 12339 12337
f 12338 12291 12293 12340
f 12340 12298 12341 12339
f 12340 12293 12295 12298
f 12341 12343 12342 12339
f 12341 12345 12344 12343
f 12341 12298 12299 12345
f 12345 12347 12346 12344
f 12345 12299 12300 12347
f 12347 12349 12348 12346
f 12347 12300 12302 12349
f 12349 12351 12350 12348
f 12349 12302 12304 12351
f 12351 12353 12352 12350
f 12351 12304 12306 12353
f 12353 12355 12354 12352
f 12353 12306 12308 12355
f 12355 12357 12356 12354
f 12355 12308 12310 12357
f 12357 12359 12358 12356
f 12357 12310 12312 12359
f 12359 12317 12360 12358
f 12359 12312 12314 12317
f 12360 12362 12361 12358
f 12360 12364 12363 12362
f 12360 12317 12318 12364
f 12364 12366 12365 12363
f 12364 12318 12319 12366
f 12366 12368 12367 12365
f 12366 12319 12321 12368
f 12368 12370 12369 12367
f 12368 12321 12323 12370
f 12370 12372 12371 12369
f 12370 12323 12325 12372
f 12372 12374 12373 12371
f 12372 12325 12327 12374
f 12374 12376 12375 12373
f 12374 12327 12329 12376
f 12376 12378 12377 12375
f 12376 12329 12331 12378
f 12378 12380 12379 12377
f 12378 12331 12333 12380
f 12380 12382 12381 12379
f 12380 12333 12335 12382
f 12382 12384 12383 12381
f 12382 12335 12337 12384
f 12384 12342 12385 12383
f 12384 12337 12339 12342
f 12385 12387 12386 12383
f 12385 12389 12388 12387
f 12385 12342 12343 12389
f 12389 12391 12390 12388
f 12389 12343 12344 12391
f 12391 12393 12392 12390
f 12391 12344 12346 12393
f 12393 12395 12394 12392
f 12393 12346 12348 12395
f 12395 12397 12396 12394
f 12395 12348 12350 12397
f 12397 12399 12398 12396
f 12397 12350 12352 12399
f 12399 12401 12400 12398
f 12399 12352 12354 12401
f 12401 12403 12402 12400
f 12401 12354 12356 12403
f 12403 12361 12404 12402
f 12403 12356 12358 12361
f 12404 12406 12405 12402
f 12404 12408 12407 12406
f 12404 12361 12362 12408
f 12408 12410 12409 12407
f 12408 12362 12363 12410
f 12410 12412 12411 12409
f 12410 12363 12365 12412
f 12412 12414 12413 12411
f 12412 12365 12367 12414
f 12414 12416 12415 12413
f 12414 12367 12369 12416
f 12416 12418 12417 12415
f 12416 12369 12371 12418
f 12418 12420 12419 12417
f 12418 12371 12373 12420
f 12420 12422 12421 12419
f 12420 12373 12375 12422
f 12422 12424 12423 12421
f 12422 12375 12377 12424
f 12424 12426 12425 12423
f 12424 12377 12379 12426
f 12426 12428 12427 12425
f 12426 12379 12381 12428
f 12428 12386 12429 12427
f 12428 12381 12383 12386
f 12429 12431 12430 12427
f 12429 12433 12432 12431
f 12429 12386 12387 12433
f 12433 12435 12434 12432
f 12433 12387 12388 12435
f 12435 12437 12436 12434
f 12435 12388 12390 12437
f 12437 12439 12438 12436
f 12437 12390 12392 12439
f 12439 12441 12440 12438
f 12439 12392 12394 12441
f 12441 12443 12442 12440
f 12441 12394 12396 12443
f 12443 12445 12444 12442
f 12443 12396 12398 12445
f 12445 12447 12446 12444
f 12445 12398 12400 12447
f 12447 12405 12448 12446
f 12447 12400 12402 12405
f 12448 12450 12449 12446
f 12448 12452 12451 12450
f 12448 12405 12406 12452
f 12452 12454 12453 12451
f 12452 12406 12407 12454
f 12454 12456 12455 12453
f 12454 12407 12409 12456
f 12456 12458 12457 12455
f 12456 12409 12411 12458
f 12458 12460 12459 12457
f 12458 12411 12413 12460
f 12460 12462 12461 12459
f 12460 12413 12415 12462
f 12462 12464 12463 12461
f 12462 12415 12417 12464
f 12464 12466 12465 12463
f 12464 12417 12419 12466
f 12466 12468 12467 12465
f 12466 12419 12421 12468
f 12468 12470 12469 12467
f 12468 12421 12423 12470
f 12470 12472 12471 12469
f 12470 12423 12425 12472
f 12472 12430 12473 12471
f 12472 12425 12427 12430
f 12473 12475 12474 12471
f 12473 12477 12476 12475
f 12473 12430 12431 12477
f 12477 12479 12478 12476
f 12477 12431 12432 12479
f 12479 12481 12480 12478
f 12479 12432 12434 12481
f 12481 12483 12482 12480
f 12481 12434 12436 12483
f 12483 12485 12484 12482
f 12483 12436 12438 12485
f 12485 12487 12486 12484
f 12485 12438 12440 12487
f 12487 12489 12488 12486
f 12487 12440 12442 12489
f 12489 12491 12490 12488
f 12489 12442 12444 12491
f 12491 12449 12492 12490
f 12491 12444 12446 12449
f 12492 12494 12493 12490
f 12492 12496 12495 12494
f 12492 12449 12450 12496
f 12496 12498 12497 12495
f 12496 12450 12451 12498
f 12498 12500 12499 12497
f 12498 12451 12453 12500
f 12500 12502 12501 12499
f 12500 12453 12455 12502
f 12502 12504 12503 12501
f 12502 12455 12457 12504
f 12504 12506 12505 12503
f 12504 12457 12459 12506
f 12506 12508 12507 12505
f 12506 12459 12461 12508
f 12508 12510 12509 12507
f 12508 12461 12463 12510
f 12510 12511 7341 12509
f 12510 12463 12465 12511
f 12511 12512 7340 7341
f 12511 12465 12467 12512
f 12512 12513 7339 7340
f 12512 12467 12469 12513
f 12513 12474 12514 7339
f 12513 12469 12471 12474
f 12514 12515 7338 7339
f 12514 12517 12516 12515
f 12514 12474 12475 12517
f 12517 12519 12518 12516
f 12517 12475 12476 12519
f 12519 12521 12520 12518
f 12519 12476 12478 12521
f 12521 12523 12522 12520
f 12521 12478 12480 12523
f 12523 12525 12524 12522
f 12523 12480 12482 12525
f 12525 12527 12526 12524
f 12525 12482 12484 12527
f 12527 12529 12528 12526
f 12527 12484 12486 12529
f 12529 12531 12530 12528
f 12529 12486 12488 12531
f 12531 12493 12532 12530
f 12531 12488 12490 12493
f 12532 12534 12533 12530
f 12532 7221 7222 12534
f 12532 12493 12494 7221
f 12534 12536 12535 12533
f 12534 7222 7223 12536
f 12536 12538 12537 12535
f 12536 7223 12539 12538
f 12539 12541 12540 12538
f 12539 12543 12542 12541
f 12539 7223 7224 12543
f 12543 12545 12544 12542
f 12543 7224 7225 12545
f 12545 12499 12501 12544
f 12545 7225 12497 12499
f 12544 12547 12546 12542
f 12544 12501 12503 12547
f 12547 12549 12548 12546
f 12547 12503 12505 12549
f 12549 12551 12550 12548
f 12549 12505 12507 12551
f 12551 12553 12552 12550
f 12551 12507 12509 12553
f 12553 7336 7337 12552
f 12553 12509 7341 7336
f 12552 12555 12554 12550
f 12552 7337 12556 12555
f 12556 12558 12557 12555
f 12556 12515 12516 12558
f 12556 7337 7338 12515
f 12558 12560 12559 12557
f 12558 12516 12518 12560
f 12560 12562 12561 12559
f 12560 12518 12520 12562
f 12562 12564 12563 12561
f 12562 12520 12522 12564
f 12564 7249 7250 12563
f 12564 12522 12524 7249
f 12563 12565 7206 12561
f 12563 7250 7251 12565
f 12565 12566 7205 7206
f 12565 7251 12537 12566
f 12566 12540 7207 7205
f 12566 12537 12538 12540
f 12561 7206 7202 12559
f 12559 7202 7203 12557
f 12557 7203 12554 12555
f 12554 7203 7204 12567
f 12554 12567 12548 12550
f 12567 7204 7207 12568
f 12567 12568 12546 12548
f 12568 7207 12540 12541
f 12568 12541 12542 12546
f 12537 7251 7252 12535
f 12535 7252 7253 12533
f 12533 7253 12528 12530
f 12528 7253 7248 12526
f 12526 7248 7249 12524
f 12497 7225 7220 12495
f 12495 7220 7221 12494
f 11849 11843 11844 11846
f 11800 11794 11795 11797
f 11749 11680 11681 11747
f 11732 12571 12570 12569
f 11732 11726 11727 12571
f 11732 12569 12572 11731
f 12572 12569 12574 12573
f 12572 7318 7319 11731
f 12572 12573 12575 7318
f 12575 12573 12577 12576
f 12575 12578 7317 7318
f 12575 12576 12579 12578
f 12579 12576 12581 12580
f 12579 12583 12582 12578
f 12579 12580 12584 12583
f 12584 12580 12586 12585
f 12584 11561 11563 12583
f 12584 12585 11559 11561
f 12586 11539 11540 11542
f 12586 12580 12581 11539
f 12586 11542 12587 12585
f 12587 11542 11543 11545
f 12587 11557 11559 12585
f 12587 11545 11555 11557
f 12583 11563 11565 12582
f 12582 7321 7317 12578
f 12582 11565 11567 7321
f 12581 11536 11537 11539
f 12581 12576 12577 11536
f 12577 11533 11534 11536
f 12577 12573 12574 11533
f 12574 11530 11531 11533
f 12574 12569 12570 11530
f 12571 12588 11527 12570
f 12571 11727 12589 12588
f 12589 12590 11524 12588
f 12589 11722 12591 12590
f 12589 11727 11721 11722
f 12591 12592 11521 12590
f 12591 11717 12593 12592
f 12591 11722 11716 11717
f 12593 12594 11518 12592
f 12593 11712 12595 12594
f 12593 11717 11711 11712
f 12595 12596 11515 12594
f 12595 11707 12597 12596
f 12595 11712 11706 11707
f 12597 12598 11512 12596
f 12597 11702 12599 12598
f 12597 11707 11701 11702
f 12599 12600 11509 12598
f 12599 11697 12601 12600
f 12599 11702 11696 11697
f 12601 12602 11506 12600
f 12601 11692 7328 12602
f 12601 11697 11691 11692
f 12602 11503 11504 11506
f 12602 7328 7329 11503
f 12600 11506 11507 11509
f 12598 11509 11510 11512
f 12596 11512 11513 11515
f 12594 11515 11516 11518
f 12592 11518 11519 11521
f 12590 11521 11522 11524
f 12588 11524 11525 11527
f 12570 11527 11528 11530
f 11692 11687 7327 7328
f 11598 7326 11595 11596
f 11595 7326 7322 12603
f 11595 12603 11592 11593
f 12603 7322 7323 12604
f 12603 12604 12605 11592
f 12605 12604 11573 11575
f 12605 11589 11590 11592
f 12605 11575 11577 11589
f 12604 7323 11571 11573
f 11589 11577 11579 11587
f 11571 7323 7320 11569
f 11569 7320 7321 11567
f 11555 11545 11546 11548
f 11503 7329 7335 11501
f 11499 7335 7332 11498
f 11412 10742 10744 11410
f 10941 10924 10926 10937
f 10816 10798 10800 10814
f 10700 10690 10691 10693
f 10480 10473 10474 10476
f 10468 10431 10432 10434
f 10466 10434 10435 10437
f 10464 10437 10438 10440
f 10464 10440 10459 10460
f 10459 10440 10441 10443
f 10457 10443 10444 10446
f 10453 10446 10447 10449
f 10312 9634 9635 9639
f 9533 9528 7242 7247
f 9446 9381 9382 9444
f 9444 9382 9383 9442
f 9442 9383 9385 9440
f 9440 9385 9387 9438
f 9438 9387 12606 9436
f 12606 9387 9388 9391
f 12606 12607 9434 9436
f 12606 9391 12608 12607
f 12608 9391 9392 9396
f 12608 12609 9430 12607
f 12608 9396 12610 12609
f 12610 9396 9397 9401
f 12610 12611 9427 12609
f 12610 9401 12612 12611
f 12612 9401 9402 9406
f 12612 12613 9424 12611
f 12612 9406 9414 12613
f 12613 9418 9420 9424
f 12613 9414 9415 9418
f 12611 9424 9425 9427
f 12609 9427 9428 9430
f 12607 9430 9431 9434
f 9414 9406 9407 9411
f 9410 12615 7700 12614
f 9410 9404 9405 12615
f 9410 12614 12616 9409
f 12616 12614 7702 7703
f 12616 7706 7708 9409
f 12616 7703 7704 7706
f 12615 7697 7698 7700
f 12615 9405 12617 7697
f 12617 7693 7694 7697
f 12617 9400 12618 7693
f 12617 9405 9399 9400
f 12618 7215 7219 7693
f 12618 9395 7169 7215
f 12618 9400 9394 9395
f 12614 7700 7701 7702
f 9395 9390 7164 7169
f 9273 7357 7358 9272
f 9272 9092 9267 9268
f 9272 7358 9090 9092
f 9267 9095 9262 9263
f 9267 9092 9093 9095
f 9262 9099 9257 9258
f 9262 9095 9096 9099
f 9257 9102 9252 9253
f 9257 9099 9100 9102
f 9252 9105 9247 9248
f 9252 9102 9103 9105
f 9247 12619 9242 9243
f 9247 9105 9106 12619
f 12619 12621 12620 9242
f 12619 9106 9107 12621
f 12621 12623 12622 12620
f 12621 9107 9109 12623
f 12623 9171 9173 12622
f 12623 9109 9111 9171
f 12622 12624 9237 12620
f 12622 9173 9175 12624
f 12624 9232 9233 9237
f 12624 9175 12625 9232
f 12625 9227 9228 9232
f 12625 9178 12626 9227
f 12625 9175 9176 9178
f 12626 9222 9223 9227
f 12626 12628 12627 9222
f 12626 9178 9179 12628
f 12628 12630 12629 12627
f 12628 9179 9180 12630
f 12630 12632 12631 12629
f 12630 9180 9182 12632
f 12632 9187 12633 12631
f 12632 9182 9184 9187
f 12633 12635 12634 12631
f 12633 9190 12636 12635
f 12633 9187 9188 9190
f 12636 12638 12637 12635
f 12636 9193 9197 12638
f 12636 9190 9191 9193
f 12638 9211 9213 12637
f 12638 9197 9198 9211
f 12637 9213 7256 7257
f 12637 7257 12634 12635
f 12634 7257 7258 12639
f 12634 12639 12629 12631
f 12639 7258 7259 9218
f 12639 9218 12627 12629
f 12627 9218 9219 9222
f 12620 9237 9238 9242
f 9226 9221 7115 7116
f 9168 7355 7351 9167
f 9153 9150 7181 7175
f 9148 7551 7173 7174
f 9148 9145 7550 7551
f 9148 7174 7181 9147
f 9090 7358 7359 9088
f 9088 7359 7360 9087
f 9079 9063 9064 9068
f 9022 9017 7190 7191
f 8843 7979 7980 7984
f 1137 7911 7912 5926
f 5926 7912 12640 5927
f 12640 12641 5929 5927
f 12640 7907 12642 12641
f 12640 7912 7906 7907
f 12642 12644 12643 12641
f 12642 7902 12645 12644
f 12642 7907 7901 7902
f 12645 12647 12646 12644
f 12645 7897 12648 12647
f 12645 7902 7896 7897
f 12648 12650 12649 12647
f 12648 7892 12651 12650
f 12648 7897 7891 7892
f 12651 12653 12652 12650
f 12651 7887 12654 12653
f 12651 7892 7886 7887
f 12654 12656 12655 12653
f 12654 7882 12657 12656
f 12654 7887 7881 7882
f 12657 12659 12658 12656
f 12657 7877 12660 12659
f 12657 7882 7876 7877
f 12660 12662 12661 12659
f 12660 7872 12663 12662
f 12660 7877 7871 7872
f 12663 12665 12664 12662
f 12663 7867 12666 12665
f 12663 7872 7866 7867
f 12666 12668 12667 12665
f 12666 7862 12669 12668
f 12666 7867 7861 7862
f 12669 12671 12670 12668
f 12669 7857 12672 12671
f 12669 7862 7856 7857
f 12672 12674 12673 12671
f 12672 7852 12675 12674
f 12672 7857 7851 7852
f 12675 12677 12676 12674
f 12675 7847 12678 12677
f 12675 7852 7846 7847
f 12678 12680 12679 12677
f 12678 7842 12681 12680
f 12678 7847 7841 7842
f 12681 12683 12682 12680
f 12681 7837 12684 12683
f 12681 7842 7836 7837
f 12684 7293 12685 12683
f 12684 7832 7292 7293
f 12684 7837 7831 7832
f 12685 12688 12687 12686
f 12685 7293 7294 12688
f 12685 12686 12682 12683
f 12688 12690 12689 12687
f 12688 7294 12691 12690
f 12691 12693 12692 12690
f 12691 12695 12694 12693
f 12691 7294 7095 12695
f 12695 12697 12696 12694
f 12695 7095 7288 12697
f 12697 12699 12698 12696
f 12697 7288 12700 12699
f 12700 12702 12701 12699
f 12700 12704 12703 12702
f 12700 7288 7289 12704
f 12704 12706 12705 12703
f 12704 7289 12707 12706
f 12707 7289 7290 7823
f 12707 7818 12708 12706
f 12707 7823 7817 7818
f 12708 12709 12705 12706
f 12708 7813 12710 12709
f 12708 7818 7812 7813
f 12710 12712 12711 12709
f 12710 7808 7158 12712
f 12710 7813 7807 7808
f 12712 12714 12713 12711
f 12712 7158 7159 12714
f 12714 12716 12715 12713
f 12714 7159 7161 12716
f 12716 12718 12717 12715
f 12716 7161 12719 12718
f 12719 12720 7261 12718
f 12719 12722 12721 12720
f 12719 7161 7160 12722
f 12722 6013 6012 12721
f 12722 7160 96 6013
f 6012 6015 12723 12721
f 6015 6017 12724 12723
f 6017 6019 12725 12724
f 6019 6021 12726 12725
f 6021 6023 12727 12726
f 6023 6025 12728 12727
f 6025 6027 12729 12728
f 6027 6029 12730 12729
f 6029 6031 12731 12730
f 6031 6033 12732 12731
f 6033 6035 12733 12732
f 6035 6037 12734 12733
f 6037 6038 12643 12734
f 6038 5929 12641 12643
f 12734 12646 12735 12733
f 12734 12643 12644 12646
f 12735 12736 12732 12733
f 12735 12649 12737 12736
f 12735 12646 12647 12649
f 12737 12739 12738 12736
f 12737 12652 12740 12739
f 12737 12649 12650 12652
f 12740 12742 12741 12739
f 12740 12655 12743 12742
f 12740 12652 12653 12655
f 12743 12745 12744 12742
f 12743 12658 12746 12745
f 12743 12655 12656 12658
f 12746 12748 12747 12745
f 12746 12661 12749 12748
f 12746 12658 12659 12661
f 12749 12751 12750 12748
f 12749 12664 12752 12751
f 12749 12661 12662 12664
f 12752 12754 12753 12751
f 12752 12667 12755 12754
f 12752 12664 12665 12667
f 12755 12757 12756 12754
f 12755 12670 12758 12757
f 12755 12667 12668 12670
f 12758 12760 12759 12757
f 12758 12673 12761 12760
f 12758 12670 12671 12673
f 12761 12763 12762 12760
f 12761 12676 12764 12763
f 12761 12673 12674 12676
f 12764 12766 12765 12763
f 12764 12679 12767 12766
f 12764 12676 12677 12679
f 12767 12769 12768 12766
f 12767 12682 12686 12769
f 12767 12679 12680 12682
f 12769 12771 12770 12768
f 12769 12686 12687 12771
f 12771 12773 12772 12770
f 12771 12687 12689 12773
f 12773 12775 12774 12772
f 12773 12689 12776 12775
f 12776 12778 12777 12775
f 12776 12692 12779 12778
f 12776 12689 12690 12692
f 12779 12781 12780 12778
f 12779 12783 12782 12781
f 12779 12692 12693 12783
f 12783 12785 12784 12782
f 12783 12693 12694 12785
f 12785 12787 12786 12784
f 12785 12694 12696 12787
f 12787 12789 12788 12786
f 12787 12696 12698 12789
f 12789 12791 12790 12788
f 12789 12698 12792 12791
f 12792 12794 12793 12791
f 12792 12701 12795 12794
f 12792 12698 12699 12701
f 12795 12797 12796 12794
f 12795 12799 12798 12797
f 12795 12701 12702 12799
f 12799 12801 12800 12798
f 12799 12702 12703 12801
f 12801 12803 12802 12800
f 12801 12703 12705 12803
f 12803 12711 12713 12802
f 12803 12705 12709 12711
f 12802 12805 12804 12800
f 12802 12713 12715 12805
f 12805 12807 12806 12804
f 12805 12715 12717 12807
f 12807 7263 12808 12806
f 12807 12717 7262 7263
f 12808 12810 12809 12806
f 12808 12812 12811 12810
f 12808 7263 7264 12812
f 12812 12814 12813 12811
f 12812 7264 7265 12814
f 12814 12816 12815 12813
f 12814 7265 12817 12816
f 12817 12819 12818 12816
f 12817 12821 12820 12819
f 12817 7265 7266 12821
f 12821 12823 12822 12820
f 12821 7266 7267 12823
f 12823 12825 12824 12822
f 12823 7267 12826 12825
f 12826 7267 7268 12827
f 12826 12829 12828 12825
f 12826 12827 12830 12829
f 12830 12827 12832 12831
f 12830 12834 12833 12829
f 12830 12831 12835 12834
f 12835 12831 12837 12836
f 12835 12839 12838 12834
f 12835 12836 12840 12839
f 12840 12836 12727 12728
f 12840 12842 12841 12839
f 12840 12728 12729 12842
f 12842 12843 12741 12841
f 12842 12729 12730 12843
f 12843 12738 12739 12741
f 12843 12730 12731 12738
f 12841 12744 12838 12839
f 12841 12741 12742 12744
f 12838 12747 12833 12834
f 12838 12744 12745 12747
f 12837 12844 12725 12726
f 12837 12831 12832 12844
f 12837 12726 12727 12836
f 12844 12845 12724 12725
f 12844 12832 7269 12845
f 12845 12846 12723 12724
f 12845 7269 7260 12846
f 12846 7260 7261 12720
f 12846 12720 12721 12723
f 12833 12750 12828 12829
f 12833 12747 12748 12750
f 12832 12827 7268 7269
f 12828 12753 12824 12825
f 12828 12750 12751 12753
f 12824 12756 12847 12822
f 12824 12753 12754 12756
f 12847 12848 12820 12822
f 12847 12759 12849 12848
f 12847 12756 12757 12759
f 12849 12851 12850 12848
f 12849 12762 12852 12851
f 12849 12759 12760 12762
f 12852 12854 12853 12851
f 12852 12765 12855 12854
f 12852 12762 12763 12765
f 12855 12857 12856 12854
f 12855 12768 12770 12857
f 12855 12765 12766 12768
f 12857 12859 12858 12856
f 12857 12770 12772 12859
f 12859 12861 12860 12858
f 12859 12772 12774 12861
f 12861 12863 12862 12860
f 12861 12774 12864 12863
f 12864 12866 12865 12863
f 12864 12777 12867 12866
f 12864 12774 12775 12777
f 12867 12869 12868 12866
f 12867 12780 12870 12869
f 12867 12777 12778 12780
f 12870 12872 12871 12869
f 12870 12874 12873 12872
f 12870 12780 12781 12874
f 12874 12876 12875 12873
f 12874 12781 12782 12876
f 12876 12878 12877 12875
f 12876 12782 12784 12878
f 12878 12880 12879 12877
f 12878 12784 12786 12880
f 12880 12882 12881 12879
f 12880 12786 12788 12882
f 12882 12884 12883 12881
f 12882 12788 12790 12884
f 12884 12886 12885 12883
f 12884 12790 12887 12886
f 12887 12889 12888 12886
f 12887 12793 12890 12889
f 12887 12790 12791 12793
f 12890 12892 12891 12889
f 12890 12796 12893 12892
f 12890 12793 12794 12796
f 12893 12895 12894 12892
f 12893 12897 12896 12895
f 12893 12796 12797 12897
f 12897 12898 12809 12896
f 12897 12797 12798 12898
f 12898 12804 12806 12809
f 12898 12798 12800 12804
f 12896 12900 12899 12895
f 12896 12809 12810 12900
f 12900 12902 12901 12899
f 12900 12810 12811 12902
f 12902 12904 12903 12901
f 12902 12811 12813 12904
f 12904 12906 12905 12903
f 12904 12813 12815 12906
f 12906 12908 12907 12905
f 12906 12815 12909 12908
f 12909 12911 12910 12908
f 12909 12818 12912 12911
f 12909 12815 12816 12818
f 12912 12853 12913 12911
f 12912 12850 12851 12853
f 12912 12818 12819 12850
f 12913 12914 12910 12911
f 12913 12856 12858 12914
f 12913 12853 12854 12856
f 12914 12916 12915 12910
f 12914 12858 12860 12916
f 12916 12918 12917 12915
f 12916 12860 12862 12918
f 12918 12920 12919 12917
f 12918 12862 12921 12920
f 12921 12923 12922 12920
f 12921 12865 12924 12923
f 12921 12862 12863 12865
f 12924 12926 12925 12923
f 12924 12868 12927 12926
f 12924 12865 12866 12868
f 12927 12929 12928 12926
f 12927 12871 12930 12929
f 12927 12868 12869 12871
f 12930 12932 12931 12929
f 12930 12934 12933 12932
f 12930 12871 12872 12934
f 12934 12936 12935 12933
f 12934 12872 12873 12936
f 12936 12938 12937 12935
f 12936 12873 12875 12938
f 12938 12940 12939 12937
f 12938 12875 12877 12940
f 12940 12942 12941 12939
f 12940 12877 12879 12942
f 12942 12944 12943 12941
f 12942 12879 12881 12944
f 12944 12946 12945 12943
f 12944 12881 12883 12946
f 12946 12948 12947 12945
f 12946 12883 12885 12948
f 12948 12950 12949 12947
f 12948 12885 12951 12950
f 12951 12953 12952 12950
f 12951 12888 12954 12953
f 12951 12885 12886 12888
f 12954 12956 12955 12953
f 12954 12891 12957 12956
f 12954 12888 12889 12891
f 12957 12959 12958 12956
f 12957 12894 12960 12959
f 12957 12891 12892 12894
f 12960 12962 12961 12959
f 12960 12899 12901 12962
f 12960 12894 12895 12899
f 12962 12964 12963 12961
f 12962 12901 12903 12964
f 12964 12966 12965 12963
f 12964 12903 12905 12966
f 12966 12968 12967 12965
f 12966 12905 12907 12968
f 12968 12917 12919 12967
f 12968 12907 12915 12917
f 12967 12970 12969 12965
f 12967 12919 12971 12970
f 12971 12973 12972 12970
f 12971 12922 12974 12973
f 12971 12919 12920 12922
f 12974 12976 12975 12973
f 12974 12925 12977 12976
f 12974 12922 12923 12925
f 12977 12979 12978 12976
f 12977 12928 12980 12979
f 12977 12925 12926 12928
f 12980 12982 12981 12979
f 12980 12931 12983 12982
f 12980 12928 12929 12931
f 12983 12985 12984 12982
f 12983 12987 12986 12985
f 12983 12931 12932 12987
f 12987 12989 12988 12986
f 12987 12932 12933 12989
f 12989 12991 12990 12988
f 12989 12933 12935 12991
f 12991 12993 12992 12990
f 12991 12935 12937 12993
f 12993 12995 12994 12992
f 12993 12937 12939 12995
f 12995 12997 12996 12994
f 12995 12939 12941 12997
f 12997 12999 12998 12996
f 12997 12941 12943 12999
f 12999 13001 13000 12998
f 12999 12943 12945 13001
f 13001 13003 13002 13000
f 13001 12945 12947 13003
f 13003 13005 13004 13002
f 13003 12947 12949 13005
f 13005 13007 13006 13004
f 13005 12949 13008 13007
f 13008 13010 13009 13007
f 13008 12952 13011 13010
f 13008 12949 12950 12952
f 13011 13013 13012 13010
f 13011 12955 13014 13013
f 13011 12952 12953 12955
f 13014 13016 13015 13013
f 13014 12958 13017 13016
f 13014 12955 12956 12958
f 13017 13019 13018 13016
f 13017 12961 12963 13019
f 13017 12958 12959 12961
f 13019 12969 13020 13018
f 13019 12963 12965 12969
f 13020 13022 13021 13018
f 13020 12972 13023 13022
f 13020 12969 12970 12972
f 13023 13025 13024 13022
f 13023 12975 13026 13025
f 13023 12972 12973 12975
f 13026 13028 13027 13025
f 13026 12978 13029 13028
f 13026 12975 12976 12978
f 13029 13031 13030 13028
f 13029 12981 13032 13031
f 13029 12978 12979 12981
f 13032 13034 13033 13031
f 13032 12984 13035 13034
f 13032 12981 12982 12984
f 13035 13037 13036 13034
f 13035 13039 13038 13037
f 13035 12984 12985 13039
f 13039 13041 13040 13038
f 13039 12985 12986 13041
f 13041 13043 13042 13040
f 13041 12986 12988 13043
f 13043 13045 13044 13042
f 13043 12988 12990 13045
f 13045 13047 13046 13044
f 13045 12990 12992 13047
f 13047 13049 13048 13046
f 13047 12992 12994 13049
f 13049 13051 13050 13048
f 13049 12994 12996 13051
f 13051 13053 13052 13050
f 13051 12996 12998 13053
f 13053 13055 13054 13052
f 13053 12998 13000 13055
f 13055 13057 13056 13054
f 13055 13000 13002 13057
f 13057 13059 13058 13056
f 13057 13002 13004 13059
f 13059 13061 13060 13058
f 13059 13004 13006 13061
f 13061 13063 13062 13060
f 13061 13006 13064 13063
f 13064 13066 13065 13063
f 13064 13009 13067 13066
f 13064 13006 13007 13009
f 13067 13069 13068 13066
f 13067 13012 13070 13069
f 13067 13009 13010 13012
f 13070 13072 13071 13069
f 13070 13015 13021 13072
f 13070 13012 13013 13015
f 13072 13024 13073 13071
f 13072 13021 13022 13024
f 13073 13075 13074 13071
f 13073 13027 13076 13075
f 13073 13024 13025 13027
f 13076 13078 13077 13075
f 13076 13030 13079 13078
f 13076 13027 13028 13030
f 13079 13081 13080 13078
f 13079 13033 13082 13081
f 13079 13030 13031 13033
f 13082 13084 13083 13081
f 13082 13036 13085 13084
f 13082 13033 13034 13036
f 13085 13087 13086 13084
f 13085 13089 13088 13087
f 13085 13036 13037 13089
f 13089 13091 13090 13088
f 13089 13037 13038 13091
f 13091 13093 13092 13090
f 13091 13038 13040 13093
f 13093 13095 13094 13092
f 13093 13040 13042 13095
f 13095 13097 13096 13094
f 13095 13042 13044 13097
f 13097 13099 13098 13096
f 13097 13044 13046 13099
f 13099 13101 13100 13098
f 13099 13046 13048 13101
f 13101 13103 13102 13100
f 13101 13048 13050 13103
f 13103 13105 13104 13102
f 13103 13050 13052 13105
f 13105 13107 13106 13104
f 13105 13052 13054 13107
f 13107 13109 13108 13106
f 13107 13054 13056 13109
f 13109 13111 13110 13108
f 13109 13056 13058 13111
f 13111 13113 13112 13110
f 13111 13058 13060 13113
f 13113 13115 13114 13112
f 13113 13060 13062 13115
f 13115 13117 13116 13114
f 13115 13062 13118 13117
f 13118 13120 13119 13117
f 13118 13065 13121 13120
f 13118 13062 13063 13065
f 13121 13123 13122 13120
f 13121 13068 13074 13123
f 13121 13065 13066 13068
f 13123 13077 13124 13122
f 13123 13074 13075 13077
f 13124 13126 13125 13122
f 13124 13080 13127 13126
f 13124 13077 13078 13080
f 13127 13129 13128 13126
f 13127 13083 13130 13129
f 13127 13080 13081 13083
f 13130 13132 13131 13129
f 13130 13086 13133 13132
f 13130 13083 13084 13086
f 13133 13135 13134 13132
f 13133 13137 13136 13135
f 13133 13086 13087 13137
f 13137 13139 13138 13136
f 13137 13087 13088 13139
f 13139 13141 13140 13138
f 13139 13088 13090 13141
f 13141 13143 13142 13140
f 13141 13090 13092 13143
f 13143 13145 13144 13142
f 13143 13092 13094 13145
f 13145 13147 13146 13144
f 13145 13094 13096 13147
f 13147 13149 13148 13146
f 13147 13096 13098 13149
f 13149 13151 13150 13148
f 13149 13098 13100 13151
f 13151 13153 13152 13150
f 13151 13100 13102 13153
f 13153 13155 13154 13152
f 13153 13102 13104 13155
f 13155 13157 13156 13154
f 13155 13104 13106 13157
f 13157 13159 13158 13156
f 13157 13106 13108 13159
f 13159 13161 13160 13158
f 13159 13108 13110 13161
f 13161 13163 13162 13160
f 13161 13110 13112 13163
f 13163 13165 13164 13162
f 13163 13112 13114 13165
f 13165 13167 13166 13164
f 13165 13114 13116 13167
f 13167 13169 13168 13166
f 13167 13116 13170 13169
f 13170 13172 13171 13169
f 13170 13119 13125 13172
f 13170 13116 13117 13119
f 13172 13128 13173 13171
f 13172 13125 13126 13128
f 13173 13175 13174 13171
f 13173 13131 13176 13175
f 13173 13128 13129 13131
f 13176 13178 13177 13175
f 13176 13134 13179 13178
f 13176 13131 13132 13134
f 13179 13181 13180 13178
f 13179 13183 13182 13181
f 13179 13134 13135 13183
f 13183 13185 13184 13182
f 13183 13135 13136 13185
f 13185 13187 13186 13184
f 13185 13136 13138 13187
f 13187 13189 13188 13186
f 13187 13138 13140 13189
f 13189 13191 13190 13188
f 13189 13140 13142 13191
f 13191 13193 13192 13190
f 13191 13142 13144 13193
f 13193 13195 13194 13192
f 13193 13144 13146 13195
f 13195 13197 13196 13194
f 13195 13146 13148 13197
f 13197 13199 13198 13196
f 13197 13148 13150 13199
f 13199 13201 13200 13198
f 13199 13150 13152 13201
f 13201 13203 13202 13200
f 13201 13152 13154 13203
f 13203 13205 13204 13202
f 13203 13154 13156 13205
f 13205 13207 13206 13204
f 13205 13156 13158 13207
f 13207 13209 13208 13206
f 13207 13158 13160 13209
f 13209 13211 13210 13208
f 13209 13160 13162 13211
f 13211 13213 13212 13210
f 13211 13162 13164 13213
f 13213 13215 13214 13212
f 13213 13164 13166 13215
f 13215 13217 13216 13214
f 13215 13166 13168 13217
f 13217 13219 13218 13216
f 13217 13168 13174 13219
f 13219 13177 13220 13218
f 13219 13174 13175 13177
f 13220 13222 13221 13218
f 13220 13180 13223 13222
f 13220 13177 13178 13180
f 13223 13225 13224 13222
f 13223 13227 13226 13225
f 13223 13180 13181 13227
f 13227 13229 13228 13226
f 13227 13181 13182 13229
f 13229 13231 13230 13228
f 13229 13182 13184 13231
f 13231 13233 13232 13230
f 13231 13184 13186 13233
f 13233 13235 13234 13232
f 13233 13186 13188 13235
f 13235 13237 13236 13234
f 13235 13188 13190 13237
f 13237 13239 13238 13236
f 13237 13190 13192 13239
f 13239 13241 13240 13238
f 13239 13192 13194 13241
f 13241 13243 13242 13240
f 13241 13194 13196 13243
f 13243 13245 13244 13242
f 13243 13196 13198 13245
f 13245 13247 13246 13244
f 13245 13198 13200 13247
f 13247 13249 13248 13246
f 13247 13200 13202 13249
f 13249 13251 13250 13248
f 13249 13202 13204 13251
f 13251 13253 13252 13250
f 13251 13204 13206 13253
f 13253 13255 13254 13252
f 13253 13206 13208 13255
f 13255 13257 13256 13254
f 13255 13208 13210 13257
f 13257 13259 13258 13256
f 13257 13210 13212 13259
f 13259 13261 13260 13258
f 13259 13212 13214 13261
f 13261 13263 13262 13260
f 13261 13214 13216 13263
f 13263 13221 13264 13262
f 13263 13216 13218 13221
f 13264 13266 13265 13262
f 13264 13224 13267 13266
f 13264 13221 13222 13224
f 13267 13269 13268 13266
f 13267 13271 13270 13269
f 13267 13224 13225 13271
f 13271 13273 13272 13270
f 13271 13225 13226 13273
f 13273 13275 13274 13272
f 13273 13226 13228 13275
f 13275 13277 13276 13274
f 13275 13228 13230 13277
f 13277 13279 13278 13276
f 13277 13230 13232 13279
f 13279 13281 13280 13278
f 13279 13232 13234 13281
f 13281 13283 13282 13280
f 13281 13234 13236 13283
f 13283 13285 13284 13282
f 13283 13236 13238 13285
f 13285 13287 13286 13284
f 13285 13238 13240 13287
f 13287 13289 13288 13286
f 13287 13240 13242 13289
f 13289 13291 13290 13288
f 13289 13242 13244 13291
f 13291 13293 13292 13290
f 13291 13244 13246 13293
f 13293 13295 13294 13292
f 13293 13246 13248 13295
f 13295 13297 13296 13294
f 13295 13248 13250 13297
f 13297 13299 13298 13296
f 13297 13250 13252 13299
f 13299 13301 13300 13298
f 13299 13252 13254 13301
f 13301 13303 13302 13300
f 13301 13254 13256 13303
f 13303 13305 13304 13302
f 13303 13256 13258 13305
f 13305 13307 13306 13304
f 13305 13258 13260 13307
f 13307 13265 13308 13306
f 13307 13260 13262 13265
f 13308 13310 13309 13306
f 13308 13268 13311 13310
f 13308 13265 13266 13268
f 13311 13313 13312 13310
f 13311 13315 13314 13313
f 13311 13268 13269 13315
f 13315 13317 13316 13314
f 13315 13269 13270 13317
f 13317 13319 13318 13316
f 13317 13270 13272 13319
f 13319 13321 13320 13318
f 13319 13272 13274 13321
f 13321 13323 13322 13320
f 13321 13274 13276 13323
f 13323 13325 13324 13322
f 13323 13276 13278 13325
f 13325 13327 13326 13324
f 13325 13278 13280 13327
f 13327 13329 13328 13326
f 13327 13280 13282 13329
f 13329 13331 13330 13328
f 13329 13282 13284 13331
f 13331 13333 13332 13330
f 13331 13284 13286 13333
f 13333 13335 13334 13332
f 13333 13286 13288 13335
f 13335 13337 13336 13334
f 13335 13288 13290 13337
f 13337 13339 13338 13336
f 13337 13290 13292 13339
f 13339 13341 13340 13338
f 13339 13292 13294 13341
f 13341 13343 13342 13340
f 13341 13294 13296 13343
f 13343 13345 13344 13342
f 13343 13296 13298 13345
f 13345 13347 13346 13344
f 13345 13298 13300 13347
f 13347 13349 13348 13346
f 13347 13300 13302 13349
f 13349 13351 13350 13348
f 13349 13302 13304 13351
f 13351 13309 13352 13350
f 13351 13304 13306 13309
f 13352 13354 13353 13350
f 13352 13312 13355 13354
f 13352 13309 13310 13312
f 13355 13357 13356 13354
f 13355 13359 13358 13357
f 13355 13312 13313 13359
f 13359 13361 13360 13358
f 13359 13313 13314 13361
f 13361 13363 13362 13360
f 13361 13314 13316 13363
f 13363 13365 13364 13362
f 13363 13316 13318 13365
f 13365 13367 13366 13364
f 13365 13318 13320 13367
f 13367 13369 13368 13366
f 13367 13320 13322 13369
f 13369 13371 13370 13368
f 13369 13322 13324 13371
f 13371 13373 13372 13370
f 13371 13324 13326 13373
f 13373 13375 13374 13372
f 13373 13326 13328 13375
f 13375 13377 13376 13374
f 13375 13328 13330 13377
f 13377 13379 13378 13376
f 13377 13330 13332 13379
f 13379 13381 13380 13378
f 13379 13332 13334 13381
f 13381 13383 13382 13380
f 13381 13334 13336 13383
f 13383 13385 13384 13382
f 13383 13336 13338 13385
f 13385 13387 13386 13384
f 13385 13338 13340 13387
f 13387 13389 13388 13386
f 13387 13340 13342 13389
f 13389 13391 13390 13388
f 13389 13342 13344 13391
f 13391 13393 13392 13390
f 13391 13344 13346 13393
f 13393 13395 13394 13392
f 13393 13346 13348 13395
f 13395 13353 13396 13394
f 13395 13348 13350 13353
f 13396 13398 13397 13394
f 13396 13356 13399 13398
f 13396 13353 13354 13356
f 13399 13401 13400 13398
f 13399 13403 13402 13401
f 13399 13356 13357 13403
f 13403 13405 13404 13402
f 13403 13357 13358 13405
f 13405 13407 13406 13404
f 13405 13358 13360 13407
f 13407 13409 13408 13406
f 13407 13360 13362 13409
f 13409 13411 13410 13408
f 13409 13362 13364 13411
f 13411 13413 13412 13410
f 13411 13364 13366 13413
f 13413 13415 13414 13412
f 13413 13366 13368 13415
f 13415 13417 13416 13414
f 13415 13368 13370 13417
f 13417 13419 13418 13416
f 13417 13370 13372 13419
f 13419 13421 13420 13418
f 13419 13372 13374 13421
f 13421 13423 13422 13420
f 13421 13374 13376 13423
f 13423 13425 13424 13422
f 13423 13376 13378 13425
f 13425 13427 13426 13424
f 13425 13378 13380 13427
f 13427 13429 13428 13426
f 13427 13380 13382 13429
f 13429 13431 13430 13428
f 13429 13382 13384 13431
f 13431 13433 13432 13430
f 13431 13384 13386 13433
f 13433 13435 13434 13432
f 13433 13386 13388 13435
f 13435 13437 13436 13434
f 13435 13388 13390 13437
f 13437 13439 13438 13436
f 13437 13390 13392 13439
f 13439 13397 13440 13438
f 13439 13392 13394 13397
f 13440 13442 13441 13438
f 13440 13400 13443 13442
f 13440 13397 13398 13400
f 13443 13445 13444 13442
f 13443 13447 13446 13445
f 13443 13400 13401 13447
f 13447 13449 13448 13446
f 13447 13401 13402 13449
f 13449 13451 13450 13448
f 13449 13402 13404 13451
f 13451 13453 13452 13450
f 13451 13404 13406 13453
f 13453 13455 13454 13452
f 13453 13406 13408 13455
f 13455 13457 13456 13454
f 13455 13408 13410 13457
f 13457 13459 13458 13456
f 13457 13410 13412 13459
f 13459 13461 13460 13458
f 13459 13412 13414 13461
f 13461 13463 13462 13460
f 13461 13414 13416 13463
f 13463 13465 13464 13462
f 13463 13416 13418 13465
f 13465 13467 13466 13464
f 13465 13418 13420 13467
f 13467 13469 13468 13466
f 13467 13420 13422 13469
f 13469 13471 13470 13468
f 13469 13422 13424 13471
f 13471 13473 13472 13470
f 13471 13424 13426 13473
f 13473 13475 13474 13472
f 13473 13426 13428 13475
f 13475 13477 13476 13474
f 13475 13428 13430 13477
f 13477 13479 13478 13476
f 13477 13430 13432 13479
f 13479 13481 13480 13478
f 13479 13432 13434 13481
f 13481 13483 13482 13480
f 13481 13434 13436 13483
f 13483 13441 13484 13482
f 13483 13436 13438 13441
f 13484 13486 13485 13482
f 13484 13444 13487 13486
f 13484 13441 13442 13444
f 13487 13489 13488 13486
f 13487 13491 13490 13489
f 13487 13444 13445 13491
f 13491 13493 13492 13490
f 13491 13445 13446 13493
f 13493 13495 13494 13492
f 13493 13446 13448 13495
f 13495 13497 13496 13494
f 13495 13448 13450 13497
f 13497 13499 13498 13496
f 13497 13450 13452 13499
f 13499 13501 13500 13498
f 13499 13452 13454 13501
f 13501 13503 13502 13500
f 13501 13454 13456 13503
f 13503 13505 13504 13502
f 13503 13456 13458 13505
f 13505 13507 13506 13504
f 13505 13458 13460 13507
f 13507 13509 13508 13506
f 13507 13460 13462 13509
f 13509 13511 13510 13508
f 13509 13462 13464 13511
f 13511 13513 13512 13510
f 13511 13464 13466 13513
f 13513 13515 13514 13512
f 13513 13466 13468 13515
f 13515 13517 13516 13514
f 13515 13468 13470 13517
f 13517 13519 13518 13516
f 13517 13470 13472 13519
f 13519 13521 13520 13518
f 13519 13472 13474 13521
f 13521 13523 13522 13520
f 13521 13474 13476 13523
f 13523 13525 13524 13522
f 13523 13476 13478 13525
f 13525 13527 13526 13524
f 13525 13478 13480 13527
f 13527 13485 13528 13526
f 13527 13480 13482 13485
f 13528 13530 13529 13526
f 13528 13488 13531 13530
f 13528 13485 13486 13488
f 13531 13533 13532 13530
f 13531 13535 13534 13533
f 13531 13488 13489 13535
f 13535 13537 13536 13534
f 13535 13489 13490 13537
f 13537 13539 13538 13536
f 13537 13490 13492 13539
f 13539 13541 13540 13538
f 13539 13492 13494 13541
f 13541 13543 13542 13540
f 13541 13494 13496 13543
f 13543 13545 13544 13542
f 13543 13496 13498 13545
f 13545 13547 13546 13544
f 13545 13498 13500 13547
f 13547 13549 13548 13546
f 13547 13500 13502 13549
f 13549 13551 13550 13548
f 13549 13502 13504 13551
f 13551 13553 13552 13550
f 13551 13504 13506 13553
f 13553 13555 13554 13552
f 13553 13506 13508 13555
f 13555 13557 13556 13554
f 13555 13508 13510 13557
f 13557 13559 13558 13556
f 13557 13510 13512 13559
f 13559 13561 13560 13558
f 13559 13512 13514 13561
f 13561 13563 13562 13560
f 13561 13514 13516 13563
f 13563 13565 13564 13562
f 13563 13516 13518 13565
f 13565 13567 13566 13564
f 13565 13518 13520 13567
f 13567 13569 13568 13566
f 13567 13520 13522 13569
f 13569 13571 13570 13568
f 13569 13522 13524 13571
f 13571 13529 13572 13570
f 13571 13524 13526 13529
f 13572 13574 13573 13570
f 13572 13532 13575 13574
f 13572 13529 13530 13532
f 13575 7230 13576 13574
f 13575 13577 7229 7230
f 13575 13532 13533 13577
f 13577 13578 7231 7229
f 13577 13533 13534 13578
f 13578 13580 13579 7231
f 13578 13534 13536 13580
f 13580 13582 13581 13579
f 13580 13536 13538 13582
f 13582 13584 13583 13581
f 13582 13538 13540 13584
f 13584 13586 13585 13583
f 13584 13540 13542 13586
f 13586 13588 13587 13585
f 13586 13542 13544 13588
f 13588 13590 13589 13587
f 13588 13544 13546 13590
f 13590 7280 7276 13589
f 13590 13546 13548 7280
f 13589 13592 13591 13587
f 13589 7276 7277 13592
f 13592 13594 13593 13591
f 13592 7277 13595 13594
f 13595 13597 13596 13594
f 13595 13599 13598 13597
f 13595 7277 7278 13599
f 13599 13601 13600 13598
f 13599 7278 7281 13601
f 13601 13554 13556 13600
f 13601 7281 13552 13554
f 13600 13603 13602 13598
f 13600 13556 13558 13603
f 13603 13605 13604 13602
f 13603 13558 13560 13605
f 13605 13607 13606 13604
f 13605 13560 13562 13607
f 13607 13609 13608 13606
f 13607 13562 13564 13609
f 13609 13611 13610 13608
f 13609 13564 13566 13611
f 13611 13613 13612 13610
f 13611 13566 13568 13613
f 13613 13573 13614 13612
f 13613 13568 13570 13573
f 13614 13615 7283 13612
f 13614 13576 13616 13615
f 13614 13573 13574 13576
f 13616 13618 13617 13615
f 13616 7226 7227 13618
f 13616 13576 7230 7226
f 13618 13620 13619 13617
f 13618 7227 13621 13620
f 13621 13623 13622 13620
f 13621 13625 13624 13623
f 13621 7227 7228 13625
f 13625 13579 13581 13624
f 13625 7228 7231 13579
f 13624 13627 13626 13623
f 13624 13581 13583 13627
f 13627 13629 13628 13626
f 13627 13583 13585 13629
f 13629 13591 13593 13628
f 13629 13585 13587 13591
f 13628 7273 7274 13626
f 13628 13593 7275 7273
f 13626 7274 13622 13623
f 13622 13630 13619 13620
f 13622 7274 7270 13630
f 13630 13631 7287 13619
f 13630 7270 7271 13631
f 13631 13632 7286 7287
f 13631 7271 13633 13632
f 13633 7271 7272 13634
f 13633 13636 13635 13632
f 13633 13634 13637 13636
f 13637 13634 13596 13597
f 13637 13602 13604 13636
f 13637 13597 13598 13602
f 13636 13604 13606 13635
f 13635 7285 7286 13632
f 13635 13606 13608 7285
f 13634 7272 7275 13596
f 13619 7287 7282 13617
f 13617 7282 7283 13615
f 13612 7283 7284 13610
f 13610 7284 7285 13608
f 13596 7275 13593 13594
f 13552 7281 7279 13550
f 13550 7279 7280 13548
f 13174 13168 13169 13171
f 13125 13119 13120 13122
f 13074 13068 13069 13071
f 13021 13015 13016 13018
f 12915 12907 12908 12910
f 12850 12819 12820 12848
f 12738 12731 12732 12736
f 12718 7261 7262 12717
f 7903 7126 7898 7899
f 7832 7827 7291 7292
f 7823 7290 7291 7822
f 7808 7803 7157 7158
f 7775 7246 7243 7774
f 7774 7243 7244 7773
f 834 7696 7689 6942
f 6942 7689 7684 817
f 7691 7217 7218 7690
f 7690 13638 7685 7686
f 7690 7218 13639 13638
f 13639 13641 13640 13638
f 13639 7150 7151 13641
f 13639 7218 7149 7150
f 13641 13643 13642 13640
f 13641 7151 13644 13643
f 13644 13646 13645 13643
f 13644 13648 13647 13646
f 13644 7151 7145 13648
f 13648 13650 13649 13647
f 13648 7145 7146 13650
f 13650 13652 13651 13649
f 13650 7146 7138 13652
f 13652 13654 13653 13651
f 13652 7138 7135 13654
f 13654 13655 7639 13653
f 13654 7135 7136 13655
f 13655 7576 7637 7639
f 13655 7136 7574 7576
f 13653 7642 13656 13651
f 13653 7639 7640 7642
f 13656 13657 13649 13651
f 13656 13659 13658 13657
f 13656 7642 7643 13659
f 13659 13661 13660 13658
f 13659 7643 7644 13661
f 13661 13663 13662 13660
f 13661 7644 7646 13663
f 13663 13665 13664 13662
f 13663 7646 7648 13665
f 13665 13667 13666 13664
f 13665 7648 7650 13667
f 13667 13669 13668 13666
f 13667 7650 7652 13669
f 13669 7659 7661 13668
f 13669 7652 7654 7659
f 13668 13671 13670 13666
f 13668 7661 7663 13671
f 13671 13673 13672 13670
f 13671 7663 13674 13673
f 13674 13676 13675 13673
f 13674 7666 13677 13676
f 13674 7663 7664 7666
f 13677 7376 13678 13676
f 13677 13679 7375 7376
f 13677 7666 7667 13679
f 13679 7670 7380 7375
f 13679 7667 7668 7670
f 13678 13682 13681 13680
f 13678 7376 7377 13682
f 13678 13680 13675 13676
f 13682 7671 7672 13681
f 13682 7377 7378 7671
f 13681 7672 7673 13683
f 13681 13683 13684 13680
f 13684 13683 13686 13685
f 13684 13687 13675 13680
f 13684 13685 13688 13687
f 13688 13685 13690 13689
f 13688 13691 13672 13687
f 13688 13689 13692 13691
f 13692 13689 13694 13693
f 13692 13696 13695 13691
f 13692 13693 13697 13696
f 13697 13693 13699 13698
f 13697 13660 13662 13696
f 13697 13698 13658 13660
f 13699 13702 13701 13700
f 13699 13693 13694 13702
f 13699 13700 13703 13698
f 13703 13700 13646 13647
f 13703 13657 13658 13698
f 13703 13647 13649 13657
f 13702 13705 13704 13701
f 13702 13694 13706 13705
f 13706 13708 13707 13705
f 13706 13690 13709 13708
f 13706 13694 13689 13690
f 13709 7675 7676 13708
f 13709 13686 7674 7675
f 13709 13690 13685 13686
f 13708 7676 7677 13707
f 13707 7677 7678 13710
f 13707 13710 13704 13705
f 13710 7678 7679 13711
f 13710 13711 13712 13704
f 13712 13711 13713 13642
f 13712 13645 13701 13704
f 13712 13642 13643 13645
f 13713 7680 7681 13714
f 13713 13711 7679 7680
f 13713 13714 13640 13642
f 13714 7681 7682 7685
f 13714 7685 13638 13640
f 13701 13645 13646 13700
f 13696 13662 13664 13695
f 13695 13670 13672 13691
f 13695 13664 13666 13670
f 13687 13672 13673 13675
f 13686 13683 7673 7674
f 7637 7576 7577 7579
f 7635 7580 7581 7583
f 7609 7593 7594 7608
f 7608 7596 7597 7604
f 7608 7594 7595 7596
f 7603 7600 7143 7384
f 7574 7136 7132 7572
f 7572 7132 7133 7570
f 7421 7411 7412 7416
f 7415 7410 7394 7395
f 7374 7134 7139 7371
f 7201 7117 7118 7194
f 7154 7141 7137 7147
f 7147 7137 7138 7146
f 13715 13718 13717 13716
f 13715 13720 13719 13718
f 13715 13716 13721 13720
f 13721 13723 13722 13720
f 13723 13725 13724 13722
f 13725 13727 13726 13724
f 13727 13729 13728 13726
f 13728 13731 13730 13726
f 13731 13733 13732 13730
f 13732 13735 13734 13730
f 13735 13737 13736 13734
f 13737 13738 13719 13736
f 13738 13739 13718 13719
f 13739 13740 13717 13718
f 13736 13722 13724 13734
f 13736 13719 13720 13722
f 13734 13724 13726 13730
f 13742 13746 13745 13744
f 13743 13747 13745 13746
f 13747 13749 13748 13745
f 13749 13751 13750 13748
f 13751 13753 13752 13750
f 13753 13755 13754 13752
f 13755 13757 13756 13754
f 13757 13759 13758 13756
f 13756 13761 13760 13754
f 13756 13758 13762 13761
f 13760 13763 13752 13754
f 13763 13764 13750 13752
f 13764 13765 13748 13750
f 13765 13744 13745 13748
f 13758 13759 13741 13762

 