# File exported by ZBrush version 2026
# www.zbrush.com
#Vertex Count 7586
#UV Vertex Count 22
#Face Count 7590
#Auto scale x=0.009931 y=0.009931 z=0.009931
#Auto offset x=0.000000 y=-0.641183 z=0.147589
mtllib WolfDetail.mtl
usemtl defaultMat
v 5.97403461 109.67628329 65.88204119
v 6.81501804 109.60883141 65.2396249
v 7.81098955 109.37373409 64.71419762
v 7.76423566 110.04304951 64.98040418
v 6.06182513 108.90757252 65.83009142
v 6.79866746 108.73185194 65.3667746
v 7.59024279 108.7211451 64.96154118
v 6.95192483 110.34167367 65.55279991
v 6.18046908 110.31833349 65.96665162
v 8.14496158 109.30658529 64.72599074
v 7.95328127 110.15641657 65.06438444
v 7.78966815 108.53260812 65.06577081
v 6.90069675 108.39960687 65.6621369
v 6.03054109 108.78215127 66.11053976
v 5.70893459 109.67612125 66.21213469
v 6.07145656 110.47743566 66.15748421
v 7.04736588 110.64987937 65.77238012
v 7.11580277 111.05234306 65.9288596
v 5.86605211 110.73649433 66.3626966
v 8.20803906 110.34354617 65.11017058
v 8.52868755 109.22497266 64.66991788
v 8.11383058 108.20401202 65.15576467
v 7.033674 107.96649606 66.00251113
v 5.91492494 108.54077929 66.49707823
v 5.40517344 109.67538005 66.55387728
v 7.08705065 111.6794823 65.79943529
v 5.43575455 111.12702986 66.39127618
v 8.49183553 110.63669988 64.87014896
v 9.05796636 109.1145914 64.24924236
v 8.5971402 107.65871647 65.12226379
v 7.16117255 107.27078563 66.30450518
v 6.75110035 112.69861546 64.71890286
v 4.433999 112.28676829 65.21316388
v 8.74890918 111.14375329 64.26121554
v 9.35881111 106.69381069 64.72691499
v 7.37524104 105.72152895 66.55478352
v 3.50089565 109.95738281 66.97385661
v 4.91964136 107.76341422 67.38962883
v 6.17979203 106.81227009 67.03594307
v 6.43278122 108.17239564 66.29017938
v 6.41586723 108.53098469 65.92062542
v 6.34691795 108.79332623 65.58997377
v 6.31847341 109.66894034 65.55222376
v 6.4962833 110.36057869 65.8054969
v 6.5126924 110.64768279 66.00887881
v 6.44250079 111.02827968 66.15704609
v 6.19096436 111.6617236 65.97378151
v 5.46566722 113.10635154 64.38203957
v 7.85631957 112.05238215 64.72361411
v 7.77021925 110.79481779 65.57474773
v 7.58645728 110.47463592 65.42533813
v 7.43422168 110.20563861 65.2358799
v 7.34912287 109.48303806 64.95221471
v 7.25594667 108.71010517 65.13308466
v 7.38825549 108.39502765 65.3546874
v 7.62170988 107.96760635 65.59178625
v 7.94048438 107.27325829 65.72543568
v 8.43074984 105.86056181 65.67773503
v 9.41203621 110.0784739 63.51129275
v 8.45071263 109.80473534 64.77475967
v 8.11509467 109.75596641 64.81195153
v 7.80543283 109.75528223 64.81698086
v 7.37836487 109.8777657 65.05594021
v 6.87288388 110.00453731 65.3678969
v 6.40126986 110.05264906 65.65712557
v 6.05454745 110.06055916 65.92804339
v 5.8064053 110.13122189 66.2053649
v 5.52327575 110.25411946 66.48142608
v 5.02971804 110.43069227 66.63992209
v 3.43274383 111.37377627 65.85394174
v 3.70713732 108.70225509 67.55755334
v 5.53622118 109.06774298 66.58276894
v 5.78922762 109.19592196 66.18495949
v 5.98096157 109.25707817 65.83650112
v 6.29775742 109.22581888 65.48492792
v 6.78308958 109.14928959 65.22055184
v 7.27866194 109.07758859 64.98166452
v 7.70374713 108.9957809 64.78703292
v 8.03304017 108.85724618 64.8337373
v 8.41528299 108.64588815 64.82225026
v 8.92394708 108.30262116 64.62596823
v 9.61617433 107.785194 64.18914243
v 4.04584761 113.2076674 64.06259889
v 2.62568589 113.08875788 64.14522879
v 8.54593087 104.38270005 65.81599368
v 9.6660483 104.60036575 64.62569816
v 1.33481599 112.98529045 64.28525791
v 1.61421602 111.55743395 65.65180216
v 0 112.97970897 64.40701819
v 0 111.5338417 65.65465291
v 0 99.07834396 85.75278058
v 0 98.59168695 85.59677523
v 0 49.17886647 -10.2984997
v 0 49.20679487 -8.71470987
v 0 48.79437755 -13.50155365
v 0 109.74128952 67.14425978
v 0 108.5381836 68.15980099
v 0 86.02090016 74.66900646
v 0 86.72933845 73.3446594
v 0 85.71841847 75.43471344
v 0 84.7014669 72.01831981
v 0 84.16172132 73.67692548
v 0.00000001 84.01671388 74.57745219
v 0 96.25548967 84.56649412
v 0 95.2702625 84.28749216
v 0 78.99811304 -113.89554274
v 0 78.6007297 -114.51628729
v 0 79.61421685 -112.22988521
v 0 79.53162746 -106.93586385
v 0 79.15092254 -101.86835454
v 0 78.85606738 -97.07665435
v 0 78.68195073 -93.1090386
v 0 78.49610996 -89.2223363
v 0.00000002 78.09565231 -85.23649372
v 0.00000002 77.74031311 -80.71086206
v 0 77.38116741 -75.82948609
v 0 76.99827941 -70.93146171
v -0.00000004 76.62295792 -66.23387846
v 0 76.32301866 -61.46578852
v 0 75.91708156 -56.35366938
v 0 75.3655241 -48.26416399
v 0 74.9600071 -44.6347349
v 0 74.30691923 -41.56247249
v 0.00000002 73.72313248 -38.70267391
v 0 73.33080098 -36.08295247
v 0.00000002 73.54834665 -34.05634575
v 0.00000002 74.03370281 -32.21827751
v 0 74.73080184 -30.53403754
v 0 75.60493956 -29.01778661
v 0 76.51236811 -27.63040934
v 0 77.22319053 -26.20036526
v 0 77.88937313 -24.74446633
v 0 78.50107328 -23.26516569
v 0 79.06007946 -21.76619484
v 0 79.54919112 -20.24075097
v 0 79.97570018 -18.68582879
v 0 80.34504408 -17.06621095
v 0 80.63457283 -15.52040969
v 0 80.89042065 -13.9175528
v 0 81.3033001 -10.63922202
v 0 81.87392536 -4.02915981
v 0 82.29584921 2.30961924
v 0 83.19275096 12.34450731
v 0 84.06064703 16.16751473
v 0 84.78725964 18.53826917
v 0 86.57099248 23.04015254
v 0 88.74405902 26.26324693
v 0 91.45588838 29.88100894
v 0 94.44450061 33.33984281
v 0.00000002 97.98813396 36.08567869
v 0 101.28974716 37.81298457
v 0 103.98056045 38.84420793
v 0 105.59811224 39.48566397
v 0 106.88654578 40.0369341
v 0 108.20371494 40.62001266
v 0 109.51739117 41.33210743
v 0 110.87132608 42.08382469
v 0 112.16294046 42.97177207
v 0 113.38676087 43.99650771
v 0 115.42927031 46.48033213
v 0 116.13300486 47.70121777
v 0 116.70232777 48.88165268
v 0 117.10996783 49.94481651
v 0 117.4139004 50.96981622
v 0 117.56033922 53.0000704
v 0 117.43196519 54.00093171
v 0 117.17297253 55.19834513
v 0 116.97884507 56.16451724
v 0 116.71651553 57.48709984
v 0 116.37701754 58.92360463
v 0 115.869487 60.30693533
v 0 115.16125126 61.71673304
v 0 114.20681826 63.11416748
v 0 107.52910011 69.43991632
v 0 105.73352913 73.02758935
v 0 104.97639543 75.35849324
v 0 103.40219014 79.66207804
v 0 102.99563036 80.57331159
v 0 102.55054038 81.45012002
v 0 102.16751885 82.46485701
v 0 101.24457019 85.08746822
v 0 100.91690733 85.42398942
v 0 100.3060294 85.77641485
v 0 99.64303965 85.82930087
v 0 93.71529231 83.15850888
v 0 94.32748459 83.74115533
v 0 95.25519251 82.56022229
v 0 94.94792906 81.84191588
v 0 94.89523509 80.92062366
v 0 95.23614946 79.50298787
v -0 95.62758522 77.76923028
v 0 96.58997033 72.72639951
v 0 96.92857409 70.25598865
v 0 97.42631604 67.04034824
v 0 91.99041707 66.61629983
v 0 90.16736781 67.73235568
v 0 88.53526967 69.84157279
v 0 87.56710053 71.67338438
v 0 85.73727847 76.39701453
v 0 85.63429567 75.97735929
v 0 86.0984017 77.02027975
v 0 85.82059706 77.1377969
v -0.00000003 85.40743104 77.06158269
v 0 84.98467747 76.7594326
v 0 84.63351538 76.32630979
v 0 84.32277251 75.80649999
v 0 84.08691299 75.22193904
v 0 85.4303016 70.12382762
v 0 86.40198918 68.28800097
v 0 87.5892644 66.11131397
v 0 88.77231001 63.78552944
v -0.00000003 88.68725996 62.88265611
v -0.00000146 87.42278327 61.47926809
v -0.00001022 84.08804579 59.63867018
v -0.00001686 79.95855513 58.18935799
v -0.00002426 75.41805377 56.97704263
v -0.0000079 69.82836704 56.34003377
v 0 64.72617979 55.34003069
v 0 59.4599398 52.62590722
v 0 58.26469296 51.84281963
v 0 54.884741 49.24021773
v 0 53.88117297 48.19844957
v 0 52.10183329 45.68434113
v 0 50.648362 42.35730519
v 0 50.02543588 40.32622278
v 0 49.45425247 38.03394514
v 0 49.33285529 35.19337115
v 0 49.41822492 32.40729161
v 0 49.54327406 29.63728133
v 0 49.56211306 26.97965084
v 0 49.40092833 23.3998639
v 0 49.1669383 20.14379077
v 0 48.97856337 15.66415229
v 0 49.17426325 5.95555421
v 0 49.29798304 0.46314427
v 0 49.26601257 -5.58218999
v 0 61.01355776 -35.73578294
v 0.00000001 61.07149675 -34.09179864
v 0.00000002 60.36685146 -37.96765007
v 0 58.90724692 -41.06184979
v 0 58.07496467 -43.67706403
v 0 56.79112835 -47.62774929
v 0 54.78197801 -55.96194554
v 0 54.24707271 -61.7399742
v 0 54.07745875 -66.1514106
v 0 53.84439222 -72.14028414
v 0 54.56502199 -79.72978199
v 0 55.0018898 -84.27071771
v 0 55.98717923 -88.69989781
v 0 57.48116801 -93.20257339
v 0 59.78735472 -97.73204008
v 0 61.64973334 -100.4750372
v 0 66.78630765 -106.52275034
v 0 69.80422527 -109.75800395
v 0 74.02462465 -114.1613412
v 0 75.37247994 -115.16531134
v 0 75.99103991 -115.43605511
v 0 76.57847563 -115.55067349
v 0 77.13613746 -115.51253938
v 0 77.66242897 -115.32570986
v 0 78.15286698 -114.99312569
v 0 60.6850288 -32.86114692
v 0.00000001 59.95927179 -31.93753659
v 0 59.05328551 -31.21033282
v 0 48.91210775 -18.73942299
v 0 48.81711157 -16.12674292
v 0 49.17639081 -20.85733192
v 0 49.86616566 -22.38256873
v 0 50.48050501 -23.68108044
v 0.00000001 51.13091692 -24.78097476
v 0 51.98595758 -25.87241658
v 0 53.24067718 -27.0900561
v 0 54.7787529 -28.43333518
v 0 55.60711048 -29.009824
v 0 58.14603551 -30.61877251
v -0.00000005 92.67399228 65.84476531
v 12.84146905 114.36757087 55.97751367
v 7.14663595 65.17184415 -33.1983298
v 0.54681399 98.50260534 85.411074
v 8.1057952 98.77263492 65.06908969
v 1.80997291 48.95665306 -10.86125088
v 6.74819408 91.81931171 61.88261701
v 2.99591991 117.97442499 56.18212591
v 3.34848487 117.59125941 48.66228853
v 8.4979249 114.96752591 59.91385513
v 18.73653473 2.86924058 40.54211801
v 1.88809262 109.40294083 67.42879521
v 6.28092409 95.24369646 64.52293892
v 22.0644469 3.69649387 38.70471895
v 12.89719382 3.89156958 -11.54397573
v 0.52990137 86.110855 74.67869303
v 0.62924819 84.19606242 73.68726022
v 20.22379197 0.6756591 39.24743081
v 9.78107104 118.58850777 56.56133643
v 3.97372161 46.877819 -23.07596329
v 16.11851024 1.97460743 -10.21130596
v 17.4798496 0.07817072 -13.38847693
v 16.57193343 4.56357372 -10.74940598
v 16.13409787 43.84127656 -10.65037823
v 19.00552603 66.35114448 -19.80201442
v 14.49874536 71.90268491 -15.86946625
v 10.94235713 51.11750037 43.61606086
v 19.35901074 54.70839025 26.43837635
v 15.41969249 4.33453501 38.27756772
v 10.48356626 127.07694191 53.58634181
v 10.38282655 124.76186422 53.92707614
v 11.47784307 129.05917136 55.73978465
v 11.36418795 128.68325571 56.41591188
v 1.52249389 94.92135101 80.64046339
v 1.96161492 96.49195235 84.17801114
v 2.32367459 74.54140439 -113.67453416
v 13.67025725 114.05325555 54.98223984
v 13.68594991 112.12817925 55.42802001
v 13.11297502 112.23091748 56.46165001
v 13.1891142 117.11575337 54.30086722
v 11.74807446 113.63535877 57.57851607
v 11.01509191 114.94012264 57.56305597
v 11.91599297 115.64928263 56.15345631
v 12.38437588 117.40587027 54.85235341
v 12.22047168 111.98863926 57.64440754
v 7.02596571 66.6064424 -33.45398107
v 6.64207695 66.30824342 -35.85177718
v 6.45853179 65.12475937 -35.81262131
v 6.0683241 63.89953646 -33.89683396
v 6.64728708 63.22497166 -32.49960958
v 7.95579219 64.10498198 -31.84832294
v 9.3803103 64.93379714 -30.71740115
v 8.51029343 66.02567333 -31.23577656
v 5.76539268 64.03425342 -35.97373701
v 7.99575228 67.14238766 -31.54026128
v 8.0572926 103.15039939 67.0217313
v 7.13710242 104.5499824 67.47426326
v 8.9042056 102.36693671 65.57635616
v 8.57771305 101.62171616 66.67627973
v 9.66216302 103.00842276 64.50315167
v 0.73510598 98.99750253 85.53620717
v 7.86971362 98.53259229 66.20250814
v 8.57872057 100.04595646 66.41684296
v 8.86243377 100.64496024 65.37313629
v 7.79235987 97.62254405 64.29964973
v 6.56812909 96.51878546 64.82109795
v 6.76121528 97.3235928 65.37479873
v 6.75901719 97.56697832 66.16787896
v 9.22265301 100.0468777 63.93491504
v 8.98567194 98.83492543 63.41463112
v 9.52658933 101.52041531 64.25915099
v 1.348881 49.34376918 -8.6499692
v 3.16002329 49.64154561 -8.01427769
v 3.70816397 49.32343579 -9.40723232
v 4.44807048 48.61482945 -10.40051624
v 2.96344605 48.17822721 -12.162263
v 1.15549774 48.54541505 -13.8367742
v 2.06087505 47.86269807 -14.52166506
v 5.72892589 89.89966985 61.44113998
v 5.56064203 91.39980351 63.45861678
v 6.05394842 92.37977028 63.83443641
v 8.07479398 92.39015904 60.84678443
v 6.06467289 93.46941613 64.66911366
v 6.67707822 94.16046932 63.59233823
v 7.73924204 95.13585387 62.56413967
v 1.43780395 117.310529 56.11121111
v 1.40666694 117.5500885 55.06902285
v 2.64640301 118.18982208 54.94489794
v 4.21523276 118.19615976 57.20889009
v 2.86175697 117.19982365 57.80831699
v 1.43885797 116.89415062 57.56065533
v 4.17009404 117.33310698 58.31782805
v 4.50139911 119.95825086 54.88026081
v 2.92304803 116.58287211 47.35872498
v 4.29473396 116.56529945 46.84510883
v 4.85748813 117.51804001 47.73977199
v 1.54940794 116.98143776 48.8319475
v 1.49620702 116.31624543 47.63516426
v 2.87604901 118.03416482 50.02611406
v 1.46143605 117.41095962 49.93106686
v 6.41748766 119.82734416 49.2378531
v 5.6219569 120.00172639 49.99219307
v 7.97749394 116.17695451 58.88495438
v 9.16423803 116.07777222 58.22377112
v 9.84011244 114.90052115 58.69681051
v 9.7256711 113.20025844 59.99583086
v 9.1586783 112.59817583 61.18722468
v 7.95753115 113.86211088 61.31438638
v 6.71774125 114.5544064 61.55202538
v 6.96803385 115.59755492 60.32794089
v 6.83905366 116.43980618 59.37443814
v 10.66173699 113.43394838 58.82773522
v 18.27528546 2.45739941 40.33539922
v 17.96729132 3.15445419 40.24123425
v 18.68882658 3.45257721 40.49435135
v 19.21011577 2.67406284 40.50609646
v 18.79217098 1.99284026 40.30725776
v 19.39767148 3.43447642 40.48571506
v 3.1997782 107.65603676 68.31287756
v 1.64925256 108.2828069 68.25924735
v 5.65181219 94.11390597 65.18722501
v 7.62015172 96.47259722 63.67595239
v 4.55450007 93.85229962 65.38127445
v 22.50703422 3.9240742 37.57672594
v 22.67044854 2.92524143 37.36048862
v 22.07369385 3.01639359 38.75034905
v 21.37005533 3.34743534 39.36589022
v 21.53898811 4.07660463 38.99862886
v 22.0025825 4.7875891 37.85442555
v 13.37693549 4.31422562 -11.26110462
v 13.57591074 3.62009362 -10.85372076
v 12.91266442 3.29234074 -11.45569758
v 12.45885262 4.07859116 -12.33829904
v 12.99698977 4.86923475 -12.27726099
v 12.30394481 3.21874923 -12.47588064
v 0.80221399 86.61562031 73.81570027
v 1.44579281 86.56339446 74.38907426
v 0.77985591 85.95891422 75.2048285
v 0.93188399 84.5883069 72.52026887
v 0.96494497 84.24063174 74.31699515
v 1.78783998 84.70652024 73.08703511
v 3.63442204 49.81978236 29.98107346
v 4.71225113 49.97847643 30.52391436
v 5.3163739 50.20163959 27.93888511
v 6.89759918 50.71418745 26.0152822
v 2.59702605 49.7361682 26.99591515
v 2.43704108 49.68430245 29.76894423
v 4.2341779 49.98507218 26.74323317
v 6.44345354 50.54735523 25.01733466
v 20.30681498 0.20213358 38.62879282
v 19.46508585 0.20593258 38.85039557
v 19.69887633 0.76763948 39.51009644
v 20.05015545 1.41474302 39.77556481
v 20.60556668 1.08765631 39.28657319
v 21.06619178 0.39897976 38.46890444
v 10.70958467 117.91789 56.778504
v 9.65669932 117.3697527 57.32095179
v 8.98859547 118.36421031 56.84456351
v 8.81192814 119.48623774 55.91714967
v 9.80836327 119.52412578 55.63492486
v 2.50365142 47.83899179 -22.02576365
v 2.15667319 47.18445978 -19.81160909
v 2.80885201 46.3082035 -20.33009815
v 3.51410702 45.17688561 -20.40679849
v 4.75906542 45.34080106 -22.6810391
v 6.85774036 45.31873771 -24.45129686
v 6.69585045 46.62971623 -25.01236459
v 6.88430266 47.81897498 -25.78992546
v 4.62166649 48.05433037 -24.65285804
v 2.92554544 48.61181815 -23.65835092
v 15.91083118 2.39695739 -10.13500849
v 16.64222106 2.6493603 -10.23094504
v 16.68927804 2.01762083 -10.3414197
v 15.76184019 1.55250354 -10.40341839
v 15.26761368 1.97245886 -10.31540768
v 16.44703432 1.38705768 -10.57657366
v 16.85350407 0.09519723 -13.24710289
v 17.25605328 0.23462019 -12.31198019
v 17.93034852 0.19483564 -13.0001393
v 17.52410233 0.13568996 -14.85655032
v 18.31473242 0.18687153 -14.5635888
v 15.96053636 4.49744219 -10.59889883
v 15.84988203 5.3202543 -11.28659038
v 16.73653756 5.15288794 -11.33739384
v 17.48637633 4.74480376 -11.34668656
v 16.9067967 4.12935262 -10.60319672
v 16.18511589 3.8825792 -10.29963925
v 13.97372469 43.22411196 -10.03128412
v 13.04487347 46.41734243 -8.84234195
v 14.9029075 47.63200742 -8.99540802
v 16.04753842 48.63278471 -9.31969349
v 17.29521966 47.9224034 -10.30717725
v 19.03635921 47.32115502 -12.08773375
v 18.09343575 43.82098218 -12.15791035
v 18.34831732 67.31933519 -19.22762991
v 17.95936471 67.58988335 -20.36824877
v 18.88745073 66.26136724 -20.68836312
v 12.95501015 73.61364321 -15.96254727
v 12.94852393 73.4029371 -17.89973666
v 14.24513764 72.04879364 -18.15258368
v 15.6136114 70.39208448 -14.45655502
v 14.8583952 71.15133599 -12.62678839
v 13.84231385 72.66545411 -13.43037891
v 12.69729133 74.03984318 -13.92297852
v 8.96452684 50.09138136 41.21110935
v 7.39755196 50.26343797 41.24375801
v 8.55544715 51.08658017 43.41639393
v 9.49850339 52.56219733 46.26462895
v 13.99704987 51.50173422 44.24104854
v 14.66918304 50.4284217 43.14268538
v 12.21368463 50.04504007 42.40986712
v 13.81374478 53.18129144 46.07150976
v 15.02875036 78.09871312 22.08812018
v 16.29108298 76.74411279 23.15811081
v 18.05888009 75.81919036 28.06850447
v 20.61076856 55.97521206 27.60749827
v 19.01420733 56.48418898 26.72479328
v 17.92922322 55.4457157 26.09522039
v 22.16917766 54.05057387 28.47127424
v 22.59572123 55.20570608 29.5734244
v 17.04142888 53.56220041 25.52520729
v 17.55863399 52.50688067 25.10956711
v 19.73597666 53.0385556 25.98078205
v 16.46781783 54.10215154 25.53624121
v 15.95483485 4.77559192 38.60389222
v 16.01781404 4.05502891 39.17993092
v 15.30705763 3.65676934 38.4506296
v 10.32770344 126.5699035 53.183407
v 10.80852615 126.60280422 53.05863393
v 10.83864213 127.20752452 53.59871709
v 10.64644193 127.59613954 54.01606773
v 10.23549275 127.28171619 53.88799378
v 9.77203864 126.59465406 53.43846261
v 10.02203867 125.0220932 54.18712507
v 10.45522525 125.32300097 54.28867199
v 10.7977848 124.84887528 53.95738417
v 10.19560392 124.23006325 53.70465718
v 9.5726853 124.36351462 53.99628648
v 10.81127188 124.10861505 53.58904253
v 11.71459533 128.9325738 55.54184018
v 11.89066326 128.74995739 55.92641012
v 11.45953372 128.98327524 56.0591053
v 11.19819219 129.1253329 55.67297494
v 11.42176271 128.97478899 55.34630835
v 11.36009186 128.83418372 56.31783388
v 11.79338647 128.49929495 56.25982251
v 11.65244286 128.35756138 56.37482499
v 11.41432674 128.1671429 56.43979821
v 11.14733471 128.60056579 56.48263757
v 11.04040587 128.8363683 56.36537849
v 9.99757168 108.98740268 63.25028356
v 1.79114836 94.82860243 81.29622122
v 2.62671554 94.97927537 80.17916311
v 1.9065884 95.10945287 79.68558027
v 1.02387263 95.18183206 79.58592986
v 0.8497043 94.89454191 80.84639598
v 0.81970197 94.76653697 81.95277727
v 3.49597584 96.06214842 83.22504252
v 3.07394903 94.99911663 83.11565753
v 1.61267605 95.10801549 83.93954392
v 2.80930794 97.72332877 83.83652061
v 3.87315783 97.3782673 83.01793962
v 1.98752098 74.34005626 -113.80398247
v 2.55655076 74.87998264 -113.61232767
v 1.87579799 75.28583497 -114.51401869
v 2.51183084 78.75410935 -112.21003795
v 2.17071823 79.03677678 -112.17395038
v 2.02231595 78.62927326 -113.34216005
v 2.72709328 78.39908374 -112.38644271
v 2.87304953 77.96022341 -112.62270134
v 4.60789659 77.62810737 -107.16065344
v 1.71899873 79.27468135 -112.18582153
v 1.1878916 79.4582295 -112.20754128
v 1.08118294 78.89184287 -113.76470806
v 1.57855494 78.77183505 -113.594731
v 0.60623406 79.57442481 -112.22399765
v 0.54904996 78.97071577 -113.86325418
v 0.53601 78.57657329 -114.47235565
v 1.06046798 78.50649872 -114.33800403
v 0.86560945 79.4748089 -106.95072979
v 1.09746976 79.07514646 -101.89813444
v 1.32974643 78.75108305 -97.13546394
v 1.53520123 78.53350138 -93.1479109
v 1.68278757 78.33986905 -89.25383865
v 1.72203554 77.92897463 -85.24717655
v 1.77591426 77.58619976 -80.74513114
v 1.80451034 77.21050317 -75.86970875
v 1.80360654 76.85641381 -70.95286338
v 1.75281132 76.46509733 -66.20318632
v 1.6844005 76.16230056 -61.41714262
v 1.5931797 75.79055752 -56.35227401
v 1.41522549 75.26634106 -48.26224949
v 1.30348262 74.89110134 -44.5725164
v 1.16429213 74.2336083 -41.53336478
v 1.03815154 73.64375844 -38.68625206
v 0.95250133 73.2480833 -36.0698975
v 0.95058654 73.47888123 -34.05756107
v 0.98443627 73.96035136 -32.21769985
v 1.04794829 74.65219451 -30.53420259
v 1.13446338 75.51215272 -29.0113214
v 1.21854604 76.36681152 -27.60058143
v 1.28701397 77.07977052 -26.17850147
v 1.34902504 77.74501086 -24.72623049
v 1.40082299 78.35805537 -23.24907843
v 1.44021996 78.91366465 -21.75009557
v 1.465932 79.41076442 -20.22762849
v 1.47816896 79.84169666 -18.67444827
v 1.47842299 80.20158205 -17.08204315
v 1.47249305 80.506937 -15.51281468
v 1.46405397 80.77341964 -13.91019035
v 1.44546695 81.1814318 -10.63077328
v 1.43208096 81.74676366 -4.01758724
v 1.46651696 82.17675964 2.32012352
v 1.57426699 83.09512308 12.36477468
v 1.61977387 83.966248 16.19865998
v 1.65313484 84.69627552 18.59724681
v 1.65699799 86.50002366 23.09234838
v 1.55348639 88.66108852 26.2876464
v 1.35948328 91.39306372 29.96207843
v 1.19490334 94.40397787 33.45175748
v 1.10657455 98.00399317 36.15960028
v 1.09230792 101.31012257 37.87887003
v 1.11241447 103.97310648 38.9021953
v 1.11580396 105.55989411 39.53794983
v 1.11281705 106.84154585 40.09492747
v 1.10810008 108.1413344 40.70269658
v 1.10284306 109.45911572 41.38009015
v 1.10775395 110.78635555 42.1426883
v 1.13167798 112.11220301 42.98537768
v 1.16506596 113.37186493 43.96783811
v 1.35474896 115.50592263 46.38053168
v 1.37012504 117.67860657 51.00137258
v 1.30218993 117.82007607 53.04855125
v 1.34044398 117.7270154 54.03424054
v 1.39760398 116.41786437 58.95604923
v 1.34943399 115.85721975 60.30996013
v 1.30696898 115.1395255 61.68760132
v 1.28722 114.16348677 63.02701237
v 2.562901 114.17439766 62.94741927
v 3.92967293 114.19002581 62.92145639
v 5.2836641 114.04331392 62.87115106
v 6.61301049 113.58965366 62.94410039
v 5.99830092 105.76151155 67.87609378
v 4.64606934 106.81100976 68.13786517
v 5.97927287 104.96938557 68.96417021
v 3.10053196 106.83654052 69.3485361
v 4.61240491 106.01319427 69.21626104
v 1.5544534 107.31769107 69.44069053
v 1.61374171 105.49768162 72.99630306
v 1.64200601 104.68045698 75.29739704
v 1.55702489 103.12228794 79.67087637
v 1.45675191 102.71959319 80.61655906
v 1.24203092 102.30556744 81.51694173
v 1.07650601 101.93633756 82.46437688
v 0 101.67890532 84.22323913
v 1.06509493 99.58485423 85.49136328
v 1.16211993 100.1634496 85.31163964
v 2.89459299 99.78829015 83.19923568
v 3.00462691 98.77730416 83.50547286
v 1.10728592 100.67750387 85.04902203
v 2.54476588 100.65355752 82.95081783
v 3.20560387 100.87422402 81.96690501
v 3.77069004 99.85517788 82.28039211
v 0.92410096 101.10858614 84.69641656
v 1.95507694 101.42889105 82.66515411
v 2.37434602 101.71016161 81.73135457
v 2.74275086 102.12071844 80.79383405
v 3.75995094 101.21764705 81.01152376
v 4.1324108 101.56587136 79.91409685
v 4.98500994 100.3660213 80.08306564
v 4.49663685 100.07256151 81.28651665
v 2.98258494 102.52649801 79.78156972
v 5.76824268 102.09435945 74.96049173
v 4.63184782 103.26783852 75.12273874
v 3.22856221 104.15875069 75.23595275
v 4.65761415 104.19003098 72.71754116
v 5.90300616 103.07934055 72.49392189
v 3.20617777 105.04541373 72.88472148
v 6.86226481 101.76469206 72.22557875
v 7.50700972 100.38126534 71.91595668
v 6.61047557 100.76359069 74.76845283
v 7.11201502 99.380308 74.5487946
v 5.53502686 98.99962709 80.29547394
v 5.7362527 97.6015925 80.45234353
v 4.90679795 97.3541469 81.88362694
v 4.8703728 98.76028965 81.59444628
v 4.00085405 98.68282111 82.65730402
v 4.71839601 96.07186499 81.97415493
v 5.41855999 95.32331657 80.32026051
v 4.41564613 95.0265559 81.87425245
v 5.1594473 94.49548712 80.07267088
v 4.13545061 94.22092034 81.63064788
v 2.78384713 94.15676933 82.8428012
v 3.85103521 93.52340344 81.28073112
v 2.52464105 93.45002799 82.4818055
v 1.17549504 93.50959378 83.08021213
v 1.35752498 94.19782622 83.57075817
v 0.98838503 94.99782628 82.5357238
v 1.23197554 95.58100688 77.91985221
v 1.59516697 96.63779101 72.7142883
v 1.70591902 97.07561307 70.16165564
v 1.23179605 97.57073232 67.15173777
v 2.51704003 93.0633905 65.58616876
v 1.31651245 92.80911209 65.71911
v 3.60299096 93.40387576 65.481459
v 2.66705299 92.61729825 66.00247512
v 1.48187006 92.36082926 66.19542026
v 3.70247033 92.85782101 65.94116286
v 2.66857908 90.86744739 67.90895849
v 1.62206179 90.5547615 67.85197939
v 1.21719672 88.85254828 70.26271043
v 1.012337 87.68900484 72.22480455
v 1.82475221 87.7356387 72.77542051
v 2.37296884 87.77835053 73.18717766
v 1.89318441 86.61833002 74.85026651
v 2.87196793 87.70701562 73.40239471
v 2.25326205 86.60895254 75.17147166
v 1.23090988 85.99058762 76.0958727
v 1.02960236 85.91390829 75.69529652
v 1.4410614 86.31826098 76.65990222
v 1.55167541 86.02838414 76.71412059
v 1.60201835 85.64470093 76.60189084
v 1.58242091 85.25343921 76.32124444
v 1.51382797 84.91248433 75.92236671
v 1.39790284 84.5973468 75.43416729
v 1.2190227 84.35665449 74.88071258
v 2.5896499 85.1703712 74.24782682
v 2.27765007 84.89509022 73.65202488
v 3.07159116 86.30253831 72.01812776
v 2.67809291 85.96759853 71.5176671
v 2.09580093 85.62152129 71.01608414
v 3.0581249 87.21813052 69.17939926
v 2.39721921 86.80175965 68.81448453
v 1.13712011 85.42378837 70.54157435
v 1.32604213 86.45779497 68.50357812
v 1.53676521 87.63163563 66.18051831
v 1.39807735 88.70411393 64.11564095
v 1.22216144 88.7036428 62.96748859
v 1.08236216 87.49725701 61.47049377
v 1.00123856 84.19319066 59.59257796
v 1.0429756 80.02156884 58.14779698
v 1.15455455 75.44320644 56.94144119
v 1.42383646 69.87333246 56.29004052
v 1.64378905 64.76714065 55.29639912
v 1.85288504 59.4882373 52.60374934
v 1.89218908 58.29089591 51.82563108
v 1.93348509 54.93102526 49.21744169
v 1.91496006 53.90634964 48.20143837
v 1.80935794 52.12705198 45.70333616
v 1.59228602 50.6698657 42.39455706
v 1.4439959 50.04657348 40.37107867
v 1.28067601 49.49518032 38.082456
v 1.21817694 49.38555826 35.24537494
v 1.19700296 49.46820016 32.454044
v 1.24241493 49.59462368 29.69570682
v 1.33098097 49.62815457 27.07153219
v 1.36882194 49.48368127 23.347431
v 1.46538201 49.28257696 20.09817268
v 1.57415596 49.11855948 15.63533265
v 1.58449389 49.31350016 5.95485052
v 1.50326302 49.42838561 0.48194875
v 1.34294599 49.39321329 -5.50498027
v 2.84934081 49.59841368 -5.28983674
v 4.52344896 50.03851634 -4.92831891
v 5.00354697 50.07453939 -7.30975769
v 5.56590805 49.71167721 -8.36032567
v 6.7792178 50.67079595 -6.76882755
v 7.3595919 50.28642106 -7.64409581
v 8.01498588 49.55389688 -8.22595981
v 6.20210669 49.04635434 -9.09452205
v 8.41883068 51.34800947 -6.35701413
v 9.01579693 50.90913113 -7.2000366
v 9.70865584 50.17552066 -7.73136195
v 10.46064768 49.29958547 -7.98270857
v 8.66557559 48.6116201 -8.48793
v 10.4888334 51.65012956 -6.94498549
v 11.23515899 50.95381898 -7.49175143
v 12.06778521 50.12329782 -7.82361315
v 13.00180305 49.2302941 -8.15058808
v 11.32245438 48.33867675 -8.22589604
v 12.47256251 51.82139696 -7.45992874
v 13.3388539 51.02124085 -7.8611351
v 14.26770362 50.16184604 -8.27585478
v 15.18172341 49.34542262 -8.76018167
v 13.9718852 48.37942455 -8.53388718
v 14.4015706 51.99645136 -8.02290723
v 15.2997522 51.1787466 -8.50355964
v 16.19244533 50.42051761 -9.09238923
v 17.1105342 49.77848241 -9.81798532
v 16.22981574 52.33711967 -8.84054147
v 17.11905796 51.663117 -9.53695783
v 18.05909165 51.09528848 -10.38955509
v 19.16929445 50.57127157 -11.6160087
v 18.32320966 49.19951494 -10.93446053
v 17.93074613 53.03374233 -10.02416473
v 18.85101508 52.49999684 -10.99457622
v 19.83166153 52.01230156 -12.2969132
v 20.71767639 51.59252028 -13.95379641
v 20.2552088 50.16526094 -13.28936478
v 19.51123809 53.95278395 -11.57660075
v 20.36013762 53.46630699 -12.95243396
v 21.09525448 53.01226263 -14.60592778
v 21.54269259 52.57525079 -16.52915109
v 21.31762843 51.19240622 -15.92322147
v 20.78950494 54.89661214 -13.58429646
v 21.39061078 54.40058665 -15.25832622
v 21.74633708 53.91025668 -17.16093106
v 21.72067277 53.43373636 -19.1879969
v 21.64216446 52.14358636 -18.59334127
v 21.63421985 55.78642152 -15.95203858
v 21.89785624 55.20915699 -17.8216207
v 21.79007367 54.69511473 -19.81672807
v 21.32311239 54.20639318 -21.77076505
v 21.31589247 52.97010146 -21.19221619
v 21.85477832 57.63511257 -19.25261003
v 21.16073334 56.64639248 -23.00217523
v 20.28871568 56.16834326 -24.68805437
v 20.47884609 53.77074519 -23.59752029
v 21.64772644 57.12613865 -21.15226997
v 19.11867103 55.68283856 -26.17794632
v 20.61126219 59.00100752 -24.12940228
v 18.54233075 58.21486776 -27.08924589
v 17.15714406 57.66779874 -28.27637558
v 17.66466709 55.17125094 -27.4382414
v 19.70996127 58.69961625 -25.73607919
v 15.56188818 57.07938476 -29.24160844
v 18.07257272 59.52268644 -27.46847742
v 15.17618394 58.35108586 -29.52423536
v 13.46838023 57.71131627 -30.20138586
v 13.7877849 56.46697642 -29.93057608
v 16.7261278 58.96502461 -28.60093261
v 11.64186205 57.08940141 -30.56826612
v 10.26693808 60.7120097 -30.88954028
v 8.6771009 60.04850982 -31.03045163
v 9.78105904 56.52330735 -30.63754248
v 11.83225502 61.4423493 -30.50888938
v 7.12238052 59.44546584 -30.97275684
v 9.60055069 61.87534008 -30.91717461
v 8.08965242 61.20003395 -31.15606193
v 6.572484 60.63208914 -31.27947565
v 5.17307879 60.1288895 -31.31124957
v 5.63229202 58.93317492 -30.88235338
v 7.32007517 62.31195282 -31.59926142
v 5.90258379 61.70700465 -31.80762015
v 4.61382617 61.17687793 -31.9058857
v 3.4294212 60.71586385 -31.94556822
v 3.85745879 59.71689567 -31.29227704
v 5.32547831 62.54442332 -32.73341056
v 4.14663082 61.9703342 -32.83898455
v 3.07105589 61.47809534 -32.87219735
v 2.04991708 61.07391164 -32.86916505
v 2.29356179 60.34033493 -31.94253891
v 3.92579103 62.39072802 -34.21891984
v 2.90030369 61.8942796 -34.17692521
v 1.94079315 61.47327925 -34.13171373
v 0.98388693 61.17185348 -34.11384849
v 1.03426588 60.79241714 -32.8584222
v 3.03674611 61.79605944 -35.89452952
v 2.05428699 61.36902487 -35.79971338
v 1.03896644 61.08813166 -35.77268672
v 1.17526763 60.52666632 -37.94931221
v 2.31694118 60.82268017 -38.03594067
v 3.33497154 61.39397836 -38.16240019
v 4.28295358 62.08820357 -38.30580521
v 5.11982967 61.07547018 -41.10819707
v 5.96551948 62.12441736 -41.12839242
v 6.66600679 63.25473496 -41.1452869
v 7.48373931 62.58055571 -43.85029996
v 7.19333207 64.45450233 -41.15699001
v 8.0542783 63.92033371 -43.90095938
v 8.41653432 65.3030642 -43.94580627
v 8.55895733 66.69823111 -43.98617897
v 8.47477826 68.07520706 -44.02356288
v 9.18596679 67.72278689 -48.05890358
v 8.82268449 69.16336301 -48.10427861
v 8.2385729 70.5146816 -48.14454329
v 7.45513197 71.74798115 -48.17909444
v 6.49504547 72.83619637 -48.20756599
v 7.2494582 72.80699488 -56.3141189
v 5.38170872 73.75174806 -48.22982889
v 6.00407295 73.87497723 -56.32816562
v 4.62784101 74.74569029 -56.33928357
v 3.14832094 75.39534525 -56.34746974
v 6.45721369 74.22068237 -61.4234803
v 4.93565323 75.08811031 -61.36669925
v 3.33427685 75.73042383 -61.36337437
v 6.89255409 74.66534999 -65.89170375
v 5.22148162 75.49822152 -66.09009834
v 3.49116744 76.0753135 -66.16753087
v 5.43973548 75.9540371 -71.03065
v 7.31650873 75.19746755 -71.08770112
v 3.60685524 76.48720644 -70.99658497
v 5.41750108 76.30215938 -76.33739472
v 7.08438444 75.38181767 -76.86848751
v 3.60405812 76.83948557 -76.00963584
v 5.20975376 76.5072495 -81.23366664
v 6.80578534 75.58012599 -81.6137774
v 3.51581185 77.15595021 -80.89126388
v 4.97731852 76.76284751 -85.52869918
v 6.44419999 75.80003628 -85.72193841
v 3.38932645 77.46995495 -85.34669494
v 4.7151334 77.07844191 -89.46965586
v 6.07519442 76.15440172 -89.66161675
v 3.25772844 77.81734954 -89.34829169
v 4.39413681 77.4878697 -93.30493053
v 5.65167228 76.64876851 -93.49990421
v 3.00823461 78.12329564 -93.22641171
v 5.04246654 77.25892701 -97.37966867
v 3.84371252 77.93649162 -97.39397046
v 2.61535303 78.43877226 -97.28151865
v 4.17227374 78.0405427 -102.26741233
v 3.1877015 78.49106863 -102.11827879
v 2.16632 78.8520013 -101.98647786
v 3.23340286 78.67666182 -107.15587617
v 2.49117468 79.02930931 -107.09207326
v 1.70348594 79.30612518 -107.00644856
v 3.95941194 78.25144011 -107.14435312
v 5.04686533 77.45329153 -102.60167093
v 5.75646043 76.72607051 -103.14509098
v 6.15952991 76.33867456 -97.30665331
v 7.08710316 75.19959811 -97.28367922
v 6.76528586 75.62713795 -93.74832806
v 7.72408277 74.45319826 -94.06300348
v 7.34500278 75.04612993 -89.91840682
v 8.40209375 73.75082532 -90.20886581
v 7.80809454 74.63860541 -85.9686398
v 9.01334228 73.2637257 -86.23011712
v 8.24616791 74.39644196 -81.96880151
v 9.5336322 72.9921237 -82.1898101
v 8.63674845 74.27738465 -77.9209565
v 9.80911947 72.7919744 -78.09340621
v 8.77669055 73.9059897 -71.1445782
v 9.96327859 72.40123707 -71.2272141
v 8.33898627 73.46756448 -65.74186203
v 9.52755484 72.0120549 -65.77331037
v 7.84679505 73.10052219 -61.68515567
v 9.01014943 71.73917757 -61.70496692
v 8.33589845 71.56117938 -56.29685532
v 9.23821964 70.15881839 -56.27599379
v 9.93569378 68.62561597 -56.25125824
v 9.30950504 66.22418758 -48.00922842
v 9.18191796 64.70118094 -47.95606032
v 8.80677277 63.188417 -47.90024853
v 6.71028953 61.31864939 -43.79483625
v 5.73170875 60.17948854 -43.74087295
v 4.4955952 59.2804656 -43.71128811
v 4.10673112 60.13244282 -41.11129989
v 2.84042844 59.47294675 -41.07932042
v 1.44457168 59.10338904 -41.07403001
v 1.56440591 58.25944082 -43.69238309
v 1.71281541 56.94712995 -47.64201507
v 1.90676788 54.95780661 -55.9617865
v 1.97990233 54.39232396 -61.74164864
v 1.98613386 54.22989991 -66.1544594
v 1.98295546 54.04819274 -72.1340905
v 1.99141207 54.7308317 -79.70995873
v 2.04075396 55.22194038 -84.2348282
v 2.01549346 56.13297363 -88.67122221
v 1.81532258 57.65362598 -93.178465
v 1.64267106 59.90812436 -97.70670136
v 1.5215267 61.76112549 -100.44806005
v 1.13664861 66.87620848 -106.49577319
v 0.87592544 69.86897006 -109.73805467
v 0.54454 74.04434588 -114.13553436
v 0.502679 75.37069147 -115.12427246
v 0.50086895 75.98122131 -115.38710613
v 0.50578899 76.56316557 -115.49586696
v 0.51325099 77.1174365 -115.45496012
v 0.52072001 77.64172348 -115.26887479
v 0.52774295 78.13066109 -114.94086384
v 1.03646696 77.57967303 -115.09600497
v 1.04808998 78.06520774 -114.78137756
v 1.54279306 77.47652969 -114.80059466
v 1.55423293 77.96007187 -114.50698483
v 1.56209295 78.39755184 -114.10529835
v 2.04117483 77.82063691 -114.10594652
v 2.03128195 78.26132773 -113.76000281
v 2.96007541 77.45917159 -112.86921668
v 2.03666294 77.33255152 -114.3737135
v 2.98869719 76.92098117 -113.09724713
v 5.39867597 75.15986008 -107.95680649
v 5.0308107 76.84718261 -107.38477085
v 5.2860925 76.01407102 -107.66701967
v 6.26438258 75.7997467 -103.5722002
v 6.6043637 74.76863287 -103.90954963
v 7.90022571 73.86189376 -97.10508988
v 8.35010722 72.56172936 -97.46487926
v 8.46463933 73.16606256 -94.49120499
v 8.96171809 71.76469183 -94.84243609
v 9.24257904 72.30962053 -90.52803642
v 9.81763873 70.76902114 -90.85335866
v 9.92461859 71.72216381 -86.50083088
v 10.56309184 70.07719976 -86.77869853
v 10.445799 71.38178358 -82.39927162
v 11.10124474 69.659875 -82.61412258
v 10.72387071 71.15023545 -78.25215429
v 11.36697118 69.38739152 -78.41392718
v 10.84823793 70.72361423 -71.32128304
v 11.443619 68.92687445 -71.42270993
v 10.47825335 70.39383056 -65.81281284
v 11.16400038 68.64639647 -65.85962525
v 9.96477449 70.20989943 -61.71293703
v 10.70145852 68.54721718 -61.72279165
v 10.40631528 66.98994613 -56.22224955
v 10.59683954 65.27943059 -56.18835856
v 10.4671369 63.53619353 -56.14955528
v 8.20313726 61.71734389 -47.84250122
v 7.385455 60.31865306 -47.78418376
v 6.24641119 59.12416579 -47.73589796
v 3.08484624 58.63610292 -43.70035621
v 3.36150832 57.42033064 -47.66833205
v 4.89417773 58.14512702 -47.69766483
v 8.28991126 58.64000883 -56.02272966
v 10.04084465 61.8086189 -56.10691397
v 11.10309398 63.07490657 -61.75363682
v 11.34557551 64.9265091 -61.74456242
v 11.20523206 66.77923477 -61.73369654
v 11.36442726 63.02919545 -66.02135012
v 11.59782688 64.91453747 -65.96714375
v 11.52840573 66.80139152 -65.91221119
v 11.74172928 65.13381338 -71.63464411
v 11.44814945 63.21995846 -71.73859166
v 11.73940966 67.04955205 -71.52821189
v 11.76825631 65.63686514 -78.73323582
v 11.52089774 63.72988175 -78.88725465
v 11.73041703 67.53836025 -78.57531596
v 11.59588236 66.01734237 -83.0370907
v 11.40336033 64.16929001 -83.23546729
v 11.48853416 67.86028071 -82.8284934
v 11.08247402 66.58454354 -87.33940917
v 10.94743522 64.80072923 -87.60484153
v 10.95127474 68.3542424 -87.06103738
v 10.24470369 67.48368238 -91.52733132
v 10.04298197 65.81019399 -91.85066703
v 10.15518246 69.15072591 -91.18957978
v 9.25378026 68.79184916 -95.57698281
v 9.04452429 67.28486581 -95.94252171
v 9.22657355 70.29602676 -95.20743485
v 8.37915642 68.44371637 -98.59527891
v 8.59025712 69.82065725 -98.21878711
v 8.58119697 71.20404871 -97.83910246
v 6.57623874 71.5872938 -104.96378909
v 6.76101422 72.6346787 -104.61417841
v 6.77064753 73.70430699 -104.25966444
v 5.20420417 73.48181751 -108.52981438
v 5.37100901 74.3085089 -108.24705543
v 4.90289842 72.70056041 -108.79721526
v 4.47415414 71.98378291 -109.04182211
v 6.22024237 70.58870597 -105.29826375
v 5.69993933 69.66405624 -105.60714163
v 7.95436981 67.10492817 -98.96076979
v 7.32599349 65.83482049 -99.30843595
v 8.60569097 65.80708545 -96.29692165
v 7.94684157 64.38975571 -96.6347272
v 9.56651566 64.17418478 -92.14838795
v 8.82817744 62.61533474 -92.41255997
v 10.44565871 63.06710581 -87.83548867
v 9.64708402 61.4227995 -88.03493354
v 10.8924614 62.35984327 -83.42098846
v 10.01080294 60.65944552 -83.59295805
v 10.90819082 61.87627352 -79.03695233
v 9.99871048 60.12212159 -79.18298904
v 10.82496376 61.36176107 -71.83426302
v 9.92787896 59.59604463 -71.92000175
v 10.79259793 61.20278343 -66.07052115
v 9.93776508 59.47458744 -66.11248428
v 10.56706489 61.27761014 -61.7599535
v 9.74373214 59.58253017 -61.76304732
v 9.31096717 60.15691656 -56.06320439
v 6.98602212 57.32850179 -55.9919745
v 5.45721286 56.25128974 -55.9723343
v 3.74847703 55.44397899 -55.96323589
v 5.69310877 55.62028998 -61.75331574
v 7.28364626 56.70482247 -61.75933833
v 8.64300886 58.04119072 -61.76280425
v 7.35690318 56.58051077 -66.15951274
v 5.72392056 55.49669171 -66.16478814
v 8.77128086 57.92236897 -66.14218615
v 5.72368725 55.38149793 -72.09099908
v 7.36729194 56.52738993 -72.05049434
v 8.7757693 57.96186169 -71.99326917
v 5.76026244 55.97311525 -79.57158605
v 7.39465919 57.11297041 -79.45573734
v 8.81797474 58.51507146 -79.32393641
v 7.43961486 57.74169633 -83.90681125
v 5.81899289 56.61038894 -84.04302335
v 8.84458429 59.10704813 -83.75510303
v 5.65109125 57.51266811 -88.49101244
v 7.20778841 58.6092353 -88.35720697
v 8.54953858 59.92684407 -88.20524069
v 6.58660049 59.9499487 -92.82050011
v 5.14800227 58.92413164 -92.97833595
v 7.83730878 61.17930783 -92.63719352
v 5.96302807 61.9305324 -97.22222894
v 4.69077744 60.95768595 -97.4627847
v 7.0606234 63.08153701 -96.94604772
v 5.5047931 63.62264045 -99.92448126
v 4.32568266 62.76154738 -100.16997633
v 6.50681009 64.66245199 -99.63241984
v 4.20891758 68.12932641 -106.1091267
v 3.27013823 67.55997161 -106.28773404
v 5.0251572 68.83691323 -105.88037006
v 3.27470769 70.81010916 -109.43558649
v 2.53532913 70.37834608 -109.57640782
v 3.92788484 71.34825644 -109.25712918
v 2.73822248 75.32155644 -113.54366947
v 2.8739824 75.82806971 -113.43937382
v 1.9693189 76.29448635 -114.64438525
v 1.91772698 75.77873964 -114.63351037
v 2.95913579 76.36951074 -113.29016827
v 2.01207705 76.8178911 -114.5555497
v 1.522658 76.96206731 -114.98280296
v 1.49523495 76.42902401 -115.04826831
v 1.00599098 76.51527888 -115.32988696
v 0.99324604 75.94916681 -115.23932296
v 1.46829193 75.88672626 -114.98992084
v 1.02212701 77.06037337 -115.28018179
v 0.99282002 75.36273336 -115.00147991
v 1.45613693 75.34022139 -114.79783393
v 1.560616 74.20041725 -113.94401159
v 1.07143101 74.10305944 -114.06044246
v 1.72847075 70.06242571 -109.67724054
v 2.23704537 67.13799562 -106.4169543
v 2.98349212 62.13352159 -100.34740136
v 3.22650554 60.2900476 -97.62144276
v 3.55108808 58.1343084 -93.10424333
v 3.91223869 56.67209804 -88.59872299
v 4.00741604 55.75387939 -84.1563694
v 3.93480279 55.17980546 -79.65865113
v 3.91052598 54.55113731 -72.11820429
v 3.91333585 54.71065885 -66.16112717
v 3.90610019 54.83483927 -61.74641391
v 2.80563891 74.96970117 -48.25638893
v 4.14015998 74.46631323 -48.24588915
v 2.58893815 74.6478426 -44.46383659
v 3.84494772 74.26917147 -44.22058011
v 2.31163352 74.01867107 -41.4648176
v 3.42561882 73.65836706 -41.38561461
v 2.04862468 73.41225682 -38.64584334
v 2.99454874 73.00493785 -38.57690007
v 2.77762911 72.75224461 -36.12582033
v 1.88483263 73.06521408 -36.09433448
v 2.76139818 72.93986035 -34.05687689
v 1.8782502 73.27684818 -34.06111401
v 2.86023519 73.38074547 -32.18404893
v 1.94552428 73.7431988 -32.21111761
v 3.05525427 74.03911849 -30.49567988
v 2.0743323 74.422996 -30.52465856
v 3.33097861 74.88521678 -28.97918588
v 2.25368516 75.28135554 -29.00350132
v 3.57751121 75.68065563 -27.59802476
v 2.42642895 76.1256856 -27.60888764
v 3.78457285 76.40133868 -26.19460974
v 2.56391696 76.83988093 -26.19516188
v 3.977087 77.09317807 -24.7507875
v 2.68697695 77.51361952 -24.74418875
v 4.13349109 77.71519496 -23.25703804
v 2.790875 78.13352385 -23.26282357
v 4.2521883 78.27836624 -21.73670902
v 2.87272394 78.69481064 -21.75670182
v 4.33619407 78.7950132 -20.2053866
v 2.92385187 79.19669968 -20.22865476
v 4.37469915 79.22924631 -18.64857241
v 2.94658083 79.62369487 -18.67421271
v 4.37439195 79.59244458 -17.07352089
v 2.94751989 79.98725324 -17.09679206
v 4.35503382 79.90918454 -15.48545792
v 2.9352939 80.30178462 -15.51153184
v 2.91809016 80.57563121 -13.905119
v 4.33053382 80.19690081 -13.87972477
v 2.88134185 81.00556718 -10.62300122
v 4.27674006 80.65402999 -10.59902561
v 2.85583715 81.56785023 -3.99941892
v 4.248204 81.25026404 -3.96918291
v 2.92380686 81.9917546 2.33823932
v 4.35147375 81.65916443 2.37086097
v 3.13895189 82.89689654 12.4134896
v 4.67986917 82.55588614 12.49370386
v 3.23064888 83.75041879 16.27315473
v 4.81672383 83.36286005 16.40463158
v 3.29924182 84.51693598 18.68809889
v 4.92154874 84.17171247 18.83569902
v 3.30528392 86.34012328 23.2161432
v 4.93514309 86.08977891 23.41292336
v 3.12497418 88.44015946 26.34718818
v 4.70955529 88.16362716 26.48667416
v 2.70125924 91.22082407 30.18421831
v 4.00208025 90.96400399 30.52617996
v 2.36742225 94.30929977 33.75858281
v 3.49608275 94.24489369 34.17961242
v 2.22334937 98.04244236 36.35211332
v 3.32245635 98.08300411 36.69566238
v 2.19709616 101.38384911 38.06771009
v 3.3124802 101.43598793 38.32182945
v 3.32976403 103.97943515 39.37250397
v 2.22737962 104.01538468 39.08685225
v 3.32029277 105.25992259 39.95935753
v 2.22506488 105.44636801 39.69519151
v 3.31315988 106.50198784 40.53777886
v 2.21886712 106.7085746 40.26973581
v 3.30936088 107.76517869 41.13143223
v 2.21260596 107.99249495 40.87456414
v 3.31010207 109.05094752 41.74942805
v 2.20705599 109.29960544 41.52279597
v 3.32204711 110.36509188 42.39307467
v 2.21381809 110.62595703 42.23421856
v 3.36243594 111.70788783 43.07540754
v 2.24808999 111.98153637 42.99271762
v 3.43544792 113.06511161 43.83074977
v 2.30474407 113.27939241 43.90189263
v 2.62330514 115.59771096 46.14966248
v 3.84097205 115.49846865 45.80181027
v 5.08222183 115.11227828 45.40791385
v 5.57464411 116.18262601 46.29636537
v 6.75772085 115.66214404 46.00545625
v 7.33314664 116.76408414 46.80496419
v 6.17657517 117.20805783 47.12808984
v 7.41528666 119.50072558 48.64486591
v 8.46564834 119.09303751 48.26260658
v 7.97889681 120.75942724 49.2853917
v 7.06244713 121.05043238 49.86743199
v 6.2969052 121.19471063 50.55757894
v 5.712378 121.21575221 51.316048
v 5.02056599 120.07582203 50.81408694
v 7.63371906 122.21406884 50.55846717
v 6.87790496 122.31146266 51.21416499
v 6.29981822 122.31398333 51.89408522
v 5.8808329 122.26130136 52.59878003
v 5.29733085 121.17769012 52.08708439
v 7.34434861 123.35029003 51.87421996
v 6.79019696 123.35044608 52.4941963
v 6.37533099 123.31315219 53.11099181
v 6.00370685 123.23779621 54.31719155
v 7.67083665 125.36995741 53.55015222
v 7.11964904 125.40891974 54.83302829
v 7.35575388 125.41957857 53.99851907
v 7.15931731 125.35779819 55.2370914
v 7.76200082 126.32196577 55.07822929
v 7.80474115 126.24045217 55.431771
v 7.97543465 126.09587384 55.70636779
v 7.35114016 125.2510779 55.56156141
v 8.36700169 127.05671654 55.31203927
v 8.43047527 126.92821048 55.60436476
v 8.58249182 126.75934972 55.835414
v 8.82877535 126.54779364 55.92262912
v 8.25258061 125.90175838 55.83175303
v 8.97701465 127.48655049 55.79673975
v 9.12750229 127.28207628 55.98912675
v 9.34153478 127.05774882 56.02266364
v 9.57586164 126.8467929 55.90062729
v 9.08884154 126.35573072 55.80819079
v 9.59014318 127.72442954 56.14803687
v 9.79610803 127.4737791 56.18791144
v 10.02903802 127.23833669 56.05324775
v 10.27027797 127.02009484 55.82977251
v 9.80512166 126.66026345 55.68653854
v 10.19596102 127.81833044 56.33947562
v 10.43011759 127.52755336 56.20577218
v 10.66431317 127.24707501 55.97516705
v 10.92195397 126.93836517 55.67895253
v 10.53782964 126.78250386 55.56118931
v 10.78939008 127.76665674 56.34002777
v 11.04118832 127.44387917 56.08918527
v 11.29622143 127.07778213 55.77186916
v 11.60504529 127.17703644 55.83907497
v 11.81687745 126.7049753 55.47163357
v 11.52828795 126.63728936 55.39944644
v 11.1863173 126.5506744 55.31843696
v 11.36398764 127.58040336 56.16784212
v 11.66339576 127.7250297 56.20407973
v 11.89389811 127.28300053 55.88664358
v 11.11999672 127.96990662 56.41336721
v 10.56376477 128.09351538 56.46685339
v 10.88909451 128.35966193 56.52403654
v 10.376014 128.41679708 56.42068915
v 10.72952421 128.67480547 56.42754297
v 10.27352783 128.66267025 56.26303936
v 10.66934175 128.87846346 56.2869617
v 11.02791356 128.9721963 56.25757791
v 10.67222402 128.99469027 56.07386921
v 11.05546536 129.0434832 56.08691667
v 11.41779341 128.91844606 56.20753665
v 11.88415828 128.64805038 56.10494545
v 12.22145444 128.24167066 55.87833738
v 12.11957669 128.06390353 56.06067772
v 12.46021949 127.76205952 55.54144408
v 12.35892763 127.58575678 55.7380802
v 12.15501683 127.41443537 55.86352545
v 11.92358348 127.88734873 56.17073489
v 12.5438224 127.06261011 55.35681113
v 12.34856514 126.9049123 55.4902145
v 12.09771739 126.79130219 55.51447293
v 12.52943208 126.34976514 55.08187825
v 12.27841854 126.23693523 55.12854662
v 12.00593656 126.16217942 55.08790385
v 12.4974181 125.61917948 54.73748296
v 12.23106299 125.5513615 54.72108661
v 11.95647145 125.52475045 54.64090536
v 11.73236829 126.10954547 55.01544064
v 11.6659802 125.52196571 54.53680176
v 11.42750623 126.070079 54.91302949
v 11.35126577 125.53076404 54.43741542
v 11.10338581 126.00927088 54.82496215
v 10.83597668 126.45989434 55.22130721
v 10.62658567 125.94060068 54.7436766
v 10.38645827 126.26295813 55.11696355
v 10.06356967 126.50384999 55.40884493
v 9.75030688 125.93535529 55.00220113
v 9.53764126 126.09262098 55.27743409
v 9.31198669 126.21686591 55.56501833
v 9.00444792 125.48763661 55.21670999
v 8.80713662 125.57931691 55.5426564
v 8.54928276 125.7215066 55.77464189
v 7.6578252 125.11331738 55.78441248
v 8.00593623 124.95270281 55.83763459
v 6.53310156 123.29743402 55.73398712
v 6.17237369 123.23724407 55.35911574
v 6.02637823 123.24732674 54.8591112
v 5.62794499 122.1207321 55.14952819
v 5.5114031 122.11606286 54.59734581
v 5.49819997 122.12770595 53.96260555
v 4.99455959 121.01249032 54.32129664
v 4.97955787 121.0467234 53.6296613
v 4.61355309 120.08434429 51.685758
v 2.63291087 118.26385771 51.12135639
v 2.45005796 118.3720904 53.13005286
v 4.33930402 119.99622893 53.40341332
v 4.36625792 119.96640102 54.16736783
v 2.50714116 118.30219587 54.07323888
v 5.10443409 121.01570718 54.95014333
v 5.31827865 121.02807045 55.52479566
v 4.75030084 119.98039673 55.53046117
v 5.84513619 122.11255193 55.65536628
v 6.24150976 122.07052279 55.96806117
v 5.67984075 121.00751501 55.99014102
v 6.9842464 123.31891372 55.8859354
v 7.39616859 123.22577503 55.76898239
v 6.72740381 121.97418525 55.92986704
v 8.2987276 124.80193684 55.60384862
v 8.50805859 124.70238845 55.24064434
v 7.72850294 123.06334197 55.46249915
v 8.74194208 124.61216053 54.86049157
v 9.21523955 125.39060289 54.89594897
v 9.5670138 125.21865731 54.55384628
v 9.07732599 124.50350773 54.4082837
v 10.0393285 125.67183744 54.66811657
v 10.89128659 125.47065211 54.35342915
v 11.62194727 124.82837385 54.08733062
v 11.24808867 124.85718149 53.99770286
v 11.42102676 123.97786439 53.61903848
v 11.84770762 123.89510245 53.72952777
v 11.42764577 121.66198249 53.30429105
v 10.60288239 121.82065255 53.33536728
v 9.71881729 122.02948391 53.4961259
v 8.86996802 122.2727644 53.92076246
v 8.27080819 122.49301078 54.51976925
v 7.99028033 122.79793962 55.04459637
v 8.0767385 121.39791849 54.79338178
v 7.57858695 121.60885641 55.27721803
v 7.16328811 121.81535915 55.67993679
v 7.28602139 120.54077128 55.6377276
v 6.72158902 120.72956933 55.94797384
v 6.20092775 120.89251852 56.11507614
v 5.13542368 119.95281342 56.17166514
v 5.74000482 119.75457487 56.56326294
v 6.40325264 119.56411438 56.51007084
v 6.29911903 118.16547363 57.55972509
v 5.26735103 118.1649755 57.75127787
v 6.52504442 117.2290454 58.49617733
v 5.41613985 117.31337375 58.64235808
v 5.60664872 116.54188124 59.54584958
v 4.20958076 116.58078355 59.37179144
v 5.56097211 115.82903628 60.5113015
v 4.10495277 115.9264541 60.45699911
v 2.70545004 115.89318128 60.35505608
v 2.78775998 116.5236004 59.11992867
v 3.97820105 115.17127392 61.72157032
v 2.61933396 115.14756763 61.67128899
v 5.34466127 114.99149026 61.68914973
v 7.11659723 117.98319331 57.1297231
v 7.47700627 117.03824882 58.01746043
v 7.99191351 118.11013296 57.06703048
v 8.52761102 117.11009387 57.72513494
v 10.36891112 116.19068015 57.50289002
v 11.33164507 116.90031426 56.48865116
v 11.63225351 118.06608728 55.17351054
v 10.81820597 118.87283314 55.44137355
v 11.66724803 119.1899332 54.19908624
v 12.475375 118.86186823 54.01876844
v 13.04627334 118.70089356 53.88784374
v 13.56874034 118.57080307 53.68147903
v 13.76121736 116.96374507 53.92616389
v 12.2516612 120.1881358 53.53567638
v 12.79243305 120.11887744 53.57453068
v 13.29570246 120.06497115 53.55306899
v 13.72117474 120.026681 53.40379742
v 13.95447009 118.47423748 53.3750258
v 12.62679514 121.48791235 53.46118464
v 13.0710194 121.45105058 53.55826637
v 13.47453036 121.44686147 53.49191278
v 13.7681597 121.46463818 53.26295209
v 13.97387623 120.00760795 53.06710817
v 12.54046826 123.8345344 53.98790826
v 13.16481226 123.89939959 53.99348974
v 13.4022457 123.98283371 53.83165084
v 13.90635983 121.50019161 52.9234661
v 12.863921 123.84878218 54.04054221
v 13.49933494 124.08896584 53.54529093
v 12.79945491 124.84846718 54.37346246
v 13.02603447 124.93787888 54.25625139
v 13.15302964 125.04822413 54.0555822
v 13.16946799 125.15570062 53.79298859
v 13.47908257 124.17907373 53.25369763
v 12.74328452 125.71242019 54.67699893
v 12.9027738 125.82904311 54.5162043
v 12.94787425 125.95305998 54.2868355
v 12.8990183 126.06994697 54.03940191
v 12.71288346 126.4861573 54.94521003
v 12.78705412 126.62855104 54.73958352
v 12.76105523 126.76433104 54.49337425
v 12.64490644 127.22568533 55.14980426
v 12.6360811 127.36812709 54.91121701
v 12.34901826 127.59598349 54.44273283
v 12.46094793 126.98589777 54.0269066
v 12.4682031 127.91838896 55.30541351
v 12.19016215 128.14744568 54.81657193
v 11.92282203 128.21910467 54.62580536
v 12.09939259 127.68309059 54.25629941
v 12.22393085 128.38684914 55.65859513
v 11.97252421 128.61100856 55.18509361
v 11.67307708 128.66112184 54.99108619
v 11.31031392 128.62016699 54.88721065
v 11.56667787 128.22996755 54.51322751
v 11.05302871 128.89073071 55.22925332
v 10.84176221 129.04880061 55.55459956
v 10.44207876 128.8394051 55.45095209
v 10.64977282 128.70028823 55.15706618
v 10.91110309 128.48641553 54.8236538
v 10.23968861 128.42974851 55.07151951
v 10.49381247 128.2701302 54.76096118
v 10.77408227 128.06240313 54.41645786
v 11.19994166 128.19071715 54.44860238
v 11.03625952 127.70733701 54.02209332
v 11.43309371 127.72514973 54.03452862
v 11.76989099 127.72396142 54.11533404
v 11.58346507 127.19417698 53.57673927
v 11.9476041 127.14657236 53.67271671
v 12.22502914 127.08403579 53.83009043
v 12.08459641 126.443522 53.17829365
v 12.3538953 126.36125219 53.34876283
v 12.58579077 126.27148039 53.5696934
v 12.54775569 125.52320204 52.77721933
v 12.77611472 125.42850893 53.01885538
v 13.10320593 125.24848521 53.53182336
v 13.01247388 124.42890796 52.36926719
v 13.38247046 124.25297732 52.96107206
v 13.90809579 121.56853772 52.21195349
v 13.94445043 121.53518088 52.57609401
v 13.96188205 119.97444316 51.85343045
v 14.07045083 119.9753554 52.27503021
v 14.07388074 119.99306009 52.66747424
v 14.1744599 118.29019269 52.07608947
v 14.21891669 118.32136495 52.52412024
v 14.15419253 118.38427363 52.95564663
v 14.3208312 116.57043681 52.50615147
v 14.0926012 116.78225696 53.50733687
v 14.27465646 116.65861219 53.02215626
v 14.24090351 113.26948979 53.44648074
v 14.0718537 113.64373399 54.22374078
v 14.16137193 111.86057131 53.51267228
v 14.03353504 111.99089886 54.47775811
v 14.66314994 110.31090952 53.41899945
v 14.07384323 110.27739063 55.60551106
v 14.37980133 110.25283512 54.5342871
v 13.44170166 110.22401548 56.65632961
v 12.6892507 110.03647477 57.74052902
v 11.99934982 109.81029882 58.86525116
v 11.35021099 111.73349062 58.81891288
v 10.61100029 111.51627804 59.97811416
v 10.09297522 111.14618994 61.13318635
v 10.45790871 109.30768058 62.2790581
v 9.7428259 110.69428815 62.29032309
v 8.92658928 111.92965862 62.63413623
v 7.8411423 112.90207539 62.92002801
v 10.90786973 109.39120772 61.17028819
v 11.75489227 107.12677446 61.30811472
v 11.18164131 106.76802036 62.43223671
v 10.50735056 106.43606336 63.49786719
v 11.3866504 105.41674116 62.47783679
v 10.58394437 104.97700159 63.55332189
v 11.3819459 104.22332481 62.38294564
v 10.53159024 103.62882521 63.44495716
v 11.27581302 103.06731337 62.1647398
v 10.37853242 102.33805105 63.19719348
v 11.1421846 101.93019194 61.85297515
v 10.19950196 101.0820351 62.86695594
v 11.06658706 100.82151204 61.46598057
v 10.06266493 99.91940091 62.4382383
v 11.09417412 99.57783537 60.99540183
v 9.94835338 98.81038493 61.88040843
v 8.83948369 97.69842817 62.78940939
v 10.01058613 97.21559418 60.92910225
v 8.96696873 96.05632687 61.66708188
v 9.34094287 93.25130631 60.11055127
v 10.48421293 94.17090908 59.46587838
v 9.10899638 89.2796605 57.45025607
v 7.99595559 88.33240089 58.11727288
v 6.81248237 87.55284675 58.7239377
v 5.73820735 86.53429725 58.90816854
v 4.74299391 85.78624995 59.03134519
v 4.8364338 88.83184879 61.3035055
v 3.97383076 88.22704447 61.30983718
v 4.16359469 90.02914517 63.19706745
v 4.89572539 90.63720236 63.28425256
v 4.14204861 89.96274957 64.79401877
v 5.28661726 91.05062495 65.18280183
v 5.66639081 91.79906535 65.46592689
v 4.74654047 90.44507943 64.96246543
v 5.7339811 92.60873398 65.81026816
v 4.94659975 89.77194099 67.44821036
v 5.05946605 90.71879699 68.20104992
v 4.67234168 91.14955217 68.40378366
v 5.39905369 93.2112667 66.05552318
v 5.14020132 90.21464535 67.84214278
v 4.04684875 90.91555014 68.14072793
v 4.18814157 88.97039852 71.14050912
v 3.32820024 89.10218295 71.08074528
v 2.78221733 89.09699608 70.89174918
v 3.40568941 90.94881096 68.027826
v 3.86414831 89.30275912 71.39402832
v 3.29346004 88.0762575 73.71973483
v 3.60180077 87.73205425 73.50190108
v 2.83009408 86.67621237 75.53933317
v 2.58254102 87.00389923 75.61011594
v 3.76283583 87.33180815 73.16240309
v 2.93928778 86.29665975 75.32748902
v 3.63358745 86.96255877 72.8221789
v 2.89319612 85.90993524 75.08030749
v 3.38721164 86.62020402 72.44997224
v 2.77727108 85.54797929 74.71183382
v 4.20354841 88.19158557 70.36172468
v 3.50982076 87.57739476 69.56743212
v 3.90808934 87.86779824 69.96250485
v 4.00292235 89.15413572 66.80801465
v 2.75667155 88.23556823 66.33850419
v 3.51109798 88.77392594 66.56627057
v 2.5759931 89.04646418 64.42796374
v 3.46522857 89.49970283 64.64087018
v 3.33130719 89.40812305 63.14654006
v 2.34509689 88.90530526 63.07720968
v 2.12929562 87.69277384 61.47971221
v 3.0857823 87.86060233 61.38609939
v 1.9624694 84.47673282 59.47259416
v 2.85447142 84.94279837 59.26159022
v 2.05544661 80.26275627 57.99463638
v 3.00545306 80.69346945 57.71891129
v 2.30814566 75.53545164 56.82616863
v 3.44613976 75.70643847 56.61871164
v 2.84779877 69.94591158 56.18980795
v 4.24421706 70.17225708 55.93690091
v 3.28119503 64.89413431 55.16060712
v 4.90600012 65.10136325 54.93854826
v 3.70915273 59.58261232 52.52917358
v 5.56993812 59.75122702 52.39483396
v 3.79075673 58.3761305 51.76818385
v 5.70011525 58.52598423 51.6646444
v 3.87840022 55.01280294 49.20061323
v 5.84777014 55.12311218 49.19210298
v 3.84292706 53.98984377 48.19998598
v 5.79966289 54.09781239 48.2219158
v 3.63985986 52.19875299 45.76352612
v 5.51564397 52.30496314 45.87591791
v 4.86479694 50.82061367 42.70860231
v 3.20541107 50.72922744 42.50772906
v 4.38094193 50.1609638 40.7072938
v 2.902396 50.09051413 40.50218943
v 3.8720059 49.58116811 38.4023768
v 2.57818105 49.520399 38.21990443
v 3.64161195 49.5377376 35.60244859
v 2.43237484 49.44082691 35.39100954
v 3.558344 49.6505615 32.84028839
v 2.37997007 49.53860483 32.59081126
v 4.74803674 49.63214862 35.82138063
v 4.617914 49.77594074 33.16442831
v 5.80369783 49.64737766 35.99533074
v 5.59133791 49.89604458 33.46272539
v 5.68561503 50.13046072 30.98441643
v 6.50058344 49.81486406 33.65270275
v 6.56058434 50.15760891 31.29528684
v 7.03655777 50.3827496 29.08725653
v 6.2370472 50.36716346 28.66070245
v 8.1106955 50.80144458 27.16864694
v 7.49528937 50.8301682 26.69985967
v 9.70932577 51.55591658 25.72560041
v 9.2695577 51.67073302 25.27295442
v 8.89944484 51.58629663 24.65201182
v 8.61766864 51.43846545 23.88488247
v 11.13104639 52.78375806 24.44904402
v 10.8209607 52.76286052 23.83905432
v 10.58100509 52.62854492 23.14920745
v 12.56413028 54.06402344 23.44146092
v 12.28486125 53.99311464 22.71645674
v 11.88024149 53.67385401 20.86549408
v 13.73213815 55.41538366 22.5352327
v 13.30166354 55.14131501 20.63914108
v 14.87028735 56.85605356 22.52436082
v 14.4528647 56.63688746 20.51552631
v 14.13926807 56.32982206 18.13068613
v 15.38589903 58.12507795 20.46039269
v 15.12260924 57.85389607 18.04160451
v 16.11868878 59.57853311 20.3804575
v 15.91517333 59.39908967 17.99830004
v 16.52496498 60.94844876 17.9215757
v 16.16801136 60.69300417 13.87803983
v 16.97569946 62.7247158 17.69949883
v 16.5491844 62.53366997 12.88915169
v 16.8585349 65.31778877 12.47602017
v 16.83043846 68.06610302 12.26922336
v 16.2160991 67.51784963 5.4481272
v 15.89763819 69.66257047 5.36090608
v 14.59725248 73.49924988 5.61423623
v 13.75478815 74.96079931 5.18225372
v 12.80080527 76.18366322 4.30183384
v 12.39172108 75.63451465 -2.47875382
v 11.76489092 77.27237207 3.46089842
v 11.38432553 76.75360656 -3.05635818
v 10.30333098 77.81612971 -3.51166213
v 9.23629163 78.70910042 -3.66141307
v 9.20945251 77.91533001 -10.23260673
v 8.09614089 79.51078094 -3.77681016
v 8.09053541 78.76439308 -10.38091955
v 6.89362463 79.51912315 -10.48480484
v 6.97873769 78.98420135 -13.74374823
v 8.20494824 78.20158789 -13.62134128
v 5.62134887 80.15999703 -10.55641807
v 5.68328004 79.64887154 -13.82623109
v 7.02315021 78.68061687 -15.33509857
v 8.26161826 77.88451784 -15.19913552
v 5.72083687 79.36320181 -15.42859735
v 5.74924615 79.04804627 -17.01445023
v 7.0548071 78.35713712 -16.90984851
v 7.05242972 77.9960454 -18.48235085
v 8.30055583 77.20644009 -18.33358491
v 8.29907119 77.55175963 -16.75965269
v 5.74272392 78.67270077 -18.58614686
v 5.68955432 78.23561691 -20.14719517
v 6.98311285 77.57113277 -20.05763193
v 6.83137763 77.05961717 -21.63170069
v 8.03540254 76.31934494 -21.54378638
v 8.22733267 76.8145002 -19.93577713
v 5.57602973 77.72225883 -21.69686146
v 5.40491087 77.14258317 -23.23213894
v 6.60451974 76.45702744 -23.18118993
v 6.31440208 75.76948518 -24.67506393
v 7.41295054 75.02462773 -24.61409977
v 7.75017468 75.71299821 -23.10452561
v 5.19013118 76.49695002 -24.73210305
v 4.93543079 75.78963252 -26.17301601
v 5.99950124 75.04843604 -26.12079317
v 5.65803097 74.32346787 -27.51757343
v 6.61428583 73.54021224 -27.46507751
v 7.04013771 74.29462422 -26.07237833
v 4.65730619 75.06528251 -27.56621633
v 4.32643623 74.29305781 -28.93084306
v 5.2556378 73.58691437 -28.87009646
v 4.81326728 72.85696562 -30.38009974
v 5.59730274 72.13292094 -30.31639585
v 6.13514582 72.81419078 -28.81117134
v 3.96873841 73.50381784 -30.44203916
v 3.71035942 72.88514159 -32.1412816
v 4.48758833 72.28091267 -32.09081572
v 4.31644396 71.89070348 -34.00375681
v 4.96494774 71.20987701 -33.95399612
v 5.18986036 71.58883171 -32.02995058
v 3.57938408 72.47302585 -34.03798988
v 3.60143617 72.29561582 -36.134011
v 4.3357522 71.71104961 -36.12067997
v 4.61816532 71.79929325 -38.49426266
v 5.29517065 71.05237951 -38.48711777
v 4.96327855 71.01092952 -36.08218126
v 3.8347754 72.42771459 -38.493637
v 5.41343988 72.38535836 -41.35735012
v 6.20263633 71.48710475 -41.33904827
v 4.4863625 73.13585955 -41.37068565
v 6.04674801 72.79650785 -44.14415585
v 6.93271674 71.79170874 -44.11963935
v 5.00750127 73.63235692 -44.16385907
v 7.64645294 70.65131082 -44.09085572
v 8.16661983 69.40298291 -44.05856416
v 6.8346785 70.46698996 -41.31445375
v 7.29344911 69.35158378 -41.28616825
v 5.85072817 70.19572817 -38.46767561
v 6.29218307 69.25524849 -38.44620942
v 5.88385733 69.34359716 -35.94669385
v 5.47465273 70.21292198 -36.01884947
v 5.9503122 69.59461671 -33.75295482
v 5.51087383 70.43873634 -33.8713377
v 6.36032401 69.98607835 -31.82534585
v 5.81531804 70.82110745 -31.94668751
v 7.02074807 70.50607157 -30.14410968
v 6.3261427 71.34532016 -30.23611407
v 7.80284014 71.1558822 -28.73875765
v 6.98035287 72.00115301 -28.76466651
v 8.455853 71.91821028 -27.42557204
v 7.54627138 72.74468336 -27.43160664
v 9.04792419 72.71251483 -26.04700961
v 8.05103744 73.51923068 -26.03736205
v 9.55298133 73.45717423 -24.58940322
v 8.49330217 74.26348797 -24.57712697
v 9.98935475 74.11769732 -23.04664927
v 8.88314226 74.93566015 -23.05014219
v 10.34837517 74.66849933 -21.41624957
v 9.20766329 75.51822858 -21.45930649
v 10.59391301 75.0969469 -19.71653601
v 9.42353826 75.98063315 -19.81577832
v 10.69134659 75.4415335 -18.00261912
v 9.51375268 76.34642412 -18.16238353
v 10.67572445 75.7695407 -16.35133605
v 9.50721695 76.6783421 -16.56826346
v 10.58113487 76.09345781 -14.76676136
v 9.44788072 77.00913179 -15.01912231
v 9.36789976 77.33694469 -13.45796747
v 10.44449365 76.46492403 -12.85837928
v 10.30281109 77.05001838 -9.27583423
v 11.33748087 76.09955993 -8.41940008
v 12.31849192 75.03356485 -7.76228589
v 13.33015309 74.39143438 -1.8118908
v 14.1706759 72.93217456 -1.3762023
v 16.25111539 64.95132436 5.5865824
v 15.55603063 59.09821792 14.24530118
v 14.73492147 57.53651994 14.3329034
v 13.73425521 56.02255261 14.44237542
v 12.95235744 54.8368483 18.27608367
v 11.54704817 53.42131907 18.48825791
v 9.9484344 52.14535083 18.76856222
v 10.19641189 52.32373012 21.21468764
v 8.29628495 51.20649196 21.70553676
v 6.28705396 50.39169797 22.28143442
v 4.38984379 49.8798973 22.80103416
v 2.75839214 49.60930657 23.17167741
v 2.982557 49.45102661 19.97117301
v 4.64187198 49.77762419 19.74614336
v 6.3987567 50.30609728 19.44381322
v 8.20606528 51.08570394 19.1019896
v 8.13403194 51.0561461 15.10392479
v 9.73305981 52.04756691 14.91503672
v 11.22466521 53.23136271 14.73563116
v 12.56396824 54.57334245 14.57646897
v 14.00402072 57.19932055 5.45672748
v 15.47543077 60.30360894 5.64512642
v 15.95398412 62.23586428 5.73009244
v 15.8739364 67.06311846 -0.58374924
v 15.53702509 69.21718415 -1.02287064
v 15.53696658 68.58021018 -6.0147239
v 14.09851877 72.35264819 -6.81948022
v 14.37236836 71.74287155 -10.26216494
v 13.24507904 73.81125159 -7.21524313
v 13.4497888 73.23183024 -10.81519692
v 12.46174014 74.48853562 -11.40081903
v 11.46363431 75.54302865 -12.07746221
v 11.63212297 75.13777723 -14.36653922
v 11.77380403 74.79349671 -16.13778538
v 11.80729366 74.48827531 -17.8904792
v 11.71853238 74.16622844 -19.67922599
v 12.82710574 73.13900289 -19.76506075
v 12.55670856 72.782939 -21.55987515
v 13.67125951 71.67680228 -21.79770694
v 14.00565615 71.9439391 -20.04549146
v 11.46160202 73.76147289 -21.44115468
v 11.06557954 73.23207856 -23.09762978
v 12.1417128 72.29125116 -23.22888307
v 11.61083083 71.67977907 -24.76504728
v 12.62824753 70.68562154 -24.92286212
v 13.20145197 71.24214906 -23.41710197
v 10.58152498 72.59616199 -24.64795324
v 10.02059828 71.86929131 -26.10361361
v 10.98663911 70.9786132 -26.20063833
v 10.24473595 70.18463874 -27.51884877
v 11.14726344 69.26317247 -27.61360189
v 11.95272121 70.02866339 -26.3287783
v 9.35300082 71.06592435 -27.45655526
v 8.61893423 70.27681905 -28.73674261
v 9.40396933 69.38246009 -28.75211569
v 8.44425867 68.71425459 -30.03087466
v 9.17365902 67.75628665 -29.98934816
v 10.20356804 68.46340046 -28.78942758
v 7.72579922 69.62619445 -30.06942438
v 6.85174402 69.10066139 -31.6829356
v 7.33724122 68.16935289 -31.54635439
v 6.73837772 67.72643323 -33.58074067
v 6.30820694 68.69558289 -33.61891829
v 6.18951048 68.41367991 -35.86663412
v 6.52520196 67.4122205 -35.88491497
v 6.75310938 67.17482682 -38.39211859
v 6.70803218 66.05953627 -38.35981502
v 6.60909745 68.24532853 -38.42496679
v 7.64298027 66.94196303 -41.21962561
v 7.52239255 65.69502937 -41.18515547
v 7.56964833 68.16924336 -41.25584221
v 6.43114728 64.9315276 -38.34401433
v 5.88289482 63.86050905 -38.38059403
v 5.1526385 62.90121434 -38.38477264
v 4.91324254 63.13050465 -36.05106451
v 3.97971382 62.38395672 -35.97925848
v 5.01668146 63.01869623 -34.18715642
v 9.90275405 66.7485899 -29.89730926
v 11.04744798 67.50829528 -28.8532665
v 12.06371163 68.28725977 -27.72563658
v 11.94831754 66.46922184 -28.91360349
v 13.01815738 67.22445604 -27.84172836
v 13.9337751 67.89249313 -26.64305461
v 12.933721 69.001113 -26.47956527
v 14.70338761 68.43318846 -25.33803267
v 13.6621641 69.6020343 -25.12455308
v 15.36437433 68.82956578 -23.97046365
v 14.28279912 70.09147716 -23.68441058
v 15.92762063 69.07340442 -22.55960291
v 14.80409281 70.41970792 -22.16020754
v 16.4141186 69.1551082 -21.12580183
v 15.22925601 70.58768458 -20.55667509
v 16.85167959 69.04681287 -19.70672866
v 15.59758865 70.55221667 -18.90829501
v 17.31252525 68.66957949 -18.33825753
v 16.03565677 70.17995262 -17.25216275
v 16.76046591 69.1740796 -15.85107165
v 17.89824901 67.85658336 -17.04214439
v 15.90783189 67.93972002 -8.93943194
v 15.87232348 66.46756934 -5.35560142
v 15.89212122 64.46489947 -0.28843195
v 15.52377808 61.55314467 -0.07881739
v 14.81778694 58.69483299 5.31860087
v 13.03703839 55.77534108 5.57707738
v 11.92036813 54.44589266 5.67874433
v 10.67135154 53.23175282 5.76052501
v 6.48228684 50.27644942 15.28495377
v 4.82065299 49.70736356 15.44305668
v 3.17213 49.32263758 15.56214625
v 6.3139002 50.5098813 5.90619863
v 9.30227687 52.1633316 5.82392732
v 13.6829296 57.07649799 0.52358329
v 14.46145598 58.51620163 0.3576348
v 15.07278403 60.01314245 0.15417787
v 15.34752786 60.99570453 -4.76580933
v 15.84584596 63.83795765 -4.91657229
v 16.22242178 63.1625764 -7.43843855
v 16.24293672 65.80409178 -8.14045739
v 16.81297983 65.21796933 -9.78463336
v 16.47847966 67.34743295 -10.71612678
v 17.21731151 66.70399451 -12.0234809
v 17.54297734 64.60631008 -10.97688053
v 18.39589193 63.95294255 -12.04815869
v 18.10561898 65.93451104 -13.19466924
v 19.02856464 65.06328203 -14.345786
v 19.27444682 63.22474726 -13.12875864
v 19.90688697 64.15019797 -15.53869546
v 18.86071665 66.60196934 -18.13903397
v 19.52690674 65.58494528 -19.20715586
v 20.65446764 63.23686559 -16.83490945
v 21.02501186 62.41563949 -18.31991704
v 19.69434063 65.03928968 -20.35369754
v 19.53237869 64.78363443 -21.59844812
v 21.13312752 61.79486006 -19.88817963
v 19.1374335 64.66648925 -22.91873661
v 18.57435224 66.22149661 -21.83116131
v 18.10902939 66.18502157 -23.08098662
v 17.52419836 66.08004793 -24.37746604
v 18.56272415 64.57592484 -24.28522159
v 17.53938388 67.68879013 -21.61441085
v 17.03833807 67.6587998 -22.91233816
v 16.45593468 67.49245765 -24.23279844
v 15.76945621 67.16892332 -25.53644827
v 16.81543748 65.82613337 -25.65225497
v 15.95270278 65.3935327 -26.86995376
v 16.92393874 64.05287931 -26.87407985
v 17.82308509 64.4211483 -25.63346999
v 14.94821051 66.68278245 -26.78350084
v 13.98688618 66.07188051 -27.9501591
v 14.9545722 64.83131566 -28.02420673
v 13.80271686 64.15854332 -29.05317049
v 14.67937525 62.90057386 -29.07571847
v 15.88606712 63.53464194 -28.0452303
v 12.88340516 65.36042192 -28.99552821
v 11.63061507 64.57836061 -29.85063188
v 12.51786702 63.41388392 -29.9050123
v 10.74357768 65.68526403 -29.84656881
v 10.27050003 63.77726825 -30.50662678
v 8.77114883 63.03889683 -31.09566942
v 11.09669479 62.63099439 -30.51182415
v 13.31977334 62.1896374 -29.90974455
v 21.01550835 61.30962112 -21.51981153
v 20.64144869 60.90135202 -23.15250608
v 21.32483784 60.91892355 -17.13114367
v 21.56264938 60.25271245 -18.79592085
v 20.82096828 61.67517915 -15.62431786
v 20.10831536 62.46226248 -14.30268056
v 18.39772542 61.47184637 -10.86344033
v 19.26143837 60.8385405 -11.83158078
v 17.55135106 62.06622275 -9.92933997
v 16.81282229 62.61771981 -8.89802246
v 16.40882669 59.82138562 -8.13395767
v 15.81765198 60.30894961 -7.06995812
v 15.26636535 58.82075236 -6.87618775
v 14.80681453 59.49180225 -4.6263061
v 14.20286693 58.1271485 -4.39085243
v 13.47497448 56.82782807 -4.19597703
v 12.75668457 55.70406018 0.64578318
v 11.67716566 54.41518853 0.72157727
v 10.45886521 53.23123668 0.75341721
v 7.84385202 51.24980544 5.87105031
v 4.75006003 49.94144361 5.93081715
v 3.17095219 49.53789064 5.94663435
v 6.12844879 50.57369021 0.64933762
v 7.65688295 51.29617373 0.70736701
v 9.10597158 52.19365163 0.74447634
v 10.53411391 53.32920665 -3.94867022
v 11.65660271 54.41918558 -3.95495839
v 12.62725576 55.59324081 -4.04514504
v 13.07883497 55.10258674 -6.22356125
v 13.90980024 56.27016625 -6.39751212
v 14.63735511 57.51729084 -6.62820727
v 15.24799148 56.95084869 -7.51899715
v 14.50206874 55.70958165 -7.27011643
v 15.87426499 58.28537445 -7.80933612
v 16.6612416 57.695202 -8.56614648
v 16.03626743 56.31421793 -8.21903697
v 17.17361843 59.25862019 -8.97315487
v 18.04288735 58.63232379 -9.73825081
v 17.54831275 57.07862256 -9.27832977
v 18.40881936 56.49401959 -10.07008365
v 17.78003868 55.03068768 -9.64055354
v 16.91899793 55.64709908 -8.89186933
v 18.90829276 57.9909424 -10.54788381
v 19.70991475 57.41962095 -11.55778802
v 19.24171414 55.93635776 -11.01573483
v 20.063569 60.17643223 -12.93610757
v 20.77786035 59.50153383 -14.21548471
v 20.44899117 56.87151441 -12.77388457
v 21.36644237 58.83759658 -15.70395953
v 21.75173551 58.20810996 -17.39920473
v 21.12458126 56.3405199 -14.25852029
v 21.54507672 59.72883396 -20.57753062
v 21.22353099 59.31924001 -22.38048243
v 20.04783883 60.48577936 -24.72434149
v 19.22891725 60.00572448 -26.18403793
v 20.02760747 55.40944208 -12.17027288
v 18.64420325 54.46585996 -10.51026434
v 17.06427244 53.63158481 -9.22944381
v 15.35246417 53.09330812 -8.2463067
v 16.18971461 54.30472924 -8.54012584
v 14.46523848 53.85495802 -7.70248904
v 15.29945662 55.03191201 -7.92866575
v 13.67165111 54.55397532 -7.0753498
v 13.53031215 52.78798318 -7.54019327
v 12.74616829 53.49532469 -6.94607478
v 12.16332303 54.00859875 -6.0939719
v 11.70079017 52.52540158 -6.90001557
v 11.11387584 53.00968195 -6.05174096
v 9.8801408 52.12345703 -6.1252657
v 9.23815737 52.3202672 -4.04002344
v 7.7728832 51.41455511 -4.24357189
v 6.18533975 50.66258578 -4.55711676
v 4.57917786 50.01504412 0.58158566
v 3.03116801 49.6377061 0.52245499
v 5.59355212 80.79131038 -3.92477188
v 6.8774871 80.20683945 -3.86194723
v 5.74163988 81.21115768 2.41583539
v 7.07459585 80.63049175 2.47635694
v 6.18925166 82.09342755 12.59933786
v 7.65258431 81.50553571 12.73126183
v 6.38276471 82.87794951 16.57473767
v 7.931515 82.31034905 16.78356903
v 6.51253786 83.69031286 19.0461478
v 8.08274009 83.11429216 19.31605135
v 6.54097565 85.74439336 23.68414726
v 8.12224481 85.31855047 24.02328515
v 6.2630611 87.86575169 26.77396431
v 7.77061085 87.504744 27.18362091
v 5.23451182 90.60003751 30.97596619
v 6.42001283 90.16336475 31.49851271
v 4.58406653 94.07354827 34.60890922
v 5.65756959 93.76794426 35.02968676
v 4.39285322 97.97075036 37.07843185
v 5.43809292 97.69937942 37.47767568
v 4.40527088 101.28510193 38.62298328
v 5.45287971 101.03196683 39.04634751
v 5.46059175 103.53094827 40.17023543
v 4.40941085 103.81027431 39.73537816
v 5.44548613 104.71386184 40.75028319
v 4.39582775 105.01256102 40.31372747
v 5.4434272 105.91282366 41.31698942
v 4.38997058 106.23274447 40.88961613
v 5.45532611 107.1276657 41.87240665
v 4.39268292 107.47264915 41.4647906
v 5.4837819 108.35764374 42.41984777
v 4.405257 108.73195096 42.04722699
v 5.53652988 109.60563856 42.9530291
v 4.43359089 110.01703562 42.63040758
v 5.62858116 110.87328259 43.46990412
v 4.49490127 111.32783109 43.23122085
v 5.78235092 112.1600837 43.96685985
v 4.5968698 112.6757524 43.8482024
v 6.32038417 114.56925433 45.23212725
v 6.91326933 111.61090212 44.25282966
v 7.46359197 113.98547958 45.3081314
v 8.53458562 113.38583663 45.60776683
v 8.91653362 114.50422109 46.21415557
v 7.87567395 115.09403344 45.99586571
v 9.40489057 115.65508617 46.86716467
v 8.42257493 116.21834748 46.73062848
v 9.50831299 118.63117908 48.10295826
v 10.43927752 118.15935801 48.184946
v 10.83686791 119.53276207 48.78848998
v 9.94725509 119.95394172 48.71090142
v 8.97842802 120.37875833 48.86459016
v 10.33909596 121.31944769 49.34705205
v 9.44276811 121.64925912 49.57148154
v 8.51154101 121.96497881 50.00798925
v 9.82389689 122.93956516 50.29994264
v 8.94550329 123.15847919 50.73342555
v 8.07237534 123.30029678 51.27324465
v 9.35743674 125.11541794 52.2119895
v 8.11583586 125.25883196 53.07092518
v 8.67454872 125.1661914 52.62374665
v 8.55686052 126.08726756 53.5862938
v 8.22021253 126.22355169 53.96367384
v 7.95134876 126.32861554 54.35114855
v 8.80931144 126.94688743 54.34009362
v 8.57857278 127.05408785 54.65356872
v 9.15569401 127.65960036 54.94536607
v 8.91973021 127.63434566 55.5317335
v 9.38103275 128.11049988 55.73591963
v 9.43844396 127.9460803 55.98155274
v 9.85556129 128.34386575 56.1511577
v 9.98685734 128.103406 56.31568531
v 10.2505815 128.82118427 56.0194948
v 9.81861024 128.51357873 55.90832133
v 10.02920607 128.53125942 55.33363299
v 9.61300624 128.1331979 55.16438813
v 9.82080757 128.04630687 54.90603164
v 9.36437908 127.56367093 54.66654416
v 9.60794315 127.45711868 54.39466008
v 10.06297552 127.93939453 54.63915289
v 9.89456037 127.37074379 54.14154899
v 10.3407584 127.80656732 54.3494561
v 9.06912782 126.81592071 54.02893514
v 9.38609284 126.68311751 53.71439176
v 9.00041935 125.96515919 53.21076225
v 9.53290375 125.88039272 52.86024534
v 10.20139996 125.86949383 52.57156881
v 10.83026991 125.04618359 51.648044
v 10.80416224 125.89250393 52.40708921
v 11.45000845 124.95841632 51.58032205
v 11.35207899 125.86392436 52.3387431
v 11.28186187 126.59240946 53.00171484
v 11.83071336 125.7573241 52.40762936
v 11.71124269 126.53479419 53.04423011
v 11.19281177 127.22389686 53.56156725
v 12.23216803 125.63312718 52.55649282
v 11.96108742 124.81794308 51.66596475
v 12.75421492 124.52908651 52.10423693
v 12.40032661 124.66587477 51.85070573
v 12.92196389 121.84222227 50.78940839
v 13.29115775 121.73199705 51.13830488
v 13.77700454 121.61167716 51.855519
v 13.27101341 120.11778515 50.6422974
v 13.80419775 119.99167972 51.45550096
v 13.80986925 118.28934046 51.10498405
v 14.02284321 118.27556081 51.59903501
v 14.24042039 116.53411518 51.96968126
v 14.06817773 116.5375841 51.40233887
v 14.09832522 113.24006999 51.82467082
v 14.23309394 113.22511402 52.6307325
v 13.98604145 111.85095076 51.69395617
v 14.15892928 111.80987287 52.57911881
v 14.57249441 110.35697773 52.3364925
v 14.24593885 110.43619873 51.35875532
v 14.90847398 108.85388829 52.04141828
v 15.1307669 108.75418686 53.2120886
v 14.89313241 108.69693168 54.46358235
v 15.39931259 107.61975114 52.99750172
v 15.28509931 107.55770669 54.3532251
v 14.99604019 107.44435164 55.66692534
v 14.51317919 108.64502392 55.65366782
v 14.65303426 107.26694762 56.9399468
v 14.00087889 108.51772718 56.79644275
v 13.98203089 106.98797867 58.0890414
v 13.37700001 108.26199939 57.92634427
v 13.25196136 106.65593465 59.11922648
v 12.77023617 107.88148052 59.0238552
v 12.61332157 106.26969926 60.1857332
v 12.30004603 107.42445937 60.14470632
v 11.37354593 109.72705375 59.99609493
v 12.01703125 105.8692251 61.33222911
v 12.79759142 105.2482555 60.15259241
v 12.1407653 104.77099098 61.28482255
v 12.92008389 104.2599135 60.05227582
v 12.09799196 103.71230734 61.09418201
v 13.09112923 103.24817131 59.94202059
v 12.10236562 102.64911651 60.86897231
v 13.56653475 101.98660089 59.77675478
v 12.20723517 101.51907095 60.64611524
v 13.93205564 100.38481228 59.27232107
v 12.51656017 100.03650395 60.33133779
v 14.09609713 98.27507303 58.24664318
v 12.83496632 97.84905009 59.40667868
v 11.34736624 97.70317543 60.24933806
v 11.68890927 94.62185362 58.73333619
v 12.84255834 95.02157458 57.8129022
v 12.06689622 91.29763843 55.35496264
v 10.11216381 90.45136009 56.89075175
v 11.22079944 90.81138053 56.31615344
v 10.59782305 84.81676946 54.44916653
v 9.39487542 84.32456999 55.02689168
v 8.21533474 83.68045374 55.65500618
v 7.02088086 83.05469337 56.22392699
v 5.91670366 82.35867386 56.66811074
v 3.91806136 81.23356011 57.37188129
v 3.76711047 85.35573483 59.12276142
v 4.87686839 81.77821349 57.02650774
v 4.55815991 75.9983356 56.27705908
v 5.6384579 76.40938906 55.79555144
v 5.66335213 70.35176204 55.67826234
v 7.05090607 70.65758886 55.2706643
v 6.51045155 65.38773516 54.62976641
v 8.08358632 65.76085407 54.22314662
v 7.43101758 60.00432611 52.19193218
v 9.27651879 60.36775845 51.89760216
v 7.61833624 58.75454882 51.50198929
v 9.52879191 59.09705961 51.2485181
v 7.8490689 55.26808061 49.17871343
v 9.87677091 55.48497811 49.11255189
v 7.79798786 54.21568364 48.27056469
v 9.83645072 54.36006991 48.30853076
v 7.46551322 52.42384265 46.06013074
v 6.61530385 50.94170176 43.01217478
v 5.88665182 50.24098902 40.97193995
v 6.39494343 49.70052775 38.62890685
v 5.17019503 49.69457117 38.53773669
v 7.59342588 49.51031333 38.62592406
v 6.80199009 49.47235326 36.07512189
v 8.63982877 49.02115666 38.45137379
v 7.68859311 49.0507415 36.0411949
v 7.27140002 49.42648911 33.71190544
v 8.39810944 48.39937684 35.92362373
v 7.89263895 48.79320423 33.67384635
v 7.88959464 49.23271574 31.51890311
v 7.31971132 49.84156814 31.46238013
v 8.28788872 49.57829335 29.45898907
v 7.74684005 50.1047559 29.34321238
v 9.18045133 50.09047212 27.60948479
v 8.69817023 50.53847287 27.48053161
v 10.57134553 50.85174392 26.13490591
v 10.14176815 51.24831104 26.02115476
v 12.30508211 51.94418951 25.38810394
v 11.89657782 52.35626474 25.27143902
v 11.49727172 52.65512596 24.9499548
v 13.6991369 53.5711968 24.98024783
v 13.28281854 53.8530195 24.58771678
v 12.90032065 54.02345268 24.06970446
v 14.84807096 55.17550607 24.61805482
v 14.42763551 55.35407141 24.02014032
v 14.04353069 55.44022424 23.32738268
v 15.63561923 56.71353978 24.20139137
v 15.21595198 56.83423177 23.40301473
v 16.10732027 58.15056671 23.55704856
v 15.75977564 58.25099733 22.59830942
v 16.46351619 59.56502316 22.71975461
v 17.06215088 60.92599793 22.88436325
v 16.71557551 61.04424803 20.35222302
v 17.22022078 62.80165226 20.38328725
v 17.70388149 65.55153039 20.6294095
v 17.33042199 65.58699557 17.54539898
v 17.3953487 68.30166134 17.60816962
v 16.52242181 70.10267051 12.1875417
v 15.29587817 74.1093251 13.13764156
v 10.66924873 78.24844081 2.83130603
v 8.34635022 79.94128105 2.5524361
v 9.54577417 79.14484593 2.64822149
v 9.05533991 80.79285279 12.89116822
v 10.36896213 79.94430586 13.08026935
v 9.44640883 81.63579424 17.03966592
v 10.87402151 80.77347965 17.36838506
v 9.60344945 82.40421393 19.66423965
v 11.03929032 81.51458611 20.10259285
v 9.64589796 84.76214298 24.47491687
v 11.08600145 84.09408189 25.04282342
v 9.23473947 87.07110505 27.689489
v 10.51152992 86.57361817 28.4054998
v 7.61162721 89.75850343 32.0624492
v 8.77137164 89.33617748 32.69451875
v 6.71315379 93.45165442 35.56983595
v 7.7493007 93.11329073 36.17415414
v 6.44869143 97.41066689 37.99821167
v 7.42795977 97.1142123 38.60470244
v 6.46529633 100.69333307 39.54052451
v 7.44893683 100.35428519 40.11614309
v 7.45679891 102.84757112 41.2784352
v 6.47816825 103.20743851 40.68671434
v 7.44478073 103.99918039 41.84602966
v 6.46363614 104.37341559 41.26219489
v 7.45463159 105.16040421 42.38835142
v 6.46697828 105.5523321 41.81719801
v 7.48732451 106.32946611 42.90591061
v 6.48931845 106.74303574 42.35275598
v 7.54658722 107.50508174 43.39714083
v 6.53408057 107.94424216 42.86937293
v 7.63970865 108.68635088 43.8576189
v 6.60949206 109.15640748 43.36127532
v 7.77780451 109.87192915 44.28274159
v 6.72906701 110.37951971 43.82136929
v 7.97555993 111.06000409 44.67618788
v 8.76714426 109.36533486 44.84394435
v 8.96488918 110.52176941 45.21965595
v 9.50096029 112.8130808 46.08063218
v 9.88403958 110.00853737 45.86188019
v 10.37011744 112.30562228 46.67549787
v 10.69964679 113.46885063 47.15146004
v 9.86244961 113.95764421 46.62169961
v 11.08765864 114.67994768 47.68594972
v 10.27520002 115.13516835 47.20378191
v 11.22169292 117.73301699 48.4354464
v 11.90530414 117.36681192 48.79187488
v 12.21343707 118.87750838 49.32717478
v 11.55629737 119.18530597 49.00792615
v 12.39708575 120.43572543 49.88496864
v 11.80023654 120.69000084 49.6003732
v 11.13395567 120.98356266 49.39113373
v 11.98258887 122.18313664 50.24263945
v 11.35723885 122.44316157 50.06742301
v 10.6415949 122.69672879 50.06772909
v 10.13047316 125.09448439 51.86467743
v 12.50202582 121.98132715 50.49963958
v 12.87491741 120.25486149 50.23006012
v 12.7492576 118.64511477 49.71936674
v 13.19057559 118.4626424 50.17630387
v 13.80944014 116.57486599 50.81468709
v 13.02369835 116.82358392 49.71809441
v 13.46846575 113.48888395 50.26156847
v 13.83378709 113.33526722 51.01636456
v 13.67711856 111.96664943 50.82287927
v 13.74422235 110.5586942 50.47184021
v 13.12325725 110.75419303 49.66458422
v 13.04583822 109.04382964 49.18122809
v 13.7881525 108.97362003 50.04712563
v 14.43403171 108.91891553 50.9897595
v 13.78182682 107.58137397 49.64696955
v 14.49869585 107.6086722 50.64727872
v 15.08573396 107.62624486 51.75361199
v 14.45944395 106.49624432 50.32484325
v 15.13740166 106.57867017 51.46566766
v 15.53841746 106.62343903 52.75272083
v 15.10085947 105.63879102 51.14899371
v 15.55205158 105.69364256 52.44167638
v 15.60274101 105.66654238 53.90685678
v 15.51439159 106.5753933 54.19490913
v 15.61341484 105.54382485 55.34145906
v 15.36801129 106.45918749 55.58399536
v 15.36290844 105.31902026 56.71801396
v 15.04885269 106.26352663 56.90429735
v 14.73784124 105.02738795 57.97915227
v 14.37822892 105.9869103 58.09612928
v 13.84214881 104.69010454 59.07115374
v 13.54957425 105.65516936 59.1189144
v 15.14759086 104.01370424 57.73949674
v 14.27051086 103.64370316 58.94280372
v 15.55375303 102.86142579 57.29524698
v 14.72046364 102.41660888 58.62150255
v 15.91464069 101.48325646 56.57710861
v 15.06590321 100.88551001 57.98181098
v 16.25247325 99.76552012 55.57147004
v 15.22221164 98.9260806 56.95869577
v 15.74444458 97.08508058 54.16049001
v 13.82849819 95.63537229 56.65394698
v 14.86354757 96.40956251 55.47951966
v 12.84321101 91.86532291 54.29197286
v 13.56728795 92.46237318 53.20927386
v 13.21178971 86.41690163 51.85128188
v 12.4872364 85.83911047 52.83995996
v 11.6324118 85.30078427 53.72864553
v 6.70462778 76.90142049 55.18548972
v 7.85401346 77.41611468 54.53253463
v 8.36087332 71.15162932 54.67629074
v 9.60885164 71.80194521 53.93494422
v 9.61332057 66.22426691 53.70919438
v 11.08778018 66.77542301 53.07789903
v 11.08238324 60.86240357 51.48625312
v 12.82065403 61.49406501 50.93134602
v 11.40656443 59.57992361 50.87224235
v 13.21788433 60.21524602 50.3378667
v 11.90919167 55.8583971 48.89526429
v 13.95311223 56.43233524 48.48022427
v 11.85298302 54.7044472 48.1204529
v 13.9552953 55.25617346 47.74199258
v 11.49079151 52.79094197 46.20118013
v 16.34342436 53.91043672 45.68207853
v 16.09427581 56.02486922 47.14964756
v 18.20443218 56.82951452 46.23360073
v 18.73389703 54.82549029 44.94949433
v 20.02355039 57.77620847 45.02986164
v 19.4550617 59.34975397 45.93352118
v 20.84602342 60.42922449 44.57082395
v 21.4733232 58.80015903 43.57364762
v 17.7929571 58.26713411 47.01613616
v 21.94473467 61.47776488 42.97473686
v 17.92909719 62.73710796 47.54464226
v 20.15848866 64.72068496 44.7275615
v 20.93425581 65.67825651 43.08942726
v 22.54274369 62.44676243 41.1128393
v 19.15056348 63.73085701 46.22834934
v 21.45318186 66.59627496 41.36189932
v 19.03624218 66.79052676 45.83698559
v 20.38427001 68.73721405 42.76048606
v 20.7942582 69.55252042 41.07890631
v 21.70487058 67.46197219 39.58948549
v 19.7915844 67.82085289 44.35723333
v 20.94928679 70.35880603 39.41360286
v 18.68313407 72.01382912 44.80662046
v 19.38104858 74.58218445 40.3530739
v 20.74480809 71.36043967 37.93638328
v 19.12456009 72.85522291 43.29849868
v 19.27930961 75.43181842 38.90232733
v 19.34259038 73.71959154 41.81766614
v 19.09887778 76.2218536 37.39996708
v 18.79407648 77.00870568 35.87874983
v 17.6729868 79.3084553 41.36390986
v 16.98606871 81.4164856 37.23363899
v 18.37582111 77.77348391 34.3511559
v 17.44770808 80.09509133 40.00181279
v 16.71882687 82.03079645 35.81313444
v 17.25644938 80.75914035 38.62211905
v 16.09941017 82.71181347 34.50123168
v 14.76431876 85.90880394 39.104779
v 14.30787527 86.46317389 37.95105117
v 12.94179614 87.52313437 35.84515293
v 14.63252683 84.03930237 32.12151986
v 12.02792939 88.03185172 34.93509269
v 11.01381582 88.51806311 34.10623697
v 9.92359082 88.94890082 33.3575355
v 10.51475578 91.96347293 38.4551548
v 8.72496958 92.77547918 36.87799072
v 9.64189265 92.40343155 37.6494052
v 8.38632307 96.76954394 39.24277358
v 9.31294545 96.36497969 39.91230506
v 8.39008081 100.01520731 40.77990705
v 9.2809067 99.61245554 41.49186978
v 9.27930053 102.04610666 42.67106836
v 8.3921191 102.45829593 41.94042868
v 9.27728324 103.17552505 43.22094612
v 8.38423301 103.59809407 42.49916479
v 9.30300681 104.31089102 43.73912348
v 8.40111174 104.74439793 43.02973544
v 9.355577 105.44915275 44.22575648
v 8.44401936 105.89591118 43.53052019
v 9.43676352 106.58902291 44.67917668
v 8.5151067 107.0507373 44.00164507
v 9.54932111 107.72918115 45.0995101
v 8.62031384 108.20776001 44.43944913
v 9.69636158 108.86963946 45.49256029
v 10.42635534 107.25675992 45.83374473
v 10.56742649 108.39139669 46.21643018
v 10.73712222 109.53035461 46.58316339
v 11.38227824 107.95070587 47.01271526
v 11.53533756 109.15150118 47.38688444
v 11.1853953 111.8507257 47.35170912
v 11.91508748 111.45357642 48.08087241
v 12.17862334 112.67912529 48.45171671
v 11.47855051 113.04481423 47.76350828
v 12.45968609 113.9602489 48.84699349
v 11.81123595 114.28703552 48.23201047
v 12.49225673 117.07088547 49.22032846
v 13.26513635 112.14092663 49.99212705
v 12.99161085 107.59401032 48.73564598
v 12.95075352 106.46276744 48.32725572
v 13.75492769 106.42005412 49.25501765
v 13.70754813 105.45221356 48.86652267
v 14.34765681 105.53140455 50.00569064
v 13.56811317 104.53923355 48.5286391
v 14.27868803 104.61995494 49.62267511
v 15.02923949 104.71359477 50.75553541
v 14.20753467 103.62302468 49.14967773
v 14.96868044 103.69598002 50.24578429
v 15.62233921 103.74400475 51.4390326
v 15.59717754 104.77286648 52.00644101
v 15.96404879 103.73017708 52.80509672
v 15.77002486 104.75545886 53.43480164
v 16.09415128 103.6484084 54.33007696
v 15.83376625 104.62578249 54.92725927
v 16.02088086 103.28912617 55.84734517
v 15.6815329 104.34878206 56.37805985
v 16.3432143 102.33298571 53.46391536
v 16.38557053 102.10097621 55.08633143
v 16.38873037 100.59503601 52.44518131
v 16.4378924 100.25031963 53.96839709
v 16.25878692 97.64598327 52.65732555
v 15.94185041 98.07585322 51.2760894
v 14.04866055 92.94479006 52.10591138
v 14.36273431 93.22001702 50.99258625
v 14.45138081 88.01261512 48.63769401
v 14.24227338 87.5435968 49.72814107
v 13.81895716 87.00252337 50.80816937
v 13.05757133 80.33932757 50.44326064
v 12.25486155 79.72919683 51.34198687
v 11.29834524 79.12769489 52.18752701
v 9.02036789 77.97285076 53.77814666
v 10.18553926 78.54771914 52.98003109
v 10.83514996 72.49075455 53.11320039
v 12.05230335 73.14141628 52.2425796
v 12.49584268 67.40563807 52.31617711
v 13.82266765 68.10576566 51.40310707
v 14.46555507 62.24747473 50.21212737
v 15.86370519 63.35698068 49.39399649
v 14.93107747 60.9866125 49.6252858
v 16.51439318 61.81861005 48.68780129
v 15.94683023 57.21242202 47.81926306
v 18.1373614 65.66441478 47.17906735
v 17.09876508 64.48294386 48.3671603
v 16.16164967 69.6262676 49.11396826
v 17.16827251 70.39668394 47.74919449
v 18.0291062 71.1924829 46.29023774
v 17.19166971 77.1093126 45.41928087
v 17.47521337 77.91251676 44.07741516
v 17.64367803 78.60769004 42.73095824
v 15.46696852 84.30771602 42.67147047
v 15.30287452 84.82304262 41.48144501
v 15.07632947 85.35627497 40.29116149
v 12.63238562 90.60652223 41.16825799
v 11.32034632 91.52179185 39.32349498
v 10.18618143 95.9115805 40.62319951
v 10.98039221 95.49179923 41.41493538
v 10.1229059 99.17540769 42.22768883
v 10.9136065 98.8148021 43.0239319
v 10.91458251 101.5429933 44.34221735
v 10.12042124 101.72401028 43.47180662
v 10.93232997 102.62913721 44.87320211
v 10.12623229 102.82942231 44.01209985
v 10.97830441 103.68750877 45.3677452
v 10.16067842 103.92447258 44.51790193
v 11.04893713 104.72836468 45.8257026
v 10.22183538 105.01871565 44.98987904
v 11.14172623 105.76717705 46.24800455
v 10.31039935 106.12683439 45.42755106
v 11.24987564 106.82805127 46.64346738
v 12.88649148 105.48308875 47.93329929
v 12.79396496 104.52392649 47.54203757
v 12.69835211 103.5144529 47.10111869
v 13.46026908 103.54272339 48.09502416
v 13.36535692 102.38141255 47.55027175
v 14.0925877 102.40523886 48.56486471
v 13.295881 100.89904059 46.83021888
v 13.95251807 100.85300239 47.83795201
v 14.62049364 100.84796105 48.8771935
v 14.83323053 102.45785181 49.62590997
v 15.28204 100.76844298 49.93038868
v 15.52754108 102.46449557 50.75399901
v 15.89169061 100.70689966 51.11199991
v 16.06154914 102.44208563 52.02088084
v 15.38017802 98.2010374 50.03917952
v 14.84838605 98.35663465 48.92551831
v 14.3362898 93.48504427 49.85477464
v 14.11012735 93.70604085 48.69004589
v 14.2231088 88.7922653 46.43950931
v 14.42317783 88.4270985 47.54083725
v 15.11120922 82.12989922 47.44849077
v 14.56313643 81.51054854 48.5467519
v 13.8338141 80.92217807 49.53756055
v 13.24574371 73.69581024 51.34552781
v 14.28458309 74.35772195 50.30906506
v 15.04904924 68.85526234 50.33816078
v 15.96904361 75.80363498 47.95123804
v 16.7159161 76.3152496 46.73873663
v 15.44217745 82.73141467 46.28602462
v 15.58379549 83.29471049 45.08999758
v 15.56938567 83.81970866 43.87869048
v 13.58157924 89.48849786 44.32776552
v 13.28426943 89.81021914 43.2676385
v 13.03982013 90.18108145 42.1887265
v 12.28728214 94.73197381 43.1861429
v 12.40017282 98.24638842 44.71218543
v 12.58616737 100.98648077 45.87854661
v 12.61701105 102.37262922 46.56797937
v 13.07466987 98.22379243 45.70624093
v 13.74599282 98.44295253 46.80516824
v 14.31260152 98.63832532 47.94455827
v 13.20878742 94.29744062 45.2621172
v 13.83007361 93.93167066 47.5330772
v 13.54248037 94.16261488 46.39763621
v 13.93110739 89.12957421 45.36327402
v 15.17771435 75.08502249 49.15941831
v 12.78661451 94.46232233 44.18616399
v 12.71354514 85.3729699 30.13923039
v 13.64033781 84.73685828 31.12566087
v 17.26613295 79.15354074 31.23310135
v 17.87871684 78.46916282 32.78397546
v 19.51308808 74.15902578 33.6000898
v 20.32086321 72.45799636 36.60679083
v 19.93320244 73.36057862 35.14306882
v 20.93882902 70.15859221 34.80560536
v 21.700794 68.2960401 37.8406459
v 21.41298321 69.20352566 36.24518297
v 22.35016014 64.93850161 35.41831378
v 22.7449838 63.32415217 39.16259232
v 22.65779269 64.14534413 37.24035477
v 23.19884961 61.63169406 37.93771563
v 22.51060217 59.81271707 41.86108765
v 23.07676375 60.75903855 39.93867005
v 23.08761613 57.89899577 40.48878187
v 20.63950717 55.83457378 43.75800449
v 22.08377202 56.87583105 42.24954662
v 21.22993769 53.81809625 42.27457926
v 19.3173867 52.76214033 43.38271901
v 16.82400625 51.99681146 44.05882823
v 19.59575999 51.74532079 42.45179424
v 17.25352961 50.9810842 43.12268808
v 19.8888792 50.69421416 41.47546743
v 17.71795672 49.93938507 42.16178536
v 15.35969459 49.33349446 42.20481677
v 18.15576378 48.87404266 41.17624611
v 15.98932599 48.22928875 41.32341712
v 13.85891426 47.7843458 40.75079333
v 13.14102195 48.89507524 41.50812809
v 11.8638549 47.48120545 39.56067185
v 11.14563851 48.49347878 40.13136913
v 10.20339324 49.4479658 40.70221045
v 9.4947959 48.29806098 38.17618885
v 10.12805677 47.37205151 37.84427086
v 8.94556031 47.59446147 35.73145279
v 10.6759255 46.39133754 37.41449093
v 9.38311755 46.6443256 35.4693153
v 8.69625497 47.13148374 33.38179994
v 8.33953916 48.01197414 33.57201436
v 8.56680291 47.67845373 31.29923588
v 8.27567924 48.47945306 31.4596224
v 8.94133819 48.25426737 29.29698812
v 8.66909177 48.94927561 29.43828958
v 9.82644832 48.95095005 27.46799729
v 9.53891285 49.54517357 27.5940277
v 11.20303173 49.84714962 26.00532256
v 10.89993863 50.37677801 26.13587217
v 12.96863376 50.9474993 25.14625183
v 12.66278218 51.45839673 25.31113354
v 14.99365155 52.19404774 24.99511677
v 14.59736351 52.71060467 25.17886148
v 14.14723668 53.18437026 25.18908819
v 15.87586441 54.53790906 25.37838137
v 15.32944807 54.90124537 25.08152768
v 17.26238496 55.80882996 25.82320428
v 16.64608759 56.18707422 25.46156042
v 16.09116399 56.5095457 24.89770495
v 17.58909956 57.2606208 25.84053388
v 17.01485084 57.65584357 25.20915451
v 16.53273254 57.95025761 24.44527502
v 17.73058107 58.78376418 25.54746719
v 17.22082094 59.13827291 24.69862618
v 16.79223833 59.40303009 23.74735601
v 17.80641417 60.4084256 25.00613269
v 17.3757385 60.7133233 23.98576321
v 17.93598252 62.31519406 24.32116812
v 17.61400166 62.57738912 23.14151041
v 18.2399886 65.12070642 23.62220183
v 17.94023014 68.3522465 21.06147303
v 14.52320635 75.53563694 13.34796431
v 13.64567473 76.76660675 13.3558474
v 11.58565865 78.98066641 13.29347287
v 12.68728518 77.91971717 13.51231788
v 12.16791875 79.71723566 17.76437603
v 13.35917678 78.5279244 18.19645156
v 12.39240601 80.46137292 20.62897738
v 13.72490173 79.28914818 21.23591227
v 12.42129092 83.33380035 25.73796669
v 13.62637361 82.50133168 26.57462147
v 11.61768164 86.00830732 29.26457653
v 19.07435078 74.83212445 31.9330669
v 18.60003905 75.3796886 30.10129133
v 19.50973019 72.404763 30.10904539
v 20.45274217 71.01976836 33.33590277
v 19.98235998 71.76288835 31.77572919
v 20.83293545 67.1591336 30.66802456
v 21.89181114 65.7050719 33.72807673
v 21.37477708 66.45293127 32.15698926
v 21.91674475 63.94751421 32.48024095
v 22.96857457 62.43944987 35.97674981
v 22.5084566 63.21218311 34.14652865
v 23.20744839 60.57077764 34.50614098
v 23.58129949 58.86919646 38.52779205
v 23.61252577 59.76897335 36.49924232
v 24.06238552 56.9299759 36.99308323
v 23.59628396 55.94487702 38.99061674
v 22.64130782 54.90545549 40.7838801
v 23.80028404 54.66053281 37.91707616
v 22.87803757 53.64468553 39.72690992
v 21.48920641 52.6499766 41.28236624
v 22.98615173 52.55899848 38.74422742
v 21.65006255 51.59010164 40.28262723
v 23.07352289 51.45267121 37.7459708
v 21.812077 50.51729326 39.2733937
v 20.1360067 49.64621035 40.44835516
v 21.97149426 49.4117402 38.29584857
v 20.39094378 48.55612039 39.46304397
v 18.5161233 47.79913372 40.1757569
v 20.61989397 47.46146621 38.49036013
v 18.83055415 46.7190094 39.21600048
v 16.8724751 46.10549077 39.44329874
v 16.48858033 47.14646071 40.39252836
v 14.84813248 45.61682023 39.16468088
v 14.40859096 46.6680799 39.99801978
v 12.41874549 46.40685465 38.9908448
v 11.14834673 45.37185329 36.88750324
v 12.88534968 45.35473976 38.30792377
v 9.82305592 45.64508472 35.08067628
v 9.07317439 46.15777663 33.07181476
v 8.87112783 46.7639073 31.04332805
v 9.20845325 47.44533394 29.05427778
v 10.08948529 48.22602388 27.22626221
v 11.4749338 49.17414321 25.78069501
v 13.26034558 50.27405478 24.85310112
v 15.34425399 51.46294594 24.61863097
v 21.98505335 52.60873967 27.67492014
v 23.4213841 51.85609215 29.82110706
v 23.56645156 53.14133285 30.76306575
v 24.0532541 52.21472322 32.92866782
v 24.10134935 53.39027284 33.91073515
v 23.73686073 54.32037539 31.76765105
v 24.15932022 54.53538839 34.90954692
v 23.87901141 55.46905589 32.79396811
v 22.97143583 56.31358776 30.6979665
v 21.46904857 57.00300251 28.85127097
v 24.00716038 56.60311651 33.80826398
v 23.22643592 57.4334126 31.77253035
v 21.99912859 58.12135697 29.9880053
v 20.72137788 58.683568 28.59142009
v 20.00161008 57.54136922 27.60709016
v 23.41934506 58.55735454 32.76817327
v 22.36658199 59.25543334 30.97350254
v 21.23613883 59.87926421 29.52747622
v 20.29733997 60.51605213 28.41333788
v 19.69239911 59.15485906 27.59827082
v 20.98965799 62.72750298 29.73664667
v 20.29452522 63.31090038 28.49484549
v 19.55756737 61.05064835 27.4272975
v 21.74247055 62.04224114 31.11051286
v 19.66325839 63.83697363 27.31214798
v 20.14818543 65.96706113 28.2277927
v 19.56843625 66.50549977 26.91014341
v 19.09872774 64.32295503 26.12948647
v 20.71441903 65.33415235 29.56766287
v 19.04298796 66.99575623 25.56558899
v 19.22874771 68.98167873 26.27476398
v 18.72871316 69.48015361 24.73194101
v 19.7651774 68.42720787 27.74930686
v 18.49027595 73.45785991 26.37114953
v 19.0446399 72.93143111 28.27128623
v 20.29910294 67.81949765 29.20804755
v 21.30706713 64.66241595 30.96899534
v 22.53137668 61.32912554 32.69633123
v 23.98563868 57.8345912 34.89517311
v 24.19976344 55.66281725 35.90967603
v 23.83850817 53.55275391 36.92557733
v 23.86015741 52.42531905 35.93058558
v 23.86701723 51.27339769 34.94806213
v 23.16319116 50.3235499 36.76427857
v 23.90416558 50.08636703 33.99327803
v 22.12414773 48.28648691 37.32946039
v 23.2500957 49.17362408 35.7986586
v 22.45688343 44.85803909 34.56818243
v 21.14421696 44.17285246 35.75658145
v 19.53433371 43.55854762 36.52649554
v 17.74770511 43.03042562 36.85148169
v 14.08460258 42.45621441 35.99879966
v 15.88733495 42.64456534 36.68805837
v 12.48305329 42.45782884 34.84654521
v 11.22208978 42.66371941 33.33240384
v 10.40869716 43.07460033 31.57877198
v 10.13496685 43.6614599 29.70218853
v 10.40269182 44.36680287 27.8279157
v 11.23586643 45.15969105 26.1016811
v 12.16063657 45.79317098 25.13739649
v 23.96091962 47.00551635 29.73585146
v 23.98780075 50.99105885 31.97405477
v 23.39787287 45.59049125 33.05037708
v 23.87741799 46.33112958 31.26996913
v 23.46578837 43.0642836 31.51517313
v 22.57605402 42.50143339 33.02354697
v 21.34065804 41.95434937 34.20891219
v 19.83011462 41.46165177 35.00188739
v 16.42331303 40.76381978 35.20839614
v 18.15062941 41.05832985 35.34551148
v 14.7550433 40.58946156 34.6220407
v 13.27401871 40.56647547 33.58072267
v 12.0936093 40.69663197 32.18790646
v 11.36481586 41.01653477 30.50847827
v 11.10827936 41.46227593 28.708013
v 11.40012622 42.0302875 26.93140105
v 12.17440197 42.65058793 25.31189274
v 12.99438808 43.07564761 24.42134967
v 13.37984626 41.57271421 24.21753865
v 17.05160158 42.56359487 22.53218689
v 18.82877768 42.82184933 22.67139379
v 20.50247885 42.95585885 23.30073562
v 21.95853983 42.96221154 24.37686888
v 23.84759908 42.53224556 27.85371954
v 23.88886452 44.09138086 28.32091638
v 23.84721498 43.6105544 29.76277459
v 23.81545156 42.1917543 29.25194318
v 23.45098245 41.75088044 30.96531937
v 22.5993552 41.27373595 32.45315577
v 21.39585317 40.8053658 33.62585163
v 18.31195968 40.00916174 34.80172233
v 19.94099251 40.37489569 34.4356853
v 16.63439949 39.73927019 34.70092861
v 15.01360084 39.58244562 34.14195244
v 13.58561381 39.56076787 33.13334307
v 12.45094403 39.66324504 31.78537075
v 11.75289524 39.9169653 30.15208579
v 11.52084822 40.2874435 28.39181618
v 11.83532334 40.76758878 26.64842603
v 12.6062502 41.27436912 25.07091686
v 13.20362605 38.34075547 25.01289348
v 13.9458638 38.4540415 24.27654029
v 23.75663597 39.33686052 27.53098399
v 23.74222015 39.18116425 28.80088762
v 23.42322659 38.93179514 30.41479643
v 22.6755859 38.6490932 31.85863217
v 20.14151767 38.0243606 33.8015212
v 21.54436704 38.33743359 33.01433453
v 18.57703195 37.74944272 34.18145191
v 16.95607576 37.53400661 34.11147636
v 15.38875879 37.39118976 33.60576731
v 14.02857023 37.33923398 32.64504463
v 12.96291424 37.38286855 31.34522307
v 12.3276661 37.53534797 29.78065333
v 12.13456341 37.7652059 28.1100925
v 12.45497109 38.04515911 26.47986535
v 13.17980574 33.84725032 26.65784853
v 13.89346841 34.00198034 25.30161202
v 14.94832904 34.17435803 24.19992098
v 16.25843433 34.34206649 23.43369486
v 17.74004408 34.49597428 23.07951398
v 19.26285475 34.62689899 23.16159173
v 20.69965962 34.71949454 23.6741126
v 21.93842549 34.7725606 24.56591
v 22.87905634 34.78707845 25.78380984
v 23.4760721 34.75832783 27.19280334
v 23.61844934 34.68191858 28.70788096
v 21.60171824 34.25546353 32.63482693
v 22.64029505 34.41451469 31.53476232
v 20.30449687 34.10048145 33.41855668
v 18.83485129 33.9520441 33.79428928
v 17.30308325 33.81575097 33.73495755
v 15.84163284 33.70066746 33.25775005
v 14.5980837 33.63535515 32.36056622
v 13.6440588 33.62356802 31.13358897
v 13.0419957 33.64924883 29.69662806
v 12.88781183 33.72666635 28.16234235
v 23.33868968 34.56291303 30.19181633
v 23.36126617 27.36360262 28.53296759
v 23.12329858 27.3582582 29.84896944
v 22.55251128 27.34126769 31.04381418
v 21.63425436 27.31232202 31.99734694
v 20.48748538 27.2722404 32.68202644
v 19.19648465 27.22821873 33.03170313
v 17.85926868 27.18477021 32.99442125
v 16.598618 27.1364544 32.5770226
v 14.15285567 27.07264249 29.54262124
v 14.66304042 27.06931761 30.78227385
v 13.95961495 27.08032452 28.2191084
v 14.21642753 27.08581598 26.9074547
v 14.82306383 27.09441326 25.71987189
v 15.74237553 27.12178051 24.74778521
v 16.88347151 27.16425977 24.04154199
v 18.16875572 27.20693409 23.68909257
v 19.49982756 27.25212306 23.74589162
v 20.76753161 27.29498343 24.17462127
v 21.87398491 27.32420217 24.91392725
v 22.70645359 27.34530376 25.94631792
v 23.21321292 27.35806315 27.19012063
v 15.51316577 27.09397514 31.81031936
v 18.02130113 14.88447061 32.61147174
v 16.95149354 14.87667755 32.30371015
v 16.02263932 14.84582637 31.70202066
v 15.28043758 14.7946568 30.88202929
v 14.82314936 14.7282462 29.87523241
v 14.65328483 14.65095171 28.77396148
v 14.79138894 14.56568111 27.66505353
v 15.26231727 14.48429353 26.64278454
v 16.00413642 14.41327671 25.79366445
v 16.94711538 14.35486922 25.16099474
v 18.01584269 14.31167878 24.80462628
v 19.14393922 14.29041214 24.8269702
v 21.17325716 14.32524537 25.78498915
v 20.22781004 14.2932869 25.15258951
v 21.92219269 14.38196041 26.63801928
v 22.38164749 14.45633812 27.66974677
v 22.53512617 14.53766568 28.78973366
v 22.35258478 14.62063767 29.89676911
v 21.8735438 14.69982267 30.90313989
v 21.15166494 14.77227387 31.74158914
v 19.13537045 14.86989575 32.63191315
v 20.20045629 14.83006619 32.31071701
v 20.79406464 8.6308939 32.12370744
v 19.91489759 8.93326605 32.64043841
v 18.95356726 9.09913802 32.93149457
v 17.94966314 9.11638659 32.95057663
v 16.97199198 8.98528784 32.70102748
v 16.07111717 8.71348779 32.20220525
v 15.28824415 8.35468868 31.50109939
v 14.70201625 7.95135776 30.62119115
v 14.38944289 7.5010584 29.59046892
v 14.38813154 6.9819928 28.54966702
v 14.58929587 6.79780998 27.84848615
v 21.94642562 6.53771903 27.59785971
v 22.1678003 6.76561144 28.31740545
v 22.29656443 7.26395955 29.40493274
v 22.07814553 7.75167283 30.4803218
v 21.52579511 8.21314716 31.38104357
v 16.22447733 3.74656515 27.00746821
v 17.37069117 3.48736244 26.66042321
v 18.61979328 3.44335877 26.6117083
v 19.82103571 3.60943479 26.84638551
v 21.87278159 4.80211895 28.36870705
v 22.11064115 5.19176024 28.96866209
v 22.22567514 5.89709121 29.956689
v 21.97837358 6.5836132 30.95467855
v 21.40751576 7.19838616 31.79184647
v 21.93493857 5.59816397 31.66723844
v 21.36960071 6.35777933 32.42807812
v 20.69216063 6.98813843 33.07631596
v 20.69383057 7.7153332 32.48374288
v 19.88393538 7.43447675 33.54731781
v 19.86111884 8.08440703 32.97852904
v 18.95847656 7.62829212 33.7860701
v 18.93611463 8.26711346 33.2379388
v 17.986846 7.60640432 33.80414689
v 17.96774594 8.2657511 33.25727893
v 17.02211877 7.41323112 33.62981868
v 17.00673219 8.10058732 33.0478024
v 16.09219776 7.04994882 33.28710083
v 16.10777489 7.78704621 32.62204054
v 15.22943906 6.49592395 32.77730469
v 15.29147 7.32390944 32.00165008
v 14.51620399 5.75451742 32.10882049
v 14.6365689 6.74396971 31.21788432
v 14.09870632 4.91858583 31.30635077
v 14.26626774 6.10897138 30.30447519
v 14.04340316 4.04792903 30.47176053
v 14.24091552 5.43046152 29.31827577
v 14.25299522 3.45964109 30.00299427
v 14.43146453 5.0735229 28.71276025
v 14.34280303 2.06575959 31.50969367
v 15.03961924 0.9797237 31.06133582
v 16.04893379 0.40816219 30.62890919
v 17.21671585 0.24415672 30.2743412
v 18.4965011 0.2429504 30.14704446
v 19.75055603 0.46200847 30.32082652
v 20.85907088 0.98553324 30.53137434
v 21.66025626 1.8556739 30.82167129
v 21.76502303 3.18267967 29.51747457
v 22.13468502 2.76842586 31.23229114
v 22.0934976 3.7984609 29.96958642
v 22.27865568 3.78555148 31.8670494
v 22.20324719 4.71067271 30.80098381
v 22.0252085 4.86439746 32.57647046
v 22.45322846 3.2212759 33.04650606
v 22.25402665 4.38915549 33.58942497
v 21.71198997 5.38751413 34.21427461
v 21.4717973 5.73949544 33.25260969
v 20.98770297 6.16763093 34.76206682
v 20.78493022 6.46382144 33.84421051
v 20.10042927 6.70832626 35.17753295
v 19.9556544 6.9597329 34.27877071
v 19.10617421 6.97941212 35.42088546
v 19.01164466 7.18621494 34.51044712
v 18.05578627 6.96284173 35.4791219
v 18.01810679 7.16588155 34.54789405
v 17.02098897 6.71581024 35.38915205
v 17.02000621 6.95845456 34.42928761
v 16.04603952 6.25432991 35.16480658
v 16.0591395 6.54404471 34.14458414
v 15.17588236 5.57683432 34.83020888
v 15.17882764 5.9177847 33.73036634
v 14.45628561 4.64757799 34.45158352
v 14.42658674 5.05399972 33.20238838
v 14.0620351 3.56843793 34.10531273
v 13.99005802 4.05284433 32.57759876
v 14.08549382 2.46533951 33.86901509
v 13.99608512 3.05623215 31.99159442
v 14.5177569 1.41004978 33.62042919
v 14.60824739 2.33692347 36.96308127
v 15.0194809 1.26575953 36.70416064
v 15.77219593 0.12568531 36.41600625
v 15.27719222 0.4097106 33.28789304
v 16.75079434 0.01110294 36.12408887
v 16.26729117 0.09566535 32.91988449
v 17.8695179 0.00062416 35.9031223
v 17.41423121 0.03749193 32.58965295
v 19.09263913 -0.00255667 35.7816621
v 18.67448128 0.03060811 32.34702063
v 20.33848688 -0.00391903 35.68556462
v 19.93174256 0.09821003 32.42782005
v 21.45107231 -0.00391903 35.59711318
v 21.01876421 0.33872379 32.50260888
v 22.20896671 0.72886921 35.62650297
v 21.82385512 1.08831649 32.59528544
v 22.33384481 2.029558 32.58489369
v 22.80064705 2.93989731 35.9046527
v 22.65689095 1.77767723 35.72783983
v 22.60877769 4.07047701 36.17902743
v 22.10279106 5.07318681 36.56321327
v 21.31907031 5.81259481 36.96780452
v 20.36242272 6.29983397 37.29987255
v 19.34389723 6.63321035 37.55585841
v 18.24057676 6.5821188 37.64506005
v 17.25702404 6.224496 37.59462268
v 16.28706192 5.85671851 37.55114716
v 15.5521221 5.24460425 37.41801987
v 14.99450528 4.43423343 37.25285609
v 14.65715886 3.43448242 37.112941
v 15.23681201 2.61917229 38.42811763
v 15.59868244 1.54139459 38.25112471
v 16.30318069 0.33998412 38.00747812
v 17.19283102 0.07614218 37.80014716
v 18.19932482 0.03629762 37.6116672
v 19.28243344 0.02332218 37.40995973
v 20.36758409 0.01879698 37.24126701
v 21.3963528 0.05781932 37.1654009
v 22.15289835 0.9205 37.19787551
v 22.54797408 1.88526175 37.25400839
v 21.70314813 1.27557213 38.52282273
v 22.05942507 2.1487676 38.67177022
v 21.00482401 1.79837671 39.36426979
v 21.26004467 2.56631628 39.42681837
v 20.38401495 2.14303008 39.88276523
v 20.62053164 2.90819691 39.84633557
v 20.78239455 3.68314633 39.63793633
v 20.06255623 3.20234088 40.24098819
v 20.21664258 4.07154529 39.98762503
v 20.32501031 5.0011017 39.40607687
v 20.9787621 4.54068965 39.11574391
v 20.37256541 5.79994346 38.42058563
v 21.22516642 5.36412593 38.15099417
v 19.46645572 5.29556376 39.68771353
v 19.4399932 6.12438346 38.68883274
v 18.49428501 5.25928414 39.73875706
v 18.39266607 6.07904745 38.77609587
v 17.60806459 4.87836317 39.51155483
v 17.43989101 5.68847591 38.68757241
v 16.80153479 4.45767565 39.36315949
v 16.59648744 5.27389201 38.65652017
v 17.75983282 3.99322453 40.0041114
v 16.94336139 3.57682815 39.76380169
v 16.07795298 3.0681213 39.36331553
v 17.21779914 2.65774452 39.8501946
v 16.3896291 2.02138383 39.27877112
v 17.65127004 1.75609551 39.87635553
v 16.9558417 0.82148576 39.16071383
v 18.25820643 1.22147379 39.86702306
v 17.69634949 0.39505472 39.11184287
v 18.98341767 0.91658697 39.76083091
v 18.558355 0.26036101 39.03547863
v 19.42594648 1.65808352 40.12727605
v 19.80190564 2.41241749 40.27489118
v 18.60065871 4.29786529 40.23054542
v 19.45527175 4.3371517 40.25378358
v 17.85012676 70.20295409 21.14975643
v 17.06694915 74.36139492 21.92668038
v 16.17677368 74.30856142 18.19041096
v 17.19177324 70.294098 17.60554092
v 15.43290349 75.92084155 18.51014572
v 14.45768398 77.26873511 18.51012171
v 18.60878937 67.46487021 24.16964295
v 18.61673397 64.76020014 24.90564805
v 18.3833141 61.96204094 25.42335729
v 18.9250372 61.5286248 26.44553325
v 18.32961036 60.0197652 25.93698544
v 18.95228442 59.59415225 26.78774697
v 18.32581285 58.36878606 26.26245772
v 19.00529047 57.96052633 26.87891413
v 18.21234828 56.85672573 26.29245667
v 15.67129719 80.79425716 28.63875464
v 14.71425199 81.64580489 27.53522411
v 4.52162448 89.43136271 67.08884709
v 4.3124604 88.57111267 70.76576378
v 2.11942694 89.04171692 70.61784857
v 4.54707685 92.92840872 65.98764518
v 12.52025865 124.79426081 54.39631652
v 12.22880264 124.78298982 54.30995363
v 12.20869731 123.85197502 53.866208
v 11.93007945 124.80058648 54.19429097
v 12.13709533 121.54659591 53.35410425
v 11.4984908 120.31832831 53.52261092
v 10.76469353 119.81340247 54.50632568
v 10.62968399 120.6872101 53.80406153
v 9.77047973 120.30071364 54.82185933
v 9.68325561 121.01981226 54.04966463
v 8.77910393 120.41384963 55.0420757
v 8.78706655 121.23594756 54.36507224
v 7.96272403 120.44571808 55.32466661
v 7.09654442 119.42337708 56.26335144
v 7.92307377 119.42011221 56.12916787
v 1.16150195 60.06678279 -31.94180972
v 1.3111986 59.15888575 -31.22852064
v 2.58432537 59.39150441 -31.25869364
v 1.4180197 58.22161804 -30.63406606
v 4.20328134 58.58462652 -30.76344085
v 2.8083807 58.34852469 -30.66923538
v 4.56792862 55.64266391 -29.6349257
v 7.96256648 56.06917297 -30.43629113
v 6.22988993 55.76764104 -30.04703095
v 8.03083533 54.92818651 -30.14810674
v 11.88919812 55.87343708 -30.31345057
v 9.93750626 55.33951155 -30.3958134
v 12.10742271 53.52191773 -29.6262234
v 16.00764285 54.62658856 -28.4832054
v 14.13174358 54.06821255 -29.21583761
v 16.12374212 52.41972031 -27.66566569
v 17.81552608 52.94252865 -26.58037775
v 19.26930496 53.41153873 -25.22200166
v 17.82551873 51.61951544 -26.04813341
v 19.29005546 52.07358381 -24.66412228
v 20.47372073 52.51512085 -23.03482838
v 19.23938102 50.85939595 -24.1600179
v 20.45392748 51.2832538 -22.53068274
v 21.27934278 51.71166987 -20.64691914
v 20.38584993 50.0394946 -22.05400038
v 21.23357765 50.43586968 -20.14883661
v 21.50939727 50.81574037 -18.04206814
v 21.15825769 49.13006153 -19.7051825
v 21.36557514 49.46496531 -17.54304035
v 21.02633522 49.80764414 -15.35254669
v 21.18428659 48.08367815 -17.10912833
v 20.74331219 48.38797682 -14.82489132
v 19.71192979 48.73287024 -12.64413824
v 20.37298252 46.93551679 -14.40068387
v 20.92096078 46.66708364 -16.76130313
v 19.55850212 43.7293799 -14.20706955
v 20.31823301 43.66127685 -16.43422993
v 11.590745 42.48329959 -10.09528508
v 9.33805085 41.94683538 -10.90715029
v 8.47998539 44.61580288 -10.10084256
v 10.74655072 45.35699035 -9.13703357
v 7.93028393 45.80275252 -9.83320611
v 10.08551899 46.48782812 -8.88147307
v 12.20140913 47.38285738 -8.48019395
v 9.36308874 47.56606494 -8.66275859
v 7.34347387 46.96259597 -9.61271816
v 6.77734605 48.079342 -9.4095163
v 5.46868603 46.49328657 -11.13963017
v 5.00601775 47.66441751 -10.9191651
v 3.97984398 46.12377762 -13.19398449
v 3.58942999 47.23745233 -12.8553436
v 3.0606 45.91702581 -15.46927013
v 2.56213167 46.93908924 -15.11192697
v 2.70076298 45.95550051 -17.83297383
v 2.14487913 46.89598131 -17.45018974
v 1.58221423 47.77136436 -16.97141226
v 1.5343671 47.94958911 -19.27809279
v 0.820622 48.57592864 -18.89883275
v 0.84998694 48.45187275 -16.47735192
v 0.91412313 48.93419961 -20.98509903
v 1.03495334 49.57825434 -22.59971979
v 1.13965166 50.25547686 -23.85600206
v 1.22117643 50.93606027 -24.90331869
v 1.30964579 51.78166042 -25.91621319
v 1.42045775 53.14232536 -27.25403607
v 1.48819893 54.74512599 -28.53942231
v 1.49857399 55.59455516 -29.0996198
v 3.01298394 55.60592817 -29.29306908
v 6.24323072 54.68834493 -29.69011633
v 4.55238488 54.65064294 -29.19534818
v 6.0257687 52.6888474 -28.70361383
v 9.96250588 53.11483958 -29.55845043
v 7.91223564 52.83358927 -29.21915349
v 9.82817152 51.3443425 -28.67506276
v 12.0424645 51.58339337 -28.762728
v 14.17725814 51.94854516 -28.41421862
v 11.94244423 50.31294509 -28.13380328
v 14.13977821 50.68842562 -27.88258869
v 16.11335937 51.14798845 -27.15277573
v 14.03853437 49.58418541 -27.31617579
v 16.02585617 50.00057129 -26.62058916
v 17.75478848 50.43192963 -25.53502214
v 15.93868907 48.85699064 -26.12022827
v 17.68783774 49.24884952 -25.06846146
v 19.18381229 49.644902 -23.70241985
v 17.63544685 48.0325416 -24.66222428
v 19.13072522 48.40280975 -23.29848127
v 20.32451968 48.77223017 -21.63774354
v 19.07227273 47.06740475 -22.94535591
v 20.24929574 47.45224627 -21.27752355
v 21.03739165 47.7983025 -19.32029147
v 20.14330764 45.91281119 -20.96127122
v 20.88574195 46.43462402 -19.00290484
v 20.40261988 43.597729 -18.59965644
v 19.91180677 43.49983105 -20.60865712
v 19.2954974 39.15236861 -18.66956898
v 18.77125093 38.85285622 -16.01572399
v 19.11092297 38.91889172 -16.86311862
v 7.41583581 41.58631381 -12.27573583
v 5.97500987 41.40640112 -14.09407759
v 4.99128385 43.83851283 -13.65055102
v 6.50262623 44.12259514 -11.64906846
v 4.48891693 44.9991635 -13.44320806
v 5.99666286 45.32179102 -11.3915462
v 4.12210157 43.75483265 -15.87989448
v 3.590894 44.85661371 -15.71232556
v 3.84759218 43.82795903 -18.1479377
v 3.26998219 44.92093576 -18.04922203
v 4.14926815 44.03168304 -20.36108437
v 4.86978202 41.50129227 -18.24682141
v 5.17505781 41.69950682 -20.28743585
v 6.15219671 41.72492506 -22.21415809
v 5.38648561 43.84226082 -22.42441107
v 7.80493395 41.639845 -23.77403383
v 7.26031808 43.73858184 -24.07735349
v 9.7337665 41.80390149 -24.84881299
v 9.42447301 43.84154363 -25.18641898
v 9.23152411 45.41364537 -25.56800163
v 11.67461348 44.11211936 -25.70680718
v 11.60207751 45.66992681 -26.05490095
v 11.60983606 46.9661114 -26.45905934
v 9.19196838 46.71074221 -26.03596068
v 11.6942837 48.13660318 -26.94436748
v 9.30073971 47.87518888 -26.61135421
v 11.81307319 49.22995051 -27.50378177
v 9.48489028 48.97815076 -27.26104218
v 7.18792764 48.89200242 -26.63156381
v 5.04853828 49.00590212 -25.73992771
v 9.66623885 50.08091458 -27.9388206
v 7.44814837 49.94548268 -27.42923376
v 5.40548252 49.96708691 -26.67702812
v 3.70311625 50.1926387 -25.88265979
v 3.34127283 49.35716923 -24.85425193
v 7.68750757 51.17463701 -28.2530954
v 5.7198361 51.1195289 -27.60972636
v 3.9937508 51.20532315 -26.86393116
v 2.59571601 51.47795291 -26.27791932
v 2.4030687 50.56727151 -25.28430643
v 2.83908596 52.96829573 -27.58639367
v 4.3347837 52.79930143 -28.08506136
v 2.99118091 54.69556485 -28.78783716
v 2.20005926 49.82397297 -24.25477852
v 1.97197011 49.12983047 -23.03057025
v 1.71528488 48.44419822 -21.36932088
v 13.94667402 48.48395726 -26.79135617
v 13.88224844 47.33451006 -26.33981598
v 15.88089975 47.67489029 -25.69427811
v 13.85855716 46.06269792 -25.97064837
v 15.84687223 46.37310321 -25.33564554
v 17.58921959 46.70137223 -24.30951753
v 15.82253278 44.79072074 -25.02565437
v 17.53064107 45.07165972 -23.99428097
v 18.98667504 45.44106814 -22.62782524
v 18.79864369 43.09948743 -22.31424137
v 17.42266794 42.86841267 -23.70386773
v 17.06686813 39.63925068 -23.36728876
v 18.98435692 39.35298079 -20.42107927
v 18.23599004 39.51790151 -22.02251078
v 18.33402753 36.63392702 -20.75122379
v 18.39067655 35.79043042 -17.63760142
v 18.59959943 36.22458551 -19.20536551
v 18.10297228 35.56790043 -17.0373193
v 15.35264122 34.63251948 -14.07605482
v 13.85099216 34.34904033 -13.57003368
v 12.24305792 34.1682214 -13.57032926
v 10.68115889 34.11321682 -14.03655084
v 6.48313906 37.52360586 -16.77831314
v 5.12429261 41.39887512 -16.14356988
v 11.80919241 42.13173089 -25.38580008
v 13.89962155 42.54776268 -25.36914492
v 13.87007421 44.53540557 -25.65853488
v 15.79307697 42.72051547 -24.7587051
v 15.58222908 39.67821901 -24.38149611
v 13.84165218 39.6148152 -24.94073035
v 15.30062393 37.43802617 -24.27966862
v 17.64736601 36.99824459 -22.1862822
v 16.61098878 37.28029836 -23.36805096
v 17.43707626 35.79853857 -22.51603811
v 18.08132904 35.35492798 -21.16834486
v 18.33887682 34.85078834 -19.71695312
v 17.96206093 34.14231554 -21.78539093
v 18.18658195 33.5552009 -20.41354878
v 17.96598747 32.96076133 -19.06929594
v 18.13685276 34.32757264 -18.25259795
v 17.73746639 32.56491439 -18.66487423
v 17.86974746 34.01247112 -17.75346213
v 15.28799958 32.94026889 -14.98711882
v 13.87352513 32.62935348 -14.57750724
v 12.37706069 32.4811982 -14.58534082
v 10.89975408 32.50397124 -15.00950776
v 7.72658393 33.46591823 -18.26009543
v 7.35323171 34.77847517 -17.59793841
v 7.08597487 35.20306072 -19.20634227
v 6.20475002 37.78514019 -18.60455074
v 6.45026685 38.10280439 -20.41500866
v 7.21062416 38.44964834 -22.10341223
v 8.46682315 38.82570202 -23.52697159
v 10.09985079 39.17452949 -24.55943578
v 11.96317373 39.45305132 -25.02926582
v 10.50709249 37.07114892 -24.43155988
v 13.76521292 37.45639704 -24.79094715
v 12.11626306 37.33635922 -24.86225505
v 13.75229899 36.39490766 -24.9786394
v 15.208492 36.33761947 -24.49468461
v 16.45877643 36.13070262 -23.64300935
v 15.1941467 35.29068995 -24.94482344
v 17.35942618 34.64739442 -23.05334704
v 16.40782893 35.03368082 -24.12808944
v 17.08325997 29.96580541 -26.14729319
v 17.63580694 29.36788792 -25.11229333
v 17.80198049 28.7114069 -23.99735978
v 17.62254343 28.04727084 -22.92260388
v 17.08945212 27.4348535 -21.95232218
v 16.28689237 26.90734967 -21.13968576
v 15.23662296 26.51447953 -20.55777151
v 14.03971218 26.27261841 -20.2299256
v 12.78001276 26.21692365 -20.19874433
v 11.55231532 26.3619581 -20.46976268
v 10.45726279 26.66637079 -21.01929235
v 9.56493349 27.10755074 -21.81572297
v 8.93542737 27.67127717 -22.79897861
v 8.03275509 32.22083118 -19.10210213
v 7.7590908 32.80084293 -20.47694508
v 7.44291573 33.99040627 -19.75062655
v 7.64261267 34.55972618 -21.27151071
v 7.28328692 35.68919859 -20.82839524
v 8.28166057 35.12276544 -22.67723034
v 7.98917079 36.21073384 -22.3088827
v 9.08051958 36.68391427 -23.55259088
v 9.31659892 35.63125323 -23.83837614
v 10.66879561 36.03382494 -24.65864508
v 12.19161528 36.29543729 -25.05871713
v 10.78193535 35.01788763 -25.06400903
v 13.77033227 35.3787573 -25.40209065
v 12.24720877 35.29393381 -25.46465724
v 13.78865063 31.01351815 -28.0282428
v 15.09402816 30.83356344 -27.68243113
v 16.22055379 30.47078228 -27.03256686
v 8.63669368 28.32451434 -23.89963888
v 7.90803378 33.43049985 -21.89081187
v 8.50139232 34.05682587 -23.19345868
v 9.48457144 34.59870952 -24.28661246
v 10.03455348 30.26374839 -26.99636527
v 11.14586807 30.70463427 -27.65097679
v 12.42525197 30.97836383 -28.0312556
v 16.96223939 24.57793718 -29.32054437
v 17.23157279 24.1588701 -28.5790088
v 17.33350981 23.74978065 -27.40742623
v 17.0837176 23.39214285 -26.2103039
v 16.59568623 23.06920925 -25.16072467
v 15.87338426 22.80623153 -24.29793896
v 14.96102391 22.62494148 -23.70427059
v 13.92670072 22.48840528 -23.36889569
v 12.83594158 22.41761352 -23.3323565
v 11.75687204 22.43727173 -23.61803373
v 10.75077509 22.5133479 -24.16732334
v 9.93736897 22.73172178 -25.04900956
v 9.26713755 23.00894127 -26.09468325
v 8.9166694 23.3942074 -27.29581765
v 8.88842741 23.7978624 -28.11450667
v 8.73437333 29.01411514 -25.02453657
v 9.21548186 29.68175612 -26.0930028
v 11.21076028 22.87403151 -32.03449679
v 12.44228523 23.041872 -32.46350551
v 13.77304049 23.13012239 -32.4370655
v 14.99784367 23.12279145 -32.00742361
v 16.93847009 21.07108758 -29.81010914
v 16.96156722 22.87594001 -29.83647413
v 17.15671495 21.07563078 -29.04513136
v 17.16821249 22.65061028 -29.05565815
v 17.21905947 21.07449648 -27.80697014
v 17.21941207 22.42253782 -27.79160007
v 16.99768929 21.02297883 -26.64618744
v 16.97903184 22.22730007 -26.58323375
v 16.51480129 20.92114083 -25.62707529
v 16.4918407 22.01788656 -25.53043768
v 15.81890331 20.80842195 -24.80831875
v 15.79836437 21.83519513 -24.68221783
v 14.95144087 20.7094077 -24.23276468
v 14.90922718 21.69381865 -24.11143202
v 13.98792895 20.62182049 -23.88902506
v 13.92801207 21.58596406 -23.77872033
v 12.97166306 20.54333168 -23.86950789
v 12.89631459 21.51563742 -23.74465379
v 11.97854155 20.49075474 -24.17416965
v 11.87526392 21.49898301 -24.04364705
v 11.04019506 20.45700179 -24.71576822
v 10.91557203 21.52312441 -24.58961478
v 10.26072269 20.45810909 -25.55941636
v 10.10405641 21.62720099 -25.44923015
v 9.66377895 20.46850684 -26.61754485
v 9.45679308 21.7807757 -26.51864463
v 9.37004908 20.45936342 -27.78443417
v 9.1030128 22.01190897 -27.76578423
v 9.32716847 20.39284779 -28.53694065
v 9.04948161 22.12385365 -28.57692325
v 10.19311627 22.65196664 -31.23496785
v 11.40895006 12.75064997 -26.9908468
v 12.88418687 12.39708425 -28.1964914
v 12.05765227 12.52413793 -27.69368411
v 13.83037069 12.37532248 -28.46106253
v 14.80075292 12.45337917 -28.48531196
v 15.72548855 12.65242794 -28.21845722
v 16.53150971 12.93527091 -27.73519112
v 17.14427665 13.28470154 -27.05348241
v 17.56304516 13.66264573 -26.26671285
v 17.66170531 14.04832596 -25.39353839
v 17.48119696 14.40702905 -24.52472108
v 17.03590892 14.71460458 -23.73126425
v 16.38492236 14.94916176 -23.05274538
v 15.55722645 15.07486508 -22.56288503
v 14.61296164 15.09598168 -22.28598213
v 13.63783215 14.99969816 -22.24580898
v 12.71384672 14.78924637 -22.49025377
v 11.90938522 14.51393839 -22.9426432
v 11.31029966 14.16860385 -23.61274183
v 10.92129979 13.79035958 -24.40573654
v 10.80675718 13.40578364 -25.28125162
v 10.9633807 13.04737463 -26.17048034
v 11.21361553 6.23662522 -20.63763018
v 11.18705924 4.817381 -22.32716654
v 11.06383683 5.5205394 -21.47380933
v 18.35379527 5.01776212 -22.9931931
v 18.61148408 5.51591217 -22.46036435
v 18.64167058 6.21150256 -21.62606219
v 18.3557998 6.87736107 -20.80802885
v 17.86485616 7.51052891 -20.06896143
v 17.10983202 8.02247662 -19.48187831
v 16.21241713 8.37678654 -19.0442423
v 15.2175229 8.52098076 -18.80300835
v 14.18911879 8.42742796 -18.77662386
v 13.21870805 8.11113212 -18.97695696
v 12.35827046 7.61905568 -19.35996949
v 11.69339321 6.96341788 -19.92568545
v 11.32188573 5.18358607 -19.82432608
v 11.1307013 4.28374954 -20.57804038
v 11.27467572 3.44492519 -21.2699773
v 18.55850504 3.52019114 -21.84517653
v 18.79699325 4.21147238 -21.48985384
v 18.78496157 5.03214793 -20.77631794
v 18.46084265 5.87066021 -20.03080932
v 17.9008447 6.60859782 -19.36091624
v 17.14518289 7.18460651 -18.83028258
v 16.25592416 7.57681048 -18.42389085
v 15.28444064 7.74199226 -18.20155441
v 14.28428151 7.65494519 -18.17304086
v 13.33854031 7.3132146 -18.34407269
v 12.49198741 6.7722312 -18.67702445
v 11.82297806 6.04997574 -19.17776869
v 12.57612146 6.13006097 -17.86151628
v 11.39388607 4.40338526 -18.83946801
v 11.89135644 5.34834175 -18.29798048
v 11.30439485 3.30945728 -18.87882457
v 11.59112535 2.24356273 -18.77700871
v 12.13157762 1.35226646 -18.90574958
v 18.67524348 2.0895679 -18.98973547
v 18.95614194 3.06906355 -19.04468604
v 18.93874033 4.12404121 -19.2813569
v 18.58682354 5.1252206 -19.09171788
v 17.98699004 5.92559277 -18.52881967
v 17.21434222 6.54359459 -18.0513586
v 16.32823733 6.96276971 -17.68900655
v 15.35980712 7.15996398 -17.46634902
v 14.36295037 7.07405721 -17.42543168
v 13.42403448 6.70594363 -17.57326136
v 13.57109746 5.85438989 -13.35060651
v 12.09615473 4.29145559 -13.59182846
v 12.72427598 5.16429096 -13.42766694
v 11.78793627 3.35794413 -14.04660351
v 11.80850373 2.42295028 -14.55585041
v 12.14164304 1.55189138 -15.04728924
v 12.71382571 0.8031569 -15.32801992
v 13.50327198 0.41487797 -15.48554767
v 14.48251706 0.24190612 -15.56563918
v 15.5491243 0.15677956 -15.37431643
v 16.60111767 0.13554593 -15.09771258
v 19.35705872 1.75013593 -14.14040987
v 19.44199323 2.83163461 -14.0261921
v 19.20807673 3.91638016 -13.89777606
v 18.68897212 4.88450879 -13.76998718
v 17.86019893 5.64371005 -13.63292735
v 16.86675408 6.20547696 -13.48955084
v 15.73947376 6.44957967 -13.36799462
v 14.59373704 6.30081223 -13.32485068
v 13.75126822 5.47203454 -12.22162399
v 12.39866717 2.32239962 -12.66025326
v 12.74293193 1.45129871 -12.85400937
v 13.32146129 0.75945932 -13.0182249
v 14.09945502 0.38863302 -13.15258008
v 15.01482967 0.21801979 -13.23737168
v 15.97189287 0.13647017 -13.24576528
v 15.53362369 0.4002761 -11.86950015
v 16.4231735 0.2908731 -12.0144787
v 16.0308585 0.80723198 -11.04046288
v 16.88199662 0.71199273 -11.31650831
v 17.71956365 0.70344647 -11.84447632
v 17.2738825 1.36515187 -10.93787619
v 18.13630062 1.43926552 -11.60930642
v 18.8948537 1.56642123 -12.69264816
v 18.45874209 0.7371454 -12.79429073
v 18.97133347 0.78339966 -14.30039311
v 19.10373607 2.56616624 -12.61473382
v 18.94367214 3.602677 -12.55292306
v 18.49482966 4.53566032 -12.48381924
v 17.78624282 5.28320048 -12.4144371
v 16.85788673 5.81926258 -12.31638161
v 15.80207485 6.02839402 -12.23095496
v 14.72422363 5.88842492 -12.21201919
v 14.91793398 5.19243242 -11.22917541
v 14.06114236 4.81233366 -11.22267268
v 15.1462165 4.38219364 -10.53218815
v 14.31497515 4.04435208 -10.558977
v 15.39626228 3.6392387 -10.17561037
v 14.56120842 3.28273219 -10.30208603
v 13.78542477 2.85822166 -10.73784954
v 14.87012681 2.57274399 -10.2727615
v 14.12646818 2.10395372 -10.74267782
v 13.41631793 1.68935782 -11.56598544
v 13.06644769 2.49839628 -11.48730346
v 14.61874567 1.47000567 -10.79940711
v 13.96716195 1.03154744 -11.66456044
v 15.25594508 1.03813719 -10.89096625
v 14.68806555 0.61919013 -11.76373167
v 15.64499521 2.98569545 -10.10118014
v 16.43783538 3.28649519 -10.18958208
v 17.27013601 3.60149469 -10.54878105
v 17.49085802 2.8995006 -10.61271787
v 17.49876512 2.13210118 -10.73238397
v 18.02968535 4.08207808 -11.36744981
v 18.37336196 3.23396326 -11.38543883
v 18.38274695 2.32429012 -11.47118581
v 3.86312579 98.14656396 66.84808727
v 6.78369124 97.316799 67.03645921
v 5.30721285 98.53001761 66.76690375
v 7.8270093 98.13257425 67.24176163
v 8.44359625 99.51251405 67.46171994
v 8.36639103 100.93314764 67.83458678
v 7.89871181 102.36205441 68.21297508
v 7.08052392 103.72449958 68.60389471
v 7.84580628 99.06714499 71.57511433
v 7.92825089 97.86887335 71.19677403
v 7.29463068 98.11433242 74.33325346
v 7.26973008 96.95936225 74.09140135
v 5.64746629 96.34730201 80.46142994
v 4.79550483 93.80066494 79.70823028
v 4.21986899 95.30286915 79.28377376
v 3.31757893 94.8779205 80.71897621
v 2.18594689 94.8692302 82.06467093
v 3.41821923 95.22205172 78.83936796
v 2.3622545 95.47233907 78.1216317
v 4.42093091 96.77119437 72.88512959
v 5.48195892 96.81991529 73.10302335
v 6.42432497 95.19919766 73.43483931
v 7.02981723 95.95083691 73.78818897
v 6.92082459 96.00977854 70.35337046
v 5.80705122 97.66429112 70.11657169
v 7.6923471 96.78004072 70.76799637
v 4.56896878 97.56873979 70.04054354
v 3.01402296 96.69529225 72.80266173
v 3.21252971 97.29572142 70.04900578
v 2.47595689 97.74891355 67.13219659
v 1.81186998 110.47338159 66.65281351
v 0 110.78454907 66.26809353
v 4.86211236 109.69414102 66.88826792
v 5.00125812 108.87575508 67.05205134
v 5.59690439 108.18410474 66.91277842
v 6.35573054 107.62775426 66.65963732
v 8.8634833 109.89694378 64.40120865
v 7.90610952 111.25414956 65.41024413
v 16.81282379 44.26111185 22.69976031
v 18.66819161 44.57555321 22.84718039
v 20.4060873 44.71306466 23.54301984
v 21.92414321 44.68307171 24.69994052
v 13.38179078 3.42355352 -24.35336965
v 14.4751036 3.30983538 -24.64630881
v 15.61139981 3.40995992 -24.66255962
v 16.66019733 3.72953263 -24.37153647
v 12.07683186 3.94390946 -23.52040435
v 12.88970834 0.85325818 -19.06710911
v 13.91697665 0.58298253 -19.41419349
v 15.0356792 0.48557671 -19.67168312
v 16.18073023 0.53678829 -19.58821112
v 17.22894259 0.7597774 -19.24880615
v 18.1053069 1.27406573 -19.04600639
v 8.78771097 34.2998843 -15.43635291
v 9.07852931 32.85246262 -16.31328737
v 0 104.18929879 77.51027964
v 0 96.10074765 75.38604654
v 1.4458894 96.08786824 75.49535351
v 2.74831509 96.06147924 75.59948112
v 3.91957488 95.99662905 75.86224277
v 4.85091376 96.06139222 76.19339855
v 5.60991471 94.4999283 76.57153479
v 6.09463208 95.22315602 76.93042993
v 6.34414447 96.14133941 77.20584294
v 6.47104811 97.23082021 77.3973417
v 6.42413367 98.49095025 77.50056906
v 6.07275103 99.88160889 77.53196939
v 5.37662612 101.23019038 77.52177868
v 4.38213025 102.41684894 77.51841779
v 3.10557292 103.34261834 77.50875523
v 1.59951494 103.90137846 77.48413671
v 0 106.61171193 71.1962759
v 0 97.17744206 68.64817445
v 1.46885702 97.32317269 68.6566967
v 2.84424396 97.52232348 68.59060718
v 4.21044686 97.85759036 68.43943911
v 5.55704295 98.09554744 68.44168371
v 6.83081273 96.52516816 68.57418083
v 7.8106137 97.37577364 68.92063467
v 8.18290139 98.63650684 69.3274105
v 8.10575169 99.99394067 69.70463449
v 7.70286039 101.37165988 70.06446588
v 6.97139474 102.74459582 70.41473073
v 5.94113914 104.02436306 70.72904605
v 4.63500953 105.10161262 70.9669011
v 3.15335477 105.94098313 71.11664079
v 1.57868398 106.38850676 71.17048107
v 16.37289067 5.45139507 26.15008693
v 16.41796111 6.05428488 25.97565369
v 15.01471564 6.66330232 27.21116821
v 15.32648778 5.88973926 27.021752
v 17.51213966 5.24549849 25.77307599
v 17.55247485 5.84854434 25.59947998
v 18.75005181 5.20044454 25.74259391
v 18.78478002 5.80577101 25.57294094
v 19.92596603 5.3172415 26.0330019
v 19.95423052 5.92720119 25.86774209
v 21.05858326 5.69983092 26.8387905
v 21.48115378 6.46655217 27.02758854
v 15.176409 4.32976374 27.79681545
v 14.77573229 4.61764205 28.18910044
v 14.88421554 2.45724937 29.57774555
v 15.16527305 2.64724173 29.02124803
v 20.97940427 4.14127178 27.55963258
v 21.44005489 4.40298915 27.90774286
v 20.97067046 2.32037709 29.13434501
v 20.65571447 2.57510861 28.53812596
v 16.00306963 1.3343157 29.24964157
v 16.07088911 1.95361987 28.55362507
v 17.19068995 0.9698931 28.85127097
v 17.21157549 1.45794247 28.27868919
v 18.47517595 0.94921762 28.85569114
v 18.49715527 1.58752282 28.12301692
v 19.73619272 1.30094685 29.03517772
v 19.7029229 2.00698001 28.23342519
v 16.14193294 47.93195193 23.56138171
v 16.34503578 46.91949555 23.29664854
v 18.17469579 48.39990498 23.78998531
v 18.31525906 47.37970654 23.50667421
v 20.1095982 48.58080193 24.57992971
v 20.19113882 47.55720959 24.28567171
v 21.86006872 48.47088879 25.90727457
v 21.85748504 47.46097408 25.54010924
v 13.83800771 47.11789614 24.10707637
v 14.84364629 46.38915896 23.62291902
v 22.82448237 47.17030803 26.90800384
v 23.24712791 48.02155568 28.01114727
v 14.90871704 43.74670649 23.28344504
v 13.94911817 43.45065702 23.69670258
v 14.26094883 41.89400037 23.53608501
v 15.21403747 42.14075278 23.11961361
v 23.03669713 44.37490502 26.41303164
v 23.50855421 44.21425443 27.35478628
v 23.01934353 42.76860622 26.0349014
v 23.49542573 42.63787356 26.98019098
v 15.69948216 38.7407285 23.23911729
v 14.89441975 37.56169796 23.72042087
v 17.48554661 37.90889299 22.75659538
v 17.39545673 38.96748661 22.68416818
v 19.09959797 38.09368798 22.85578967
v 19.04354311 39.15461621 22.79164467
v 20.63155507 38.20828836 23.41363755
v 20.60622985 39.27059095 23.3647816
v 21.94958695 38.24872407 24.37293184
v 21.95221715 39.31259009 24.34767715
v 22.93795295 39.2790712 25.87013072
v 23.39298457 38.20099342 26.76039171
v 15.78556748 39.26293892 -12.26388269
v 15.70537122 38.32746195 -12.61369817
v 17.64418517 39.64353281 -13.69037758
v 16.88032068 38.55067011 -13.47597224
v 13.92687327 38.97788436 -11.63672694
v 13.91382431 38.04542918 -12.0096598
v 11.9189195 38.70390573 -11.61420822
v 11.99133919 37.77918661 -12.00090573
v 9.97602147 38.49155144 -12.1975276
v 10.13381079 37.57171161 -12.56483247
v 7.73088782 36.99928287 -14.82881336
v 6.98230713 37.73420768 -15.41362038
v 7.88425773 34.5586609 -16.56394231
v 8.46715249 34.36143362 -15.7732087
v 8.26673687 38.43413422 -13.28398285
v 8.45063386 37.4645292 -13.70269584
v 9.09429699 31.76802915 -17.44432018
v 8.54574408 31.75104165 -18.40324538
v 8.22190198 33.22333393 -17.30793553
v 8.82347595 32.92625818 -16.56659051
v 17.44957458 35.33219095 -15.85253473
v 16.74516485 35.06236242 -15.19687443
v 17.28237175 33.75706441 -16.66180425
v 16.58341897 33.47699717 -15.99454888
v 16.48102583 31.84370321 -17.13849111
v 17.11731 31.43341345 -18.30579755
v 15.27798593 30.5142698 -16.95014319
v 15.28300776 31.27821831 -16.30407943
v 13.96090229 30.21342505 -16.59871253
v 13.93843984 30.96793606 -15.94215649
v 12.55412638 30.09887869 -16.61349295
v 12.50314061 30.84948866 -15.95297585
v 11.18661963 30.19061901 -17.00296169
v 11.1020182 30.94143004 -16.34291422
v 9.52768687 30.58876455 -18.12291707
v 9.33988284 31.46914392 -17.43988051
v 14.9289259 25.46167745 -31.16866527
v 14.93295296 24.80492335 -31.4781103
v 16.03444295 24.49794798 -30.55946778
v 16.48978665 25.00926252 -29.82434492
v 13.69667775 25.57141654 -31.55170481
v 13.7047754 24.91649893 -31.86244018
v 10.11111953 24.98157418 -30.43419358
v 10.12903428 24.32318465 -30.73850724
v 11.16874239 24.64302744 -31.44851346
v 11.1597235 25.29674173 -31.13580056
v 12.63575852 21.04710522 -32.26565106
v 12.71741016 20.35106471 -32.07882754
v 13.88938433 21.16996379 -32.25100418
v 13.94666952 20.4705924 -32.0669744
v 15.0824796 20.58530681 -31.67792127
v 15.04553981 21.29038271 -31.85565238
v 11.46419396 20.94600842 -31.87991381
v 11.56779192 20.24949979 -31.7022037
v 12.38451467 24.86449515 -31.86521892
v 12.37627148 25.51875558 -31.55311818
v 16.0644284 22.99726818 -31.02229547
v 16.55156703 22.92132104 -30.48242236
v 9.39094887 23.86234649 -29.56139721
v 9.08459391 24.31193467 -28.72721809
v 9.21556438 22.25121641 -29.33676067
v 9.49545083 22.38299934 -29.99935431
v 16.08269124 21.38539089 -30.93139538
v 16.54103274 20.72720842 -30.32414841
v 9.60528369 20.13208767 -29.22794882
v 9.74956794 20.83405474 -29.93436308
v 10.45801899 20.87184676 -31.12639907
v 10.57714006 20.17216329 -30.96103123
v 11.01242045 7.09758944 -22.23529719
v 11.15515328 7.74737569 -21.39125295
v 11.61677615 8.40445387 -20.66309643
v 12.26849341 8.99802922 -20.07650393
v 13.11773578 9.44675617 -19.67961722
v 14.07886056 9.7418844 -19.47046328
v 15.09661035 9.83597734 -19.4996025
v 16.08137839 9.71640165 -19.74797084
v 16.96485159 9.40781184 -20.19605262
v 17.69906671 8.95134284 -20.80142259
v 18.18087893 8.38329826 -21.55136639
v 18.44567663 7.77886604 -22.37955893
v 18.40179599 7.14526008 -23.22163315
v 18.14044171 6.71207725 -23.75834492
v 11.14232413 6.46337733 -23.0958308
v 11.8661355 4.07717478 -23.32357167
v 11.53955368 4.36647547 -22.92207274
v 11.89112538 2.89051022 -22.55365458
v 11.7286143 2.63874948 -21.81368318
v 13.44535513 1.96790365 -23.4557222
v 13.53098583 1.39253113 -22.57833762
v 14.60409879 1.76426967 -23.75098322
v 14.67991689 1.26325686 -23.10123148
v 15.80788439 1.82959099 -23.76473287
v 15.87668213 1.38248447 -23.28702574
v 16.88396965 2.26909949 -23.50517831
v 17.00938789 1.72621359 -22.52010269
v 18.03334633 4.64879031 -23.40569894
v 17.64088729 4.34956299 -23.72436542
v 17.76134222 3.04669562 -22.9968023
v 18.02672657 2.77182276 -22.21933371
v 12.41092992 1.86274378 -21.93627692
v 12.26814157 2.58508326 -22.79266344
v 17.41451778 5.78714807 -24.42675711
v 17.66148775 6.37922302 -24.38365668
v 11.54738426 6.12062647 -23.85817539
v 11.81856464 5.53821408 -23.97852079
v 16.44517833 5.78213674 -25.25646805
v 16.50133071 5.24609264 -25.02536629
v 15.42524846 5.48664241 -25.54039431
v 15.4732822 4.95078436 -25.31388227
v 14.32706986 5.39133114 -25.52220049
v 14.36524147 4.85460887 -25.29634862
v 13.26738095 5.48676244 -25.23698689
v 13.29715934 4.94975809 -25.00699992
v 12.07240943 5.92241192 -24.48271594
v 12.07358274 5.39750078 -24.22740526
v 0 94.48524241 82.56070242
v 0 86.08980292 76.79770475
v 1.34021057 86.35141977 76.49152158
v 2.40254581 87.14818348 75.58254463
v 3.08190489 88.2075663 73.74537362
v 3.60358212 89.40054004 71.42747519
v 4.37579557 91.28418586 68.42002997
v 5.03708987 93.36808527 66.0891681
v 5.17512196 94.23647046 65.3143387
v 5.47193664 95.10259606 64.88454677
v 5.82407398 96.11198863 64.97962398
v 5.92525518 96.86909232 65.44678181
v 5.77635458 97.69295172 66.26551884
v 5.83264238 97.80049122 67.05343171
v 5.99019914 97.31007122 68.71858511
v 6.14872592 96.83703783 70.38435068
v 5.76571414 96.00955047 73.31064239
v 5.09186789 95.28066326 76.31367044
v 4.41802201 94.55177004 79.31669849
v 3.62075492 94.22273282 80.82171744
v 2.41120591 94.15962609 81.99537656
v 1.22397495 94.25370703 82.51112928
v 0 95.42361215 58.98147197
v 0 100.05985614 57.60625542
v 1.71975869 94.89460492 59.20966446
v 1.85284715 99.42256221 58.14756291
v 0 93.09220714 59.61754458
v 1.69859426 93.48413803 59.55185117
v 0 89.44412809 60.60301781
v 1.8307643 90.41572865 60.53051859
v 3.64310822 94.17077405 59.58454783
v 3.49702725 95.5988376 59.1611596
v 3.6708682 91.6366743 60.39204389
v 5.53176612 93.59505343 60.17608864
v 5.74145158 96.11727603 59.25654289
v 6.81778927 95.20505522 60.03960646
v 7.76916972 97.33247816 59.22286796
v 5.75603995 97.61236235 58.8906799
v 7.98900724 98.54919869 58.90842661
v 8.05269013 99.72524344 58.60279559
v 5.78648377 99.85438267 58.29157109
v 3.62677602 99.15924841 58.36801935
v 4.75780658 94.740226 64.95679993
v 4.64730192 94.93050044 64.57513475
v 4.83725527 94.981655 64.03528565
v 5.48221249 95.98672943 64.9091593
v 5.32762051 95.95190819 64.71152091
v 5.4136083 95.97601358 64.24576744
v 0 97.56260616 66.28408777
v 0 97.59639512 66.08894004
v 0 97.63015407 65.8937803
v 1.15016992 97.59391046 66.60632519
v 1.13348193 97.55828502 66.41830735
v 1.15516999 97.62675117 66.0669322
v -0.00000006 93.01777841 65.30664466
v -0.00000004 93.10568971 64.86488556
v 0.00000003 92.92106277 64.49142456
v 1.2674922 93.10390124 65.24141937
v 1.27371745 93.17223835 64.79075391
v 1.32347645 92.95849469 64.35956961
v 2.48048772 93.38772848 65.13768788
v 2.50550029 93.48673672 64.6786682
v 2.60743956 93.32777258 64.17980996
v 3.62511658 93.87377632 65.03887168
v 3.65367515 94.05329591 64.58414314
v 3.8319314 94.00937326 64.03727818
v 5.58149755 96.62714719 65.26520368
v 5.42879045 96.51105842 64.98621972
v 5.51448567 96.5837917 64.41645869
v 5.33136662 97.37853437 65.74962809
v 5.1587665 97.16415454 65.30018695
v 5.1839473 97.26795206 64.69463243
v 4.15374008 98.16795963 66.00444964
v 4.12923333 98.05682517 65.65792378
v 4.13470979 98.0252568 65.07901032
v 2.39840433 97.89225855 66.42409888
v 2.39303085 97.85907875 66.14648929
v 2.4839285 97.90902399 65.60661618
v -0 98.67814587 61.94720013
v 1.50474203 98.50006967 62.03136044
v 3.0510826 98.3424979 62.0051695
v 4.70374838 98.36894091 61.88196884
v 6.16236453 98.0686273 61.83345198
v 6.60311237 97.39542585 61.82403548
v 6.53414133 96.47059269 61.86060318
v 6.06101492 94.95320746 62.06008406
v 4.73766262 93.32573804 62.26481633
v 3.14487677 92.10691695 62.51158974
v 1.60774949 91.26091469 62.73029372
v -0.00000001 98.16275925 63.98183548
v 1.33481636 98.08451051 64.0532064
v 2.7573081 98.09332985 63.88824667
v 4.31427701 98.124085 63.59640131
v 5.48880036 97.6182109 63.3760709
v 5.9373889 96.91076737 63.23188868
v 5.89759647 96.14824124 63.15364594
v 5.4315373 95.00649258 63.22588109
v 4.22400183 93.774498 63.32584359
v 2.77305646 92.92558797 63.60888462
v 1.41772328 92.34819591 63.93074994
v 1.68091714 99.05159487 60.00206051
v 0 99.36899501 59.79125463
v 0 89.99147619 61.6879254
v 1.7498381 90.51956517 61.60874641
v 3.4612964 91.52853163 61.42588394
v 5.18524814 93.08051304 61.18293354
v 6.51066461 94.9910865 60.91465642
v 7.21164893 96.93213003 60.51925361
v 7.34464493 98.00054825 60.36521678
v 7.31905865 98.9611719 60.22565578
v 5.26751832 99.04372678 60.09275055
v 3.37219116 98.85884477 60.09721573
v 0 56.57471698 50.54151868
v 0 56.876573 -29.81429825
v 1.45909093 56.9124085 -29.86914379
v 2.9191228 57.00225831 -29.9887735
v 4.40056976 57.15892984 -30.20576402
v 5.93812071 57.39424022 -30.47382208
v 7.54165616 57.7755633 -30.70509639
v 9.22907997 58.28590859 -30.83399856
v 10.95440007 58.90070556 -30.7289047
v 12.65031838 59.57683279 -30.35513762
v 14.24797789 60.27036463 -29.71699146
v 15.70275152 60.93280223 -28.83832554
v 16.97931992 61.52866419 -27.75685386
v 18.07642725 62.0293049 -26.52906039
v 18.96330634 62.42741837 -25.19270265
v 19.65966643 62.73095502 -23.78224701
v 20.13867741 62.98624882 -22.31180922
v 20.40510754 63.2949715 -20.85707085
v 20.43040124 63.75233286 -19.4593262
v 20.15982402 64.47824837 -18.12565042
v 19.43754305 65.50020882 -16.86076975
v 18.51809182 66.59356918 -15.67445402
v 17.49973888 67.67521397 -14.48830653
v 16.50975545 68.65865285 -13.2193174
v 15.75125338 69.3667468 -11.75118047
v 15.2111042 69.94709127 -9.73634906
v 14.86191213 70.57896126 -6.63281874
v 14.90696458 71.17871075 -1.27909806
v 15.32735801 71.6625305 5.47903839
v 15.9731382 72.15455443 12.57395413
v 16.74969755 72.33618807 17.8080466
v 17.52179022 72.26955466 21.40473402
v 18.67611521 71.45142904 25.42217198
v 19.23462326 70.90614024 27.11174885
v 19.73103885 70.33064731 28.77440259
v 20.23170807 69.70358009 30.36095016
v 20.74079002 69.00659546 31.88955537
v 21.25114431 68.23960226 33.39842734
v 21.72860838 67.42031984 34.94583854
v 22.09156959 66.59927219 36.61278642
v 22.27765642 65.77521756 38.39584707
v 22.18465577 64.92530834 40.25245123
v 21.80515867 64.01951403 42.09460955
v 21.10936272 63.06322747 43.85571039
v 20.05155382 62.05016343 45.41444358
v 18.726227 61.0177405 46.74624462
v 17.1787948 60.01290201 47.849211
v 15.4389546 59.09951426 48.72227443
v 13.58549828 58.32379063 49.40904248
v 11.6578788 57.71916035 49.88375032
v 9.70278179 57.29102486 50.18053499
v 7.73370332 57.01131471 50.34034535
v 5.77394194 56.82455121 50.42837669
v 3.83457885 56.69446672 50.48439554
v 1.91283699 56.61096059 50.52153338
v 0 117.48711981 51.98493731
v 0 49.4815207 25.18975737
v 1.34990202 49.55591642 25.2094816
v 2.677709 49.67273738 25.08379628
v 4.31201066 49.93248624 24.77213366
v 6.36525356 50.4695266 23.64938304
v 8.45697679 51.3224787 22.79520961
v 10.38870811 52.47613452 22.18194905
v 12.08255212 53.83348433 21.79097541
v 13.51690159 55.27834933 21.58718839
v 14.66157753 56.74646451 21.51994356
v 15.57283809 58.18803464 21.52934806
v 16.28485183 59.58537268 21.59676693
v 16.87656668 61.00785775 21.70324715
v 17.41008261 62.73092914 21.88679081
v 17.97756454 65.35512852 22.26912516
v 18.27057571 67.92928963 22.70812653
v 18.28085344 69.90792976 23.06597739
v 18.11369112 71.91897098 23.56467959
v 17.82881961 73.97932089 24.34375211
v 17.37438064 76.15419091 25.71660703
v 16.51251618 79.88719172 29.78992279
v 15.44608749 83.35497997 33.24063952
v 13.68724625 87.00295398 36.86458316
v 12.04774139 91.06977603 40.21766601
v 11.68678921 95.09158614 42.26587095
v 11.67100953 98.48656609 43.84296301
v 11.72864056 101.25600922 45.11738884
v 11.77964208 102.47576656 45.70583883
v 11.83516654 103.56394501 46.22202366
v 11.87802541 104.58293713 46.70653209
v 11.97150544 105.57337368 47.11702291
v 12.07895042 106.59013621 47.48981173
v 12.18833541 107.72026578 47.8677199
v 12.29068429 109.11335207 48.31400421
v 12.49722755 111.12663075 48.89699275
v 12.72187985 112.41002596 49.22192488
v 12.96407555 113.72456642 49.55428098
v 13.4165685 116.69923095 50.26639375
v 13.50022317 118.37599143 50.64064096
v 13.53760558 120.05473244 51.04889318
v 13.53408115 121.67183711 51.49691194
v 13.19747292 124.34093664 52.66516963
v 12.93965958 125.33849707 53.27533937
v 12.74240529 126.17071368 53.80454766
v 12.61100196 126.8751084 54.26014042
v 12.49255006 127.48204929 54.67697492
v 12.32918375 128.03291132 55.06099272
v 12.09822828 128.49893485 55.42184437
v 11.80262967 128.8412656 55.73411915
v 11.46868915 129.0212293 55.89943897
v 11.12682878 129.08441405 55.87994581
v 10.75699349 129.02174544 55.81424039
v 10.34633088 128.83029469 55.73522344
v 9.92390815 128.52242508 55.62097716
v 9.49701949 128.12185489 55.45014788
v 9.03771174 127.64697301 55.23854378
v 8.47278799 127.0554082 54.98280399
v 7.85667516 126.32529066 54.71468892
v 7.23770109 125.41424915 54.41577368
v 6.18951873 123.2754742 53.71409168
v 5.68951681 122.19450366 53.28069279
v 5.13844398 121.11221276 52.85837284
v 4.47642874 120.04028061 52.54458566
v 2.54148414 118.31798006 52.12571062
v 1.336158 117.74934132 52.02496792
v 0 90.6098411 62.78119921
v 0 92.06461474 63.86869949
v -5.97403423 109.67628629 65.88204119
v -6.81501879 109.60883141 65.2396189
v -7.81098955 109.37373409 64.71419762
v -7.76423641 110.04304951 64.98040418
v -6.06182438 108.90757252 65.83008542
v -6.79866896 108.73185194 65.3667746
v -7.59024204 108.7211421 64.96154718
v -6.95192633 110.34167667 65.55279391
v -6.18046908 110.31833349 65.96665162
v -8.14496158 109.30658529 64.72598474
v -7.95328202 110.15641657 65.06437844
v -7.7896674 108.53260812 65.06577081
v -6.90069675 108.39960687 65.6621309
v -6.03054109 108.78215127 66.11052776
v -5.70893309 109.67612425 66.21213469
v -6.07145618 110.47743866 66.15748421
v -7.04736588 110.64988237 65.77237412
v -7.11580427 111.05234606 65.9288536
v -5.86605211 110.73649433 66.3626966
v -8.20804131 110.34354917 65.11016458
v -8.52868755 109.22497266 64.66992388
v -8.11383058 108.20401202 65.15575867
v -7.033674 107.96649906 66.00250512
v -5.91492532 108.54077929 66.49707222
v -5.40517269 109.67538305 66.55387128
v -7.08705065 111.6794823 65.79943529
v -5.43575455 111.12702986 66.39127618
v -8.49183629 110.63670288 64.87014896
v -9.05796561 109.1145944 64.24924837
v -8.59713945 107.65871947 65.12226379
v -7.16117255 107.27077963 66.30450518
v -6.75110035 112.69861546 64.71890286
v -4.433999 112.28676829 65.21316388
v -8.74890918 111.14375329 64.26121554
v -9.35881111 106.69381069 64.72691499
v -7.37524104 105.72152895 66.55478352
v -3.50089565 109.95738281 66.97385661
v -4.91964136 107.76341422 67.38962883
v -6.17979203 106.81227009 67.03594307
v -6.43278197 108.17239564 66.29017338
v -6.41586723 108.53098469 65.92062542
v -6.34691795 108.79332623 65.58997377
v -6.31847416 109.66894034 65.55221776
v -6.4962893 110.36057869 65.80552091
v -6.5126924 110.64768579 66.00886681
v -6.44250154 111.02827968 66.15704609
v -6.19096511 111.6617236 65.97378151
v -5.46566722 113.10635154 64.38203957
v -7.85631957 112.05238215 64.72361411
v -7.77021925 110.79481779 65.57473573
v -7.58646329 110.47463592 65.42535613
v -7.43422168 110.20563861 65.2358739
v -7.34912287 109.48303806 64.95222071
v -7.25594667 108.71010817 65.13309066
v -7.38825549 108.39502765 65.3546934
v -7.62170913 107.96760935 65.59177425
v -7.94048438 107.27325829 65.72543568
v -8.43074984 105.86056181 65.67773503
v -9.41203621 110.0784739 63.51129275
v -8.45071263 109.80474134 64.77475967
v -8.11509542 109.75597241 64.81195153
v -7.80543283 109.75528223 64.81698086
v -7.37836487 109.8777627 65.05594021
v -6.87288463 110.00453731 65.3679029
v -6.40126986 110.05264906 65.65711957
v -6.05454745 110.06055916 65.92804339
v -5.80640455 110.13122189 66.2053649
v -5.52327537 110.25411946 66.48142008
v -5.02971804 110.43069227 66.63992209
v -3.43274383 111.37377927 65.85394774
v -3.70713769 108.70224909 67.55755334
v -5.53622005 109.06774598 66.58276294
v -5.78922612 109.19592196 66.18495949
v -5.98095969 109.25707817 65.83649512
v -6.29775742 109.22581888 65.48492792
v -6.78309108 109.14928959 65.22055184
v -7.27866194 109.07758859 64.98166452
v -7.70374713 108.9957809 64.78703292
v -8.03304017 108.85724618 64.8337373
v -8.41528374 108.64589115 64.82225026
v -8.92394708 108.30262716 64.62596223
v -9.61617433 107.78519099 64.18914243
v -4.04584685 113.2076704 64.06259889
v -2.62568589 113.08875788 64.14522879
v -8.54593087 104.38270005 65.81599368
v -9.6660483 104.60036575 64.62569816
v -1.33481599 112.98529045 64.28525791
v -1.61421621 111.55743995 65.65180216
v -12.84146905 114.36756787 55.97751367
v -7.1466352 65.17184405 -33.1983313
v -0.54681399 98.50260534 85.411074
v -8.1057952 98.77263192 65.06909569
v -1.80997273 48.95665606 -10.86125125
v -6.74825559 91.81930871 61.88270704
v -2.99591991 117.97442499 56.18212591
v -3.34848487 117.59125941 48.66228853
v -8.4979249 114.96752591 59.91385513
v -18.73653473 2.86924058 40.54211801
v -1.88809262 109.40294083 67.42879521
v -6.28092446 95.24369346 64.52293291
v -22.0644469 3.69649387 38.70471895
v -12.89719382 3.89156958 -11.54397573
v -0.52990137 86.110855 74.67869303
v -0.62924819 84.19606242 73.68726022
v -20.22379197 0.6756591 39.24743081
v -9.78107104 118.58849576 56.56133643
v -3.97372161 46.877819 -23.07596329
v -16.11850873 1.97460743 -10.21130596
v -17.4798496 0.07817072 -13.38847693
v -16.57193343 4.56357372 -10.74940598
v -16.13409787 43.84127656 -10.65037823
v -19.00552753 66.35114448 -19.80201404
v -14.49874536 71.90268491 -15.86946625
v -10.94235713 51.11750037 43.61606086
v -19.35901074 54.70839025 26.43837635
v -15.41969249 4.33453501 38.27756772
v -10.48356626 127.07694191 53.58634181
v -10.38282655 124.76186422 53.92707614
v -11.47784307 129.05917136 55.73978465
v -11.36418795 128.68325571 56.41591188
v -1.5224938 94.92135101 80.64046339
v -1.96161492 96.49195235 84.17801114
v -2.32367459 74.54140439 -113.67453416
v -13.67025725 114.05325555 54.98223384
v -13.68594991 112.12818225 55.42802601
v -13.11297502 112.23091448 56.46165001
v -13.1891127 117.11575337 54.30086722
v -11.74807371 113.63535877 57.57851607
v -11.01509266 114.94012865 57.56305597
v -11.91599222 115.64928263 56.15345631
v -12.38437588 117.40587027 54.85235341
v -12.22047168 111.98863626 57.64439553
v -7.02596421 66.60644259 -33.45397807
v -6.64207845 66.30824267 -35.85177718
v -6.45854379 65.12475327 -35.81263781
v -6.06832936 63.89953412 -33.89684447
v -6.64728708 63.22497147 -32.49961108
v -7.95579219 64.10498184 -31.84832294
v -9.3803103 64.93379714 -30.71740115
v -8.51029343 66.02567333 -31.23577656
v -5.76546545 64.03420569 -35.97385705
v -7.99575228 67.14238766 -31.54026128
v -8.0572926 103.15039939 67.0217313
v -7.13710242 104.5499824 67.47426326
v -8.9042056 102.36693671 65.57635616
v -8.57771305 101.62171616 66.67627973
v -9.66216302 103.00842276 64.50315167
v -0.73510598 98.99750253 85.53620717
v -7.86971362 98.53259229 66.20250814
v -8.57872057 100.04595646 66.41684296
v -8.86243452 100.64496024 65.37314229
v -7.79235611 97.62247803 64.29965573
v -6.56812909 96.51878546 64.82109195
v -6.76121528 97.3235928 65.37479873
v -6.75901644 97.56697232 66.16787896
v -9.22265226 100.0468807 63.93492704
v -8.98567194 98.83492543 63.41463112
v -9.52658933 101.52041531 64.25915099
v -1.348881 49.34376918 -8.6499692
v -3.16002329 49.64154712 -8.01427844
v -3.70816397 49.32343579 -9.40723307
v -4.44807085 48.61482945 -10.40051662
v -2.96344605 48.17822721 -12.16226319
v -1.15549774 48.54541655 -13.8367742
v -2.06087505 47.86269957 -14.52166518
v -5.72896152 89.89974487 61.44123001
v -5.56064203 91.39980351 63.45861678
v -6.05394842 92.37977028 63.8344304
v -8.0763439 92.39009902 60.84898101
v -6.06467289 93.46941613 64.66910766
v -6.67707822 94.16046932 63.59233223
v -7.73924129 95.13585387 62.56413367
v -1.43780395 117.310529 56.11121111
v -1.40666694 117.5500885 55.06902285
v -2.64640301 118.18982208 54.94489794
v -4.21523276 118.19615976 57.20889009
v -2.86175697 117.19982365 57.80831699
v -1.43885797 116.89415062 57.56065533
v -4.17009404 117.33310698 58.31782805
v -4.50139911 119.95825086 54.88026081
v -2.92304803 116.58287211 47.35872498
v -4.29473396 116.56529945 46.84510883
v -4.85748813 117.51804001 47.73977199
v -1.54940794 116.98143776 48.8319475
v -1.49620702 116.31624543 47.63516426
v -2.87604901 118.03416482 50.02611406
v -1.46143605 117.41095962 49.93106686
v -6.41748766 119.82734416 49.2378531
v -5.6219569 120.00172639 49.99219307
v -7.97749469 116.17696051 58.88495438
v -9.16423653 116.07777222 58.22376511
v -9.84011319 114.90052115 58.69679851
v -9.7256711 113.20025844 59.99583086
v -9.1586783 112.59817583 61.18722468
v -7.95753115 113.86211088 61.31438638
v -6.71774125 114.5544064 61.55202538
v -6.96803385 115.59755492 60.32794089
v -6.83905366 116.43980618 59.37443814
v -10.66173699 113.43394838 58.82772921
v -18.27528546 2.45739941 40.33539922
v -17.96729132 3.15445419 40.24123425
v -18.68882658 3.45257721 40.49435135
v -19.21011577 2.67405684 40.50609046
v -18.79217098 1.99284026 40.30725776
v -19.39767148 3.43447642 40.48571506
v -3.1997782 107.65603676 68.31287756
v -1.64925256 108.2828069 68.25924735
v -5.65181219 94.11390597 65.18722501
v -7.62015172 96.47259422 63.67594639
v -4.55450082 93.85229962 65.38128645
v -22.50703422 3.9240742 37.57672594
v -22.67044854 2.92524143 37.36048862
v -22.07369385 3.01639359 38.75034905
v -21.37005533 3.34743534 39.36589022
v -21.53898811 4.07660463 38.99862886
v -22.0025825 4.7875891 37.85442555
v -13.37693549 4.31422562 -11.26110462
v -13.57591074 3.62009362 -10.85372076
v -12.91266292 3.29233474 -11.45569758
v -12.45885262 4.07859116 -12.33829904
v -12.99698977 4.86923475 -12.27726099
v -12.30394556 3.21874923 -12.47588176
v -0.80221399 86.61562031 73.81570027
v -1.44579281 86.56339446 74.38907426
v -0.77985586 85.95891422 75.2048285
v -0.93188399 84.5883069 72.52026887
v -0.96494488 84.24063174 74.31699515
v -1.78783998 84.70652024 73.08703511
v -3.63442204 49.81978236 29.98107346
v -4.71225113 49.97847643 30.52391436
v -5.3163739 50.20163959 27.93888511
v -6.89759918 50.71418745 26.0152822
v -2.59702605 49.7361682 26.99591515
v -2.43704108 49.68430245 29.76894423
v -4.2341779 49.98507218 26.74323317
v -6.44345354 50.54735523 25.01733466
v -20.30681498 0.20213358 38.62879282
v -19.46508585 0.20593258 38.85039557
v -19.69887633 0.76763948 39.51010244
v -20.05015695 1.41474902 39.77556481
v -20.60556518 1.08765031 39.28657319
v -21.06619178 0.39897976 38.46890444
v -10.70958317 117.917896 56.778498
v -9.65669782 117.3697647 57.32095779
v -8.98859397 118.36421031 56.84456351
v -8.81192664 119.48623174 55.91714967
v -9.80836477 119.52410178 55.63494286
v -2.50365142 47.83899179 -22.02576365
v -2.15667319 47.18445978 -19.81160909
v -2.80885201 46.3082035 -20.33009815
v -3.51410702 45.17688561 -20.40679849
v -4.75906542 45.34080106 -22.6810391
v -6.85774262 45.31873921 -24.45129686
v -6.6958527 46.62971623 -25.01236309
v -6.88430641 47.81897648 -25.78992171
v -4.62166649 48.05433037 -24.65285804
v -2.92554563 48.61181815 -23.65835092
v -15.91083118 2.39695139 -10.13500849
v -16.64222106 2.6493603 -10.23094504
v -16.68927804 2.01762083 -10.3414197
v -15.76184019 1.55250354 -10.40341839
v -15.26761368 1.97245886 -10.31540768
v -16.44703282 1.38705768 -10.57657366
v -16.85350407 0.09519123 -13.24710289
v -17.25605478 0.23462019 -12.31198019
v -17.93035002 0.19483564 -13.0001393
v -17.52410383 0.13568396 -14.8565488
v -18.31473392 0.18686553 -14.56358885
v -15.96053636 4.49744219 -10.59889883
v -15.84988203 5.3202543 -11.28659038
v -16.73653756 5.15288794 -11.33739384
v -17.48637633 4.74480376 -11.34668656
v -16.9067967 4.12935262 -10.60319672
v -16.18511589 3.8825792 -10.29963925
v -13.97372469 43.22411196 -10.03128412
v -13.04487347 46.41734243 -8.84234195
v -14.9029075 47.63200742 -8.99540802
v -16.04753842 48.63278471 -9.31969349
v -17.29521966 47.9224034 -10.30717725
v -19.03635921 47.32115502 -12.08773375
v -18.09343575 43.82098218 -12.15791035
v -18.34831882 67.31933501 -19.22762991
v -17.95936471 67.58988335 -20.36824914
v -18.88745073 66.26136724 -20.68836312
v -12.95501015 73.61364321 -15.96254727
v -12.94852393 73.40293785 -17.89973666
v -14.24513914 72.04879364 -18.15258406
v -15.61360989 70.39208448 -14.45655502
v -14.8583937 71.15133674 -12.62678839
v -13.84231385 72.66545486 -13.43037891
v -12.69729133 74.03984318 -13.92297852
v -8.96452684 50.09138136 41.21110935
v -7.39755196 50.26343797 41.24375801
v -8.55544715 51.08658017 43.41639393
v -9.49850339 52.56219733 46.26462895
v -13.99704987 51.50173422 44.24104854
v -14.66918304 50.4284217 43.14268538
v -12.21368463 50.04504007 42.40986712
v -13.81374478 53.18129144 46.07150976
v -15.02875036 78.09871312 22.08812018
v -16.29108298 76.74411279 23.15811381
v -18.05888009 75.81918961 28.06850447
v -20.61076856 55.97521206 27.60749827
v -19.01420733 56.48418898 26.72479328
v -17.92922322 55.4457157 26.09522039
v -22.16917766 54.05057387 28.47127424
v -22.59572123 55.20570608 29.5734244
v -17.04142888 53.56220041 25.52520729
v -17.55863399 52.50688067 25.10956711
v -19.73597666 53.0385556 25.98078205
v -16.46781783 54.10215154 25.53624121
v -15.95483485 4.77559192 38.60389222
v -16.01781404 4.05502891 39.17993092
v -15.30705763 3.65676934 38.4506296
v -10.32770344 126.5699035 53.183407
v -10.80852615 126.60280422 53.05863393
v -10.83864213 127.20752452 53.59871709
v -10.64644193 127.59613954 54.01606773
v -10.23549275 127.28171619 53.88799378
v -9.77203864 126.59465406 53.43846261
v -10.02203867 125.0220932 54.18712507
v -10.45522525 125.32300097 54.28867199
v -10.7977848 124.84887528 53.95738417
v -10.19560392 124.23006325 53.70465718
v -9.5726853 124.36351462 53.99628648
v -10.81127188 124.10861505 53.58904253
v -11.71459533 128.9325738 55.54184018
v -11.89066326 128.74995739 55.92641012
v -11.45953372 128.98327524 56.0591053
v -11.19819219 129.1253329 55.67297494
v -11.42176271 128.97478899 55.34630835
v -11.36009186 128.83418372 56.31783388
v -11.79338647 128.49929495 56.25982251
v -11.65244286 128.35756138 56.37482499
v -11.41432674 128.1671429 56.43979821
v -11.14733471 128.60056579 56.48263757
v -11.04040587 128.8363683 56.36537849
v -9.99757168 108.98740268 63.25028356
v -1.79114817 94.82859943 81.29622122
v -2.62671573 94.97927537 80.17916311
v -1.90658859 95.10945588 79.68558027
v -1.02387253 95.18182906 79.58592986
v -0.84970421 94.89454491 80.84639598
v -0.81970197 94.76653697 81.95277727
v -3.49597584 96.06214842 83.22504252
v -3.07394903 94.99911663 83.11565753
v -1.61267605 95.10801549 83.93954392
v -2.80930794 97.72332877 83.83652061
v -3.87315783 97.3782673 83.01793962
v -1.98752098 74.34005626 -113.80398247
v -2.55655076 74.87998264 -113.61232767
v -1.87579799 75.28583497 -114.51401869
v -2.51183084 78.75410935 -112.21003795
v -2.17071823 79.03677678 -112.17395038
v -2.02231595 78.62927326 -113.34216005
v -2.72709328 78.39908374 -112.38644271
v -2.87304953 77.96022341 -112.62270134
v -4.60789659 77.62810737 -107.16065344
v -1.71899873 79.27468135 -112.18582153
v -1.1878916 79.4582295 -112.20754128
v -1.08118294 78.89184287 -113.76470806
v -1.57855494 78.77183505 -113.594731
v -0.60623406 79.57442481 -112.22399765
v -0.54904996 78.97071577 -113.86325418
v -0.53601 78.57657329 -114.47235565
v -1.06046798 78.50649872 -114.33800403
v -0.86560945 79.4748089 -106.95071779
v -1.09746976 79.07514646 -101.89812844
v -1.32974643 78.75108455 -97.13546994
v -1.53520133 78.53350138 -93.1479109
v -1.68278757 78.33986905 -89.25383865
v -1.72203535 77.92897613 -85.24718256
v -1.77591426 77.58619976 -80.74513114
v -1.80451034 77.21050167 -75.86970875
v -1.80360654 76.85641381 -70.95286338
v -1.75281132 76.46509658 -66.20318032
v -1.6844005 76.16229981 -61.41714262
v -1.5931797 75.79055752 -56.35227401
v -1.41522549 75.26634106 -48.26224949
v -1.30348262 74.89110134 -44.5725164
v -1.16429213 74.2336083 -41.53336478
v -1.03815154 73.64375844 -38.68625206
v -0.95250133 73.2480833 -36.069896
v -0.95058654 73.47888123 -34.05755957
v -0.98443608 73.96035136 -32.21769985
v -1.04794819 74.65219526 -30.53420259
v -1.13446338 75.51215272 -29.0113214
v -1.21854604 76.36681152 -27.60058143
v -1.28701397 77.07977052 -26.17850147
v -1.34902504 77.74501086 -24.72623049
v -1.40082299 78.35805537 -23.24907843
v -1.44021996 78.91366465 -21.75009557
v -1.465932 79.41076442 -20.22762849
v -1.47816896 79.84169666 -18.67444827
v -1.47842299 80.20158205 -17.08204315
v -1.47249305 80.506937 -15.51281468
v -1.46405397 80.77341964 -13.91019035
v -1.44546695 81.1814318 -10.63077328
v -1.43208096 81.74676366 -4.01758724
v -1.46651696 82.17675964 2.32012352
v -1.57426699 83.09512308 12.36477468
v -1.61977387 83.966248 16.19865998
v -1.65313484 84.69627552 18.59724681
v -1.65699799 86.50002366 23.09234838
v -1.55348639 88.66108852 26.2876464
v -1.35948328 91.39306372 29.96207543
v -1.19490334 94.40397787 33.45175148
v -1.10657464 98.00399017 36.15958828
v -1.09230783 101.31011956 37.87887003
v -1.11241447 103.97310948 38.9021953
v -1.11580396 105.55989411 39.53794983
v -1.11281705 106.84154585 40.09492747
v -1.10810008 108.1413344 40.70269658
v -1.10284306 109.45911572 41.38009015
v -1.10775395 110.78635555 42.1426883
v -1.13167798 112.11220301 42.98537768
v -1.16506596 113.37186493 43.96783811
v -1.35474896 115.50592263 46.38053168
v -1.37012504 117.67860657 51.00137258
v -1.30218993 117.82007607 53.04855125
v -1.34044398 117.7270154 54.03424054
v -1.39760398 116.41786437 58.95604923
v -1.34943399 115.85721975 60.30996013
v -1.30696898 115.1395255 61.68760132
v -1.28722 114.16348677 63.02701237
v -2.562901 114.17439766 62.94741927
v -3.92967293 114.19002581 62.92145639
v -5.2836641 114.04331392 62.87115106
v -6.61301049 113.58965366 62.94410039
v -5.99830092 105.76151155 67.87609378
v -4.64606934 106.81100976 68.13786517
v -5.97927287 104.96938557 68.96417021
v -3.10053196 106.83654052 69.3485361
v -4.61240491 106.01319427 69.21626104
v -1.5544534 107.31769407 69.44069053
v -1.61374171 105.49768162 72.99630306
v -1.64200601 104.68045698 75.29739704
v -1.55702489 103.12228794 79.67087637
v -1.45675191 102.71959319 80.61655906
v -1.24203092 102.30556744 81.51694173
v -1.07650601 101.93633756 82.46437688
v -1.06509493 99.58485423 85.49136328
v -1.16211993 100.1634496 85.31163964
v -2.89459299 99.78829015 83.19923568
v -3.00462691 98.77730416 83.50547286
v -1.10728592 100.67750387 85.04902203
v -2.54476588 100.65355752 82.95081783
v -3.20560387 100.87422402 81.96690501
v -3.77069004 99.85517788 82.28039211
v -0.92410096 101.10858614 84.69641656
v -1.95507694 101.42889105 82.66515411
v -2.37434602 101.71016161 81.73135457
v -2.74275086 102.12071844 80.79383405
v -3.75995094 101.21764705 81.01152376
v -4.1324108 101.56587136 79.91409685
v -4.98500994 100.3660213 80.08306564
v -4.49663685 100.07256151 81.28651665
v -2.98258494 102.52649801 79.78156972
v -5.76824268 102.09435945 74.96049173
v -4.63184782 103.26783852 75.12273874
v -3.22856221 104.15875069 75.23595275
v -4.65761415 104.19003098 72.71754116
v -5.90300616 103.07934055 72.49392189
v -3.20617777 105.04541373 72.88472148
v -6.86226481 101.76469206 72.22557875
v -7.50700972 100.38126534 71.91595668
v -6.61047557 100.76359069 74.76845283
v -7.11201502 99.380308 74.5487946
v -5.53502686 98.99962709 80.29547394
v -5.7362527 97.6015925 80.45234353
v -4.90679795 97.3541469 81.88362694
v -4.8703728 98.76028965 81.59444628
v -4.00085405 98.68282111 82.65730402
v -4.71839601 96.07186499 81.97415493
v -5.41855999 95.32331657 80.32026051
v -4.41564613 95.0265559 81.87425245
v -5.1594473 94.49548712 80.07267088
v -4.13545061 94.22092034 81.63064788
v -2.78384713 94.15676933 82.8428012
v -3.85103521 93.52340344 81.28073112
v -2.52464105 93.45002799 82.4818055
v -1.17549504 93.50959378 83.08021213
v -1.35752498 94.19782622 83.57075817
v -0.98838503 94.99782628 82.5357238
v -1.23197554 95.58100387 77.91985221
v -1.59516697 96.63779101 72.7142883
v -1.70591902 97.07561307 70.16165564
v -1.23179605 97.57073232 67.15173777
v -2.51704003 93.0633905 65.58615676
v -1.31651254 92.80911209 65.71911
v -3.60299059 93.40387275 65.481459
v -2.66705299 92.61729825 66.00247512
v -1.48187006 92.36082926 66.19542026
v -3.70247033 92.85782101 65.94116286
v -2.66857908 90.86744739 67.90895849
v -1.62206179 90.5547615 67.85197939
v -1.21719672 88.85254828 70.26271043
v -1.012337 87.68900484 72.22480455
v -1.82475202 87.7356387 72.77542051
v -2.37296884 87.77835053 73.18717766
v -1.89318441 86.61833002 74.85026651
v -2.87196793 87.70701562 73.40239471
v -2.25326205 86.60895254 75.17147166
v -1.23090988 85.99058762 76.0958727
v -1.02960236 85.91390829 75.69529652
v -1.4410614 86.31825948 76.65989621
v -1.55167541 86.02838414 76.71411459
v -1.60201854 85.64470093 76.60189084
v -1.58242091 85.25344072 76.32124444
v -1.51382779 84.91248433 75.92237271
v -1.39790274 84.5973468 75.43416129
v -1.2190227 84.35665449 74.88071258
v -2.5896499 85.1703712 74.24782682
v -2.27765007 84.89509022 73.65202488
v -3.07159097 86.30253831 72.01812776
v -2.67809291 85.96759853 71.5176731
v -2.09580149 85.62152129 71.01609014
v -3.05812471 87.21812902 69.17939326
v -2.39721921 86.80176265 68.81447853
v -1.13712002 85.42378837 70.54158035
v -1.32604204 86.45779647 68.50357812
v -1.53676558 87.63163713 66.18051231
v -1.39807745 88.70411393 64.11564695
v -1.22216163 88.7036413 62.96748859
v -1.08236413 87.49724351 61.47048776
v -1.00125844 84.19316816 59.59261997
v -1.04300635 80.02152382 58.147881
v -1.15460097 75.44311192 56.94162724
v -1.42384978 69.87330958 56.29008853
v -1.64378905 64.76714065 55.29639912
v -1.85288504 59.4882373 52.60374934
v -1.89218908 58.29089591 51.82563108
v -1.93348509 54.93102526 49.21744169
v -1.91496006 53.90634964 48.20143837
v -1.80935794 52.12705198 45.70333616
v -1.59228602 50.6698657 42.39455706
v -1.4439959 50.04657348 40.37107867
v -1.28067601 49.49518032 38.082456
v -1.21817694 49.38555826 35.24537494
v -1.19700296 49.46820016 32.454044
v -1.24241493 49.59462368 29.69570682
v -1.33098097 49.62815457 27.07153219
v -1.36882194 49.48368127 23.347431
v -1.46538201 49.28257696 20.09817268
v -1.57415596 49.11855948 15.63533265
v -1.58449389 49.31350016 5.95485052
v -1.50326302 49.42838561 0.48194875
v -1.34294599 49.39321329 -5.50498027
v -2.84934081 49.59841368 -5.28983674
v -4.52344896 50.03851634 -4.92831891
v -5.00354697 50.07453939 -7.30975769
v -5.56590767 49.71167721 -8.36032567
v -6.7792178 50.67079595 -6.76882755
v -7.3595919 50.28642106 -7.64409581
v -8.01498588 49.55389688 -8.22595981
v -6.20210669 49.04635584 -9.09452205
v -8.41883068 51.34800947 -6.35701413
v -9.01579693 50.90913113 -7.2000366
v -9.70865584 50.17552066 -7.73136195
v -10.46064768 49.29958547 -7.98270857
v -8.66557559 48.6116201 -8.48793
v -10.4888334 51.65012956 -6.94498549
v -11.23515899 50.95381898 -7.49175143
v -12.06778521 50.12329782 -7.82361315
v -13.00180305 49.2302941 -8.15058808
v -11.32245438 48.33867675 -8.22589604
v -12.47256251 51.82139696 -7.45992874
v -13.3388539 51.02124085 -7.8611351
v -14.26770362 50.16184604 -8.27585478
v -15.18172341 49.34542262 -8.76018167
v -13.9718852 48.37942455 -8.53388718
v -14.4015706 51.99645136 -8.02290723
v -15.2997522 51.1787466 -8.50355964
v -16.19244533 50.42051761 -9.09238923
v -17.1105342 49.77848241 -9.81798532
v -16.22981574 52.33711967 -8.84054147
v -17.11905796 51.663117 -9.53695783
v -18.05909165 51.09528848 -10.38955509
v -19.16929445 50.57127157 -11.6160087
v -18.32320966 49.19951494 -10.93446053
v -17.93074613 53.03374233 -10.02416473
v -18.85101508 52.49999684 -10.99457622
v -19.83166153 52.01230156 -12.2969132
v -20.71767639 51.59252028 -13.95379641
v -20.2552088 50.16526094 -13.28936478
v -19.51123809 53.95278395 -11.57660075
v -20.36013762 53.46630699 -12.95243396
v -21.09525448 53.01226263 -14.60592778
v -21.54269259 52.57525079 -16.52915109
v -21.31762843 51.19240622 -15.92322147
v -20.78950494 54.89661214 -13.58429646
v -21.39061078 54.40058665 -15.25832622
v -21.74633708 53.91025668 -17.16093106
v -21.72067277 53.43373636 -19.1879969
v -21.64216446 52.14358636 -18.59334127
v -21.63421985 55.78642152 -15.95203858
v -21.89785624 55.20915699 -17.8216207
v -21.79007367 54.69511473 -19.81672807
v -21.32311239 54.20639318 -21.77076505
v -21.31589247 52.97010146 -21.19221619
v -21.85477682 57.63511257 -19.25261003
v -21.16073334 56.64639248 -23.00217523
v -20.28871568 56.16834326 -24.68805437
v -20.47884609 53.77074519 -23.59752029
v -21.64772644 57.12613865 -21.15226997
v -19.11867103 55.68283856 -26.17794632
v -20.61126219 59.00100752 -24.12940228
v -18.54233075 58.21486776 -27.08924589
v -17.15714406 57.66779874 -28.27637558
v -17.66466709 55.17125094 -27.4382414
v -19.70996127 58.69961625 -25.73607919
v -15.56188818 57.07938476 -29.24160844
v -18.07257272 59.52268644 -27.46847742
v -15.17618394 58.35108586 -29.52423536
v -13.46838023 57.71131627 -30.20138586
v -13.7877849 56.46697642 -29.93057608
v -16.7261278 58.96502461 -28.60093261
v -11.64186205 57.08940141 -30.56826612
v -10.26693808 60.7120097 -30.88954028
v -8.6771009 60.04850982 -31.03045163
v -9.78105904 56.52330735 -30.63754248
v -11.83225502 61.4423493 -30.50888938
v -7.12238052 59.44546584 -30.97275684
v -9.60055069 61.87534008 -30.91717461
v -8.08965242 61.20003395 -31.15606193
v -6.572484 60.63208914 -31.27947715
v -5.17307879 60.1288895 -31.31124957
v -5.63229239 58.93317529 -30.88235338
v -7.32007517 62.31195263 -31.59926142
v -5.90258417 61.70700465 -31.80762165
v -4.61382579 61.17687793 -31.9058857
v -3.4294212 60.71586385 -31.94556822
v -3.85745842 59.71689567 -31.29227704
v -5.32547869 62.54442332 -32.73341056
v -4.14663082 61.97033458 -32.83898455
v -3.07105589 61.47809534 -32.87219735
v -2.04991708 61.07391126 -32.86916505
v -2.2935616 60.3403353 -31.94253741
v -3.92579403 62.3907252 -34.21892434
v -2.90030369 61.8942796 -34.17692521
v -1.94079315 61.47327925 -34.13171523
v -0.98388693 61.17185385 -34.11384849
v -1.03426588 60.79241752 -32.8584222
v -3.03674611 61.79605944 -35.89453102
v -2.0542868 61.36902449 -35.79971488
v -1.03896635 61.08813166 -35.77268672
v -1.17526754 60.52666595 -37.94931221
v -2.31694118 60.82267979 -38.03594217
v -3.33497154 61.39397873 -38.16240169
v -4.28295321 62.08820376 -38.30580821
v -5.11983005 61.07547018 -41.10819707
v -5.96551948 62.12441736 -41.12839242
v -6.66600679 63.25473496 -41.1452869
v -7.48373931 62.58055571 -43.85029996
v -7.19333207 64.45450233 -41.15699001
v -8.0542783 63.92033371 -43.90095938
v -8.41653432 65.3030642 -43.94580627
v -8.55895733 66.69823111 -43.98617897
v -8.47477826 68.07520706 -44.02356288
v -9.18596679 67.72278689 -48.05890358
v -8.82268449 69.16336301 -48.10427861
v -8.2385729 70.5146816 -48.14454329
v -7.45513197 71.74798115 -48.17909444
v -6.49504547 72.83619637 -48.20756599
v -7.2494582 72.80699488 -56.3141189
v -5.38170872 73.75174806 -48.22982889
v -6.00407295 73.87497723 -56.32816562
v -4.62784101 74.74569029 -56.33928357
v -3.14832094 75.39534525 -56.34746974
v -6.45721369 74.22068237 -61.4234833
v -4.93565323 75.08810956 -61.36670525
v -3.33427685 75.73042383 -61.36337737
v -6.89255409 74.66534999 -65.89170375
v -5.22148125 75.49822152 -66.09009834
v -3.49116744 76.0753135 -66.16753087
v -5.43973548 75.9540371 -71.03065
v -7.31650873 75.19746755 -71.08770112
v -3.60685524 76.48720644 -70.99658497
v -5.41750108 76.30215863 -76.33739472
v -7.08438444 75.38181767 -76.86848151
v -3.60405774 76.83948557 -76.00963584
v -5.20975376 76.50725025 -81.23366664
v -6.80578534 75.58012599 -81.6137774
v -3.51581185 77.15595171 -80.89126388
v -4.97731777 76.76284751 -85.52870518
v -6.44419924 75.80003553 -85.72193841
v -3.38932645 77.46995795 -85.34670094
v -4.7151334 77.07844341 -89.46964986
v -6.07519367 76.15440172 -89.66161075
v -3.25772844 77.81735104 -89.34829169
v -4.39413681 77.4878712 -93.30493053
v -5.65167266 76.64876927 -93.49990421
v -3.00823461 78.12329564 -93.22641171
v -5.04246654 77.25892851 -97.37968067
v -3.84371215 77.93649012 -97.39397646
v -2.61535303 78.43877376 -97.28151865
v -4.17227337 78.0405442 -102.26741833
v -3.1877015 78.49106863 -102.11827879
v -2.16631981 78.8520013 -101.98647185
v -3.23340286 78.67666032 -107.15587617
v -2.49117468 79.02930931 -107.09207326
v -1.70348594 79.30612518 -107.00643656
v -3.95941194 78.25144011 -107.14435312
v -5.04686533 77.45329153 -102.60167093
v -5.75646043 76.72607051 -103.14509098
v -6.15952991 76.33867606 -97.30665331
v -7.08710316 75.19959886 -97.28367922
v -6.76528586 75.62713795 -93.74832806
v -7.72408277 74.45319826 -94.06300348
v -7.34500278 75.04612993 -89.91840082
v -8.40209375 73.75082532 -90.20886581
v -7.80809454 74.63860541 -85.9686398
v -9.01334228 73.26372495 -86.23011712
v -8.24616716 74.39644196 -81.96880151
v -9.5336322 72.9921237 -82.1898101
v -8.63674845 74.27738465 -77.9209565
v -9.80911947 72.7919744 -78.09340621
v -8.77669055 73.9059897 -71.1445782
v -9.96327859 72.40123707 -71.2272141
v -8.33898627 73.46756448 -65.74186203
v -9.52755484 72.0120549 -65.77331037
v -7.84679505 73.10052219 -61.68515567
v -9.01014943 71.73917757 -61.70496692
v -8.33589845 71.56117938 -56.29685532
v -9.23821964 70.15881839 -56.27599379
v -9.93569378 68.62561597 -56.25125824
v -9.30950504 66.22418758 -48.00922842
v -9.18191796 64.70118094 -47.95606032
v -8.80677277 63.188417 -47.90024853
v -6.71028953 61.31864939 -43.79483625
v -5.73170875 60.17948854 -43.74087295
v -4.4955952 59.2804656 -43.71128811
v -4.10673112 60.13244282 -41.11129989
v -2.84042844 59.47294675 -41.07932042
v -1.44457168 59.10338904 -41.07403001
v -1.56440591 58.25944082 -43.69238309
v -1.71281541 56.94712995 -47.64201507
v -1.90676788 54.95780661 -55.9617865
v -1.97990233 54.39232396 -61.74164864
v -1.98613386 54.22989991 -66.1544594
v -1.98295546 54.04819274 -72.1340905
v -1.99141207 54.7308317 -79.70995873
v -2.04075396 55.22194038 -84.2348282
v -2.01549346 56.13297363 -88.67122221
v -1.81532258 57.65362598 -93.178465
v -1.64267106 59.90812436 -97.70670136
v -1.5215267 61.76112549 -100.44806005
v -1.13664861 66.87620848 -106.49577319
v -0.87592544 69.86897006 -109.73805467
v -0.54454 74.04434588 -114.13553436
v -0.502679 75.37069147 -115.12427246
v -0.50086895 75.98122131 -115.38710613
v -0.50578899 76.56316557 -115.49586696
v -0.51325099 77.1174365 -115.45496012
v -0.52072001 77.64172348 -115.26887479
v -0.52774295 78.13066109 -114.94086384
v -1.03646696 77.57967303 -115.09600497
v -1.04808998 78.06520774 -114.78137756
v -1.54279306 77.47652969 -114.80059466
v -1.55423293 77.96007187 -114.50698483
v -1.56209295 78.39755184 -114.10529835
v -2.04117483 77.82063691 -114.10594652
v -2.03128195 78.26132773 -113.76000281
v -2.96007541 77.45917159 -112.86921668
v -2.03666294 77.33255152 -114.3737135
v -2.98869719 76.92098117 -113.09724713
v -5.39867597 75.15986008 -107.95680649
v -5.0308107 76.84718261 -107.38477085
v -5.2860925 76.01407102 -107.66701967
v -6.26438258 75.7997467 -103.5722002
v -6.6043637 74.76863287 -103.90954963
v -7.90022571 73.86189376 -97.10508988
v -8.35010722 72.56172936 -97.46487926
v -8.46463933 73.16606256 -94.49120499
v -8.96171809 71.76469183 -94.84243609
v -9.24257904 72.30962053 -90.52803642
v -9.81763873 70.76902114 -90.85335866
v -9.92461859 71.72216381 -86.50083088
v -10.56309184 70.07719976 -86.77869853
v -10.445799 71.38178358 -82.39927162
v -11.10124474 69.659875 -82.61412258
v -10.72387071 71.15023545 -78.25215429
v -11.36697118 69.38739152 -78.41392718
v -10.84823793 70.72361423 -71.32128304
v -11.443619 68.92687445 -71.42270993
v -10.47825335 70.39383056 -65.81281284
v -11.16400038 68.64639647 -65.85962525
v -9.96477449 70.20989943 -61.71293703
v -10.70145852 68.54721718 -61.72279165
v -10.40631528 66.98994613 -56.22224955
v -10.59683954 65.27943059 -56.18835856
v -10.4671369 63.53619353 -56.14955528
v -8.20313726 61.71734389 -47.84250122
v -7.385455 60.31865306 -47.78418376
v -6.24641119 59.12416579 -47.73589796
v -3.08484624 58.63610292 -43.70035621
v -3.36150832 57.42033064 -47.66833205
v -4.89417773 58.14512702 -47.69766483
v -8.28991126 58.64000883 -56.02272966
v -10.04084465 61.8086189 -56.10691397
v -11.10309398 63.07490657 -61.75363682
v -11.34557551 64.9265091 -61.74456242
v -11.20523206 66.77923477 -61.73369654
v -11.36442726 63.02919545 -66.02135012
v -11.59782688 64.91453747 -65.96714375
v -11.52840573 66.80139152 -65.91221119
v -11.74172928 65.13381338 -71.63464411
v -11.44814945 63.21995846 -71.73859166
v -11.73940966 67.04955205 -71.52821189
v -11.76825631 65.63686514 -78.73323582
v -11.52089774 63.72988175 -78.88725465
v -11.73041703 67.53836025 -78.57531596
v -11.59588236 66.01734237 -83.0370907
v -11.40336033 64.16929001 -83.23546729
v -11.48853416 67.86028071 -82.8284934
v -11.08247402 66.58454354 -87.33940917
v -10.94743522 64.80072923 -87.60484153
v -10.95127474 68.3542424 -87.06103738
v -10.24470369 67.48368238 -91.52733132
v -10.04298197 65.81019399 -91.85066703
v -10.15518246 69.15072591 -91.18957978
v -9.25378026 68.79184916 -95.57698281
v -9.04452429 67.28486581 -95.94252171
v -9.22657355 70.29602676 -95.20743485
v -8.37915642 68.44371637 -98.59527891
v -8.59025712 69.82065725 -98.21878711
v -8.58119697 71.20404871 -97.83910246
v -6.57623874 71.5872938 -104.96378909
v -6.76101422 72.6346787 -104.61417841
v -6.77064753 73.70430699 -104.25966444
v -5.20420417 73.48181751 -108.52981438
v -5.37100901 74.3085089 -108.24705543
v -4.90289842 72.70056041 -108.79721526
v -4.47415414 71.98378291 -109.04182211
v -6.22024237 70.58870597 -105.29826375
v -5.69993933 69.66405624 -105.60714163
v -7.95436981 67.10492817 -98.96076979
v -7.32599349 65.83482049 -99.30843595
v -8.60569097 65.80708545 -96.29692165
v -7.94684157 64.38975571 -96.6347272
v -9.56651566 64.17418478 -92.14838795
v -8.82817744 62.61533474 -92.41255997
v -10.44565871 63.06710581 -87.83548867
v -9.64708402 61.4227995 -88.03493354
v -10.8924614 62.35984327 -83.42098846
v -10.01080294 60.65944552 -83.59295805
v -10.90819082 61.87627352 -79.03695233
v -9.99871048 60.12212159 -79.18298904
v -10.82496376 61.36176107 -71.83426302
v -9.92787896 59.59604463 -71.92000175
v -10.79259793 61.20278343 -66.07052115
v -9.93776508 59.47458744 -66.11248428
v -10.56706489 61.27761014 -61.7599535
v -9.74373214 59.58253017 -61.76304732
v -9.31096717 60.15691656 -56.06320439
v -6.98602212 57.32850179 -55.9919745
v -5.45721286 56.25128974 -55.9723343
v -3.74847703 55.44397899 -55.96323589
v -5.69310877 55.62028998 -61.75331574
v -7.28364626 56.70482247 -61.75933833
v -8.64300886 58.04119072 -61.76280425
v -7.35690318 56.58051077 -66.15951274
v -5.72392056 55.49669171 -66.16478814
v -8.77128086 57.92236897 -66.14218615
v -5.72368725 55.38149793 -72.09099908
v -7.36729194 56.52738993 -72.05049434
v -8.7757693 57.96186169 -71.99326917
v -5.76026244 55.97311525 -79.57158605
v -7.39465919 57.11297041 -79.45573734
v -8.81797474 58.51507146 -79.32393641
v -7.43961486 57.74169633 -83.90681125
v -5.81899289 56.61038894 -84.04302335
v -8.84458429 59.10704813 -83.75510303
v -5.65109125 57.51266811 -88.49101244
v -7.20778841 58.6092353 -88.35720697
v -8.54953858 59.92684407 -88.20524069
v -6.58660049 59.9499487 -92.82050011
v -5.14800227 58.92413164 -92.97833595
v -7.83730878 61.17930783 -92.63719352
v -5.96302807 61.9305324 -97.22222894
v -4.69077744 60.95768595 -97.4627847
v -7.0606234 63.08153701 -96.94604772
v -5.5047931 63.62264045 -99.92448126
v -4.32568266 62.76154738 -100.16997633
v -6.50681009 64.66245199 -99.63241984
v -4.20891758 68.12932641 -106.1091267
v -3.27013823 67.55997161 -106.28773404
v -5.0251572 68.83691323 -105.88037006
v -3.27470769 70.81010916 -109.43558649
v -2.53532913 70.37834608 -109.57640782
v -3.92788484 71.34825644 -109.25712918
v -2.73822248 75.32155644 -113.54366947
v -2.8739824 75.82806971 -113.43937382
v -1.9693189 76.29448635 -114.64438525
v -1.91772698 75.77873964 -114.63351037
v -2.95913579 76.36951074 -113.29016827
v -2.01207705 76.8178911 -114.5555497
v -1.522658 76.96206731 -114.98280296
v -1.49523495 76.42902401 -115.04826831
v -1.00599098 76.51527888 -115.32988696
v -0.99324604 75.94916681 -115.23932296
v -1.46829193 75.88672626 -114.98992084
v -1.02212701 77.06037337 -115.28018179
v -0.99282002 75.36273336 -115.00147991
v -1.45613693 75.34022139 -114.79783393
v -1.560616 74.20041725 -113.94401159
v -1.07143101 74.10305944 -114.06044246
v -1.72847075 70.06242571 -109.67724054
v -2.23704537 67.13799562 -106.4169543
v -2.98349212 62.13352159 -100.34740136
v -3.22650554 60.2900476 -97.62144276
v -3.55108808 58.1343084 -93.10424333
v -3.91223869 56.67209804 -88.59872299
v -4.00741604 55.75387939 -84.1563694
v -3.93480279 55.17980546 -79.65865113
v -3.91052598 54.55113731 -72.11820429
v -3.91333585 54.71065885 -66.16112717
v -3.90610019 54.83483927 -61.74641391
v -2.80563891 74.96970117 -48.25638893
v -4.14015998 74.46631323 -48.24588915
v -2.58893797 74.6478426 -44.46383659
v -3.84494772 74.26917147 -44.22058011
v -2.31163333 74.01867107 -41.4648176
v -3.42561882 73.65836781 -41.38561461
v -2.04862449 73.41225757 -38.64584334
v -2.99454855 73.00493785 -38.57690157
v -2.77762892 72.75224461 -36.12582033
v -1.88483282 73.06521483 -36.09433448
v -2.76139781 72.9398596 -34.05687839
v -1.8782502 73.27684743 -34.06111401
v -2.86023519 73.38074547 -32.18404893
v -1.94552428 73.74319955 -32.21111911
v -3.05525427 74.03911849 -30.49567988
v -2.07433249 74.42299525 -30.52465856
v -3.33097861 74.88521753 -28.97918438
v -2.25368497 75.28135554 -29.00349982
v -3.57751121 75.68065563 -27.59802476
v -2.42642895 76.1256856 -27.60888764
v -3.78457285 76.40133868 -26.19460974
v -2.56391696 76.83988093 -26.19516188
v -3.977087 77.09317807 -24.7507875
v -2.68697695 77.51361952 -24.74418875
v -4.13349109 77.71519496 -23.25703804
v -2.790875 78.13352385 -23.26282357
v -4.2521883 78.27836624 -21.73670902
v -2.87272394 78.69481064 -21.75670182
v -4.33619407 78.7950132 -20.2053866
v -2.92385187 79.19669968 -20.22865476
v -4.37469915 79.22924631 -18.64857241
v -2.94658083 79.62369487 -18.67421271
v -4.37439195 79.59244458 -17.07352089
v -2.94751989 79.98725324 -17.09679206
v -4.35503382 79.90918454 -15.48545792
v -2.9352939 80.30178462 -15.51153184
v -2.91809016 80.57563121 -13.905119
v -4.33053382 80.19690081 -13.87972477
v -2.88134185 81.00556718 -10.62300122
v -4.27674006 80.65402999 -10.59902561
v -2.85583715 81.56785023 -3.99941892
v -4.248204 81.25026404 -3.96918291
v -2.92380686 81.9917546 2.33823932
v -4.35147375 81.65916443 2.37086097
v -3.13895189 82.89689654 12.4134896
v -4.67986917 82.55588614 12.49370386
v -3.23064888 83.75041879 16.27315473
v -4.81672383 83.36286005 16.40463158
v -3.29924182 84.51693598 18.68809889
v -4.92154874 84.17171247 18.83569902
v -3.30528392 86.34012328 23.2161432
v -4.93514309 86.08977891 23.41292336
v -3.12497418 88.44015946 26.34718818
v -4.70955529 88.16362566 26.48667116
v -2.70125924 91.22082407 30.18421531
v -4.00208025 90.96400399 30.52617996
v -2.36742225 94.30929977 33.75858281
v -3.49608237 94.24489369 34.17961842
v -2.22334937 98.04243936 36.35211332
v -3.32245635 98.08300111 36.69566238
v -2.19709616 101.38384911 38.06770409
v -3.3124802 101.43598793 38.32182945
v -3.32976403 103.97943515 39.37250397
v -2.22737962 104.01539069 39.08685225
v -3.32029277 105.25992259 39.95935753
v -2.22506488 105.44636801 39.69519151
v -3.31315988 106.50198784 40.53777886
v -2.21886712 106.7085746 40.26973581
v -3.30936088 107.76517869 41.13143223
v -2.21260596 107.99249495 40.87456414
v -3.31010207 109.05094752 41.74942805
v -2.20705599 109.29960544 41.52279597
v -3.32204711 110.36509188 42.39307467
v -2.21381809 110.62595703 42.23421856
v -3.36243594 111.70788783 43.07540754
v -2.24808999 111.98153637 42.99271762
v -3.43544792 113.06511161 43.83074977
v -2.30474407 113.27939241 43.90189263
v -2.62330514 115.59771096 46.14966248
v -3.84097205 115.49846865 45.80181027
v -5.08222183 115.11227828 45.40791385
v -5.57464411 116.18262601 46.29636537
v -6.75772085 115.66214404 46.00545625
v -7.33314664 116.76408414 46.80496419
v -6.17657517 117.20805783 47.12808984
v -7.41528666 119.50072558 48.64486591
v -8.46564834 119.09303751 48.26260658
v -7.97889681 120.75942724 49.2853917
v -7.06244713 121.05043238 49.86743199
v -6.2969052 121.19471063 50.55757894
v -5.712378 121.21575221 51.316048
v -5.02056599 120.07582203 50.81408694
v -7.63371906 122.21406884 50.55846717
v -6.87790496 122.31146266 51.21416499
v -6.29981822 122.31398333 51.89408522
v -5.8808329 122.26130136 52.59878003
v -5.29733085 121.17769012 52.08708439
v -7.34434861 123.35029003 51.87421996
v -6.79019696 123.35044608 52.4941963
v -6.37533099 123.31315219 53.11099181
v -6.00370685 123.23779621 54.31719155
v -7.67083665 125.36995741 53.55015222
v -7.11964904 125.40891974 54.83302829
v -7.35575388 125.41957857 53.99851907
v -7.15931731 125.35779819 55.2370914
v -7.76200082 126.32196577 55.07822929
v -7.80474115 126.24045217 55.431771
v -7.97543465 126.09587384 55.70636779
v -7.35114016 125.2510779 55.56156141
v -8.36700169 127.05671654 55.31203927
v -8.43047527 126.92821048 55.60436476
v -8.58249182 126.75934972 55.835414
v -8.82877535 126.54779364 55.92262912
v -8.25258061 125.90175838 55.83175303
v -8.97701465 127.48655049 55.79673975
v -9.12750229 127.28207628 55.98912675
v -9.34153478 127.05774882 56.02266364
v -9.57586164 126.8467929 55.90062729
v -9.08884154 126.35573072 55.80819079
v -9.59014318 127.72442954 56.14803687
v -9.79610803 127.4737791 56.18791144
v -10.02903802 127.23833669 56.05324775
v -10.27027797 127.02009484 55.82977251
v -9.80512166 126.66026345 55.68653854
v -10.19596102 127.81833044 56.33947562
v -10.43011759 127.52755336 56.20577218
v -10.66431317 127.24707501 55.97516705
v -10.92195397 126.93836517 55.67895253
v -10.53782964 126.78250386 55.56118931
v -10.78939008 127.76665674 56.34002777
v -11.04118832 127.44387917 56.08918527
v -11.29622143 127.07778213 55.77186916
v -11.60504529 127.17703644 55.83907497
v -11.81687745 126.7049753 55.47163357
v -11.52828795 126.63728936 55.39944644
v -11.1863173 126.5506744 55.31843696
v -11.36398764 127.58040336 56.16784212
v -11.66339576 127.7250297 56.20407973
v -11.89389811 127.28300053 55.88664358
v -11.11999672 127.96990662 56.41336721
v -10.56376477 128.09351538 56.46685339
v -10.88909451 128.35966193 56.52403654
v -10.376014 128.41679708 56.42068915
v -10.72952421 128.67480547 56.42754297
v -10.27352783 128.66267025 56.26303936
v -10.66934175 128.87846346 56.2869617
v -11.02791356 128.9721963 56.25757791
v -10.67222402 128.99469027 56.07386921
v -11.05546536 129.0434832 56.08691667
v -11.41779341 128.91844606 56.20753665
v -11.88415828 128.64805038 56.10494545
v -12.22145444 128.24167066 55.87833738
v -12.11957669 128.06390353 56.06067772
v -12.46021949 127.76205952 55.54144408
v -12.35892763 127.58575678 55.7380802
v -12.15501683 127.41443537 55.86352545
v -11.92358348 127.88734873 56.17073489
v -12.5438224 127.06261011 55.35681113
v -12.34856514 126.9049123 55.4902145
v -12.09771739 126.79130219 55.51447293
v -12.52943208 126.34976514 55.08187825
v -12.27841854 126.23693523 55.12854662
v -12.00593656 126.16217942 55.08790385
v -12.4974181 125.61917948 54.73748296
v -12.23106299 125.5513615 54.72108661
v -11.95647145 125.52475045 54.64090536
v -11.73236829 126.10954547 55.01544064
v -11.6659802 125.52196571 54.53680176
v -11.42750623 126.070079 54.91302949
v -11.35126577 125.53076404 54.43741542
v -11.10338581 126.00927088 54.82496215
v -10.83597668 126.45989434 55.22130721
v -10.62658567 125.94060068 54.7436766
v -10.38645827 126.26295813 55.11696355
v -10.06356967 126.50384999 55.40884493
v -9.75030688 125.93535529 55.00220113
v -9.53764126 126.09262098 55.27743409
v -9.31198669 126.21686591 55.56501833
v -9.00444792 125.48763661 55.21670999
v -8.80713662 125.57931691 55.5426564
v -8.54928276 125.7215066 55.77464189
v -7.6578252 125.11331738 55.78441248
v -8.00593623 124.95270281 55.83763459
v -6.53310081 123.29744002 55.73398712
v -6.17237369 123.23724407 55.35911574
v -6.02637823 123.24732674 54.8591112
v -5.62794499 122.1207321 55.14952819
v -5.5114031 122.11606286 54.59734581
v -5.49819997 122.12770595 53.96260555
v -4.99455959 121.01249032 54.32129664
v -4.97955787 121.0467234 53.6296613
v -4.61355309 120.08434429 51.685758
v -2.63291087 118.26385771 51.12135639
v -2.45005796 118.3720904 53.13005286
v -4.33930402 119.99622893 53.40341332
v -4.36625792 119.96640102 54.16736783
v -2.50714116 118.30219587 54.07323888
v -5.10443409 121.01570718 54.95014333
v -5.31827865 121.02807045 55.52479566
v -4.75030084 119.98039673 55.53046117
v -5.84513619 122.11255193 55.65536628
v -6.24151014 122.07053479 55.96806717
v -5.67984075 121.00752701 55.99014102
v -6.98424865 123.31891372 55.88592939
v -7.39616934 123.22577503 55.76898239
v -6.72740381 121.97418525 55.92987304
v -8.2987276 124.80193684 55.60384862
v -8.50805859 124.70238845 55.24064434
v -7.72850294 123.06334197 55.46249915
v -8.74194208 124.61216053 54.86049157
v -9.21523955 125.39060289 54.89594897
v -9.5670138 125.21865731 54.55384628
v -9.07732599 124.50350773 54.4082837
v -10.0393285 125.67183744 54.66811657
v -10.89128659 125.47065211 54.35342915
v -11.62194727 124.82837385 54.08733062
v -11.24808867 124.85718149 53.99770286
v -11.42102676 123.97786439 53.61903848
v -11.84770762 123.89510245 53.72952777
v -11.42764577 121.66198249 53.30429105
v -10.60288239 121.82065255 53.33536728
v -9.71881729 122.02948391 53.4961259
v -8.86996802 122.2727644 53.92076246
v -8.27080819 122.49301078 54.51976925
v -7.99027883 122.79793962 55.04459637
v -8.0767385 121.3979245 54.79337578
v -7.57858695 121.60885641 55.27721803
v -7.16328811 121.81535315 55.67993079
v -7.28602139 120.54077728 55.6377276
v -6.72158902 120.72956933 55.94797384
v -6.20092813 120.89251852 56.11508814
v -5.13542406 119.95281342 56.17166514
v -5.74000482 119.75457487 56.56326294
v -6.40325264 119.56412039 56.51007084
v -6.29911903 118.16547963 57.55972509
v -5.26735103 118.1649755 57.75127787
v -6.52504442 117.2290454 58.49617733
v -5.41613985 117.31337375 58.64235808
v -5.60664872 116.54188124 59.54584958
v -4.20958076 116.58078355 59.37179144
v -5.56097211 115.82903628 60.5113015
v -4.10495277 115.9264541 60.45699911
v -2.70545004 115.89318128 60.35505608
v -2.78775998 116.5236004 59.11992867
v -3.97820105 115.17127392 61.72157032
v -2.61933396 115.14756763 61.67128899
v -5.34466127 114.99149026 61.68914973
v -7.11659723 117.98319931 57.1297231
v -7.47700627 117.03825482 58.01745442
v -7.99191276 118.11013296 57.06703048
v -8.52761027 117.11009387 57.72513494
v -10.36890736 116.19068015 57.50289002
v -11.33164432 116.90032026 56.48865116
v -11.63225501 118.06609328 55.17351054
v -10.81820747 118.87283314 55.44137955
v -11.66724803 119.1899332 54.19908624
v -12.475375 118.86186823 54.01876844
v -13.04627334 118.70089356 53.88784374
v -13.56874034 118.57080307 53.68147903
v -13.76121736 116.96374507 53.92616389
v -12.2516612 120.1881358 53.53567638
v -12.79243305 120.11887744 53.57453068
v -13.29570246 120.06497115 53.55306899
v -13.72117474 120.026681 53.40379742
v -13.95447009 118.47423748 53.3750258
v -12.62679514 121.48791235 53.46118464
v -13.0710194 121.45105058 53.55826637
v -13.47453036 121.44686147 53.49191278
v -13.7681597 121.46463818 53.26295209
v -13.97387623 120.00760795 53.06710817
v -12.54046826 123.8345344 53.98790826
v -13.16481226 123.89939959 53.99348974
v -13.4022457 123.98283371 53.83165084
v -13.90635983 121.50019161 52.9234661
v -12.863921 123.84878218 54.04054221
v -13.49933494 124.08896584 53.54529093
v -12.79945491 124.84846718 54.37346246
v -13.02603447 124.93787888 54.25625139
v -13.15302964 125.04822413 54.0555822
v -13.16946799 125.15570062 53.79298859
v -13.47908257 124.17907373 53.25369763
v -12.74328452 125.71242019 54.67699893
v -12.9027738 125.82904311 54.5162043
v -12.94787425 125.95305998 54.2868355
v -12.8990183 126.06994697 54.03940191
v -12.71288346 126.4861573 54.94521003
v -12.78705412 126.62855104 54.73958352
v -12.76105523 126.76433104 54.49337425
v -12.64490644 127.22568533 55.14980426
v -12.6360811 127.36812709 54.91121701
v -12.34901826 127.59598349 54.44273283
v -12.46094793 126.98589777 54.0269066
v -12.4682031 127.91838896 55.30541351
v -12.19016215 128.14744568 54.81657193
v -11.92282203 128.21910467 54.62580536
v -12.09939259 127.68309059 54.25629941
v -12.22393085 128.38684914 55.65859513
v -11.97252421 128.61100856 55.18509361
v -11.67307708 128.66112184 54.99108619
v -11.31031392 128.62016699 54.88721065
v -11.56667787 128.22996755 54.51322751
v -11.05302871 128.89073071 55.22925332
v -10.84176221 129.04880061 55.55459956
v -10.44207876 128.8394051 55.45095209
v -10.64977282 128.70028823 55.15706618
v -10.91110309 128.48641553 54.8236538
v -10.23968861 128.42974851 55.07151951
v -10.49381247 128.2701302 54.76096118
v -10.77408227 128.06240313 54.41645786
v -11.19994166 128.19071715 54.44860238
v -11.03625952 127.70733701 54.02209332
v -11.43309371 127.72514973 54.03452862
v -11.76989099 127.72396142 54.11533404
v -11.58346507 127.19417698 53.57673927
v -11.9476041 127.14657236 53.67271671
v -12.22502914 127.08403579 53.83009043
v -12.08459641 126.443522 53.17829365
v -12.3538953 126.36125219 53.34876283
v -12.58579077 126.27148039 53.5696934
v -12.54775569 125.52320204 52.77721933
v -12.77611472 125.42850893 53.01885538
v -13.10320593 125.24848521 53.53182336
v -13.01247388 124.42890796 52.36926719
v -13.38247046 124.25297732 52.96107206
v -13.90809579 121.56853772 52.21195349
v -13.94445043 121.53518088 52.57609401
v -13.96188205 119.97444316 51.85343045
v -14.07045083 119.9753554 52.27503021
v -14.07388074 119.99306009 52.66747424
v -14.1744599 118.29019269 52.07608947
v -14.21891669 118.32136495 52.52412024
v -14.15419253 118.38427363 52.95564663
v -14.3208312 116.57043681 52.50615147
v -14.0926012 116.78225696 53.50733687
v -14.27465646 116.65861219 53.02215626
v -14.24090351 113.26948979 53.44648074
v -14.0718537 113.64373399 54.22374078
v -14.16137193 111.86057131 53.51267228
v -14.03353504 111.99089886 54.47775811
v -14.66315595 110.31091252 53.41898745
v -14.07384173 110.27739063 55.60551106
v -14.37980133 110.25283212 54.53428109
v -13.44170166 110.22401248 56.65632961
v -12.6892507 110.03647477 57.74052902
v -11.99935057 109.81029882 58.86525116
v -11.35021099 111.73349062 58.81891288
v -10.61100104 111.51627804 59.97810816
v -10.09297522 111.14618694 61.13318635
v -10.45790871 109.30768058 62.2790581
v -9.7428259 110.69428815 62.29032309
v -8.92658928 111.92965862 62.63413623
v -7.8411423 112.90207539 62.92002801
v -10.90787048 109.39120772 61.17028819
v -11.75489227 107.12677446 61.30811472
v -11.18164131 106.76802036 62.43223671
v -10.50735056 106.43606336 63.49786719
v -11.3866504 105.41674116 62.47783679
v -10.58394437 104.97700159 63.55332189
v -11.3819459 104.22332481 62.38294564
v -10.53159024 103.62882521 63.44495716
v -11.27581302 103.06731337 62.1647398
v -10.37853242 102.33805105 63.19719348
v -11.1421846 101.93019194 61.85297515
v -10.19950271 101.0820351 62.86695594
v -11.06658706 100.82151204 61.46598057
v -10.06266493 99.91940091 62.4382383
v -11.09417487 99.57783537 60.99540183
v -9.94835338 98.81038493 61.88040843
v -8.83948369 97.69842217 62.78940339
v -10.01058613 97.21558817 60.92910225
v -8.96698674 96.05632087 61.66711189
v -9.34185661 93.25139634 60.11177559
v -10.48432246 94.17090608 59.46602842
v -9.10940149 89.28001309 57.45102427
v -7.99653099 88.3327895 58.11833517
v -6.81268642 87.55315283 58.72442383
v -5.73828724 86.5344923 58.9084026
v -4.74303067 85.78635048 59.03144722
v -4.83645406 88.8318968 61.30356552
v -3.97384127 88.22706697 61.30987919
v -4.16359469 90.02914817 63.19706745
v -4.89572539 90.63720236 63.28425256
v -4.14204823 89.96274957 64.79402478
v -5.28661726 91.05062495 65.18280784
v -5.66639081 91.79906835 65.46592689
v -4.74654047 90.44507643 64.96247143
v -5.7339811 92.60873398 65.81026816
v -4.94659975 89.77194099 67.44821036
v -5.05946605 90.71879699 68.20104992
v -4.67234168 91.14955217 68.40378366
v -5.39905369 93.2112667 66.05552318
v -5.14020132 90.21464535 67.84214278
v -4.04684875 90.91555014 68.14072793
v -4.18814157 88.97039852 71.14050312
v -3.32820024 89.10218295 71.08074528
v -2.78221733 89.09699458 70.89174918
v -3.40568941 90.94881096 68.027826
v -3.86414831 89.30276062 71.39401632
v -3.29346004 88.0762575 73.71973483
v -3.60180077 87.73205425 73.50190108
v -2.83009408 86.67621237 75.53933317
v -2.58254102 87.00389923 75.61011594
v -3.76283583 87.33180815 73.16240309
v -2.93928778 86.29665975 75.32748902
v -3.63358745 86.96256027 72.8221789
v -2.89319612 85.90993524 75.08030749
v -3.38721164 86.62020402 72.44997224
v -2.77727108 85.54797929 74.71183382
v -4.20354841 88.19158557 70.36172468
v -3.50982076 87.57739626 69.56742012
v -3.90808934 87.86779974 69.96250485
v -4.00292235 89.15413572 66.80801465
v -2.75667155 88.23556823 66.33849819
v -3.51109798 88.77392594 66.56627057
v -2.57599328 89.04646568 64.42796974
v -3.46522857 89.49970583 64.64087018
v -3.33130794 89.40813205 63.14654606
v -2.34509708 88.90530976 63.07720968
v -2.1292975 87.69276484 61.47971221
v -3.08578736 87.86060533 61.3861234
v -1.96248722 84.47670582 59.47267218
v -2.85448642 84.94279387 59.26166824
v -2.05546349 80.26270226 57.9947384
v -3.00544838 80.69344994 57.71893529
v -2.30815447 75.53536462 56.82634868
v -3.44607824 75.70641371 56.61862162
v -2.84779952 69.94588795 56.18985596
v -4.24419868 70.17225183 55.93685889
v -3.28119503 64.89413431 55.16060712
v -4.90600012 65.10136325 54.93854826
v -3.70915273 59.58261232 52.52917358
v -5.56993812 59.75122702 52.39483396
v -3.79075673 58.3761305 51.76818385
v -5.70011525 58.52598423 51.6646444
v -3.87840022 55.01280294 49.20061323
v -5.84777014 55.12311218 49.19210298
v -3.84292706 53.98984377 48.19998598
v -5.79966289 54.09781239 48.2219158
v -3.63985986 52.19875299 45.76352612
v -5.51564397 52.30496314 45.87591791
v -4.86479694 50.82061367 42.70860231
v -3.20541107 50.72922744 42.50772906
v -4.38094193 50.1609638 40.7072938
v -2.902396 50.09051413 40.50218943
v -3.8720059 49.58116811 38.4023768
v -2.57818105 49.520399 38.21990443
v -3.64161195 49.5377376 35.60244859
v -2.43237484 49.44082691 35.39100954
v -3.558344 49.6505615 32.84028839
v -2.37997007 49.53860483 32.59081126
v -4.74803674 49.63214862 35.82138063
v -4.617914 49.77594074 33.16442831
v -5.80369783 49.64737766 35.99533074
v -5.59133791 49.89604458 33.46272539
v -5.68561503 50.13046072 30.98441643
v -6.50058344 49.81486406 33.65270275
v -6.56058434 50.15760891 31.29528684
v -7.03655777 50.3827496 29.08725653
v -6.2370472 50.36716346 28.66070245
v -8.1106955 50.80144458 27.16864694
v -7.49528937 50.8301682 26.69985967
v -9.70932577 51.55591658 25.72560041
v -9.2695577 51.67073302 25.27295442
v -8.89944484 51.58629663 24.65201182
v -8.61766864 51.43846545 23.88488247
v -11.13104639 52.78375806 24.44904402
v -10.8209607 52.76286052 23.83905432
v -10.58100509 52.62854492 23.14920745
v -12.56413028 54.06402344 23.44146092
v -12.28486125 53.99311464 22.71645674
v -11.88024149 53.67385401 20.86549408
v -13.73213815 55.41538366 22.5352327
v -13.30166354 55.14131501 20.63914108
v -14.87028735 56.85605356 22.52436082
v -14.4528647 56.63688746 20.51552631
v -14.13926807 56.32982206 18.13068613
v -15.38589903 58.12507795 20.46039269
v -15.12260924 57.85389607 18.04160451
v -16.11868878 59.57853311 20.3804575
v -15.91517333 59.39908967 17.99830004
v -16.52496498 60.94844876 17.9215757
v -16.16801136 60.69300417 13.87803983
v -16.97569796 62.72471599 17.69949883
v -16.5491859 62.53366997 12.88915169
v -16.8585349 65.31778877 12.47602017
v -16.83043695 68.06610302 12.26922336
v -16.2160991 67.51784944 5.4481272
v -15.89763819 69.66257047 5.36090458
v -14.59725248 73.49924988 5.61423623
v -13.75478815 74.96079931 5.18225372
v -12.80080527 76.18366322 4.30183384
v -12.39172183 75.63451465 -2.47875382
v -11.76489167 77.27237057 3.46089842
v -11.38432628 76.75360656 -3.05635818
v -10.30333098 77.81612971 -3.51166213
v -9.23629163 78.70910042 -3.66141307
v -9.20945251 77.91533001 -10.23260673
v -8.09614089 79.51078094 -3.77681016
v -8.09053541 78.76439308 -10.38091955
v -6.89362463 79.51912315 -10.48480484
v -6.97873769 78.98420135 -13.74374823
v -8.20494824 78.20158789 -13.62134128
v -5.62134887 80.15999703 -10.55641807
v -5.68328004 79.64887154 -13.82623109
v -7.02315021 78.68061687 -15.33509857
v -8.26161826 77.88451784 -15.19913552
v -5.72083687 79.36320181 -15.42859735
v -5.74924615 79.04804627 -17.01445023
v -7.0548071 78.35713712 -16.90984851
v -7.05242972 77.9960454 -18.48235085
v -8.30055583 77.20644009 -18.33358491
v -8.29907119 77.55175963 -16.75965269
v -5.74272392 78.67270077 -18.58614686
v -5.68955432 78.23561691 -20.14719517
v -6.98311285 77.57113277 -20.05763193
v -6.83137763 77.05961717 -21.63170069
v -8.03540254 76.31934494 -21.54378638
v -8.22733267 76.8145002 -19.93577713
v -5.57602973 77.72225883 -21.69686146
v -5.40491087 77.14258317 -23.23213894
v -6.60451974 76.45702744 -23.18118993
v -6.31440208 75.76948518 -24.67506393
v -7.41295054 75.02462773 -24.61409977
v -7.75017468 75.71299821 -23.10452561
v -5.19013118 76.49695002 -24.73210305
v -4.93543079 75.78963252 -26.17301601
v -5.99950124 75.04843604 -26.12079317
v -5.65803097 74.32346787 -27.51757343
v -6.61428583 73.54021224 -27.46507751
v -7.04013771 74.29462422 -26.07237833
v -4.65730619 75.06528251 -27.56621633
v -4.32643698 74.29305856 -28.93084306
v -5.2556378 73.58691437 -28.87009646
v -4.81326728 72.85696562 -30.38009974
v -5.59730274 72.13292094 -30.31639585
v -6.13514544 72.81419153 -28.81117134
v -3.96873841 73.50381859 -30.44203916
v -3.7103598 72.88514234 -32.1412816
v -4.48758833 72.28091267 -32.09081572
v -4.31644396 71.89070348 -34.00375681
v -4.96494699 71.20987701 -33.95399762
v -5.18985999 71.58883171 -32.02995208
v -3.5793837 72.47302585 -34.03798988
v -3.6014358 72.29561582 -36.134011
v -4.3357522 71.71104961 -36.12068147
v -4.61816494 71.79929325 -38.49426416
v -5.2951699 71.05237951 -38.48711777
v -4.9632778 71.01092952 -36.08218426
v -3.8347754 72.42771459 -38.4936385
v -5.41343988 72.38535836 -41.35735012
v -6.20263596 71.48710475 -41.33904827
v -4.4863625 73.1358603 -41.37068565
v -6.04674801 72.79650785 -44.14415585
v -6.93271674 71.79170874 -44.11963935
v -5.00750127 73.63235692 -44.16385907
v -7.64645294 70.65131082 -44.09085572
v -8.16661983 69.40298291 -44.05856416
v -6.8346785 70.46698996 -41.31445675
v -7.29344911 69.35158378 -41.28616825
v -5.8507278 70.1957278 -38.46767561
v -6.29218345 69.25524849 -38.44620942
v -5.88385733 69.34359716 -35.94669385
v -5.47465198 70.21292198 -36.01884947
v -5.95031145 69.59461708 -33.75295332
v -5.51087233 70.43873672 -33.8713362
v -6.36032401 69.98607873 -31.82534285
v -5.81531766 70.82110783 -31.94668751
v -7.02074807 70.50607157 -30.14410968
v -6.32614195 71.34532016 -30.23611257
v -7.80284014 71.15588295 -28.73875765
v -6.98035212 72.00115301 -28.76466651
v -8.455853 71.91821028 -27.42557204
v -7.54627138 72.74468336 -27.43160664
v -9.04792419 72.71251483 -26.04700961
v -8.05103744 73.51923068 -26.03736205
v -9.55298133 73.45717423 -24.58940322
v -8.49330217 74.26348797 -24.57712697
v -9.98935475 74.11769732 -23.04664927
v -8.88314226 74.93566015 -23.05014219
v -10.34837517 74.66849933 -21.41624957
v -9.20766329 75.51822858 -21.45930649
v -10.59391301 75.0969469 -19.71653601
v -9.42353826 75.98063315 -19.81577832
v -10.69134659 75.4415335 -18.00261912
v -9.51375268 76.34642412 -18.16238353
v -10.6757237 75.7695407 -16.35133605
v -9.50721695 76.6783421 -16.56826346
v -10.58113487 76.09345781 -14.76676137
v -9.44788072 77.00913179 -15.01912231
v -9.36789976 77.33694469 -13.45796747
v -10.44449365 76.46492403 -12.85837928
v -10.30281109 77.05001763 -9.27583461
v -11.33748162 76.09955918 -8.41940008
v -12.31849117 75.03356485 -7.76228589
v -13.33015459 74.39143438 -1.8118923
v -14.1706759 72.93217531 -1.3762023
v -16.25111539 64.95132441 5.5865824
v -15.55603063 59.09821792 14.24530118
v -14.73492147 57.53651994 14.3329034
v -13.73425521 56.02255261 14.44237542
v -12.95235744 54.8368483 18.27608367
v -11.54704817 53.42131907 18.48825791
v -9.9484344 52.14535083 18.76856222
v -10.19641189 52.32373012 21.21468764
v -8.29628495 51.20649196 21.70553676
v -6.28705396 50.39169797 22.28143442
v -4.38984379 49.8798973 22.80103416
v -2.75839214 49.60930657 23.17167741
v -2.982557 49.45102661 19.97117301
v -4.64187198 49.77762419 19.74614336
v -6.3987567 50.30609728 19.44381322
v -8.20606528 51.08570394 19.1019896
v -8.13403194 51.0561461 15.10392479
v -9.73305981 52.04756691 14.91503672
v -11.22466521 53.23136271 14.73563116
v -12.56396824 54.57334245 14.57646897
v -14.00402072 57.19932055 5.45672748
v -15.47543077 60.30360894 5.64512492
v -15.95398412 62.23586428 5.73009094
v -15.8739379 67.06311827 -0.58374924
v -15.53702509 69.21718415 -1.02287214
v -15.53696508 68.5802098 -6.01472315
v -14.09851877 72.35264744 -6.81948097
v -14.37236836 71.74287155 -10.26216494
v -13.24507904 73.81125159 -7.21524613
v -13.4497888 73.23183024 -10.81519729
v -12.46174014 74.48853562 -11.40081941
v -11.46363506 75.5430294 -12.07746221
v -11.63212297 75.13777723 -14.36653922
v -11.77380403 74.79349671 -16.13778538
v -11.80729366 74.48827531 -17.8904792
v -11.71853238 74.16622844 -19.67922599
v -12.82710574 73.13900289 -19.76506075
v -12.55670856 72.782939 -21.55987515
v -13.67125951 71.67680303 -21.79770694
v -14.00565615 71.94393835 -20.04549146
v -11.46160202 73.76147289 -21.44115468
v -11.06557954 73.23207856 -23.09762978
v -12.1417128 72.29125116 -23.22888307
v -11.61083083 71.67977907 -24.76504728
v -12.62824753 70.68562154 -24.92286212
v -13.20145197 71.24214906 -23.41710197
v -10.58152498 72.59616199 -24.64795324
v -10.02059828 71.86929131 -26.10361361
v -10.98663911 70.9786132 -26.20063833
v -10.24473595 70.18463874 -27.51884877
v -11.14726344 69.26317247 -27.61360189
v -11.95272121 70.02866339 -26.3287783
v -9.35300082 71.06592435 -27.45655526
v -8.61893348 70.27681905 -28.73674261
v -9.40396933 69.38246009 -28.75211569
v -8.44425867 68.71425459 -30.03087616
v -9.17365902 67.75628665 -29.98934816
v -10.20356804 68.46340046 -28.78942758
v -7.72579847 69.62619445 -30.06942438
v -6.85174402 69.10066139 -31.6829356
v -7.33724122 68.16935289 -31.54635589
v -6.73837772 67.72643323 -33.58074067
v -6.30820619 68.69558326 -33.61891679
v -6.18951048 68.41367991 -35.86663262
v -6.52520196 67.41222013 -35.88491497
v -6.75311013 67.17482645 -38.39211859
v -6.70803293 66.05953627 -38.35981502
v -6.60909745 68.24532853 -38.42496679
v -7.64298027 66.94196303 -41.21962561
v -7.52239255 65.69502946 -41.18515547
v -7.56964983 68.16924336 -41.25584221
v -6.43114803 64.93152762 -38.34401433
v -5.88289482 63.86050905 -38.38059703
v -5.1526385 62.90121452 -38.38477564
v -4.91350998 63.13023101 -36.05153864
v -3.97971382 62.38395672 -35.97925848
v -5.01673285 63.0186455 -34.18724645
v -9.90275405 66.7485899 -29.89730926
v -11.04744798 67.50829528 -28.8532665
v -12.06371163 68.28725977 -27.72563658
v -11.94831754 66.46922184 -28.91360349
v -13.01815738 67.22445604 -27.84172836
v -13.9337751 67.89249313 -26.64305461
v -12.933721 69.001113 -26.47956527
v -14.70338761 68.43318846 -25.33803267
v -13.6621641 69.6020343 -25.12455308
v -15.36437433 68.82956578 -23.97046365
v -14.28279912 70.09147716 -23.68441058
v -15.92762063 69.07340442 -22.55960291
v -14.80409281 70.41970792 -22.16020754
v -16.4141171 69.1551082 -21.12580183
v -15.22925451 70.58768458 -20.55667509
v -16.85167809 69.04681287 -19.70672866
v -15.59758715 70.55221667 -18.90829538
v -17.31252375 68.66957912 -18.33825753
v -16.03565677 70.17995262 -17.25216256
v -16.76046591 69.1740796 -15.85107165
v -17.89825051 67.85658336 -17.04214439
v -15.90783039 67.93972002 -8.93943194
v -15.87232348 66.46756934 -5.35560217
v -15.89212272 64.46489943 -0.28843195
v -15.52377808 61.55314467 -0.07881739
v -14.81778694 58.69483299 5.31860087
v -13.03703839 55.77534108 5.57707738
v -11.92036813 54.44589266 5.67874433
v -10.67135154 53.23175282 5.76052501
v -6.48228684 50.27644942 15.28495377
v -4.82065299 49.70736356 15.44305668
v -3.17213 49.32263758 15.56214625
v -6.3139002 50.5098813 5.90619863
v -9.30227687 52.1633316 5.82392732
v -13.6829296 57.07649799 0.52358329
v -14.46145598 58.51620163 0.3576348
v -15.07278403 60.01314245 0.15417787
v -15.34752786 60.99570453 -4.76580933
v -15.84584596 63.8379576 -4.91657229
v -16.22242328 63.1625764 -7.4384393
v -16.24293672 65.80409178 -8.14045739
v -16.81297983 65.21796933 -9.78463336
v -16.47847966 67.34743295 -10.71612641
v -17.21731151 66.70399451 -12.02348071
v -17.54297584 64.60631007 -10.97688015
v -18.39589193 63.9529426 -12.0481585
v -18.10561898 65.93451104 -13.19466905
v -19.02856764 65.06328207 -14.34578591
v -19.27444832 63.22474726 -13.12875864
v -19.90688847 64.15019797 -15.5386955
v -18.86071815 66.60196934 -18.13903397
v -19.52690824 65.58494528 -19.20715548
v -20.65446764 63.23686559 -16.83490927
v -21.02501186 62.41563949 -18.31991704
v -19.69434063 65.03928968 -20.35369754
v -19.53237869 64.78363443 -21.59844887
v -21.13312902 61.79486025 -19.88818001
v -19.137432 64.66648923 -22.91873661
v -18.57435074 66.22149661 -21.83116131
v -18.10902939 66.18502157 -23.08098662
v -17.52419686 66.08004793 -24.37746604
v -18.56272415 64.57592483 -24.28522234
v -17.53938388 67.68879013 -21.61441085
v -17.03833807 67.6587998 -22.91233816
v -16.45593468 67.49245765 -24.23279844
v -15.76945621 67.16892332 -25.53644827
v -16.81543748 65.82613337 -25.65225497
v -15.95270278 65.3935327 -26.86995376
v -16.92393874 64.05287931 -26.87407985
v -17.82308509 64.4211483 -25.63346999
v -14.94821051 66.68278245 -26.78350084
v -13.98688618 66.07188051 -27.9501591
v -14.9545722 64.83131566 -28.02420673
v -13.80271686 64.15854332 -29.05317049
v -14.67937525 62.90057386 -29.07571847
v -15.88606712 63.53464194 -28.0452303
v -12.88340516 65.36042192 -28.99552821
v -11.63061507 64.57836061 -29.85063188
v -12.51786702 63.41388392 -29.9050123
v -10.74357768 65.68526403 -29.84656881
v -10.27050003 63.77726825 -30.50662678
v -8.77114883 63.03889674 -31.09567242
v -11.09669479 62.63099439 -30.51182415
v -13.31977334 62.1896374 -29.90974455
v -21.01550835 61.30962112 -21.51981153
v -20.64144869 60.90135202 -23.15250608
v -21.32483784 60.91892355 -17.13114348
v -21.56264938 60.25271245 -18.79592085
v -20.82096828 61.67517877 -15.62431781
v -20.10831536 62.46226248 -14.30268056
v -18.39772542 61.47184656 -10.86344033
v -19.26143987 60.8385405 -11.83158059
v -17.55135106 62.06622275 -9.92933997
v -16.81282379 62.61771981 -8.89802283
v -16.40882519 59.82138562 -8.13395767
v -15.81765198 60.30894961 -7.06995812
v -15.26636535 58.82075236 -6.87618775
v -14.80681453 59.49180225 -4.6263061
v -14.20286693 58.1271485 -4.39085243
v -13.47497448 56.82782807 -4.19597703
v -12.75668457 55.70406018 0.64578318
v -11.67716566 54.41518853 0.72157727
v -10.45886521 53.23123668 0.75341721
v -7.84385202 51.24980544 5.87105031
v -4.75006003 49.94144361 5.93081715
v -3.17095219 49.53789064 5.94663435
v -6.12844879 50.57369021 0.64933762
v -7.65688295 51.29617373 0.70736701
v -9.10597158 52.19365163 0.74447634
v -10.53411391 53.32920665 -3.94867022
v -11.65660271 54.41918558 -3.95495839
v -12.62725576 55.59324081 -4.04514504
v -13.07883497 55.10258674 -6.22356125
v -13.90980024 56.27016625 -6.39751212
v -14.63735511 57.51729084 -6.62820727
v -15.24799148 56.95084869 -7.51899715
v -14.50206874 55.70958165 -7.27011643
v -15.87426499 58.28537445 -7.80933612
v -16.6612416 57.695202 -8.56614648
v -16.03626743 56.31421793 -8.21903697
v -17.17361693 59.25862019 -8.97315487
v -18.04288735 58.63232417 -9.73825081
v -17.54831275 57.07862256 -9.27832977
v -18.40881936 56.49401959 -10.07008365
v -17.78003868 55.03068768 -9.64055354
v -16.91899793 55.64709908 -8.89186933
v -18.90829276 57.9909424 -10.54788381
v -19.70991475 57.41962095 -11.55778802
v -19.24171414 55.93635776 -11.01573483
v -20.063569 60.17643223 -12.93610738
v -20.77785885 59.50153383 -14.21548471
v -20.44899117 56.87151441 -12.77388457
v -21.36644087 58.83759658 -15.70395953
v -21.75173551 58.20810996 -17.39920473
v -21.12458126 56.3405199 -14.25852029
v -21.54507522 59.72883433 -20.57753099
v -21.22352949 59.31924001 -22.38048243
v -20.04783883 60.48577898 -24.72434149
v -19.22891725 60.00572448 -26.18403793
v -20.02760747 55.40944208 -12.17027288
v -18.64420325 54.46585996 -10.51026434
v -17.06427244 53.63158481 -9.22944381
v -15.35246417 53.09330812 -8.2463067
v -16.18971461 54.30472924 -8.54012584
v -14.46523848 53.85495802 -7.70248904
v -15.29945662 55.03191201 -7.92866575
v -13.67165111 54.55397532 -7.0753498
v -13.53031215 52.78798318 -7.54019327
v -12.74616829 53.49532469 -6.94607478
v -12.16332303 54.00859875 -6.0939719
v -11.70079017 52.52540158 -6.90001557
v -11.11387584 53.00968195 -6.05174096
v -9.8801408 52.12345703 -6.1252657
v -9.23815737 52.3202672 -4.04002344
v -7.7728832 51.41455511 -4.24357189
v -6.18533975 50.66258578 -4.55711676
v -4.57917786 50.01504412 0.58158566
v -3.03116801 49.6377061 0.52245499
v -5.59355212 80.79131038 -3.92477188
v -6.8774871 80.20683945 -3.86194723
v -5.74163988 81.21115768 2.41583539
v -7.07459585 80.63049175 2.47635694
v -6.18925166 82.09342755 12.59933786
v -7.65258431 81.50553571 12.73126183
v -6.38276471 82.87794951 16.57473767
v -7.931515 82.31034905 16.78356903
v -6.51253786 83.69031286 19.0461478
v -8.08274009 83.11429216 19.31605135
v -6.54097565 85.74439336 23.68414726
v -8.12224481 85.31855047 24.02328515
v -6.2630611 87.86575169 26.77396431
v -7.77061085 87.504744 27.18362091
v -5.23451182 90.60003751 30.97596919
v -6.42001208 90.16336475 31.49851271
v -4.58406653 94.07354527 34.60890922
v -5.65756922 93.76794126 35.02968076
v -4.39285284 97.97075036 37.07842585
v -5.43809254 97.69937942 37.47767568
v -4.40527126 101.28510193 38.62298328
v -5.45287896 101.03196083 39.04634751
v -5.46059175 103.53094827 40.17023543
v -4.40941085 103.81027431 39.73537816
v -5.44548613 104.71386184 40.75028319
v -4.39582775 105.01256102 40.31372747
v -5.4434272 105.91282366 41.31698942
v -4.38997058 106.23274447 40.88961613
v -5.45532611 107.1276657 41.87240665
v -4.39268292 107.47264915 41.4647906
v -5.4837819 108.35764374 42.41984777
v -4.405257 108.73195096 42.04722699
v -5.53652988 109.60563856 42.9530291
v -4.43359089 110.01703562 42.63040758
v -5.62858116 110.87328259 43.46990412
v -4.49490127 111.32783109 43.23122085
v -5.78235092 112.1600837 43.96685985
v -4.5968698 112.6757524 43.8482024
v -6.32038417 114.56925433 45.23212725
v -6.91326933 111.61090212 44.25282966
v -7.46359197 113.98547958 45.3081314
v -8.53458562 113.38583663 45.60776683
v -8.91653362 114.50422109 46.21415557
v -7.87567395 115.09403344 45.99586571
v -9.40489057 115.65508617 46.86716467
v -8.42257493 116.21834748 46.73062848
v -9.50831299 118.63117908 48.10295826
v -10.43927752 118.15935801 48.184946
v -10.83686791 119.53276207 48.78848998
v -9.94725509 119.95394172 48.71090142
v -8.97842802 120.37875833 48.86459016
v -10.33909596 121.31944769 49.34705205
v -9.44276811 121.64925912 49.57148154
v -8.51154101 121.96497881 50.00798925
v -9.82389689 122.93956516 50.29994264
v -8.94550329 123.15847919 50.73342555
v -8.07237534 123.30029678 51.27324465
v -9.35743674 125.11541794 52.2119895
v -8.11583586 125.25883196 53.07092518
v -8.67454872 125.1661914 52.62374665
v -8.55686052 126.08726756 53.5862938
v -8.22021253 126.22355169 53.96367384
v -7.95134876 126.32861554 54.35114855
v -8.80931144 126.94688743 54.34009362
v -8.57857278 127.05408785 54.65356872
v -9.15569401 127.65960036 54.94536607
v -8.91973021 127.63434566 55.5317335
v -9.38103275 128.11049988 55.73591963
v -9.43844396 127.9460803 55.98155274
v -9.85556129 128.34386575 56.1511577
v -9.98685734 128.103406 56.31568531
v -10.2505815 128.82118427 56.0194948
v -9.81861024 128.51357873 55.90832133
v -10.02920607 128.53125942 55.33363299
v -9.61300624 128.1331979 55.16438813
v -9.82080757 128.04630687 54.90603164
v -9.36437908 127.56367093 54.66654416
v -9.60794315 127.45711868 54.39466008
v -10.06297552 127.93939453 54.63915289
v -9.89456037 127.37074379 54.14154899
v -10.3407584 127.80656732 54.3494561
v -9.06912782 126.81592071 54.02893514
v -9.38609284 126.68311751 53.71439176
v -9.00041935 125.96515919 53.21076225
v -9.53290375 125.88039272 52.86024534
v -10.20139996 125.86949383 52.57156881
v -10.83026991 125.04618359 51.648044
v -10.80416224 125.89250393 52.40708921
v -11.45000845 124.95841632 51.58032205
v -11.35207899 125.86392436 52.3387431
v -11.28186187 126.59240946 53.00171484
v -11.83071336 125.7573241 52.40762936
v -11.71124269 126.53479419 53.04423011
v -11.19281177 127.22389686 53.56156725
v -12.23216803 125.63312718 52.55649282
v -11.96108742 124.81794308 51.66596475
v -12.75421492 124.52908651 52.10423693
v -12.40032661 124.66587477 51.85070573
v -12.92196389 121.84222227 50.78940839
v -13.29115775 121.73199705 51.13830488
v -13.77700454 121.61167716 51.855519
v -13.27101341 120.11778515 50.6422974
v -13.80419775 119.99167972 51.45550096
v -13.80986925 118.28934046 51.10498405
v -14.02284321 118.27556081 51.59903501
v -14.24042039 116.53411518 51.96968126
v -14.06817773 116.5375841 51.40233887
v -14.09832522 113.24006999 51.82467082
v -14.23309394 113.22511402 52.6307325
v -13.98604145 111.85095076 51.69395617
v -14.15892928 111.80987287 52.57911881
v -14.57249441 110.35697473 52.3364865
v -14.24594185 110.43619573 51.35874932
v -14.90847848 108.85389429 52.04141828
v -15.1307609 108.75418986 53.2120766
v -14.89312791 108.69692868 54.46357635
v -15.39931109 107.61974214 52.99748972
v -15.28509631 107.55769169 54.3532131
v -14.99602818 107.44434264 55.66691934
v -14.51317619 108.64502092 55.65366182
v -14.65302976 107.26695062 56.93994079
v -14.00087889 108.51773318 56.79643675
v -13.98202939 106.98798167 58.0890354
v -13.37700001 108.26199939 57.92634427
v -13.25196136 106.65593165 59.11922648
v -12.77023466 107.88148052 59.02386121
v -12.61332157 106.26969626 60.1857332
v -12.30004603 107.42445637 60.14470632
v -11.37354668 109.72705375 59.99609493
v -12.01703125 105.8692251 61.33223512
v -12.79759142 105.2482495 60.15259241
v -12.1407653 104.77099098 61.28482255
v -12.92008389 104.2599135 60.05228182
v -12.09799196 103.71230734 61.09418201
v -13.09112923 103.24816831 59.94202059
v -12.10236562 102.64911051 60.86896631
v -13.56653475 101.98659789 59.77675478
v -12.20723517 101.51907095 60.64611524
v -13.93205264 100.38480328 59.27230906
v -12.51656092 100.03649795 60.33133779
v -14.09609263 98.27505202 58.24660717
v -12.83496482 97.84903809 59.40666668
v -11.34736474 97.70316942 60.24935006
v -11.68891828 94.62185062 58.7333602
v -12.84255834 95.02155657 57.8129022
v -12.06689322 91.29763243 55.35496264
v -10.11225533 90.45148313 56.89097381
v -11.22082494 90.81138953 56.31619545
v -10.59786806 84.81694201 54.44934658
v -9.39499545 84.3249751 55.02732979
v -8.2155658 83.68096088 55.65566035
v -7.02102265 83.05509997 56.22441912
v -5.91676143 82.35891993 56.66831479
v -3.91805873 81.23360513 57.37181528
v -3.76713297 85.35576634 59.12282744
v -4.87688902 81.77834253 57.02650174
v -4.55808902 75.99839486 56.27660295
v -5.63843015 76.40950834 55.79514933
v -5.66333375 70.35177929 55.67814231
v -7.05090082 70.65761586 55.27057427
v -6.51045155 65.38773516 54.62976641
v -8.08358632 65.76085407 54.22314662
v -7.43101758 60.00432611 52.19193218
v -9.27651879 60.36775845 51.89760216
v -7.61833624 58.75454882 51.50198929
v -9.52879191 59.09705961 51.2485181
v -7.8490689 55.26808061 49.17871343
v -9.87677091 55.48497811 49.11255189
v -7.79798786 54.21568364 48.27056469
v -9.83645072 54.36006991 48.30853076
v -7.46551322 52.42384265 46.06013074
v -6.61530385 50.94170176 43.01217478
v -5.88665182 50.24098902 40.97193995
v -6.39494343 49.70052775 38.62890685
v -5.17019503 49.69457117 38.53773669
v -7.59342588 49.51031333 38.62592406
v -6.80199009 49.47235326 36.07512189
v -8.63982877 49.02115666 38.45137379
v -7.68859311 49.0507415 36.0411949
v -7.27140002 49.42648911 33.71190544
v -8.39810944 48.39937684 35.92362373
v -7.89263895 48.79320423 33.67384635
v -7.88959464 49.23271574 31.51890311
v -7.31971132 49.84156814 31.46238013
v -8.28788872 49.57829335 29.45898907
v -7.74684005 50.1047559 29.34321238
v -9.18045133 50.09047212 27.60948479
v -8.69817023 50.53847287 27.48053161
v -10.57134553 50.85174392 26.13490591
v -10.14176815 51.24831104 26.02115476
v -12.30508211 51.94418951 25.38810394
v -11.89657782 52.35626474 25.27143902
v -11.49727172 52.65512596 24.9499548
v -13.6991369 53.5711968 24.98024783
v -13.28281854 53.8530195 24.58771678
v -12.90032065 54.02345268 24.06970446
v -14.84807096 55.17550607 24.61805482
v -14.42763551 55.35407141 24.02014032
v -14.04353069 55.44022424 23.32738268
v -15.63561923 56.71353978 24.20139137
v -15.21595198 56.83423177 23.40301473
v -16.10732027 58.15056671 23.55704856
v -15.75977564 58.25099733 22.59830942
v -16.46351619 59.56502316 22.71975461
v -17.06215088 60.92599793 22.88436325
v -16.71557551 61.04424803 20.35222302
v -17.22022228 62.80165226 20.38328425
v -17.70388149 65.55153039 20.6294065
v -17.33042199 65.58699548 17.54539898
v -17.3953487 68.30166172 17.60816962
v -16.52242181 70.10267051 12.1875417
v -15.29587817 74.1093251 13.13764156
v -10.66924873 78.24844081 2.83130603
v -8.34635022 79.94128105 2.5524361
v -9.54577417 79.14484593 2.64822149
v -9.05533991 80.79285279 12.89116822
v -10.36896213 79.94430586 13.08026935
v -9.44640883 81.63579424 17.03966592
v -10.87402151 80.77347965 17.36838506
v -9.60344945 82.40421393 19.66423965
v -11.03929032 81.51458611 20.10259285
v -9.64589796 84.76214298 24.47491687
v -11.08600145 84.09408189 25.04282342
v -9.23473947 87.07110505 27.689489
v -10.51152992 86.57361817 28.4054998
v -7.61162721 89.75850343 32.0624522
v -8.77137164 89.33617898 32.69452175
v -6.71315379 93.45165442 35.56983595
v -7.7493007 93.11329073 36.17415414
v -6.44868993 97.41066689 37.99821167
v -7.42795977 97.1142123 38.60470244
v -6.46529633 100.69333307 39.54051851
v -7.44893683 100.35428219 40.11614309
v -7.45679891 102.84757112 41.2784352
v -6.47816825 103.20743851 40.68671434
v -7.44478073 103.99918039 41.84602966
v -6.46363614 104.37341559 41.26219489
v -7.45463159 105.16040421 42.38835142
v -6.46697828 105.5523321 41.81719801
v -7.48732451 106.32946611 42.90591061
v -6.48931845 106.74303574 42.35275598
v -7.54658722 107.50508174 43.39714083
v -6.53408057 107.94424216 42.86937293
v -7.63970865 108.68635088 43.8576189
v -6.60949206 109.15640748 43.36127532
v -7.77780451 109.87192915 44.28274159
v -6.72906701 110.37951971 43.82136929
v -7.97555993 111.06000409 44.67618788
v -8.76714426 109.36533486 44.84394435
v -8.96488918 110.52176941 45.21965595
v -9.50096029 112.8130808 46.08063218
v -9.88403958 110.00853737 45.86188019
v -10.37011744 112.30562228 46.67549787
v -10.69964679 113.46885063 47.15146004
v -9.86244961 113.95764421 46.62169961
v -11.08765864 114.67994768 47.68594972
v -10.27520002 115.13516835 47.20378191
v -11.22169292 117.73301699 48.4354464
v -11.90530414 117.36681192 48.79187488
v -12.21343707 118.87750838 49.32717478
v -11.55629737 119.18530597 49.00792615
v -12.39708575 120.43572543 49.88496864
v -11.80023654 120.69000084 49.6003732
v -11.13395567 120.98356266 49.39113373
v -11.98258887 122.18313664 50.24263945
v -11.35723885 122.44316157 50.06742301
v -10.6415949 122.69672879 50.06772909
v -10.13047316 125.09448439 51.86467743
v -12.50202582 121.98132715 50.49963958
v -12.87491741 120.25486149 50.23006012
v -12.7492576 118.64511477 49.71936674
v -13.19057559 118.4626424 50.17630387
v -13.80944014 116.57486599 50.81468709
v -13.02369835 116.82358392 49.71809441
v -13.46846575 113.48888395 50.26156847
v -13.83378709 113.33526722 51.01636456
v -13.67711856 111.96664943 50.82287927
v -13.74424036 110.5586942 50.47183421
v -13.12330376 110.75419603 49.66456622
v -13.04624933 109.04389265 49.18108405
v -13.78830554 108.97363503 50.04708362
v -14.43407222 108.91892153 50.9897535
v -13.78223043 107.58141898 49.64684952
v -14.49880388 107.6086782 50.64724871
v -15.08575497 107.62624186 51.75360599
v -14.45955497 106.49625032 50.32482524
v -15.13742567 106.57866417 51.46566766
v -15.53841896 106.62342703 52.75270883
v -15.10087748 105.63878502 51.14899371
v -15.55206208 105.69362756 52.44167038
v -15.60277402 105.66651537 53.90684477
v -15.51438559 106.57536629 54.19488513
v -15.61344335 105.54380684 55.34145306
v -15.36801429 106.45917249 55.58398335
v -15.36291894 105.31901725 56.71801396
v -15.04885569 106.26352363 56.90429735
v -14.73784424 105.02738495 57.97915227
v -14.37823042 105.9869133 58.09612928
v -13.84214881 104.69010454 59.07115374
v -13.54957575 105.65516936 59.1189204
v -15.14759536 104.01370724 57.73950274
v -14.27051236 103.64370316 58.94279772
v -15.55375603 102.86142279 57.29525298
v -14.72046364 102.41660888 58.62149655
v -15.91464369 101.48325046 56.57710861
v -15.06590321 100.88550101 57.98179897
v -16.25247025 99.76550811 55.57147004
v -15.22220714 98.92605659 56.95867176
v -15.74443707 97.08505657 54.160472
v -13.82849519 95.63534228 56.65391697
v -14.86354306 96.4095265 55.47948965
v -12.84320651 91.86531991 54.29196686
v -13.56727445 92.46236118 53.20926186
v -13.21178671 86.41690313 51.85128788
v -12.48723565 85.83912397 52.83997796
v -11.63242455 85.30084128 53.72871155
v -6.70459702 76.90158028 55.1853997
v -7.85399245 77.41633223 54.53258264
v -8.36086507 71.15167508 54.67627874
v -9.60884564 71.80201422 53.93495622
v -9.61332057 66.22426691 53.70919438
v -11.08778018 66.77542301 53.07789903
v -11.08238324 60.86240357 51.48625312
v -12.82065403 61.49406501 50.93134602
v -11.40656443 59.57992361 50.87224235
v -13.21788433 60.21524602 50.3378667
v -11.90919167 55.8583971 48.89526429
v -13.95311223 56.43233524 48.48022427
v -11.85298302 54.7044472 48.1204529
v -13.9552953 55.25617346 47.74199258
v -11.49079151 52.79094197 46.20118013
v -16.34342436 53.91043672 45.68207853
v -16.09427581 56.02486922 47.14964756
v -18.20443218 56.82951452 46.23359473
v -18.73389703 54.82549029 44.94948833
v -20.02355039 57.77620847 45.02985564
v -19.4550617 59.34975434 45.93352118
v -20.84602342 60.42922449 44.57082996
v -21.4733217 58.80015903 43.57364162
v -17.7929571 58.26713411 47.01614217
v -21.94473317 61.47776488 42.97473686
v -17.92909719 62.73710796 47.54464826
v -20.15849016 64.72068502 44.7275615
v -20.93425581 65.67825651 43.08943326
v -22.54274369 62.44676243 41.1128393
v -19.15056498 63.73085701 46.22834934
v -21.45318186 66.59627496 41.36189332
v -19.03624218 66.79052676 45.83698559
v -20.38427001 68.73721405 42.76048606
v -20.7942597 69.5525208 41.07890631
v -21.70487208 67.46197219 39.58948549
v -19.7915859 67.82085289 44.35723333
v -20.94928679 70.35880603 39.41360286
v -18.68313557 72.01382912 44.80662046
v -19.38104858 74.58218445 40.3530739
v -20.74481109 71.36043967 37.93638328
v -19.12456009 72.85522366 43.29849868
v -19.27930811 75.43181842 38.90232733
v -19.34259038 73.71959229 41.81766614
v -19.09887778 76.22185435 37.39996708
v -18.79407498 77.00870568 35.87874983
v -17.6729853 79.3084553 41.36390986
v -16.98606721 81.4164856 37.23363899
v -18.37582111 77.77348241 34.3511559
v -17.44770508 80.09509133 40.00180078
v -16.71882687 82.03079645 35.81312844
v -17.25644638 80.75914035 38.62210705
v -16.09941017 82.71181347 34.50123168
v -14.76431876 85.90880544 39.104773
v -14.30787677 86.46317389 37.95105117
v -12.94179614 87.52313437 35.84515293
v -14.63252533 84.03930087 32.12151686
v -12.02792939 88.03185172 34.93509269
v -11.01381357 88.51806161 34.10623397
v -9.92359157 88.94890232 33.3575355
v -10.51475353 91.96347293 38.45514879
v -8.72497033 92.77548218 36.87799072
v -9.64189265 92.40343155 37.6493992
v -8.38632307 96.76954394 39.24277958
v -9.3129462 96.36498269 39.91230506
v -8.39008081 100.0152043 40.77990705
v -9.2809067 99.61245254 41.49186978
v -9.27930053 102.04610666 42.67106836
v -8.3921191 102.45829593 41.94042868
v -9.27728324 103.17552505 43.22094612
v -8.38423301 103.59809407 42.49916479
v -9.30300681 104.31089102 43.73912348
v -8.40111174 104.74439793 43.02973544
v -9.355577 105.44915275 44.22575648
v -8.44401936 105.89591118 43.53052019
v -9.43676352 106.58902291 44.67917668
v -8.5151067 107.0507373 44.00164507
v -9.54932111 107.72918115 45.0995101
v -8.62031384 108.20776001 44.43944913
v -9.69636158 108.86963946 45.49256029
v -10.42635534 107.25675992 45.83374473
v -10.56742649 108.39139669 46.21643018
v -10.73712222 109.53035461 46.58316339
v -11.38239827 107.95072688 47.01263724
v -11.53542384 109.15151618 47.38683043
v -11.1853953 111.8507257 47.35170912
v -11.91508748 111.45357642 48.08087241
v -12.17862334 112.67912529 48.45171671
v -11.47855051 113.04481423 47.76350828
v -12.45968609 113.9602489 48.84699349
v -11.81123595 114.28703552 48.23201047
v -12.49225673 117.07088547 49.22032846
v -13.26513635 112.14092663 49.99212705
v -12.99283667 107.59418736 48.73524987
v -12.95212338 106.46288747 48.32673358
v -13.7553388 106.42009013 49.25490962
v -13.70755263 105.45221356 48.86652267
v -14.34770332 105.53140756 50.00566664
v -13.56877484 104.53921254 48.528261
v -14.27892659 104.61999095 49.62253107
v -15.02930401 104.71360077 50.75551141
v -14.20791127 103.6231117 49.14944967
v -14.96879447 103.69600702 50.24571227
v -15.62236322 103.74401075 51.4390266
v -15.59719254 104.77286348 52.00644101
v -15.96405779 103.73017108 52.80509672
v -15.77004736 104.75544386 53.43480764
v -16.09416328 103.6484084 54.33008897
v -15.83378876 104.62577049 54.92725927
v -16.02088986 103.28912617 55.84734517
v -15.6815449 104.34877606 56.37806585
v -16.3432203 102.33298571 53.46392736
v -16.38557653 102.10097921 55.08634344
v -16.38873637 100.59503301 52.44519331
v -16.4378924 100.25031663 53.96840309
v -16.25878392 97.64597726 52.65732555
v -15.94184891 98.07585022 51.2760894
v -14.04865305 92.94478706 52.10590537
v -14.36273431 93.22001402 50.99258625
v -14.45138381 88.01261212 48.63769401
v -14.24227338 87.54358929 49.72814107
v -13.81895266 87.00251737 50.80816937
v -13.05756233 80.33933507 50.44327864
v -12.25485255 79.72922684 51.34201088
v -11.29832049 79.12778491 52.18755702
v -9.02034013 77.97308932 53.77821267
v -10.18547549 78.54790669 52.98004309
v -10.8351402 72.49083932 53.1132244
v -12.0522861 73.14148304 52.24259161
v -12.49584268 67.40563807 52.31617711
v -13.82266765 68.10576566 51.40310707
v -14.46555507 62.24747473 50.21212737
v -15.86370519 63.35698059 49.39399649
v -14.93107747 60.9866125 49.6252858
v -16.51439318 61.81861005 48.68780129
v -15.94683023 57.21242202 47.81926306
v -18.1373614 65.66441488 47.17906735
v -17.09876508 64.48294385 48.3671603
v -16.16164967 69.6262676 49.11396826
v -17.16827101 70.39668394 47.74919449
v -18.0291077 71.1924829 46.29023774
v -17.19167271 77.1093096 45.41928687
v -17.47521487 77.91251376 44.07741516
v -17.64367803 78.60769004 42.73095824
v -15.46696252 84.30771602 42.67147047
v -15.30286552 84.82304412 41.48144501
v -15.07632497 85.35627648 40.29115549
v -12.63238862 90.60652223 41.16825199
v -11.32034557 91.52179485 39.32348898
v -10.18618218 95.91158351 40.62320551
v -10.98039446 95.49180523 41.41493538
v -10.12290665 99.17540769 42.22768283
v -10.91360876 98.8148081 43.0239319
v -10.91458251 101.5429933 44.34221735
v -10.12042124 101.72401028 43.47180662
v -10.93232997 102.62913721 44.87320211
v -10.12623229 102.82942231 44.01209985
v -10.97830441 103.68750877 45.3677452
v -10.16067842 103.92447258 44.51790193
v -11.04893713 104.72836468 45.8257026
v -10.22183538 105.01871565 44.98987904
v -11.14172623 105.76717705 46.24800455
v -10.31039935 106.12683439 45.42755106
v -11.24987564 106.82805127 46.64346738
v -12.88741123 105.48317877 47.93283717
v -12.7952598 104.52403152 47.54123936
v -12.70130939 103.514864 47.09905414
v -13.46134937 103.54284642 48.09432197
v -13.36572152 102.38141255 47.5500557
v -14.09278275 102.40518185 48.56473867
v -13.29597253 100.8990586 46.83017687
v -13.95258559 100.8530204 47.837904
v -14.62052815 100.84796706 48.87716949
v -14.83331005 102.45786081 49.62586796
v -15.2820535 100.76844298 49.93037668
v -15.52756359 102.46449857 50.753987
v -15.89169361 100.70689966 51.11199991
v -16.06155364 102.44208863 52.02088084
v -15.38017802 98.2010314 50.03917352
v -14.84839955 98.35674868 48.92552431
v -14.3362898 93.48504427 49.85477464
v -14.11012735 93.70604385 48.69004589
v -14.2231058 88.7922653 46.43951531
v -14.42317933 88.4270955 47.54084325
v -15.11121372 82.12989622 47.44849678
v -14.56313793 81.51054404 48.54675791
v -13.8338081 80.92217657 49.53757255
v -13.24574071 73.69583724 51.34554582
v -14.28458159 74.35773245 50.30907106
v -15.04904924 68.85526234 50.33816078
v -15.96904211 75.80363498 47.95125005
v -16.7159146 76.31525035 46.73874863
v -15.44218195 82.73141317 46.28603063
v -15.58379549 83.29470749 45.09000958
v -15.56938267 83.81970716 43.87869048
v -13.58157174 89.48850086 44.32776552
v -13.28426643 89.81022514 43.2676325
v -13.03982163 90.18108145 42.1887145
v -12.2872919 94.73197981 43.1861549
v -12.40019532 98.24639442 44.71217942
v -12.58620113 100.98648377 45.87854061
v -12.61737264 102.37271624 46.56775731
v -13.07470587 98.22380444 45.70622293
v -13.74601383 98.44296153 46.80514423
v -14.31261052 98.63832232 47.94454027
v -13.20879342 94.29744963 45.2621052
v -13.83007511 93.93170367 47.5330772
v -13.54248337 94.16262089 46.39762421
v -13.93110139 89.12958021 45.36328002
v -15.17771135 75.08502399 49.15942431
v -12.78662651 94.46232833 44.18615799
v -12.71354514 85.3729699 30.13923039
v -13.64033781 84.73685828 31.12565787
v -17.26613145 79.15353924 31.23309835
v -17.87871684 78.46916132 32.78397246
v -19.51308808 74.15902578 33.6000868
v -20.32086621 72.45799636 36.60679083
v -19.93320244 73.36057787 35.14306882
v -20.93883052 70.15859258 34.80560236
v -21.7007955 68.2960401 37.8406459
v -21.41298471 69.20352566 36.24518297
v -22.35016014 64.93850171 35.41831678
v -22.7449838 63.32415217 39.16259232
v -22.65779269 64.14534432 37.24036077
v -23.19884811 61.63169387 37.93771563
v -22.51060217 59.81271707 41.86108765
v -23.07676375 60.75903855 39.93866405
v -23.08761613 57.89899577 40.48878187
v -20.63950567 55.83457378 43.75799249
v -22.08377202 56.87583105 42.24954662
v -21.22993769 53.81809625 42.27457926
v -19.3173867 52.76214033 43.38271901
v -16.82400625 51.99681146 44.05882823
v -19.59575999 51.74532079 42.45179424
v -17.25352961 50.9810842 43.12268808
v -19.8888792 50.69421416 41.47546743
v -17.71795672 49.93938507 42.16178536
v -15.35969459 49.33349446 42.20481677
v -18.15576378 48.87404266 41.17624611
v -15.98932599 48.22928875 41.32341712
v -13.85891426 47.7843458 40.75079333
v -13.14102195 48.89507524 41.50812809
v -11.8638549 47.48120545 39.56067185
v -11.14563851 48.49347878 40.13136913
v -10.20339324 49.4479658 40.70221045
v -9.4947959 48.29806098 38.17618885
v -10.12805677 47.37205151 37.84427086
v -8.94556031 47.59446147 35.73145279
v -10.6759255 46.39133754 37.41449093
v -9.38311755 46.6443256 35.4693153
v -8.69625497 47.13148374 33.38179994
v -8.33953916 48.01197414 33.57201436
v -8.56680291 47.67845373 31.29923588
v -8.27567924 48.47945306 31.4596224
v -8.94133819 48.25426737 29.29698812
v -8.66909177 48.94927561 29.43828958
v -9.82644832 48.95095005 27.46799729
v -9.53891285 49.54517357 27.5940277
v -11.20303173 49.84714962 26.00532256
v -10.89993863 50.37677801 26.13587217
v -12.96863376 50.9474993 25.14625183
v -12.66278218 51.45839673 25.31113354
v -14.99365155 52.19404774 24.99511677
v -14.59736351 52.71060467 25.17886148
v -14.14723668 53.18437026 25.18908819
v -15.87586441 54.53790906 25.37838137
v -15.32944807 54.90124537 25.08152768
v -17.26238496 55.80882996 25.82320428
v -16.64608759 56.18707422 25.46156042
v -16.09116399 56.5095457 24.89770495
v -17.58909956 57.2606208 25.84053388
v -17.01485084 57.65584357 25.20915451
v -16.53273254 57.95025761 24.44527502
v -17.73058107 58.78376418 25.54746719
v -17.22082094 59.13827291 24.69862918
v -16.79223833 59.40303009 23.74735601
v -17.80641567 60.40842523 25.00613269
v -17.37574001 60.71332293 23.98576321
v -17.93598402 62.31519406 24.32116812
v -17.61400166 62.57738893 23.14151041
v -18.2399886 65.12070637 23.62219883
v -17.94022864 68.3522465 21.06147303
v -14.52320485 75.53563694 13.34796431
v -13.64567473 76.76660675 13.3558474
v -11.58565865 78.98066641 13.29347287
v -12.68728518 77.91971717 13.51231788
v -12.16791875 79.71723566 17.76437603
v -13.35917678 78.5279244 18.19645156
v -12.39240601 80.46137292 20.62897738
v -13.72490173 79.28914818 21.23591227
v -12.42129092 83.33380035 25.73796669
v -13.62637361 82.50133168 26.57462147
v -11.61768164 86.00830732 29.26457653
v -19.07434928 74.83212445 31.9330669
v -18.60003604 75.3796886 30.10129433
v -19.50972869 72.404763 30.10904539
v -20.45274367 71.01976761 33.33590277
v -19.98236148 71.76288835 31.77572619
v -20.83293395 67.15913379 30.66802156
v -21.89181114 65.705072 33.72807673
v -21.37477708 66.45293127 32.15698926
v -21.91674475 63.94751416 32.48024095
v -22.96857457 62.43944987 35.97675581
v -22.5084566 63.21218311 34.14652865
v -23.20744839 60.57077764 34.50614098
v -23.58129799 58.86919608 38.52779205
v -23.61252577 59.76897335 36.49924232
v -24.06238402 56.9299759 36.99308323
v -23.59628396 55.94487702 38.99061674
v -22.64130782 54.90545549 40.7838801
v -23.80028404 54.66053281 37.91707616
v -22.87803757 53.64468553 39.72690992
v -21.48920641 52.6499766 41.28236624
v -22.98615173 52.55899848 38.74422742
v -21.65006255 51.59010164 40.28262723
v -23.07352289 51.45267121 37.7459708
v -21.812077 50.51729326 39.2733937
v -20.1360067 49.64621035 40.44835516
v -21.97149426 49.4117402 38.29584857
v -20.39094378 48.55612039 39.46304397
v -18.5161233 47.79913372 40.1757569
v -20.61989397 47.46146621 38.49036013
v -18.83055415 46.7190094 39.21600048
v -16.8724751 46.10549077 39.44329874
v -16.48858033 47.14646071 40.39252836
v -14.84813248 45.61682023 39.16468088
v -14.40859096 46.6680799 39.99801978
v -12.41874549 46.40685465 38.9908448
v -11.14834673 45.37185329 36.88750324
v -12.88534968 45.35473976 38.30792377
v -9.82305592 45.64508472 35.08067628
v -9.07317439 46.15777663 33.07181476
v -8.87112783 46.7639073 31.04332805
v -9.20845325 47.44533394 29.05427778
v -10.08948529 48.22602388 27.22626221
v -11.4749338 49.17414321 25.78069501
v -13.26034558 50.27405478 24.85310112
v -15.34425399 51.46294594 24.61863097
v -21.98505335 52.60873967 27.67492014
v -23.4213841 51.85609215 29.82110706
v -23.56645156 53.14133285 30.76306575
v -24.0532541 52.21472322 32.92866782
v -24.10134935 53.39027284 33.91073515
v -23.73686073 54.32037539 31.76765105
v -24.15932022 54.53538839 34.90954692
v -23.87901141 55.46905589 32.79396811
v -22.97143583 56.31358776 30.6979665
v -21.46904857 57.00300251 28.85127097
v -24.00716038 56.60311651 33.80826398
v -23.22643592 57.4334126 31.77253035
v -21.99912859 58.12135697 29.9880053
v -20.72137788 58.683568 28.59142009
v -20.00161008 57.54136922 27.60709016
v -23.41934506 58.55735454 32.76817327
v -22.36658199 59.25543334 30.97350254
v -21.23613883 59.87926421 29.52747922
v -20.29733997 60.51605213 28.41334088
v -19.69239911 59.15485906 27.59827082
v -20.98965799 62.72750298 29.73664667
v -20.29452522 63.31090028 28.49484549
v -19.55756587 61.05064835 27.4272975
v -21.74246905 62.04224114 31.11051886
v -19.66325839 63.83697367 27.31214798
v -20.14818543 65.96706123 28.2277897
v -19.56843625 66.50549977 26.91014341
v -19.09872774 64.32295508 26.12948347
v -20.71441753 65.33415258 29.56766287
v -19.04298946 66.99575623 25.56558599
v -19.22874921 68.98167873 26.27476098
v -18.72871466 69.48015324 24.73193801
v -19.7651759 68.42720787 27.74930086
v -18.49027445 73.45785991 26.37115253
v -19.0446384 72.93143036 28.27128623
v -20.29910294 67.81949765 29.20804755
v -21.30706563 64.66241597 30.96899834
v -22.53137818 61.32912554 32.69633123
v -23.98563868 57.8345912 34.89517311
v -24.19976344 55.66281725 35.90967603
v -23.83850817 53.55275391 36.92557733
v -23.86015741 52.42531905 35.93058558
v -23.86701723 51.27339769 34.94806213
v -23.16319116 50.3235499 36.76427857
v -23.90416558 50.08636703 33.99327803
v -22.12414773 48.28648691 37.32946039
v -23.2500957 49.17362408 35.7986586
v -22.45688343 44.85803909 34.56818243
v -21.14421696 44.17285246 35.75658145
v -19.53433371 43.55854762 36.52649554
v -17.74770511 43.03042562 36.85148169
v -14.08460258 42.45621441 35.99879966
v -15.88733495 42.64456534 36.68805837
v -12.48305329 42.45782884 34.84654521
v -11.22208978 42.66371941 33.33240384
v -10.40869716 43.07460033 31.57877198
v -10.13496685 43.6614599 29.70218853
v -10.40269182 44.36680287 27.8279157
v -11.23586643 45.15969105 26.1016811
v -12.16063657 45.79317098 25.13739649
v -23.96091962 47.00551635 29.73585146
v -23.98780075 50.99105885 31.97405477
v -23.39787287 45.59049125 33.05037708
v -23.87741799 46.33112958 31.26996913
v -23.46578837 43.0642836 31.51517313
v -22.57605402 42.50143339 33.02354697
v -21.34065804 41.95434937 34.20891219
v -19.83011462 41.46165177 35.00188739
v -16.42331303 40.76381978 35.20839614
v -18.15062941 41.05832985 35.34551148
v -14.7550433 40.58946156 34.6220407
v -13.27401871 40.56647547 33.58072267
v -12.0936093 40.69663197 32.18790646
v -11.36481586 41.01653477 30.50847827
v -11.10827936 41.46227593 28.708013
v -11.40012622 42.0302875 26.93140105
v -12.17440197 42.65058793 25.31189274
v -12.99438808 43.07564761 24.42134967
v -13.37984626 41.57271421 24.21753865
v -17.05160158 42.56359487 22.53218689
v -18.82877768 42.82184933 22.67139379
v -20.50247885 42.95585885 23.30073562
v -21.95853983 42.96221154 24.37686888
v -23.84759908 42.53224556 27.85371954
v -23.88886452 44.09138086 28.32091638
v -23.84721498 43.6105544 29.76277459
v -23.81545156 42.1917543 29.25194318
v -23.45098245 41.75088044 30.96531937
v -22.5993552 41.27373595 32.45315577
v -21.39585317 40.8053658 33.62585163
v -18.31195968 40.00916174 34.80172233
v -19.94099251 40.37489569 34.4356853
v -16.63439949 39.73927019 34.70092861
v -15.01360084 39.58244562 34.14195244
v -13.58561381 39.56076787 33.13334307
v -12.45094403 39.66324504 31.78537075
v -11.75289524 39.9169653 30.15208579
v -11.52084822 40.2874435 28.39181618
v -11.83532334 40.76758878 26.64842603
v -12.6062502 41.27436912 25.07091686
v -13.20362605 38.34075547 25.01289348
v -13.9458638 38.4540415 24.27654029
v -23.75663597 39.33686052 27.53098399
v -23.74222015 39.18116425 28.80088762
v -23.42322659 38.93179514 30.41479643
v -22.6755859 38.6490932 31.85863217
v -20.14151767 38.0243606 33.8015212
v -21.54436704 38.33743359 33.01433453
v -18.57703195 37.74944272 34.18145191
v -16.95607576 37.53400661 34.11147636
v -15.38875879 37.39118976 33.60576731
v -14.02857023 37.33923398 32.64504463
v -12.96291424 37.38286855 31.34522307
v -12.3276661 37.53534797 29.78065333
v -12.13456341 37.7652059 28.1100925
v -12.45497109 38.04515911 26.47986535
v -13.17980574 33.84725032 26.65784853
v -13.89346841 34.00198034 25.30161202
v -14.94832904 34.17435803 24.19992098
v -16.25843433 34.34206649 23.43369486
v -17.74004408 34.49597428 23.07951398
v -19.26285475 34.62689899 23.16159173
v -20.69965962 34.71949454 23.6741126
v -21.93842549 34.7725606 24.56591
v -22.87905634 34.78707845 25.78380984
v -23.4760721 34.75832783 27.19280334
v -23.61844934 34.68191858 28.70788096
v -21.60171824 34.25546353 32.63482693
v -22.64029505 34.41451469 31.53476232
v -20.30449687 34.10048145 33.41855668
v -18.83485129 33.9520441 33.79428928
v -17.30308325 33.81575097 33.73495755
v -15.84163284 33.70066746 33.25775005
v -14.5980837 33.63535515 32.36056622
v -13.6440588 33.62356802 31.13358897
v -13.0419957 33.64924883 29.69662806
v -12.88781183 33.72666635 28.16234235
v -23.33868968 34.56291303 30.19181633
v -23.36126617 27.36360262 28.53296759
v -23.12329858 27.3582582 29.84896944
v -22.55251128 27.34126769 31.04381418
v -21.63425436 27.31232202 31.99734694
v -20.48748538 27.2722404 32.68202644
v -19.19648465 27.22821873 33.03170313
v -17.85926868 27.18477021 32.99442125
v -16.598618 27.1364544 32.5770226
v -14.15285567 27.07264249 29.54262124
v -14.66304042 27.06931761 30.78227385
v -13.95961495 27.08032452 28.2191084
v -14.21642753 27.08581598 26.9074547
v -14.82306383 27.09441326 25.71987189
v -15.74237553 27.12178051 24.74778521
v -16.88347151 27.16425977 24.04154199
v -18.16875572 27.20693409 23.68909257
v -19.49982756 27.25212306 23.74589162
v -20.76753161 27.29498343 24.17462127
v -21.87398491 27.32420217 24.91392725
v -22.70645359 27.34530376 25.94631792
v -23.21321292 27.35806315 27.19012063
v -15.51316577 27.09397514 31.81031936
v -18.02130113 14.88447061 32.61147174
v -16.95149354 14.87667755 32.30371015
v -16.02263932 14.84582637 31.70202066
v -15.28043758 14.7946568 30.88202929
v -14.82314936 14.7282462 29.87523241
v -14.65328483 14.65095171 28.77396148
v -14.79138894 14.56568111 27.66505353
v -15.26231727 14.48429353 26.64278454
v -16.00413642 14.41327671 25.79366445
v -16.94711538 14.35486922 25.16099474
v -18.01584269 14.31167878 24.80462628
v -19.14393922 14.29041214 24.8269702
v -21.17325716 14.32524537 25.78498915
v -20.22781004 14.2932869 25.15258951
v -21.92219269 14.38196041 26.63801928
v -22.38164749 14.45633812 27.66974677
v -22.53512617 14.53766568 28.78973366
v -22.35258478 14.62063767 29.89676911
v -21.8735438 14.69982267 30.90313989
v -21.15166494 14.77227387 31.74158914
v -19.13537045 14.86989575 32.63191315
v -20.20045629 14.83006619 32.31071701
v -20.79406464 8.6308939 32.12370744
v -19.91489759 8.93326605 32.64043841
v -18.95356726 9.09913802 32.93149457
v -17.94966314 9.11638659 32.95057663
v -16.97199198 8.98528784 32.70102748
v -16.07111717 8.71348779 32.20220525
v -15.28824415 8.35468868 31.50109939
v -14.70201625 7.95135776 30.62119115
v -14.38944289 7.5010584 29.59046892
v -14.38813154 6.9819928 28.54966702
v -14.58929587 6.79780998 27.84848615
v -21.94642562 6.53771903 27.59785971
v -22.1678003 6.76561144 28.31740545
v -22.29656443 7.26395955 29.40493274
v -22.07814553 7.75167283 30.4803218
v -21.52579511 8.21314716 31.38104357
v -16.22447733 3.74656515 27.00746821
v -17.37069117 3.48736244 26.66042321
v -18.61979328 3.44335877 26.6117083
v -19.82103571 3.60943479 26.84638551
v -21.87278159 4.80211895 28.36870705
v -22.11064115 5.19176024 28.96866209
v -22.22567514 5.89709121 29.956689
v -21.97837358 6.5836132 30.95467855
v -21.40751576 7.19838616 31.79184647
v -21.93493857 5.59816397 31.66723844
v -21.36960071 6.35777933 32.42807812
v -20.69216063 6.98813843 33.07631596
v -20.69383057 7.7153332 32.48374288
v -19.88393538 7.43447675 33.54731781
v -19.86111884 8.08440703 32.97852904
v -18.95847656 7.62829212 33.7860701
v -18.93611463 8.26711346 33.2379388
v -17.986846 7.60640432 33.80414689
v -17.96774594 8.2657511 33.25727893
v -17.02211877 7.41323112 33.62981868
v -17.00673219 8.10058732 33.0478024
v -16.09219776 7.04994882 33.28710083
v -16.10777489 7.78704621 32.62204054
v -15.22943906 6.49592395 32.77730469
v -15.29147 7.32390944 32.00165008
v -14.51620399 5.75451742 32.10882049
v -14.6365689 6.74396971 31.21788432
v -14.09870632 4.91858583 31.30635077
v -14.26626774 6.10897138 30.30447519
v -14.04340316 4.04792903 30.47176053
v -14.24091552 5.43046152 29.31827577
v -14.25299522 3.45964109 30.00299427
v -14.43146453 5.0735229 28.71276025
v -14.34280303 2.06576559 31.50969367
v -15.03961624 0.9797177 31.06133582
v -16.04893379 0.40816219 30.62890919
v -17.21671585 0.24416272 30.2743412
v -18.4965026 0.2429444 30.14704446
v -19.75055753 0.46200847 30.32082652
v -20.85907388 0.98553324 30.53137434
v -21.66025626 1.8556739 30.82166529
v -21.76502153 3.18267967 29.51747757
v -22.13468652 2.76842586 31.23229114
v -22.0934976 3.7984609 29.96958642
v -22.27865568 3.78555148 31.8670494
v -22.20324719 4.71067271 30.80098381
v -22.0252085 4.86439746 32.57647046
v -22.45322846 3.2212759 33.04650606
v -22.25402665 4.38915549 33.58942497
v -21.71198997 5.38751413 34.21427461
v -21.4717973 5.73949544 33.25260969
v -20.98770297 6.16763093 34.76206682
v -20.78493022 6.46382144 33.84421051
v -20.10042927 6.70832626 35.17753295
v -19.9556544 6.9597329 34.27877071
v -19.10617421 6.97941212 35.42088546
v -19.01164466 7.18621494 34.51044712
v -18.05578627 6.96284173 35.4791219
v -18.01810679 7.16588155 34.54789405
v -17.02098897 6.71581024 35.38915205
v -17.02000621 6.95845456 34.42928761
v -16.04603952 6.25432991 35.16480658
v -16.0591395 6.54404471 34.14458414
v -15.17588236 5.57683432 34.83020888
v -15.17882764 5.9177847 33.73036634
v -14.45628561 4.64757799 34.45158352
v -14.42658674 5.05399972 33.20238838
v -14.0620351 3.56843793 34.10531273
v -13.99005802 4.05284433 32.57759876
v -14.08549382 2.46533351 33.86901509
v -13.99608512 3.05623215 31.99159442
v -14.5177569 1.41004978 33.62042919
v -14.60824739 2.33692347 36.96308127
v -15.0194809 1.26575953 36.70416064
v -15.77219593 0.12568531 36.41600625
v -15.27719072 0.4097106 33.28789604
v -16.75079434 0.01110294 36.12408887
v -16.26729117 0.09566535 32.91988449
v -17.8695179 0.00062416 35.9031223
v -17.41423121 0.03749193 32.58965295
v -19.09263913 -0.00255667 35.7816621
v -18.67448128 0.03060811 32.34702363
v -20.33848688 -0.00391903 35.68556462
v -19.93174256 0.09821603 32.42782305
v -21.45107231 -0.00391903 35.59711318
v -21.01876421 0.33872379 32.50260888
v -22.20896671 0.72886921 35.62650297
v -21.82385662 1.08831649 32.59528244
v -22.33384481 2.029558 32.58489369
v -22.80064705 2.93989731 35.9046527
v -22.65689095 1.77767723 35.72783983
v -22.60877769 4.07047701 36.17902743
v -22.10279106 5.07318681 36.56321327
v -21.31907031 5.81259481 36.96780452
v -20.36242272 6.29983397 37.29987255
v -19.34389723 6.63321035 37.55585841
v -18.24057676 6.5821188 37.64506005
v -17.25702404 6.224496 37.59462268
v -16.28706192 5.85671851 37.55114716
v -15.5521221 5.24460425 37.41801987
v -14.99450528 4.43423343 37.25285609
v -14.65715886 3.43448242 37.112941
v -15.23681201 2.61917229 38.42811763
v -15.59868244 1.54139459 38.25112471
v -16.30318069 0.33998412 38.00747812
v -17.19283102 0.07614218 37.80014716
v -18.19932332 0.03629762 37.6116612
v -19.28243344 0.02332218 37.40995973
v -20.36758409 0.01879698 37.24126701
v -21.3963513 0.05781932 37.1654009
v -22.15289835 0.9205 37.19787551
v -22.54797408 1.88526175 37.25400839
v -21.70315113 1.27557813 38.52282273
v -22.05942507 2.1487676 38.67177022
v -21.00482551 1.79837671 39.36426979
v -21.26004617 2.56631628 39.42681837
v -20.38401645 2.14303008 39.88276523
v -20.62053014 2.90819691 39.84633557
v -20.78239455 3.68314633 39.63793633
v -20.06255623 3.20234088 40.24098819
v -20.21664258 4.07154529 39.98762503
v -20.32501031 5.0011017 39.40607687
v -20.9787621 4.54068965 39.11574391
v -20.37256541 5.79994346 38.42058563
v -21.22516642 5.36412593 38.15099417
v -19.46645572 5.29556376 39.68771353
v -19.4399932 6.12438346 38.68883274
v -18.49428501 5.25928414 39.73875706
v -18.39266607 6.07904745 38.77609587
v -17.60806459 4.87836317 39.51155483
v -17.43989101 5.68847591 38.68757241
v -16.80153479 4.45767565 39.36315949
v -16.59648744 5.27389201 38.65652017
v -17.75983282 3.99322453 40.0041114
v -16.94336139 3.57682815 39.76380169
v -16.07795298 3.0681213 39.36331553
v -17.21779914 2.65774452 39.8501946
v -16.3896291 2.02138383 39.27877112
v -17.65127004 1.75609551 39.87635553
v -16.9558402 0.82148576 39.16071383
v -18.25820493 1.22147979 39.86702306
v -17.69634799 0.39505472 39.11184287
v -18.98341767 0.91658697 39.76083091
v -18.558355 0.26036701 39.03547863
v -19.42594648 1.65807752 40.12727605
v -19.80190564 2.41241148 40.27489118
v -18.60065871 4.29786529 40.23054542
v -19.45527175 4.3371517 40.25378358
v -17.85012526 70.20295372 21.14975643
v -17.06694915 74.36139492 21.92668038
v -16.17677368 74.30856142 18.19041096
v -17.19177324 70.294098 17.60554392
v -15.43290349 75.92084155 18.51014572
v -14.45768398 77.26873511 18.51012171
v -18.60879087 67.46487058 24.16963995
v -18.61673397 64.76020016 24.90564805
v -18.3833141 61.96204094 25.42335729
v -18.9250372 61.52862499 26.44553625
v -18.32961036 60.0197652 25.93698544
v -18.95228442 59.59415225 26.78774697
v -18.32581285 58.36878606 26.26245772
v -19.00529047 57.96052633 26.87891413
v -18.21234828 56.85672573 26.29245667
v -15.67129719 80.79425716 28.63875464
v -14.71425199 81.64580489 27.53522411
v -4.52162448 89.43136271 67.0888531
v -4.31246003 88.57111267 70.76575778
v -2.11942694 89.04171692 70.61784857
v -4.54707572 92.92840572 65.98764518
v -12.52025865 124.79426081 54.39631652
v -12.22880264 124.78298982 54.30995363
v -12.20869731 123.85197502 53.866208
v -11.93007945 124.80058648 54.19429097
v -12.13709533 121.54659591 53.35410425
v -11.4984908 120.31832831 53.52261092
v -10.76469353 119.81340247 54.50632568
v -10.62968399 120.6872101 53.80406153
v -9.77047973 120.30071364 54.82185933
v -9.68325561 121.01981226 54.04966463
v -8.77910393 120.41384963 55.0420757
v -8.7870658 121.23594756 54.36507224
v -7.96272328 120.44572408 55.32466061
v -7.09655042 119.42339508 56.26333944
v -7.92307377 119.42013022 56.12915587
v -1.16150186 60.06678279 -31.94180972
v -1.3111986 59.15888537 -31.22852064
v -2.58432518 59.39150404 -31.25869364
v -1.4180197 58.22161804 -30.63406606
v -4.20328134 58.5846269 -30.76344085
v -2.80838051 58.34852469 -30.66923538
v -4.56792862 55.64266391 -29.6349257
v -7.96256648 56.06917297 -30.43629113
v -6.22988993 55.76764104 -30.04703095
v -8.03083533 54.92818651 -30.14810674
v -11.88919812 55.87343708 -30.31345057
v -9.93750626 55.33951155 -30.3958134
v -12.10742271 53.52191773 -29.6262234
v -16.00764285 54.62658856 -28.4832054
v -14.13174358 54.06821255 -29.21583761
v -16.12374212 52.41972031 -27.66566569
v -17.81552608 52.94252865 -26.58037775
v -19.26930496 53.41153948 -25.22200166
v -17.82551723 51.61951544 -26.04813266
v -19.29005546 52.07358381 -24.66412228
v -20.47372073 52.51512085 -23.03482988
v -19.23938403 50.85939595 -24.1600179
v -20.45392748 51.2832538 -22.53068199
v -21.27934278 51.71166987 -20.64691914
v -20.38585293 50.0394931 -22.05400038
v -21.23357765 50.43586968 -20.14883661
v -21.50939727 50.81574037 -18.04206814
v -21.15825769 49.13006153 -19.7051825
v -21.36557514 49.46496531 -17.54304035
v -21.02633522 49.80764414 -15.35254669
v -21.18428659 48.08367815 -17.10912833
v -20.74331219 48.38797682 -14.82489132
v -19.71192979 48.73287024 -12.64413824
v -20.37298252 46.93551679 -14.40068387
v -20.92096078 46.66708364 -16.76130313
v -19.55850212 43.7293799 -14.20706955
v -20.31823301 43.66127685 -16.43422993
v -11.590745 42.48329959 -10.09528508
v -9.33805085 41.94683538 -10.90715029
v -8.47998539 44.61580288 -10.10084256
v -10.74655072 45.35699035 -9.13703357
v -7.93028393 45.80275252 -9.83320611
v -10.08551899 46.48782812 -8.88147307
v -12.20140913 47.38285738 -8.48019395
v -9.36308874 47.56606494 -8.66275859
v -7.34347387 46.96259597 -9.61271816
v -6.77734605 48.079342 -9.4095163
v -5.46868603 46.49328657 -11.13963017
v -5.00601775 47.66441901 -10.9191651
v -3.97984398 46.12377762 -13.19398449
v -3.58943037 47.23745533 -12.8553436
v -3.0606 45.91702581 -15.46927013
v -2.56213167 46.93908924 -15.11192697
v -2.70076298 45.95550051 -17.83297383
v -2.14487913 46.89598131 -17.45018974
v -1.58221423 47.77136436 -16.97141226
v -1.53436701 47.94958911 -19.27809279
v -0.820622 48.57592864 -18.89883275
v -0.84998694 48.45187125 -16.47735192
v -0.91412313 48.93419961 -20.98509903
v -1.03495334 49.57825434 -22.59971979
v -1.13965166 50.25547686 -23.85600206
v -1.22117633 50.93606027 -24.90331869
v -1.30964579 51.78166042 -25.91621319
v -1.42045775 53.14232536 -27.25403607
v -1.48819893 54.74512599 -28.53942231
v -1.49857399 55.59455516 -29.0996198
v -3.01298394 55.60592817 -29.29306908
v -6.24323072 54.68834493 -29.69011633
v -4.55238488 54.65064294 -29.19534818
v -6.0257687 52.6888474 -28.70361383
v -9.96250588 53.11483958 -29.55845043
v -7.91223564 52.83358927 -29.21915349
v -9.82817077 51.3443425 -28.67506276
v -12.04246375 51.58339337 -28.762728
v -14.17725814 51.94854666 -28.41421712
v -11.94244498 50.31294509 -28.13380478
v -14.13977821 50.68842562 -27.88258869
v -16.11335937 51.14798845 -27.15277573
v -14.03853287 49.58418691 -27.31617729
v -16.02585617 50.00057129 -26.62058916
v -17.75478848 50.43192963 -25.53502214
v -15.93869057 48.85698914 -26.12022827
v -17.68783924 49.24884952 -25.06846146
v -19.18381379 49.644902 -23.70241985
v -17.63544985 48.0325401 -24.66222278
v -19.13072672 48.40280975 -23.29848127
v -20.32451968 48.77223017 -21.63774354
v -19.07227273 47.06740475 -22.94535516
v -20.24929724 47.45224627 -21.2775228
v -21.03739165 47.7983025 -19.32029147
v -20.14330764 45.91280969 -20.96127122
v -20.88574195 46.43462402 -19.00290484
v -20.40261988 43.597729 -18.59965644
v -19.91180677 43.49983105 -20.60865712
v -19.2954974 39.15236861 -18.66956898
v -18.77125093 38.85285622 -16.01572399
v -19.11092297 38.91889172 -16.86311862
v -7.41583581 41.58631381 -12.27573583
v -5.97500987 41.40640112 -14.09407759
v -4.99128385 43.83851283 -13.65055102
v -6.50262623 44.12259514 -11.64906846
v -4.48891693 44.9991635 -13.44320806
v -5.99666286 45.32179102 -11.3915462
v -4.12210157 43.75483265 -15.87989448
v -3.590894 44.85661371 -15.71232556
v -3.84759218 43.82795903 -18.1479377
v -3.26998219 44.92093576 -18.04922203
v -4.14926815 44.03168304 -20.36108437
v -4.86978202 41.50129227 -18.24682141
v -5.17505781 41.69950682 -20.28743585
v -6.15219709 41.72492506 -22.21415809
v -5.38648636 43.84226082 -22.42441107
v -7.80493395 41.639845 -23.77403383
v -7.26032033 43.73858484 -24.07735349
v -9.73376725 41.80390149 -24.84881299
v -9.42447376 43.84154363 -25.18641748
v -9.23152561 45.41364537 -25.56799713
v -11.67461499 44.11211786 -25.70680643
v -11.60208051 45.66992231 -26.05489645
v -11.60984056 46.9661084 -26.45905108
v -9.19197363 46.71074371 -26.03595093
v -11.6942822 48.13660318 -26.94436898
v -9.30074871 47.87518888 -26.61133995
v -11.81307244 49.22995051 -27.50378328
v -9.48489103 48.97815076 -27.26104293
v -7.18792764 48.89200242 -26.63156532
v -5.04853828 49.00590212 -25.73992846
v -9.66623885 50.08091458 -27.9388206
v -7.44814762 49.94548268 -27.42923451
v -5.40548252 49.96708541 -26.67702887
v -3.70311625 50.1926387 -25.88265979
v -3.34127283 49.35716923 -24.85425193
v -7.68750682 51.17463851 -28.2530954
v -5.7198361 51.1195274 -27.60972636
v -3.9937508 51.20532164 -26.86393041
v -2.59571601 51.47795291 -26.27791932
v -2.40306851 50.56727151 -25.28430718
v -2.83908634 52.96829573 -27.58639367
v -4.3347837 52.79930218 -28.08506136
v -2.99118091 54.69556485 -28.78783716
v -2.20005926 49.82397297 -24.25477852
v -1.97196992 49.12983047 -23.03057025
v -1.71528488 48.44419972 -21.36932088
v -13.94667252 48.48395726 -26.79135692
v -13.88224844 47.33451006 -26.33981598
v -15.88090125 47.67489029 -25.69427811
v -13.85855716 46.06269642 -25.97064837
v -15.84687373 46.37310321 -25.33564629
v -17.5892211 46.70136922 -24.30951753
v -15.82253428 44.79071924 -25.02565362
v -17.53064107 45.07165822 -23.99428022
v -18.98667504 45.44106814 -22.62782524
v -18.79864369 43.09948743 -22.31424137
v -17.42266794 42.86841267 -23.70386698
v -17.06686813 39.63925068 -23.36728876
v -18.98435692 39.35298079 -20.42107927
v -18.23599004 39.51790151 -22.02251078
v -18.33402753 36.63392702 -20.75122379
v -18.39067655 35.79043042 -17.63760142
v -18.59959943 36.22458551 -19.20536551
v -18.10297228 35.56790043 -17.0373193
v -15.35264122 34.63251948 -14.07605482
v -13.85099216 34.34904033 -13.57003368
v -12.24305792 34.1682214 -13.57032926
v -10.68115889 34.11321682 -14.03655084
v -6.48313906 37.52360586 -16.77831314
v -5.12429261 41.39887512 -16.14356988
v -11.80919166 42.13173089 -25.38580008
v -13.89962155 42.54776268 -25.36914492
v -13.87007421 44.53540557 -25.65853488
v -15.79307847 42.72051547 -24.7587051
v -15.58222908 39.67821901 -24.38149611
v -13.84165218 39.6148152 -24.94073035
v -15.30062393 37.43802617 -24.27966862
v -17.64736601 36.99824459 -22.1862822
v -16.61098878 37.28029836 -23.36805096
v -17.43707626 35.79853857 -22.51603811
v -18.08132904 35.35492798 -21.16834486
v -18.33887682 34.85078834 -19.71695312
v -17.96206093 34.14231554 -21.78539093
v -18.18658195 33.5552009 -20.41354878
v -17.96598747 32.96076133 -19.06929594
v -18.13685276 34.32757264 -18.25259795
v -17.73746639 32.56491439 -18.66487423
v -17.86974746 34.01247112 -17.75346213
v -15.28799958 32.94026889 -14.98711882
v -13.87352513 32.62935348 -14.57750724
v -12.37706069 32.4811982 -14.58534082
v -10.89975408 32.50397124 -15.00950776
v -7.72658393 33.46591823 -18.26009543
v -7.35323171 34.77847517 -17.59793841
v -7.08597487 35.20306072 -19.20634227
v -6.20475002 37.78514019 -18.60455074
v -6.45026685 38.10280439 -20.41500866
v -7.21062416 38.44964834 -22.10341223
v -8.46682315 38.82570202 -23.52697159
v -10.09985079 39.17452949 -24.55943578
v -11.96317373 39.45305132 -25.02926582
v -10.50709249 37.07114892 -24.43155988
v -13.76521292 37.45639704 -24.79094715
v -12.11626306 37.33635922 -24.86225505
v -13.75229899 36.39490766 -24.9786394
v -15.208492 36.33761947 -24.49468461
v -16.45877643 36.13070262 -23.64300935
v -15.1941467 35.29068995 -24.94482344
v -17.35942618 34.64739442 -23.05334704
v -16.40782893 35.03368082 -24.12808944
v -17.08325997 29.96580541 -26.14729319
v -17.63580694 29.36788792 -25.11229333
v -17.80198049 28.7114069 -23.99735978
v -17.62254343 28.04727084 -22.92260388
v -17.08945212 27.4348535 -21.95232218
v -16.28689237 26.90734967 -21.13968576
v -15.23662296 26.51447953 -20.55777151
v -14.03971218 26.27261841 -20.2299256
v -12.78001276 26.21692365 -20.19874433
v -11.55231532 26.3619581 -20.46976268
v -10.45726279 26.66637079 -21.01929235
v -9.56493349 27.10755074 -21.81572297
v -8.93542737 27.67127717 -22.79897861
v -8.03275509 32.22083118 -19.10210213
v -7.7590908 32.80084293 -20.47694508
v -7.44291573 33.99040627 -19.75062655
v -7.64261267 34.55972618 -21.27151071
v -7.28328692 35.68919859 -20.82839524
v -8.28166057 35.12276544 -22.67723034
v -7.98917079 36.21073384 -22.3088827
v -9.08051958 36.68391427 -23.55259088
v -9.31659892 35.63125323 -23.83837614
v -10.66879561 36.03382494 -24.65864508
v -12.19161528 36.29543729 -25.05871713
v -10.78193535 35.01788763 -25.06400903
v -13.77033227 35.3787573 -25.40209065
v -12.24720877 35.29393381 -25.46465724
v -13.78865063 31.01351815 -28.0282428
v -15.09402816 30.83356344 -27.68243113
v -16.22055379 30.47078228 -27.03256686
v -8.63669368 28.32451434 -23.89963888
v -7.90803378 33.43049985 -21.89081187
v -8.50139232 34.05682587 -23.19345868
v -9.48457144 34.59870952 -24.28661246
v -10.03455348 30.26374839 -26.99636527
v -11.14586807 30.70463427 -27.65097679
v -12.42525197 30.97836383 -28.0312556
v -16.96223939 24.57793718 -29.32054437
v -17.23157279 24.1588701 -28.5790088
v -17.33350981 23.74978065 -27.40742623
v -17.0837176 23.39214285 -26.2103039
v -16.59568623 23.06920925 -25.16072467
v -15.87338426 22.80623153 -24.29793896
v -14.96102391 22.62494148 -23.70427059
v -13.92670072 22.48840528 -23.36889569
v -12.83594158 22.41761352 -23.3323565
v -11.75687204 22.43727173 -23.61803373
v -10.75077509 22.5133479 -24.16732334
v -9.93736897 22.73172178 -25.04900956
v -9.26713755 23.00894127 -26.09468325
v -8.9166694 23.3942074 -27.29581765
v -8.88842741 23.7978624 -28.11450667
v -8.73437333 29.01411514 -25.02453657
v -9.21548186 29.68175612 -26.0930028
v -11.21076028 22.87403151 -32.03449679
v -12.44228523 23.041872 -32.46350551
v -13.77304049 23.13012239 -32.4370655
v -14.99784367 23.12279145 -32.00742361
v -16.93847009 21.07108758 -29.81010914
v -16.96156722 22.87594001 -29.83647413
v -17.15671495 21.07563078 -29.04513136
v -17.16821249 22.65061028 -29.05565815
v -17.21905947 21.07449648 -27.80697014
v -17.21941207 22.42253782 -27.79160007
v -16.99768929 21.02297883 -26.64618744
v -16.97903184 22.22730007 -26.58323375
v -16.51480129 20.92114083 -25.62707529
v -16.4918407 22.01788656 -25.53043768
v -15.81890331 20.80842195 -24.80831875
v -15.79836437 21.83519513 -24.68221783
v -14.95144087 20.7094077 -24.23276468
v -14.90922718 21.69381865 -24.11143202
v -13.98792895 20.62182049 -23.88902506
v -13.92801207 21.58596406 -23.77872033
v -12.97166306 20.54333168 -23.86950789
v -12.89631459 21.51563742 -23.74465379
v -11.97854155 20.49075474 -24.17416965
v -11.87526392 21.49898301 -24.04364705
v -11.04019506 20.45700179 -24.71576822
v -10.91557203 21.52312441 -24.58961478
v -10.26072269 20.45810909 -25.55941636
v -10.10405641 21.62720099 -25.44923015
v -9.66377895 20.46850684 -26.61754485
v -9.45679308 21.7807757 -26.51864463
v -9.37004908 20.45936342 -27.78443417
v -9.1030128 22.01190897 -27.76578423
v -9.32716847 20.39284779 -28.53694065
v -9.04948161 22.12385365 -28.57692325
v -10.19311627 22.65196664 -31.23496785
v -11.40895006 12.75064997 -26.9908468
v -12.88418687 12.39708425 -28.1964914
v -12.05765227 12.52413793 -27.69368411
v -13.83037069 12.37532248 -28.46106253
v -14.80075292 12.45337917 -28.48531196
v -15.72548855 12.65242794 -28.21845722
v -16.53150971 12.93527091 -27.73519112
v -17.14427665 13.28470154 -27.05348241
v -17.56304516 13.66264573 -26.26671285
v -17.66170531 14.04832596 -25.39353839
v -17.48119696 14.40702905 -24.52472108
v -17.03590892 14.71460458 -23.73126425
v -16.38492236 14.94916176 -23.05274538
v -15.55722645 15.07486508 -22.56288503
v -14.61296164 15.09598168 -22.28598213
v -13.63783215 14.99969816 -22.24580898
v -12.71384672 14.78924637 -22.49025377
v -11.90938522 14.51393839 -22.9426432
v -11.31029966 14.16860385 -23.61274183
v -10.92129979 13.79035958 -24.40573654
v -10.80675718 13.40578364 -25.28125162
v -10.9633807 13.04737463 -26.17048034
v -11.21361553 6.23662522 -20.63763018
v -11.18705924 4.817381 -22.32716654
v -11.06383683 5.5205394 -21.47380933
v -18.35379527 5.01776212 -22.9931931
v -18.61148408 5.51591217 -22.46036435
v -18.64167058 6.21150256 -21.62606219
v -18.3557998 6.87736107 -20.80802885
v -17.86485616 7.51052891 -20.06896143
v -17.10983202 8.02247662 -19.48187831
v -16.21241713 8.37678654 -19.0442423
v -15.2175229 8.52098076 -18.80300835
v -14.18911879 8.42742796 -18.77662386
v -13.21870805 8.11113212 -18.97695696
v -12.35827046 7.61905568 -19.35996949
v -11.69339321 6.96341788 -19.92568545
v -11.32188573 5.18358607 -19.82432608
v -11.1307013 4.28374954 -20.57804038
v -11.27467572 3.44492519 -21.2699773
v -18.55850654 3.52019114 -21.84517653
v -18.79699325 4.21147238 -21.48985384
v -18.78496157 5.03214793 -20.77631794
v -18.46084265 5.87066021 -20.03080932
v -17.9008447 6.60859782 -19.36091624
v -17.14518289 7.18460651 -18.83028258
v -16.25592416 7.57681048 -18.42389085
v -15.28444064 7.74199226 -18.20155441
v -14.28428151 7.65494519 -18.17304086
v -13.33854031 7.3132146 -18.34407269
v -12.49198741 6.7722312 -18.67702445
v -11.82297806 6.04997574 -19.17776869
v -12.57612146 6.13006097 -17.86151628
v -11.39388607 4.40338526 -18.83946801
v -11.89135644 5.34834175 -18.29798048
v -11.30439485 3.30945728 -18.87882457
v -11.5911261 2.24355672 -18.77700833
v -12.13157762 1.35226646 -18.90574996
v -18.67524348 2.0895679 -18.98973435
v -18.95614044 3.06906355 -19.04468604
v -18.93874033 4.12404121 -19.2813569
v -18.58682354 5.1252206 -19.09171788
v -17.98699004 5.92559277 -18.52881967
v -17.21434222 6.54359459 -18.0513586
v -16.32823733 6.96276971 -17.68900655
v -15.35980712 7.15996398 -17.46634902
v -14.36295037 7.07405721 -17.42543168
v -13.42403448 6.70594363 -17.57326136
v -13.57109746 5.85438989 -13.35060651
v -12.09615473 4.29145559 -13.59182846
v -12.72427598 5.16429096 -13.42766694
v -11.78793777 3.35793813 -14.04661382
v -11.80850373 2.42295028 -14.55585104
v -12.14164304 1.55189138 -15.04728931
v -12.71382721 0.8031569 -15.32802006
v -13.50327198 0.41487797 -15.48554781
v -14.48251556 0.24190612 -15.56563923
v -15.5491243 0.15677355 -15.37431634
v -16.60111767 0.13554593 -15.09771251
v -19.35705872 1.75013593 -14.14040987
v -19.44199323 2.83163461 -14.0261921
v -19.20807673 3.91638016 -13.89777606
v -18.68897212 4.88450879 -13.76998718
v -17.86019893 5.64371005 -13.63292735
v -16.86675408 6.20547696 -13.48955084
v -15.73947376 6.44957967 -13.36799462
v -14.59373704 6.30081223 -13.32485068
v -13.75126822 5.47203454 -12.22162399
v -12.39866717 2.32239962 -12.66025326
v -12.74293193 1.45129871 -12.85400937
v -13.32146279 0.75945932 -13.0182249
v -14.09945502 0.38862701 -13.15258027
v -15.01482967 0.21801979 -13.23737168
v -15.97189287 0.13646417 -13.24576528
v -15.53362369 0.4002761 -11.86950015
v -16.4231735 0.2908731 -12.0144787
v -16.0308585 0.80723198 -11.04046288
v -16.88199812 0.71198073 -11.31650831
v -17.71956515 0.70344647 -11.84447651
v -17.2738825 1.36515187 -10.93787619
v -18.13630062 1.43926552 -11.60930642
v -18.8948537 1.56642123 -12.69264816
v -18.45874209 0.7371454 -12.79429073
v -18.97133347 0.78339966 -14.30039306
v -19.10373607 2.56616624 -12.61473382
v -18.94367214 3.602677 -12.55292306
v -18.49482966 4.53566032 -12.48381924
v -17.78624282 5.28320048 -12.4144371
v -16.85788673 5.81926258 -12.31638161
v -15.80207485 6.02839402 -12.23095496
v -14.72422363 5.88842492 -12.21201919
v -14.91793398 5.19243242 -11.22917541
v -14.06114236 4.81233366 -11.22267268
v -15.1462165 4.38219364 -10.53218815
v -14.31497515 4.04435208 -10.558977
v -15.39626228 3.6392387 -10.17561037
v -14.56120842 3.28273219 -10.30208603
v -13.78542477 2.85822166 -10.73784954
v -14.87012681 2.57274399 -10.27276113
v -14.12646818 2.10395372 -10.74267782
v -13.41631793 1.68935181 -11.56598544
v -13.06644619 2.49839628 -11.48730346
v -14.61874567 1.47000567 -10.79940711
v -13.96716195 1.03154144 -11.66456082
v -15.25594508 1.03813719 -10.89096625
v -14.68806705 0.61918413 -11.76373205
v -15.64499521 2.98569545 -10.10118014
v -16.43783538 3.28649519 -10.18958208
v -17.27013601 3.60149469 -10.54878105
v -17.49085802 2.8995006 -10.61271787
v -17.49876512 2.13210718 -10.73238397
v -18.02968535 4.08207808 -11.36744981
v -18.37336196 3.23396326 -11.38543883
v -18.38274695 2.32429012 -11.47118581
v -3.86312579 98.14656396 66.84808727
v -6.78369049 97.316796 67.03645321
v -5.30721285 98.53001761 66.76690375
v -7.82700855 98.13257425 67.24175563
v -8.44359625 99.51251405 67.46171994
v -8.36639103 100.93314764 67.83458678
v -7.89871181 102.36205441 68.21297508
v -7.08052392 103.72449958 68.60389471
v -7.84580628 99.06714499 71.57511433
v -7.92825089 97.86887335 71.19677403
v -7.29463068 98.11433242 74.33325346
v -7.26973008 96.95936225 74.09140135
v -5.64746629 96.34730201 80.46142994
v -4.79550483 93.80066494 79.70823028
v -4.21986899 95.30286915 79.28377376
v -3.31758043 94.8779205 80.71897621
v -2.18594689 94.8692302 82.06467093
v -3.41821923 95.22205172 78.83936796
v -2.3622545 95.47233607 78.1216317
v -4.42093091 96.77119437 72.88512959
v -5.48195892 96.81991529 73.10302335
v -6.42432497 95.19919766 73.43483931
v -7.02981723 95.95083691 73.78818897
v -6.92082459 96.00977854 70.35337046
v -5.80705122 97.66429112 70.11657169
v -7.6923471 96.78004072 70.76799637
v -4.56896878 97.56873979 70.04054354
v -3.01402315 96.69529225 72.80266773
v -3.21252971 97.29572142 70.04900578
v -2.47595689 97.74891355 67.13219659
v -1.81187017 110.47338159 66.65281351
v -4.86211161 109.69414403 66.88826192
v -5.00125812 108.87575508 67.05205134
v -5.59690439 108.18410474 66.91277842
v -6.35573129 107.62775426 66.65963732
v -8.8634833 109.89694378 64.40121465
v -7.90610952 111.25415256 65.41025013
v -16.81282379 44.26111185 22.69976031
v -18.66819161 44.57555321 22.84718039
v -20.4060873 44.71306466 23.54301984
v -21.92414321 44.68307171 24.69994052
v -13.38179078 3.42355352 -24.35336965
v -14.4751036 3.30983538 -24.64630881
v -15.61139981 3.40995992 -24.66255962
v -16.66019733 3.72953263 -24.37153647
v -12.07683186 3.94390946 -23.52040435
v -12.88970834 0.85325818 -19.06710911
v -13.91697515 0.58298253 -19.41419386
v -15.0356792 0.48557671 -19.67168275
v -16.18073173 0.53678829 -19.58821074
v -17.22894409 0.7597774 -19.24880652
v -18.1053069 1.27406573 -19.04600639
v -8.78771097 34.2998843 -15.43635291
v -9.07852931 32.85246262 -16.31328737
v -1.4458894 96.08786824 75.49535351
v -2.74831509 96.06148224 75.59948112
v -3.91957488 95.99662905 75.86224277
v -4.85091376 96.06139222 76.19339855
v -5.60991471 94.4999283 76.57153479
v -6.09463208 95.22315602 76.93042993
v -6.34414447 96.14133941 77.20584294
v -6.47104811 97.23082021 77.3973417
v -6.42413367 98.49095025 77.50056906
v -6.07275103 99.88160889 77.53196939
v -5.37662612 101.23019038 77.52177868
v -4.38213025 102.41684894 77.51841779
v -3.10557292 103.34261834 77.50875523
v -1.59951494 103.90137846 77.48413671
v -1.46885702 97.32317269 68.6566967
v -2.84424396 97.52232348 68.59060718
v -4.21044686 97.85759036 68.43943911
v -5.55704295 98.09554744 68.44168371
v -6.83081273 96.52516816 68.57418083
v -7.8106137 97.37577364 68.92063467
v -8.18290139 98.63650684 69.3274105
v -8.10575169 99.99394067 69.70463449
v -7.70286039 101.37165988 70.06446588
v -6.97139474 102.74459582 70.41473073
v -5.94113914 104.02436306 70.72904605
v -4.63500953 105.10161262 70.9669011
v -3.15335477 105.94098313 71.11664079
v -1.57868398 106.38850676 71.17048107
v -16.37289067 5.45139507 26.15008693
v -16.41796111 6.05428488 25.97565369
v -15.01471564 6.66330232 27.21116821
v -15.32648778 5.88973926 27.021752
v -17.51213966 5.24549849 25.77307599
v -17.55247485 5.84854434 25.59947998
v -18.75005181 5.20044454 25.74259391
v -18.78478002 5.80577101 25.57294094
v -19.92596603 5.3172415 26.0330019
v -19.95423052 5.92720119 25.86774209
v -21.05858326 5.69983092 26.8387905
v -21.48115378 6.46655217 27.02758854
v -15.176409 4.32976374 27.79681545
v -14.77573229 4.61764205 28.18910044
v -14.88421554 2.45724337 29.57774255
v -15.16527305 2.64724173 29.02125103
v -20.97940427 4.14127178 27.55963258
v -21.44005489 4.40298915 27.90774286
v -20.97067196 2.32037709 29.13434801
v -20.65571447 2.57510861 28.53812596
v -16.00306963 1.3343157 29.24964157
v -16.07088911 1.95361987 28.55362507
v -17.19068995 0.9698931 28.85127097
v -17.21157549 1.45794247 28.27868919
v -18.47517445 0.94921762 28.85569114
v -18.49715527 1.58752882 28.12301692
v -19.73619272 1.30095286 29.03517772
v -19.7029229 2.00699201 28.23342819
v -16.14193294 47.93195193 23.56138171
v -16.34503578 46.91949555 23.29664854
v -18.17469579 48.39990498 23.78998531
v -18.31525906 47.37970654 23.50667421
v -20.1095982 48.58080193 24.57992971
v -20.19113882 47.55720959 24.28567171
v -21.86006872 48.47088879 25.90727457
v -21.85748504 47.46097408 25.54010924
v -13.83800771 47.11789614 24.10707637
v -14.84364629 46.38915896 23.62291902
v -22.82448237 47.17030803 26.90800384
v -23.24712791 48.02155568 28.01114727
v -14.90871704 43.74670649 23.28344504
v -13.94911817 43.45065702 23.69670258
v -14.26094883 41.89400037 23.53608501
v -15.21403747 42.14075278 23.11961361
v -23.03669713 44.37490502 26.41303164
v -23.50855421 44.21425443 27.35478628
v -23.01934353 42.76860622 26.0349014
v -23.49542573 42.63787356 26.98019098
v -15.69948216 38.7407285 23.23911729
v -14.89441975 37.56169796 23.72042087
v -17.48554661 37.90889299 22.75659538
v -17.39545673 38.96748661 22.68416818
v -19.09959797 38.09368798 22.85578967
v -19.04354311 39.15461621 22.79164467
v -20.63155507 38.20828836 23.41363755
v -20.60622985 39.27059095 23.3647816
v -21.94958695 38.24872407 24.37293184
v -21.95221715 39.31259009 24.34767715
v -22.93795295 39.2790712 25.87013072
v -23.39298457 38.20099342 26.76039171
v -15.78556748 39.26293892 -12.26388269
v -15.70537122 38.32746195 -12.61369817
v -17.64418517 39.64353281 -13.69037758
v -16.88032068 38.55067011 -13.47597224
v -13.92687327 38.97788436 -11.63672694
v -13.91382431 38.04542918 -12.0096598
v -11.9189195 38.70390573 -11.61420822
v -11.99133919 37.77918661 -12.00090573
v -9.97602147 38.49155144 -12.1975276
v -10.13381079 37.57171161 -12.56483247
v -7.73088782 36.99928287 -14.82881336
v -6.98230713 37.73420768 -15.41362038
v -7.88425773 34.5586609 -16.56394231
v -8.46715249 34.36143362 -15.7732087
v -8.26673687 38.43413422 -13.28398285
v -8.45063386 37.4645292 -13.70269584
v -9.09429699 31.76802915 -17.44432018
v -8.54574408 31.75104165 -18.40324538
v -8.22190198 33.22333393 -17.30793553
v -8.82347595 32.92625818 -16.56659051
v -17.44957458 35.33219095 -15.85253473
v -16.74516485 35.06236242 -15.19687443
v -17.28237175 33.75706441 -16.66180425
v -16.58341897 33.47699717 -15.99454888
v -16.48102583 31.84370321 -17.13849111
v -17.11731 31.43341345 -18.30579755
v -15.27798593 30.5142698 -16.95014319
v -15.28300776 31.27821831 -16.30407943
v -13.96090229 30.21342505 -16.59871253
v -13.93843984 30.96793606 -15.94215649
v -12.55412638 30.09887869 -16.61349295
v -12.50314061 30.84948866 -15.95297585
v -11.18661963 30.19061901 -17.00296169
v -11.1020182 30.94143004 -16.34291422
v -9.52768687 30.58876455 -18.12291707
v -9.33988284 31.46914392 -17.43988051
v -14.9289259 25.46167745 -31.16866527
v -14.93295296 24.80492335 -31.4781103
v -16.03444295 24.49794798 -30.55946778
v -16.48978665 25.00926252 -29.82434492
v -13.69667775 25.57141654 -31.55170481
v -13.7047754 24.91649893 -31.86244018
v -10.11111953 24.98157418 -30.43419358
v -10.12903428 24.32318465 -30.73850724
v -11.16874239 24.64302744 -31.44851346
v -11.1597235 25.29674173 -31.13580056
v -12.63575852 21.04710522 -32.26565106
v -12.71741016 20.35106471 -32.07882754
v -13.88938433 21.16996379 -32.25100418
v -13.94666952 20.4705924 -32.0669744
v -15.0824796 20.58530681 -31.67792127
v -15.04553981 21.29038271 -31.85565238
v -11.46419396 20.94600842 -31.87991381
v -11.56779192 20.24949979 -31.7022037
v -12.38451467 24.86449515 -31.86521892
v -12.37627148 25.51875558 -31.55311818
v -16.0644284 22.99726818 -31.02229547
v -16.55156703 22.92132104 -30.48242236
v -9.39094887 23.86234649 -29.56139721
v -9.08459391 24.31193467 -28.72721809
v -9.21556438 22.25121641 -29.33676067
v -9.49545083 22.38299934 -29.99935431
v -16.08269124 21.38539089 -30.93139538
v -16.54103274 20.72720842 -30.32414841
v -9.60528369 20.13208767 -29.22794882
v -9.74956794 20.83405474 -29.93436308
v -10.45801899 20.87184676 -31.12639907
v -10.57714006 20.17216329 -30.96103123
v -11.01242045 7.09758944 -22.23529719
v -11.15515328 7.74737569 -21.39125295
v -11.61677615 8.40445387 -20.66309643
v -12.26849341 8.99802922 -20.07650393
v -13.11773578 9.44675617 -19.67961722
v -14.07886056 9.7418844 -19.47046328
v -15.09661035 9.83597734 -19.4996025
v -16.08137839 9.71640165 -19.74797084
v -16.96485159 9.40781184 -20.19605262
v -17.69906671 8.95134284 -20.80142259
v -18.18087893 8.38329826 -21.55136639
v -18.44567663 7.77886604 -22.37955893
v -18.40179599 7.14526008 -23.22163315
v -18.14044171 6.71207725 -23.75834492
v -11.14232413 6.46337733 -23.0958308
v -11.8661355 4.07717478 -23.32357167
v -11.53955368 4.36647547 -22.92207274
v -11.89112538 2.89051022 -22.55365458
v -11.7286143 2.63874948 -21.81368393
v -13.44535513 1.96789765 -23.4557222
v -13.53098583 1.39252513 -22.57833837
v -14.60409879 1.76426967 -23.75098322
v -14.67991689 1.26325686 -23.10123148
v -15.80788439 1.82959099 -23.76473287
v -15.87668213 1.38248447 -23.28702574
v -16.88396965 2.26909949 -23.50517831
v -17.00938939 1.72621359 -22.52010344
v -18.03334633 4.64879031 -23.40569894
v -17.64088729 4.34956299 -23.72436542
v -17.76134222 3.04669562 -22.9968023
v -18.02672507 2.77182276 -22.21933371
v -12.41092992 1.86274378 -21.93627692
v -12.26814157 2.58508326 -22.79266344
v -17.41451778 5.78714807 -24.42675711
v -17.66148775 6.37922302 -24.38365668
v -11.54738426 6.12062647 -23.85817539
v -11.81856464 5.53821408 -23.97852079
v -16.44517833 5.78213674 -25.25646805
v -16.50133071 5.24609264 -25.02536629
v -15.42524846 5.48664241 -25.54039431
v -15.4732822 4.95078436 -25.31388227
v -14.32706986 5.39133114 -25.52220049
v -14.36524147 4.85460887 -25.29634862
v -13.26738095 5.48676244 -25.23698689
v -13.29715934 4.94975809 -25.00699992
v -12.07240943 5.92241192 -24.48271594
v -12.07358274 5.39750078 -24.22740526
v -1.34021048 86.35141977 76.49151558
v -2.40254581 87.14818348 75.58254463
v -3.08190489 88.2075663 73.74537362
v -3.60358212 89.40054154 71.42748119
v -4.37579557 91.28418586 68.42002997
v -5.03708949 93.36808527 66.0891681
v -5.17512196 94.23647046 65.3143387
v -5.47193664 95.10259606 64.88454677
v -5.82407398 96.11198863 64.97962398
v -5.92525518 96.86909232 65.44678181
v -5.77635458 97.69294871 66.26552485
v -5.83264238 97.80049122 67.05343171
v -5.99019914 97.31007122 68.71858511
v -6.14872592 96.83703783 70.38435068
v -5.76571414 96.00955047 73.31064239
v -5.09186789 95.28066326 76.31367044
v -4.41802201 94.55177004 79.31669849
v -3.62075492 94.22273282 80.82171744
v -2.41120591 94.15962609 81.99537656
v -1.22397495 94.25370703 82.51112928
v -1.71975869 94.89460492 59.20966446
v -1.85284734 99.42256521 58.14755691
v -1.69859426 93.48413803 59.55185117
v -1.8307643 90.41572865 60.53051259
v -3.64310822 94.17077405 59.58455984
v -3.49702725 95.5988376 59.1611596
v -3.6708682 91.6366743 60.39204389
v -5.53176612 93.59505343 60.17608864
v -5.74145158 96.11727603 59.25654289
v -6.81778927 95.20505522 60.03960646
v -7.76916972 97.33247816 59.22286796
v -5.75603995 97.61236235 58.8906799
v -7.98900724 98.54919869 58.90842661
v -8.05269013 99.72524344 58.60279559
v -5.78648377 99.85438267 58.29157109
v -3.62677602 99.15924841 58.36801935
v -4.75780658 94.740226 64.95680593
v -4.64730192 94.93050044 64.57513475
v -4.83725602 94.981652 64.03528565
v -5.48221286 95.98673243 64.9091593
v -5.32762051 95.95190819 64.71152091
v -5.41360905 95.97601058 64.24576744
v -1.15016992 97.59391046 66.60632519
v -1.13348193 97.55828502 66.41830735
v -1.15516999 97.62675117 66.0669322
v -1.2674923 93.10390124 65.24141337
v -1.27371764 93.17223835 64.79074791
v -1.32347645 92.95849469 64.35956361
v -2.48048772 93.38773148 65.13768187
v -2.50550047 93.48673672 64.6786622
v -2.60743937 93.32777558 64.17979796
v -3.6251162 93.87377632 65.03887168
v -3.65367515 94.05329591 64.58414314
v -3.8319314 94.00937326 64.03726617
v -5.58149755 96.62714719 65.26520368
v -5.42879045 96.51105542 64.98621972
v -5.51448529 96.5837887 64.41645869
v -5.33136662 97.37853437 65.74962809
v -5.15876612 97.16414854 65.30018695
v -5.18394767 97.26795206 64.69463243
v -4.15374008 98.16795963 66.00444964
v -4.12923333 98.05682517 65.65792378
v -4.13470979 98.0252568 65.07901032
v -2.39840433 97.89226155 66.42409888
v -2.39303085 97.85907875 66.14648929
v -2.4839285 97.90902399 65.60661618
v -1.50474203 98.50006967 62.03136044
v -3.0510826 98.3424979 62.0051695
v -4.703748 98.36894391 61.88197484
v -6.16236228 98.0686303 61.83346398
v -6.60311237 97.39542585 61.82403548
v -6.53414133 96.47059269 61.86060318
v -6.06101454 94.95320746 62.06008406
v -4.73766262 93.32573804 62.26481633
v -3.14487677 92.10691695 62.51158374
v -1.60774949 91.26091169 62.73029372
v -1.33481636 98.08451051 64.0532064
v -2.7573081 98.09332985 63.88824667
v -4.31427739 98.124082 63.59640131
v -5.48880036 97.6182169 63.3760829
v -5.93739002 96.91076137 63.23190068
v -5.89759647 96.14823824 63.15365194
v -5.4315373 95.00649258 63.22588709
v -4.22400183 93.774498 63.32584359
v -2.77305646 92.92558797 63.60888462
v -1.41772337 92.34819591 63.93074994
v -1.68091714 99.05159487 60.00205451
v -1.7498381 90.51956517 61.60874641
v -3.46129678 91.52853163 61.42587794
v -5.18524814 93.08051604 61.18292754
v -6.51066611 94.9910895 60.91465642
v -7.21164893 96.93213003 60.51925361
v -7.34464493 98.00054825 60.36521678
v -7.31905865 98.9611719 60.22565578
v -5.26751832 99.04372678 60.09275055
v -3.37219078 98.85884177 60.09720373
v -1.45909093 56.9124085 -29.86914379
v -2.9191228 57.00225831 -29.9887735
v -4.40056976 57.15892984 -30.20576402
v -5.93812071 57.39424022 -30.47382208
v -7.54165616 57.7755633 -30.70509639
v -9.22907997 58.28590859 -30.83399856
v -10.95440007 58.90070556 -30.7289047
v -12.65031838 59.57683279 -30.35513762
v -14.24797789 60.27036463 -29.71699146
v -15.70275152 60.93280223 -28.83832554
v -16.97931992 61.52866419 -27.75685386
v -18.07642725 62.0293049 -26.52906039
v -18.96330634 62.42741837 -25.19270265
v -19.65966794 62.73095502 -23.78224701
v -20.13867591 62.98624882 -22.31180922
v -20.40510904 63.2949715 -20.85707122
v -20.43040124 63.75233286 -19.4593262
v -20.15982402 64.4782484 -18.12565042
v -19.43754455 65.50020891 -16.86076975
v -18.51809182 66.59356937 -15.67445402
v -17.49973888 67.67521416 -14.48830658
v -16.50975545 68.65865285 -13.21931758
v -15.75125188 69.3667468 -11.75118047
v -15.2111042 69.94709127 -9.73634906
v -14.86191213 70.57896126 -6.63281874
v -14.90696608 71.17871075 -1.27909656
v -15.32735801 71.6625305 5.47903989
v -15.9731382 72.15455443 12.57395714
v -16.74969755 72.33618807 17.8080466
v -17.52179022 72.26955391 21.40473102
v -18.67611371 71.45142829 25.42217198
v -19.23462326 70.90613949 27.11174885
v -19.73103885 70.33064694 28.77439959
v -20.23170807 69.70357934 30.36094716
v -20.74079002 69.00659546 31.88955537
v -21.25114581 68.23960226 33.39842434
v -21.72860838 67.42031984 34.94583554
v -22.09156959 66.59927238 36.61278642
v -22.27765642 65.77521775 38.39585308
v -22.18465577 64.92530836 40.25245123
v -21.80515867 64.01951403 42.09460955
v -21.10936272 63.06322747 43.85570439
v -20.05155532 62.05016324 45.41444358
v -18.7262285 61.01774087 46.74625062
v -17.1787948 60.01290201 47.849211
v -15.4389546 59.09951426 48.72227443
v -13.58549828 58.32379063 49.40904248
v -11.6578788 57.71916035 49.88375032
v -9.70278179 57.29102486 50.18053499
v -7.73370332 57.01131471 50.34034535
v -5.77394194 56.82455121 50.42837669
v -3.83457885 56.69446672 50.48439554
v -1.91283699 56.61096059 50.52153338
v -1.34990202 49.55591642 25.2094816
v -2.677709 49.67273738 25.08379628
v -4.31201066 49.93248624 24.77213366
v -6.36525356 50.4695266 23.64938304
v -8.45697679 51.3224787 22.79520961
v -10.38870811 52.47613452 22.18194905
v -12.08255212 53.83348433 21.79097541
v -13.51690159 55.27834933 21.58718839
v -14.66157753 56.74646451 21.51994356
v -15.57283809 58.18803464 21.52934806
v -16.28485183 59.58537268 21.59676693
v -16.87656668 61.00785775 21.70324715
v -17.41008411 62.73092914 21.88679081
v -17.97756454 65.35512852 22.26912216
v -18.27057721 67.92928926 22.70812653
v -18.28085043 69.90792901 23.06597439
v -18.11368962 71.91897023 23.56467659
v -17.82881811 73.97932014 24.34375211
v -17.37438064 76.15419091 25.71660703
v -16.51251618 79.88719322 29.78992279
v -15.44608749 83.35497697 33.24063652
v -13.68724775 87.00295248 36.86458316
v -12.04774289 91.06977603 40.21766601
v -11.68679521 95.09158914 42.26587695
v -11.67101853 98.48657209 43.84296301
v -11.72864956 101.25600922 45.11738884
v -11.77966608 102.47576656 45.70583883
v -11.83519205 103.56394501 46.22201766
v -11.87803291 104.58293713 46.70652609
v -11.97192105 105.5734607 47.11676484
v -12.07969536 106.59023823 47.48945763
v -12.18952448 107.72042483 47.86717376
v -12.29133322 109.1134751 48.31369813
v -12.4972478 111.12663075 48.89698074
v -12.72187985 112.41002596 49.22192488
v -12.96407555 113.72456642 49.55428098
v -13.4165685 116.69923095 50.26639375
v -13.50022317 118.37599143 50.64064096
v -13.53760558 120.05473244 51.04889318
v -13.53408115 121.67183711 51.49691194
v -13.19747292 124.34093664 52.66516963
v -12.93965958 125.33849707 53.27533937
v -12.74240529 126.17071368 53.80454766
v -12.61100196 126.8751084 54.26014042
v -12.49255006 127.48204929 54.67697492
v -12.32918375 128.03291132 55.06099272
v -12.09822828 128.49893485 55.42184437
v -11.80262967 128.8412656 55.73411915
v -11.46868915 129.0212293 55.89943897
v -11.12682878 129.08441405 55.87994581
v -10.75699349 129.02174544 55.81424039
v -10.34633088 128.83029469 55.73522344
v -9.92390815 128.52242508 55.62097716
v -9.49701949 128.12185489 55.45014788
v -9.03771174 127.64697301 55.23854378
v -8.47278799 127.0554082 54.98280399
v -7.85667516 126.32529066 54.71468892
v -7.23770109 125.41424915 54.41577368
v -6.18951873 123.2754742 53.71409168
v -5.68951681 122.19450366 53.28069279
v -5.13844398 121.11221276 52.85837284
v -4.47642874 120.04028061 52.54458566
v -2.54148414 118.31798006 52.12571062
v -1.336158 117.74934132 52.02496792
vt 0.9139 0
vt 0.95695 0.45127
vt 0.47847 0.22563
vt 0.45695 0
vt 1 0.90254
vt 0.52586 0.92406
vt 0.28879 0.93482
vt 0.40733 0.92944
vt 0.05172 0.94557
vt 0 0
vt 0.5 0
vt 0 1
vt 0.5 1
vt 0.5 0.45127
vt 1 0
vt 1 1
vt -0.00001 0
vt 0 -0.41053
vt -0.00103 0.99551
vt 0 0.5
vt 0 1.00106
vt 0 0.43783
g Group2
f 1/1 43/2 65/3 66/4
f 74/2 75/2 43/5 1/5
f 53/5 77/6 78/6 3/5
f 62/7 63/8 53/6 3/9
f 3/6 10/9 61/9 62/7
f 3/5 78/5 79/9 10/9
f 54/9 55/9 12/9 7/9
f 41/1 42/1 5/1 14/1
f 73/1 74/5 1/5 15/1
f 15/10 1/1 66/4 67/11
f 51/9 52/7 4/6 11/9
f 9/10 44/10 45/10 16/10
f 16/10 45/10 46/10 19/10
f 50/9 51/9 11/9 20/9
f 10/9 21/9 60/9 61/9
f 10/9 79/9 80/9 21/9
f 55/9 56/9 22/9 12/9
f 40/1 41/1 14/1 24/1
f 72/1 73/1 15/1 25/1
f 25/12 15/10 67/11 68/13
f 19/10 46/10 47/10 27/10
f 3442/9 50/9 20/9 28/9
f 21/9 29/9 3441/9 60/9
f 21/9 80/9 81/9 29/9
f 56/9 57/9 30/9 22/9
f 3440/1 40/1 24/1 3439/1
f 3438/1 72/1 25/1 3437/1
f 3437/12 25/10 68/11 69/13
f 23/1 40/1 3440/1 31/1
f 13/1 41/1 40/1 23/1
f 6/1 42/1 41/1 13/1
f 2/5 43/5 75/2 76/2
f 64/14 65/3 43/2 2/5
f 45/10 44/10 8/10 17/10
f 46/10 45/10 17/10 18/10
f 47/10 46/10 18/10 26/10
f 26/9 18/9 50/9 3442/9
f 18/9 17/9 51/9 50/9
f 17/9 8/9 52/7 51/9
f 63/8 64/6 2/5 53/6
f 2/5 76/6 77/6 53/5
f 6/9 13/9 55/9 54/9
f 13/9 23/9 56/9 55/9
f 23/9 31/9 57/9 56/9
f 60/9 3441/9 28/9 20/9
f 61/9 60/9 20/9 11/9
f 62/7 61/9 11/9 4/9
f 52/7 63/8 62/7 4/6
f 8/9 64/6 63/8 52/7
f 44/10 65/3 64/14 8/10
f 66/4 65/3 44/10 9/10
f 67/11 66/4 9/10 16/15
f 68/13 67/11 16/15 19/16
f 69/13 68/11 19/15 27/16
f 24/1 72/1 3438/1 3439/1
f 14/1 73/1 72/1 24/1
f 5/5 74/5 73/1 14/1
f 42/1 75/2 74/2 5/1
f 76/2 75/2 42/1 6/1
f 77/6 76/6 6/9 54/9
f 78/6 77/6 54/9 7/9
f 79/9 78/5 7/5 12/9
f 80/9 79/9 12/9 22/9
f 81/9 80/9 22/9 30/9
f 33/10 48/10 83/10
f 33/10 83/10 84/10 70/10
f 35/9 58/9 85/9 86/9
f 85/9 58/9 36/9
f 70/10 84/10 87/10 88/10
f 88/10 87/10 89/10 90/10
f 277/17 314/17 313/17 312/17
f 277/17 312/17 1367/17 315/17
f 277/17 318/17 317/17 316/17
f 277/17 315/17 319/17 318/17
f 277/17 316/17 320/17 314/17
f 278/17 323/17 322/17 321/17
f 278/17 326/17 325/17 324/17
f 278/17 328/17 327/17 326/17
f 278/17 324/17 329/17 323/17
f 278/17 321/17 330/17 328/17
f 85/17 36/17 332/17 331/17
f 85/17 331/17 334/17 333/17
f 85/17 333/17 335/17 86/17
f 279/17 336/17 91/17 92/17
f 280/17 339/17 338/17 337/17
f 280/17 342/17 341/17 340/17
f 280/17 337/17 343/17 342/17
f 280/17 340/17 345/17 344/17
f 280/17 344/17 346/17 339/17
f 281/17 349/17 348/17 347/17
f 281/17 347/17 94/17 93/17
f 281/17 351/17 350/17 349/17
f 281/17 93/17 95/17 352/17
f 281/17 352/17 353/17 351/17
f 282/17 356/17 355/17 354/17
f 282/17 359/17 358/17 356/17
f 282/17 357/17 360/17 359/17
f 283/17 363/17 362/17 361/17
f 283/17 364/17 1339/17 1307/17
f 283/17 361/17 366/17 365/17
f 283/17 365/17 367/17 364/17
f 283/17 1307/17 368/17 363/17
f 284/17 371/17 370/17 369/17
f 284/17 369/17 373/17 372/17
f 284/17 372/17 375/17 374/17
f 284/17 377/17 376/17 371/17
f 284/17 374/17 1199/17 377/17
f 285/17 380/17 379/17 378/17
f 285/17 383/17 382/17 381/17
f 285/17 385/17 384/17 383/17
f 285/17 378/17 386/17 385/17
f 285/17 381/17 387/17 380/17
f 286/17 390/17 389/17 388/17
f 286/17 388/17 392/17 391/17
f 286/17 391/17 393/17 390/17
f 287/17 395/17 394/17 71/17
f 287/17 96/17 97/17 395/17
f 288/17 396/17 358/17 359/17
f 288/17 359/17 360/17 397/17
f 288/17 397/17 340/17 341/17
f 289/17 401/17 400/17 399/17
f 289/17 403/17 402/17 401/17
f 289/17 399/17 404/17 403/17
f 290/17 407/17 406/17 405/17
f 290/17 405/17 409/17 408/17
f 290/17 408/17 410/17 407/17
f 291/17 413/17 412/17 411/17
f 291/17 411/17 99/17 98/17
f 291/17 98/17 100/17 413/17
f 292/17 102/17 101/17 414/17
f 292/17 415/17 103/17 102/17
f 292/17 414/17 416/17 415/17
f 423/17 419/17 418/17 417/17
f 423/17 424/17 420/17 419/17
f 423/17 417/17 422/17 421/17
f 293/17 427/17 426/17 425/17
f 293/17 429/17 428/17 427/17
f 293/17 425/17 430/17 429/17
f 294/17 433/17 432/17 431/17
f 294/17 435/17 434/17 433/17
f 294/17 431/17 1362/17 435/17
f 295/17 438/17 437/17 436/17
f 295/17 440/17 439/17 438/17
f 295/17 442/17 441/17 440/17
f 295/17 444/17 443/17 442/17
f 295/17 436/17 445/17 444/17
f 296/17 448/17 447/17 446/17
f 296/17 446/17 450/17 449/17
f 296/17 449/17 451/17 448/17
f 297/17 454/17 453/17 452/17
f 297/17 452/17 3349/17 455/17
f 297/17 455/17 456/17 454/17
f 298/17 459/17 458/17 457/17
f 298/17 461/17 460/17 459/17
f 298/17 457/17 462/17 461/17
f 299/17 465/17 464/17 463/17
f 299/17 467/17 466/17 465/17
f 299/17 469/17 468/17 467/17
f 300/17 472/17 471/17 470/17
f 300/17 470/17 1831/17 1832/17
f 300/17 1832/17 1835/17 472/17
f 301/17 475/17 474/17 473/17
f 301/17 478/17 477/17 476/17
f 301/17 473/17 479/17 478/17
f 302/17 482/17 481/17 480/17
f 302/17 2269/17 483/17 482/17
f 302/17 486/17 485/17 484/17
f 302/17 484/17 487/17 2269/17
f 3853/17 3854/17 490/17 2625/17
f 303/17 493/17 492/17 491/17
f 303/17 491/17 495/17 494/17
f 303/17 498/17 497/17 496/17
f 303/17 496/17 499/17 493/17
f 304/17 502/17 501/17 500/17
f 304/17 2890/17 2891/17 502/17
f 304/17 500/17 2889/17 2890/17
f 305/17 505/17 504/17 503/17
f 305/17 507/17 506/17 505/17
f 305/17 503/17 508/17 507/17
f 306/17 511/17 510/17 509/17
f 306/17 509/17 513/17 512/17
f 306/17 512/17 514/17 511/17
f 3883/17 3884/17 517/17 516/17
f 3884/17 3885/17 1256/17 517/17
f 307/17 515/17 519/17 518/17
f 308/17 522/17 521/17 520/17
f 308/17 524/17 523/17 522/17
f 308/17 520/17 525/17 524/17
f 309/17 529/17 528/17 527/17
f 309/17 531/17 530/17 529/17
f 309/17 527/17 532/17 531/17
f 310/17 535/17 534/17 533/17
f 310/17 279/17 92/17 104/17
f 310/17 536/17 336/17 279/17
f 310/17 533/17 537/17 536/17
f 310/17 104/17 105/17 535/17
f 311/17 538/17 540/17 539/17
f 541/17 544/17 543/17 542/17
f 541/17 892/17 546/17 544/17
f 541/17 542/17 889/17 892/17
f 542/17 547/17 890/17 889/17
f 548/17 547/17 550/17 549/17
f 548/17 549/17 552/17 551/17
f 552/17 553/17 107/17 106/17
f 552/17 549/17 554/17 553/17
f 552/17 106/17 108/17 551/17
f 108/17 109/17 555/17 551/17
f 109/17 110/17 556/17 555/17
f 110/17 111/17 557/17 556/17
f 111/17 112/17 558/17 557/17
f 112/17 113/17 559/17 558/17
f 113/17 114/17 560/17 559/17
f 114/17 115/17 561/17 560/17
f 115/17 116/17 562/17 561/17
f 116/17 117/17 563/17 562/17
f 117/17 118/17 564/17 563/17
f 118/17 119/17 565/17 564/17
f 119/17 120/17 566/17 565/17
f 120/17 121/17 567/17 566/17
f 121/17 122/17 568/17 567/17
f 122/17 123/17 569/17 568/17
f 123/17 124/17 570/17 569/17
f 124/17 125/17 571/17 570/17
f 125/17 126/17 572/17 571/17
f 126/17 127/17 573/17 572/17
f 127/17 128/17 574/17 573/17
f 128/17 129/17 575/17 574/17
f 129/17 130/17 576/17 575/17
f 130/17 131/17 577/17 576/17
f 131/17 132/17 578/17 577/17
f 132/17 133/17 579/17 578/17
f 133/17 134/17 580/17 579/17
f 134/17 135/17 581/17 580/17
f 135/17 136/17 582/17 581/17
f 136/17 137/17 583/17 582/17
f 137/17 138/17 584/17 583/17
f 138/17 139/17 585/17 584/17
f 139/17 140/17 586/17 585/17
f 140/17 141/17 587/17 586/17
f 141/17 142/17 588/17 587/17
f 142/17 143/17 589/17 588/17
f 143/17 144/17 590/17 589/17
f 144/17 145/17 591/17 590/17
f 145/17 146/17 592/17 591/17
f 146/17 147/17 593/17 592/17
f 147/17 148/17 594/17 593/17
f 148/17 149/17 595/17 594/17
f 149/17 150/17 596/17 595/17
f 150/17 151/17 597/17 596/17
f 151/17 152/17 598/17 597/17
f 152/17 153/17 599/17 598/17
f 153/17 154/17 600/17 599/17
f 154/17 155/17 601/17 600/17
f 155/17 156/17 602/17 601/17
f 156/17 157/17 603/17 602/17
f 157/17 158/17 604/17 603/17
f 158/17 159/17 605/17 604/17
f 159/17 160/17 606/17 605/17
f 160/17 161/17 373/17 606/17
f 161/17 162/17 372/17 373/17
f 162/17 163/17 375/17 372/17
f 163/17 164/17 607/17 375/17
f 3899/17 3834/17 165/17 608/17
f 165/17 166/17 609/17 608/17
f 166/17 167/17 362/17 609/17
f 167/17 168/17 361/17 362/17
f 168/17 169/17 366/17 361/17
f 169/17 170/17 610/17 366/17
f 170/17 171/17 611/17 610/17
f 171/17 172/17 612/17 611/17
f 172/17 173/17 613/17 612/17
f 173/17 89/17 87/17 613/17
f 87/17 84/17 614/17 613/17
f 84/17 83/17 615/17 614/17
f 83/17 48/17 616/17 615/17
f 48/17 32/17 617/17 616/17
f 38/17 619/17 618/17 39/17
f 38/17 71/17 394/17 619/17
f 619/17 622/17 620/17 618/17
f 619/17 394/17 621/17 622/17
f 621/17 394/17 395/17 623/17
f 623/17 395/17 97/17 174/17
f 3491/17 3476/17 175/17 624/17
f 175/17 176/17 625/17 624/17
f 3475/17 3460/17 177/17 626/17
f 177/17 178/17 627/17 626/17
f 178/17 179/17 628/17 627/17
f 179/17 180/17 629/17 628/17
f 180/17 630/17 629/17
f 181/17 639/17 630/17
f 181/17 182/17 635/17 639/17
f 182/17 183/17 632/17 635/17
f 183/17 184/17 631/17 632/17
f 184/17 91/17 336/17 631/17
f 632/17 631/17 634/17 633/17
f 632/17 633/17 636/17 635/17
f 636/17 633/17 638/17 637/17
f 636/17 640/17 639/17 635/17
f 636/17 637/17 641/17 640/17
f 641/17 637/17 643/17 642/17
f 641/17 628/17 629/17 640/17
f 641/17 642/17 627/17 628/17
f 643/17 646/17 645/17 644/17
f 643/17 637/17 638/17 646/17
f 643/17 644/17 647/17 642/17
f 647/17 626/17 627/17 642/17
f 644/17 645/17 3472/17 3473/17
f 644/17 3473/17 3474/17 647/17
f 3474/17 3475/17 626/17 647/17
f 649/17 648/17 652/17 651/17
f 649/17 651/17 653/17 650/17
f 653/17 624/17 625/17 650/17
f 651/17 652/17 3488/17 3489/17
f 651/17 3489/17 3490/17 653/17
f 652/17 654/17 3487/17 3488/17
f 654/17 656/17 657/17 655/17
f 654/17 652/17 648/17 656/17
f 3470/17 3471/17 658/17 659/17
f 3471/17 3472/17 645/17 658/17
f 658/17 661/17 660/17 659/17
f 658/17 645/17 646/17 661/17
f 661/17 662/17 537/17 660/17
f 661/17 646/17 638/17 662/17
f 662/17 634/17 536/17 537/17
f 662/17 638/17 633/17 634/17
f 660/17 663/17 3417/17 659/17
f 660/17 537/17 533/17 663/17
f 663/17 665/17 664/17 3417/17
f 663/17 533/17 534/17 665/17
f 665/17 667/17 666/17 664/17
f 665/17 534/17 668/17 667/17
f 668/17 670/17 669/17 667/17
f 668/17 672/17 671/17 670/17
f 668/17 534/17 535/17 672/17
f 672/17 186/17 185/17 671/17
f 672/17 535/17 105/17 186/17
f 3688/17 3667/17 187/17 673/17
f 187/17 188/17 532/17 673/17
f 188/17 189/17 531/17 532/17
f 189/17 190/17 530/17 531/17
f 190/17 191/17 674/17 530/17
f 191/17 3461/17 3462/17 674/17
f 192/17 193/17 676/17 675/17
f 193/17 3477/17 3478/17 676/17
f 3690/17 3689/17 3691/17 3692/17
f 3689/17 3693/17 3694/17 3691/17
f 3694/17 3693/17 3695/17 3696/17
f 3694/17 3697/17 3698/17 3691/17
f 3694/17 3696/17 3699/17 3697/17
f 3699/17 3700/17 3701/17 3697/17
f 680/17 683/17 2958/17 398/17
f 680/17 678/17 681/17 683/17
f 681/17 678/17 679/17 682/17
f 682/17 685/17 684/17 681/17
f 682/17 195/17 196/17 685/17
f 196/17 197/17 686/17 685/17
f 197/17 198/17 687/17 686/17
f 198/17 99/17 411/17 687/17
f 687/17 688/17 2957/17 686/17
f 687/17 411/17 412/17 688/17
f 688/17 689/17 1503/17 2957/17
f 688/17 412/17 690/17 689/17
f 690/17 692/17 691/17 689/17
f 690/17 694/17 693/17 692/17
f 690/17 412/17 413/17 694/17
f 694/17 200/17 199/17 693/17
f 694/17 413/17 100/17 200/17
f 199/17 3668/17 3669/17 693/17
f 201/17 202/17 696/17 695/17
f 202/17 203/17 697/17 696/17
f 203/17 204/17 698/17 697/17
f 204/17 205/17 699/17 698/17
f 205/17 206/17 700/17 699/17
f 206/17 207/17 701/17 700/17
f 207/17 103/17 415/17 701/17
f 701/17 703/17 702/17 700/17
f 701/17 415/17 416/17 703/17
f 703/17 705/17 704/17 702/17
f 703/17 416/17 706/17 705/17
f 706/17 708/17 707/17 705/17
f 706/17 709/17 710/17 708/17
f 706/17 416/17 414/17 709/17
f 709/17 208/17 209/17 710/17
f 709/17 414/17 101/17 208/17
f 209/17 210/17 711/17 710/17
f 210/17 211/17 712/17 711/17
f 211/17 212/17 713/17 712/17
f 212/17 213/17 714/17 713/17
f 213/17 214/17 715/17 714/17
f 214/17 215/17 716/17 715/17
f 215/17 216/17 717/17 716/17
f 216/17 217/17 718/17 717/17
f 217/17 218/17 719/17 718/17
f 218/17 219/17 720/17 719/17
f 219/17 220/17 721/17 720/17
f 3833/17 3779/17 221/17 722/17
f 221/17 222/17 723/17 722/17
f 222/17 223/17 724/17 723/17
f 223/17 224/17 725/17 724/17
f 224/17 225/17 726/17 725/17
f 225/17 226/17 727/17 726/17
f 226/17 227/17 728/17 727/17
f 227/17 228/17 729/17 728/17
f 228/17 229/17 730/17 729/17
f 229/17 230/17 731/17 730/17
f 230/17 3835/17 3836/17 731/17
f 231/17 232/17 733/17 732/17
f 232/17 233/17 734/17 733/17
f 233/17 234/17 735/17 734/17
f 234/17 235/17 736/17 735/17
f 235/17 236/17 737/17 736/17
f 236/17 94/17 347/17 737/17
f 347/17 348/17 738/17 737/17
f 348/17 740/17 739/17 738/17
f 740/17 348/17 349/17 741/17
f 740/17 741/17 743/17 742/17
f 743/17 741/17 745/17 744/17
f 743/17 747/17 746/17 742/17
f 743/17 744/17 748/17 747/17
f 748/17 744/17 750/17 749/17
f 748/17 752/17 751/17 747/17
f 748/17 749/17 753/17 752/17
f 753/17 749/17 755/17 754/17
f 753/17 757/17 756/17 752/17
f 753/17 754/17 758/17 757/17
f 758/17 754/17 760/17 759/17
f 758/17 762/17 761/17 757/17
f 758/17 759/17 763/17 762/17
f 763/17 759/17 466/17 764/17
f 763/17 766/17 765/17 762/17
f 763/17 764/17 767/17 766/17
f 767/17 764/17 769/17 768/17
f 767/17 771/17 770/17 766/17
f 767/17 768/17 772/17 771/17
f 772/17 768/17 774/17 773/17
f 772/17 776/17 775/17 771/17
f 772/17 773/17 777/17 776/17
f 777/17 773/17 779/17 778/17
f 777/17 781/17 780/17 776/17
f 777/17 778/17 782/17 781/17
f 782/17 778/17 784/17 783/17
f 782/17 786/17 785/17 781/17
f 782/17 783/17 787/17 786/17
f 787/17 783/17 789/17 788/17
f 787/17 794/17 790/17 786/17
f 787/17 788/17 791/17 794/17
f 791/17 788/17 793/17 792/17
f 792/17 800/17 796/17 791/17
f 792/17 795/17 797/17 800/17
f 797/17 795/17 799/17 798/17
f 798/17 806/17 802/17 797/17
f 798/17 801/17 803/17 806/17
f 803/17 801/17 805/17 804/17
f 804/17 3788/17 3789/17 803/17
f 804/17 807/17 3787/17 3788/17
f 3786/17 3787/17 807/17 810/17
f 809/17 814/17 813/17 808/17
f 809/17 812/17 815/17 814/17
f 815/17 812/17 817/17 816/17
f 815/17 819/17 818/17 814/17
f 815/17 816/17 820/17 819/17
f 820/17 816/17 822/17 821/17
f 820/17 824/17 823/17 819/17
f 820/17 821/17 825/17 824/17
f 825/17 821/17 827/17 826/17
f 825/17 829/17 828/17 824/17
f 825/17 826/17 830/17 829/17
f 830/17 826/17 832/17 831/17
f 830/17 834/17 833/17 829/17
f 830/17 831/17 835/17 834/17
f 835/17 237/17 239/17 836/17
f 835/17 831/17 238/17 237/17
f 835/17 836/17 837/17 834/17
f 837/17 838/17 833/17 834/17
f 839/17 838/17 922/17 840/17
f 839/17 840/17 841/17 1777/17
f 841/17 842/17 1776/17 1777/17
f 842/17 841/17 919/17 843/17
f 842/17 843/17 845/17 844/17
f 845/17 846/17 1773/17 844/17
f 847/17 846/17 917/17 916/17
f 847/17 916/17 849/17 848/17
f 849/17 850/17 1664/17 848/17
f 852/17 851/17 914/17 913/17
f 852/17 913/17 854/17 853/17
f 854/17 856/17 855/17 853/17
f 857/17 856/17 859/17 860/17
f 857/17 860/17 861/17 858/17
f 861/17 565/17 566/17 858/17
f 860/17 859/17 862/17 863/17
f 860/17 863/17 864/17 861/17
f 864/17 564/17 565/17 861/17
f 864/17 863/17 865/17 867/17
f 864/17 867/17 563/17 564/17
f 865/17 863/17 862/17 866/17
f 867/17 865/17 868/17 870/17
f 867/17 870/17 562/17 563/17
f 868/17 865/17 866/17 869/17
f 870/17 868/17 871/17 873/17
f 870/17 873/17 561/17 562/17
f 871/17 868/17 869/17 872/17
f 873/17 871/17 874/17 876/17
f 873/17 876/17 560/17 561/17
f 874/17 871/17 872/17 875/17
f 876/17 874/17 877/17 879/17
f 876/17 879/17 559/17 560/17
f 877/17 874/17 875/17 878/17
f 879/17 877/17 880/17 882/17
f 879/17 882/17 558/17 559/17
f 880/17 877/17 878/17 881/17
f 882/17 880/17 884/17 885/17
f 882/17 885/17 557/17 558/17
f 884/17 880/17 881/17 883/17
f 884/17 883/17 886/17 887/17
f 884/17 887/17 888/17 885/17
f 888/17 556/17 557/17 885/17
f 887/17 886/17 889/17 890/17
f 887/17 890/17 891/17 888/17
f 891/17 555/17 556/17 888/17
f 891/17 890/17 547/17 548/17
f 891/17 548/17 551/17 555/17
f 892/17 893/17 894/17 546/17
f 892/17 889/17 886/17 893/17
f 893/17 895/17 896/17 894/17
f 893/17 886/17 883/17 895/17
f 895/17 897/17 898/17 896/17
f 895/17 883/17 881/17 897/17
f 897/17 899/17 900/17 898/17
f 897/17 881/17 878/17 899/17
f 899/17 901/17 902/17 900/17
f 899/17 878/17 875/17 901/17
f 901/17 903/17 904/17 902/17
f 901/17 875/17 872/17 903/17
f 903/17 905/17 906/17 904/17
f 903/17 872/17 869/17 905/17
f 905/17 907/17 908/17 906/17
f 905/17 869/17 866/17 907/17
f 907/17 909/17 910/17 908/17
f 907/17 866/17 862/17 909/17
f 909/17 911/17 912/17 910/17
f 909/17 862/17 859/17 911/17
f 911/17 854/17 913/17 912/17
f 911/17 859/17 856/17 854/17
f 915/17 850/17 849/17 979/17
f 915/17 914/17 851/17 850/17
f 849/17 916/17 980/17 979/17
f 918/17 845/17 843/17 982/17
f 918/17 917/17 846/17 845/17
f 843/17 919/17 983/17 982/17
f 920/17 840/17 922/17 921/17
f 920/17 919/17 841/17 840/17
f 922/17 923/17 985/17 921/17
f 923/17 837/17 836/17 924/17
f 923/17 922/17 838/17 837/17
f 836/17 239/17 240/17 924/17
f 240/17 241/17 925/17 924/17
f 241/17 242/17 926/17 925/17
f 242/17 243/17 927/17 926/17
f 243/17 244/17 928/17 927/17
f 244/17 245/17 929/17 928/17
f 245/17 246/17 930/17 929/17
f 246/17 247/17 931/17 930/17
f 247/17 248/17 932/17 931/17
f 248/17 249/17 933/17 932/17
f 249/17 250/17 934/17 933/17
f 250/17 251/17 935/17 934/17
f 251/17 252/17 936/17 935/17
f 252/17 253/17 937/17 936/17
f 253/17 254/17 938/17 937/17
f 254/17 255/17 939/17 938/17
f 255/17 256/17 940/17 939/17
f 256/17 257/17 941/17 940/17
f 257/17 258/17 942/17 941/17
f 258/17 259/17 943/17 942/17
f 259/17 260/17 944/17 943/17
f 260/17 261/17 945/17 944/17
f 261/17 107/17 553/17 945/17
f 945/17 947/17 946/17 944/17
f 945/17 553/17 554/17 947/17
f 947/17 949/17 948/17 946/17
f 947/17 554/17 950/17 949/17
f 950/17 952/17 951/17 949/17
f 950/17 550/17 543/17 952/17
f 950/17 554/17 549/17 550/17
f 952/17 545/17 953/17 951/17
f 952/17 543/17 544/17 545/17
f 953/17 955/17 954/17 951/17
f 953/17 958/17 956/17 955/17
f 953/17 545/17 957/17 958/17
f 957/17 545/17 544/17 546/17
f 957/17 959/17 960/17 958/17
f 957/17 546/17 894/17 959/17
f 959/17 961/17 962/17 960/17
f 959/17 894/17 896/17 961/17
f 961/17 963/17 964/17 962/17
f 961/17 896/17 898/17 963/17
f 963/17 965/17 966/17 964/17
f 963/17 898/17 900/17 965/17
f 965/17 967/17 968/17 966/17
f 965/17 900/17 902/17 967/17
f 967/17 969/17 970/17 968/17
f 967/17 902/17 904/17 969/17
f 969/17 971/17 972/17 970/17
f 969/17 904/17 906/17 971/17
f 971/17 973/17 974/17 972/17
f 971/17 906/17 908/17 973/17
f 973/17 975/17 976/17 974/17
f 973/17 908/17 910/17 975/17
f 975/17 977/17 978/17 976/17
f 975/17 910/17 912/17 977/17
f 977/17 914/17 915/17 978/17
f 977/17 912/17 913/17 914/17
f 981/17 917/17 918/17 989/17
f 981/17 980/17 916/17 917/17
f 918/17 982/17 1044/17 989/17
f 984/17 920/17 921/17 987/17
f 984/17 983/17 919/17 920/17
f 921/17 985/17 986/17 987/17
f 985/17 925/17 926/17 986/17
f 984/17 987/17 1046/17 1045/17
f 984/17 1045/17 988/17 983/17
f 988/17 1044/17 982/17 983/17
f 980/17 981/17 990/17 991/17
f 980/17 991/17 992/17 979/17
f 992/17 978/17 915/17 979/17
f 991/17 990/17 993/17 994/17
f 991/17 994/17 995/17 992/17
f 995/17 976/17 978/17 992/17
f 995/17 994/17 996/17 998/17
f 995/17 998/17 974/17 976/17
f 996/17 994/17 993/17 997/17
f 998/17 996/17 999/17 1001/17
f 998/17 1001/17 972/17 974/17
f 999/17 996/17 997/17 1000/17
f 1001/17 999/17 1002/17 1004/17
f 1001/17 1004/17 970/17 972/17
f 1002/17 999/17 1000/17 1003/17
f 1004/17 1002/17 1005/17 1007/17
f 1004/17 1007/17 968/17 970/17
f 1005/17 1002/17 1003/17 1006/17
f 1007/17 1005/17 1008/17 1010/17
f 1007/17 1010/17 966/17 968/17
f 1008/17 1005/17 1006/17 1009/17
f 1010/17 1008/17 1011/17 1013/17
f 1010/17 1013/17 964/17 966/17
f 1011/17 1008/17 1009/17 1012/17
f 1013/17 1011/17 1015/17 1016/17
f 1013/17 1016/17 962/17 964/17
f 1015/17 1011/17 1012/17 1014/17
f 1015/17 1014/17 1017/17 1018/17
f 1015/17 1018/17 1019/17 1016/17
f 1019/17 960/17 962/17 1016/17
f 1018/17 1017/17 1020/17 1021/17
f 1018/17 1021/17 956/17 1019/17
f 956/17 958/17 960/17 1019/17
f 1021/17 1020/17 1082/17 1085/17
f 1021/17 1085/17 955/17 956/17
f 1020/17 1022/17 1081/17 1082/17
f 1022/17 1024/17 1025/17 1023/17
f 1022/17 1020/17 1017/17 1024/17
f 1024/17 1026/17 1027/17 1025/17
f 1024/17 1017/17 1014/17 1026/17
f 1026/17 1028/17 1029/17 1027/17
f 1026/17 1014/17 1012/17 1028/17
f 1028/17 1030/17 1031/17 1029/17
f 1028/17 1012/17 1009/17 1030/17
f 1030/17 1032/17 1033/17 1031/17
f 1030/17 1009/17 1006/17 1032/17
f 1032/17 1034/17 1035/17 1033/17
f 1032/17 1006/17 1003/17 1034/17
f 1034/17 1036/17 1037/17 1035/17
f 1034/17 1003/17 1000/17 1036/17
f 1036/17 1038/17 1039/17 1037/17
f 1036/17 1000/17 997/17 1038/17
f 1038/17 1040/17 1041/17 1039/17
f 1038/17 997/17 993/17 1040/17
f 1040/17 1042/17 1043/17 1041/17
f 1040/17 993/17 990/17 1042/17
f 1042/17 989/17 1044/17 1043/17
f 1042/17 990/17 981/17 989/17
f 1044/17 988/17 1050/17 1043/17
f 1047/17 986/17 926/17 927/17
f 1047/17 1046/17 987/17 986/17
f 1046/17 1047/17 1107/17 1048/17
f 1046/17 1048/17 1049/17 1045/17
f 1049/17 1050/17 988/17 1045/17
f 1050/17 1049/17 1051/17 1053/17
f 1050/17 1053/17 1041/17 1043/17
f 1051/17 1049/17 1048/17 1052/17
f 1051/17 1052/17 1054/17 1055/17
f 1051/17 1055/17 1056/17 1053/17
f 1056/17 1039/17 1041/17 1053/17
f 1055/17 1054/17 1057/17 1058/17
f 1055/17 1058/17 1059/17 1056/17
f 1059/17 1037/17 1039/17 1056/17
f 1058/17 1057/17 1061/17 1060/17
f 1058/17 1060/17 1062/17 1059/17
f 1062/17 1035/17 1037/17 1059/17
f 1060/17 1061/17 1063/17 1064/17
f 1060/17 1064/17 1065/17 1062/17
f 1065/17 1033/17 1035/17 1062/17
f 1064/17 1063/17 1067/17 1066/17
f 1064/17 1066/17 1068/17 1065/17
f 1068/17 1031/17 1033/17 1065/17
f 1066/17 1067/17 1070/17 1069/17
f 1066/17 1069/17 1071/17 1068/17
f 1071/17 1029/17 1031/17 1068/17
f 1069/17 1070/17 1073/17 1072/17
f 1069/17 1072/17 1074/17 1071/17
f 1074/17 1027/17 1029/17 1071/17
f 1074/17 1072/17 1075/17 1077/17
f 1074/17 1077/17 1025/17 1027/17
f 1075/17 1072/17 1073/17 1076/17
f 1077/17 1075/17 1078/17 1080/17
f 1077/17 1080/17 1023/17 1025/17
f 1078/17 1075/17 1076/17 1079/17
f 1080/17 1078/17 538/17 311/17
f 1080/17 311/17 539/17 1023/17
f 539/17 1081/17 1022/17 1023/17
f 1082/17 1081/17 1084/17 1083/17
f 1082/17 1083/17 1086/17 1085/17
f 1086/17 1083/17 1088/17 1087/17
f 1086/17 954/17 955/17 1085/17
f 1086/17 1087/17 948/17 954/17
f 1088/17 1091/17 1090/17 1089/17
f 1088/17 1083/17 1084/17 1091/17
f 1088/17 1089/17 1092/17 1087/17
f 1092/17 1089/17 942/17 943/17
f 1092/17 946/17 948/17 1087/17
f 1092/17 943/17 944/17 946/17
f 1091/17 1094/17 1093/17 1090/17
f 1091/17 1084/17 540/17 1094/17
f 1094/17 1095/17 1096/17 1093/17
f 1094/17 540/17 538/17 1095/17
f 1095/17 1079/17 1097/17 1096/17
f 1095/17 538/17 1078/17 1079/17
f 1097/17 938/17 939/17 1096/17
f 1097/17 1098/17 937/17 938/17
f 1097/17 1079/17 1076/17 1098/17
f 1098/17 1099/17 936/17 937/17
f 1098/17 1076/17 1073/17 1099/17
f 1099/17 1100/17 935/17 936/17
f 1099/17 1073/17 1070/17 1100/17
f 1100/17 1101/17 934/17 935/17
f 1100/17 1070/17 1067/17 1101/17
f 1101/17 1102/17 933/17 934/17
f 1101/17 1067/17 1063/17 1102/17
f 1102/17 1103/17 932/17 933/17
f 1102/17 1063/17 1061/17 1103/17
f 1103/17 1104/17 931/17 932/17
f 1103/17 1061/17 1057/17 1104/17
f 1104/17 1105/17 930/17 931/17
f 1104/17 1057/17 1054/17 1105/17
f 1105/17 1106/17 929/17 930/17
f 1105/17 1054/17 1052/17 1106/17
f 1106/17 1107/17 928/17 929/17
f 1106/17 1052/17 1048/17 1107/17
f 1096/17 939/17 940/17 1093/17
f 1093/17 940/17 941/17 1090/17
f 1090/17 941/17 942/17 1089/17
f 1084/17 1081/17 539/17 540/17
f 1107/17 1047/17 927/17 928/17
f 954/17 948/17 949/17 951/17
f 925/17 985/17 923/17 924/17
f 858/17 1108/17 1109/17 857/17
f 858/17 566/17 567/17 1108/17
f 1108/17 1110/17 1111/17 1109/17
f 1108/17 567/17 568/17 1110/17
f 1110/17 1112/17 1113/17 1111/17
f 1110/17 568/17 569/17 1112/17
f 1112/17 1114/17 1115/17 1113/17
f 1112/17 569/17 570/17 1114/17
f 1114/17 1117/17 1116/17 1115/17
f 1114/17 570/17 571/17 1117/17
f 1117/17 1119/17 1118/17 1116/17
f 1117/17 571/17 572/17 1119/17
f 1119/17 1121/17 1120/17 1118/17
f 1119/17 572/17 573/17 1121/17
f 1121/17 1123/17 1122/17 1120/17
f 1121/17 573/17 574/17 1123/17
f 1123/17 1125/17 1124/17 1122/17
f 1123/17 574/17 575/17 1125/17
f 1125/17 1127/17 1126/17 1124/17
f 1125/17 575/17 576/17 1127/17
f 1127/17 1129/17 1128/17 1126/17
f 1127/17 576/17 577/17 1129/17
f 1129/17 1131/17 1130/17 1128/17
f 1129/17 577/17 578/17 1131/17
f 1131/17 1133/17 1132/17 1130/17
f 1131/17 578/17 579/17 1133/17
f 1133/17 1135/17 1134/17 1132/17
f 1133/17 579/17 580/17 1135/17
f 1135/17 1137/17 1136/17 1134/17
f 1135/17 580/17 581/17 1137/17
f 1137/17 1139/17 1138/17 1136/17
f 1137/17 581/17 582/17 1139/17
f 1139/17 1141/17 1140/17 1138/17
f 1139/17 582/17 583/17 1141/17
f 1141/17 1143/17 1142/17 1140/17
f 1141/17 583/17 584/17 1143/17
f 1143/17 1144/17 1145/17 1142/17
f 1143/17 584/17 585/17 1144/17
f 1144/17 1146/17 1147/17 1145/17
f 1144/17 585/17 586/17 1146/17
f 1146/17 1148/17 1149/17 1147/17
f 1146/17 586/17 587/17 1148/17
f 1148/17 1150/17 1151/17 1149/17
f 1148/17 587/17 588/17 1150/17
f 1150/17 1152/17 1153/17 1151/17
f 1150/17 588/17 589/17 1152/17
f 1152/17 1154/17 1155/17 1153/17
f 1152/17 589/17 590/17 1154/17
f 1154/17 1156/17 1157/17 1155/17
f 1154/17 590/17 591/17 1156/17
f 1156/17 1158/17 1159/17 1157/17
f 1156/17 591/17 592/17 1158/17
f 1158/17 1160/17 1161/17 1159/17
f 1158/17 592/17 593/17 1160/17
f 1160/17 1162/17 1163/17 1161/17
f 1160/17 593/17 594/17 1162/17
f 1162/17 1164/17 1165/17 1163/17
f 1162/17 594/17 595/17 1164/17
f 1164/17 1166/17 1167/17 1165/17
f 1164/17 595/17 596/17 1166/17
f 1166/17 1168/17 1169/17 1167/17
f 1166/17 596/17 597/17 1168/17
f 1168/17 1171/17 1170/17 1169/17
f 1168/17 597/17 598/17 1171/17
f 1171/17 1173/17 1172/17 1170/17
f 1171/17 598/17 599/17 1173/17
f 1173/17 1175/17 1174/17 1172/17
f 1173/17 599/17 600/17 1175/17
f 1175/17 1177/17 1176/17 1174/17
f 1175/17 600/17 601/17 1177/17
f 1177/17 1179/17 1178/17 1176/17
f 1177/17 601/17 602/17 1179/17
f 1179/17 1181/17 1180/17 1178/17
f 1179/17 602/17 603/17 1181/17
f 1181/17 1183/17 1182/17 1180/17
f 1181/17 603/17 604/17 1183/17
f 1183/17 1185/17 1184/17 1182/17
f 1183/17 604/17 605/17 1185/17
f 1185/17 1186/17 1187/17 1184/17
f 1185/17 605/17 606/17 1186/17
f 1186/17 369/17 370/17 1187/17
f 1186/17 606/17 373/17 369/17
f 1187/17 370/17 1189/17 1188/17
f 1189/17 1190/17 1977/17 1188/17
f 1189/17 1192/17 1191/17 1190/17
f 1189/17 370/17 371/17 1192/17
f 1192/17 1193/17 1194/17 1191/17
f 1192/17 371/17 376/17 1193/17
f 376/17 1196/17 1195/17 1193/17
f 376/17 377/17 1197/17 1196/17
f 1197/17 377/17 1199/17 1198/17
f 1197/17 1201/17 1200/17 1196/17
f 1197/17 1198/17 1202/17 1201/17
f 1202/17 1198/17 1204/17 1203/17
f 1202/17 1206/17 1205/17 1201/17
f 1202/17 1203/17 1207/17 1206/17
f 3894/17 3895/17 1296/17 1208/17
f 1207/17 1211/17 1209/17 1206/17
f 3893/17 3894/17 1208/17 1210/17
f 1210/17 1212/17 1214/17 1213/17
f 1214/17 1212/17 1216/17 1215/17
f 1214/17 1218/17 1217/17 1213/17
f 1214/17 1215/17 1219/17 1218/17
f 1219/17 1215/17 1221/17 1220/17
f 1219/17 1223/17 1222/17 1218/17
f 1219/17 1220/17 1224/17 1223/17
f 1224/17 1220/17 1226/17 1225/17
f 1224/17 1228/17 1227/17 1223/17
f 1224/17 1225/17 1229/17 1228/17
f 1229/17 1225/17 1231/17 1230/17
f 1229/17 1233/17 1232/17 1228/17
f 1229/17 1230/17 1234/17 1233/17
f 1234/17 1230/17 1236/17 1235/17
f 1234/17 1238/17 1237/17 1233/17
f 1234/17 1235/17 1239/17 1238/17
f 1239/17 1242/17 1241/17 1240/17
f 1239/17 1235/17 1243/17 1242/17
f 1239/17 1240/17 1244/17 1238/17
f 1244/17 1240/17 1246/17 1245/17
f 1244/17 1247/17 1237/17 1238/17
f 1244/17 1245/17 523/17 1247/17
f 1247/17 1249/17 1248/17 1237/17
f 1247/17 523/17 524/17 1249/17
f 1249/17 1251/17 1250/17 1248/17
f 1249/17 524/17 525/17 1251/17
f 1251/17 1253/17 1252/17 1250/17
f 1251/17 525/17 1254/17 1253/17
f 1254/17 1256/17 1255/17 1253/17
f 1254/17 1257/17 517/17 1256/17
f 1254/17 525/17 520/17 1257/17
f 1257/17 1258/17 516/17 517/17
f 1257/17 520/17 521/17 1258/17
f 1258/17 1259/17 1404/17 516/17
f 1258/17 521/17 1260/17 1259/17
f 1260/17 1262/17 1261/17 1259/17
f 1260/17 1264/17 1263/17 1262/17
f 1260/17 521/17 522/17 1264/17
f 1264/17 1245/17 1246/17 1263/17
f 1264/17 522/17 523/17 1245/17
f 1263/17 1266/17 1265/17 1262/17
f 1263/17 1246/17 1267/17 1266/17
f 1267/17 1269/17 1268/17 1266/17
f 1267/17 1241/17 1270/17 1269/17
f 1267/17 1246/17 1240/17 1241/17
f 1270/17 1272/17 1271/17 1269/17
f 1270/17 1274/17 1273/17 1272/17
f 1270/17 1241/17 1242/17 1274/17
f 1274/17 1276/17 1275/17 1273/17
f 1274/17 1242/17 1243/17 1276/17
f 1276/17 1278/17 1277/17 1275/17
f 1276/17 1243/17 1279/17 1278/17
f 1279/17 1281/17 1280/17 1278/17
f 1279/17 1236/17 1282/17 1281/17
f 1279/17 1243/17 1235/17 1236/17
f 1282/17 1284/17 1283/17 1281/17
f 1282/17 1231/17 1285/17 1284/17
f 1282/17 1236/17 1230/17 1231/17
f 1285/17 1287/17 1286/17 1284/17
f 1285/17 1226/17 1288/17 1287/17
f 1285/17 1231/17 1225/17 1226/17
f 1288/17 1290/17 1314/17 1287/17
f 1288/17 1221/17 1289/17 1290/17
f 1288/17 1226/17 1220/17 1221/17
f 1289/17 1221/17 1215/17 1216/17
f 1216/17 1292/17 1291/17 1289/17
f 1216/17 1212/17 1293/17 1292/17
f 1293/17 1295/17 1294/17 1292/17
f 1293/17 1208/17 1296/17 1295/17
f 1293/17 1212/17 1210/17 1208/17
f 1296/17 1298/17 1297/17 1295/17
f 1298/17 3896/17 3897/17 1302/17
f 1298/17 1296/17 3895/17 3896/17
f 1299/17 1204/17 1198/17 1199/17
f 3897/17 3898/17 1301/17 1302/17
f 1299/17 1199/17 374/17 1300/17
f 3898/17 3899/17 608/17 1301/17
f 1300/17 374/17 375/17 607/17
f 1302/17 1301/17 1304/17 1303/17
f 1303/17 1297/17 1298/17 1302/17
f 1303/17 368/17 1305/17 1297/17
f 1305/17 368/17 1307/17 1306/17
f 1305/17 1294/17 1295/17 1297/17
f 1305/17 1306/17 1308/17 1294/17
f 1308/17 1306/17 1310/17 1309/17
f 1308/17 1291/17 1292/17 1294/17
f 1308/17 1309/17 1311/17 1291/17
f 1311/17 1309/17 1313/17 1312/17
f 1311/17 1290/17 1289/17 1291/17
f 1311/17 1312/17 1314/17 1290/17
f 1314/17 1312/17 1316/17 1315/17
f 1315/17 1286/17 1287/17 1314/17
f 1315/17 1317/17 1318/17 1286/17
f 1318/17 1317/17 1320/17 1319/17
f 1318/17 1283/17 1284/17 1286/17
f 1318/17 1319/17 1321/17 1283/17
f 1321/17 1319/17 509/17 510/17
f 1321/17 1280/17 1281/17 1283/17
f 1321/17 510/17 1322/17 1280/17
f 1322/17 1324/17 1323/17 1277/17
f 1322/17 510/17 511/17 1324/17
f 1322/17 1277/17 1278/17 1280/17
f 1324/17 1325/17 1326/17 1323/17
f 1324/17 511/17 514/17 1325/17
f 514/17 1328/17 1327/17 1325/17
f 514/17 512/17 1329/17 1328/17
f 512/17 513/17 1330/17 1329/17
f 513/17 1320/17 1331/17 1330/17
f 1320/17 1317/17 1332/17 1331/17
f 1332/17 1334/17 1333/17 1331/17
f 1332/17 1316/17 1335/17 1334/17
f 1332/17 1317/17 1315/17 1316/17
f 1335/17 1337/17 1336/17 1334/17
f 1335/17 1313/17 1338/17 1337/17
f 1335/17 1316/17 1312/17 1313/17
f 1338/17 1340/17 1341/17 1337/17
f 1338/17 1310/17 1339/17 1340/17
f 1338/17 1313/17 1309/17 1310/17
f 1339/17 1310/17 1306/17 1307/17
f 1340/17 1343/17 1342/17 1341/17
f 1340/17 1339/17 364/17 1343/17
f 1343/17 1345/17 1344/17 1342/17
f 1343/17 364/17 367/17 1345/17
f 1345/17 1346/17 386/17 1344/17
f 1345/17 367/17 1347/17 1346/17
f 1347/17 1349/17 1348/17 1346/17
f 1347/17 1351/17 1350/17 1349/17
f 1347/17 367/17 365/17 1351/17
f 1351/17 610/17 611/17 1350/17
f 1351/17 365/17 366/17 610/17
f 1350/17 1353/17 1352/17 1349/17
f 1350/17 611/17 612/17 1353/17
f 1353/17 614/17 615/17 1352/17
f 1353/17 612/17 613/17 614/17
f 1352/17 1354/17 1348/17 1349/17
f 1352/17 615/17 616/17 1354/17
f 1354/17 384/17 385/17 1348/17
f 1354/17 616/17 617/17 384/17
f 1348/17 385/17 386/17 1346/17
f 1344/17 1356/17 1355/17 1342/17
f 1344/17 386/17 378/17 1356/17
f 1356/17 1358/17 1357/17 1355/17
f 1356/17 378/17 379/17 1358/17
f 1358/17 432/17 433/17 1357/17
f 1358/17 379/17 1359/17 432/17
f 1359/17 317/17 318/17 1360/17
f 1359/17 379/17 380/17 317/17
f 1359/17 1360/17 431/17 432/17
f 1360/17 318/17 319/17 1361/17
f 1360/17 1361/17 1362/17 431/17
f 319/17 1364/17 1363/17 1361/17
f 319/17 315/17 1365/17 1364/17
f 1365/17 315/17 1367/17 1366/17
f 1365/17 1369/17 1368/17 1364/17
f 1365/17 1366/17 1370/17 1369/17
f 1370/17 1366/17 1372/17 1371/17
f 1370/17 1374/17 1373/17 1369/17
f 1370/17 1371/17 1375/17 1374/17
f 1375/17 1371/17 1377/17 1376/17
f 1375/17 1382/17 1378/17 1374/17
f 1375/17 1376/17 1379/17 1382/17
f 1379/17 1376/17 1381/17 1380/17
f 1380/17 1385/17 1384/17 1379/17
f 1380/17 1383/17 1386/17 1385/17
f 1386/17 1383/17 1388/17 1387/17
f 1386/17 1390/17 1389/17 1385/17
f 1386/17 1387/17 1391/17 1390/17
f 1391/17 1387/17 1429/17 1392/17
f 1391/17 1394/17 1393/17 1390/17
f 1391/17 1392/17 1395/17 1394/17
f 1395/17 1397/17 1396/17 1394/17
f 1397/17 1395/17 3879/17 3880/17
f 1397/17 3880/17 3881/17 1400/17
f 1401/17 1398/17 1403/17 1402/17
f 3881/17 3882/17 1404/17 1400/17
f 1401/17 1402/17 1406/17 1405/17
f 1406/17 1402/17 1408/17 1407/17
f 1406/17 519/17 515/17 1405/17
f 1406/17 1407/17 1409/17 519/17
f 1409/17 1412/17 1411/17 1410/17
f 1409/17 1407/17 1413/17 1412/17
f 1409/17 1410/17 518/17 519/17
f 1413/17 1415/17 1414/17 1412/17
f 1413/17 1417/17 1416/17 1415/17
f 1413/17 1407/17 1408/17 1417/17
f 1417/17 1419/17 1418/17 1416/17
f 1417/17 1408/17 1420/17 1419/17
f 1420/17 1422/17 1421/17 1419/17
f 1420/17 1403/17 1423/17 1422/17
f 1420/17 1408/17 1402/17 1403/17
f 1423/17 1425/17 1424/17 1422/17
f 1423/17 1399/17 1426/17 1425/17
f 1423/17 1403/17 1398/17 1399/17
f 1426/17 1428/17 1427/17 1425/17
f 3877/17 3878/17 1392/17 1429/17
f 3878/17 3879/17 1395/17 1392/17
f 1429/17 1431/17 3876/17 3877/17
f 1431/17 1429/17 1387/17 1388/17
f 1388/17 1432/17 2039/17 1431/17
f 1388/17 1383/17 1433/17 1432/17
f 1433/17 1435/17 1434/17 1432/17
f 1433/17 1381/17 1436/17 1435/17
f 1433/17 1383/17 1380/17 1381/17
f 1436/17 1438/17 1437/17 1435/17
f 1436/17 1377/17 1439/17 1438/17
f 1436/17 1381/17 1376/17 1377/17
f 1439/17 1442/17 1440/17 1438/17
f 1439/17 1372/17 1441/17 1442/17
f 1439/17 1377/17 1371/17 1372/17
f 1441/17 1372/17 1366/17 1367/17
f 1441/17 1444/17 1443/17 1442/17
f 1441/17 1367/17 312/17 1444/17
f 1444/17 1446/17 1445/17 1443/17
f 1444/17 312/17 313/17 1446/17
f 1446/17 1449/17 1447/17 1445/17
f 1446/17 313/17 1448/17 1449/17
f 1448/17 313/17 314/17 1450/17
f 1450/17 314/17 320/17 1451/17
f 1451/17 320/17 1453/17 1452/17
f 1453/17 1454/17 2067/17 1452/17
f 1453/17 387/17 381/17 1454/17
f 1453/17 320/17 316/17 387/17
f 1454/17 1455/17 1460/17 2067/17
f 1454/17 381/17 382/17 1455/17
f 1455/17 1457/17 1456/17 1460/17
f 1455/17 382/17 1458/17 1457/17
f 1458/17 34/17 59/17 1457/17
f 1458/17 1459/17 49/17 34/17
f 1458/17 382/17 383/17 1459/17
f 1459/17 617/17 32/17 49/17
f 1459/17 383/17 384/17 617/17
f 1457/17 59/17 526/17 1456/17
f 1456/17 1462/17 1461/17 1460/17
f 1456/17 526/17 1463/17 1462/17
f 1463/17 1465/17 1464/17 1462/17
f 1463/17 35/17 86/17 1465/17
f 1463/17 526/17 82/17 35/17
f 1465/17 1467/17 1466/17 1464/17
f 1465/17 86/17 335/17 1467/17
f 1467/17 1469/17 1468/17 1466/17
f 1467/17 335/17 346/17 1469/17
f 1469/17 1471/17 1470/17 1468/17
f 1469/17 346/17 344/17 1471/17
f 1471/17 1473/17 1472/17 1470/17
f 1471/17 344/17 345/17 1473/17
f 1473/17 1475/17 1474/17 1472/17
f 1473/17 345/17 1476/17 1475/17
f 1476/17 1478/17 1477/17 1475/17
f 1476/17 397/17 360/17 1478/17
f 1476/17 345/17 340/17 397/17
f 1478/17 1479/17 1480/17 1477/17
f 1478/17 360/17 357/17 1479/17
f 357/17 1482/17 1481/17 1479/17
f 357/17 282/17 1483/17 1482/17
f 282/17 354/17 1484/17 1483/17
f 354/17 1486/17 1485/17 1484/17
f 1486/17 1489/17 1488/17 1487/17
f 1486/17 354/17 355/17 1489/17
f 1489/17 1493/17 1490/17 1488/17
f 1489/17 355/17 1491/17 1493/17
f 1491/17 355/17 356/17 1492/17
f 1492/17 1499/17 1495/17 1491/17
f 1492/17 1494/17 1496/17 1499/17
f 1496/17 1494/17 1498/17 1497/17
f 1497/17 1505/17 1501/17 1496/17
f 3672/17 3673/17 1500/17 1502/17
f 1502/17 1500/17 1504/17 1503/17
f 1502/17 691/17 3671/17 3672/17
f 1502/17 1503/17 689/17 691/17
f 1506/17 1507/17 1501/17 1505/17
f 1506/17 1509/17 1508/17 1507/17
f 3670/17 3671/17 691/17 692/17
f 1509/17 695/17 696/17 1508/17
f 3669/17 3670/17 692/17 693/17
f 1508/17 1511/17 1510/17 1507/17
f 1508/17 696/17 697/17 1511/17
f 1511/17 1513/17 1512/17 1510/17
f 1511/17 697/17 698/17 1513/17
f 1513/17 1515/17 1514/17 1512/17
f 1513/17 698/17 699/17 1515/17
f 1515/17 702/17 704/17 1514/17
f 1515/17 699/17 700/17 702/17
f 1514/17 1518/17 1516/17 1512/17
f 1514/17 704/17 1517/17 1518/17
f 1517/17 704/17 705/17 707/17
f 707/17 1521/17 1519/17 1517/17
f 707/17 708/17 1520/17 1521/17
f 708/17 710/17 711/17 1520/17
f 1520/17 1522/17 1523/17 1521/17
f 1520/17 711/17 712/17 1522/17
f 1522/17 1525/17 1524/17 1523/17
f 1522/17 712/17 713/17 1525/17
f 1525/17 1526/17 1527/17 1524/17
f 1525/17 713/17 714/17 1526/17
f 1526/17 1528/17 1529/17 1527/17
f 1526/17 714/17 715/17 1528/17
f 1528/17 1530/17 1531/17 1529/17
f 1528/17 715/17 716/17 1530/17
f 1530/17 1532/17 1533/17 1531/17
f 1530/17 716/17 717/17 1532/17
f 1532/17 1534/17 1535/17 1533/17
f 1532/17 717/17 718/17 1534/17
f 1534/17 1536/17 1537/17 1535/17
f 1534/17 718/17 719/17 1536/17
f 1536/17 1538/17 1539/17 1537/17
f 1536/17 719/17 720/17 1538/17
f 1538/17 1540/17 1541/17 1539/17
f 1538/17 720/17 721/17 1540/17
f 3831/17 3832/17 1542/17 1543/17
f 3832/17 3833/17 722/17 1542/17
f 1542/17 1544/17 1545/17 1543/17
f 1542/17 722/17 723/17 1544/17
f 1544/17 1546/17 1547/17 1545/17
f 1544/17 723/17 724/17 1546/17
f 1546/17 1549/17 1548/17 1547/17
f 1546/17 724/17 725/17 1549/17
f 1549/17 1551/17 1550/17 1548/17
f 1549/17 725/17 726/17 1551/17
f 1551/17 1553/17 1552/17 1550/17
f 1551/17 726/17 727/17 1553/17
f 1553/17 1555/17 1554/17 1552/17
f 1553/17 727/17 728/17 1555/17
f 1555/17 1557/17 1556/17 1554/17
f 1555/17 728/17 729/17 1557/17
f 1557/17 422/17 417/17 1556/17
f 1557/17 729/17 730/17 422/17
f 1556/17 1559/17 1558/17 1554/17
f 1556/17 417/17 418/17 1559/17
f 1559/17 1561/17 1560/17 1558/17
f 1559/17 418/17 1562/17 1561/17
f 1562/17 1564/17 1563/17 1561/17
f 1562/17 1566/17 1565/17 1564/17
f 1562/17 418/17 419/17 1566/17
f 1566/17 1568/17 1567/17 1565/17
f 1566/17 419/17 420/17 1568/17
f 1568/17 1570/17 1569/17 1567/17
f 1568/17 420/17 1571/17 1570/17
f 1571/17 420/17 424/17 1572/17
f 1571/17 1574/17 1573/17 1570/17
f 1571/17 1572/17 1575/17 1574/17
f 1575/17 1577/17 1576/17 1574/17
f 1577/17 1575/17 3841/17 3842/17
f 1577/17 3842/17 3843/17 1579/17
f 3843/17 3844/17 1581/17 1579/17
f 1582/17 1580/17 1708/17 1583/17
f 1582/17 1583/17 1585/17 1584/17
f 1585/17 1587/17 1586/17 1584/17
f 1587/17 1585/17 1706/17 1705/17
f 1587/17 1705/17 1589/17 1588/17
f 1589/17 1591/17 1590/17 1588/17
f 1592/17 1704/17 1594/17 1593/17
f 1597/17 1596/17 1703/17 1702/17
f 1597/17 1702/17 1599/17 1598/17
f 1599/17 1601/17 1600/17 1598/17
f 1603/17 1602/17 1699/17 1604/17
f 1603/17 1604/17 1606/17 1605/17
f 1606/17 1607/17 1940/17 1605/17
f 1607/17 1606/17 1609/17 1608/17
f 1607/17 1608/17 1611/17 1610/17
f 1611/17 1145/17 1147/17 1610/17
f 1608/17 1609/17 1613/17 1612/17
f 1608/17 1612/17 1614/17 1611/17
f 1614/17 1612/17 1616/17 1615/17
f 1614/17 1142/17 1145/17 1611/17
f 1614/17 1615/17 1140/17 1142/17
f 1616/17 1619/17 1618/17 1617/17
f 1616/17 1612/17 1613/17 1619/17
f 1616/17 1617/17 1620/17 1615/17
f 1620/17 1617/17 1622/17 1621/17
f 1620/17 1138/17 1140/17 1615/17
f 1620/17 1621/17 1136/17 1138/17
f 1622/17 1625/17 1624/17 1623/17
f 1622/17 1617/17 1618/17 1625/17
f 1622/17 1623/17 1626/17 1621/17
f 1626/17 1623/17 1628/17 1627/17
f 1626/17 1134/17 1136/17 1621/17
f 1626/17 1627/17 1132/17 1134/17
f 1628/17 1631/17 1630/17 1629/17
f 1628/17 1623/17 1624/17 1631/17
f 1628/17 1629/17 1632/17 1627/17
f 1632/17 1629/17 1634/17 1633/17
f 1632/17 1130/17 1132/17 1627/17
f 1632/17 1633/17 1128/17 1130/17
f 1634/17 1637/17 1636/17 1635/17
f 1634/17 1629/17 1630/17 1637/17
f 1634/17 1635/17 1638/17 1633/17
f 1638/17 1635/17 1640/17 1639/17
f 1638/17 1126/17 1128/17 1633/17
f 1638/17 1639/17 1124/17 1126/17
f 1640/17 1643/17 1642/17 1641/17
f 1640/17 1635/17 1636/17 1643/17
f 1640/17 1641/17 1644/17 1639/17
f 1644/17 1641/17 1646/17 1645/17
f 1644/17 1122/17 1124/17 1639/17
f 1644/17 1645/17 1120/17 1122/17
f 1646/17 1649/17 1648/17 1647/17
f 1646/17 1641/17 1642/17 1649/17
f 1646/17 1647/17 1650/17 1645/17
f 1650/17 1647/17 1652/17 1651/17
f 1650/17 1118/17 1120/17 1645/17
f 1650/17 1651/17 1116/17 1118/17
f 1652/17 1655/17 1654/17 1653/17
f 1652/17 1647/17 1648/17 1655/17
f 1652/17 1653/17 1656/17 1651/17
f 1656/17 1115/17 1116/17 1651/17
f 1656/17 1653/17 1657/17 1659/17
f 1656/17 1659/17 1113/17 1115/17
f 1657/17 1653/17 1654/17 1658/17
f 1659/17 1657/17 1660/17 1662/17
f 1659/17 1662/17 1111/17 1113/17
f 1660/17 1657/17 1658/17 1661/17
f 1660/17 1661/17 852/17 853/17
f 1660/17 853/17 855/17 1662/17
f 855/17 1109/17 1111/17 1662/17
f 1661/17 1663/17 851/17 852/17
f 1663/17 1665/17 1666/17 1664/17
f 1663/17 1661/17 1658/17 1665/17
f 1665/17 1667/17 1668/17 1666/17
f 1665/17 1658/17 1654/17 1667/17
f 1667/17 1670/17 1669/17 1668/17
f 1667/17 1654/17 1655/17 1670/17
f 1670/17 1672/17 1671/17 1669/17
f 1670/17 1655/17 1648/17 1672/17
f 1672/17 1674/17 1673/17 1671/17
f 1672/17 1648/17 1649/17 1674/17
f 1674/17 1676/17 1675/17 1673/17
f 1674/17 1649/17 1642/17 1676/17
f 1676/17 1678/17 1677/17 1675/17
f 1676/17 1642/17 1643/17 1678/17
f 1678/17 1680/17 1679/17 1677/17
f 1678/17 1643/17 1636/17 1680/17
f 1680/17 1682/17 1681/17 1679/17
f 1680/17 1636/17 1637/17 1682/17
f 1682/17 1684/17 1683/17 1681/17
f 1682/17 1637/17 1630/17 1684/17
f 1684/17 1686/17 1685/17 1683/17
f 1684/17 1630/17 1631/17 1686/17
f 1686/17 1688/17 1687/17 1685/17
f 1686/17 1631/17 1624/17 1688/17
f 1688/17 1690/17 1689/17 1687/17
f 1688/17 1624/17 1625/17 1690/17
f 1690/17 1692/17 1691/17 1689/17
f 1690/17 1625/17 1618/17 1692/17
f 1692/17 1694/17 1693/17 1691/17
f 1692/17 1618/17 1619/17 1694/17
f 1694/17 1696/17 1695/17 1693/17
f 1694/17 1619/17 1613/17 1696/17
f 1696/17 1697/17 1698/17 1695/17
f 1696/17 1613/17 1609/17 1697/17
f 1697/17 1604/17 1699/17 1698/17
f 1697/17 1609/17 1606/17 1604/17
f 1699/17 1700/17 1735/17 1698/17
f 1700/17 1601/17 1599/17 1701/17
f 1700/17 1699/17 1602/17 1601/17
f 1599/17 1702/17 1732/17 1701/17
f 3806/17 3807/17 1595/17 1728/17
f 1726/17 1591/17 1589/17 1725/17
f 1726/17 1704/17 1592/17 1591/17
f 1589/17 1705/17 1806/17 1725/17
f 1707/17 1583/17 1708/17 1723/17
f 1707/17 1706/17 1585/17 1583/17
f 1708/17 1709/17 1722/17 1723/17
f 1709/17 1578/17 1711/17 1710/17
f 1709/17 1708/17 1580/17 1578/17
f 1711/17 1712/17 1719/17 1710/17
f 3839/17 3840/17 1572/17 424/17
f 3840/17 3841/17 1575/17 1572/17
f 3838/17 3839/17 424/17 423/17
f 3837/17 3838/17 423/17 421/17
f 3836/17 3837/17 421/17 731/17
f 1715/17 732/17 733/17 1716/17
f 1715/17 1716/17 1717/17 1714/17
f 1717/17 1718/17 1713/17 1714/17
f 1718/17 1717/17 1811/17 1810/17
f 1718/17 1810/17 1720/17 1719/17
f 1720/17 1721/17 1710/17 1719/17
f 1723/17 1722/17 1809/17 1808/17
f 1723/17 1808/17 1807/17 1707/17
f 1807/17 1724/17 1706/17 1707/17
f 1704/17 1804/17 1727/17 1594/17
f 1728/17 1729/17 3805/17 3806/17
f 1730/17 1731/17 1733/17 1732/17
f 1733/17 1734/17 1701/17 1732/17
f 1734/17 1733/17 478/17 479/17
f 1734/17 479/17 1736/17 1735/17
f 1736/17 479/17 473/17 1737/17
f 1736/17 1695/17 1698/17 1735/17
f 1736/17 1737/17 1693/17 1695/17
f 1737/17 473/17 474/17 1738/17
f 1737/17 1738/17 1691/17 1693/17
f 1738/17 474/17 1740/17 1739/17
f 1738/17 1739/17 1689/17 1691/17
f 1740/17 1743/17 1742/17 1741/17
f 1740/17 474/17 475/17 1743/17
f 1740/17 1741/17 1744/17 1739/17
f 1744/17 1741/17 1746/17 1745/17
f 1744/17 1687/17 1689/17 1739/17
f 1744/17 1745/17 1685/17 1687/17
f 1746/17 1749/17 1748/17 1747/17
f 1746/17 1741/17 1742/17 1749/17
f 1746/17 1747/17 1750/17 1745/17
f 1750/17 1747/17 1752/17 1751/17
f 1750/17 1683/17 1685/17 1745/17
f 1750/17 1751/17 1681/17 1683/17
f 1752/17 1755/17 1754/17 1753/17
f 1752/17 1747/17 1748/17 1755/17
f 1752/17 1753/17 1756/17 1751/17
f 1756/17 1753/17 1758/17 1757/17
f 1756/17 1679/17 1681/17 1751/17
f 1756/17 1757/17 1677/17 1679/17
f 1758/17 1761/17 1760/17 1759/17
f 1758/17 1753/17 1754/17 1761/17
f 1758/17 1759/17 1762/17 1757/17
f 1762/17 1759/17 1764/17 1763/17
f 1762/17 1675/17 1677/17 1757/17
f 1762/17 1763/17 1673/17 1675/17
f 1764/17 330/17 321/17 1765/17
f 1764/17 1759/17 1760/17 330/17
f 1764/17 1765/17 1766/17 1763/17
f 1766/17 1765/17 1768/17 1767/17
f 1766/17 1671/17 1673/17 1763/17
f 1766/17 1767/17 1669/17 1671/17
f 1768/17 322/17 1770/17 1769/17
f 1768/17 1765/17 321/17 322/17
f 1768/17 1769/17 1771/17 1767/17
f 1771/17 1668/17 1669/17 1767/17
f 1771/17 1769/17 1772/17 1774/17
f 1771/17 1774/17 1666/17 1668/17
f 1772/17 1769/17 1770/17 1773/17
f 1774/17 1772/17 847/17 848/17
f 1774/17 848/17 1664/17 1666/17
f 1773/17 1770/17 1775/17 844/17
f 1775/17 1776/17 842/17 844/17
f 1775/17 323/17 329/17 1776/17
f 1775/17 1770/17 322/17 323/17
f 1776/17 329/17 1778/17 1777/17
f 1778/17 1779/17 839/17 1777/17
f 1778/17 1780/17 828/17 1779/17
f 1778/17 329/17 324/17 1780/17
f 1780/17 823/17 824/17 828/17
f 1780/17 324/17 325/17 823/17
f 1779/17 833/17 838/17 839/17
f 1779/17 828/17 829/17 833/17
f 1772/17 1773/17 846/17 847/17
f 1761/17 1782/17 1781/17 1760/17
f 1761/17 1754/17 1783/17 1782/17
f 1783/17 1785/17 1784/17 1782/17
f 1783/17 1787/17 1786/17 1785/17
f 1783/17 1754/17 1755/17 1787/17
f 1787/17 1789/17 1788/17 1786/17
f 1787/17 1755/17 1748/17 1789/17
f 1789/17 1791/17 1790/17 1788/17
f 1789/17 1748/17 1749/17 1791/17
f 1791/17 1793/17 1792/17 1790/17
f 1791/17 1749/17 1742/17 1793/17
f 1793/17 1795/17 1794/17 1792/17
f 1793/17 1742/17 1743/17 1795/17
f 1795/17 1797/17 1796/17 1794/17
f 1795/17 1743/17 475/17 1797/17
f 1797/17 1799/17 1798/17 1796/17
f 1797/17 475/17 301/17 1799/17
f 1799/17 1800/17 1801/17 1798/17
f 1799/17 301/17 476/17 1800/17
f 3801/17 3802/17 1824/17 1827/17
f 3802/17 3803/17 1823/17 1824/17
f 3803/17 3804/17 1802/17 1823/17
f 1802/17 3804/17 3805/17 1729/17
f 1729/17 1803/17 1821/17 1802/17
f 1803/17 1729/17 1728/17 1727/17
f 1727/17 1804/17 1819/17 1803/17
f 1805/17 1726/17 1725/17 1817/17
f 1805/17 1804/17 1704/17 1726/17
f 1725/17 1806/17 1816/17 1817/17
f 1814/17 1721/17 1720/17 1884/17
f 1814/17 1809/17 1722/17 1721/17
f 1720/17 1810/17 1813/17 1884/17
f 1812/17 1716/17 733/17 734/17
f 1812/17 1811/17 1717/17 1716/17
f 1812/17 734/17 735/17 1886/17
f 1812/17 1886/17 1885/17 1811/17
f 1885/17 1813/17 1810/17 1811/17
f 1807/17 1808/17 1882/17 1881/17
f 1807/17 1881/17 1815/17 1724/17
f 1815/17 1816/17 1806/17 1724/17
f 1805/17 1817/17 1878/17 1818/17
f 1805/17 1818/17 1819/17 1804/17
f 1819/17 1820/17 1821/17 1803/17
f 1821/17 1822/17 1823/17 1802/17
f 1823/17 1822/17 1825/17 1824/17
f 1825/17 1826/17 1827/17 1824/17
f 1827/17 1826/17 1829/17 1828/17
f 1828/17 3800/17 3801/17 1827/17
f 1828/17 1830/17 3799/17 3800/17
f 3798/17 3799/17 1830/17 1833/17
f 1833/17 1834/17 3797/17 3798/17
f 3796/17 3797/17 1834/17 1837/17
f 1836/17 1839/17 472/17 1835/17
f 1836/17 1838/17 1840/17 1839/17
f 1840/17 1838/17 1842/17 1841/17
f 1840/17 1844/17 1843/17 1839/17
f 1840/17 1841/17 1845/17 1844/17
f 1845/17 1841/17 1847/17 1846/17
f 1845/17 1790/17 1792/17 1844/17
f 1845/17 1846/17 1788/17 1790/17
f 1847/17 1850/17 1849/17 1848/17
f 1847/17 1841/17 1842/17 1850/17
f 1847/17 1848/17 1851/17 1846/17
f 1851/17 1848/17 1853/17 1852/17
f 1851/17 1786/17 1788/17 1846/17
f 1851/17 1852/17 1785/17 1786/17
f 1853/17 1856/17 1855/17 1854/17
f 1853/17 1848/17 1849/17 1856/17
f 1853/17 1854/17 1857/17 1852/17
f 1857/17 1854/17 1859/17 1858/17
f 1857/17 1784/17 1785/17 1852/17
f 1857/17 1858/17 1860/17 1784/17
f 1860/17 1858/17 1861/17 327/17
f 1860/17 1781/17 1782/17 1784/17
f 1860/17 327/17 328/17 1781/17
f 1861/17 1863/17 813/17 1862/17
f 1861/17 1858/17 1859/17 1863/17
f 1861/17 1862/17 326/17 327/17
f 1863/17 811/17 808/17 813/17
f 1863/17 1859/17 1864/17 811/17
f 1864/17 1859/17 1854/17 1855/17
f 3789/17 3790/17 806/17 803/17
f 3790/17 3791/17 802/17 806/17
f 3791/17 3792/17 1919/17 802/17
f 3792/17 3793/17 1918/17 1919/17
f 3793/17 3794/17 1866/17 1918/17
f 3794/17 3795/17 1865/17 1866/17
f 1865/17 3795/17 3796/17 1837/17
f 1837/17 1868/17 1916/17 1865/17
f 1837/17 1834/17 1867/17 1868/17
f 1867/17 1834/17 1833/17 1869/17
f 1869/17 1833/17 1830/17 1870/17
f 1870/17 1830/17 1828/17 1829/17
f 1829/17 1872/17 1910/17 1870/17
f 1829/17 1826/17 1871/17 1872/17
f 1871/17 1826/17 1825/17 1873/17
f 1873/17 1825/17 1822/17 1874/17
f 1874/17 1822/17 1821/17 1820/17
f 1820/17 1876/17 1875/17 1874/17
f 1876/17 1818/17 1878/17 1877/17
f 1876/17 1820/17 1819/17 1818/17
f 1878/17 1879/17 1895/17 1877/17
f 1879/17 1816/17 1815/17 1880/17
f 1879/17 1878/17 1817/17 1816/17
f 1815/17 1881/17 1892/17 1880/17
f 1883/17 1809/17 1814/17 1889/17
f 1883/17 1882/17 1808/17 1809/17
f 1814/17 1884/17 1888/17 1889/17
f 1885/17 1886/17 1938/17 1937/17
f 1885/17 1937/17 1887/17 1813/17
f 1887/17 1888/17 1884/17 1813/17
f 1883/17 1889/17 1934/17 1890/17
f 1883/17 1890/17 1891/17 1882/17
f 1891/17 1892/17 1881/17 1882/17
f 1892/17 1891/17 1930/17 1893/17
f 1892/17 1893/17 1894/17 1880/17
f 1894/17 1895/17 1879/17 1880/17
f 1895/17 1894/17 1897/17 1896/17
f 1895/17 1896/17 1898/17 1877/17
f 1898/17 1896/17 1900/17 1899/17
f 1898/17 1875/17 1876/17 1877/17
f 1898/17 1899/17 1901/17 1875/17
f 1901/17 1899/17 1903/17 1902/17
f 1901/17 1873/17 1874/17 1875/17
f 1901/17 1902/17 1871/17 1873/17
f 1903/17 1906/17 1905/17 1904/17
f 1903/17 1899/17 1900/17 1906/17
f 1903/17 1904/17 1907/17 1902/17
f 1907/17 1904/17 1909/17 1908/17
f 1907/17 1872/17 1871/17 1902/17
f 1907/17 1908/17 1910/17 1872/17
f 1910/17 1908/17 1912/17 1911/17
f 1911/17 1869/17 1870/17 1910/17
f 1911/17 1913/17 1867/17 1869/17
f 1913/17 1915/17 785/17 1914/17
f 1913/17 1911/17 1912/17 1915/17
f 1914/17 1868/17 1867/17 1913/17
f 1914/17 790/17 1916/17 1868/17
f 1916/17 790/17 794/17 1917/17
f 1917/17 1866/17 1865/17 1916/17
f 1917/17 796/17 1918/17 1866/17
f 1918/17 796/17 800/17 1919/17
f 1919/17 800/17 797/17 802/17
f 1917/17 794/17 791/17 796/17
f 1915/17 780/17 781/17 785/17
f 1915/17 1912/17 1920/17 780/17
f 1920/17 775/17 776/17 780/17
f 1920/17 1909/17 1921/17 775/17
f 1920/17 1912/17 1908/17 1909/17
f 1921/17 770/17 771/17 775/17
f 1921/17 1905/17 1922/17 770/17
f 1921/17 1909/17 1904/17 1905/17
f 1922/17 765/17 766/17 770/17
f 1922/17 1924/17 1923/17 765/17
f 1922/17 1905/17 1906/17 1924/17
f 1924/17 1926/17 1925/17 1923/17
f 1924/17 1906/17 1900/17 1926/17
f 1926/17 1897/17 1927/17 1925/17
f 1926/17 1900/17 1896/17 1897/17
f 1927/17 1929/17 1928/17 1925/17
f 1927/17 1893/17 1930/17 1929/17
f 1927/17 1897/17 1894/17 1893/17
f 1930/17 1932/17 1931/17 1929/17
f 1932/17 1890/17 1934/17 1933/17
f 1932/17 1930/17 1891/17 1890/17
f 1934/17 1935/17 746/17 1933/17
f 1935/17 1888/17 1887/17 1936/17
f 1935/17 1934/17 1889/17 1888/17
f 1887/17 1937/17 739/17 1936/17
f 1938/17 736/17 737/17 738/17
f 1938/17 738/17 739/17 1937/17
f 1936/17 739/17 740/17 742/17
f 1936/17 742/17 746/17 1935/17
f 1933/17 746/17 747/17 751/17
f 1933/17 751/17 1931/17 1932/17
f 1931/17 751/17 752/17 756/17
f 1931/17 756/17 1928/17 1929/17
f 1928/17 756/17 757/17 761/17
f 1928/17 761/17 1923/17 1925/17
f 1923/17 761/17 762/17 765/17
f 1914/17 785/17 786/17 790/17
f 1938/17 1886/17 735/17 736/17
f 1862/17 813/17 814/17 818/17
f 1862/17 818/17 325/17 326/17
f 1844/17 1792/17 1794/17 1843/17
f 1843/17 471/17 472/17 1839/17
f 1843/17 1794/17 1796/17 471/17
f 1801/17 1831/17 470/17 1798/17
f 1798/17 470/17 471/17 1796/17
f 1781/17 328/17 330/17 1760/17
f 1734/17 1735/17 1700/17 1701/17
f 1731/17 477/17 478/17 1733/17
f 1730/17 1732/17 1702/17 1703/17
f 1727/17 1728/17 1595/17 1594/17
f 1724/17 1806/17 1705/17 1706/17
f 1721/17 1722/17 1709/17 1710/17
f 1718/17 1719/17 1712/17 1713/17
f 1663/17 1664/17 850/17 851/17
f 1610/17 1939/17 1940/17 1607/17
f 1610/17 1147/17 1149/17 1939/17
f 1939/17 1941/17 1942/17 1940/17
f 1939/17 1149/17 1151/17 1941/17
f 1941/17 1943/17 1944/17 1942/17
f 1941/17 1151/17 1153/17 1943/17
f 1943/17 1945/17 1946/17 1944/17
f 1943/17 1153/17 1155/17 1945/17
f 1945/17 1947/17 1948/17 1946/17
f 1945/17 1155/17 1157/17 1947/17
f 1947/17 1949/17 1950/17 1948/17
f 1947/17 1157/17 1159/17 1949/17
f 1949/17 1951/17 1952/17 1950/17
f 1949/17 1159/17 1161/17 1951/17
f 1951/17 1953/17 1954/17 1952/17
f 1951/17 1161/17 1163/17 1953/17
f 1953/17 1955/17 1956/17 1954/17
f 1953/17 1163/17 1165/17 1955/17
f 1955/17 1957/17 1958/17 1956/17
f 1955/17 1165/17 1167/17 1957/17
f 1957/17 1959/17 1960/17 1958/17
f 1957/17 1167/17 1169/17 1959/17
f 1959/17 1962/17 1961/17 1960/17
f 1959/17 1169/17 1170/17 1962/17
f 1962/17 1964/17 1963/17 1961/17
f 1962/17 1170/17 1172/17 1964/17
f 1964/17 1966/17 1965/17 1963/17
f 1964/17 1172/17 1174/17 1966/17
f 1966/17 1968/17 1967/17 1965/17
f 1966/17 1174/17 1176/17 1968/17
f 1968/17 1970/17 1969/17 1967/17
f 1968/17 1176/17 1178/17 1970/17
f 1970/17 1972/17 1971/17 1969/17
f 1970/17 1178/17 1180/17 1972/17
f 1972/17 1974/17 1973/17 1971/17
f 1972/17 1180/17 1182/17 1974/17
f 1974/17 1976/17 1975/17 1973/17
f 1974/17 1182/17 1184/17 1976/17
f 1976/17 1188/17 1977/17 1975/17
f 1976/17 1184/17 1187/17 1188/17
f 1977/17 1979/17 1978/17 1975/17
f 1979/17 1982/17 1981/17 1980/17
f 1979/17 1977/17 1190/17 1982/17
f 1982/17 1984/17 1983/17 1981/17
f 1982/17 1190/17 1191/17 1984/17
f 1984/17 1985/17 1986/17 1983/17
f 1984/17 1191/17 1194/17 1985/17
f 1985/17 1988/17 1987/17 1986/17
f 1985/17 1194/17 1989/17 1988/17
f 1989/17 1194/17 1193/17 1195/17
f 1989/17 1991/17 1990/17 1988/17
f 1989/17 1195/17 1992/17 1991/17
f 1992/17 1195/17 1196/17 1200/17
f 1992/17 1994/17 1993/17 1991/17
f 1992/17 1200/17 1995/17 1994/17
f 1995/17 1200/17 1201/17 1205/17
f 1995/17 1998/17 1996/17 1994/17
f 1995/17 1205/17 1997/17 1998/17
f 1997/17 1205/17 1206/17 1209/17
f 1209/17 2000/17 1999/17 1997/17
f 1209/17 1211/17 2001/17 2000/17
f 3892/17 3893/17 1210/17 1213/17
f 2001/17 2003/17 2002/17 2000/17
f 3891/17 3892/17 1213/17 1217/17
f 1217/17 2005/17 3890/17 3891/17
f 2005/17 1217/17 1218/17 1222/17
f 2005/17 1222/17 2007/17 2006/17
f 2007/17 1222/17 1223/17 1227/17
f 2007/17 2008/17 2011/17 2006/17
f 2007/17 1227/17 2009/17 2008/17
f 2009/17 1227/17 1228/17 1232/17
f 2009/17 1250/17 1252/17 2008/17
f 2009/17 1232/17 1248/17 1250/17
f 2008/17 1252/17 2010/17 2011/17
f 2010/17 1252/17 1253/17 1255/17
f 1255/17 3886/17 3887/17 2010/17
f 1255/17 1256/17 3885/17 3886/17
f 2010/17 3887/17 3888/17 2011/17
f 3888/17 3889/17 2006/17 2011/17
f 2012/17 1414/17 2014/17 2013/17
f 2012/17 1411/17 1412/17 1414/17
f 2014/17 2015/17 2004/17 2013/17
f 2014/17 2017/17 2016/17 2015/17
f 2014/17 1414/17 1415/17 2017/17
f 2017/17 2019/17 2018/17 2016/17
f 2017/17 1415/17 1416/17 2019/17
f 2019/17 506/17 507/17 2018/17
f 2019/17 1416/17 1418/17 506/17
f 2018/17 2021/17 2020/17 2016/17
f 2018/17 507/17 508/17 2021/17
f 2021/17 2022/17 1999/17 2020/17
f 2021/17 508/17 2023/17 2022/17
f 2023/17 1996/17 1998/17 2022/17
f 2023/17 2024/17 2206/17 1996/17
f 2023/17 508/17 503/17 2024/17
f 2024/17 2026/17 2025/17 2206/17
f 2024/17 503/17 504/17 2026/17
f 2026/17 2028/17 2027/17 2025/17
f 2026/17 504/17 2029/17 2028/17
f 2029/17 2031/17 2030/17 2028/17
f 2029/17 2032/17 1421/17 2031/17
f 2029/17 504/17 505/17 2032/17
f 2032/17 1418/17 1419/17 1421/17
f 2032/17 505/17 506/17 1418/17
f 2031/17 1424/17 2033/17 2030/17
f 2031/17 1421/17 1422/17 1424/17
f 2033/17 2036/17 2034/17 2030/17
f 2033/17 1427/17 2035/17 2036/17
f 2033/17 1424/17 1425/17 1427/17
f 2035/17 1427/17 1428/17 1430/17
f 1430/17 2038/17 2037/17 2035/17
f 3875/17 3876/17 1431/17 2039/17
f 2039/17 2041/17 3874/17 3875/17
f 2041/17 1434/17 2043/17 2042/17
f 2041/17 2039/17 1432/17 1434/17
f 2043/17 2045/17 2211/17 2042/17
f 2043/17 1437/17 2044/17 2045/17
f 2043/17 1434/17 1435/17 1437/17
f 2044/17 1437/17 1438/17 1440/17
f 1440/17 2047/17 2046/17 2044/17
f 1440/17 1442/17 1443/17 2047/17
f 2047/17 2049/17 2048/17 2046/17
f 2047/17 1443/17 1445/17 2049/17
f 2049/17 2050/17 2051/17 2048/17
f 2049/17 1445/17 1447/17 2050/17
f 1447/17 2053/17 2052/17 2050/17
f 1447/17 1449/17 2054/17 2053/17
f 2054/17 2056/17 2055/17 2053/17
f 2054/17 2058/17 2057/17 2056/17
f 2054/17 1449/17 1448/17 2058/17
f 2058/17 2060/17 2059/17 2057/17
f 2058/17 1448/17 1450/17 2060/17
f 2060/17 2062/17 2061/17 2059/17
f 2060/17 1450/17 1451/17 2062/17
f 2062/17 2064/17 2063/17 2061/17
f 2062/17 1451/17 1452/17 2064/17
f 2064/17 2066/17 2065/17 2063/17
f 2064/17 1452/17 2067/17 2066/17
f 2067/17 1460/17 1461/17 2066/17
f 2066/17 1461/17 2068/17 2065/17
f 2068/17 2070/17 2069/17 2065/17
f 2068/17 1464/17 1466/17 2070/17
f 2068/17 1461/17 1462/17 1464/17
f 2070/17 2072/17 2071/17 2069/17
f 2070/17 1466/17 1468/17 2072/17
f 2072/17 2074/17 2073/17 2071/17
f 2072/17 1468/17 1470/17 2074/17
f 2074/17 2076/17 2075/17 2073/17
f 2074/17 1470/17 1472/17 2076/17
f 2076/17 2078/17 2077/17 2075/17
f 2076/17 1472/17 1474/17 2078/17
f 2078/17 2080/17 2079/17 2077/17
f 2078/17 1474/17 2081/17 2080/17
f 2081/17 2082/17 2083/17 2080/17
f 2081/17 1477/17 1480/17 2082/17
f 2081/17 1474/17 1475/17 1477/17
f 2082/17 2086/17 2084/17 2083/17
f 2082/17 1480/17 2085/17 2086/17
f 2085/17 1480/17 1479/17 1481/17
f 1481/17 2088/17 2087/17 2085/17
f 1481/17 1482/17 2089/17 2088/17
f 1482/17 1483/17 2090/17 2089/17
f 1483/17 1484/17 2091/17 2090/17
f 1484/17 1485/17 2094/17 2091/17
f 1485/17 2093/17 2092/17 2094/17
f 2093/17 1487/17 1527/17 1529/17
f 2093/17 1485/17 1486/17 1487/17
f 2093/17 1529/17 1531/17 2092/17
f 2092/17 2095/17 2096/17 2094/17
f 2092/17 1531/17 1533/17 2095/17
f 2095/17 2097/17 2098/17 2096/17
f 2095/17 1533/17 1535/17 2097/17
f 2097/17 2099/17 2100/17 2098/17
f 2097/17 1535/17 1537/17 2099/17
f 2099/17 2101/17 2102/17 2100/17
f 2099/17 1537/17 1539/17 2101/17
f 2101/17 2103/17 2104/17 2102/17
f 2101/17 1539/17 1541/17 2103/17
f 3829/17 3830/17 2105/17 2106/17
f 3830/17 3831/17 1543/17 2105/17
f 2105/17 2107/17 2108/17 2106/17
f 2105/17 1543/17 1545/17 2107/17
f 2107/17 2109/17 483/17 2108/17
f 2107/17 1545/17 1547/17 2109/17
f 2109/17 2110/17 482/17 483/17
f 2109/17 1547/17 1548/17 2110/17
f 2110/17 2111/17 481/17 482/17
f 2110/17 1548/17 1550/17 2111/17
f 2111/17 2113/17 2112/17 481/17
f 2111/17 1550/17 1552/17 2113/17
f 2113/17 1558/17 1560/17 2112/17
f 2113/17 1552/17 1554/17 1558/17
f 2112/17 2114/17 480/17 481/17
f 2112/17 1560/17 2115/17 2114/17
f 2115/17 2117/17 2116/17 2114/17
f 2115/17 1563/17 2118/17 2117/17
f 2115/17 1560/17 1561/17 1563/17
f 2118/17 2120/17 2119/17 2117/17
f 2118/17 2122/17 2121/17 2120/17
f 2118/17 1563/17 1564/17 2122/17
f 2122/17 2124/17 2123/17 2121/17
f 2122/17 1564/17 1565/17 2124/17
f 2124/17 2126/17 2125/17 2123/17
f 2124/17 1565/17 1567/17 2126/17
f 2126/17 2128/17 2127/17 2125/17
f 2126/17 1567/17 1569/17 2128/17
f 2128/17 2130/17 2129/17 2127/17
f 2128/17 1569/17 2131/17 2130/17
f 2131/17 1569/17 1570/17 1573/17
f 2131/17 2133/17 2132/17 2130/17
f 2131/17 1573/17 2134/17 2133/17
f 2134/17 1573/17 1574/17 1576/17
f 2134/17 2136/17 2135/17 2133/17
f 2134/17 1576/17 2137/17 2136/17
f 2137/17 1576/17 1577/17 1579/17
f 2137/17 2139/17 2138/17 2136/17
f 2137/17 1579/17 1581/17 2139/17
f 1581/17 2141/17 2140/17 2139/17
f 2141/17 1581/17 3844/17 3845/17
f 2141/17 3845/17 3846/17 2142/17
f 3846/17 3847/17 2143/17 2142/17
f 2144/17 1586/17 1587/17 1588/17
f 2144/17 1588/17 1590/17 2145/17
f 1590/17 2147/17 2146/17 2145/17
f 2147/17 1590/17 1591/17 1592/17
f 1592/17 1593/17 2148/17 2147/17
f 2149/17 1593/17 1594/17 1595/17
f 1595/17 3807/17 3808/17 2149/17
f 2151/17 1600/17 1601/17 1602/17
f 2151/17 1602/17 1603/17 2153/17
f 1603/17 1605/17 2152/17 2153/17
f 1605/17 1940/17 1942/17 2152/17
f 2152/17 2154/17 2155/17 2153/17
f 2152/17 1942/17 1944/17 2154/17
f 2154/17 2156/17 2157/17 2155/17
f 2154/17 1944/17 1946/17 2156/17
f 2156/17 2158/17 2159/17 2157/17
f 2156/17 1946/17 1948/17 2158/17
f 2158/17 2160/17 2161/17 2159/17
f 2158/17 1948/17 1950/17 2160/17
f 2160/17 2162/17 2163/17 2161/17
f 2160/17 1950/17 1952/17 2162/17
f 2162/17 2164/17 2165/17 2163/17
f 2162/17 1952/17 1954/17 2164/17
f 2164/17 2166/17 2167/17 2165/17
f 2164/17 1954/17 1956/17 2166/17
f 2166/17 2168/17 2169/17 2167/17
f 2166/17 1956/17 1958/17 2168/17
f 2168/17 2170/17 2171/17 2169/17
f 2168/17 1958/17 1960/17 2170/17
f 2170/17 2173/17 2172/17 2171/17
f 2170/17 1960/17 1961/17 2173/17
f 2173/17 2175/17 2174/17 2172/17
f 2173/17 1961/17 1963/17 2175/17
f 2175/17 2177/17 2176/17 2174/17
f 2175/17 1963/17 1965/17 2177/17
f 2177/17 2179/17 2178/17 2176/17
f 2177/17 1965/17 1967/17 2179/17
f 2179/17 2181/17 2180/17 2178/17
f 2179/17 1967/17 1969/17 2181/17
f 2181/17 2183/17 2182/17 2180/17
f 2181/17 1969/17 1971/17 2183/17
f 2183/17 2185/17 2184/17 2182/17
f 2183/17 1971/17 1973/17 2185/17
f 2185/17 1978/17 2186/17 2184/17
f 2185/17 1973/17 1975/17 1978/17
f 2186/17 2188/17 2187/17 2184/17
f 2186/17 1980/17 2189/17 2188/17
f 2186/17 1978/17 1979/17 1980/17
f 2189/17 2191/17 2190/17 2188/17
f 2189/17 2193/17 2192/17 2191/17
f 2189/17 1980/17 1981/17 2193/17
f 2193/17 2195/17 2194/17 2192/17
f 2193/17 1981/17 1983/17 2195/17
f 2195/17 2196/17 2197/17 2194/17
f 2195/17 1983/17 1986/17 2196/17
f 2196/17 2199/17 2198/17 2197/17
f 2196/17 1986/17 1987/17 2199/17
f 2199/17 2201/17 2200/17 2198/17
f 2199/17 1987/17 2202/17 2201/17
f 2202/17 1987/17 1988/17 1990/17
f 2202/17 2204/17 2203/17 2201/17
f 2202/17 1990/17 2205/17 2204/17
f 2205/17 1990/17 1991/17 1993/17
f 2205/17 2025/17 2027/17 2204/17
f 2205/17 1993/17 2206/17 2025/17
f 2206/17 1993/17 1994/17 1996/17
f 2027/17 2034/17 2203/17 2204/17
f 2034/17 2036/17 2207/17 2203/17
f 2207/17 2200/17 2201/17 2203/17
f 2207/17 2037/17 2208/17 2200/17
f 2207/17 2036/17 2035/17 2037/17
f 2208/17 2209/17 2198/17 2200/17
f 2208/17 2040/17 2210/17 2209/17
f 2208/17 2037/17 2038/17 2040/17
f 2210/17 2212/17 2345/17 2209/17
f 3872/17 3873/17 2042/17 2211/17
f 3873/17 3874/17 2041/17 2042/17
f 2211/17 2045/17 2214/17 2213/17
f 2214/17 2215/17 2346/17 2213/17
f 2214/17 2046/17 2048/17 2215/17
f 2214/17 2045/17 2044/17 2046/17
f 2215/17 2216/17 2217/17 2346/17
f 2215/17 2048/17 2051/17 2216/17
f 2216/17 2219/17 2218/17 2217/17
f 2216/17 2051/17 2220/17 2219/17
f 2220/17 2222/17 2221/17 2219/17
f 2220/17 2052/17 2223/17 2222/17
f 2220/17 2051/17 2050/17 2052/17
f 2223/17 2225/17 2224/17 2222/17
f 2223/17 2055/17 2226/17 2225/17
f 2223/17 2052/17 2053/17 2055/17
f 2226/17 2228/17 2227/17 2225/17
f 2226/17 2230/17 2229/17 2228/17
f 2226/17 2055/17 2056/17 2230/17
f 2230/17 2232/17 2231/17 2229/17
f 2230/17 2056/17 2057/17 2232/17
f 2232/17 2234/17 2233/17 2231/17
f 2232/17 2057/17 2059/17 2234/17
f 2234/17 2236/17 2235/17 2233/17
f 2234/17 2059/17 2061/17 2236/17
f 2236/17 2238/17 2237/17 2235/17
f 2236/17 2061/17 2063/17 2238/17
f 2238/17 2069/17 2071/17 2237/17
f 2238/17 2063/17 2065/17 2069/17
f 2237/17 2240/17 2239/17 2235/17
f 2237/17 2071/17 2073/17 2240/17
f 2240/17 2242/17 2241/17 2239/17
f 2240/17 2073/17 2075/17 2242/17
f 2242/17 2244/17 2243/17 2241/17
f 2242/17 2075/17 2077/17 2244/17
f 2244/17 2246/17 2245/17 2243/17
f 2244/17 2077/17 2079/17 2246/17
f 2246/17 2249/17 2247/17 2245/17
f 2246/17 2079/17 2248/17 2249/17
f 2248/17 2079/17 2080/17 2083/17
f 2248/17 2250/17 2251/17 2249/17
f 2248/17 2083/17 2084/17 2250/17
f 2084/17 2253/17 2252/17 2250/17
f 2084/17 2086/17 2254/17 2253/17
f 2254/17 2086/17 2085/17 2087/17
f 2091/17 2255/17 2256/17 2090/17
f 2091/17 2094/17 2096/17 2255/17
f 2255/17 2257/17 2258/17 2256/17
f 2255/17 2096/17 2098/17 2257/17
f 2257/17 2259/17 2260/17 2258/17
f 2257/17 2098/17 2100/17 2259/17
f 2259/17 2261/17 2262/17 2260/17
f 2259/17 2100/17 2102/17 2261/17
f 2261/17 2263/17 2264/17 2262/17
f 2261/17 2102/17 2104/17 2263/17
f 3827/17 3828/17 2265/17 2266/17
f 3828/17 3829/17 2106/17 2265/17
f 2265/17 2267/17 2268/17 2266/17
f 2265/17 2106/17 2108/17 2267/17
f 2267/17 2269/17 487/17 2268/17
f 2267/17 2108/17 483/17 2269/17
f 487/17 2270/17 2271/17 2268/17
f 2271/17 2270/17 2273/17 2272/17
f 2272/17 2278/17 2389/17 2271/17
f 2272/17 2274/17 2275/17 2278/17
f 2275/17 2274/17 2277/17 2276/17
f 2276/17 3823/17 3824/17 2275/17
f 2276/17 2279/17 3822/17 3823/17
f 3821/17 3822/17 2279/17 2283/17
f 2282/17 2290/17 2286/17 2281/17
f 2282/17 2285/17 2287/17 2290/17
f 2287/17 2285/17 2289/17 2288/17
f 2288/17 2295/17 2292/17 2287/17
f 2288/17 2291/17 2297/17 2295/17
f 2297/17 2291/17 2294/17 2293/17
f 2298/17 2303/17 2300/17 2296/17
f 2298/17 2299/17 2305/17 2303/17
f 2305/17 2299/17 2302/17 2301/17
f 2306/17 2308/17 2307/17 2304/17
f 2308/17 2306/17 3856/17 3857/17
f 2312/17 2316/17 2314/17 2311/17
f 2312/17 2313/17 2315/17 2316/17
f 2315/17 2313/17 2165/17 2167/17
f 2315/17 2317/17 2318/17 2316/17
f 2315/17 2167/17 2169/17 2317/17
f 2317/17 2319/17 2320/17 2318/17
f 2317/17 2169/17 2171/17 2319/17
f 2319/17 2322/17 2321/17 2320/17
f 2319/17 2171/17 2172/17 2322/17
f 2322/17 2324/17 2323/17 2321/17
f 2322/17 2172/17 2174/17 2324/17
f 2324/17 2326/17 2325/17 2323/17
f 2324/17 2174/17 2176/17 2326/17
f 2326/17 2328/17 2327/17 2325/17
f 2326/17 2176/17 2178/17 2328/17
f 2328/17 2330/17 2329/17 2327/17
f 2328/17 2178/17 2180/17 2330/17
f 2330/17 2332/17 2331/17 2329/17
f 2330/17 2180/17 2182/17 2332/17
f 2332/17 2187/17 2333/17 2331/17
f 2332/17 2182/17 2184/17 2187/17
f 2333/17 2335/17 2334/17 2331/17
f 2333/17 2190/17 2336/17 2335/17
f 2333/17 2187/17 2188/17 2190/17
f 2336/17 2338/17 2337/17 2335/17
f 2336/17 2339/17 2340/17 2338/17
f 2336/17 2190/17 2191/17 2339/17
f 2339/17 2342/17 2341/17 2340/17
f 2339/17 2191/17 2192/17 2342/17
f 2342/17 2344/17 2343/17 2341/17
f 2342/17 2192/17 2194/17 2344/17
f 2344/17 2345/17 2212/17 2343/17
f 2344/17 2194/17 2197/17 2345/17
f 3870/17 3871/17 2213/17 2346/17
f 3871/17 3872/17 2211/17 2213/17
f 2346/17 2217/17 3869/17 3870/17
f 2217/17 2218/17 3868/17 3869/17
f 2218/17 2347/17 3867/17 3868/17
f 2347/17 2221/17 2349/17 2348/17
f 2347/17 2218/17 2219/17 2221/17
f 2349/17 2350/17 2418/17 2348/17
f 2349/17 2224/17 2351/17 2350/17
f 2349/17 2221/17 2222/17 2224/17
f 2351/17 2353/17 2352/17 2350/17
f 2351/17 2227/17 2354/17 2353/17
f 2351/17 2224/17 2225/17 2227/17
f 2354/17 2356/17 2355/17 2353/17
f 2354/17 2358/17 2357/17 2356/17
f 2354/17 2227/17 2228/17 2358/17
f 2358/17 2360/17 2359/17 2357/17
f 2358/17 2228/17 2229/17 2360/17
f 2360/17 2362/17 2361/17 2359/17
f 2360/17 2229/17 2231/17 2362/17
f 2362/17 2364/17 2363/17 2361/17
f 2362/17 2231/17 2233/17 2364/17
f 2364/17 2239/17 2241/17 2363/17
f 2364/17 2233/17 2235/17 2239/17
f 2363/17 2366/17 2365/17 2361/17
f 2363/17 2241/17 2243/17 2366/17
f 2366/17 2368/17 2367/17 2365/17
f 2366/17 2243/17 2245/17 2368/17
f 2368/17 2369/17 2370/17 2367/17
f 2368/17 2245/17 2247/17 2369/17
f 2247/17 2371/17 2372/17 2369/17
f 2247/17 2249/17 2251/17 2371/17
f 2371/17 2374/17 2373/17 2372/17
f 2371/17 2251/17 2375/17 2374/17
f 2375/17 2251/17 2250/17 2252/17
f 2254/17 2377/17 2376/17 2253/17
f 2254/17 2087/17 2378/17 2377/17
f 2087/17 2088/17 2380/17 2378/17
f 2088/17 2089/17 2379/17 2380/17
f 2089/17 2090/17 2256/17 2379/17
f 2379/17 2381/17 2382/17 2380/17
f 2379/17 2256/17 2258/17 2381/17
f 2381/17 2383/17 2384/17 2382/17
f 2381/17 2258/17 2260/17 2383/17
f 2383/17 2385/17 2386/17 2384/17
f 2383/17 2260/17 2262/17 2385/17
f 2385/17 2387/17 2388/17 2386/17
f 2385/17 2262/17 2264/17 2387/17
f 3825/17 3826/17 2389/17 2278/17
f 3826/17 3827/17 2266/17 2389/17
f 3824/17 3825/17 2278/17 2275/17
f 2280/17 2391/17 2386/17 2388/17
f 2280/17 2284/17 2390/17 2391/17
f 2390/17 2284/17 2281/17 2286/17
f 2286/17 2393/17 2392/17 2390/17
f 2286/17 2290/17 2394/17 2393/17
f 2394/17 2290/17 2287/17 2292/17
f 2297/17 2396/17 2395/17 2295/17
f 2297/17 2293/17 2397/17 2396/17
f 2397/17 2293/17 2296/17 2300/17
f 2305/17 2399/17 2398/17 2303/17
f 2305/17 2301/17 2400/17 2399/17
f 2400/17 2301/17 2304/17 2307/17
f 2308/17 3857/17 3858/17 2401/17
f 2402/17 2309/17 2311/17 2314/17
f 2314/17 2403/17 2404/17 2402/17
f 2314/17 2316/17 2318/17 2403/17
f 2403/17 2405/17 2406/17 2404/17
f 2403/17 2318/17 2320/17 2405/17
f 2405/17 2408/17 2407/17 2406/17
f 2405/17 2320/17 2321/17 2408/17
f 2408/17 2410/17 2409/17 2407/17
f 2408/17 2321/17 2323/17 2410/17
f 2410/17 2412/17 2411/17 2409/17
f 2410/17 2323/17 2325/17 2412/17
f 2412/17 2414/17 2413/17 2411/17
f 2412/17 2325/17 2327/17 2414/17
f 2414/17 2416/17 2415/17 2413/17
f 2414/17 2327/17 2329/17 2416/17
f 2416/17 2334/17 2417/17 2415/17
f 2416/17 2329/17 2331/17 2334/17
f 3865/17 3866/17 2348/17 2418/17
f 3866/17 3867/17 2347/17 2348/17
f 2417/17 2334/17 2335/17 2337/17
f 2418/17 2419/17 3864/17 3865/17
f 2419/17 2352/17 2421/17 2420/17
f 2419/17 2418/17 2350/17 2352/17
f 2421/17 2422/17 2455/17 2420/17
f 2421/17 2355/17 2423/17 2422/17
f 2421/17 2352/17 2353/17 2355/17
f 2423/17 2425/17 2424/17 2422/17
f 2423/17 2427/17 2426/17 2425/17
f 2423/17 2355/17 2356/17 2427/17
f 2427/17 2429/17 2428/17 2426/17
f 2427/17 2356/17 2357/17 2429/17
f 2429/17 2431/17 2430/17 2428/17
f 2429/17 2357/17 2359/17 2431/17
f 2431/17 2365/17 2367/17 2430/17
f 2431/17 2359/17 2361/17 2365/17
f 2430/17 2432/17 2433/17 2428/17
f 2430/17 2367/17 2370/17 2432/17
f 2370/17 2434/17 2435/17 2432/17
f 2370/17 2369/17 2372/17 2434/17
f 2434/17 2437/17 2436/17 2435/17
f 2434/17 2372/17 2373/17 2437/17
f 2375/17 2439/17 2438/17 2374/17
f 2375/17 2252/17 2440/17 2439/17
f 2440/17 2252/17 2253/17 2376/17
f 2378/17 2441/17 2442/17 2377/17
f 2378/17 2380/17 2382/17 2441/17
f 2441/17 2443/17 2392/17 2442/17
f 2441/17 2382/17 2384/17 2443/17
f 2443/17 2391/17 2390/17 2392/17
f 2443/17 2384/17 2386/17 2391/17
f 2394/17 2444/17 2463/17 2393/17
f 2394/17 2292/17 2445/17 2444/17
f 2445/17 2292/17 2295/17 2395/17
f 2397/17 2447/17 2446/17 2396/17
f 2397/17 2300/17 2448/17 2447/17
f 2448/17 2300/17 2303/17 2398/17
f 2400/17 2450/17 2449/17 2399/17
f 2400/17 2307/17 2451/17 2450/17
f 2451/17 2307/17 2308/17 2401/17
f 2401/17 3858/17 3859/17 2452/17
f 2452/17 3859/17 3860/17 2453/17
f 2453/17 3860/17 3861/17 2454/17
f 2454/17 3861/17 3862/17 2455/17
f 2455/17 3862/17 3863/17 2420/17
f 2454/17 2424/17 2456/17 2453/17
f 2454/17 2455/17 2422/17 2424/17
f 2456/17 2424/17 2425/17 2457/17
f 2457/17 2425/17 2426/17 2458/17
f 2458/17 2426/17 2428/17 2433/17
f 2458/17 2461/17 2459/17 2457/17
f 2458/17 2433/17 2460/17 2461/17
f 2460/17 2433/17 2432/17 2435/17
f 2460/17 2462/17 2449/17 2461/17
f 2460/17 2435/17 2436/17 2462/17
f 2437/17 2447/17 2448/17 2436/17
f 2437/17 2373/17 2446/17 2447/17
f 2446/17 2373/17 2374/17 2438/17
f 2440/17 2444/17 2445/17 2439/17
f 2440/17 2376/17 2463/17 2444/17
f 2376/17 2377/17 2442/17 2463/17
f 2445/17 2395/17 2438/17 2439/17
f 2438/17 2395/17 2396/17 2446/17
f 2448/17 2398/17 2462/17 2436/17
f 2462/17 2398/17 2399/17 2449/17
f 2451/17 2464/17 2459/17 2450/17
f 2451/17 2401/17 2452/17 2464/17
f 2464/17 2456/17 2457/17 2459/17
f 2464/17 2452/17 2453/17 2456/17
f 2459/17 2461/17 2449/17 2450/17
f 2463/17 2442/17 2392/17 2393/17
f 2420/17 3863/17 3864/17 2419/17
f 2312/17 2465/17 2546/17 2313/17
f 2312/17 2311/17 2466/17 2465/17
f 2466/17 2311/17 2309/17 2310/17
f 2306/17 2304/17 2468/17 2467/17
f 2468/17 2304/17 2301/17 2302/17
f 2298/17 2471/17 2469/17 2299/17
f 2298/17 2296/17 2470/17 2471/17
f 2470/17 2296/17 2293/17 2294/17
f 2294/17 2474/17 2472/17 2470/17
f 2294/17 2291/17 2473/17 2474/17
f 2473/17 2291/17 2288/17 2289/17
f 3818/17 3819/17 2477/17 2475/17
f 3819/17 3820/17 2476/17 2477/17
f 2476/17 3820/17 3821/17 2283/17
f 2283/17 2480/17 2478/17 2476/17
f 2283/17 2279/17 2479/17 2480/17
f 2479/17 2279/17 2276/17 2277/17
f 2277/17 2483/17 2481/17 2479/17
f 2277/17 2274/17 2482/17 2483/17
f 2482/17 2274/17 2272/17 2273/17
f 2273/17 2485/17 2484/17 2482/17
f 2273/17 2270/17 2486/17 2485/17
f 2486/17 2488/17 2487/17 2485/17
f 2486/17 484/17 485/17 2488/17
f 2486/17 2270/17 487/17 484/17
f 2488/17 2490/17 2489/17 2487/17
f 2488/17 485/17 2491/17 2490/17
f 2491/17 2493/17 2492/17 2490/17
f 2491/17 2495/17 2494/17 2493/17
f 2491/17 485/17 486/17 2495/17
f 2495/17 2497/17 2496/17 2494/17
f 2495/17 486/17 2498/17 2497/17
f 2498/17 2116/17 2499/17 2497/17
f 2498/17 480/17 2114/17 2116/17
f 2498/17 486/17 302/17 480/17
f 2499/17 2500/17 2496/17 2497/17
f 2499/17 2119/17 2501/17 2500/17
f 2499/17 2116/17 2117/17 2119/17
f 2501/17 2503/17 2502/17 2500/17
f 2501/17 2505/17 2504/17 2503/17
f 2501/17 2119/17 2120/17 2505/17
f 2505/17 2507/17 2506/17 2504/17
f 2505/17 2120/17 2121/17 2507/17
f 2507/17 2509/17 2508/17 2506/17
f 2507/17 2121/17 2123/17 2509/17
f 2509/17 2511/17 2510/17 2508/17
f 2509/17 2123/17 2125/17 2511/17
f 2511/17 2513/17 2512/17 2510/17
f 2511/17 2125/17 2127/17 2513/17
f 2513/17 2515/17 2514/17 2512/17
f 2513/17 2127/17 2129/17 2515/17
f 2515/17 2517/17 2516/17 2514/17
f 2515/17 2129/17 2518/17 2517/17
f 2518/17 2519/17 499/17 2517/17
f 2518/17 2132/17 2520/17 2519/17
f 2518/17 2129/17 2130/17 2132/17
f 2520/17 2132/17 2133/17 2135/17
f 2520/17 2522/17 2521/17 2519/17
f 2520/17 2135/17 2523/17 2522/17
f 2523/17 2135/17 2136/17 2138/17
f 2523/17 2525/17 2524/17 2522/17
f 2523/17 2138/17 2526/17 2525/17
f 2526/17 2138/17 2139/17 2140/17
f 2526/17 2528/17 2527/17 2525/17
f 2526/17 2140/17 2529/17 2528/17
f 2529/17 2140/17 2141/17 2142/17
f 2529/17 2531/17 2530/17 2528/17
f 2529/17 2142/17 2143/17 2531/17
f 2143/17 2533/17 2532/17 2531/17
f 2533/17 2143/17 3847/17 3848/17
f 2533/17 3848/17 3849/17 2534/17
f 2146/17 2147/17 2148/17 2535/17
f 2148/17 1593/17 2149/17 2941/17
f 2150/17 1596/17 1597/17 2536/17
f 1597/17 1598/17 2537/17 2536/17
f 2151/17 2538/17 2539/17 1600/17
f 2151/17 2153/17 2155/17 2538/17
f 2538/17 2540/17 2541/17 2539/17
f 2538/17 2155/17 2157/17 2540/17
f 2540/17 2542/17 2543/17 2541/17
f 2540/17 2157/17 2159/17 2542/17
f 2542/17 2544/17 2545/17 2543/17
f 2542/17 2159/17 2161/17 2544/17
f 2544/17 2546/17 2465/17 2545/17
f 2544/17 2161/17 2163/17 2546/17
f 2466/17 2954/17 2545/17 2465/17
f 2466/17 2310/17 2953/17 2954/17
f 3855/17 3856/17 2306/17 2467/17
f 2468/17 2548/17 490/17 2467/17
f 2468/17 2302/17 2547/17 2548/17
f 2547/17 2302/17 2299/17 2469/17
f 2469/17 2551/17 2549/17 2547/17
f 2469/17 2471/17 2550/17 2551/17
f 2550/17 2471/17 2470/17 2472/17
f 3815/17 3816/17 2554/17 2552/17
f 3816/17 3817/17 2553/17 2554/17
f 2553/17 3817/17 3818/17 2475/17
f 2475/17 2557/17 2555/17 2553/17
f 2475/17 2477/17 2556/17 2557/17
f 2556/17 2477/17 2476/17 2478/17
f 2478/17 2560/17 2558/17 2556/17
f 2478/17 2480/17 2559/17 2560/17
f 2559/17 2480/17 2479/17 2481/17
f 2481/17 2562/17 2561/17 2559/17
f 2481/17 2483/17 2563/17 2562/17
f 2563/17 2565/17 2564/17 2562/17
f 2563/17 2484/17 2566/17 2565/17
f 2563/17 2483/17 2482/17 2484/17
f 2566/17 2568/17 2567/17 2565/17
f 2566/17 2487/17 2489/17 2568/17
f 2566/17 2484/17 2485/17 2487/17
f 2568/17 2570/17 2569/17 2567/17
f 2568/17 2489/17 2571/17 2570/17
f 2571/17 2573/17 2572/17 2570/17
f 2571/17 2492/17 2574/17 2573/17
f 2571/17 2489/17 2490/17 2492/17
f 2574/17 2576/17 2575/17 2573/17
f 2574/17 2578/17 2577/17 2576/17
f 2574/17 2492/17 2493/17 2578/17
f 2578/17 2580/17 2579/17 2577/17
f 2578/17 2493/17 2494/17 2580/17
f 2580/17 2581/17 2583/17 2579/17
f 2580/17 2494/17 2496/17 2581/17
f 2581/17 2502/17 2582/17 2583/17
f 2581/17 2496/17 2500/17 2502/17
f 2582/17 2502/17 2503/17 2584/17
f 2584/17 2503/17 2504/17 2585/17
f 2585/17 2504/17 2506/17 2586/17
f 2586/17 2506/17 2508/17 2587/17
f 2587/17 2508/17 2510/17 2588/17
f 2588/17 2510/17 2512/17 2589/17
f 2589/17 2512/17 2514/17 2590/17
f 2590/17 2514/17 2516/17 2591/17
f 2591/17 2516/17 496/17 497/17
f 2592/17 494/17 2594/17 2593/17
f 2592/17 498/17 303/17 494/17
f 2594/17 2595/17 2653/17 2593/17
f 2594/17 2597/17 2596/17 2595/17
f 2594/17 494/17 495/17 2597/17
f 2597/17 2599/17 2598/17 2596/17
f 2597/17 495/17 2600/17 2599/17
f 2600/17 495/17 491/17 2601/17
f 2600/17 2603/17 2602/17 2599/17
f 2600/17 2601/17 2604/17 2603/17
f 2604/17 2601/17 2606/17 2605/17
f 2604/17 2608/17 2607/17 2603/17
f 2604/17 2605/17 2609/17 2608/17
f 2609/17 2605/17 2611/17 2610/17
f 2609/17 2615/17 2629/17 2608/17
f 2609/17 2610/17 2612/17 2615/17
f 2612/17 2610/17 2614/17 2613/17
f 2613/17 2620/17 2628/17 2612/17
f 2613/17 2616/17 2617/17 2620/17
f 2617/17 2616/17 2619/17 2618/17
f 2618/17 2624/17 2627/17 2617/17
f 2618/17 2621/17 2622/17 2624/17
f 2622/17 2621/17 2944/17 2623/17
f 2623/17 3811/17 3812/17 2622/17
f 3851/17 3852/17 3811/17 2623/17
f 2625/17 490/17 2548/17 2626/17
f 2626/17 2548/17 2547/17 2549/17
f 3812/17 3813/17 2624/17 2622/17
f 3813/17 3814/17 2627/17 2624/17
f 2627/17 3814/17 3815/17 2552/17
f 2552/17 2620/17 2617/17 2627/17
f 2552/17 2554/17 2628/17 2620/17
f 2628/17 2554/17 2553/17 2555/17
f 2555/17 2615/17 2612/17 2628/17
f 2555/17 2557/17 2629/17 2615/17
f 2629/17 2557/17 2556/17 2558/17
f 2558/17 2607/17 2608/17 2629/17
f 2558/17 2560/17 2630/17 2607/17
f 2630/17 2602/17 2603/17 2607/17
f 2630/17 2561/17 2631/17 2602/17
f 2630/17 2560/17 2559/17 2561/17
f 2631/17 2598/17 2599/17 2602/17
f 2631/17 2564/17 2632/17 2598/17
f 2631/17 2561/17 2562/17 2564/17
f 2632/17 2633/17 2596/17 2598/17
f 2632/17 2567/17 2569/17 2633/17
f 2632/17 2564/17 2565/17 2567/17
f 2633/17 2634/17 2595/17 2596/17
f 2633/17 2569/17 2635/17 2634/17
f 2635/17 2638/17 2636/17 2634/17
f 2635/17 2572/17 2637/17 2638/17
f 2635/17 2569/17 2570/17 2572/17
f 2637/17 2572/17 2573/17 2575/17
f 2575/17 2640/17 2639/17 2637/17
f 2575/17 2576/17 2641/17 2640/17
f 2576/17 2577/17 2642/17 2641/17
f 2577/17 2579/17 2644/17 2642/17
f 2579/17 2583/17 2643/17 2644/17
f 2643/17 2583/17 2582/17 2645/17
f 2645/17 2582/17 2584/17 2646/17
f 2646/17 2584/17 2585/17 2647/17
f 2647/17 2585/17 2586/17 2648/17
f 2648/17 2586/17 2587/17 2649/17
f 2649/17 2587/17 2588/17 2650/17
f 2650/17 2588/17 2589/17 2651/17
f 2653/17 2636/17 2655/17 2652/17
f 2636/17 2638/17 2654/17 2655/17
f 2654/17 2638/17 2637/17 2639/17
f 2639/17 2657/17 2656/17 2654/17
f 2639/17 2640/17 2658/17 2657/17
f 2640/17 2641/17 2659/17 2658/17
f 2641/17 2642/17 2661/17 2659/17
f 2642/17 2644/17 2660/17 2661/17
f 2660/17 2644/17 2643/17 2662/17
f 2662/17 2643/17 2645/17 2663/17
f 2663/17 2645/17 2646/17 2664/17
f 2664/17 2646/17 2647/17 2665/17
f 2665/17 2647/17 2648/17 2666/17
f 2666/17 2648/17 2649/17 2667/17
f 2667/17 2649/17 2650/17 2668/17
f 2668/17 2650/17 2651/17 2669/17
f 3443/17 3444/17 2672/17 2671/17
f 3444/17 3445/17 2673/17 2672/17
f 3445/17 3446/17 2674/17 2673/17
f 2676/17 2652/17 2655/17 2677/17
f 2677/17 2655/17 2654/17 2656/17
f 2656/17 2679/17 2678/17 2677/17
f 2656/17 2657/17 2680/17 2679/17
f 2657/17 2658/17 2681/17 2680/17
f 2658/17 2659/17 2683/17 2681/17
f 2659/17 2661/17 2682/17 2683/17
f 2682/17 2661/17 2660/17 2684/17
f 2684/17 2660/17 2662/17 2685/17
f 2685/17 2662/17 2663/17 2686/17
f 2686/17 2663/17 2664/17 2687/17
f 2687/17 2664/17 2665/17 2688/17
f 2688/17 2665/17 2666/17 2689/17
f 2689/17 2666/17 2667/17 2690/17
f 2690/17 2667/17 2668/17 2691/17
f 2691/17 2668/17 2669/17 2670/17
f 2670/17 2693/17 2692/17 2691/17
f 2675/17 2678/17 2695/17 2694/17
f 2678/17 2679/17 2696/17 2695/17
f 2679/17 2680/17 2697/17 2696/17
f 2680/17 2681/17 2699/17 2697/17
f 2681/17 2683/17 2698/17 2699/17
f 2698/17 2683/17 2682/17 2700/17
f 2700/17 2682/17 2684/17 2701/17
f 2701/17 2684/17 2685/17 2702/17
f 2702/17 2685/17 2686/17 2703/17
f 2703/17 2686/17 2687/17 2704/17
f 2704/17 2687/17 2688/17 2705/17
f 2705/17 2688/17 2689/17 2706/17
f 2706/17 2689/17 2690/17 2707/17
f 2707/17 2690/17 2691/17 2692/17
f 2692/17 2709/17 2708/17 2707/17
f 2692/17 2693/17 2710/17 2709/17
f 2694/17 2695/17 2718/17 2717/17
f 2695/17 2696/17 2729/17 2718/17
f 2696/17 2697/17 2720/17 2729/17
f 2697/17 2699/17 2719/17 2720/17
f 2719/17 2699/17 2698/17 2721/17
f 2721/17 2698/17 2700/17 2722/17
f 2722/17 2700/17 2701/17 2723/17
f 2723/17 2701/17 2702/17 2724/17
f 2724/17 2702/17 2703/17 2725/17
f 2725/17 2703/17 2704/17 2726/17
f 2726/17 2704/17 2705/17 2727/17
f 2727/17 2705/17 2706/17 2728/17
f 2728/17 2706/17 2707/17 2708/17
f 2729/17 2731/17 2730/17 2718/17
f 2729/17 2720/17 2732/17 2731/17
f 2720/17 2719/17 2733/17 2732/17
f 2719/17 2721/17 2734/17 2733/17
f 2721/17 2722/17 2735/17 2734/17
f 2722/17 2723/17 2736/17 2735/17
f 2723/17 2724/17 2737/17 2736/17
f 2724/17 2725/17 2751/17 2737/17
f 2725/17 2726/17 2739/17 2751/17
f 2726/17 2727/17 2738/17 2739/17
f 2738/17 2727/17 2728/17 2740/17
f 2740/17 2728/17 2708/17 2741/17
f 2741/17 2708/17 2709/17 2742/17
f 2742/17 2709/17 2710/17 2743/17
f 2743/17 2710/17 2711/17 2744/17
f 2744/17 2711/17 2712/17 2745/17
f 2745/17 2712/17 2713/17 2746/17
f 2746/17 2713/17 2714/17 2747/17
f 2747/17 2714/17 2715/17 2748/17
f 2748/17 2715/17 2716/17 2749/17
f 2749/17 2716/17 2717/17 2750/17
f 2750/17 2717/17 2718/17 2730/17
f 2737/17 2753/17 2752/17 2736/17
f 2737/17 2751/17 2754/17 2753/17
f 2751/17 2739/17 2755/17 2754/17
f 2739/17 2738/17 2756/17 2755/17
f 2738/17 2740/17 2757/17 2756/17
f 2740/17 2741/17 2758/17 2757/17
f 2741/17 2742/17 2759/17 2758/17
f 2742/17 2743/17 2760/17 2759/17
f 2743/17 2744/17 2761/17 2760/17
f 2744/17 2745/17 2762/17 2761/17
f 2745/17 2746/17 2763/17 2762/17
f 2746/17 2747/17 2765/17 2763/17
f 2747/17 2748/17 2764/17 2765/17
f 2764/17 2748/17 2749/17 2766/17
f 2766/17 2749/17 2750/17 2767/17
f 2767/17 2750/17 2730/17 2768/17
f 2768/17 2730/17 2731/17 2769/17
f 2769/17 2731/17 2732/17 2770/17
f 2770/17 2732/17 2733/17 2771/17
f 2771/17 2733/17 2734/17 2773/17
f 2773/17 2734/17 2735/17 2772/17
f 2772/17 2735/17 2736/17 2752/17
f 2773/17 2775/17 2774/17 2771/17
f 2773/17 2772/17 2776/17 2775/17
f 2772/17 2752/17 2777/17 2776/17
f 2752/17 2753/17 2778/17 2777/17
f 2753/17 2754/17 2779/17 2778/17
f 2754/17 2755/17 2780/17 2779/17
f 2755/17 2756/17 2781/17 2780/17
f 2756/17 2757/17 2782/17 2781/17
f 2757/17 2758/17 2783/17 2782/17
f 2758/17 2759/17 2784/17 2783/17
f 2785/17 2766/17 2767/17 2786/17
f 2786/17 2767/17 2768/17 2787/17
f 2787/17 2768/17 2769/17 2788/17
f 2788/17 2769/17 2770/17 2789/17
f 2789/17 2770/17 2771/17 2774/17
f 2785/17 2786/17 2795/17 2794/17
f 2786/17 2787/17 2796/17 2795/17
f 2787/17 2788/17 2797/17 2796/17
f 2788/17 2789/17 2798/17 2797/17
f 2798/17 2800/17 2799/17 2797/17
f 2798/17 2802/17 2801/17 2800/17
f 2798/17 2789/17 2774/17 2802/17
f 2802/17 2804/17 2803/17 2801/17
f 2802/17 2774/17 2775/17 2804/17
f 2804/17 2806/17 2805/17 2803/17
f 2804/17 2775/17 2776/17 2806/17
f 2806/17 2808/17 2807/17 2805/17
f 2806/17 2776/17 2777/17 2808/17
f 2808/17 2810/17 2809/17 2807/17
f 2808/17 2777/17 2778/17 2810/17
f 2810/17 2812/17 2811/17 2809/17
f 2810/17 2778/17 2779/17 2812/17
f 2812/17 2814/17 2813/17 2811/17
f 2812/17 2779/17 2780/17 2814/17
f 2814/17 2816/17 2815/17 2813/17
f 2814/17 2780/17 2781/17 2816/17
f 2816/17 2818/17 2817/17 2815/17
f 2816/17 2781/17 2782/17 2818/17
f 2818/17 2820/17 2819/17 2817/17
f 2818/17 2782/17 2783/17 2820/17
f 2820/17 2822/17 2821/17 2819/17
f 2820/17 2783/17 2784/17 2822/17
f 2831/17 2833/17 2832/17 2830/17
f 2831/17 2794/17 2795/17 2833/17
f 2833/17 2835/17 2834/17 2832/17
f 2833/17 2795/17 2796/17 2835/17
f 2835/17 2799/17 2836/17 2834/17
f 2835/17 2796/17 2797/17 2799/17
f 2836/17 2838/17 2837/17 2834/17
f 2836/17 2840/17 2839/17 2838/17
f 2836/17 2799/17 2800/17 2840/17
f 2840/17 2842/17 2841/17 2839/17
f 2840/17 2800/17 2801/17 2842/17
f 2842/17 2844/17 2843/17 2841/17
f 2842/17 2801/17 2803/17 2844/17
f 2844/17 2846/17 2845/17 2843/17
f 2844/17 2803/17 2805/17 2846/17
f 2846/17 2848/17 2847/17 2845/17
f 2846/17 2805/17 2807/17 2848/17
f 2848/17 2850/17 2849/17 2847/17
f 2848/17 2807/17 2809/17 2850/17
f 2850/17 2852/17 2851/17 2849/17
f 2850/17 2809/17 2811/17 2852/17
f 2852/17 2854/17 2853/17 2851/17
f 2852/17 2811/17 2813/17 2854/17
f 2854/17 2856/17 2855/17 2853/17
f 2854/17 2813/17 2815/17 2856/17
f 2856/17 2858/17 2857/17 2855/17
f 2856/17 2815/17 2817/17 2858/17
f 2858/17 2860/17 2859/17 2857/17
f 2858/17 2817/17 2819/17 2860/17
f 2860/17 2823/17 2861/17 2859/17
f 2860/17 2819/17 2821/17 2823/17
f 2861/17 2863/17 2862/17 2859/17
f 2861/17 2865/17 2864/17 2863/17
f 2861/17 2823/17 2824/17 2865/17
f 2865/17 2867/17 2866/17 2864/17
f 2865/17 2824/17 2825/17 2867/17
f 2867/17 2869/17 2868/17 2866/17
f 2867/17 2825/17 2826/17 2869/17
f 2869/17 2871/17 2870/17 2868/17
f 2869/17 2826/17 2827/17 2871/17
f 2871/17 2873/17 2872/17 2870/17
f 2871/17 2827/17 2828/17 2873/17
f 2873/17 2875/17 2874/17 2872/17
f 2873/17 2828/17 2829/17 2875/17
f 2875/17 2877/17 2876/17 2874/17
f 2875/17 2829/17 2830/17 2877/17
f 2877/17 2878/17 2880/17 2876/17
f 2877/17 2830/17 2832/17 2878/17
f 2878/17 2837/17 2879/17 2880/17
f 2878/17 2832/17 2834/17 2837/17
f 2879/17 2837/17 2838/17 2881/17
f 2881/17 2838/17 2839/17 2882/17
f 2882/17 2839/17 2841/17 2883/17
f 2883/17 2841/17 2843/17 2884/17
f 2884/17 2843/17 2845/17 2885/17
f 2885/17 2845/17 2847/17 2886/17
f 2886/17 2847/17 2849/17 2887/17
f 2887/17 2849/17 2851/17 2888/17
f 2888/17 2851/17 2853/17 2889/17
f 2889/17 2853/17 2855/17 2890/17
f 2890/17 2855/17 2857/17 2891/17
f 2891/17 2857/17 2859/17 2862/17
f 2862/17 2892/17 502/17 2891/17
f 2862/17 2863/17 2893/17 2892/17
f 2863/17 2864/17 2894/17 2893/17
f 2864/17 2866/17 2895/17 2894/17
f 2866/17 2868/17 2896/17 2895/17
f 2868/17 2870/17 2897/17 2896/17
f 2870/17 2872/17 2898/17 2897/17
f 2872/17 2874/17 2899/17 2898/17
f 2874/17 2876/17 2900/17 2899/17
f 2876/17 2880/17 2901/17 2900/17
f 2901/17 2903/17 2902/17 2900/17
f 2901/17 400/17 401/17 2903/17
f 2901/17 2880/17 2879/17 400/17
f 2903/17 2905/17 2904/17 2902/17
f 2903/17 401/17 402/17 2905/17
f 2905/17 2907/17 2906/17 2904/17
f 2905/17 402/17 2908/17 2907/17
f 2908/17 2910/17 2909/17 2907/17
f 2908/17 2912/17 2911/17 2910/17
f 2908/17 402/17 403/17 2912/17
f 2912/17 2914/17 2913/17 2911/17
f 2912/17 403/17 404/17 2914/17
f 2914/17 2883/17 2884/17 2913/17
f 2914/17 404/17 2882/17 2883/17
f 2913/17 2916/17 2915/17 2911/17
f 2913/17 2884/17 2885/17 2916/17
f 2916/17 2918/17 2917/17 2915/17
f 2916/17 2885/17 2886/17 2918/17
f 2918/17 2920/17 2919/17 2917/17
f 2918/17 2886/17 2887/17 2920/17
f 2920/17 2922/17 2921/17 2919/17
f 2920/17 2887/17 2888/17 2922/17
f 2922/17 500/17 501/17 2921/17
f 2922/17 2888/17 2889/17 500/17
f 2921/17 2924/17 2923/17 2919/17
f 2921/17 501/17 2925/17 2924/17
f 2925/17 2927/17 2926/17 2924/17
f 2925/17 2892/17 2893/17 2927/17
f 2925/17 501/17 502/17 2892/17
f 2927/17 2929/17 2928/17 2926/17
f 2927/17 2893/17 2894/17 2929/17
f 2929/17 2931/17 2930/17 2928/17
f 2929/17 2894/17 2895/17 2931/17
f 2931/17 2933/17 2932/17 2930/17
f 2931/17 2895/17 2896/17 2933/17
f 2933/17 426/17 427/17 2932/17
f 2933/17 2896/17 2897/17 426/17
f 2932/17 2934/17 392/17 2930/17
f 2932/17 427/17 428/17 2934/17
f 2934/17 2935/17 391/17 392/17
f 2934/17 428/17 2906/17 2935/17
f 2935/17 2909/17 393/17 391/17
f 2935/17 2906/17 2907/17 2909/17
f 2930/17 392/17 388/17 2928/17
f 2928/17 388/17 389/17 2926/17
f 2926/17 389/17 2923/17 2924/17
f 2923/17 389/17 390/17 2936/17
f 2923/17 2936/17 2917/17 2919/17
f 2936/17 390/17 393/17 2937/17
f 2936/17 2937/17 2915/17 2917/17
f 2937/17 393/17 2909/17 2910/17
f 2937/17 2910/17 2911/17 2915/17
f 2906/17 428/17 429/17 2904/17
f 2904/17 429/17 430/17 2902/17
f 2902/17 430/17 2899/17 2900/17
f 2899/17 430/17 425/17 2898/17
f 2898/17 425/17 426/17 2897/17
f 2882/17 404/17 399/17 2881/17
f 2881/17 399/17 400/17 2879/17
f 2678/17 2675/17 2676/17 2677/17
f 2636/17 2653/17 2595/17 2634/17
f 3809/17 3810/17 2938/17 2941/17
f 2940/17 2942/17 489/17 2939/17
f 2942/17 2940/17 2150/17 2536/17
f 2942/17 2536/17 2537/17 2943/17
f 2537/17 2539/17 2541/17 2943/17
f 2943/17 488/17 489/17 2942/17
f 2943/17 2541/17 2543/17 488/17
f 3808/17 3809/17 2941/17 2149/17
f 3850/17 3851/17 2623/17 2944/17
f 2944/17 2621/17 2945/17 2534/17
f 2945/17 2621/17 2618/17 2619/17
f 2619/17 2946/17 2532/17 2945/17
f 2619/17 2616/17 2947/17 2946/17
f 2947/17 2948/17 2530/17 2946/17
f 2947/17 2614/17 2949/17 2948/17
f 2947/17 2616/17 2613/17 2614/17
f 2949/17 2950/17 2527/17 2948/17
f 2949/17 2611/17 2951/17 2950/17
f 2949/17 2614/17 2610/17 2611/17
f 2951/17 2952/17 2524/17 2950/17
f 2951/17 2606/17 492/17 2952/17
f 2951/17 2611/17 2605/17 2606/17
f 2952/17 2521/17 2522/17 2524/17
f 2952/17 492/17 493/17 2521/17
f 2950/17 2524/17 2525/17 2527/17
f 2948/17 2527/17 2528/17 2530/17
f 2946/17 2530/17 2531/17 2532/17
f 2945/17 2532/17 2533/17 2534/17
f 2944/17 2534/17 3849/17 3850/17
f 2938/17 2535/17 2148/17 2941/17
f 2606/17 2601/17 491/17 492/17
f 2467/17 490/17 3854/17 3855/17
f 2953/17 489/17 488/17 2954/17
f 2954/17 488/17 2543/17 2545/17
f 2539/17 2537/17 1598/17 1600/17
f 2521/17 493/17 499/17 2519/17
f 2517/17 499/17 496/17 2516/17
f 2546/17 2163/17 2165/17 2313/17
f 2389/17 2266/17 2268/17 2271/17
f 2345/17 2197/17 2198/17 2209/17
f 2034/17 2027/17 2028/17 2030/17
f 2022/17 1998/17 1997/17 1999/17
f 2020/17 1999/17 2000/17 2002/17
f 2020/17 2002/17 2015/17 2016/17
f 2015/17 2002/17 2003/17 2004/17
f 3889/17 3890/17 2005/17 2006/17
f 1527/17 1487/17 1488/17 1524/17
f 1524/17 1488/17 1490/17 1523/17
f 1490/17 1519/17 1521/17 1523/17
f 1490/17 1493/17 2955/17 1519/17
f 2955/17 1493/17 1491/17 1495/17
f 1495/17 1516/17 1518/17 2955/17
f 1495/17 1499/17 2956/17 1516/17
f 2956/17 1499/17 1496/17 1501/17
f 2956/17 1510/17 1512/17 1516/17
f 2956/17 1501/17 1507/17 1510/17
f 2955/17 1518/17 1517/17 1519/17
f 1504/17 684/17 2957/17 1503/17
f 2957/17 684/17 685/17 686/17
f 1504/17 683/17 681/17 684/17
f 1504/17 1500/17 2958/17 683/17
f 2958/17 1500/17 3673/17 3674/17
f 3674/17 3675/17 398/17 2958/17
f 1498/17 1494/17 358/17 396/17
f 1494/17 1492/17 356/17 358/17
f 3882/17 3883/17 516/17 1404/17
f 1400/17 1261/17 1396/17 1397/17
f 1400/17 1404/17 1259/17 1261/17
f 1396/17 1265/17 1393/17 1394/17
f 1396/17 1261/17 1262/17 1265/17
f 1393/17 1268/17 1389/17 1390/17
f 1393/17 1265/17 1266/17 1268/17
f 1389/17 1271/17 1384/17 1385/17
f 1389/17 1268/17 1269/17 1271/17
f 1384/17 2959/17 1382/17 1379/17
f 1384/17 1271/17 1272/17 2959/17
f 2959/17 2960/17 1378/17 1382/17
f 2959/17 1272/17 1273/17 2960/17
f 2960/17 2962/17 2961/17 1378/17
f 2960/17 1273/17 1275/17 2962/17
f 2962/17 1323/17 1326/17 2961/17
f 2962/17 1275/17 1277/17 1323/17
f 2961/17 1373/17 1374/17 1378/17
f 2961/17 1326/17 2963/17 1373/17
f 2963/17 1368/17 1369/17 1373/17
f 2963/17 1327/17 2964/17 1368/17
f 2963/17 1326/17 1325/17 1327/17
f 2964/17 1363/17 1364/17 1368/17
f 2964/17 2966/17 2965/17 1363/17
f 2964/17 1327/17 1328/17 2966/17
f 2966/17 2968/17 2967/17 2965/17
f 2966/17 1328/17 1329/17 2968/17
f 2968/17 2970/17 2969/17 2967/17
f 2968/17 1329/17 1330/17 2970/17
f 2970/17 1333/17 2971/17 2969/17
f 2970/17 1330/17 1331/17 1333/17
f 2971/17 2973/17 434/17 2969/17
f 2971/17 1336/17 2972/17 2973/17
f 2971/17 1333/17 1334/17 1336/17
f 2972/17 1336/17 1337/17 1341/17
f 2972/17 1355/17 1357/17 2973/17
f 2972/17 1341/17 1342/17 1355/17
f 2973/17 1357/17 433/17 434/17
f 434/17 435/17 2967/17 2969/17
f 435/17 1362/17 2965/17 2967/17
f 2965/17 1362/17 1361/17 1363/17
f 1320/17 513/17 509/17 1319/17
f 1304/17 609/17 362/17 363/17
f 1304/17 1301/17 608/17 609/17
f 1304/17 363/17 368/17 1303/17
f 1248/17 1232/17 1233/17 1237/17
f 1109/17 855/17 856/17 857/17
f 238/17 831/17 832/17 262/17
f 262/17 832/17 2974/17 263/17
f 2974/17 2975/17 264/17 263/17
f 2974/17 827/17 2976/17 2975/17
f 2974/17 832/17 826/17 827/17
f 2976/17 2979/17 2977/17 2975/17
f 2976/17 822/17 2978/17 2979/17
f 2976/17 827/17 821/17 822/17
f 2978/17 822/17 816/17 817/17
f 3783/17 3784/17 2982/17 2980/17
f 3784/17 3785/17 2981/17 2982/17
f 2981/17 3785/17 3786/17 810/17
f 810/17 2985/17 2983/17 2981/17
f 810/17 807/17 2984/17 2985/17
f 2984/17 807/17 804/17 805/17
f 805/17 2988/17 2986/17 2984/17
f 805/17 801/17 2987/17 2988/17
f 2987/17 801/17 798/17 799/17
f 799/17 2990/17 2989/17 2987/17
f 799/17 795/17 2991/17 2990/17
f 2991/17 2993/17 2992/17 2990/17
f 2991/17 793/17 2994/17 2993/17
f 2991/17 795/17 792/17 793/17
f 2994/17 2996/17 2995/17 2993/17
f 2994/17 789/17 2997/17 2996/17
f 2994/17 793/17 788/17 789/17
f 2997/17 2999/17 2998/17 2996/17
f 2997/17 784/17 3000/17 2999/17
f 2997/17 789/17 783/17 784/17
f 3000/17 3002/17 3001/17 2999/17
f 3000/17 779/17 3003/17 3002/17
f 3000/17 784/17 778/17 779/17
f 3003/17 3005/17 3004/17 3002/17
f 3003/17 774/17 3006/17 3005/17
f 3003/17 779/17 773/17 774/17
f 3006/17 468/17 3007/17 3005/17
f 3006/17 769/17 467/17 468/17
f 3006/17 774/17 768/17 769/17
f 3007/17 3009/17 3010/17 3008/17
f 3007/17 468/17 469/17 3009/17
f 3007/17 3008/17 3004/17 3005/17
f 3011/17 3014/17 3013/17 3012/17
f 3011/17 463/17 464/17 3014/17
f 3014/17 3016/17 3015/17 3013/17
f 3014/17 464/17 3017/17 3016/17
f 3017/17 464/17 465/17 760/17
f 3017/17 755/17 3018/17 3016/17
f 3017/17 760/17 754/17 755/17
f 3018/17 3019/17 3015/17 3016/17
f 3018/17 750/17 3020/17 3019/17
f 3018/17 755/17 749/17 750/17
f 3020/17 3022/17 3021/17 3019/17
f 3020/17 745/17 350/17 3022/17
f 3020/17 750/17 744/17 745/17
f 3022/17 3024/17 3023/17 3021/17
f 3022/17 350/17 351/17 3024/17
f 3024/17 3026/17 3025/17 3023/17
f 3024/17 351/17 353/17 3026/17
f 3026/17 3028/17 3027/17 3025/17
f 3026/17 353/17 3029/17 3028/17
f 3029/17 3030/17 437/17 3028/17
f 3029/17 3032/17 3031/17 3030/17
f 3029/17 353/17 352/17 3032/17
f 3032/17 266/17 265/17 3031/17
f 3032/17 352/17 95/17 266/17
f 265/17 267/17 3033/17 3031/17
f 267/17 268/17 3034/17 3033/17
f 268/17 269/17 3035/17 3034/17
f 269/17 270/17 3036/17 3035/17
f 270/17 271/17 3037/17 3036/17
f 271/17 272/17 3038/17 3037/17
f 272/17 273/17 3039/17 3038/17
f 273/17 274/17 3040/17 3039/17
f 274/17 3780/17 3781/17 3040/17
f 275/17 264/17 2975/17 2977/17
f 3781/17 3782/17 3041/17 3040/17
f 3041/17 3782/17 3783/17 2980/17
f 2980/17 3043/17 3114/17 3041/17
f 2980/17 2982/17 3042/17 3043/17
f 3042/17 2982/17 2981/17 2983/17
f 2983/17 3046/17 3044/17 3042/17
f 2983/17 2985/17 3045/17 3046/17
f 3045/17 2985/17 2984/17 2986/17
f 2986/17 3048/17 3047/17 3045/17
f 2986/17 2988/17 3049/17 3048/17
f 3049/17 3051/17 3050/17 3048/17
f 3049/17 2989/17 3052/17 3051/17
f 3049/17 2988/17 2987/17 2989/17
f 3052/17 3054/17 3053/17 3051/17
f 3052/17 2992/17 3055/17 3054/17
f 3052/17 2989/17 2990/17 2992/17
f 3055/17 3057/17 3056/17 3054/17
f 3055/17 2995/17 3058/17 3057/17
f 3055/17 2992/17 2993/17 2995/17
f 3058/17 3060/17 3059/17 3057/17
f 3058/17 2998/17 3061/17 3060/17
f 3058/17 2995/17 2996/17 2998/17
f 3061/17 3063/17 3062/17 3060/17
f 3061/17 3001/17 3064/17 3063/17
f 3061/17 2998/17 2999/17 3001/17
f 3064/17 3066/17 3065/17 3063/17
f 3064/17 3004/17 3008/17 3066/17
f 3064/17 3001/17 3002/17 3004/17
f 3066/17 3067/17 3068/17 3065/17
f 3066/17 3008/17 3010/17 3067/17
f 3010/17 3071/17 3069/17 3067/17
f 3010/17 3009/17 3070/17 3071/17
f 3072/17 3075/17 3074/17 3073/17
f 3072/17 3012/17 3013/17 3075/17
f 3075/17 3077/17 3076/17 3074/17
f 3075/17 3013/17 3015/17 3077/17
f 3077/17 3021/17 3023/17 3076/17
f 3077/17 3015/17 3019/17 3021/17
f 3076/17 3079/17 3078/17 3074/17
f 3076/17 3023/17 3025/17 3079/17
f 3079/17 3081/17 3080/17 3078/17
f 3079/17 3025/17 3027/17 3081/17
f 3081/17 439/17 3082/17 3080/17
f 3081/17 3027/17 438/17 439/17
f 3082/17 3084/17 3083/17 3080/17
f 3082/17 3086/17 3085/17 3084/17
f 3082/17 439/17 440/17 3086/17
f 3086/17 3088/17 3087/17 3085/17
f 3086/17 440/17 441/17 3088/17
f 3088/17 3090/17 3089/17 3087/17
f 3088/17 441/17 3091/17 3090/17
f 3091/17 3093/17 3092/17 3090/17
f 3091/17 3095/17 3094/17 3093/17
f 3091/17 441/17 442/17 3095/17
f 3095/17 3097/17 3096/17 3094/17
f 3095/17 442/17 443/17 3097/17
f 3097/17 3099/17 3098/17 3096/17
f 3097/17 443/17 3100/17 3099/17
f 3100/17 443/17 444/17 3101/17
f 3100/17 3103/17 3102/17 3099/17
f 3100/17 3101/17 3104/17 3103/17
f 3104/17 3101/17 3106/17 3105/17
f 3104/17 3108/17 3107/17 3103/17
f 3104/17 3105/17 3109/17 3108/17
f 3109/17 3105/17 3111/17 3110/17
f 3109/17 3113/17 3044/17 3108/17
f 3109/17 3110/17 3112/17 3113/17
f 3112/17 3110/17 3037/17 3038/17
f 3112/17 3114/17 3043/17 3113/17
f 3112/17 3038/17 3039/17 3114/17
f 3113/17 3043/17 3042/17 3044/17
f 3044/17 3046/17 3107/17 3108/17
f 3111/17 3115/17 3035/17 3036/17
f 3111/17 3105/17 3106/17 3115/17
f 3111/17 3036/17 3037/17 3110/17
f 3115/17 3116/17 3034/17 3035/17
f 3115/17 3106/17 445/17 3116/17
f 3116/17 3117/17 3033/17 3034/17
f 3116/17 445/17 436/17 3117/17
f 3117/17 436/17 437/17 3030/17
f 3117/17 3030/17 3031/17 3033/17
f 3107/17 3047/17 3102/17 3103/17
f 3107/17 3046/17 3045/17 3047/17
f 3106/17 3101/17 444/17 445/17
f 3102/17 3050/17 3098/17 3099/17
f 3102/17 3047/17 3048/17 3050/17
f 3098/17 3053/17 3118/17 3096/17
f 3098/17 3050/17 3051/17 3053/17
f 3118/17 3119/17 3094/17 3096/17
f 3118/17 3056/17 3120/17 3119/17
f 3118/17 3053/17 3054/17 3056/17
f 3120/17 3122/17 3121/17 3119/17
f 3120/17 3059/17 3123/17 3122/17
f 3120/17 3056/17 3057/17 3059/17
f 3123/17 3125/17 3124/17 3122/17
f 3123/17 3062/17 3126/17 3125/17
f 3123/17 3059/17 3060/17 3062/17
f 3126/17 3127/17 3128/17 3125/17
f 3126/17 3065/17 3068/17 3127/17
f 3126/17 3062/17 3063/17 3065/17
f 3127/17 3131/17 3129/17 3128/17
f 3127/17 3068/17 3130/17 3131/17
f 3130/17 3068/17 3067/17 3069/17
f 3069/17 3134/17 3132/17 3130/17
f 3069/17 3071/17 3133/17 3134/17
f 3133/17 3071/17 3070/17 3135/17
f 3141/17 3083/17 3167/17 3140/17
f 3141/17 3078/17 3080/17 3083/17
f 3141/17 3073/17 3074/17 3078/17
f 3142/17 3092/17 3144/17 3143/17
f 3142/17 3089/17 3090/17 3092/17
f 3144/17 3124/17 3145/17 3143/17
f 3144/17 3121/17 3122/17 3124/17
f 3144/17 3092/17 3093/17 3121/17
f 3145/17 3124/17 3125/17 3128/17
f 3145/17 3146/17 3147/17 3143/17
f 3145/17 3128/17 3129/17 3146/17
f 3129/17 3150/17 3148/17 3146/17
f 3129/17 3131/17 3149/17 3150/17
f 3149/17 3131/17 3130/17 3132/17
f 3132/17 3152/17 3151/17 3149/17
f 3132/17 3134/17 3153/17 3152/17
f 3153/17 3155/17 3154/17 3152/17
f 3153/17 3157/17 3156/17 3155/17
f 3153/17 3134/17 3133/17 3157/17
f 3157/17 3159/17 3158/17 3156/17
f 3157/17 3133/17 3135/17 3159/17
f 3160/17 3136/17 3137/17 3161/17
f 3161/17 3137/17 3138/17 3162/17
f 3162/17 3138/17 3139/17 3163/17
f 3165/17 3140/17 3167/17 3166/17
f 3167/17 3168/17 3199/17 3166/17
f 3168/17 3084/17 3085/17 3169/17
f 3168/17 3167/17 3083/17 3084/17
f 3169/17 3085/17 3087/17 3170/17
f 3170/17 3087/17 3089/17 3171/17
f 3171/17 3089/17 3142/17 3172/17
f 3172/17 3142/17 3143/17 3147/17
f 3172/17 3175/17 3173/17 3171/17
f 3172/17 3147/17 3174/17 3175/17
f 3174/17 3147/17 3146/17 3148/17
f 3148/17 3177/17 3176/17 3174/17
f 3148/17 3150/17 3178/17 3177/17
f 3178/17 3181/17 3179/17 3177/17
f 3178/17 3151/17 3180/17 3181/17
f 3178/17 3150/17 3149/17 3151/17
f 3180/17 3151/17 3152/17 3154/17
f 3154/17 3183/17 3182/17 3180/17
f 3154/17 3155/17 3184/17 3183/17
f 3155/17 3156/17 3185/17 3184/17
f 3156/17 3158/17 3186/17 3185/17
f 3195/17 3164/17 3197/17 3196/17
f 3197/17 3198/17 3213/17 3196/17
f 3197/17 3166/17 3199/17 3198/17
f 3197/17 3164/17 3165/17 3166/17
f 3199/17 3201/17 3200/17 3198/17
f 3201/17 3169/17 3170/17 3202/17
f 3201/17 3199/17 3168/17 3169/17
f 3202/17 3170/17 3171/17 3173/17
f 3173/17 3204/17 3203/17 3202/17
f 3173/17 3175/17 3205/17 3204/17
f 3205/17 3208/17 3206/17 3204/17
f 3205/17 3176/17 3207/17 3208/17
f 3205/17 3175/17 3174/17 3176/17
f 3207/17 3176/17 3177/17 3179/17
f 3179/17 3210/17 3209/17 3207/17
f 3179/17 3181/17 3211/17 3210/17
f 3211/17 3181/17 3180/17 3182/17
f 3212/17 3196/17 3213/17 3234/17
f 3212/17 3194/17 3195/17 3196/17
f 3213/17 3214/17 3235/17 3234/17
f 3214/17 3200/17 3203/17 3215/17
f 3214/17 3213/17 3198/17 3200/17
f 3215/17 3203/17 3204/17 3206/17
f 3206/17 3217/17 3216/17 3215/17
f 3206/17 3208/17 3218/17 3217/17
f 3218/17 3208/17 3207/17 3209/17
f 3182/17 3183/17 3220/17 3219/17
f 3183/17 3184/17 3221/17 3220/17
f 3184/17 3185/17 3222/17 3221/17
f 3185/17 3186/17 3223/17 3222/17
f 3186/17 3187/17 3224/17 3223/17
f 3187/17 3188/17 3225/17 3224/17
f 3188/17 3189/17 3226/17 3225/17
f 3189/17 3190/17 3227/17 3226/17
f 3190/17 3191/17 3228/17 3227/17
f 3191/17 3192/17 3229/17 3228/17
f 3192/17 3193/17 3230/17 3229/17
f 3193/17 3194/17 3231/17 3230/17
f 3194/17 3212/17 3232/17 3231/17
f 3212/17 3234/17 3233/17 3232/17
f 3241/17 3243/17 3242/17 3240/17
f 3241/17 3219/17 3220/17 3243/17
f 3243/17 3245/17 3244/17 3242/17
f 3243/17 3220/17 3221/17 3245/17
f 3245/17 3247/17 3246/17 3244/17
f 3245/17 3221/17 3222/17 3247/17
f 3247/17 3249/17 3248/17 3246/17
f 3247/17 3222/17 3223/17 3249/17
f 3249/17 3251/17 3250/17 3248/17
f 3249/17 3223/17 3224/17 3251/17
f 3251/17 3253/17 3252/17 3250/17
f 3251/17 3224/17 3225/17 3253/17
f 3253/17 3255/17 3254/17 3252/17
f 3253/17 3225/17 3226/17 3255/17
f 3255/17 3257/17 3256/17 3254/17
f 3255/17 3226/17 3227/17 3257/17
f 3257/17 3259/17 3258/17 3256/17
f 3257/17 3227/17 3228/17 3259/17
f 3259/17 3261/17 3260/17 3258/17
f 3259/17 3228/17 3229/17 3261/17
f 3261/17 3263/17 3262/17 3260/17
f 3261/17 3229/17 3230/17 3263/17
f 3263/17 3265/17 3264/17 3262/17
f 3263/17 3230/17 3231/17 3265/17
f 3265/17 3267/17 3266/17 3264/17
f 3265/17 3231/17 3232/17 3267/17
f 3267/17 3269/17 3268/17 3266/17
f 3267/17 3232/17 3233/17 3269/17
f 3278/17 3240/17 3242/17 3279/17
f 3279/17 3242/17 3244/17 3280/17
f 3280/17 3244/17 3246/17 3281/17
f 3281/17 3246/17 3248/17 3282/17
f 3282/17 3248/17 3250/17 3283/17
f 3283/17 3250/17 3252/17 3284/17
f 3284/17 3252/17 3254/17 3285/17
f 3285/17 3254/17 3256/17 3286/17
f 3286/17 3256/17 3258/17 3287/17
f 3287/17 3258/17 3260/17 3288/17
f 3288/17 3260/17 3262/17 3289/17
f 3289/17 3262/17 3264/17 3290/17
f 3290/17 3264/17 3266/17 3291/17
f 3291/17 3266/17 3268/17 3292/17
f 3291/17 3620/17 3621/17 3290/17
f 3291/17 3292/17 3634/17 3620/17
f 3632/17 3633/17 3278/17 3279/17
f 3631/17 3632/17 3279/17 3280/17
f 3630/17 3631/17 3280/17 3281/17
f 3629/17 3630/17 3281/17 3282/17
f 3628/17 3629/17 3282/17 3283/17
f 3627/17 3628/17 3283/17 3284/17
f 3626/17 3627/17 3284/17 3285/17
f 3625/17 3626/17 3285/17 3286/17
f 3624/17 3625/17 3286/17 3287/17
f 3623/17 3624/17 3287/17 3288/17
f 3622/17 3623/17 3288/17 3289/17
f 3621/17 3622/17 3289/17 3290/17
f 3295/17 3309/17 3308/17 3293/17
f 3295/17 3294/17 3310/17 3309/17
f 3296/17 3297/17 3312/17 3311/17
f 3297/17 3298/17 3313/17 3312/17
f 3298/17 3299/17 3314/17 3313/17
f 3299/17 3300/17 3315/17 3314/17
f 3300/17 3301/17 3316/17 3315/17
f 3301/17 3302/17 3317/17 3316/17
f 3302/17 3303/17 3318/17 3317/17
f 3303/17 3304/17 3319/17 3318/17
f 3304/17 3305/17 3320/17 3319/17
f 3305/17 3306/17 3321/17 3320/17
f 3306/17 3307/17 3322/17 3321/17
f 3322/17 3325/17 3323/17 3321/17
f 3322/17 3308/17 3324/17 3325/17
f 3322/17 3307/17 3293/17 3308/17
f 3324/17 3308/17 3309/17 3326/17
f 3326/17 3309/17 3310/17 3327/17
f 3329/17 3311/17 3312/17 3330/17
f 3330/17 3312/17 3313/17 3331/17
f 3331/17 3313/17 3314/17 3332/17
f 3332/17 3314/17 3315/17 3333/17
f 3333/17 3315/17 3316/17 3334/17
f 3334/17 3316/17 3317/17 3335/17
f 3335/17 3317/17 3318/17 3336/17
f 3336/17 3318/17 3319/17 3337/17
f 3337/17 3319/17 3320/17 3338/17
f 3338/17 3320/17 3321/17 3323/17
f 3323/17 3341/17 3339/17 3338/17
f 3323/17 3325/17 3340/17 3341/17
f 3340/17 3325/17 3324/17 3342/17
f 3342/17 3324/17 3326/17 3343/17
f 3343/17 3326/17 3327/17 3344/17
f 3344/17 3327/17 3328/17 3345/17
f 3345/17 3328/17 3452/17 3346/17
f 3346/17 3452/17 3453/17 3347/17
f 3347/17 3453/17 3454/17 3348/17
f 3348/17 3454/17 3455/17 3349/17
f 3349/17 3455/17 3456/17 455/17
f 455/17 3456/17 3457/17 456/17
f 456/17 3457/17 3329/17 3374/17
f 3374/17 3329/17 3330/17 3350/17
f 3350/17 3330/17 3331/17 3351/17
f 3351/17 3331/17 3332/17 3352/17
f 3352/17 3332/17 3333/17 3353/17
f 3353/17 3333/17 3334/17 3354/17
f 3354/17 3334/17 3335/17 3355/17
f 3355/17 3335/17 3336/17 3356/17
f 3356/17 3336/17 3337/17 3357/17
f 3357/17 3337/17 3338/17 3339/17
f 3341/17 409/17 3358/17 3339/17
f 3341/17 3340/17 408/17 409/17
f 3340/17 3342/17 410/17 408/17
f 3342/17 3343/17 3359/17 410/17
f 3343/17 3344/17 3360/17 3359/17
f 3344/17 3345/17 3361/17 3360/17
f 3345/17 3346/17 3362/17 3361/17
f 3346/17 3347/17 3363/17 3362/17
f 3347/17 3348/17 3364/17 3363/17
f 3348/17 3349/17 452/17 3364/17
f 3364/17 3366/17 3365/17 3363/17
f 3364/17 452/17 453/17 3366/17
f 3366/17 3368/17 3367/17 3365/17
f 3366/17 453/17 3369/17 3368/17
f 3369/17 3371/17 3370/17 3368/17
f 3369/17 3373/17 3372/17 3371/17
f 3369/17 453/17 454/17 3373/17
f 3373/17 3374/17 3350/17 3372/17
f 3373/17 454/17 456/17 3374/17
f 3350/17 3351/17 3375/17 3372/17
f 3351/17 3352/17 3376/17 3375/17
f 3352/17 3353/17 3377/17 3376/17
f 3353/17 3354/17 3378/17 3377/17
f 3354/17 3355/17 3379/17 3378/17
f 3355/17 3356/17 3380/17 3379/17
f 3356/17 3357/17 3381/17 3380/17
f 3381/17 3382/17 458/17 3380/17
f 3381/17 3358/17 3383/17 3382/17
f 3381/17 3357/17 3339/17 3358/17
f 3383/17 3385/17 3384/17 3382/17
f 3383/17 405/17 406/17 3385/17
f 3383/17 3358/17 409/17 405/17
f 3385/17 3387/17 3386/17 3384/17
f 3385/17 406/17 3388/17 3387/17
f 3388/17 3390/17 3389/17 3387/17
f 3388/17 3392/17 3391/17 3390/17
f 3388/17 406/17 407/17 3392/17
f 3392/17 3359/17 3360/17 3391/17
f 3392/17 407/17 410/17 3359/17
f 3391/17 3394/17 3393/17 3390/17
f 3391/17 3360/17 3361/17 3394/17
f 3394/17 3396/17 3395/17 3393/17
f 3394/17 3361/17 3362/17 3396/17
f 3396/17 3365/17 3367/17 3395/17
f 3396/17 3362/17 3363/17 3365/17
f 3395/17 449/17 450/17 3393/17
f 3395/17 3367/17 451/17 449/17
f 3393/17 450/17 3389/17 3390/17
f 3389/17 3397/17 3386/17 3387/17
f 3389/17 450/17 446/17 3397/17
f 3397/17 3398/17 462/17 3386/17
f 3397/17 446/17 447/17 3398/17
f 3398/17 3399/17 461/17 462/17
f 3398/17 447/17 3400/17 3399/17
f 3400/17 447/17 448/17 3401/17
f 3400/17 3403/17 3402/17 3399/17
f 3400/17 3401/17 3404/17 3403/17
f 3404/17 3401/17 3370/17 3371/17
f 3404/17 3375/17 3376/17 3403/17
f 3404/17 3371/17 3372/17 3375/17
f 3403/17 3376/17 3377/17 3402/17
f 3402/17 460/17 461/17 3399/17
f 3402/17 3377/17 3378/17 460/17
f 3401/17 448/17 451/17 3370/17
f 3386/17 462/17 457/17 3384/17
f 3384/17 457/17 458/17 3382/17
f 3380/17 458/17 459/17 3379/17
f 3379/17 459/17 460/17 3378/17
f 3370/17 451/17 3367/17 3368/17
f 3216/17 3235/17 3214/17 3215/17
f 3203/17 3200/17 3201/17 3202/17
f 3121/17 3093/17 3094/17 3119/17
f 3114/17 3039/17 3040/17 3041/17
f 3028/17 437/17 438/17 3027/17
f 823/17 325/17 818/17 819/17
f 769/17 764/17 466/17 467/17
f 760/17 465/17 466/17 759/17
f 745/17 741/17 349/17 350/17
f 731/17 421/17 422/17 730/17
f 195/17 682/17 679/17 276/17
f 3700/17 3702/17 3703/17 3701/17
f 3701/17 3704/17 3698/17 3697/17
f 3701/17 3703/17 3705/17 3704/17
f 3705/17 3706/17 3707/17 3704/17
f 3406/17 343/17 337/17 3408/17
f 3408/17 337/17 338/17 3409/17
f 3409/17 338/17 334/17 3410/17
f 3410/17 334/17 331/17 3411/17
f 3411/17 331/17 332/17 3412/17
f 3412/17 332/17 618/17 620/17
f 3485/17 3486/17 655/17 3413/17
f 3486/17 3487/17 654/17 655/17
f 3413/17 3414/17 3484/17 3485/17
f 3413/17 3415/17 3416/17 3414/17
f 3413/17 655/17 657/17 3415/17
f 3468/17 3469/17 3417/17 664/17
f 3469/17 3470/17 659/17 3417/17
f 664/17 666/17 3467/17 3468/17
f 666/17 3418/17 3466/17 3467/17
f 3685/17 3686/17 3420/17 3419/17
f 3418/17 666/17 667/17 669/17
f 3420/17 528/17 3422/17 3419/17
f 3420/17 3421/17 527/17 528/17
f 3420/17 3686/17 3687/17 3421/17
f 3421/17 673/17 532/17 527/17
f 3421/17 3687/17 3688/17 673/17
f 3422/17 528/17 529/17 3423/17
f 3423/17 529/17 530/17 674/17
f 3423/17 674/17 3462/17 3463/17
f 3423/17 3463/17 3464/17 3422/17
f 3464/17 3465/17 3419/17 3422/17
f 3427/17 3426/17 3428/17 3430/17
f 3427/17 3430/17 3414/17 3416/17
f 3682/17 3683/17 3425/17 3429/17
f 3430/17 3428/17 3482/17 3483/17
f 3430/17 3483/17 3484/17 3414/17
f 3429/17 3425/17 3424/17 3431/17
f 3424/17 3432/17 3433/17 3431/17
f 3432/17 675/17 676/17 3433/17
f 3433/17 676/17 3478/17 3479/17
f 3433/17 3479/17 3480/17 3431/17
f 3480/17 3481/17 3429/17 3431/17
f 3708/17 3692/17 3691/17 3698/17
f 3708/17 3698/17 3704/17 3707/17
f 3429/17 3481/17 3681/17 3682/17
f 3465/17 3684/17 3685/17 3419/17
f 653/17 3490/17 3491/17 624/17
f 640/17 629/17 630/17 639/17
f 634/17 631/17 336/17 536/17
f 618/17 332/17 36/17 39/17
f 550/17 547/17 542/17 543/17
f 387/17 316/17 317/17 380/17
f 346/17 335/17 333/17 339/17
f 339/17 333/17 334/17 338/17
f 37/17 3435/17 287/17 71/17
f 3435/17 3436/17 96/17 287/17
f 70/17 88/17 3435/17 37/17
f 90/17 3436/17 3435/17 88/17
f 48/10 47/10 26/10 32/10
f 27/10 47/10 48/10 33/10
f 33/16 70/13 69/11 27/15
f 3437/18 69/11 70/13 37/19
f 3438/20 3437/19 37/21 71/22
f 3439/10 3438/20 71/22 38/18
f 3440/10 3439/18 38/10 39/10
f 31/10 3440/10 39/10 36/10
f 57/9 31/9 36/9 58/9
f 30/9 57/9 58/9 35/9
f 82/9 81/9 30/9 35/9
f 29/9 81/9 82/9 526/9
f 3441/9 29/9 526/9 59/9
f 28/9 3441/9 59/9 34/9
f 34/9 49/9 3442/9 28/9
f 26/9 3442/9 49/9 32/9
f 3163/17 3139/17 3458/17 3459/17
f 3462/17 3461/17 192/17 675/17
f 3463/17 3462/17 675/17 3432/17
f 3464/17 3463/17 3432/17 3424/17
f 3424/17 3425/17 3465/17 3464/17
f 3425/17 3683/17 3684/17 3465/17
f 3467/17 3466/17 3426/17 3427/17
f 3468/17 3467/17 3427/17 3416/17
f 3415/17 3469/17 3468/17 3416/17
f 3415/17 657/17 3470/17 3469/17
f 656/17 3471/17 3470/17 657/17
f 656/17 648/17 3472/17 3471/17
f 3473/17 3472/17 648/17 649/17
f 3474/17 3473/17 649/17 650/17
f 650/17 625/17 3475/17 3474/17
f 176/17 3460/17 3475/17 625/17
f 3478/17 3477/17 194/17 677/17
f 3479/17 3478/17 677/17 3434/17
f 3480/17 3479/17 3434/17 3405/17
f 3405/17 3407/17 3481/17 3480/17
f 3680/17 3681/17 3481/17 3407/17
f 3483/17 3482/17 3406/17 3408/17
f 3484/17 3483/17 3408/17 3409/17
f 3485/17 3484/17 3409/17 3410/17
f 3411/17 3486/17 3485/17 3410/17
f 3411/17 3412/17 3487/17 3486/17
f 3488/17 3487/17 3412/17 620/17
f 3489/17 3488/17 620/17 622/17
f 3490/17 3489/17 622/17 621/17
f 3491/17 3490/17 621/17 623/17
f 174/17 3476/17 3491/17 623/17
f 3492/17 3493/17 3497/17 3496/17
f 3493/17 3492/17 3495/17 3494/17
f 3494/17 3495/17 3504/17 3505/17
f 3496/17 3497/17 3499/17 3498/17
f 3498/17 3499/17 3501/17 3500/17
f 3500/17 3501/17 3503/17 3502/17
f 3502/17 3503/17 3509/17 3508/17
f 3505/17 3504/17 3507/17 3506/17
f 3506/17 3507/17 3513/17 3512/17
f 3508/17 3509/17 3510/17 3511/17
f 3511/17 3510/17 3518/17 3519/17
f 3512/17 3513/17 3515/17 3514/17
f 3514/17 3515/17 3517/17 3516/17
f 3516/17 3517/17 3519/17 3518/17
f 2759/17 2760/17 3494/17 2784/17
f 3494/17 2760/17 2761/17 3493/17
f 3503/17 2764/17 2766/17 2785/17
f 3492/17 3496/17 2791/17 2790/17
f 3496/17 3498/17 2792/17 2791/17
f 3498/17 3500/17 2793/17 2792/17
f 2762/17 3497/17 3493/17 2761/17
f 2763/17 3499/17 3497/17 2762/17
f 2765/17 3501/17 3499/17 2763/17
f 3503/17 3501/17 2765/17 2764/17
f 3504/17 3495/17 3492/17 2790/17
f 3508/17 3511/17 3519/17 2793/17
f 3500/17 3502/17 3508/17 2793/17
f 3513/17 3507/17 3504/17 2790/17
f 3515/17 3513/17 2790/17 2791/17
f 3517/17 3515/17 2791/17 2792/17
f 3519/17 3517/17 2792/17 2793/17
f 3503/17 2785/17 2794/17 3509/17
f 2822/17 3505/17 3506/17 2821/17
f 2822/17 2784/17 3494/17 3505/17
f 3506/17 3512/17 2825/17 2824/17
f 3512/17 3514/17 2826/17 2825/17
f 3514/17 3516/17 2827/17 2826/17
f 3516/17 3518/17 2828/17 2827/17
f 3518/17 3510/17 2829/17 2828/17
f 3510/17 3509/17 2794/17 2831/17
f 3520/17 3521/17 3529/17 3528/17
f 3521/17 3520/17 3522/17 3523/17
f 3523/17 3522/17 3524/17 3525/17
f 3525/17 3524/17 3526/17 3527/17
f 3527/17 3526/17 3531/17 3530/17
f 3528/17 3529/17 3532/17 3533/17
f 3530/17 3531/17 3537/17 3536/17
f 3533/17 3532/17 3535/17 3534/17
f 3534/17 3535/17 3540/17 3541/17
f 3536/17 3537/17 3539/17 3538/17
f 3538/17 3539/17 3551/17 3550/17
f 3541/17 3540/17 3543/17 3542/17
f 3542/17 3543/17 3545/17 3544/17
f 3544/17 3545/17 3547/17 3546/17
f 3546/17 3547/17 3549/17 3548/17
f 3548/17 3549/17 3550/17 3551/17
f 497/17 3522/17 3520/17 2591/17
f 497/17 498/17 3524/17 3522/17
f 498/17 2592/17 3526/17 3524/17
f 2651/17 2589/17 2590/17 3528/17
f 3528/17 2590/17 2591/17 3520/17
f 3531/17 2593/17 2653/17 2652/17
f 3531/17 3526/17 2592/17 2593/17
f 2693/17 3541/17 2711/17 2710/17
f 3541/17 3542/17 2712/17 2711/17
f 3542/17 3544/17 2713/17 2712/17
f 3544/17 3546/17 2714/17 2713/17
f 3546/17 3548/17 2715/17 2714/17
f 3548/17 3551/17 2716/17 2715/17
f 3551/17 2694/17 2717/17 2716/17
f 3443/17 3532/17 3529/17 3521/17
f 3444/17 3443/17 3521/17 3523/17
f 3445/17 3444/17 3523/17 3525/17
f 3446/17 3445/17 3525/17 3527/17
f 3536/17 3446/17 3527/17 3530/17
f 3535/17 3532/17 3443/17 2671/17
f 3446/17 3536/17 3538/17 2674/17
f 3543/17 3540/17 3535/17 2671/17
f 3545/17 3543/17 2671/17 2672/17
f 3547/17 3545/17 2672/17 2673/17
f 3549/17 3547/17 2673/17 2674/17
f 3538/17 3550/17 3549/17 2674/17
f 2669/17 2651/17 3528/17 3533/17
f 3533/17 3534/17 2670/17 2669/17
f 3537/17 2676/17 2675/17 3539/17
f 2676/17 3537/17 3531/17 2652/17
f 2670/17 3534/17 3541/17 2693/17
f 3539/17 2675/17 2694/17 3551/17
f 3552/17 3553/17 3555/17 3554/17
f 3553/17 3552/17 3556/17 3557/17
f 3554/17 3555/17 3573/17 3572/17
f 3557/17 3556/17 3558/17 3559/17
f 3559/17 3558/17 3560/17 3561/17
f 3561/17 3560/17 3566/17 3567/17
f 3562/17 3563/17 3564/17 3565/17
f 3563/17 3562/17 3567/17 3566/17
f 3565/17 3564/17 3570/17 3571/17
f 3568/17 3569/17 3586/17 3587/17
f 3569/17 3568/17 3571/17 3570/17
f 3572/17 3573/17 3575/17 3574/17
f 3574/17 3575/17 3576/17 3577/17
f 3577/17 3576/17 3579/17 3578/17
f 3578/17 3579/17 3581/17 3580/17
f 3580/17 3581/17 3583/17 3582/17
f 3582/17 3583/17 3585/17 3584/17
f 3584/17 3585/17 3587/17 3586/17
f 3070/17 3009/17 469/17 3554/17
f 3554/17 469/17 299/17 3552/17
f 3552/17 299/17 463/17 3556/17
f 3556/17 463/17 3011/17 3558/17
f 3558/17 3011/17 3012/17 3560/17
f 3012/17 3072/17 3566/17 3560/17
f 3563/17 3073/17 3141/17 3140/17
f 3563/17 3566/17 3072/17 3073/17
f 3564/17 3165/17 3164/17 3570/17
f 3165/17 3564/17 3563/17 3140/17
f 3158/17 3577/17 3187/17 3186/17
f 3577/17 3578/17 3188/17 3187/17
f 3578/17 3580/17 3189/17 3188/17
f 3580/17 3582/17 3190/17 3189/17
f 3582/17 3584/17 3191/17 3190/17
f 3584/17 3586/17 3192/17 3191/17
f 3586/17 3569/17 3193/17 3192/17
f 3569/17 3195/17 3194/17 3193/17
f 3195/17 3569/17 3570/17 3164/17
f 3070/17 3554/17 3572/17 3135/17
f 3573/17 3555/17 3553/17 3136/17
f 3136/17 3553/17 3557/17 3137/17
f 3137/17 3557/17 3559/17 3138/17
f 3138/17 3559/17 3561/17 3139/17
f 3139/17 3561/17 3567/17 3458/17
f 3458/17 3567/17 3562/17 3565/17
f 3159/17 3574/17 3577/17 3158/17
f 3159/17 3135/17 3572/17 3574/17
f 3575/17 3160/17 3579/17 3576/17
f 3575/17 3573/17 3136/17 3160/17
f 3160/17 3161/17 3581/17 3579/17
f 3161/17 3162/17 3583/17 3581/17
f 3162/17 3163/17 3585/17 3583/17
f 3163/17 3459/17 3587/17 3585/17
f 3459/17 3571/17 3568/17 3587/17
f 3459/17 3458/17 3565/17 3571/17
f 3588/17 3589/17 3593/17 3592/17
f 3589/17 3588/17 3591/17 3590/17
f 3590/17 3591/17 3609/17 3608/17
f 3592/17 3593/17 3606/17 3607/17
f 3594/17 3595/17 3610/17 3611/17
f 3595/17 3594/17 3597/17 3596/17
f 3596/17 3597/17 3607/17 3606/17
f 3598/17 3599/17 3605/17 3604/17
f 3599/17 3598/17 3600/17 3601/17
f 3601/17 3600/17 3603/17 3602/17
f 3602/17 3603/17 3614/17 3615/17
f 3604/17 3605/17 3619/17 3618/17
f 3608/17 3609/17 3615/17 3614/17
f 3611/17 3610/17 3613/17 3612/17
f 3612/17 3613/17 3617/17 3616/17
f 3616/17 3617/17 3618/17 3619/17
f 3211/17 3591/17 3588/17 3210/17
f 3211/17 3182/17 3219/17 3591/17
f 3218/17 3607/17 3597/17 3217/17
f 3218/17 3209/17 3592/17 3607/17
f 3592/17 3209/17 3210/17 3588/17
f 3611/17 3235/17 3216/17 3594/17
f 3611/17 3233/17 3234/17 3235/17
f 3594/17 3216/17 3217/17 3597/17
f 3606/17 3237/17 3236/17 3596/17
f 3606/17 3593/17 3238/17 3237/17
f 3238/17 3600/17 3598/17 3237/17
f 3238/17 3239/17 3603/17 3600/17
f 3238/17 3593/17 3589/17 3239/17
f 3270/17 3236/17 3604/17 3618/17
f 3270/17 3595/17 3596/17 3236/17
f 3604/17 3236/17 3237/17 3598/17
f 3619/17 3273/17 3271/17 3616/17
f 3619/17 3605/17 3272/17 3273/17
f 3272/17 3605/17 3599/17 3274/17
f 3274/17 3599/17 3601/17 3275/17
f 3275/17 3601/17 3602/17 3276/17
f 3276/17 3602/17 3615/17 3277/17
f 3277/17 3615/17 3240/17 3278/17
f 3292/17 3268/17 3616/17 3271/17
f 3239/17 3608/17 3614/17 3603/17
f 3239/17 3589/17 3590/17 3608/17
f 3609/17 3241/17 3240/17 3615/17
f 3609/17 3591/17 3219/17 3241/17
f 3269/17 3612/17 3616/17 3268/17
f 3269/17 3233/17 3611/17 3612/17
f 3613/17 3270/17 3618/17 3617/17
f 3613/17 3610/17 3595/17 3270/17
f 3621/17 3620/17 3295/17 3293/17
f 3307/17 3622/17 3621/17 3293/17
f 3306/17 3623/17 3622/17 3307/17
f 3305/17 3624/17 3623/17 3306/17
f 3304/17 3625/17 3624/17 3305/17
f 3303/17 3626/17 3625/17 3304/17
f 3302/17 3627/17 3626/17 3303/17
f 3301/17 3628/17 3627/17 3302/17
f 3300/17 3629/17 3628/17 3301/17
f 3299/17 3630/17 3629/17 3300/17
f 3298/17 3631/17 3630/17 3299/17
f 3297/17 3632/17 3631/17 3298/17
f 3296/17 3633/17 3632/17 3297/17
f 3620/17 3634/17 3294/17 3295/17
f 3635/17 3636/17 3655/17 3656/17
f 3636/17 3635/17 3637/17 3638/17
f 3638/17 3637/17 3652/17 3651/17
f 3639/17 3640/17 3651/17 3652/17
f 3640/17 3639/17 3641/17 3642/17
f 3642/17 3641/17 3643/17 3644/17
f 3644/17 3643/17 3645/17 3646/17
f 3646/17 3645/17 3649/17 3650/17
f 3647/17 3648/17 3653/17 3654/17
f 3648/17 3647/17 3650/17 3649/17
f 3654/17 3653/17 3658/17 3657/17
f 3656/17 3655/17 3665/17 3666/17
f 3657/17 3658/17 3660/17 3659/17
f 3659/17 3660/17 3662/17 3661/17
f 3661/17 3662/17 3664/17 3663/17
f 3663/17 3664/17 3666/17 3665/17
f 3665/17 3655/17 3271/17 3273/17
f 3294/17 3636/17 3638/17 3310/17
f 3447/17 3448/17 3641/17 3639/17
f 3448/17 3449/17 3643/17 3641/17
f 3449/17 3450/17 3645/17 3643/17
f 3272/17 3663/17 3665/17 3273/17
f 3274/17 3661/17 3663/17 3272/17
f 3275/17 3659/17 3661/17 3274/17
f 3276/17 3657/17 3659/17 3275/17
f 3654/17 3657/17 3276/17 3277/17
f 3652/17 3451/17 3447/17 3639/17
f 3650/17 3457/17 3456/17 3646/17
f 3450/17 3648/17 3649/17 3645/17
f 3453/17 3452/17 3651/17 3640/17
f 3454/17 3453/17 3640/17 3642/17
f 3455/17 3454/17 3642/17 3644/17
f 3456/17 3455/17 3644/17 3646/17
f 3635/17 3451/17 3652/17 3637/17
f 3647/17 3296/17 3311/17 3650/17
f 3328/17 3638/17 3651/17 3452/17
f 3457/17 3650/17 3311/17 3329/17
f 3647/17 3654/17 3633/17 3296/17
f 3648/17 3450/17 3658/17 3653/17
f 3660/17 3658/17 3450/17 3449/17
f 3662/17 3660/17 3449/17 3448/17
f 3664/17 3662/17 3448/17 3447/17
f 3666/17 3664/17 3447/17 3451/17
f 3635/17 3656/17 3666/17 3451/17
f 3294/17 3634/17 3655/17 3636/17
f 3669/17 3668/17 201/17 695/17
f 1509/17 3670/17 3669/17 695/17
f 1506/17 3671/17 3670/17 1509/17
f 3672/17 3671/17 1506/17 1505/17
f 1497/17 3673/17 3672/17 1505/17
f 3674/17 3673/17 1497/17 1498/17
f 1498/17 396/17 3675/17 3674/17
f 288/17 3676/17 3675/17 396/17
f 288/17 341/17 3677/17 3676/17
f 3678/17 3677/17 341/17 342/17
f 3679/17 3678/17 342/17 343/17
f 3680/17 3679/17 343/17 3406/17
f 3482/17 3681/17 3680/17 3406/17
f 3682/17 3681/17 3482/17 3428/17
f 3428/17 3426/17 3683/17 3682/17
f 3684/17 3683/17 3426/17 3466/17
f 3685/17 3684/17 3466/17 3418/17
f 3418/17 669/17 3686/17 3685/17
f 3687/17 3686/17 669/17 670/17
f 3688/17 3687/17 670/17 671/17
f 185/17 3667/17 3688/17 671/17
f 3676/17 3677/17 3712/17 3709/17
f 3675/17 3676/17 3709/17 398/17
f 194/17 3715/17 3718/17 677/17
f 3727/17 3724/17 679/17 678/17
f 3727/17 678/17 680/17 3730/17
f 680/17 398/17 3709/17 3730/17
f 276/17 679/17 3724/17 3721/17
f 3733/17 3678/17 3679/17 3736/17
f 3733/17 3712/17 3677/17 3678/17
f 3736/17 3407/17 3405/17 3739/17
f 3407/17 3679/17 3680/17
f 3434/17 677/17 3718/17 3742/17
f 3434/17 3742/17 3739/17 3405/17
f 3720/17 3717/17 3756/17 3757/17
f 3723/17 3726/17 3766/17 3901/17
f 3726/17 3729/17 3765/17 3766/17
f 3729/17 3732/17 3764/17 3765/17
f 3732/17 3711/17 3763/17 3764/17
f 3711/17 3714/17 3762/17 3763/17
f 3714/17 3735/17 3761/17 3762/17
f 3735/17 3738/17 3760/17 3761/17
f 3738/17 3741/17 3759/17 3760/17
f 3744/17 3720/17 3757/17 3758/17
f 3741/17 3744/17 3758/17 3759/17
f 3709/17 3710/17 3731/17 3730/17
f 3710/17 3711/17 3732/17 3731/17
f 3711/17 3710/17 3713/17 3714/17
f 3710/17 3709/17 3712/17 3713/17
f 3715/17 3716/17 3719/17 3718/17
f 3716/17 3717/17 3720/17 3719/17
f 3718/17 3719/17 3743/17 3742/17
f 3719/17 3720/17 3744/17 3743/17
f 3723/17 3722/17 3725/17 3726/17
f 3726/17 3725/17 3728/17 3729/17
f 3725/17 3724/17 3727/17 3728/17
f 3729/17 3728/17 3731/17 3732/17
f 3728/17 3727/17 3730/17 3731/17
f 3713/17 3712/17 3733/17 3734/17
f 3735/17 3734/17 3737/17 3738/17
f 3734/17 3733/17 3736/17 3737/17
f 3738/17 3737/17 3740/17 3741/17
f 3737/17 3736/17 3739/17 3740/17
f 3741/17 3740/17 3743/17 3744/17
f 3740/17 3739/17 3742/17 3743/17
f 3767/17 3768/17 3690/17 3692/17
f 3778/17 3767/17 3692/17 3708/17
f 3777/17 3778/17 3708/17 3707/17
f 3776/17 3777/17 3707/17 3706/17
f 3775/17 3776/17 3706/17 3705/17
f 3774/17 3775/17 3705/17 3703/17
f 3773/17 3774/17 3703/17 3702/17
f 3772/17 3773/17 3702/17 3700/17
f 3771/17 3772/17 3700/17 3699/17
f 3770/17 3771/17 3699/17 3696/17
f 3769/17 3770/17 3696/17 3695/17
f 3757/17 3756/17 3745/17 3746/17
f 3758/17 3757/17 3746/17 3747/17
f 3759/17 3758/17 3747/17 3748/17
f 3760/17 3759/17 3748/17 3749/17
f 3761/17 3760/17 3749/17 3750/17
f 3762/17 3761/17 3750/17 3751/17
f 3763/17 3762/17 3751/17 3752/17
f 3764/17 3763/17 3752/17 3753/17
f 3765/17 3764/17 3753/17 3754/17
f 3766/17 3765/17 3754/17 3755/17
f 3746/17 3745/17 3768/17 3767/17
f 3755/17 3754/17 3771/17 3770/17
f 3754/17 3753/17 3772/17 3771/17
f 3753/17 3752/17 3773/17 3772/17
f 3752/17 3751/17 3774/17 3773/17
f 3751/17 3750/17 3775/17 3774/17
f 3750/17 3749/17 3776/17 3775/17
f 3749/17 3748/17 3777/17 3776/17
f 3748/17 3747/17 3778/17 3777/17
f 3747/17 3746/17 3767/17 3778/17
f 3781/17 3780/17 275/17 2977/17
f 2977/17 2979/17 3782/17 3781/17
f 3783/17 3782/17 2979/17 2978/17
f 817/17 3784/17 3783/17 2978/17
f 817/17 812/17 3785/17 3784/17
f 3786/17 3785/17 812/17 809/17
f 808/17 3787/17 3786/17 809/17
f 3788/17 3787/17 808/17 811/17
f 3789/17 3788/17 811/17 1864/17
f 1855/17 3790/17 3789/17 1864/17
f 1855/17 1856/17 3791/17 3790/17
f 1856/17 1849/17 3792/17 3791/17
f 1849/17 1850/17 3793/17 3792/17
f 1850/17 1842/17 3794/17 3793/17
f 1842/17 1838/17 3795/17 3794/17
f 3796/17 3795/17 1838/17 1836/17
f 1835/17 3797/17 3796/17 1836/17
f 3798/17 3797/17 1835/17 1832/17
f 1831/17 3799/17 3798/17 1832/17
f 3800/17 3799/17 1831/17 1801/17
f 3801/17 3800/17 1801/17 1800/17
f 476/17 3802/17 3801/17 1800/17
f 476/17 477/17 3803/17 3802/17
f 477/17 1731/17 3804/17 3803/17
f 3805/17 3804/17 1731/17 1730/17
f 3806/17 3805/17 1730/17 1703/17
f 1703/17 1596/17 3807/17 3806/17
f 3808/17 3807/17 1596/17 2150/17
f 2940/17 3809/17 3808/17 2150/17
f 2939/17 3810/17 3809/17 2940/17
f 2625/17 3811/17 3852/17 3853/17
f 3812/17 3811/17 2625/17 2626/17
f 2549/17 3813/17 3812/17 2626/17
f 2549/17 2551/17 3814/17 3813/17
f 3815/17 3814/17 2551/17 2550/17
f 2472/17 3816/17 3815/17 2550/17
f 2472/17 2474/17 3817/17 3816/17
f 3818/17 3817/17 2474/17 2473/17
f 2289/17 3819/17 3818/17 2473/17
f 2289/17 2285/17 3820/17 3819/17
f 3821/17 3820/17 2285/17 2282/17
f 2281/17 3822/17 3821/17 2282/17
f 3823/17 3822/17 2281/17 2284/17
f 3824/17 3823/17 2284/17 2280/17
f 2388/17 3825/17 3824/17 2280/17
f 2387/17 3826/17 3825/17 2388/17
f 2387/17 2264/17 3827/17 3826/17
f 2263/17 3828/17 3827/17 2264/17
f 2263/17 2104/17 3829/17 3828/17
f 2103/17 3830/17 3829/17 2104/17
f 2103/17 1541/17 3831/17 3830/17
f 1540/17 3832/17 3831/17 1541/17
f 1540/17 721/17 3833/17 3832/17
f 220/17 3779/17 3833/17 721/17
f 3836/17 3835/17 231/17 732/17
f 1715/17 3837/17 3836/17 732/17
f 1714/17 3838/17 3837/17 1715/17
f 1713/17 3839/17 3838/17 1714/17
f 1712/17 3840/17 3839/17 1713/17
f 1712/17 1711/17 3841/17 3840/17
f 3842/17 3841/17 1711/17 1578/17
f 3843/17 3842/17 1578/17 1580/17
f 1580/17 1582/17 3844/17 3843/17
f 3845/17 3844/17 1582/17 1584/17
f 3846/17 3845/17 1584/17 1586/17
f 1586/17 2144/17 3847/17 3846/17
f 3848/17 3847/17 2144/17 2145/17
f 3849/17 3848/17 2145/17 2146/17
f 3850/17 3849/17 2146/17 2535/17
f 2938/17 3851/17 3850/17 2535/17
f 3810/17 3852/17 3851/17 2938/17
f 3853/17 3852/17 3810/17 2939/17
f 489/17 3854/17 3853/17 2939/17
f 3855/17 3854/17 489/17 2953/17
f 2953/17 2310/17 3856/17 3855/17
f 3857/17 3856/17 2310/17 2309/17
f 3858/17 3857/17 2309/17 2402/17
f 3859/17 3858/17 2402/17 2404/17
f 3860/17 3859/17 2404/17 2406/17
f 3861/17 3860/17 2406/17 2407/17
f 3862/17 3861/17 2407/17 2409/17
f 3863/17 3862/17 2409/17 2411/17
f 3864/17 3863/17 2411/17 2413/17
f 3865/17 3864/17 2413/17 2415/17
f 2417/17 3866/17 3865/17 2415/17
f 2417/17 2337/17 3867/17 3866/17
f 3868/17 3867/17 2337/17 2338/17
f 3869/17 3868/17 2338/17 2340/17
f 3870/17 3869/17 2340/17 2341/17
f 2343/17 3871/17 3870/17 2341/17
f 2343/17 2212/17 3872/17 3871/17
f 2210/17 3873/17 3872/17 2212/17
f 2210/17 2040/17 3874/17 3873/17
f 3875/17 3874/17 2040/17 2038/17
f 1430/17 3876/17 3875/17 2038/17
f 3877/17 3876/17 1430/17 1428/17
f 1426/17 3878/17 3877/17 1428/17
f 1426/17 1399/17 3879/17 3878/17
f 3880/17 3879/17 1399/17 1398/17
f 3881/17 3880/17 1398/17 1401/17
f 1401/17 1405/17 3882/17 3881/17
f 1405/17 515/17 3883/17 3882/17
f 307/17 3884/17 3883/17 515/17
f 307/17 518/17 3885/17 3884/17
f 3886/17 3885/17 518/17 1410/17
f 3887/17 3886/17 1410/17 1411/17
f 3888/17 3887/17 1411/17 2012/17
f 2012/17 2013/17 3889/17 3888/17
f 2013/17 2004/17 3890/17 3889/17
f 3891/17 3890/17 2004/17 2003/17
f 2001/17 3892/17 3891/17 2003/17
f 2001/17 1211/17 3893/17 3892/17
f 1207/17 3894/17 3893/17 1211/17
f 1207/17 1203/17 3895/17 3894/17
f 3896/17 3895/17 1203/17 1204/17
f 3897/17 3896/17 1204/17 1299/17
f 1299/17 1300/17 3898/17 3897/17
f 1300/17 607/17 3899/17 3898/17
f 164/17 3834/17 3899/17 607/17
f 3900/17 3901/17 3766/17 3755/17
f 3769/17 3900/17 3755/17 3770/17
f 2830/17 2829/17 3510/17 2831/17
f 2823/17 2821/17 3506/17 2824/17
f 3278/17 3633/17 3654/17 3277/17
f 3292/17 3271/17 3655/17 3634/17
f 3327/17 3310/17 3638/17 3328/17
f 3721/17 3724/17 3725/17 3722/17
f 3713/17 3734/17 3735/17 3714/17
f 3902/1 3967/4 3966/3 3944/2
f 3975/2 3902/5 3944/5 3976/2
f 3954/5 3904/5 3979/6 3978/6
f 3963/7 3904/9 3954/6 3964/8
f 3904/6 3963/7 3962/9 3911/9
f 3904/5 3911/9 3980/9 3979/5
f 3955/9 3908/9 3913/9 3956/9
f 3942/1 3915/1 3906/1 3943/1
f 3974/1 3916/1 3902/5 3975/5
f 3916/10 3968/11 3967/4 3902/1
f 3952/9 3912/9 3905/6 3953/7
f 3910/10 3917/10 3946/10 3945/10
f 3917/10 3920/10 3947/10 3946/10
f 3951/9 3921/9 3912/9 3952/9
f 3911/9 3962/9 3961/9 3922/9
f 3911/9 3922/9 3981/9 3980/9
f 3956/9 3913/9 3923/9 3957/9
f 3941/1 3925/1 3915/1 3942/1
f 3973/1 3926/1 3916/1 3974/1
f 3926/12 3969/13 3968/11 3916/10
f 3920/10 3928/10 3948/10 3947/10
f 7153/9 3929/9 3921/9 3951/9
f 3922/9 3961/9 7152/9 3930/9
f 3922/9 3930/9 3982/9 3981/9
f 3957/9 3923/9 3931/9 3958/9
f 7151/1 7150/1 3925/1 3941/1
f 7149/1 7148/1 3926/1 3973/1
f 7148/12 3970/13 3969/11 3926/10
f 3924/1 3932/1 7151/1 3941/1
f 3914/1 3924/1 3941/1 3942/1
f 3907/1 3914/1 3942/1 3943/1
f 3903/5 3977/2 3976/2 3944/5
f 3965/14 3903/5 3944/2 3966/3
f 3946/10 3918/10 3909/10 3945/10
f 3947/10 3919/10 3918/10 3946/10
f 3948/10 3927/10 3919/10 3947/10
f 3927/9 7153/9 3951/9 3919/9
f 3919/9 3951/9 3952/9 3918/9
f 3918/9 3952/9 3953/7 3909/9
f 3964/8 3954/6 3903/5 3965/6
f 3903/5 3954/5 3978/6 3977/6
f 3907/9 3955/9 3956/9 3914/9
f 3914/9 3956/9 3957/9 3924/9
f 3924/9 3957/9 3958/9 3932/9
f 3961/9 3921/9 3929/9 7152/9
f 3962/9 3912/9 3921/9 3961/9
f 3963/7 3905/9 3912/9 3962/9
f 3953/7 3905/6 3963/7 3964/8
f 3909/9 3953/7 3964/8 3965/6
f 3945/10 3909/10 3965/14 3966/3
f 3967/4 3910/10 3945/10 3966/3
f 3968/11 3917/15 3910/10 3967/4
f 3969/13 3920/16 3917/15 3968/11
f 3970/13 3928/16 3920/15 3969/11
f 3925/1 7150/1 7149/1 3973/1
f 3915/1 3925/1 3973/1 3974/1
f 3906/5 3915/1 3974/1 3975/5
f 3943/1 3906/1 3975/2 3976/2
f 3977/2 3907/1 3943/1 3976/2
f 3978/6 3955/9 3907/9 3977/6
f 3979/6 3908/9 3955/9 3978/6
f 3980/9 3913/9 3908/5 3979/5
f 3981/9 3923/9 3913/9 3980/9
f 3982/9 3931/9 3923/9 3981/9
f 3934/10 3984/10 3949/10
f 3934/10 3971/10 3985/10 3984/10
f 3936/9 3987/9 3986/9 3959/9
f 3986/9 3937/9 3959/9
f 3971/10 3989/10 3988/10 3985/10
f 3989/10 90/10 89/10 3988/10
f 3990/17 4025/17 4026/17 4027/17
f 3990/17 4028/17 5079/17 4025/17
f 3990/17 4029/17 4030/17 4031/17
f 3990/17 4031/17 4032/17 4028/17
f 3990/17 4027/17 4033/17 4029/17
f 3991/17 4034/17 4035/17 4036/17
f 3991/17 4037/17 4038/17 4039/17
f 3991/17 4039/17 4040/17 4041/17
f 3991/17 4036/17 4042/17 4037/17
f 3991/17 4041/17 4043/17 4034/17
f 3986/17 4044/17 4045/17 3937/17
f 3986/17 4046/17 4047/17 4044/17
f 3986/17 3987/17 4048/17 4046/17
f 3992/17 92/17 91/17 4049/17
f 3993/17 4050/17 4051/17 4052/17
f 3993/17 4053/17 4054/17 4055/17
f 3993/17 4055/17 4056/17 4050/17
f 3993/17 4057/17 4058/17 4053/17
f 3993/17 4052/17 4059/17 4057/17
f 3994/17 4060/17 4061/17 4062/17
f 3994/17 93/17 94/17 4060/17
f 3994/17 4062/17 4063/17 4064/17
f 3994/17 4065/17 95/17 93/17
f 3994/17 4064/17 4066/17 4065/17
f 3995/17 4067/17 4068/17 4069/17
f 3995/17 4069/17 4071/17 4072/17
f 3995/17 4072/17 4073/17 4070/17
f 3996/17 4074/17 4075/17 4076/17
f 3996/17 5019/17 5051/17 4077/17
f 3996/17 4078/17 4079/17 4074/17
f 3996/17 4077/17 4080/17 4078/17
f 3996/17 4076/17 4081/17 5019/17
f 3997/17 4082/17 4083/17 4084/17
f 3997/17 4085/17 4086/17 4082/17
f 3997/17 4087/17 4088/17 4085/17
f 3997/17 4084/17 4089/17 4090/17
f 3997/17 4090/17 4911/17 4087/17
f 3998/17 4091/17 4092/17 4093/17
f 3998/17 4094/17 4095/17 4096/17
f 3998/17 4096/17 4097/17 4098/17
f 3998/17 4098/17 4099/17 4091/17
f 3998/17 4093/17 4100/17 4094/17
f 3999/17 4101/17 4102/17 4103/17
f 3999/17 4104/17 4105/17 4101/17
f 3999/17 4103/17 4106/17 4104/17
f 4000/17 3972/17 4107/17 4108/17
f 4000/17 4108/17 97/17 96/17
f 4001/17 4072/17 4071/17 4109/17
f 4001/17 4110/17 4073/17 4072/17
f 4001/17 4054/17 4053/17 4110/17
f 4002/17 4112/17 4113/17 4114/17
f 4002/17 4114/17 4115/17 4116/17
f 4002/17 4116/17 4117/17 4112/17
f 4003/17 4118/17 4119/17 4120/17
f 4003/17 4121/17 4122/17 4118/17
f 4003/17 4120/17 4123/17 4121/17
f 4004/17 4124/17 4125/17 4126/17
f 4004/17 98/17 99/17 4124/17
f 4004/17 4126/17 100/17 98/17
f 4005/17 4127/17 101/17 102/17
f 4005/17 102/17 103/17 4128/17
f 4005/17 4128/17 4129/17 4127/17
f 4136/17 4130/17 4131/17 4132/17
f 4136/17 4132/17 4133/17 4137/17
f 4136/17 4134/17 4135/17 4130/17
f 4006/17 4138/17 4139/17 4140/17
f 4006/17 4140/17 4141/17 4142/17
f 4006/17 4142/17 4143/17 4138/17
f 4007/17 4144/17 4145/17 4146/17
f 4007/17 4146/17 4147/17 4148/17
f 4007/17 4148/17 5074/17 4144/17
f 4008/17 4149/17 4150/17 4151/17
f 4008/17 4151/17 4152/17 4153/17
f 4008/17 4153/17 4154/17 4155/17
f 4008/17 4155/17 4156/17 4157/17
f 4008/17 4157/17 4158/17 4149/17
f 4009/17 4159/17 4160/17 4161/17
f 4009/17 4162/17 4163/17 4159/17
f 4009/17 4161/17 4164/17 4162/17
f 4010/17 4165/17 4166/17 4167/17
f 4010/17 4168/17 7061/17 4165/17
f 4010/17 4167/17 4169/17 4168/17
f 4011/17 4170/17 4171/17 4172/17
f 4011/17 4172/17 4173/17 4174/17
f 4011/17 4174/17 4175/17 4170/17
f 4012/17 4176/17 4177/17 4178/17
f 4012/17 4178/17 4179/17 4180/17
f 4012/17 4180/17 4181/17 4182/17
f 4013/17 4183/17 4184/17 4185/17
f 4013/17 5544/17 5543/17 4183/17
f 4013/17 4185/17 5547/17 5544/17
f 4014/17 4186/17 4187/17 4188/17
f 4014/17 4189/17 4190/17 4191/17
f 4014/17 4191/17 4192/17 4186/17
f 4015/17 4193/17 4194/17 4195/17
f 4015/17 4195/17 4196/17 5981/17
f 4015/17 4197/17 4198/17 4199/17
f 4015/17 5981/17 4200/17 4197/17
f 7540/17 6337/17 4203/17 7541/17
f 4016/17 4204/17 4205/17 4206/17
f 4016/17 4207/17 4208/17 4204/17
f 4016/17 4209/17 4210/17 4211/17
f 4016/17 4206/17 4212/17 4209/17
f 4017/17 4213/17 4214/17 4215/17
f 4017/17 4215/17 6603/17 6602/17
f 4017/17 6602/17 6601/17 4213/17
f 4018/17 4216/17 4217/17 4218/17
f 4018/17 4218/17 4219/17 4220/17
f 4018/17 4220/17 4221/17 4216/17
f 4019/17 4222/17 4223/17 4224/17
f 4019/17 4225/17 4226/17 4222/17
f 4019/17 4224/17 4227/17 4225/17
f 7570/17 4229/17 4230/17 7571/17
f 7571/17 4230/17 4968/17 7572/17
f 4020/17 4231/17 4232/17 4228/17
f 4021/17 4233/17 4234/17 4235/17
f 4021/17 4235/17 4236/17 4237/17
f 4021/17 4237/17 4238/17 4233/17
f 4022/17 4240/17 4241/17 4242/17
f 4022/17 4242/17 4243/17 4244/17
f 4022/17 4244/17 4245/17 4240/17
f 4023/17 4246/17 4247/17 4248/17
f 4023/17 104/17 92/17 3992/17
f 4023/17 3992/17 4049/17 4249/17
f 4023/17 4249/17 4250/17 4246/17
f 4023/17 4248/17 105/17 104/17
f 4024/17 4252/17 4253/17 4251/17
f 4254/17 4255/17 4256/17 4257/17
f 4254/17 4257/17 4259/17 4604/17
f 4254/17 4604/17 4601/17 4255/17
f 4255/17 4601/17 4602/17 4260/17
f 4261/17 4262/17 4263/17 4260/17
f 4261/17 4264/17 4265/17 4262/17
f 4265/17 106/17 107/17 4266/17
f 4265/17 4266/17 4267/17 4262/17
f 4265/17 4264/17 108/17 106/17
f 108/17 4264/17 4268/17 109/17
f 109/17 4268/17 4269/17 110/17
f 110/17 4269/17 4270/17 111/17
f 111/17 4270/17 4271/17 112/17
f 112/17 4271/17 4272/17 113/17
f 113/17 4272/17 4273/17 114/17
f 114/17 4273/17 4274/17 115/17
f 115/17 4274/17 4275/17 116/17
f 116/17 4275/17 4276/17 117/17
f 117/17 4276/17 4277/17 118/17
f 118/17 4277/17 4278/17 119/17
f 119/17 4278/17 4279/17 120/17
f 120/17 4279/17 4280/17 121/17
f 121/17 4280/17 4281/17 122/17
f 122/17 4281/17 4282/17 123/17
f 123/17 4282/17 4283/17 124/17
f 124/17 4283/17 4284/17 125/17
f 125/17 4284/17 4285/17 126/17
f 126/17 4285/17 4286/17 127/17
f 127/17 4286/17 4287/17 128/17
f 128/17 4287/17 4288/17 129/17
f 129/17 4288/17 4289/17 130/17
f 130/17 4289/17 4290/17 131/17
f 131/17 4290/17 4291/17 132/17
f 132/17 4291/17 4292/17 133/17
f 133/17 4292/17 4293/17 134/17
f 134/17 4293/17 4294/17 135/17
f 135/17 4294/17 4295/17 136/17
f 136/17 4295/17 4296/17 137/17
f 137/17 4296/17 4297/17 138/17
f 138/17 4297/17 4298/17 139/17
f 139/17 4298/17 4299/17 140/17
f 140/17 4299/17 4300/17 141/17
f 141/17 4300/17 4301/17 142/17
f 142/17 4301/17 4302/17 143/17
f 143/17 4302/17 4303/17 144/17
f 144/17 4303/17 4304/17 145/17
f 145/17 4304/17 4305/17 146/17
f 146/17 4305/17 4306/17 147/17
f 147/17 4306/17 4307/17 148/17
f 148/17 4307/17 4308/17 149/17
f 149/17 4308/17 4309/17 150/17
f 150/17 4309/17 4310/17 151/17
f 151/17 4310/17 4311/17 152/17
f 152/17 4311/17 4312/17 153/17
f 153/17 4312/17 4313/17 154/17
f 154/17 4313/17 4314/17 155/17
f 155/17 4314/17 4315/17 156/17
f 156/17 4315/17 4316/17 157/17
f 157/17 4316/17 4317/17 158/17
f 158/17 4317/17 4318/17 159/17
f 159/17 4318/17 4319/17 160/17
f 160/17 4319/17 4086/17 161/17
f 161/17 4086/17 4085/17 162/17
f 162/17 4085/17 4088/17 163/17
f 163/17 4088/17 4320/17 164/17
f 7586/17 4321/17 165/17 3834/17
f 165/17 4321/17 4322/17 166/17
f 166/17 4322/17 4075/17 167/17
f 167/17 4075/17 4074/17 168/17
f 168/17 4074/17 4079/17 169/17
f 169/17 4079/17 4323/17 170/17
f 170/17 4323/17 4324/17 171/17
f 171/17 4324/17 4325/17 172/17
f 172/17 4325/17 4326/17 173/17
f 173/17 4326/17 3988/17 89/17
f 3988/17 4326/17 4327/17 3985/17
f 3985/17 4327/17 4328/17 3984/17
f 3984/17 4328/17 4329/17 3949/17
f 3949/17 4329/17 4330/17 3933/17
f 3939/17 3940/17 4331/17 4332/17
f 3939/17 4332/17 4107/17 3972/17
f 4332/17 4331/17 4333/17 4335/17
f 4332/17 4335/17 4334/17 4107/17
f 4334/17 4336/17 4108/17 4107/17
f 4336/17 174/17 97/17 4108/17
f 7198/17 4337/17 175/17 3476/17
f 175/17 4337/17 4338/17 176/17
f 7184/17 4339/17 177/17 3460/17
f 177/17 4339/17 4340/17 178/17
f 178/17 4340/17 4341/17 179/17
f 179/17 4341/17 4342/17 180/17
f 180/17 4342/17 630/17
f 181/17 630/17 4351/17
f 181/17 4351/17 4347/17 182/17
f 182/17 4347/17 4344/17 183/17
f 183/17 4344/17 4343/17 184/17
f 184/17 4343/17 4049/17 91/17
f 4344/17 4345/17 4346/17 4343/17
f 4344/17 4347/17 4348/17 4345/17
f 4348/17 4349/17 4350/17 4345/17
f 4348/17 4347/17 4351/17 4352/17
f 4348/17 4352/17 4353/17 4349/17
f 4353/17 4354/17 4355/17 4349/17
f 4353/17 4352/17 4342/17 4341/17
f 4353/17 4341/17 4340/17 4354/17
f 4355/17 4356/17 4357/17 4358/17
f 4355/17 4358/17 4350/17 4349/17
f 4355/17 4354/17 4359/17 4356/17
f 4359/17 4354/17 4340/17 4339/17
f 4356/17 7182/17 7181/17 4357/17
f 4356/17 4359/17 7183/17 7182/17
f 7183/17 4359/17 4339/17 7184/17
f 4361/17 4363/17 4364/17 4360/17
f 4361/17 4362/17 4365/17 4363/17
f 4365/17 4362/17 4338/17 4337/17
f 4363/17 7196/17 7195/17 4364/17
f 4363/17 4365/17 7197/17 7196/17
f 4364/17 7195/17 7194/17 4366/17
f 4366/17 4367/17 4369/17 4368/17
f 4366/17 4368/17 4360/17 4364/17
f 7179/17 4371/17 4370/17 7180/17
f 7180/17 4370/17 4357/17 7181/17
f 4370/17 4371/17 4372/17 4373/17
f 4370/17 4373/17 4358/17 4357/17
f 4373/17 4372/17 4250/17 4374/17
f 4373/17 4374/17 4350/17 4358/17
f 4374/17 4250/17 4249/17 4346/17
f 4374/17 4346/17 4345/17 4350/17
f 4372/17 4371/17 7129/17 4375/17
f 4372/17 4375/17 4246/17 4250/17
f 4375/17 7129/17 4376/17 4377/17
f 4375/17 4377/17 4247/17 4246/17
f 4377/17 4376/17 4378/17 4379/17
f 4377/17 4379/17 4380/17 4247/17
f 4380/17 4379/17 4381/17 4382/17
f 4380/17 4382/17 4383/17 4384/17
f 4380/17 4384/17 4248/17 4247/17
f 4384/17 4383/17 185/17 186/17
f 4384/17 186/17 105/17 4248/17
f 7393/17 4385/17 187/17 3667/17
f 187/17 4385/17 4245/17 188/17
f 188/17 4245/17 4244/17 189/17
f 189/17 4244/17 4243/17 190/17
f 190/17 4243/17 4386/17 191/17
f 191/17 4386/17 7171/17 3461/17
f 192/17 4387/17 4388/17 193/17
f 193/17 4388/17 7185/17 3477/17
f 3690/17 7395/17 7394/17 3689/17
f 3689/17 7394/17 7396/17 3693/17
f 7396/17 7397/17 3695/17 3693/17
f 7396/17 7394/17 7399/17 7398/17
f 7396/17 7398/17 7400/17 7397/17
f 7400/17 7398/17 7402/17 7401/17
f 4392/17 4111/17 6670/17 4395/17
f 4392/17 4395/17 4393/17 4390/17
f 4393/17 4394/17 4391/17 4390/17
f 4394/17 4393/17 4396/17 4397/17
f 4394/17 4397/17 196/17 195/17
f 196/17 4397/17 4398/17 197/17
f 197/17 4398/17 4399/17 198/17
f 198/17 4399/17 4124/17 99/17
f 4399/17 4398/17 6669/17 4400/17
f 4399/17 4400/17 4125/17 4124/17
f 4400/17 6669/17 5215/17 4401/17
f 4400/17 4401/17 4402/17 4125/17
f 4402/17 4401/17 4403/17 4404/17
f 4402/17 4404/17 4405/17 4406/17
f 4402/17 4406/17 4126/17 4125/17
f 4406/17 4405/17 199/17 200/17
f 4406/17 200/17 100/17 4126/17
f 199/17 4405/17 7374/17 3668/17
f 201/17 4407/17 4408/17 202/17
f 202/17 4408/17 4409/17 203/17
f 203/17 4409/17 4410/17 204/17
f 204/17 4410/17 4411/17 205/17
f 205/17 4411/17 4412/17 206/17
f 206/17 4412/17 4413/17 207/17
f 207/17 4413/17 4128/17 103/17
f 4413/17 4412/17 4414/17 4415/17
f 4413/17 4415/17 4129/17 4128/17
f 4415/17 4414/17 4416/17 4417/17
f 4415/17 4417/17 4418/17 4129/17
f 4418/17 4417/17 4419/17 4420/17
f 4418/17 4420/17 4422/17 4421/17
f 4418/17 4421/17 4127/17 4129/17
f 4421/17 4422/17 209/17 208/17
f 4421/17 208/17 101/17 4127/17
f 209/17 4422/17 4423/17 210/17
f 210/17 4423/17 4424/17 211/17
f 211/17 4424/17 4425/17 212/17
f 212/17 4425/17 4426/17 213/17
f 213/17 4426/17 4427/17 214/17
f 214/17 4427/17 4428/17 215/17
f 215/17 4428/17 4429/17 216/17
f 216/17 4429/17 4430/17 217/17
f 217/17 4430/17 4431/17 218/17
f 218/17 4431/17 4432/17 219/17
f 219/17 4432/17 4433/17 220/17
f 7522/17 4434/17 221/17 3779/17
f 221/17 4434/17 4435/17 222/17
f 222/17 4435/17 4436/17 223/17
f 223/17 4436/17 4437/17 224/17
f 224/17 4437/17 4438/17 225/17
f 225/17 4438/17 4439/17 226/17
f 226/17 4439/17 4440/17 227/17
f 227/17 4440/17 4441/17 228/17
f 228/17 4441/17 4442/17 229/17
f 229/17 4442/17 4443/17 230/17
f 230/17 4443/17 7523/17 3835/17
f 231/17 4444/17 4445/17 232/17
f 232/17 4445/17 4446/17 233/17
f 233/17 4446/17 4447/17 234/17
f 234/17 4447/17 4448/17 235/17
f 235/17 4448/17 4449/17 236/17
f 236/17 4449/17 4060/17 94/17
f 4060/17 4449/17 4450/17 4061/17
f 4061/17 4450/17 4451/17 4452/17
f 4452/17 4453/17 4062/17 4061/17
f 4452/17 4454/17 4455/17 4453/17
f 4455/17 4456/17 4457/17 4453/17
f 4455/17 4454/17 4458/17 4459/17
f 4455/17 4459/17 4460/17 4456/17
f 4460/17 4461/17 4462/17 4456/17
f 4460/17 4459/17 4463/17 4464/17
f 4460/17 4464/17 4465/17 4461/17
f 4465/17 4466/17 4467/17 4461/17
f 4465/17 4464/17 4468/17 4469/17
f 4465/17 4469/17 4470/17 4466/17
f 4470/17 4471/17 4472/17 4466/17
f 4470/17 4469/17 4473/17 4474/17
f 4470/17 4474/17 4475/17 4471/17
f 4475/17 4476/17 4179/17 4471/17
f 4475/17 4474/17 4477/17 4478/17
f 4475/17 4478/17 4479/17 4476/17
f 4479/17 4480/17 4481/17 4476/17
f 4479/17 4478/17 4482/17 4483/17
f 4479/17 4483/17 4484/17 4480/17
f 4484/17 4485/17 4486/17 4480/17
f 4484/17 4483/17 4487/17 4488/17
f 4484/17 4488/17 4489/17 4485/17
f 4489/17 4490/17 4491/17 4485/17
f 4489/17 4488/17 4492/17 4493/17
f 4489/17 4493/17 4494/17 4490/17
f 4494/17 4495/17 4496/17 4490/17
f 4494/17 4493/17 4497/17 4498/17
f 4494/17 4498/17 4499/17 4495/17
f 4499/17 4500/17 4501/17 4495/17
f 4499/17 4498/17 4502/17 4506/17
f 4499/17 4506/17 4503/17 4500/17
f 4503/17 4504/17 4505/17 4500/17
f 4504/17 4503/17 4508/17 4512/17
f 4504/17 4512/17 4509/17 4507/17
f 4509/17 4510/17 4511/17 4507/17
f 4510/17 4509/17 4514/17 4518/17
f 4510/17 4518/17 4515/17 4513/17
f 4515/17 4516/17 4517/17 4513/17
f 4516/17 4515/17 7478/17 7477/17
f 4516/17 7477/17 7476/17 4519/17
f 7475/17 4522/17 4519/17 7476/17
f 4521/17 4520/17 4525/17 4526/17
f 4521/17 4526/17 4527/17 4524/17
f 4527/17 4528/17 4529/17 4524/17
f 4527/17 4526/17 4530/17 4531/17
f 4527/17 4531/17 4532/17 4528/17
f 4532/17 4533/17 4534/17 4528/17
f 4532/17 4531/17 4535/17 4536/17
f 4532/17 4536/17 4537/17 4533/17
f 4537/17 4538/17 4539/17 4533/17
f 4537/17 4536/17 4540/17 4541/17
f 4537/17 4541/17 4542/17 4538/17
f 4542/17 4543/17 4544/17 4538/17
f 4542/17 4541/17 4545/17 4546/17
f 4542/17 4546/17 4547/17 4543/17
f 4547/17 4548/17 239/17 237/17
f 4547/17 237/17 238/17 4543/17
f 4547/17 4546/17 4549/17 4548/17
f 4549/17 4546/17 4545/17 4550/17
f 4551/17 4552/17 4634/17 4550/17
f 4551/17 5489/17 4553/17 4552/17
f 4553/17 5489/17 5488/17 4554/17
f 4554/17 4555/17 4631/17 4553/17
f 4554/17 4556/17 4557/17 4555/17
f 4557/17 4556/17 5485/17 4558/17
f 4559/17 4628/17 4629/17 4558/17
f 4559/17 4560/17 4561/17 4628/17
f 4561/17 4560/17 5376/17 4562/17
f 4564/17 4625/17 4626/17 4563/17
f 4564/17 4565/17 4566/17 4625/17
f 4566/17 4565/17 4567/17 4568/17
f 4569/17 4572/17 4571/17 4568/17
f 4569/17 4570/17 4573/17 4572/17
f 4573/17 4570/17 4279/17 4278/17
f 4572/17 4575/17 4574/17 4571/17
f 4572/17 4573/17 4576/17 4575/17
f 4576/17 4573/17 4278/17 4277/17
f 4576/17 4579/17 4577/17 4575/17
f 4576/17 4277/17 4276/17 4579/17
f 4577/17 4578/17 4574/17 4575/17
f 4579/17 4582/17 4580/17 4577/17
f 4579/17 4276/17 4275/17 4582/17
f 4580/17 4581/17 4578/17 4577/17
f 4582/17 4585/17 4583/17 4580/17
f 4582/17 4275/17 4274/17 4585/17
f 4583/17 4584/17 4581/17 4580/17
f 4585/17 4588/17 4586/17 4583/17
f 4585/17 4274/17 4273/17 4588/17
f 4586/17 4587/17 4584/17 4583/17
f 4588/17 4591/17 4589/17 4586/17
f 4588/17 4273/17 4272/17 4591/17
f 4589/17 4590/17 4587/17 4586/17
f 4591/17 4594/17 4592/17 4589/17
f 4591/17 4272/17 4271/17 4594/17
f 4592/17 4593/17 4590/17 4589/17
f 4594/17 4597/17 4596/17 4592/17
f 4594/17 4271/17 4270/17 4597/17
f 4596/17 4595/17 4593/17 4592/17
f 4596/17 4599/17 4598/17 4595/17
f 4596/17 4597/17 4600/17 4599/17
f 4600/17 4597/17 4270/17 4269/17
f 4599/17 4602/17 4601/17 4598/17
f 4599/17 4600/17 4603/17 4602/17
f 4603/17 4600/17 4269/17 4268/17
f 4603/17 4261/17 4260/17 4602/17
f 4603/17 4268/17 4264/17 4261/17
f 4604/17 4259/17 4606/17 4605/17
f 4604/17 4605/17 4598/17 4601/17
f 4605/17 4606/17 4608/17 4607/17
f 4605/17 4607/17 4595/17 4598/17
f 4607/17 4608/17 4610/17 4609/17
f 4607/17 4609/17 4593/17 4595/17
f 4609/17 4610/17 4612/17 4611/17
f 4609/17 4611/17 4590/17 4593/17
f 4611/17 4612/17 4614/17 4613/17
f 4611/17 4613/17 4587/17 4590/17
f 4613/17 4614/17 4616/17 4615/17
f 4613/17 4615/17 4584/17 4587/17
f 4615/17 4616/17 4618/17 4617/17
f 4615/17 4617/17 4581/17 4584/17
f 4617/17 4618/17 4620/17 4619/17
f 4617/17 4619/17 4578/17 4581/17
f 4619/17 4620/17 4622/17 4621/17
f 4619/17 4621/17 4574/17 4578/17
f 4621/17 4622/17 4624/17 4623/17
f 4621/17 4623/17 4571/17 4574/17
f 4623/17 4624/17 4625/17 4566/17
f 4623/17 4566/17 4568/17 4571/17
f 4627/17 4691/17 4561/17 4562/17
f 4627/17 4562/17 4563/17 4626/17
f 4561/17 4691/17 4692/17 4628/17
f 4630/17 4694/17 4555/17 4557/17
f 4630/17 4557/17 4558/17 4629/17
f 4555/17 4694/17 4695/17 4631/17
f 4632/17 4633/17 4634/17 4552/17
f 4632/17 4552/17 4553/17 4631/17
f 4634/17 4633/17 4697/17 4635/17
f 4635/17 4636/17 4548/17 4549/17
f 4635/17 4549/17 4550/17 4634/17
f 4548/17 4636/17 240/17 239/17
f 240/17 4636/17 4637/17 241/17
f 241/17 4637/17 4638/17 242/17
f 242/17 4638/17 4639/17 243/17
f 243/17 4639/17 4640/17 244/17
f 244/17 4640/17 4641/17 245/17
f 245/17 4641/17 4642/17 246/17
f 246/17 4642/17 4643/17 247/17
f 247/17 4643/17 4644/17 248/17
f 248/17 4644/17 4645/17 249/17
f 249/17 4645/17 4646/17 250/17
f 250/17 4646/17 4647/17 251/17
f 251/17 4647/17 4648/17 252/17
f 252/17 4648/17 4649/17 253/17
f 253/17 4649/17 4650/17 254/17
f 254/17 4650/17 4651/17 255/17
f 255/17 4651/17 4652/17 256/17
f 256/17 4652/17 4653/17 257/17
f 257/17 4653/17 4654/17 258/17
f 258/17 4654/17 4655/17 259/17
f 259/17 4655/17 4656/17 260/17
f 260/17 4656/17 4657/17 261/17
f 261/17 4657/17 4266/17 107/17
f 4657/17 4656/17 4658/17 4659/17
f 4657/17 4659/17 4267/17 4266/17
f 4659/17 4658/17 4660/17 4661/17
f 4659/17 4661/17 4662/17 4267/17
f 4662/17 4661/17 4663/17 4664/17
f 4662/17 4664/17 4256/17 4263/17
f 4662/17 4263/17 4262/17 4267/17
f 4664/17 4663/17 4665/17 4258/17
f 4664/17 4258/17 4257/17 4256/17
f 4665/17 4663/17 4666/17 4667/17
f 4665/17 4667/17 4668/17 4670/17
f 4665/17 4670/17 4669/17 4258/17
f 4669/17 4259/17 4257/17 4258/17
f 4669/17 4670/17 4672/17 4671/17
f 4669/17 4671/17 4606/17 4259/17
f 4671/17 4672/17 4674/17 4673/17
f 4671/17 4673/17 4608/17 4606/17
f 4673/17 4674/17 4676/17 4675/17
f 4673/17 4675/17 4610/17 4608/17
f 4675/17 4676/17 4678/17 4677/17
f 4675/17 4677/17 4612/17 4610/17
f 4677/17 4678/17 4680/17 4679/17
f 4677/17 4679/17 4614/17 4612/17
f 4679/17 4680/17 4682/17 4681/17
f 4679/17 4681/17 4616/17 4614/17
f 4681/17 4682/17 4684/17 4683/17
f 4681/17 4683/17 4618/17 4616/17
f 4683/17 4684/17 4686/17 4685/17
f 4683/17 4685/17 4620/17 4618/17
f 4685/17 4686/17 4688/17 4687/17
f 4685/17 4687/17 4622/17 4620/17
f 4687/17 4688/17 4690/17 4689/17
f 4687/17 4689/17 4624/17 4622/17
f 4689/17 4690/17 4627/17 4626/17
f 4689/17 4626/17 4625/17 4624/17
f 4693/17 4701/17 4630/17 4629/17
f 4693/17 4629/17 4628/17 4692/17
f 4630/17 4701/17 4756/17 4694/17
f 4696/17 4699/17 4633/17 4632/17
f 4696/17 4632/17 4631/17 4695/17
f 4633/17 4699/17 4698/17 4697/17
f 4697/17 4698/17 4638/17 4637/17
f 4696/17 4757/17 4758/17 4699/17
f 4696/17 4695/17 4700/17 4757/17
f 4700/17 4695/17 4694/17 4756/17
f 4692/17 4703/17 4702/17 4693/17
f 4692/17 4691/17 4704/17 4703/17
f 4704/17 4691/17 4627/17 4690/17
f 4703/17 4706/17 4705/17 4702/17
f 4703/17 4704/17 4707/17 4706/17
f 4707/17 4704/17 4690/17 4688/17
f 4707/17 4710/17 4708/17 4706/17
f 4707/17 4688/17 4686/17 4710/17
f 4708/17 4709/17 4705/17 4706/17
f 4710/17 4713/17 4711/17 4708/17
f 4710/17 4686/17 4684/17 4713/17
f 4711/17 4712/17 4709/17 4708/17
f 4713/17 4716/17 4714/17 4711/17
f 4713/17 4684/17 4682/17 4716/17
f 4714/17 4715/17 4712/17 4711/17
f 4716/17 4719/17 4717/17 4714/17
f 4716/17 4682/17 4680/17 4719/17
f 4717/17 4718/17 4715/17 4714/17
f 4719/17 4722/17 4720/17 4717/17
f 4719/17 4680/17 4678/17 4722/17
f 4720/17 4721/17 4718/17 4717/17
f 4722/17 4725/17 4723/17 4720/17
f 4722/17 4678/17 4676/17 4725/17
f 4723/17 4724/17 4721/17 4720/17
f 4725/17 4728/17 4727/17 4723/17
f 4725/17 4676/17 4674/17 4728/17
f 4727/17 4726/17 4724/17 4723/17
f 4727/17 4730/17 4729/17 4726/17
f 4727/17 4728/17 4731/17 4730/17
f 4731/17 4728/17 4674/17 4672/17
f 4730/17 4733/17 4732/17 4729/17
f 4730/17 4731/17 4668/17 4733/17
f 4668/17 4731/17 4672/17 4670/17
f 4733/17 4797/17 4794/17 4732/17
f 4733/17 4668/17 4667/17 4797/17
f 4732/17 4794/17 4793/17 4734/17
f 4734/17 4735/17 4737/17 4736/17
f 4734/17 4736/17 4729/17 4732/17
f 4736/17 4737/17 4739/17 4738/17
f 4736/17 4738/17 4726/17 4729/17
f 4738/17 4739/17 4741/17 4740/17
f 4738/17 4740/17 4724/17 4726/17
f 4740/17 4741/17 4743/17 4742/17
f 4740/17 4742/17 4721/17 4724/17
f 4742/17 4743/17 4745/17 4744/17
f 4742/17 4744/17 4718/17 4721/17
f 4744/17 4745/17 4747/17 4746/17
f 4744/17 4746/17 4715/17 4718/17
f 4746/17 4747/17 4749/17 4748/17
f 4746/17 4748/17 4712/17 4715/17
f 4748/17 4749/17 4751/17 4750/17
f 4748/17 4750/17 4709/17 4712/17
f 4750/17 4751/17 4753/17 4752/17
f 4750/17 4752/17 4705/17 4709/17
f 4752/17 4753/17 4755/17 4754/17
f 4752/17 4754/17 4702/17 4705/17
f 4754/17 4755/17 4756/17 4701/17
f 4754/17 4701/17 4693/17 4702/17
f 4756/17 4755/17 4762/17 4700/17
f 4759/17 4639/17 4638/17 4698/17
f 4759/17 4698/17 4699/17 4758/17
f 4758/17 4760/17 4819/17 4759/17
f 4758/17 4757/17 4761/17 4760/17
f 4761/17 4757/17 4700/17 4762/17
f 4762/17 4765/17 4763/17 4761/17
f 4762/17 4755/17 4753/17 4765/17
f 4763/17 4764/17 4760/17 4761/17
f 4763/17 4767/17 4766/17 4764/17
f 4763/17 4765/17 4768/17 4767/17
f 4768/17 4765/17 4753/17 4751/17
f 4767/17 4770/17 4769/17 4766/17
f 4767/17 4768/17 4771/17 4770/17
f 4771/17 4768/17 4751/17 4749/17
f 4770/17 4772/17 4773/17 4769/17
f 4770/17 4771/17 4774/17 4772/17
f 4774/17 4771/17 4749/17 4747/17
f 4772/17 4776/17 4775/17 4773/17
f 4772/17 4774/17 4777/17 4776/17
f 4777/17 4774/17 4747/17 4745/17
f 4776/17 4778/17 4779/17 4775/17
f 4776/17 4777/17 4780/17 4778/17
f 4780/17 4777/17 4745/17 4743/17
f 4778/17 4781/17 4782/17 4779/17
f 4778/17 4780/17 4783/17 4781/17
f 4783/17 4780/17 4743/17 4741/17
f 4781/17 4784/17 4785/17 4782/17
f 4781/17 4783/17 4786/17 4784/17
f 4786/17 4783/17 4741/17 4739/17
f 4786/17 4789/17 4787/17 4784/17
f 4786/17 4739/17 4737/17 4789/17
f 4787/17 4788/17 4785/17 4784/17
f 4789/17 4792/17 4790/17 4787/17
f 4789/17 4737/17 4735/17 4792/17
f 4790/17 4791/17 4788/17 4787/17
f 4792/17 4024/17 4251/17 4790/17
f 4792/17 4735/17 4252/17 4024/17
f 4252/17 4735/17 4734/17 4793/17
f 4794/17 4795/17 4796/17 4793/17
f 4794/17 4797/17 4798/17 4795/17
f 4798/17 4799/17 4800/17 4795/17
f 4798/17 4797/17 4667/17 4666/17
f 4798/17 4666/17 4660/17 4799/17
f 4800/17 4801/17 4802/17 4803/17
f 4800/17 4803/17 4796/17 4795/17
f 4800/17 4799/17 4804/17 4801/17
f 4804/17 4655/17 4654/17 4801/17
f 4804/17 4799/17 4660/17 4658/17
f 4804/17 4658/17 4656/17 4655/17
f 4803/17 4802/17 4805/17 4806/17
f 4803/17 4806/17 4253/17 4796/17
f 4806/17 4805/17 4808/17 4807/17
f 4806/17 4807/17 4251/17 4253/17
f 4807/17 4808/17 4809/17 4791/17
f 4807/17 4791/17 4790/17 4251/17
f 4809/17 4808/17 4651/17 4650/17
f 4809/17 4650/17 4649/17 4810/17
f 4809/17 4810/17 4788/17 4791/17
f 4810/17 4649/17 4648/17 4811/17
f 4810/17 4811/17 4785/17 4788/17
f 4811/17 4648/17 4647/17 4812/17
f 4811/17 4812/17 4782/17 4785/17
f 4812/17 4647/17 4646/17 4813/17
f 4812/17 4813/17 4779/17 4782/17
f 4813/17 4646/17 4645/17 4814/17
f 4813/17 4814/17 4775/17 4779/17
f 4814/17 4645/17 4644/17 4815/17
f 4814/17 4815/17 4773/17 4775/17
f 4815/17 4644/17 4643/17 4816/17
f 4815/17 4816/17 4769/17 4773/17
f 4816/17 4643/17 4642/17 4817/17
f 4816/17 4817/17 4766/17 4769/17
f 4817/17 4642/17 4641/17 4818/17
f 4817/17 4818/17 4764/17 4766/17
f 4818/17 4641/17 4640/17 4819/17
f 4818/17 4819/17 4760/17 4764/17
f 4808/17 4805/17 4652/17 4651/17
f 4805/17 4802/17 4653/17 4652/17
f 4802/17 4801/17 4654/17 4653/17
f 4796/17 4253/17 4252/17 4793/17
f 4819/17 4640/17 4639/17 4759/17
f 4666/17 4663/17 4661/17 4660/17
f 4637/17 4636/17 4635/17 4697/17
f 4570/17 4569/17 4821/17 4820/17
f 4570/17 4820/17 4280/17 4279/17
f 4820/17 4821/17 4823/17 4822/17
f 4820/17 4822/17 4281/17 4280/17
f 4822/17 4823/17 4825/17 4824/17
f 4822/17 4824/17 4282/17 4281/17
f 4824/17 4825/17 4827/17 4826/17
f 4824/17 4826/17 4283/17 4282/17
f 4826/17 4827/17 4828/17 4829/17
f 4826/17 4829/17 4284/17 4283/17
f 4829/17 4828/17 4830/17 4831/17
f 4829/17 4831/17 4285/17 4284/17
f 4831/17 4830/17 4832/17 4833/17
f 4831/17 4833/17 4286/17 4285/17
f 4833/17 4832/17 4834/17 4835/17
f 4833/17 4835/17 4287/17 4286/17
f 4835/17 4834/17 4836/17 4837/17
f 4835/17 4837/17 4288/17 4287/17
f 4837/17 4836/17 4838/17 4839/17
f 4837/17 4839/17 4289/17 4288/17
f 4839/17 4838/17 4840/17 4841/17
f 4839/17 4841/17 4290/17 4289/17
f 4841/17 4840/17 4842/17 4843/17
f 4841/17 4843/17 4291/17 4290/17
f 4843/17 4842/17 4844/17 4845/17
f 4843/17 4845/17 4292/17 4291/17
f 4845/17 4844/17 4846/17 4847/17
f 4845/17 4847/17 4293/17 4292/17
f 4847/17 4846/17 4848/17 4849/17
f 4847/17 4849/17 4294/17 4293/17
f 4849/17 4848/17 4850/17 4851/17
f 4849/17 4851/17 4295/17 4294/17
f 4851/17 4850/17 4852/17 4853/17
f 4851/17 4853/17 4296/17 4295/17
f 4853/17 4852/17 4854/17 4855/17
f 4853/17 4855/17 4297/17 4296/17
f 4855/17 4854/17 4857/17 4856/17
f 4855/17 4856/17 4298/17 4297/17
f 4856/17 4857/17 4859/17 4858/17
f 4856/17 4858/17 4299/17 4298/17
f 4858/17 4859/17 4861/17 4860/17
f 4858/17 4860/17 4300/17 4299/17
f 4860/17 4861/17 4863/17 4862/17
f 4860/17 4862/17 4301/17 4300/17
f 4862/17 4863/17 4865/17 4864/17
f 4862/17 4864/17 4302/17 4301/17
f 4864/17 4865/17 4867/17 4866/17
f 4864/17 4866/17 4303/17 4302/17
f 4866/17 4867/17 4869/17 4868/17
f 4866/17 4868/17 4304/17 4303/17
f 4868/17 4869/17 4871/17 4870/17
f 4868/17 4870/17 4305/17 4304/17
f 4870/17 4871/17 4873/17 4872/17
f 4870/17 4872/17 4306/17 4305/17
f 4872/17 4873/17 4875/17 4874/17
f 4872/17 4874/17 4307/17 4306/17
f 4874/17 4875/17 4877/17 4876/17
f 4874/17 4876/17 4308/17 4307/17
f 4876/17 4877/17 4879/17 4878/17
f 4876/17 4878/17 4309/17 4308/17
f 4878/17 4879/17 4881/17 4880/17
f 4878/17 4880/17 4310/17 4309/17
f 4880/17 4881/17 4882/17 4883/17
f 4880/17 4883/17 4311/17 4310/17
f 4883/17 4882/17 4884/17 4885/17
f 4883/17 4885/17 4312/17 4311/17
f 4885/17 4884/17 4886/17 4887/17
f 4885/17 4887/17 4313/17 4312/17
f 4887/17 4886/17 4888/17 4889/17
f 4887/17 4889/17 4314/17 4313/17
f 4889/17 4888/17 4890/17 4891/17
f 4889/17 4891/17 4315/17 4314/17
f 4891/17 4890/17 4892/17 4893/17
f 4891/17 4893/17 4316/17 4315/17
f 4893/17 4892/17 4894/17 4895/17
f 4893/17 4895/17 4317/17 4316/17
f 4895/17 4894/17 4896/17 4897/17
f 4895/17 4897/17 4318/17 4317/17
f 4897/17 4896/17 4899/17 4898/17
f 4897/17 4898/17 4319/17 4318/17
f 4898/17 4899/17 4083/17 4082/17
f 4898/17 4082/17 4086/17 4319/17
f 4899/17 4900/17 4901/17 4083/17
f 4901/17 4900/17 5689/17 4902/17
f 4901/17 4902/17 4903/17 4904/17
f 4901/17 4904/17 4084/17 4083/17
f 4904/17 4903/17 4906/17 4905/17
f 4904/17 4905/17 4089/17 4084/17
f 4089/17 4905/17 4907/17 4908/17
f 4089/17 4908/17 4909/17 4090/17
f 4909/17 4910/17 4911/17 4090/17
f 4909/17 4908/17 4912/17 4913/17
f 4909/17 4913/17 4914/17 4910/17
f 4914/17 4915/17 4916/17 4910/17
f 4914/17 4913/17 4917/17 4918/17
f 4914/17 4918/17 4919/17 4915/17
f 7581/17 4920/17 5008/17 7582/17
f 4919/17 4918/17 4921/17 4923/17
f 7580/17 4922/17 4920/17 7581/17
f 4922/17 4925/17 4926/17 4924/17
f 4926/17 4927/17 4928/17 4924/17
f 4926/17 4925/17 4929/17 4930/17
f 4926/17 4930/17 4931/17 4927/17
f 4931/17 4932/17 4933/17 4927/17
f 4931/17 4930/17 4934/17 4935/17
f 4931/17 4935/17 4936/17 4932/17
f 4936/17 4937/17 4938/17 4932/17
f 4936/17 4935/17 4939/17 4940/17
f 4936/17 4940/17 4941/17 4937/17
f 4941/17 4942/17 4943/17 4937/17
f 4941/17 4940/17 4944/17 4945/17
f 4941/17 4945/17 4946/17 4942/17
f 4946/17 4947/17 4948/17 4942/17
f 4946/17 4945/17 4949/17 4950/17
f 4946/17 4950/17 4951/17 4947/17
f 4951/17 4952/17 4953/17 4954/17
f 4951/17 4954/17 4955/17 4947/17
f 4951/17 4950/17 4956/17 4952/17
f 4956/17 4957/17 4958/17 4952/17
f 4956/17 4950/17 4949/17 4959/17
f 4956/17 4959/17 4236/17 4957/17
f 4959/17 4949/17 4960/17 4961/17
f 4959/17 4961/17 4237/17 4236/17
f 4961/17 4960/17 4962/17 4963/17
f 4961/17 4963/17 4238/17 4237/17
f 4963/17 4962/17 4964/17 4965/17
f 4963/17 4965/17 4966/17 4238/17
f 4966/17 4965/17 4967/17 4968/17
f 4966/17 4968/17 4230/17 4969/17
f 4966/17 4969/17 4233/17 4238/17
f 4969/17 4230/17 4229/17 4970/17
f 4969/17 4970/17 4234/17 4233/17
f 4970/17 4229/17 5116/17 4971/17
f 4970/17 4971/17 4972/17 4234/17
f 4972/17 4971/17 4973/17 4974/17
f 4972/17 4974/17 4975/17 4976/17
f 4972/17 4976/17 4235/17 4234/17
f 4976/17 4975/17 4958/17 4957/17
f 4976/17 4957/17 4236/17 4235/17
f 4975/17 4974/17 4977/17 4978/17
f 4975/17 4978/17 4979/17 4958/17
f 4979/17 4978/17 4980/17 4981/17
f 4979/17 4981/17 4982/17 4953/17
f 4979/17 4953/17 4952/17 4958/17
f 4982/17 4981/17 4983/17 4984/17
f 4982/17 4984/17 4985/17 4986/17
f 4982/17 4986/17 4954/17 4953/17
f 4986/17 4985/17 4987/17 4988/17
f 4986/17 4988/17 4955/17 4954/17
f 4988/17 4987/17 4989/17 4990/17
f 4988/17 4990/17 4991/17 4955/17
f 4991/17 4990/17 4992/17 4993/17
f 4991/17 4993/17 4994/17 4948/17
f 4991/17 4948/17 4947/17 4955/17
f 4994/17 4993/17 4995/17 4996/17
f 4994/17 4996/17 4997/17 4943/17
f 4994/17 4943/17 4942/17 4948/17
f 4997/17 4996/17 4998/17 4999/17
f 4997/17 4999/17 5000/17 4938/17
f 4997/17 4938/17 4937/17 4943/17
f 5000/17 4999/17 5026/17 5002/17
f 5000/17 5002/17 5001/17 4933/17
f 5000/17 4933/17 4932/17 4938/17
f 5001/17 4928/17 4927/17 4933/17
f 4928/17 5001/17 5003/17 5004/17
f 4928/17 5004/17 5005/17 4924/17
f 5005/17 5004/17 5006/17 5007/17
f 5005/17 5007/17 5008/17 4920/17
f 5005/17 4920/17 4922/17 4924/17
f 5008/17 5007/17 5009/17 5010/17
f 5010/17 5014/17 7584/17 7583/17
f 5010/17 7583/17 7582/17 5008/17
f 5011/17 4911/17 4910/17 4916/17
f 7584/17 5014/17 5013/17 7585/17
f 5011/17 5012/17 4087/17 4911/17
f 7585/17 5013/17 4321/17 7586/17
f 5012/17 4320/17 4088/17 4087/17
f 5014/17 5015/17 5016/17 5013/17
f 5015/17 5014/17 5010/17 5009/17
f 5015/17 5009/17 5017/17 4081/17
f 5017/17 5018/17 5019/17 4081/17
f 5017/17 5009/17 5007/17 5006/17
f 5017/17 5006/17 5020/17 5018/17
f 5020/17 5021/17 5022/17 5018/17
f 5020/17 5006/17 5004/17 5003/17
f 5020/17 5003/17 5023/17 5021/17
f 5023/17 5024/17 5025/17 5021/17
f 5023/17 5003/17 5001/17 5002/17
f 5023/17 5002/17 5026/17 5024/17
f 5026/17 5027/17 5028/17 5024/17
f 5027/17 5026/17 4999/17 4998/17
f 5027/17 4998/17 5030/17 5029/17
f 5030/17 5031/17 5032/17 5029/17
f 5030/17 4998/17 4996/17 4995/17
f 5030/17 4995/17 5033/17 5031/17
f 5033/17 4223/17 4222/17 5031/17
f 5033/17 4995/17 4993/17 4992/17
f 5033/17 4992/17 5034/17 4223/17
f 5034/17 4989/17 5035/17 5036/17
f 5034/17 5036/17 4224/17 4223/17
f 5034/17 4992/17 4990/17 4989/17
f 5036/17 5035/17 5038/17 5037/17
f 5036/17 5037/17 4227/17 4224/17
f 4227/17 5037/17 5039/17 5040/17
f 4227/17 5040/17 5041/17 4225/17
f 4225/17 5041/17 5042/17 4226/17
f 4226/17 5042/17 5043/17 5032/17
f 5032/17 5043/17 5044/17 5029/17
f 5044/17 5043/17 5045/17 5046/17
f 5044/17 5046/17 5047/17 5028/17
f 5044/17 5028/17 5027/17 5029/17
f 5047/17 5046/17 5048/17 5049/17
f 5047/17 5049/17 5050/17 5025/17
f 5047/17 5025/17 5024/17 5028/17
f 5050/17 5049/17 5053/17 5052/17
f 5050/17 5052/17 5051/17 5022/17
f 5050/17 5022/17 5021/17 5025/17
f 5051/17 5019/17 5018/17 5022/17
f 5052/17 5053/17 5054/17 5055/17
f 5052/17 5055/17 4077/17 5051/17
f 5055/17 5054/17 5056/17 5057/17
f 5055/17 5057/17 4080/17 4077/17
f 5057/17 5056/17 4099/17 5058/17
f 5057/17 5058/17 5059/17 4080/17
f 5059/17 5058/17 5060/17 5061/17
f 5059/17 5061/17 5062/17 5063/17
f 5059/17 5063/17 4078/17 4080/17
f 5063/17 5062/17 4324/17 4323/17
f 5063/17 4323/17 4079/17 4078/17
f 5062/17 5061/17 5064/17 5065/17
f 5062/17 5065/17 4325/17 4324/17
f 5065/17 5064/17 4328/17 4327/17
f 5065/17 4327/17 4326/17 4325/17
f 5064/17 5061/17 5060/17 5066/17
f 5064/17 5066/17 4329/17 4328/17
f 5066/17 5060/17 4098/17 4097/17
f 5066/17 4097/17 4330/17 4329/17
f 5060/17 5058/17 4099/17 4098/17
f 5056/17 5054/17 5067/17 5068/17
f 5056/17 5068/17 4091/17 4099/17
f 5068/17 5067/17 5069/17 5070/17
f 5068/17 5070/17 4092/17 4091/17
f 5070/17 5069/17 4146/17 4145/17
f 5070/17 4145/17 5071/17 4092/17
f 5071/17 5072/17 4031/17 4030/17
f 5071/17 4030/17 4093/17 4092/17
f 5071/17 4145/17 4144/17 5072/17
f 5072/17 5073/17 4032/17 4031/17
f 5072/17 4144/17 5074/17 5073/17
f 4032/17 5073/17 5075/17 5076/17
f 4032/17 5076/17 5077/17 4028/17
f 5077/17 5078/17 5079/17 4028/17
f 5077/17 5076/17 5080/17 5081/17
f 5077/17 5081/17 5082/17 5078/17
f 5082/17 5083/17 5084/17 5078/17
f 5082/17 5081/17 5085/17 5086/17
f 5082/17 5086/17 5087/17 5083/17
f 5087/17 5088/17 5089/17 5083/17
f 5087/17 5086/17 5090/17 5094/17
f 5087/17 5094/17 5091/17 5088/17
f 5091/17 5092/17 5093/17 5088/17
f 5092/17 5091/17 5096/17 5097/17
f 5092/17 5097/17 5098/17 5095/17
f 5098/17 5099/17 5100/17 5095/17
f 5098/17 5097/17 5101/17 5102/17
f 5098/17 5102/17 5103/17 5099/17
f 5103/17 5104/17 5141/17 5099/17
f 5103/17 5102/17 5105/17 5106/17
f 5103/17 5106/17 5107/17 5104/17
f 5107/17 5106/17 5108/17 5109/17
f 5109/17 7567/17 7566/17 5107/17
f 5109/17 5112/17 7568/17 7567/17
f 5113/17 5114/17 5115/17 5110/17
f 7568/17 5112/17 5116/17 7569/17
f 5113/17 5117/17 5118/17 5114/17
f 5118/17 5119/17 5120/17 5114/17
f 5118/17 5117/17 4228/17 4232/17
f 5118/17 4232/17 5121/17 5119/17
f 5121/17 5122/17 5123/17 5124/17
f 5121/17 5124/17 5125/17 5119/17
f 5121/17 4232/17 4231/17 5122/17
f 5125/17 5124/17 5126/17 5127/17
f 5125/17 5127/17 5128/17 5129/17
f 5125/17 5129/17 5120/17 5119/17
f 5129/17 5128/17 5130/17 5131/17
f 5129/17 5131/17 5132/17 5120/17
f 5132/17 5131/17 5133/17 5134/17
f 5132/17 5134/17 5135/17 5115/17
f 5132/17 5115/17 5114/17 5120/17
f 5135/17 5134/17 5136/17 5137/17
f 5135/17 5137/17 5138/17 5111/17
f 5135/17 5111/17 5110/17 5115/17
f 5138/17 5137/17 5139/17 5140/17
f 7564/17 5141/17 5104/17 7565/17
f 7565/17 5104/17 5107/17 7566/17
f 5141/17 7564/17 7563/17 5143/17
f 5143/17 5100/17 5099/17 5141/17
f 5100/17 5143/17 5751/17 5144/17
f 5100/17 5144/17 5145/17 5095/17
f 5145/17 5144/17 5146/17 5147/17
f 5145/17 5147/17 5148/17 5093/17
f 5145/17 5093/17 5092/17 5095/17
f 5148/17 5147/17 5149/17 5150/17
f 5148/17 5150/17 5151/17 5089/17
f 5148/17 5089/17 5088/17 5093/17
f 5151/17 5150/17 5152/17 5154/17
f 5151/17 5154/17 5153/17 5084/17
f 5151/17 5084/17 5083/17 5089/17
f 5153/17 5079/17 5078/17 5084/17
f 5153/17 5154/17 5155/17 5156/17
f 5153/17 5156/17 4025/17 5079/17
f 5156/17 5155/17 5157/17 5158/17
f 5156/17 5158/17 4026/17 4025/17
f 5158/17 5157/17 5159/17 5161/17
f 5158/17 5161/17 5160/17 4026/17
f 5160/17 5162/17 4027/17 4026/17
f 5162/17 5163/17 4033/17 4027/17
f 5163/17 5164/17 5165/17 4033/17
f 5165/17 5164/17 5779/17 5166/17
f 5165/17 5166/17 4094/17 4100/17
f 5165/17 4100/17 4029/17 4033/17
f 5166/17 5779/17 5172/17 5167/17
f 5166/17 5167/17 4095/17 4094/17
f 5167/17 5172/17 5168/17 5169/17
f 5167/17 5169/17 5170/17 4095/17
f 5170/17 5169/17 3960/17 3935/17
f 5170/17 3935/17 3950/17 5171/17
f 5170/17 5171/17 4096/17 4095/17
f 5171/17 3950/17 3933/17 4330/17
f 5171/17 4330/17 4097/17 4096/17
f 5169/17 5168/17 4239/17 3960/17
f 5168/17 5172/17 5173/17 5174/17
f 5168/17 5174/17 5175/17 4239/17
f 5175/17 5174/17 5176/17 5177/17
f 5175/17 5177/17 3987/17 3936/17
f 5175/17 3936/17 3983/17 4239/17
f 5177/17 5176/17 5178/17 5179/17
f 5177/17 5179/17 4048/17 3987/17
f 5179/17 5178/17 5180/17 5181/17
f 5179/17 5181/17 4059/17 4048/17
f 5181/17 5180/17 5182/17 5183/17
f 5181/17 5183/17 4057/17 4059/17
f 5183/17 5182/17 5184/17 5185/17
f 5183/17 5185/17 4058/17 4057/17
f 5185/17 5184/17 5186/17 5187/17
f 5185/17 5187/17 5188/17 4058/17
f 5188/17 5187/17 5189/17 5190/17
f 5188/17 5190/17 4073/17 4110/17
f 5188/17 4110/17 4053/17 4058/17
f 5190/17 5189/17 5192/17 5191/17
f 5190/17 5191/17 4070/17 4073/17
f 4070/17 5191/17 5193/17 5194/17
f 4070/17 5194/17 5195/17 3995/17
f 3995/17 5195/17 5196/17 4067/17
f 4067/17 5196/17 5197/17 5198/17
f 5198/17 5199/17 5200/17 5201/17
f 5198/17 5201/17 4068/17 4067/17
f 5201/17 5200/17 5202/17 5205/17
f 5201/17 5205/17 5203/17 4068/17
f 5203/17 5204/17 4069/17 4068/17
f 5204/17 5203/17 5207/17 5211/17
f 5204/17 5211/17 5208/17 5206/17
f 5208/17 5209/17 5210/17 5206/17
f 5209/17 5208/17 5213/17 5217/17
f 7377/17 5214/17 5212/17 7378/17
f 5214/17 5215/17 5216/17 5212/17
f 5214/17 7377/17 7376/17 4403/17
f 5214/17 4403/17 4401/17 5215/17
f 5218/17 5217/17 5213/17 5219/17
f 5218/17 5219/17 5220/17 5221/17
f 7375/17 4404/17 4403/17 7376/17
f 5221/17 5220/17 4408/17 4407/17
f 7374/17 4405/17 4404/17 7375/17
f 5220/17 5219/17 5222/17 5223/17
f 5220/17 5223/17 4409/17 4408/17
f 5223/17 5222/17 5224/17 5225/17
f 5223/17 5225/17 4410/17 4409/17
f 5225/17 5224/17 5226/17 5227/17
f 5225/17 5227/17 4411/17 4410/17
f 5227/17 5226/17 4416/17 4414/17
f 5227/17 4414/17 4412/17 4411/17
f 5226/17 5224/17 5228/17 5230/17
f 5226/17 5230/17 5229/17 4416/17
f 5229/17 4419/17 4417/17 4416/17
f 4419/17 5229/17 5231/17 5233/17
f 4419/17 5233/17 5232/17 4420/17
f 4420/17 5232/17 4423/17 4422/17
f 5232/17 5233/17 5235/17 5234/17
f 5232/17 5234/17 4424/17 4423/17
f 5234/17 5235/17 5236/17 5237/17
f 5234/17 5237/17 4425/17 4424/17
f 5237/17 5236/17 5239/17 5238/17
f 5237/17 5238/17 4426/17 4425/17
f 5238/17 5239/17 5241/17 5240/17
f 5238/17 5240/17 4427/17 4426/17
f 5240/17 5241/17 5243/17 5242/17
f 5240/17 5242/17 4428/17 4427/17
f 5242/17 5243/17 5245/17 5244/17
f 5242/17 5244/17 4429/17 4428/17
f 5244/17 5245/17 5247/17 5246/17
f 5244/17 5246/17 4430/17 4429/17
f 5246/17 5247/17 5249/17 5248/17
f 5246/17 5248/17 4431/17 4430/17
f 5248/17 5249/17 5251/17 5250/17
f 5248/17 5250/17 4432/17 4431/17
f 5250/17 5251/17 5253/17 5252/17
f 5250/17 5252/17 4433/17 4432/17
f 7520/17 5255/17 5254/17 7521/17
f 7521/17 5254/17 4434/17 7522/17
f 5254/17 5255/17 5257/17 5256/17
f 5254/17 5256/17 4435/17 4434/17
f 5256/17 5257/17 5259/17 5258/17
f 5256/17 5258/17 4436/17 4435/17
f 5258/17 5259/17 5260/17 5261/17
f 5258/17 5261/17 4437/17 4436/17
f 5261/17 5260/17 5262/17 5263/17
f 5261/17 5263/17 4438/17 4437/17
f 5263/17 5262/17 5264/17 5265/17
f 5263/17 5265/17 4439/17 4438/17
f 5265/17 5264/17 5266/17 5267/17
f 5265/17 5267/17 4440/17 4439/17
f 5267/17 5266/17 5268/17 5269/17
f 5267/17 5269/17 4441/17 4440/17
f 5269/17 5268/17 4130/17 4135/17
f 5269/17 4135/17 4442/17 4441/17
f 5268/17 5266/17 5270/17 5271/17
f 5268/17 5271/17 4131/17 4130/17
f 5271/17 5270/17 5272/17 5273/17
f 5271/17 5273/17 5274/17 4131/17
f 5274/17 5273/17 5275/17 5276/17
f 5274/17 5276/17 5277/17 5278/17
f 5274/17 5278/17 4132/17 4131/17
f 5278/17 5277/17 5279/17 5280/17
f 5278/17 5280/17 4133/17 4132/17
f 5280/17 5279/17 5281/17 5282/17
f 5280/17 5282/17 5283/17 4133/17
f 5283/17 5284/17 4137/17 4133/17
f 5283/17 5282/17 5285/17 5286/17
f 5283/17 5286/17 5287/17 5284/17
f 5287/17 5286/17 5288/17 5289/17
f 5289/17 7529/17 7528/17 5287/17
f 5289/17 5291/17 7530/17 7529/17
f 7530/17 5291/17 5293/17 7531/17
f 5294/17 5295/17 5420/17 5292/17
f 5294/17 5296/17 5297/17 5295/17
f 5297/17 5296/17 5298/17 5299/17
f 5299/17 5417/17 5418/17 5297/17
f 5299/17 5300/17 5301/17 5417/17
f 5301/17 5300/17 5302/17 5303/17
f 5304/17 5305/17 5306/17 5416/17
f 5309/17 5414/17 5415/17 5308/17
f 5309/17 5310/17 5311/17 5414/17
f 5311/17 5310/17 5312/17 5313/17
f 5315/17 5316/17 5411/17 5314/17
f 5315/17 5317/17 5318/17 5316/17
f 5318/17 5317/17 5652/17 5319/17
f 5319/17 5320/17 5321/17 5318/17
f 5319/17 5322/17 5323/17 5320/17
f 5323/17 5322/17 4859/17 4857/17
f 5320/17 5324/17 5325/17 5321/17
f 5320/17 5323/17 5326/17 5324/17
f 5326/17 5327/17 5328/17 5324/17
f 5326/17 5323/17 4857/17 4854/17
f 5326/17 4854/17 4852/17 5327/17
f 5328/17 5329/17 5330/17 5331/17
f 5328/17 5331/17 5325/17 5324/17
f 5328/17 5327/17 5332/17 5329/17
f 5332/17 5333/17 5334/17 5329/17
f 5332/17 5327/17 4852/17 4850/17
f 5332/17 4850/17 4848/17 5333/17
f 5334/17 5335/17 5336/17 5337/17
f 5334/17 5337/17 5330/17 5329/17
f 5334/17 5333/17 5338/17 5335/17
f 5338/17 5339/17 5340/17 5335/17
f 5338/17 5333/17 4848/17 4846/17
f 5338/17 4846/17 4844/17 5339/17
f 5340/17 5341/17 5342/17 5343/17
f 5340/17 5343/17 5336/17 5335/17
f 5340/17 5339/17 5344/17 5341/17
f 5344/17 5345/17 5346/17 5341/17
f 5344/17 5339/17 4844/17 4842/17
f 5344/17 4842/17 4840/17 5345/17
f 5346/17 5347/17 5348/17 5349/17
f 5346/17 5349/17 5342/17 5341/17
f 5346/17 5345/17 5350/17 5347/17
f 5350/17 5351/17 5352/17 5347/17
f 5350/17 5345/17 4840/17 4838/17
f 5350/17 4838/17 4836/17 5351/17
f 5352/17 5353/17 5354/17 5355/17
f 5352/17 5355/17 5348/17 5347/17
f 5352/17 5351/17 5356/17 5353/17
f 5356/17 5357/17 5358/17 5353/17
f 5356/17 5351/17 4836/17 4834/17
f 5356/17 4834/17 4832/17 5357/17
f 5358/17 5359/17 5360/17 5361/17
f 5358/17 5361/17 5354/17 5353/17
f 5358/17 5357/17 5362/17 5359/17
f 5362/17 5363/17 5364/17 5359/17
f 5362/17 5357/17 4832/17 4830/17
f 5362/17 4830/17 4828/17 5363/17
f 5364/17 5365/17 5366/17 5367/17
f 5364/17 5367/17 5360/17 5359/17
f 5364/17 5363/17 5368/17 5365/17
f 5368/17 5363/17 4828/17 4827/17
f 5368/17 5371/17 5369/17 5365/17
f 5368/17 4827/17 4825/17 5371/17
f 5369/17 5370/17 5366/17 5365/17
f 5371/17 5374/17 5372/17 5369/17
f 5371/17 4825/17 4823/17 5374/17
f 5372/17 5373/17 5370/17 5369/17
f 5372/17 4565/17 4564/17 5373/17
f 5372/17 5374/17 4567/17 4565/17
f 4567/17 5374/17 4823/17 4821/17
f 5373/17 4564/17 4563/17 5375/17
f 5375/17 5376/17 5378/17 5377/17
f 5375/17 5377/17 5370/17 5373/17
f 5377/17 5378/17 5380/17 5379/17
f 5377/17 5379/17 5366/17 5370/17
f 5379/17 5380/17 5381/17 5382/17
f 5379/17 5382/17 5367/17 5366/17
f 5382/17 5381/17 5383/17 5384/17
f 5382/17 5384/17 5360/17 5367/17
f 5384/17 5383/17 5385/17 5386/17
f 5384/17 5386/17 5361/17 5360/17
f 5386/17 5385/17 5387/17 5388/17
f 5386/17 5388/17 5354/17 5361/17
f 5388/17 5387/17 5389/17 5390/17
f 5388/17 5390/17 5355/17 5354/17
f 5390/17 5389/17 5391/17 5392/17
f 5390/17 5392/17 5348/17 5355/17
f 5392/17 5391/17 5393/17 5394/17
f 5392/17 5394/17 5349/17 5348/17
f 5394/17 5393/17 5395/17 5396/17
f 5394/17 5396/17 5342/17 5349/17
f 5396/17 5395/17 5397/17 5398/17
f 5396/17 5398/17 5343/17 5342/17
f 5398/17 5397/17 5399/17 5400/17
f 5398/17 5400/17 5336/17 5343/17
f 5400/17 5399/17 5401/17 5402/17
f 5400/17 5402/17 5337/17 5336/17
f 5402/17 5401/17 5403/17 5404/17
f 5402/17 5404/17 5330/17 5337/17
f 5404/17 5403/17 5405/17 5406/17
f 5404/17 5406/17 5331/17 5330/17
f 5406/17 5405/17 5407/17 5408/17
f 5406/17 5408/17 5325/17 5331/17
f 5408/17 5407/17 5410/17 5409/17
f 5408/17 5409/17 5321/17 5325/17
f 5409/17 5410/17 5411/17 5316/17
f 5409/17 5316/17 5318/17 5321/17
f 5411/17 5410/17 5447/17 5412/17
f 5412/17 5413/17 5311/17 5313/17
f 5412/17 5313/17 5314/17 5411/17
f 5311/17 5413/17 5444/17 5414/17
f 7495/17 5440/17 5307/17 7496/17
f 5438/17 5437/17 5301/17 5303/17
f 5438/17 5303/17 5304/17 5416/17
f 5301/17 5437/17 5518/17 5417/17
f 5419/17 5435/17 5420/17 5295/17
f 5419/17 5295/17 5297/17 5418/17
f 5420/17 5435/17 5434/17 5421/17
f 5421/17 5422/17 5423/17 5290/17
f 5421/17 5290/17 5292/17 5420/17
f 5423/17 5422/17 5431/17 5424/17
f 7526/17 4137/17 5284/17 7527/17
f 7527/17 5284/17 5287/17 7528/17
f 7525/17 4136/17 4137/17 7526/17
f 7524/17 4134/17 4136/17 7525/17
f 7523/17 4443/17 4134/17 7524/17
f 5427/17 5428/17 4445/17 4444/17
f 5427/17 5426/17 5429/17 5428/17
f 5429/17 5426/17 5425/17 5430/17
f 5430/17 5522/17 5523/17 5429/17
f 5430/17 5431/17 5432/17 5522/17
f 5432/17 5431/17 5422/17 5433/17
f 5435/17 5520/17 5521/17 5434/17
f 5435/17 5419/17 5519/17 5520/17
f 5519/17 5419/17 5418/17 5436/17
f 5416/17 5306/17 5439/17 5516/17
f 5440/17 7495/17 7494/17 5441/17
f 5442/17 5444/17 5445/17 5443/17
f 5445/17 5444/17 5413/17 5446/17
f 5446/17 4192/17 4191/17 5445/17
f 5446/17 5447/17 5448/17 4192/17
f 5448/17 5449/17 4186/17 4192/17
f 5448/17 5447/17 5410/17 5407/17
f 5448/17 5407/17 5405/17 5449/17
f 5449/17 5450/17 4187/17 4186/17
f 5449/17 5405/17 5403/17 5450/17
f 5450/17 5451/17 5452/17 4187/17
f 5450/17 5403/17 5401/17 5451/17
f 5452/17 5453/17 5454/17 5455/17
f 5452/17 5455/17 4188/17 4187/17
f 5452/17 5451/17 5456/17 5453/17
f 5456/17 5457/17 5458/17 5453/17
f 5456/17 5451/17 5401/17 5399/17
f 5456/17 5399/17 5397/17 5457/17
f 5458/17 5459/17 5460/17 5461/17
f 5458/17 5461/17 5454/17 5453/17
f 5458/17 5457/17 5462/17 5459/17
f 5462/17 5463/17 5464/17 5459/17
f 5462/17 5457/17 5397/17 5395/17
f 5462/17 5395/17 5393/17 5463/17
f 5464/17 5465/17 5466/17 5467/17
f 5464/17 5467/17 5460/17 5459/17
f 5464/17 5463/17 5468/17 5465/17
f 5468/17 5469/17 5470/17 5465/17
f 5468/17 5463/17 5393/17 5391/17
f 5468/17 5391/17 5389/17 5469/17
f 5470/17 5471/17 5472/17 5473/17
f 5470/17 5473/17 5466/17 5465/17
f 5470/17 5469/17 5474/17 5471/17
f 5474/17 5475/17 5476/17 5471/17
f 5474/17 5469/17 5389/17 5387/17
f 5474/17 5387/17 5385/17 5475/17
f 5476/17 5477/17 4034/17 4043/17
f 5476/17 4043/17 5472/17 5471/17
f 5476/17 5475/17 5478/17 5477/17
f 5478/17 5479/17 5480/17 5477/17
f 5478/17 5475/17 5385/17 5383/17
f 5478/17 5383/17 5381/17 5479/17
f 5480/17 5481/17 5482/17 4035/17
f 5480/17 4035/17 4034/17 5477/17
f 5480/17 5479/17 5483/17 5481/17
f 5483/17 5479/17 5381/17 5380/17
f 5483/17 5486/17 5484/17 5481/17
f 5483/17 5380/17 5378/17 5486/17
f 5484/17 5485/17 5482/17 5481/17
f 5486/17 4560/17 4559/17 5484/17
f 5486/17 5378/17 5376/17 4560/17
f 5485/17 4556/17 5487/17 5482/17
f 5487/17 4556/17 4554/17 5488/17
f 5487/17 5488/17 4042/17 4036/17
f 5487/17 4036/17 4035/17 5482/17
f 5488/17 5489/17 5490/17 4042/17
f 5490/17 5489/17 4551/17 5491/17
f 5490/17 5491/17 4540/17 5492/17
f 5490/17 5492/17 4037/17 4042/17
f 5492/17 4540/17 4536/17 4535/17
f 5492/17 4535/17 4038/17 4037/17
f 5491/17 4551/17 4550/17 4545/17
f 5491/17 4545/17 4541/17 4540/17
f 5484/17 4559/17 4558/17 5485/17
f 5473/17 5472/17 5493/17 5494/17
f 5473/17 5494/17 5495/17 5466/17
f 5495/17 5494/17 5496/17 5497/17
f 5495/17 5497/17 5498/17 5499/17
f 5495/17 5499/17 5467/17 5466/17
f 5499/17 5498/17 5500/17 5501/17
f 5499/17 5501/17 5460/17 5467/17
f 5501/17 5500/17 5502/17 5503/17
f 5501/17 5503/17 5461/17 5460/17
f 5503/17 5502/17 5504/17 5505/17
f 5503/17 5505/17 5454/17 5461/17
f 5505/17 5504/17 5506/17 5507/17
f 5505/17 5507/17 5455/17 5454/17
f 5507/17 5506/17 5508/17 5509/17
f 5507/17 5509/17 4188/17 5455/17
f 5509/17 5508/17 5510/17 5511/17
f 5509/17 5511/17 4014/17 4188/17
f 5511/17 5510/17 5513/17 5512/17
f 5511/17 5512/17 4189/17 4014/17
f 7490/17 5539/17 5536/17 7491/17
f 7491/17 5536/17 5535/17 7492/17
f 7492/17 5535/17 5514/17 7493/17
f 5514/17 5441/17 7494/17 7493/17
f 5441/17 5514/17 5533/17 5515/17
f 5515/17 5439/17 5440/17 5441/17
f 5439/17 5515/17 5531/17 5516/17
f 5517/17 5529/17 5437/17 5438/17
f 5517/17 5438/17 5416/17 5516/17
f 5437/17 5529/17 5528/17 5518/17
f 5526/17 5596/17 5432/17 5433/17
f 5526/17 5433/17 5434/17 5521/17
f 5432/17 5596/17 5525/17 5522/17
f 5524/17 4446/17 4445/17 5428/17
f 5524/17 5428/17 5429/17 5523/17
f 5524/17 5598/17 4447/17 4446/17
f 5524/17 5523/17 5597/17 5598/17
f 5597/17 5523/17 5522/17 5525/17
f 5519/17 5593/17 5594/17 5520/17
f 5519/17 5436/17 5527/17 5593/17
f 5527/17 5436/17 5518/17 5528/17
f 5517/17 5530/17 5590/17 5529/17
f 5517/17 5516/17 5531/17 5530/17
f 5531/17 5515/17 5533/17 5532/17
f 5533/17 5514/17 5535/17 5534/17
f 5535/17 5536/17 5537/17 5534/17
f 5537/17 5536/17 5539/17 5538/17
f 5539/17 5540/17 5541/17 5538/17
f 5540/17 5539/17 7490/17 7489/17
f 5540/17 7489/17 7488/17 5542/17
f 7487/17 5545/17 5542/17 7488/17
f 5545/17 7487/17 7486/17 5546/17
f 7485/17 5549/17 5546/17 7486/17
f 5548/17 5547/17 4185/17 5551/17
f 5548/17 5551/17 5552/17 5550/17
f 5552/17 5553/17 5554/17 5550/17
f 5552/17 5551/17 5555/17 5556/17
f 5552/17 5556/17 5557/17 5553/17
f 5557/17 5558/17 5559/17 5553/17
f 5557/17 5556/17 5504/17 5502/17
f 5557/17 5502/17 5500/17 5558/17
f 5559/17 5560/17 5561/17 5562/17
f 5559/17 5562/17 5554/17 5553/17
f 5559/17 5558/17 5563/17 5560/17
f 5563/17 5564/17 5565/17 5560/17
f 5563/17 5558/17 5500/17 5498/17
f 5563/17 5498/17 5497/17 5564/17
f 5565/17 5566/17 5567/17 5568/17
f 5565/17 5568/17 5561/17 5560/17
f 5565/17 5564/17 5569/17 5566/17
f 5569/17 5570/17 5571/17 5566/17
f 5569/17 5564/17 5497/17 5496/17
f 5569/17 5496/17 5572/17 5570/17
f 5572/17 4040/17 5573/17 5570/17
f 5572/17 5496/17 5494/17 5493/17
f 5572/17 5493/17 4041/17 4040/17
f 5573/17 5574/17 4525/17 5575/17
f 5573/17 5575/17 5571/17 5570/17
f 5573/17 4040/17 4039/17 5574/17
f 5575/17 4525/17 4520/17 4523/17
f 5575/17 4523/17 5576/17 5571/17
f 5576/17 5567/17 5566/17 5571/17
f 7478/17 4515/17 4518/17 7479/17
f 7479/17 4518/17 4514/17 7480/17
f 7480/17 4514/17 5631/17 7481/17
f 7481/17 5631/17 5630/17 7482/17
f 7482/17 5630/17 5578/17 7483/17
f 7483/17 5578/17 5577/17 7484/17
f 5577/17 5549/17 7485/17 7484/17
f 5549/17 5577/17 5628/17 5580/17
f 5549/17 5580/17 5579/17 5546/17
f 5579/17 5581/17 5545/17 5546/17
f 5581/17 5582/17 5542/17 5545/17
f 5582/17 5541/17 5540/17 5542/17
f 5541/17 5582/17 5622/17 5584/17
f 5541/17 5584/17 5583/17 5538/17
f 5583/17 5585/17 5537/17 5538/17
f 5585/17 5586/17 5534/17 5537/17
f 5586/17 5532/17 5533/17 5534/17
f 5532/17 5586/17 5587/17 5588/17
f 5588/17 5589/17 5590/17 5530/17
f 5588/17 5530/17 5531/17 5532/17
f 5590/17 5589/17 5607/17 5591/17
f 5591/17 5592/17 5527/17 5528/17
f 5591/17 5528/17 5529/17 5590/17
f 5527/17 5592/17 5604/17 5593/17
f 5595/17 5601/17 5526/17 5521/17
f 5595/17 5521/17 5520/17 5594/17
f 5526/17 5601/17 5600/17 5596/17
f 5597/17 5649/17 5650/17 5598/17
f 5597/17 5525/17 5599/17 5649/17
f 5599/17 5525/17 5596/17 5600/17
f 5595/17 5602/17 5646/17 5601/17
f 5595/17 5594/17 5603/17 5602/17
f 5603/17 5594/17 5593/17 5604/17
f 5604/17 5605/17 5642/17 5603/17
f 5604/17 5592/17 5606/17 5605/17
f 5606/17 5592/17 5591/17 5607/17
f 5607/17 5608/17 5609/17 5606/17
f 5607/17 5589/17 5610/17 5608/17
f 5610/17 5611/17 5612/17 5608/17
f 5610/17 5589/17 5588/17 5587/17
f 5610/17 5587/17 5613/17 5611/17
f 5613/17 5614/17 5615/17 5611/17
f 5613/17 5587/17 5586/17 5585/17
f 5613/17 5585/17 5583/17 5614/17
f 5615/17 5616/17 5617/17 5618/17
f 5615/17 5618/17 5612/17 5611/17
f 5615/17 5614/17 5619/17 5616/17
f 5619/17 5620/17 5621/17 5616/17
f 5619/17 5614/17 5583/17 5584/17
f 5619/17 5584/17 5622/17 5620/17
f 5622/17 5623/17 5624/17 5620/17
f 5623/17 5622/17 5582/17 5581/17
f 5623/17 5581/17 5579/17 5625/17
f 5625/17 5626/17 4497/17 5627/17
f 5625/17 5627/17 5624/17 5623/17
f 5626/17 5625/17 5579/17 5580/17
f 5626/17 5580/17 5628/17 4502/17
f 5628/17 5629/17 4506/17 4502/17
f 5629/17 5628/17 5577/17 5578/17
f 5629/17 5578/17 5630/17 4508/17
f 5630/17 5631/17 4512/17 4508/17
f 5631/17 4514/17 4509/17 4512/17
f 5629/17 4508/17 4503/17 4506/17
f 5627/17 4497/17 4493/17 4492/17
f 5627/17 4492/17 5632/17 5624/17
f 5632/17 4492/17 4488/17 4487/17
f 5632/17 4487/17 5633/17 5621/17
f 5632/17 5621/17 5620/17 5624/17
f 5633/17 4487/17 4483/17 4482/17
f 5633/17 4482/17 5634/17 5617/17
f 5633/17 5617/17 5616/17 5621/17
f 5634/17 4482/17 4478/17 4477/17
f 5634/17 4477/17 5635/17 5636/17
f 5634/17 5636/17 5618/17 5617/17
f 5636/17 5635/17 5637/17 5638/17
f 5636/17 5638/17 5612/17 5618/17
f 5638/17 5637/17 5639/17 5609/17
f 5638/17 5609/17 5608/17 5612/17
f 5639/17 5637/17 5640/17 5641/17
f 5639/17 5641/17 5642/17 5605/17
f 5639/17 5605/17 5606/17 5609/17
f 5642/17 5641/17 5643/17 5644/17
f 5644/17 5645/17 5646/17 5602/17
f 5644/17 5602/17 5603/17 5642/17
f 5646/17 5645/17 4458/17 5647/17
f 5647/17 5648/17 5599/17 5600/17
f 5647/17 5600/17 5601/17 5646/17
f 5599/17 5648/17 4451/17 5649/17
f 5650/17 4450/17 4449/17 4448/17
f 5650/17 5649/17 4451/17 4450/17
f 5648/17 4454/17 4452/17 4451/17
f 5648/17 5647/17 4458/17 4454/17
f 5645/17 4463/17 4459/17 4458/17
f 5645/17 5644/17 5643/17 4463/17
f 5643/17 4468/17 4464/17 4463/17
f 5643/17 5641/17 5640/17 4468/17
f 5640/17 4473/17 4469/17 4468/17
f 5640/17 5637/17 5635/17 4473/17
f 5635/17 4477/17 4474/17 4473/17
f 5626/17 4502/17 4498/17 4497/17
f 5650/17 4448/17 4447/17 5598/17
f 5574/17 4530/17 4526/17 4525/17
f 5574/17 4039/17 4038/17 4530/17
f 5556/17 5555/17 5506/17 5504/17
f 5555/17 5551/17 4185/17 4184/17
f 5555/17 4184/17 5508/17 5506/17
f 5513/17 5510/17 4183/17 5543/17
f 5510/17 5508/17 4184/17 4183/17
f 5493/17 5472/17 4043/17 4041/17
f 5446/17 5413/17 5412/17 5447/17
f 5443/17 5445/17 4191/17 4190/17
f 5442/17 5415/17 5414/17 5444/17
f 5439/17 5306/17 5307/17 5440/17
f 5436/17 5418/17 5417/17 5518/17
f 5433/17 5422/17 5421/17 5434/17
f 5430/17 5425/17 5424/17 5431/17
f 5375/17 4563/17 4562/17 5376/17
f 5322/17 5319/17 5652/17 5651/17
f 5322/17 5651/17 4861/17 4859/17
f 5651/17 5652/17 5654/17 5653/17
f 5651/17 5653/17 4863/17 4861/17
f 5653/17 5654/17 5656/17 5655/17
f 5653/17 5655/17 4865/17 4863/17
f 5655/17 5656/17 5658/17 5657/17
f 5655/17 5657/17 4867/17 4865/17
f 5657/17 5658/17 5660/17 5659/17
f 5657/17 5659/17 4869/17 4867/17
f 5659/17 5660/17 5662/17 5661/17
f 5659/17 5661/17 4871/17 4869/17
f 5661/17 5662/17 5664/17 5663/17
f 5661/17 5663/17 4873/17 4871/17
f 5663/17 5664/17 5666/17 5665/17
f 5663/17 5665/17 4875/17 4873/17
f 5665/17 5666/17 5668/17 5667/17
f 5665/17 5667/17 4877/17 4875/17
f 5667/17 5668/17 5670/17 5669/17
f 5667/17 5669/17 4879/17 4877/17
f 5669/17 5670/17 5672/17 5671/17
f 5669/17 5671/17 4881/17 4879/17
f 5671/17 5672/17 5673/17 5674/17
f 5671/17 5674/17 4882/17 4881/17
f 5674/17 5673/17 5675/17 5676/17
f 5674/17 5676/17 4884/17 4882/17
f 5676/17 5675/17 5677/17 5678/17
f 5676/17 5678/17 4886/17 4884/17
f 5678/17 5677/17 5679/17 5680/17
f 5678/17 5680/17 4888/17 4886/17
f 5680/17 5679/17 5681/17 5682/17
f 5680/17 5682/17 4890/17 4888/17
f 5682/17 5681/17 5683/17 5684/17
f 5682/17 5684/17 4892/17 4890/17
f 5684/17 5683/17 5685/17 5686/17
f 5684/17 5686/17 4894/17 4892/17
f 5686/17 5685/17 5687/17 5688/17
f 5686/17 5688/17 4896/17 4894/17
f 5688/17 5687/17 5689/17 4900/17
f 5688/17 4900/17 4899/17 4896/17
f 5689/17 5687/17 5690/17 5691/17
f 5691/17 5692/17 5693/17 5694/17
f 5691/17 5694/17 4902/17 5689/17
f 5694/17 5693/17 5695/17 5696/17
f 5694/17 5696/17 4903/17 4902/17
f 5696/17 5695/17 5698/17 5697/17
f 5696/17 5697/17 4906/17 4903/17
f 5697/17 5698/17 5699/17 5700/17
f 5697/17 5700/17 5701/17 4906/17
f 5701/17 4907/17 4905/17 4906/17
f 5701/17 5700/17 5702/17 5703/17
f 5701/17 5703/17 5704/17 4907/17
f 5704/17 4912/17 4908/17 4907/17
f 5704/17 5703/17 5705/17 5706/17
f 5704/17 5706/17 5707/17 4912/17
f 5707/17 4917/17 4913/17 4912/17
f 5707/17 5706/17 5708/17 5710/17
f 5707/17 5710/17 5709/17 4917/17
f 5709/17 4921/17 4918/17 4917/17
f 4921/17 5709/17 5711/17 5712/17
f 4921/17 5712/17 5713/17 4923/17
f 7579/17 4925/17 4922/17 7580/17
f 5713/17 5712/17 5714/17 5715/17
f 7578/17 4929/17 4925/17 7579/17
f 4929/17 7578/17 7577/17 5717/17
f 5717/17 4934/17 4930/17 4929/17
f 5717/17 5718/17 5719/17 4934/17
f 5719/17 4939/17 4935/17 4934/17
f 5719/17 5718/17 5723/17 5720/17
f 5719/17 5720/17 5721/17 4939/17
f 5721/17 4944/17 4940/17 4939/17
f 5721/17 5720/17 4964/17 4962/17
f 5721/17 4962/17 4960/17 4944/17
f 5720/17 5723/17 5722/17 4964/17
f 5722/17 4967/17 4965/17 4964/17
f 4967/17 5722/17 7574/17 7573/17
f 4967/17 7573/17 7572/17 4968/17
f 5722/17 5723/17 7575/17 7574/17
f 7575/17 5723/17 5718/17 7576/17
f 5724/17 5725/17 5726/17 5126/17
f 5724/17 5126/17 5124/17 5123/17
f 5726/17 5725/17 5716/17 5727/17
f 5726/17 5727/17 5728/17 5729/17
f 5726/17 5729/17 5127/17 5126/17
f 5729/17 5728/17 5730/17 5731/17
f 5729/17 5731/17 5128/17 5127/17
f 5731/17 5730/17 4220/17 4219/17
f 5731/17 4219/17 5130/17 5128/17
f 5730/17 5728/17 5732/17 5733/17
f 5730/17 5733/17 4221/17 4220/17
f 5733/17 5732/17 5711/17 5734/17
f 5733/17 5734/17 5735/17 4221/17
f 5735/17 5734/17 5710/17 5708/17
f 5735/17 5708/17 5918/17 5736/17
f 5735/17 5736/17 4216/17 4221/17
f 5736/17 5918/17 5737/17 5738/17
f 5736/17 5738/17 4217/17 4216/17
f 5738/17 5737/17 5739/17 5740/17
f 5738/17 5740/17 5741/17 4217/17
f 5741/17 5740/17 5742/17 5743/17
f 5741/17 5743/17 5133/17 5744/17
f 5741/17 5744/17 4218/17 4217/17
f 5744/17 5133/17 5131/17 5130/17
f 5744/17 5130/17 4219/17 4218/17
f 5743/17 5742/17 5745/17 5136/17
f 5743/17 5136/17 5134/17 5133/17
f 5745/17 5742/17 5746/17 5748/17
f 5745/17 5748/17 5747/17 5139/17
f 5745/17 5139/17 5137/17 5136/17
f 5747/17 5142/17 5140/17 5139/17
f 5142/17 5747/17 5749/17 5750/17
f 7562/17 5751/17 5143/17 7563/17
f 5751/17 7562/17 7561/17 5753/17
f 5753/17 5754/17 5755/17 5146/17
f 5753/17 5146/17 5144/17 5751/17
f 5755/17 5754/17 5923/17 5757/17
f 5755/17 5757/17 5756/17 5149/17
f 5755/17 5149/17 5147/17 5146/17
f 5756/17 5152/17 5150/17 5149/17
f 5152/17 5756/17 5758/17 5759/17
f 5152/17 5759/17 5155/17 5154/17
f 5759/17 5758/17 5760/17 5761/17
f 5759/17 5761/17 5157/17 5155/17
f 5761/17 5760/17 5763/17 5762/17
f 5761/17 5762/17 5159/17 5157/17
f 5159/17 5762/17 5764/17 5765/17
f 5159/17 5765/17 5766/17 5161/17
f 5766/17 5765/17 5767/17 5768/17
f 5766/17 5768/17 5769/17 5770/17
f 5766/17 5770/17 5160/17 5161/17
f 5770/17 5769/17 5771/17 5772/17
f 5770/17 5772/17 5162/17 5160/17
f 5772/17 5771/17 5773/17 5774/17
f 5772/17 5774/17 5163/17 5162/17
f 5774/17 5773/17 5775/17 5776/17
f 5774/17 5776/17 5164/17 5163/17
f 5776/17 5775/17 5777/17 5778/17
f 5776/17 5778/17 5779/17 5164/17
f 5779/17 5778/17 5173/17 5172/17
f 5778/17 5777/17 5780/17 5173/17
f 5780/17 5777/17 5781/17 5782/17
f 5780/17 5782/17 5178/17 5176/17
f 5780/17 5176/17 5174/17 5173/17
f 5782/17 5781/17 5783/17 5784/17
f 5782/17 5784/17 5180/17 5178/17
f 5784/17 5783/17 5785/17 5786/17
f 5784/17 5786/17 5182/17 5180/17
f 5786/17 5785/17 5787/17 5788/17
f 5786/17 5788/17 5184/17 5182/17
f 5788/17 5787/17 5789/17 5790/17
f 5788/17 5790/17 5186/17 5184/17
f 5790/17 5789/17 5791/17 5792/17
f 5790/17 5792/17 5793/17 5186/17
f 5793/17 5792/17 5795/17 5794/17
f 5793/17 5794/17 5192/17 5189/17
f 5793/17 5189/17 5187/17 5186/17
f 5794/17 5795/17 5796/17 5798/17
f 5794/17 5798/17 5797/17 5192/17
f 5797/17 5193/17 5191/17 5192/17
f 5193/17 5797/17 5799/17 5800/17
f 5193/17 5800/17 5801/17 5194/17
f 5194/17 5801/17 5802/17 5195/17
f 5195/17 5802/17 5803/17 5196/17
f 5196/17 5803/17 5806/17 5197/17
f 5197/17 5806/17 5804/17 5805/17
f 5805/17 5241/17 5239/17 5199/17
f 5805/17 5199/17 5198/17 5197/17
f 5805/17 5804/17 5243/17 5241/17
f 5804/17 5806/17 5808/17 5807/17
f 5804/17 5807/17 5245/17 5243/17
f 5807/17 5808/17 5810/17 5809/17
f 5807/17 5809/17 5247/17 5245/17
f 5809/17 5810/17 5812/17 5811/17
f 5809/17 5811/17 5249/17 5247/17
f 5811/17 5812/17 5814/17 5813/17
f 5811/17 5813/17 5251/17 5249/17
f 5813/17 5814/17 5816/17 5815/17
f 5813/17 5815/17 5253/17 5251/17
f 7518/17 5818/17 5817/17 7519/17
f 7519/17 5817/17 5255/17 7520/17
f 5817/17 5818/17 5820/17 5819/17
f 5817/17 5819/17 5257/17 5255/17
f 5819/17 5820/17 4196/17 5821/17
f 5819/17 5821/17 5259/17 5257/17
f 5821/17 4196/17 4195/17 5822/17
f 5821/17 5822/17 5260/17 5259/17
f 5822/17 4195/17 4194/17 5823/17
f 5822/17 5823/17 5262/17 5260/17
f 5823/17 4194/17 5824/17 5825/17
f 5823/17 5825/17 5264/17 5262/17
f 5825/17 5824/17 5272/17 5270/17
f 5825/17 5270/17 5266/17 5264/17
f 5824/17 4194/17 4193/17 5826/17
f 5824/17 5826/17 5827/17 5272/17
f 5827/17 5826/17 5828/17 5829/17
f 5827/17 5829/17 5830/17 5275/17
f 5827/17 5275/17 5273/17 5272/17
f 5830/17 5829/17 5831/17 5832/17
f 5830/17 5832/17 5833/17 5834/17
f 5830/17 5834/17 5276/17 5275/17
f 5834/17 5833/17 5835/17 5836/17
f 5834/17 5836/17 5277/17 5276/17
f 5836/17 5835/17 5837/17 5838/17
f 5836/17 5838/17 5279/17 5277/17
f 5838/17 5837/17 5839/17 5840/17
f 5838/17 5840/17 5281/17 5279/17
f 5840/17 5839/17 5841/17 5842/17
f 5840/17 5842/17 5843/17 5281/17
f 5843/17 5285/17 5282/17 5281/17
f 5843/17 5842/17 5844/17 5845/17
f 5843/17 5845/17 5846/17 5285/17
f 5846/17 5288/17 5286/17 5285/17
f 5846/17 5845/17 5847/17 5848/17
f 5846/17 5848/17 5849/17 5288/17
f 5849/17 5291/17 5289/17 5288/17
f 5849/17 5848/17 5850/17 5851/17
f 5849/17 5851/17 5293/17 5291/17
f 5293/17 5851/17 5852/17 5853/17
f 5853/17 7532/17 7531/17 5293/17
f 5853/17 5854/17 7533/17 7532/17
f 7533/17 5854/17 5855/17 7534/17
f 5856/17 5300/17 5299/17 5298/17
f 5856/17 5857/17 5302/17 5300/17
f 5302/17 5857/17 5858/17 5859/17
f 5859/17 5304/17 5303/17 5302/17
f 5304/17 5859/17 5860/17 5305/17
f 5861/17 5307/17 5306/17 5305/17
f 5307/17 5861/17 7497/17 7496/17
f 5863/17 5314/17 5313/17 5312/17
f 5863/17 5865/17 5315/17 5314/17
f 5315/17 5865/17 5864/17 5317/17
f 5317/17 5864/17 5654/17 5652/17
f 5864/17 5865/17 5867/17 5866/17
f 5864/17 5866/17 5656/17 5654/17
f 5866/17 5867/17 5869/17 5868/17
f 5866/17 5868/17 5658/17 5656/17
f 5868/17 5869/17 5871/17 5870/17
f 5868/17 5870/17 5660/17 5658/17
f 5870/17 5871/17 5873/17 5872/17
f 5870/17 5872/17 5662/17 5660/17
f 5872/17 5873/17 5875/17 5874/17
f 5872/17 5874/17 5664/17 5662/17
f 5874/17 5875/17 5877/17 5876/17
f 5874/17 5876/17 5666/17 5664/17
f 5876/17 5877/17 5879/17 5878/17
f 5876/17 5878/17 5668/17 5666/17
f 5878/17 5879/17 5881/17 5880/17
f 5878/17 5880/17 5670/17 5668/17
f 5880/17 5881/17 5883/17 5882/17
f 5880/17 5882/17 5672/17 5670/17
f 5882/17 5883/17 5884/17 5885/17
f 5882/17 5885/17 5673/17 5672/17
f 5885/17 5884/17 5886/17 5887/17
f 5885/17 5887/17 5675/17 5673/17
f 5887/17 5886/17 5888/17 5889/17
f 5887/17 5889/17 5677/17 5675/17
f 5889/17 5888/17 5890/17 5891/17
f 5889/17 5891/17 5679/17 5677/17
f 5891/17 5890/17 5892/17 5893/17
f 5891/17 5893/17 5681/17 5679/17
f 5893/17 5892/17 5894/17 5895/17
f 5893/17 5895/17 5683/17 5681/17
f 5895/17 5894/17 5896/17 5897/17
f 5895/17 5897/17 5685/17 5683/17
f 5897/17 5896/17 5898/17 5690/17
f 5897/17 5690/17 5687/17 5685/17
f 5898/17 5896/17 5899/17 5900/17
f 5898/17 5900/17 5901/17 5692/17
f 5898/17 5692/17 5691/17 5690/17
f 5901/17 5900/17 5902/17 5903/17
f 5901/17 5903/17 5904/17 5905/17
f 5901/17 5905/17 5693/17 5692/17
f 5905/17 5904/17 5906/17 5907/17
f 5905/17 5907/17 5695/17 5693/17
f 5907/17 5906/17 5909/17 5908/17
f 5907/17 5908/17 5698/17 5695/17
f 5908/17 5909/17 5910/17 5911/17
f 5908/17 5911/17 5699/17 5698/17
f 5911/17 5910/17 5912/17 5913/17
f 5911/17 5913/17 5914/17 5699/17
f 5914/17 5702/17 5700/17 5699/17
f 5914/17 5913/17 5915/17 5916/17
f 5914/17 5916/17 5917/17 5702/17
f 5917/17 5705/17 5703/17 5702/17
f 5917/17 5916/17 5739/17 5737/17
f 5917/17 5737/17 5918/17 5705/17
f 5918/17 5708/17 5706/17 5705/17
f 5739/17 5916/17 5915/17 5746/17
f 5746/17 5915/17 5919/17 5748/17
f 5919/17 5915/17 5913/17 5912/17
f 5919/17 5912/17 5920/17 5749/17
f 5919/17 5749/17 5747/17 5748/17
f 5920/17 5912/17 5910/17 5921/17
f 5920/17 5921/17 5922/17 5752/17
f 5920/17 5752/17 5750/17 5749/17
f 5922/17 5921/17 6057/17 5924/17
f 7559/17 5923/17 5754/17 7560/17
f 7560/17 5754/17 5753/17 7561/17
f 5923/17 5925/17 5926/17 5757/17
f 5926/17 5925/17 6058/17 5927/17
f 5926/17 5927/17 5760/17 5758/17
f 5926/17 5758/17 5756/17 5757/17
f 5927/17 6058/17 5929/17 5928/17
f 5927/17 5928/17 5763/17 5760/17
f 5928/17 5929/17 5930/17 5931/17
f 5928/17 5931/17 5932/17 5763/17
f 5932/17 5931/17 5933/17 5934/17
f 5932/17 5934/17 5935/17 5764/17
f 5932/17 5764/17 5762/17 5763/17
f 5935/17 5934/17 5936/17 5937/17
f 5935/17 5937/17 5938/17 5767/17
f 5935/17 5767/17 5765/17 5764/17
f 5938/17 5937/17 5939/17 5940/17
f 5938/17 5940/17 5941/17 5942/17
f 5938/17 5942/17 5768/17 5767/17
f 5942/17 5941/17 5943/17 5944/17
f 5942/17 5944/17 5769/17 5768/17
f 5944/17 5943/17 5945/17 5946/17
f 5944/17 5946/17 5771/17 5769/17
f 5946/17 5945/17 5947/17 5948/17
f 5946/17 5948/17 5773/17 5771/17
f 5948/17 5947/17 5949/17 5950/17
f 5948/17 5950/17 5775/17 5773/17
f 5950/17 5949/17 5783/17 5781/17
f 5950/17 5781/17 5777/17 5775/17
f 5949/17 5947/17 5951/17 5952/17
f 5949/17 5952/17 5785/17 5783/17
f 5952/17 5951/17 5953/17 5954/17
f 5952/17 5954/17 5787/17 5785/17
f 5954/17 5953/17 5955/17 5956/17
f 5954/17 5956/17 5789/17 5787/17
f 5956/17 5955/17 5957/17 5958/17
f 5956/17 5958/17 5791/17 5789/17
f 5958/17 5957/17 5959/17 5961/17
f 5958/17 5961/17 5960/17 5791/17
f 5960/17 5795/17 5792/17 5791/17
f 5960/17 5961/17 5963/17 5962/17
f 5960/17 5962/17 5796/17 5795/17
f 5796/17 5962/17 5964/17 5965/17
f 5796/17 5965/17 5966/17 5798/17
f 5966/17 5799/17 5797/17 5798/17
f 5803/17 5802/17 5968/17 5967/17
f 5803/17 5967/17 5808/17 5806/17
f 5967/17 5968/17 5970/17 5969/17
f 5967/17 5969/17 5810/17 5808/17
f 5969/17 5970/17 5972/17 5971/17
f 5969/17 5971/17 5812/17 5810/17
f 5971/17 5972/17 5974/17 5973/17
f 5971/17 5973/17 5814/17 5812/17
f 5973/17 5974/17 5976/17 5975/17
f 5973/17 5975/17 5816/17 5814/17
f 7516/17 5978/17 5977/17 7517/17
f 7517/17 5977/17 5818/17 7518/17
f 5977/17 5978/17 5980/17 5979/17
f 5977/17 5979/17 5820/17 5818/17
f 5979/17 5980/17 4200/17 5981/17
f 5979/17 5981/17 4196/17 5820/17
f 4200/17 5980/17 5983/17 5982/17
f 5983/17 5984/17 5985/17 5982/17
f 5984/17 5983/17 6101/17 5990/17
f 5984/17 5990/17 5987/17 5986/17
f 5987/17 5988/17 5989/17 5986/17
f 5988/17 5987/17 7513/17 7512/17
f 5988/17 7512/17 7511/17 5991/17
f 7510/17 5995/17 5991/17 7511/17
f 5994/17 5993/17 5998/17 6002/17
f 5994/17 6002/17 5999/17 5997/17
f 5999/17 6000/17 6001/17 5997/17
f 6000/17 5999/17 6004/17 6007/17
f 6000/17 6007/17 6009/17 6003/17
f 6009/17 6005/17 6006/17 6003/17
f 6010/17 6008/17 6012/17 6015/17
f 6010/17 6015/17 6017/17 6011/17
f 6017/17 6013/17 6014/17 6011/17
f 6018/17 6016/17 6019/17 6020/17
f 6020/17 7544/17 7543/17 6018/17
f 6024/17 6023/17 6026/17 6028/17
f 6024/17 6028/17 6027/17 6025/17
f 6027/17 5879/17 5877/17 6025/17
f 6027/17 6028/17 6030/17 6029/17
f 6027/17 6029/17 5881/17 5879/17
f 6029/17 6030/17 6032/17 6031/17
f 6029/17 6031/17 5883/17 5881/17
f 6031/17 6032/17 6033/17 6034/17
f 6031/17 6034/17 5884/17 5883/17
f 6034/17 6033/17 6035/17 6036/17
f 6034/17 6036/17 5886/17 5884/17
f 6036/17 6035/17 6037/17 6038/17
f 6036/17 6038/17 5888/17 5886/17
f 6038/17 6037/17 6039/17 6040/17
f 6038/17 6040/17 5890/17 5888/17
f 6040/17 6039/17 6041/17 6042/17
f 6040/17 6042/17 5892/17 5890/17
f 6042/17 6041/17 6043/17 6044/17
f 6042/17 6044/17 5894/17 5892/17
f 6044/17 6043/17 6045/17 5899/17
f 6044/17 5899/17 5896/17 5894/17
f 6045/17 6043/17 6046/17 6047/17
f 6045/17 6047/17 6048/17 5902/17
f 6045/17 5902/17 5900/17 5899/17
f 6048/17 6047/17 6049/17 6050/17
f 6048/17 6050/17 6052/17 6051/17
f 6048/17 6051/17 5903/17 5902/17
f 6051/17 6052/17 6053/17 6054/17
f 6051/17 6054/17 5904/17 5903/17
f 6054/17 6053/17 6055/17 6056/17
f 6054/17 6056/17 5906/17 5904/17
f 6056/17 6055/17 5924/17 6057/17
f 6056/17 6057/17 5909/17 5906/17
f 7557/17 6058/17 5925/17 7558/17
f 7558/17 5925/17 5923/17 7559/17
f 6058/17 7557/17 7556/17 5929/17
f 5929/17 7556/17 7555/17 5930/17
f 5930/17 7555/17 7554/17 6059/17
f 6059/17 6060/17 6061/17 5933/17
f 6059/17 5933/17 5931/17 5930/17
f 6061/17 6060/17 6130/17 6062/17
f 6061/17 6062/17 6063/17 5936/17
f 6061/17 5936/17 5934/17 5933/17
f 6063/17 6062/17 6064/17 6065/17
f 6063/17 6065/17 6066/17 5939/17
f 6063/17 5939/17 5937/17 5936/17
f 6066/17 6065/17 6067/17 6068/17
f 6066/17 6068/17 6069/17 6070/17
f 6066/17 6070/17 5940/17 5939/17
f 6070/17 6069/17 6071/17 6072/17
f 6070/17 6072/17 5941/17 5940/17
f 6072/17 6071/17 6073/17 6074/17
f 6072/17 6074/17 5943/17 5941/17
f 6074/17 6073/17 6075/17 6076/17
f 6074/17 6076/17 5945/17 5943/17
f 6076/17 6075/17 5953/17 5951/17
f 6076/17 5951/17 5947/17 5945/17
f 6075/17 6073/17 6077/17 6078/17
f 6075/17 6078/17 5955/17 5953/17
f 6078/17 6077/17 6079/17 6080/17
f 6078/17 6080/17 5957/17 5955/17
f 6080/17 6079/17 6082/17 6081/17
f 6080/17 6081/17 5959/17 5957/17
f 5959/17 6081/17 6084/17 6083/17
f 5959/17 6083/17 5963/17 5961/17
f 6083/17 6084/17 6085/17 6086/17
f 6083/17 6086/17 6087/17 5963/17
f 6087/17 5964/17 5962/17 5963/17
f 5966/17 5965/17 6088/17 6089/17
f 5966/17 6089/17 6090/17 5799/17
f 5799/17 6090/17 6092/17 5800/17
f 5800/17 6092/17 6091/17 5801/17
f 5801/17 6091/17 5968/17 5802/17
f 6091/17 6092/17 6094/17 6093/17
f 6091/17 6093/17 5970/17 5968/17
f 6093/17 6094/17 6096/17 6095/17
f 6093/17 6095/17 5972/17 5970/17
f 6095/17 6096/17 6098/17 6097/17
f 6095/17 6097/17 5974/17 5972/17
f 6097/17 6098/17 6100/17 6099/17
f 6097/17 6099/17 5976/17 5974/17
f 7514/17 5990/17 6101/17 7515/17
f 7515/17 6101/17 5978/17 7516/17
f 7513/17 5987/17 5990/17 7514/17
f 5992/17 6100/17 6098/17 6103/17
f 5992/17 6103/17 6102/17 5996/17
f 6102/17 5998/17 5993/17 5996/17
f 5998/17 6102/17 6104/17 6105/17
f 5998/17 6105/17 6106/17 6002/17
f 6106/17 6004/17 5999/17 6002/17
f 6009/17 6007/17 6107/17 6108/17
f 6009/17 6108/17 6109/17 6005/17
f 6109/17 6012/17 6008/17 6005/17
f 6017/17 6015/17 6110/17 6111/17
f 6017/17 6111/17 6112/17 6013/17
f 6112/17 6019/17 6016/17 6013/17
f 6020/17 6113/17 7545/17 7544/17
f 6114/17 6026/17 6023/17 6021/17
f 6026/17 6114/17 6116/17 6115/17
f 6026/17 6115/17 6030/17 6028/17
f 6115/17 6116/17 6118/17 6117/17
f 6115/17 6117/17 6032/17 6030/17
f 6117/17 6118/17 6119/17 6120/17
f 6117/17 6120/17 6033/17 6032/17
f 6120/17 6119/17 6121/17 6122/17
f 6120/17 6122/17 6035/17 6033/17
f 6122/17 6121/17 6123/17 6124/17
f 6122/17 6124/17 6037/17 6035/17
f 6124/17 6123/17 6125/17 6126/17
f 6124/17 6126/17 6039/17 6037/17
f 6126/17 6125/17 6127/17 6128/17
f 6126/17 6128/17 6041/17 6039/17
f 6128/17 6127/17 6129/17 6046/17
f 6128/17 6046/17 6043/17 6041/17
f 7552/17 6130/17 6060/17 7553/17
f 7553/17 6060/17 6059/17 7554/17
f 6129/17 6049/17 6047/17 6046/17
f 6130/17 7552/17 7551/17 6131/17
f 6131/17 6132/17 6133/17 6064/17
f 6131/17 6064/17 6062/17 6130/17
f 6133/17 6132/17 6167/17 6134/17
f 6133/17 6134/17 6135/17 6067/17
f 6133/17 6067/17 6065/17 6064/17
f 6135/17 6134/17 6136/17 6137/17
f 6135/17 6137/17 6138/17 6139/17
f 6135/17 6139/17 6068/17 6067/17
f 6139/17 6138/17 6140/17 6141/17
f 6139/17 6141/17 6069/17 6068/17
f 6141/17 6140/17 6142/17 6143/17
f 6141/17 6143/17 6071/17 6069/17
f 6143/17 6142/17 6079/17 6077/17
f 6143/17 6077/17 6073/17 6071/17
f 6142/17 6140/17 6145/17 6144/17
f 6142/17 6144/17 6082/17 6079/17
f 6082/17 6144/17 6147/17 6146/17
f 6082/17 6146/17 6084/17 6081/17
f 6146/17 6147/17 6148/17 6149/17
f 6146/17 6149/17 6085/17 6084/17
f 6087/17 6086/17 6150/17 6151/17
f 6087/17 6151/17 6152/17 5964/17
f 6152/17 6088/17 5965/17 5964/17
f 6090/17 6089/17 6154/17 6153/17
f 6090/17 6153/17 6094/17 6092/17
f 6153/17 6154/17 6104/17 6155/17
f 6153/17 6155/17 6096/17 6094/17
f 6155/17 6104/17 6102/17 6103/17
f 6155/17 6103/17 6098/17 6096/17
f 6106/17 6105/17 6175/17 6156/17
f 6106/17 6156/17 6157/17 6004/17
f 6157/17 6107/17 6007/17 6004/17
f 6109/17 6108/17 6158/17 6159/17
f 6109/17 6159/17 6160/17 6012/17
f 6160/17 6110/17 6015/17 6012/17
f 6112/17 6111/17 6161/17 6162/17
f 6112/17 6162/17 6163/17 6019/17
f 6163/17 6113/17 6020/17 6019/17
f 6113/17 6164/17 7546/17 7545/17
f 6164/17 6165/17 7547/17 7546/17
f 6165/17 6166/17 7548/17 7547/17
f 6166/17 6167/17 7549/17 7548/17
f 6167/17 6132/17 7550/17 7549/17
f 6166/17 6165/17 6168/17 6136/17
f 6166/17 6136/17 6134/17 6167/17
f 6168/17 6169/17 6137/17 6136/17
f 6169/17 6170/17 6138/17 6137/17
f 6170/17 6145/17 6140/17 6138/17
f 6170/17 6169/17 6171/17 6173/17
f 6170/17 6173/17 6172/17 6145/17
f 6172/17 6147/17 6144/17 6145/17
f 6172/17 6173/17 6161/17 6174/17
f 6172/17 6174/17 6148/17 6147/17
f 6149/17 6148/17 6160/17 6159/17
f 6149/17 6159/17 6158/17 6085/17
f 6158/17 6150/17 6086/17 6085/17
f 6152/17 6151/17 6157/17 6156/17
f 6152/17 6156/17 6175/17 6088/17
f 6088/17 6175/17 6154/17 6089/17
f 6157/17 6151/17 6150/17 6107/17
f 6150/17 6158/17 6108/17 6107/17
f 6160/17 6148/17 6174/17 6110/17
f 6174/17 6161/17 6111/17 6110/17
f 6163/17 6162/17 6171/17 6176/17
f 6163/17 6176/17 6164/17 6113/17
f 6176/17 6171/17 6169/17 6168/17
f 6176/17 6168/17 6165/17 6164/17
f 6171/17 6162/17 6161/17 6173/17
f 6175/17 6105/17 6104/17 6154/17
f 6132/17 6131/17 7551/17 7550/17
f 6024/17 6025/17 6258/17 6177/17
f 6024/17 6177/17 6178/17 6023/17
f 6178/17 6022/17 6021/17 6023/17
f 6018/17 6179/17 6180/17 6016/17
f 6180/17 6014/17 6013/17 6016/17
f 6010/17 6011/17 6181/17 6183/17
f 6010/17 6183/17 6182/17 6008/17
f 6182/17 6006/17 6005/17 6008/17
f 6006/17 6182/17 6184/17 6186/17
f 6006/17 6186/17 6185/17 6003/17
f 6185/17 6001/17 6000/17 6003/17
f 7507/17 6187/17 6189/17 7508/17
f 7508/17 6189/17 6188/17 7509/17
f 6188/17 5995/17 7510/17 7509/17
f 5995/17 6188/17 6190/17 6192/17
f 5995/17 6192/17 6191/17 5991/17
f 6191/17 5989/17 5988/17 5991/17
f 5989/17 6191/17 6193/17 6195/17
f 5989/17 6195/17 6194/17 5986/17
f 6194/17 5985/17 5984/17 5986/17
f 5985/17 6194/17 6196/17 6197/17
f 5985/17 6197/17 6198/17 5982/17
f 6198/17 6197/17 6199/17 6200/17
f 6198/17 6200/17 4198/17 4197/17
f 6198/17 4197/17 4200/17 5982/17
f 6200/17 6199/17 6201/17 6202/17
f 6200/17 6202/17 6203/17 4198/17
f 6203/17 6202/17 6204/17 6205/17
f 6203/17 6205/17 6206/17 6207/17
f 6203/17 6207/17 4199/17 4198/17
f 6207/17 6206/17 6208/17 6209/17
f 6207/17 6209/17 6210/17 4199/17
f 6210/17 6209/17 6211/17 5828/17
f 6210/17 5828/17 5826/17 4193/17
f 6210/17 4193/17 4015/17 4199/17
f 6211/17 6209/17 6208/17 6212/17
f 6211/17 6212/17 6213/17 5831/17
f 6211/17 5831/17 5829/17 5828/17
f 6213/17 6212/17 6214/17 6215/17
f 6213/17 6215/17 6216/17 6217/17
f 6213/17 6217/17 5832/17 5831/17
f 6217/17 6216/17 6218/17 6219/17
f 6217/17 6219/17 5833/17 5832/17
f 6219/17 6218/17 6220/17 6221/17
f 6219/17 6221/17 5835/17 5833/17
f 6221/17 6220/17 6222/17 6223/17
f 6221/17 6223/17 5837/17 5835/17
f 6223/17 6222/17 6224/17 6225/17
f 6223/17 6225/17 5839/17 5837/17
f 6225/17 6224/17 6226/17 6227/17
f 6225/17 6227/17 5841/17 5839/17
f 6227/17 6226/17 6228/17 6229/17
f 6227/17 6229/17 6230/17 5841/17
f 6230/17 6229/17 4212/17 6231/17
f 6230/17 6231/17 6232/17 5844/17
f 6230/17 5844/17 5842/17 5841/17
f 6232/17 5847/17 5845/17 5844/17
f 6232/17 6231/17 6233/17 6234/17
f 6232/17 6234/17 6235/17 5847/17
f 6235/17 5850/17 5848/17 5847/17
f 6235/17 6234/17 6236/17 6237/17
f 6235/17 6237/17 6238/17 5850/17
f 6238/17 5852/17 5851/17 5850/17
f 6238/17 6237/17 6239/17 6240/17
f 6238/17 6240/17 6241/17 5852/17
f 6241/17 5854/17 5853/17 5852/17
f 6241/17 6240/17 6242/17 6243/17
f 6241/17 6243/17 5855/17 5854/17
f 5855/17 6243/17 6244/17 6245/17
f 6245/17 7535/17 7534/17 5855/17
f 6245/17 6246/17 7536/17 7535/17
f 5858/17 6247/17 5860/17 5859/17
f 5860/17 6653/17 5861/17 5305/17
f 5862/17 6248/17 5309/17 5308/17
f 5309/17 6248/17 6249/17 5310/17
f 5863/17 5312/17 6251/17 6250/17
f 5863/17 6250/17 5867/17 5865/17
f 6250/17 6251/17 6253/17 6252/17
f 6250/17 6252/17 5869/17 5867/17
f 6252/17 6253/17 6255/17 6254/17
f 6252/17 6254/17 5871/17 5869/17
f 6254/17 6255/17 6257/17 6256/17
f 6254/17 6256/17 5873/17 5871/17
f 6256/17 6257/17 6177/17 6258/17
f 6256/17 6258/17 5875/17 5873/17
f 6178/17 6177/17 6257/17 6666/17
f 6178/17 6666/17 6665/17 6022/17
f 7542/17 6179/17 6018/17 7543/17
f 6180/17 6179/17 4203/17 6260/17
f 6180/17 6260/17 6259/17 6014/17
f 6259/17 6181/17 6011/17 6014/17
f 6181/17 6259/17 6261/17 6263/17
f 6181/17 6263/17 6262/17 6183/17
f 6262/17 6184/17 6182/17 6183/17
f 7504/17 6264/17 6266/17 7505/17
f 7505/17 6266/17 6265/17 7506/17
f 6265/17 6187/17 7507/17 7506/17
f 6187/17 6265/17 6267/17 6269/17
f 6187/17 6269/17 6268/17 6189/17
f 6268/17 6190/17 6188/17 6189/17
f 6190/17 6268/17 6270/17 6272/17
f 6190/17 6272/17 6271/17 6192/17
f 6271/17 6193/17 6191/17 6192/17
f 6193/17 6271/17 6273/17 6274/17
f 6193/17 6274/17 6275/17 6195/17
f 6275/17 6274/17 6276/17 6277/17
f 6275/17 6277/17 6278/17 6196/17
f 6275/17 6196/17 6194/17 6195/17
f 6278/17 6277/17 6279/17 6280/17
f 6278/17 6280/17 6201/17 6199/17
f 6278/17 6199/17 6197/17 6196/17
f 6280/17 6279/17 6281/17 6282/17
f 6280/17 6282/17 6283/17 6201/17
f 6283/17 6282/17 6284/17 6285/17
f 6283/17 6285/17 6286/17 6204/17
f 6283/17 6204/17 6202/17 6201/17
f 6286/17 6285/17 6287/17 6288/17
f 6286/17 6288/17 6289/17 6290/17
f 6286/17 6290/17 6205/17 6204/17
f 6290/17 6289/17 6291/17 6292/17
f 6290/17 6292/17 6206/17 6205/17
f 6292/17 6291/17 6295/17 6293/17
f 6292/17 6293/17 6208/17 6206/17
f 6293/17 6295/17 6294/17 6214/17
f 6293/17 6214/17 6212/17 6208/17
f 6294/17 6296/17 6215/17 6214/17
f 6296/17 6297/17 6216/17 6215/17
f 6297/17 6298/17 6218/17 6216/17
f 6298/17 6299/17 6220/17 6218/17
f 6299/17 6300/17 6222/17 6220/17
f 6300/17 6301/17 6224/17 6222/17
f 6301/17 6302/17 6226/17 6224/17
f 6302/17 6303/17 6228/17 6226/17
f 6303/17 4210/17 4209/17 6228/17
f 6304/17 6305/17 6306/17 4207/17
f 6304/17 4207/17 4016/17 4211/17
f 6306/17 6305/17 6365/17 6307/17
f 6306/17 6307/17 6308/17 6309/17
f 6306/17 6309/17 4208/17 4207/17
f 6309/17 6308/17 6310/17 6311/17
f 6309/17 6311/17 6312/17 4208/17
f 6312/17 6313/17 4204/17 4208/17
f 6312/17 6311/17 6314/17 6315/17
f 6312/17 6315/17 6316/17 6313/17
f 6316/17 6317/17 6318/17 6313/17
f 6316/17 6315/17 6319/17 6320/17
f 6316/17 6320/17 6321/17 6317/17
f 6321/17 6322/17 6323/17 6317/17
f 6321/17 6320/17 6341/17 6327/17
f 6321/17 6327/17 6324/17 6322/17
f 6324/17 6325/17 6326/17 6322/17
f 6325/17 6324/17 6340/17 6332/17
f 6325/17 6332/17 6329/17 6328/17
f 6329/17 6330/17 6331/17 6328/17
f 6330/17 6329/17 6339/17 6336/17
f 6330/17 6336/17 6334/17 6333/17
f 6334/17 6335/17 6656/17 6333/17
f 6335/17 6334/17 7501/17 7500/17
f 7538/17 6335/17 7500/17 7539/17
f 6337/17 6338/17 6260/17 4203/17
f 6338/17 6261/17 6259/17 6260/17
f 7501/17 6334/17 6336/17 7502/17
f 7502/17 6336/17 6339/17 7503/17
f 6339/17 6264/17 7504/17 7503/17
f 6264/17 6339/17 6329/17 6332/17
f 6264/17 6332/17 6340/17 6266/17
f 6340/17 6267/17 6265/17 6266/17
f 6267/17 6340/17 6324/17 6327/17
f 6267/17 6327/17 6341/17 6269/17
f 6341/17 6270/17 6268/17 6269/17
f 6270/17 6341/17 6320/17 6319/17
f 6270/17 6319/17 6342/17 6272/17
f 6342/17 6319/17 6315/17 6314/17
f 6342/17 6314/17 6343/17 6273/17
f 6342/17 6273/17 6271/17 6272/17
f 6343/17 6314/17 6311/17 6310/17
f 6343/17 6310/17 6344/17 6276/17
f 6343/17 6276/17 6274/17 6273/17
f 6344/17 6310/17 6308/17 6345/17
f 6344/17 6345/17 6281/17 6279/17
f 6344/17 6279/17 6277/17 6276/17
f 6345/17 6308/17 6307/17 6346/17
f 6345/17 6346/17 6347/17 6281/17
f 6347/17 6346/17 6348/17 6350/17
f 6347/17 6350/17 6349/17 6284/17
f 6347/17 6284/17 6282/17 6281/17
f 6349/17 6287/17 6285/17 6284/17
f 6287/17 6349/17 6351/17 6352/17
f 6287/17 6352/17 6353/17 6288/17
f 6288/17 6353/17 6354/17 6289/17
f 6289/17 6354/17 6356/17 6291/17
f 6291/17 6356/17 6355/17 6295/17
f 6355/17 6357/17 6294/17 6295/17
f 6357/17 6358/17 6296/17 6294/17
f 6358/17 6359/17 6297/17 6296/17
f 6359/17 6360/17 6298/17 6297/17
f 6360/17 6361/17 6299/17 6298/17
f 6361/17 6362/17 6300/17 6299/17
f 6362/17 6363/17 6301/17 6300/17
f 6365/17 6364/17 6367/17 6348/17
f 6348/17 6367/17 6366/17 6350/17
f 6366/17 6351/17 6349/17 6350/17
f 6351/17 6366/17 6368/17 6369/17
f 6351/17 6369/17 6370/17 6352/17
f 6352/17 6370/17 6371/17 6353/17
f 6353/17 6371/17 6373/17 6354/17
f 6354/17 6373/17 6372/17 6356/17
f 6372/17 6374/17 6355/17 6356/17
f 6374/17 6375/17 6357/17 6355/17
f 6375/17 6376/17 6358/17 6357/17
f 6376/17 6377/17 6359/17 6358/17
f 6377/17 6378/17 6360/17 6359/17
f 6378/17 6379/17 6361/17 6360/17
f 6379/17 6380/17 6362/17 6361/17
f 6380/17 6381/17 6363/17 6362/17
f 7154/17 6383/17 6384/17 7155/17
f 7155/17 6384/17 6385/17 7156/17
f 7156/17 6385/17 6386/17 7157/17
f 6388/17 6389/17 6367/17 6364/17
f 6389/17 6368/17 6366/17 6367/17
f 6368/17 6389/17 6390/17 6391/17
f 6368/17 6391/17 6392/17 6369/17
f 6369/17 6392/17 6393/17 6370/17
f 6370/17 6393/17 6395/17 6371/17
f 6371/17 6395/17 6394/17 6373/17
f 6394/17 6396/17 6372/17 6373/17
f 6396/17 6397/17 6374/17 6372/17
f 6397/17 6398/17 6375/17 6374/17
f 6398/17 6399/17 6376/17 6375/17
f 6399/17 6400/17 6377/17 6376/17
f 6400/17 6401/17 6378/17 6377/17
f 6401/17 6402/17 6379/17 6378/17
f 6402/17 6403/17 6380/17 6379/17
f 6403/17 6382/17 6381/17 6380/17
f 6382/17 6403/17 6404/17 6405/17
f 6387/17 6406/17 6407/17 6390/17
f 6390/17 6407/17 6408/17 6391/17
f 6391/17 6408/17 6409/17 6392/17
f 6392/17 6409/17 6411/17 6393/17
f 6393/17 6411/17 6410/17 6395/17
f 6410/17 6412/17 6394/17 6395/17
f 6412/17 6413/17 6396/17 6394/17
f 6413/17 6414/17 6397/17 6396/17
f 6414/17 6415/17 6398/17 6397/17
f 6415/17 6416/17 6399/17 6398/17
f 6416/17 6417/17 6400/17 6399/17
f 6417/17 6418/17 6401/17 6400/17
f 6418/17 6419/17 6402/17 6401/17
f 6419/17 6404/17 6403/17 6402/17
f 6404/17 6419/17 6420/17 6421/17
f 6404/17 6421/17 6422/17 6405/17
f 6406/17 6429/17 6430/17 6407/17
f 6407/17 6430/17 6441/17 6408/17
f 6408/17 6441/17 6432/17 6409/17
f 6409/17 6432/17 6431/17 6411/17
f 6431/17 6433/17 6410/17 6411/17
f 6433/17 6434/17 6412/17 6410/17
f 6434/17 6435/17 6413/17 6412/17
f 6435/17 6436/17 6414/17 6413/17
f 6436/17 6437/17 6415/17 6414/17
f 6437/17 6438/17 6416/17 6415/17
f 6438/17 6439/17 6417/17 6416/17
f 6439/17 6440/17 6418/17 6417/17
f 6440/17 6420/17 6419/17 6418/17
f 6441/17 6430/17 6442/17 6443/17
f 6441/17 6443/17 6444/17 6432/17
f 6432/17 6444/17 6445/17 6431/17
f 6431/17 6445/17 6446/17 6433/17
f 6433/17 6446/17 6447/17 6434/17
f 6434/17 6447/17 6448/17 6435/17
f 6435/17 6448/17 6449/17 6436/17
f 6436/17 6449/17 6463/17 6437/17
f 6437/17 6463/17 6451/17 6438/17
f 6438/17 6451/17 6450/17 6439/17
f 6450/17 6452/17 6440/17 6439/17
f 6452/17 6453/17 6420/17 6440/17
f 6453/17 6454/17 6421/17 6420/17
f 6454/17 6455/17 6422/17 6421/17
f 6455/17 6456/17 6423/17 6422/17
f 6456/17 6457/17 6424/17 6423/17
f 6457/17 6458/17 6425/17 6424/17
f 6458/17 6459/17 6426/17 6425/17
f 6459/17 6460/17 6427/17 6426/17
f 6460/17 6461/17 6428/17 6427/17
f 6461/17 6462/17 6429/17 6428/17
f 6462/17 6442/17 6430/17 6429/17
f 6449/17 6448/17 6464/17 6465/17
f 6449/17 6465/17 6466/17 6463/17
f 6463/17 6466/17 6467/17 6451/17
f 6451/17 6467/17 6468/17 6450/17
f 6450/17 6468/17 6469/17 6452/17
f 6452/17 6469/17 6470/17 6453/17
f 6453/17 6470/17 6471/17 6454/17
f 6454/17 6471/17 6472/17 6455/17
f 6455/17 6472/17 6473/17 6456/17
f 6456/17 6473/17 6474/17 6457/17
f 6457/17 6474/17 6475/17 6458/17
f 6458/17 6475/17 6477/17 6459/17
f 6459/17 6477/17 6476/17 6460/17
f 6476/17 6478/17 6461/17 6460/17
f 6478/17 6479/17 6462/17 6461/17
f 6479/17 6480/17 6442/17 6462/17
f 6480/17 6481/17 6443/17 6442/17
f 6481/17 6482/17 6444/17 6443/17
f 6482/17 6483/17 6445/17 6444/17
f 6483/17 6485/17 6446/17 6445/17
f 6485/17 6484/17 6447/17 6446/17
f 6484/17 6464/17 6448/17 6447/17
f 6485/17 6483/17 6486/17 6487/17
f 6485/17 6487/17 6488/17 6484/17
f 6484/17 6488/17 6489/17 6464/17
f 6464/17 6489/17 6490/17 6465/17
f 6465/17 6490/17 6491/17 6466/17
f 6466/17 6491/17 6492/17 6467/17
f 6467/17 6492/17 6493/17 6468/17
f 6468/17 6493/17 6494/17 6469/17
f 6469/17 6494/17 6495/17 6470/17
f 6470/17 6495/17 6496/17 6471/17
f 6497/17 6498/17 6479/17 6478/17
f 6498/17 6499/17 6480/17 6479/17
f 6499/17 6500/17 6481/17 6480/17
f 6500/17 6501/17 6482/17 6481/17
f 6501/17 6486/17 6483/17 6482/17
f 6497/17 6506/17 6507/17 6498/17
f 6498/17 6507/17 6508/17 6499/17
f 6499/17 6508/17 6509/17 6500/17
f 6500/17 6509/17 6510/17 6501/17
f 6510/17 6509/17 6511/17 6512/17
f 6510/17 6512/17 6513/17 6514/17
f 6510/17 6514/17 6486/17 6501/17
f 6514/17 6513/17 6515/17 6516/17
f 6514/17 6516/17 6487/17 6486/17
f 6516/17 6515/17 6517/17 6518/17
f 6516/17 6518/17 6488/17 6487/17
f 6518/17 6517/17 6519/17 6520/17
f 6518/17 6520/17 6489/17 6488/17
f 6520/17 6519/17 6521/17 6522/17
f 6520/17 6522/17 6490/17 6489/17
f 6522/17 6521/17 6523/17 6524/17
f 6522/17 6524/17 6491/17 6490/17
f 6524/17 6523/17 6525/17 6526/17
f 6524/17 6526/17 6492/17 6491/17
f 6526/17 6525/17 6527/17 6528/17
f 6526/17 6528/17 6493/17 6492/17
f 6528/17 6527/17 6529/17 6530/17
f 6528/17 6530/17 6494/17 6493/17
f 6530/17 6529/17 6531/17 6532/17
f 6530/17 6532/17 6495/17 6494/17
f 6532/17 6531/17 6533/17 6534/17
f 6532/17 6534/17 6496/17 6495/17
f 6543/17 6542/17 6544/17 6545/17
f 6543/17 6545/17 6507/17 6506/17
f 6545/17 6544/17 6546/17 6547/17
f 6545/17 6547/17 6508/17 6507/17
f 6547/17 6546/17 6548/17 6511/17
f 6547/17 6511/17 6509/17 6508/17
f 6548/17 6546/17 6549/17 6550/17
f 6548/17 6550/17 6551/17 6552/17
f 6548/17 6552/17 6512/17 6511/17
f 6552/17 6551/17 6553/17 6554/17
f 6552/17 6554/17 6513/17 6512/17
f 6554/17 6553/17 6555/17 6556/17
f 6554/17 6556/17 6515/17 6513/17
f 6556/17 6555/17 6557/17 6558/17
f 6556/17 6558/17 6517/17 6515/17
f 6558/17 6557/17 6559/17 6560/17
f 6558/17 6560/17 6519/17 6517/17
f 6560/17 6559/17 6561/17 6562/17
f 6560/17 6562/17 6521/17 6519/17
f 6562/17 6561/17 6563/17 6564/17
f 6562/17 6564/17 6523/17 6521/17
f 6564/17 6563/17 6565/17 6566/17
f 6564/17 6566/17 6525/17 6523/17
f 6566/17 6565/17 6567/17 6568/17
f 6566/17 6568/17 6527/17 6525/17
f 6568/17 6567/17 6569/17 6570/17
f 6568/17 6570/17 6529/17 6527/17
f 6570/17 6569/17 6571/17 6572/17
f 6570/17 6572/17 6531/17 6529/17
f 6572/17 6571/17 6573/17 6535/17
f 6572/17 6535/17 6533/17 6531/17
f 6573/17 6571/17 6574/17 6575/17
f 6573/17 6575/17 6576/17 6577/17
f 6573/17 6577/17 6536/17 6535/17
f 6577/17 6576/17 6578/17 6579/17
f 6577/17 6579/17 6537/17 6536/17
f 6579/17 6578/17 6580/17 6581/17
f 6579/17 6581/17 6538/17 6537/17
f 6581/17 6580/17 6582/17 6583/17
f 6581/17 6583/17 6539/17 6538/17
f 6583/17 6582/17 6584/17 6585/17
f 6583/17 6585/17 6540/17 6539/17
f 6585/17 6584/17 6586/17 6587/17
f 6585/17 6587/17 6541/17 6540/17
f 6587/17 6586/17 6588/17 6589/17
f 6587/17 6589/17 6542/17 6541/17
f 6589/17 6588/17 6592/17 6590/17
f 6589/17 6590/17 6544/17 6542/17
f 6590/17 6592/17 6591/17 6549/17
f 6590/17 6549/17 6546/17 6544/17
f 6591/17 6593/17 6550/17 6549/17
f 6593/17 6594/17 6551/17 6550/17
f 6594/17 6595/17 6553/17 6551/17
f 6595/17 6596/17 6555/17 6553/17
f 6596/17 6597/17 6557/17 6555/17
f 6597/17 6598/17 6559/17 6557/17
f 6598/17 6599/17 6561/17 6559/17
f 6599/17 6600/17 6563/17 6561/17
f 6600/17 6601/17 6565/17 6563/17
f 6601/17 6602/17 6567/17 6565/17
f 6602/17 6603/17 6569/17 6567/17
f 6603/17 6574/17 6571/17 6569/17
f 6574/17 6603/17 4215/17 6604/17
f 6574/17 6604/17 6605/17 6575/17
f 6575/17 6605/17 6606/17 6576/17
f 6576/17 6606/17 6607/17 6578/17
f 6578/17 6607/17 6608/17 6580/17
f 6580/17 6608/17 6609/17 6582/17
f 6582/17 6609/17 6610/17 6584/17
f 6584/17 6610/17 6611/17 6586/17
f 6586/17 6611/17 6612/17 6588/17
f 6588/17 6612/17 6613/17 6592/17
f 6613/17 6612/17 6614/17 6615/17
f 6613/17 6615/17 4114/17 4113/17
f 6613/17 4113/17 6591/17 6592/17
f 6615/17 6614/17 6616/17 6617/17
f 6615/17 6617/17 4115/17 4114/17
f 6617/17 6616/17 6618/17 6619/17
f 6617/17 6619/17 6620/17 4115/17
f 6620/17 6619/17 6621/17 6622/17
f 6620/17 6622/17 6623/17 6624/17
f 6620/17 6624/17 4116/17 4115/17
f 6624/17 6623/17 6625/17 6626/17
f 6624/17 6626/17 4117/17 4116/17
f 6626/17 6625/17 6596/17 6595/17
f 6626/17 6595/17 6594/17 4117/17
f 6625/17 6623/17 6627/17 6628/17
f 6625/17 6628/17 6597/17 6596/17
f 6628/17 6627/17 6629/17 6630/17
f 6628/17 6630/17 6598/17 6597/17
f 6630/17 6629/17 6631/17 6632/17
f 6630/17 6632/17 6599/17 6598/17
f 6632/17 6631/17 6633/17 6634/17
f 6632/17 6634/17 6600/17 6599/17
f 6634/17 6633/17 4214/17 4213/17
f 6634/17 4213/17 6601/17 6600/17
f 6633/17 6631/17 6635/17 6636/17
f 6633/17 6636/17 6637/17 4214/17
f 6637/17 6636/17 6638/17 6639/17
f 6637/17 6639/17 6605/17 6604/17
f 6637/17 6604/17 4215/17 4214/17
f 6639/17 6638/17 6640/17 6641/17
f 6639/17 6641/17 6606/17 6605/17
f 6641/17 6640/17 6642/17 6643/17
f 6641/17 6643/17 6607/17 6606/17
f 6643/17 6642/17 6644/17 6645/17
f 6643/17 6645/17 6608/17 6607/17
f 6645/17 6644/17 4140/17 4139/17
f 6645/17 4139/17 6609/17 6608/17
f 6644/17 6642/17 4105/17 6646/17
f 6644/17 6646/17 4141/17 4140/17
f 6646/17 4105/17 4104/17 6647/17
f 6646/17 6647/17 6618/17 4141/17
f 6647/17 4104/17 4106/17 6621/17
f 6647/17 6621/17 6619/17 6618/17
f 6642/17 6640/17 4101/17 4105/17
f 6640/17 6638/17 4102/17 4101/17
f 6638/17 6636/17 6635/17 4102/17
f 6635/17 6648/17 4103/17 4102/17
f 6635/17 6631/17 6629/17 6648/17
f 6648/17 6649/17 4106/17 4103/17
f 6648/17 6629/17 6627/17 6649/17
f 6649/17 6622/17 6621/17 4106/17
f 6649/17 6627/17 6623/17 6622/17
f 6618/17 6616/17 4142/17 4141/17
f 6616/17 6614/17 4143/17 4142/17
f 6614/17 6612/17 6611/17 4143/17
f 6611/17 6610/17 4138/17 4143/17
f 6610/17 6609/17 4139/17 4138/17
f 6594/17 6593/17 4112/17 4117/17
f 6593/17 6591/17 4113/17 4112/17
f 6390/17 6389/17 6388/17 6387/17
f 6348/17 6346/17 6307/17 6365/17
f 7498/17 6653/17 6650/17 7499/17
f 6652/17 6651/17 4202/17 6654/17
f 6654/17 6248/17 5862/17 6652/17
f 6654/17 6655/17 6249/17 6248/17
f 6249/17 6655/17 6253/17 6251/17
f 6655/17 6654/17 4202/17 4201/17
f 6655/17 4201/17 6255/17 6253/17
f 7497/17 5861/17 6653/17 7498/17
f 7537/17 6656/17 6335/17 7538/17
f 6656/17 6246/17 6657/17 6333/17
f 6657/17 6331/17 6330/17 6333/17
f 6331/17 6657/17 6244/17 6658/17
f 6331/17 6658/17 6659/17 6328/17
f 6659/17 6658/17 6242/17 6660/17
f 6659/17 6660/17 6661/17 6326/17
f 6659/17 6326/17 6325/17 6328/17
f 6661/17 6660/17 6239/17 6662/17
f 6661/17 6662/17 6663/17 6323/17
f 6661/17 6323/17 6322/17 6326/17
f 6663/17 6662/17 6236/17 6664/17
f 6663/17 6664/17 4205/17 6318/17
f 6663/17 6318/17 6317/17 6323/17
f 6664/17 6236/17 6234/17 6233/17
f 6664/17 6233/17 4206/17 4205/17
f 6662/17 6239/17 6237/17 6236/17
f 6660/17 6242/17 6240/17 6239/17
f 6658/17 6244/17 6243/17 6242/17
f 6657/17 6246/17 6245/17 6244/17
f 6656/17 7537/17 7536/17 6246/17
f 6650/17 6653/17 5860/17 6247/17
f 6318/17 4205/17 4204/17 6313/17
f 6179/17 7542/17 7541/17 4203/17
f 6665/17 6666/17 4201/17 4202/17
f 6666/17 6257/17 6255/17 4201/17
f 6251/17 5312/17 5310/17 6249/17
f 6233/17 6231/17 4212/17 4206/17
f 6229/17 6228/17 4209/17 4212/17
f 6258/17 6025/17 5877/17 5875/17
f 6101/17 5983/17 5980/17 5978/17
f 6057/17 5921/17 5910/17 5909/17
f 5746/17 5742/17 5740/17 5739/17
f 5734/17 5711/17 5709/17 5710/17
f 5732/17 5714/17 5712/17 5711/17
f 5732/17 5728/17 5727/17 5714/17
f 5727/17 5716/17 5715/17 5714/17
f 7576/17 5718/17 5717/17 7577/17
f 5239/17 5236/17 5200/17 5199/17
f 5236/17 5235/17 5202/17 5200/17
f 5202/17 5235/17 5233/17 5231/17
f 5202/17 5231/17 6667/17 5205/17
f 6667/17 5207/17 5203/17 5205/17
f 5207/17 6667/17 5230/17 5228/17
f 5207/17 5228/17 6668/17 5211/17
f 6668/17 5213/17 5208/17 5211/17
f 6668/17 5228/17 5224/17 5222/17
f 6668/17 5222/17 5219/17 5213/17
f 6667/17 5231/17 5229/17 5230/17
f 5216/17 5215/17 6669/17 4396/17
f 6669/17 4398/17 4397/17 4396/17
f 5216/17 4396/17 4393/17 4395/17
f 5216/17 4395/17 6670/17 5212/17
f 6670/17 7379/17 7378/17 5212/17
f 7379/17 6670/17 4111/17 7380/17
f 5210/17 4109/17 4071/17 5206/17
f 5206/17 4071/17 4069/17 5204/17
f 7569/17 5116/17 4229/17 7570/17
f 5112/17 5109/17 5108/17 4973/17
f 5112/17 4973/17 4971/17 5116/17
f 5108/17 5106/17 5105/17 4977/17
f 5108/17 4977/17 4974/17 4973/17
f 5105/17 5102/17 5101/17 4980/17
f 5105/17 4980/17 4978/17 4977/17
f 5101/17 5097/17 5096/17 4983/17
f 5101/17 4983/17 4981/17 4980/17
f 5096/17 5091/17 5094/17 6671/17
f 5096/17 6671/17 4984/17 4983/17
f 6671/17 5094/17 5090/17 6672/17
f 6671/17 6672/17 4985/17 4984/17
f 6672/17 5090/17 6673/17 6674/17
f 6672/17 6674/17 4987/17 4985/17
f 6674/17 6673/17 5038/17 5035/17
f 6674/17 5035/17 4989/17 4987/17
f 6673/17 5090/17 5086/17 5085/17
f 6673/17 5085/17 6675/17 5038/17
f 6675/17 5085/17 5081/17 5080/17
f 6675/17 5080/17 6676/17 5039/17
f 6675/17 5039/17 5037/17 5038/17
f 6676/17 5080/17 5076/17 5075/17
f 6676/17 5075/17 6677/17 6678/17
f 6676/17 6678/17 5040/17 5039/17
f 6678/17 6677/17 6679/17 6680/17
f 6678/17 6680/17 5041/17 5040/17
f 6680/17 6679/17 6681/17 6682/17
f 6680/17 6682/17 5042/17 5041/17
f 6682/17 6681/17 6683/17 5045/17
f 6682/17 5045/17 5043/17 5042/17
f 6683/17 6681/17 4147/17 6685/17
f 6683/17 6685/17 6684/17 5048/17
f 6683/17 5048/17 5046/17 5045/17
f 6684/17 5053/17 5049/17 5048/17
f 6684/17 6685/17 5069/17 5067/17
f 6684/17 5067/17 5054/17 5053/17
f 6685/17 4147/17 4146/17 5069/17
f 4147/17 6681/17 6679/17 4148/17
f 4148/17 6679/17 6677/17 5074/17
f 6677/17 5075/17 5073/17 5074/17
f 5032/17 5031/17 4222/17 4226/17
f 5016/17 4076/17 4075/17 4322/17
f 5016/17 4322/17 4321/17 5013/17
f 5016/17 5015/17 4081/17 4076/17
f 4960/17 4949/17 4945/17 4944/17
f 4821/17 4569/17 4568/17 4567/17
f 238/17 262/17 4544/17 4543/17
f 262/17 263/17 6686/17 4544/17
f 6686/17 263/17 264/17 6687/17
f 6686/17 6687/17 6688/17 4539/17
f 6686/17 4539/17 4538/17 4544/17
f 6688/17 6687/17 6689/17 6691/17
f 6688/17 6691/17 6690/17 4534/17
f 6688/17 4534/17 4533/17 4539/17
f 6690/17 4529/17 4528/17 4534/17
f 7472/17 6692/17 6694/17 7473/17
f 7473/17 6694/17 6693/17 7474/17
f 6693/17 4522/17 7475/17 7474/17
f 4522/17 6693/17 6695/17 6697/17
f 4522/17 6697/17 6696/17 4519/17
f 6696/17 4517/17 4516/17 4519/17
f 4517/17 6696/17 6698/17 6700/17
f 4517/17 6700/17 6699/17 4513/17
f 6699/17 4511/17 4510/17 4513/17
f 4511/17 6699/17 6701/17 6702/17
f 4511/17 6702/17 6703/17 4507/17
f 6703/17 6702/17 6704/17 6705/17
f 6703/17 6705/17 6706/17 4505/17
f 6703/17 4505/17 4504/17 4507/17
f 6706/17 6705/17 6707/17 6708/17
f 6706/17 6708/17 6709/17 4501/17
f 6706/17 4501/17 4500/17 4505/17
f 6709/17 6708/17 6710/17 6711/17
f 6709/17 6711/17 6712/17 4496/17
f 6709/17 4496/17 4495/17 4501/17
f 6712/17 6711/17 6713/17 6714/17
f 6712/17 6714/17 6715/17 4491/17
f 6712/17 4491/17 4490/17 4496/17
f 6715/17 6714/17 6716/17 6717/17
f 6715/17 6717/17 6718/17 4486/17
f 6715/17 4486/17 4485/17 4491/17
f 6718/17 6717/17 6719/17 4181/17
f 6718/17 4181/17 4180/17 4481/17
f 6718/17 4481/17 4480/17 4486/17
f 6719/17 6720/17 6722/17 6721/17
f 6719/17 6721/17 4182/17 4181/17
f 6719/17 6717/17 6716/17 6720/17
f 6723/17 6724/17 6725/17 6726/17
f 6723/17 6726/17 4177/17 4176/17
f 6726/17 6725/17 6727/17 6728/17
f 6726/17 6728/17 6729/17 4177/17
f 6729/17 4472/17 4178/17 4177/17
f 6729/17 6728/17 6730/17 4467/17
f 6729/17 4467/17 4466/17 4472/17
f 6730/17 6728/17 6727/17 6731/17
f 6730/17 6731/17 6732/17 4462/17
f 6730/17 4462/17 4461/17 4467/17
f 6732/17 6731/17 6733/17 6734/17
f 6732/17 6734/17 4063/17 4457/17
f 6732/17 4457/17 4456/17 4462/17
f 6734/17 6733/17 6735/17 6736/17
f 6734/17 6736/17 4064/17 4063/17
f 6736/17 6735/17 6737/17 6738/17
f 6736/17 6738/17 4066/17 4064/17
f 6738/17 6737/17 6739/17 6740/17
f 6738/17 6740/17 6741/17 4066/17
f 6741/17 6740/17 4150/17 6742/17
f 6741/17 6742/17 6743/17 6744/17
f 6741/17 6744/17 4065/17 4066/17
f 6744/17 6743/17 265/17 266/17
f 6744/17 266/17 95/17 4065/17
f 265/17 6743/17 6745/17 267/17
f 267/17 6745/17 6746/17 268/17
f 268/17 6746/17 6747/17 269/17
f 269/17 6747/17 6748/17 270/17
f 270/17 6748/17 6749/17 271/17
f 271/17 6749/17 6750/17 272/17
f 272/17 6750/17 6751/17 273/17
f 273/17 6751/17 6752/17 274/17
f 274/17 6752/17 7470/17 3780/17
f 275/17 6689/17 6687/17 264/17
f 7470/17 6752/17 6753/17 7471/17
f 6753/17 6692/17 7472/17 7471/17
f 6692/17 6753/17 6826/17 6755/17
f 6692/17 6755/17 6754/17 6694/17
f 6754/17 6695/17 6693/17 6694/17
f 6695/17 6754/17 6756/17 6758/17
f 6695/17 6758/17 6757/17 6697/17
f 6757/17 6698/17 6696/17 6697/17
f 6698/17 6757/17 6759/17 6760/17
f 6698/17 6760/17 6761/17 6700/17
f 6761/17 6760/17 6762/17 6763/17
f 6761/17 6763/17 6764/17 6701/17
f 6761/17 6701/17 6699/17 6700/17
f 6764/17 6763/17 6765/17 6766/17
f 6764/17 6766/17 6767/17 6704/17
f 6764/17 6704/17 6702/17 6701/17
f 6767/17 6766/17 6768/17 6769/17
f 6767/17 6769/17 6770/17 6707/17
f 6767/17 6707/17 6705/17 6704/17
f 6770/17 6769/17 6771/17 6772/17
f 6770/17 6772/17 6773/17 6710/17
f 6770/17 6710/17 6708/17 6707/17
f 6773/17 6772/17 6774/17 6775/17
f 6773/17 6775/17 6776/17 6713/17
f 6773/17 6713/17 6711/17 6710/17
f 6776/17 6775/17 6777/17 6778/17
f 6776/17 6778/17 6720/17 6716/17
f 6776/17 6716/17 6714/17 6713/17
f 6778/17 6777/17 6780/17 6779/17
f 6778/17 6779/17 6722/17 6720/17
f 6722/17 6779/17 6781/17 6783/17
f 6722/17 6783/17 6782/17 6721/17
f 6784/17 6785/17 6786/17 6787/17
f 6784/17 6787/17 6725/17 6724/17
f 6787/17 6786/17 6788/17 6789/17
f 6787/17 6789/17 6727/17 6725/17
f 6789/17 6788/17 6735/17 6733/17
f 6789/17 6733/17 6731/17 6727/17
f 6788/17 6786/17 6790/17 6791/17
f 6788/17 6791/17 6737/17 6735/17
f 6791/17 6790/17 6792/17 6793/17
f 6791/17 6793/17 6739/17 6737/17
f 6793/17 6792/17 6794/17 4152/17
f 6793/17 4152/17 4151/17 6739/17
f 6794/17 6792/17 6795/17 6796/17
f 6794/17 6796/17 6797/17 6798/17
f 6794/17 6798/17 4153/17 4152/17
f 6798/17 6797/17 6799/17 6800/17
f 6798/17 6800/17 4154/17 4153/17
f 6800/17 6799/17 6801/17 6802/17
f 6800/17 6802/17 6803/17 4154/17
f 6803/17 6802/17 6804/17 6805/17
f 6803/17 6805/17 6806/17 6807/17
f 6803/17 6807/17 4155/17 4154/17
f 6807/17 6806/17 6808/17 6809/17
f 6807/17 6809/17 4156/17 4155/17
f 6809/17 6808/17 6810/17 6811/17
f 6809/17 6811/17 6812/17 4156/17
f 6812/17 6813/17 4157/17 4156/17
f 6812/17 6811/17 6814/17 6815/17
f 6812/17 6815/17 6816/17 6813/17
f 6816/17 6817/17 6818/17 6813/17
f 6816/17 6815/17 6819/17 6820/17
f 6816/17 6820/17 6821/17 6817/17
f 6821/17 6822/17 6823/17 6817/17
f 6821/17 6820/17 6756/17 6825/17
f 6821/17 6825/17 6824/17 6822/17
f 6824/17 6750/17 6749/17 6822/17
f 6824/17 6825/17 6755/17 6826/17
f 6824/17 6826/17 6751/17 6750/17
f 6825/17 6756/17 6754/17 6755/17
f 6756/17 6820/17 6819/17 6758/17
f 6823/17 6748/17 6747/17 6827/17
f 6823/17 6827/17 6818/17 6817/17
f 6823/17 6822/17 6749/17 6748/17
f 6827/17 6747/17 6746/17 6828/17
f 6827/17 6828/17 4158/17 6818/17
f 6828/17 6746/17 6745/17 6829/17
f 6828/17 6829/17 4149/17 4158/17
f 6829/17 6742/17 4150/17 4149/17
f 6829/17 6745/17 6743/17 6742/17
f 6819/17 6815/17 6814/17 6759/17
f 6819/17 6759/17 6757/17 6758/17
f 6818/17 4158/17 4157/17 6813/17
f 6814/17 6811/17 6810/17 6762/17
f 6814/17 6762/17 6760/17 6759/17
f 6810/17 6808/17 6830/17 6765/17
f 6810/17 6765/17 6763/17 6762/17
f 6830/17 6808/17 6806/17 6831/17
f 6830/17 6831/17 6832/17 6768/17
f 6830/17 6768/17 6766/17 6765/17
f 6832/17 6831/17 6833/17 6834/17
f 6832/17 6834/17 6835/17 6771/17
f 6832/17 6771/17 6769/17 6768/17
f 6835/17 6834/17 6836/17 6837/17
f 6835/17 6837/17 6838/17 6774/17
f 6835/17 6774/17 6772/17 6771/17
f 6838/17 6837/17 6840/17 6839/17
f 6838/17 6839/17 6780/17 6777/17
f 6838/17 6777/17 6775/17 6774/17
f 6839/17 6840/17 6841/17 6843/17
f 6839/17 6843/17 6842/17 6780/17
f 6842/17 6781/17 6779/17 6780/17
f 6781/17 6842/17 6844/17 6846/17
f 6781/17 6846/17 6845/17 6783/17
f 6845/17 6847/17 6782/17 6783/17
f 6853/17 6852/17 6879/17 6795/17
f 6853/17 6795/17 6792/17 6790/17
f 6853/17 6790/17 6786/17 6785/17
f 6854/17 6855/17 6856/17 6804/17
f 6854/17 6804/17 6802/17 6801/17
f 6856/17 6855/17 6857/17 6836/17
f 6856/17 6836/17 6834/17 6833/17
f 6856/17 6833/17 6805/17 6804/17
f 6857/17 6840/17 6837/17 6836/17
f 6857/17 6855/17 6859/17 6858/17
f 6857/17 6858/17 6841/17 6840/17
f 6841/17 6858/17 6860/17 6862/17
f 6841/17 6862/17 6861/17 6843/17
f 6861/17 6844/17 6842/17 6843/17
f 6844/17 6861/17 6863/17 6864/17
f 6844/17 6864/17 6865/17 6846/17
f 6865/17 6864/17 6866/17 6867/17
f 6865/17 6867/17 6868/17 6869/17
f 6865/17 6869/17 6845/17 6846/17
f 6869/17 6868/17 6870/17 6871/17
f 6869/17 6871/17 6847/17 6845/17
f 6872/17 6873/17 6849/17 6848/17
f 6873/17 6874/17 6850/17 6849/17
f 6874/17 6875/17 6851/17 6850/17
f 6877/17 6878/17 6879/17 6852/17
f 6879/17 6878/17 6911/17 6880/17
f 6880/17 6881/17 6797/17 6796/17
f 6880/17 6796/17 6795/17 6879/17
f 6881/17 6882/17 6799/17 6797/17
f 6882/17 6883/17 6801/17 6799/17
f 6883/17 6884/17 6854/17 6801/17
f 6884/17 6859/17 6855/17 6854/17
f 6884/17 6883/17 6885/17 6887/17
f 6884/17 6887/17 6886/17 6859/17
f 6886/17 6860/17 6858/17 6859/17
f 6860/17 6886/17 6888/17 6889/17
f 6860/17 6889/17 6890/17 6862/17
f 6890/17 6889/17 6891/17 6893/17
f 6890/17 6893/17 6892/17 6863/17
f 6890/17 6863/17 6861/17 6862/17
f 6892/17 6866/17 6864/17 6863/17
f 6866/17 6892/17 6894/17 6895/17
f 6866/17 6895/17 6896/17 6867/17
f 6867/17 6896/17 6897/17 6868/17
f 6868/17 6897/17 6898/17 6870/17
f 6907/17 6908/17 6909/17 6876/17
f 6909/17 6908/17 6925/17 6910/17
f 6909/17 6910/17 6911/17 6878/17
f 6909/17 6878/17 6877/17 6876/17
f 6911/17 6910/17 6912/17 6913/17
f 6913/17 6914/17 6882/17 6881/17
f 6913/17 6881/17 6880/17 6911/17
f 6914/17 6885/17 6883/17 6882/17
f 6885/17 6914/17 6915/17 6916/17
f 6885/17 6916/17 6917/17 6887/17
f 6917/17 6916/17 6918/17 6920/17
f 6917/17 6920/17 6919/17 6888/17
f 6917/17 6888/17 6886/17 6887/17
f 6919/17 6891/17 6889/17 6888/17
f 6891/17 6919/17 6921/17 6922/17
f 6891/17 6922/17 6923/17 6893/17
f 6923/17 6894/17 6892/17 6893/17
f 6924/17 6946/17 6925/17 6908/17
f 6924/17 6908/17 6907/17 6906/17
f 6925/17 6946/17 6947/17 6926/17
f 6926/17 6927/17 6915/17 6912/17
f 6926/17 6912/17 6910/17 6925/17
f 6927/17 6918/17 6916/17 6915/17
f 6918/17 6927/17 6928/17 6929/17
f 6918/17 6929/17 6930/17 6920/17
f 6930/17 6921/17 6919/17 6920/17
f 6894/17 6931/17 6932/17 6895/17
f 6895/17 6932/17 6933/17 6896/17
f 6896/17 6933/17 6934/17 6897/17
f 6897/17 6934/17 6935/17 6898/17
f 6898/17 6935/17 6936/17 6899/17
f 6899/17 6936/17 6937/17 6900/17
f 6900/17 6937/17 6938/17 6901/17
f 6901/17 6938/17 6939/17 6902/17
f 6902/17 6939/17 6940/17 6903/17
f 6903/17 6940/17 6941/17 6904/17
f 6904/17 6941/17 6942/17 6905/17
f 6905/17 6942/17 6943/17 6906/17
f 6906/17 6943/17 6944/17 6924/17
f 6924/17 6944/17 6945/17 6946/17
f 6953/17 6952/17 6954/17 6955/17
f 6953/17 6955/17 6932/17 6931/17
f 6955/17 6954/17 6956/17 6957/17
f 6955/17 6957/17 6933/17 6932/17
f 6957/17 6956/17 6958/17 6959/17
f 6957/17 6959/17 6934/17 6933/17
f 6959/17 6958/17 6960/17 6961/17
f 6959/17 6961/17 6935/17 6934/17
f 6961/17 6960/17 6962/17 6963/17
f 6961/17 6963/17 6936/17 6935/17
f 6963/17 6962/17 6964/17 6965/17
f 6963/17 6965/17 6937/17 6936/17
f 6965/17 6964/17 6966/17 6967/17
f 6965/17 6967/17 6938/17 6937/17
f 6967/17 6966/17 6968/17 6969/17
f 6967/17 6969/17 6939/17 6938/17
f 6969/17 6968/17 6970/17 6971/17
f 6969/17 6971/17 6940/17 6939/17
f 6971/17 6970/17 6972/17 6973/17
f 6971/17 6973/17 6941/17 6940/17
f 6973/17 6972/17 6974/17 6975/17
f 6973/17 6975/17 6942/17 6941/17
f 6975/17 6974/17 6976/17 6977/17
f 6975/17 6977/17 6943/17 6942/17
f 6977/17 6976/17 6978/17 6979/17
f 6977/17 6979/17 6944/17 6943/17
f 6979/17 6978/17 6980/17 6981/17
f 6979/17 6981/17 6945/17 6944/17
f 6990/17 6991/17 6954/17 6952/17
f 6991/17 6992/17 6956/17 6954/17
f 6992/17 6993/17 6958/17 6956/17
f 6993/17 6994/17 6960/17 6958/17
f 6994/17 6995/17 6962/17 6960/17
f 6995/17 6996/17 6964/17 6962/17
f 6996/17 6997/17 6966/17 6964/17
f 6997/17 6998/17 6968/17 6966/17
f 6998/17 6999/17 6970/17 6968/17
f 6999/17 7000/17 6972/17 6970/17
f 7000/17 7001/17 6974/17 6972/17
f 7001/17 7002/17 6976/17 6974/17
f 7002/17 7003/17 6978/17 6976/17
f 7003/17 7004/17 6980/17 6978/17
f 7003/17 7002/17 7328/17 7327/17
f 7003/17 7327/17 7341/17 7004/17
f 7339/17 6991/17 6990/17 7340/17
f 7338/17 6992/17 6991/17 7339/17
f 7337/17 6993/17 6992/17 7338/17
f 7336/17 6994/17 6993/17 7337/17
f 7335/17 6995/17 6994/17 7336/17
f 7334/17 6996/17 6995/17 7335/17
f 7333/17 6997/17 6996/17 7334/17
f 7332/17 6998/17 6997/17 7333/17
f 7331/17 6999/17 6998/17 7332/17
f 7330/17 7000/17 6999/17 7331/17
f 7329/17 7001/17 7000/17 7330/17
f 7328/17 7002/17 7001/17 7329/17
f 7007/17 7005/17 7020/17 7021/17
f 7007/17 7021/17 7022/17 7006/17
f 7008/17 7023/17 7024/17 7009/17
f 7009/17 7024/17 7025/17 7010/17
f 7010/17 7025/17 7026/17 7011/17
f 7011/17 7026/17 7027/17 7012/17
f 7012/17 7027/17 7028/17 7013/17
f 7013/17 7028/17 7029/17 7014/17
f 7014/17 7029/17 7030/17 7015/17
f 7015/17 7030/17 7031/17 7016/17
f 7016/17 7031/17 7032/17 7017/17
f 7017/17 7032/17 7033/17 7018/17
f 7018/17 7033/17 7034/17 7019/17
f 7034/17 7033/17 7035/17 7037/17
f 7034/17 7037/17 7036/17 7020/17
f 7034/17 7020/17 7005/17 7019/17
f 7036/17 7038/17 7021/17 7020/17
f 7038/17 7039/17 7022/17 7021/17
f 7041/17 7042/17 7024/17 7023/17
f 7042/17 7043/17 7025/17 7024/17
f 7043/17 7044/17 7026/17 7025/17
f 7044/17 7045/17 7027/17 7026/17
f 7045/17 7046/17 7028/17 7027/17
f 7046/17 7047/17 7029/17 7028/17
f 7047/17 7048/17 7030/17 7029/17
f 7048/17 7049/17 7031/17 7030/17
f 7049/17 7050/17 7032/17 7031/17
f 7050/17 7035/17 7033/17 7032/17
f 7035/17 7050/17 7051/17 7053/17
f 7035/17 7053/17 7052/17 7037/17
f 7052/17 7054/17 7036/17 7037/17
f 7054/17 7055/17 7038/17 7036/17
f 7055/17 7056/17 7039/17 7038/17
f 7056/17 7057/17 7040/17 7039/17
f 7057/17 7058/17 7163/17 7040/17
f 7058/17 7059/17 7164/17 7163/17
f 7059/17 7060/17 7165/17 7164/17
f 7060/17 7061/17 7166/17 7165/17
f 7061/17 4168/17 7167/17 7166/17
f 4168/17 4169/17 7168/17 7167/17
f 4169/17 7086/17 7041/17 7168/17
f 7086/17 7062/17 7042/17 7041/17
f 7062/17 7063/17 7043/17 7042/17
f 7063/17 7064/17 7044/17 7043/17
f 7064/17 7065/17 7045/17 7044/17
f 7065/17 7066/17 7046/17 7045/17
f 7066/17 7067/17 7047/17 7046/17
f 7067/17 7068/17 7048/17 7047/17
f 7068/17 7069/17 7049/17 7048/17
f 7069/17 7051/17 7050/17 7049/17
f 7053/17 7051/17 7070/17 4122/17
f 7053/17 4122/17 4121/17 7052/17
f 7052/17 4121/17 4123/17 7054/17
f 7054/17 4123/17 7071/17 7055/17
f 7055/17 7071/17 7072/17 7056/17
f 7056/17 7072/17 7073/17 7057/17
f 7057/17 7073/17 7074/17 7058/17
f 7058/17 7074/17 7075/17 7059/17
f 7059/17 7075/17 7076/17 7060/17
f 7060/17 7076/17 4165/17 7061/17
f 7076/17 7075/17 7077/17 7078/17
f 7076/17 7078/17 4166/17 4165/17
f 7078/17 7077/17 7079/17 7080/17
f 7078/17 7080/17 7081/17 4166/17
f 7081/17 7080/17 7082/17 7083/17
f 7081/17 7083/17 7084/17 7085/17
f 7081/17 7085/17 4167/17 4166/17
f 7085/17 7084/17 7062/17 7086/17
f 7085/17 7086/17 4169/17 4167/17
f 7062/17 7084/17 7087/17 7063/17
f 7063/17 7087/17 7088/17 7064/17
f 7064/17 7088/17 7089/17 7065/17
f 7065/17 7089/17 7090/17 7066/17
f 7066/17 7090/17 7091/17 7067/17
f 7067/17 7091/17 7092/17 7068/17
f 7068/17 7092/17 7093/17 7069/17
f 7093/17 7092/17 4171/17 7094/17
f 7093/17 7094/17 7095/17 7070/17
f 7093/17 7070/17 7051/17 7069/17
f 7095/17 7094/17 7096/17 7097/17
f 7095/17 7097/17 4119/17 4118/17
f 7095/17 4118/17 4122/17 7070/17
f 7097/17 7096/17 7098/17 7099/17
f 7097/17 7099/17 7100/17 4119/17
f 7100/17 7099/17 7101/17 7102/17
f 7100/17 7102/17 7103/17 7104/17
f 7100/17 7104/17 4120/17 4119/17
f 7104/17 7103/17 7072/17 7071/17
f 7104/17 7071/17 4123/17 4120/17
f 7103/17 7102/17 7105/17 7106/17
f 7103/17 7106/17 7073/17 7072/17
f 7106/17 7105/17 7107/17 7108/17
f 7106/17 7108/17 7074/17 7073/17
f 7108/17 7107/17 7079/17 7077/17
f 7108/17 7077/17 7075/17 7074/17
f 7107/17 7105/17 4163/17 4162/17
f 7107/17 4162/17 4164/17 7079/17
f 7105/17 7102/17 7101/17 4163/17
f 7101/17 7099/17 7098/17 7109/17
f 7101/17 7109/17 4159/17 4163/17
f 7109/17 7098/17 4175/17 7110/17
f 7109/17 7110/17 4160/17 4159/17
f 7110/17 4175/17 4174/17 7111/17
f 7110/17 7111/17 7112/17 4160/17
f 7112/17 7113/17 4161/17 4160/17
f 7112/17 7111/17 7114/17 7115/17
f 7112/17 7115/17 7116/17 7113/17
f 7116/17 7083/17 7082/17 7113/17
f 7116/17 7115/17 7088/17 7087/17
f 7116/17 7087/17 7084/17 7083/17
f 7115/17 7114/17 7089/17 7088/17
f 7114/17 7111/17 4174/17 4173/17
f 7114/17 4173/17 7090/17 7089/17
f 7113/17 7082/17 4164/17 4161/17
f 7098/17 7096/17 4170/17 4175/17
f 7096/17 7094/17 4171/17 4170/17
f 7092/17 7091/17 4172/17 4171/17
f 7091/17 7090/17 4173/17 4172/17
f 7082/17 7080/17 7079/17 4164/17
f 6928/17 6927/17 6926/17 6947/17
f 6915/17 6914/17 6913/17 6912/17
f 6833/17 6831/17 6806/17 6805/17
f 6826/17 6753/17 6752/17 6751/17
f 6740/17 6739/17 4151/17 4150/17
f 4535/17 4531/17 4530/17 4038/17
f 4481/17 4180/17 4179/17 4476/17
f 4472/17 4471/17 4179/17 4178/17
f 4457/17 4063/17 4062/17 4453/17
f 4443/17 4442/17 4135/17 4134/17
f 195/17 276/17 4391/17 4394/17
f 7401/17 7402/17 7404/17 7403/17
f 7402/17 7398/17 7399/17 7405/17
f 7402/17 7405/17 7406/17 7404/17
f 7406/17 7405/17 7408/17 7407/17
f 7118/17 7120/17 4050/17 4056/17
f 7120/17 7121/17 4051/17 4050/17
f 7121/17 7122/17 4047/17 4051/17
f 7122/17 7123/17 4044/17 4047/17
f 7123/17 7124/17 4045/17 4044/17
f 7124/17 4333/17 4331/17 4045/17
f 7192/17 7125/17 4367/17 7193/17
f 7193/17 4367/17 4366/17 7194/17
f 7125/17 7192/17 7191/17 7126/17
f 7125/17 7126/17 7128/17 7127/17
f 7125/17 7127/17 4369/17 4367/17
f 7177/17 4376/17 7129/17 7178/17
f 7178/17 7129/17 4371/17 7179/17
f 4376/17 7177/17 7176/17 4378/17
f 4378/17 7176/17 7175/17 7130/17
f 7390/17 7131/17 7132/17 7391/17
f 7130/17 4381/17 4379/17 4378/17
f 7132/17 7131/17 7134/17 4241/17
f 7132/17 4241/17 4240/17 7133/17
f 7132/17 7133/17 7392/17 7391/17
f 7133/17 4240/17 4245/17 4385/17
f 7133/17 4385/17 7393/17 7392/17
f 7134/17 7135/17 4242/17 4241/17
f 7135/17 4386/17 4243/17 4242/17
f 7135/17 7172/17 7171/17 4386/17
f 7135/17 7134/17 7173/17 7172/17
f 7173/17 7134/17 7131/17 7174/17
f 7139/17 7142/17 7140/17 7138/17
f 7139/17 7128/17 7126/17 7142/17
f 7387/17 7141/17 7137/17 7388/17
f 7142/17 7190/17 7189/17 7140/17
f 7142/17 7126/17 7191/17 7190/17
f 7141/17 7143/17 7136/17 7137/17
f 7136/17 7143/17 7145/17 7144/17
f 7144/17 7145/17 4388/17 4387/17
f 7145/17 7186/17 7185/17 4388/17
f 7145/17 7143/17 7187/17 7186/17
f 7187/17 7143/17 7141/17 7188/17
f 7409/17 7399/17 7394/17 7395/17
f 7409/17 7408/17 7405/17 7399/17
f 7141/17 7387/17 7386/17 7188/17
f 7174/17 7131/17 7390/17 7389/17
f 4365/17 4337/17 7198/17 7197/17
f 4352/17 4351/17 630/17 4342/17
f 4346/17 4249/17 4049/17 4343/17
f 4331/17 3940/17 3937/17 4045/17
f 4263/17 4256/17 4255/17 4260/17
f 4100/17 4093/17 4030/17 4029/17
f 4059/17 4052/17 4046/17 4048/17
f 4052/17 4051/17 4047/17 4046/17
f 3938/17 3972/17 4000/17 7147/17
f 7147/17 4000/17 96/17 3436/17
f 3971/17 3938/17 7147/17 3989/17
f 90/17 3989/17 7147/17 3436/17
f 3949/10 3933/10 3927/10 3948/10
f 3928/10 3934/10 3949/10 3948/10
f 3934/16 3928/15 3970/11 3971/13
f 7148/18 3938/19 3971/13 3970/11
f 7149/20 3972/22 3938/21 7148/19
f 7150/10 3939/18 3972/22 7149/20
f 7151/10 3940/10 3939/10 7150/18
f 3932/10 3937/10 3940/10 7151/10
f 3958/9 3959/9 3937/9 3932/9
f 3931/9 3936/9 3959/9 3958/9
f 3983/9 3936/9 3931/9 3982/9
f 3930/9 4239/9 3983/9 3982/9
f 7152/9 3960/9 4239/9 3930/9
f 3929/9 3935/9 3960/9 7152/9
f 3935/9 3929/9 7153/9 3950/9
f 3927/9 3933/9 3950/9 7153/9
f 6875/17 7170/17 7169/17 6851/17
f 7171/17 4387/17 192/17 3461/17
f 7172/17 7144/17 4387/17 7171/17
f 7173/17 7136/17 7144/17 7172/17
f 7136/17 7173/17 7174/17 7137/17
f 7137/17 7174/17 7389/17 7388/17
f 7176/17 7139/17 7138/17 7175/17
f 7177/17 7128/17 7139/17 7176/17
f 7127/17 7128/17 7177/17 7178/17
f 7127/17 7178/17 7179/17 4369/17
f 4368/17 4369/17 7179/17 7180/17
f 4368/17 7180/17 7181/17 4360/17
f 7182/17 4361/17 4360/17 7181/17
f 7183/17 4362/17 4361/17 7182/17
f 4362/17 7183/17 7184/17 4338/17
f 176/17 4338/17 7184/17 3460/17
f 7185/17 4389/17 194/17 3477/17
f 7186/17 7146/17 4389/17 7185/17
f 7187/17 7117/17 7146/17 7186/17
f 7117/17 7187/17 7188/17 7119/17
f 7385/17 7119/17 7188/17 7386/17
f 7190/17 7120/17 7118/17 7189/17
f 7191/17 7121/17 7120/17 7190/17
f 7192/17 7122/17 7121/17 7191/17
f 7123/17 7122/17 7192/17 7193/17
f 7123/17 7193/17 7194/17 7124/17
f 7195/17 4333/17 7124/17 7194/17
f 7196/17 4335/17 4333/17 7195/17
f 7197/17 4334/17 4335/17 7196/17
f 7198/17 4336/17 4334/17 7197/17
f 174/17 4336/17 7198/17 3476/17
f 7199/17 7203/17 7204/17 7200/17
f 7200/17 7201/17 7202/17 7199/17
f 7201/17 7212/17 7211/17 7202/17
f 7203/17 7205/17 7206/17 7204/17
f 7205/17 7207/17 7208/17 7206/17
f 7207/17 7209/17 7210/17 7208/17
f 7209/17 7215/17 7216/17 7210/17
f 7212/17 7213/17 7214/17 7211/17
f 7213/17 7219/17 7220/17 7214/17
f 7215/17 7218/17 7217/17 7216/17
f 7218/17 7226/17 7225/17 7217/17
f 7219/17 7221/17 7222/17 7220/17
f 7221/17 7223/17 7224/17 7222/17
f 7223/17 7225/17 7226/17 7224/17
f 6471/17 6496/17 7201/17 6472/17
f 7201/17 7200/17 6473/17 6472/17
f 7210/17 6497/17 6478/17 6476/17
f 7199/17 6502/17 6503/17 7203/17
f 7203/17 6503/17 6504/17 7205/17
f 7205/17 6504/17 6505/17 7207/17
f 6474/17 6473/17 7200/17 7204/17
f 6475/17 6474/17 7204/17 7206/17
f 6477/17 6475/17 7206/17 7208/17
f 7210/17 6476/17 6477/17 7208/17
f 7211/17 6502/17 7199/17 7202/17
f 7215/17 6505/17 7226/17 7218/17
f 7207/17 6505/17 7215/17 7209/17
f 7220/17 6502/17 7211/17 7214/17
f 7222/17 6503/17 6502/17 7220/17
f 7224/17 6504/17 6503/17 7222/17
f 7226/17 6505/17 6504/17 7224/17
f 7210/17 7216/17 6506/17 6497/17
f 6534/17 6533/17 7213/17 7212/17
f 6534/17 7212/17 7201/17 6496/17
f 7213/17 6536/17 6537/17 7219/17
f 7219/17 6537/17 6538/17 7221/17
f 7221/17 6538/17 6539/17 7223/17
f 7223/17 6539/17 6540/17 7225/17
f 7225/17 6540/17 6541/17 7217/17
f 7217/17 6543/17 6506/17 7216/17
f 7227/17 7235/17 7236/17 7228/17
f 7228/17 7230/17 7229/17 7227/17
f 7230/17 7232/17 7231/17 7229/17
f 7232/17 7234/17 7233/17 7231/17
f 7234/17 7237/17 7238/17 7233/17
f 7235/17 7240/17 7239/17 7236/17
f 7237/17 7243/17 7244/17 7238/17
f 7240/17 7241/17 7242/17 7239/17
f 7241/17 7248/17 7247/17 7242/17
f 7243/17 7245/17 7246/17 7244/17
f 7245/17 7257/17 7258/17 7246/17
f 7248/17 7249/17 7250/17 7247/17
f 7249/17 7251/17 7252/17 7250/17
f 7251/17 7253/17 7254/17 7252/17
f 7253/17 7255/17 7256/17 7254/17
f 7255/17 7258/17 7257/17 7256/17
f 4210/17 6303/17 7227/17 7229/17
f 4210/17 7229/17 7231/17 4211/17
f 4211/17 7231/17 7233/17 6304/17
f 6363/17 7235/17 6302/17 6301/17
f 7235/17 7227/17 6303/17 6302/17
f 7238/17 6364/17 6365/17 6305/17
f 7238/17 6305/17 6304/17 7233/17
f 6405/17 6422/17 6423/17 7248/17
f 7248/17 6423/17 6424/17 7249/17
f 7249/17 6424/17 6425/17 7251/17
f 7251/17 6425/17 6426/17 7253/17
f 7253/17 6426/17 6427/17 7255/17
f 7255/17 6427/17 6428/17 7258/17
f 7258/17 6428/17 6429/17 6406/17
f 7154/17 7228/17 7236/17 7239/17
f 7155/17 7230/17 7228/17 7154/17
f 7156/17 7232/17 7230/17 7155/17
f 7157/17 7234/17 7232/17 7156/17
f 7243/17 7237/17 7234/17 7157/17
f 7242/17 6383/17 7154/17 7239/17
f 7157/17 6386/17 7245/17 7243/17
f 7250/17 6383/17 7242/17 7247/17
f 7252/17 6384/17 6383/17 7250/17
f 7254/17 6385/17 6384/17 7252/17
f 7256/17 6386/17 6385/17 7254/17
f 7245/17 6386/17 7256/17 7257/17
f 6381/17 7240/17 7235/17 6363/17
f 7240/17 6381/17 6382/17 7241/17
f 7244/17 7246/17 6387/17 6388/17
f 6388/17 6364/17 7238/17 7244/17
f 6382/17 6405/17 7248/17 7241/17
f 7246/17 7258/17 6406/17 6387/17
f 7259/17 7261/17 7262/17 7260/17
f 7260/17 7264/17 7263/17 7259/17
f 7261/17 7279/17 7280/17 7262/17
f 7264/17 7266/17 7265/17 7263/17
f 7266/17 7268/17 7267/17 7265/17
f 7268/17 7274/17 7273/17 7267/17
f 7269/17 7272/17 7271/17 7270/17
f 7270/17 7273/17 7274/17 7269/17
f 7272/17 7278/17 7277/17 7271/17
f 7275/17 7294/17 7293/17 7276/17
f 7276/17 7277/17 7278/17 7275/17
f 7279/17 7281/17 7282/17 7280/17
f 7281/17 7284/17 7283/17 7282/17
f 7284/17 7285/17 7286/17 7283/17
f 7285/17 7287/17 7288/17 7286/17
f 7287/17 7289/17 7290/17 7288/17
f 7289/17 7291/17 7292/17 7290/17
f 7291/17 7293/17 7294/17 7292/17
f 6782/17 7261/17 4182/17 6721/17
f 7261/17 7259/17 4012/17 4182/17
f 7259/17 7263/17 4176/17 4012/17
f 7263/17 7265/17 6723/17 4176/17
f 7265/17 7267/17 6724/17 6723/17
f 6724/17 7267/17 7273/17 6784/17
f 7270/17 6852/17 6853/17 6785/17
f 7270/17 6785/17 6784/17 7273/17
f 7271/17 7277/17 6876/17 6877/17
f 6877/17 6852/17 7270/17 7271/17
f 6870/17 6898/17 6899/17 7284/17
f 7284/17 6899/17 6900/17 7285/17
f 7285/17 6900/17 6901/17 7287/17
f 7287/17 6901/17 6902/17 7289/17
f 7289/17 6902/17 6903/17 7291/17
f 7291/17 6903/17 6904/17 7293/17
f 7293/17 6904/17 6905/17 7276/17
f 7276/17 6905/17 6906/17 6907/17
f 6907/17 6876/17 7277/17 7276/17
f 6782/17 6847/17 7279/17 7261/17
f 7280/17 6848/17 7260/17 7262/17
f 6848/17 6849/17 7264/17 7260/17
f 6849/17 6850/17 7266/17 7264/17
f 6850/17 6851/17 7268/17 7266/17
f 6851/17 7169/17 7274/17 7268/17
f 7169/17 7272/17 7269/17 7274/17
f 6871/17 6870/17 7284/17 7281/17
f 6871/17 7281/17 7279/17 6847/17
f 7282/17 7283/17 7286/17 6872/17
f 7282/17 6872/17 6848/17 7280/17
f 6872/17 7286/17 7288/17 6873/17
f 6873/17 7288/17 7290/17 6874/17
f 6874/17 7290/17 7292/17 6875/17
f 6875/17 7292/17 7294/17 7170/17
f 7170/17 7294/17 7275/17 7278/17
f 7170/17 7278/17 7272/17 7169/17
f 7295/17 7299/17 7300/17 7296/17
f 7296/17 7297/17 7298/17 7295/17
f 7297/17 7315/17 7316/17 7298/17
f 7299/17 7314/17 7313/17 7300/17
f 7301/17 7318/17 7317/17 7302/17
f 7302/17 7303/17 7304/17 7301/17
f 7303/17 7313/17 7314/17 7304/17
f 7305/17 7311/17 7312/17 7306/17
f 7306/17 7308/17 7307/17 7305/17
f 7308/17 7309/17 7310/17 7307/17
f 7309/17 7322/17 7321/17 7310/17
f 7311/17 7325/17 7326/17 7312/17
f 7315/17 7321/17 7322/17 7316/17
f 7318/17 7319/17 7320/17 7317/17
f 7319/17 7323/17 7324/17 7320/17
f 7323/17 7326/17 7325/17 7324/17
f 6923/17 6922/17 7295/17 7298/17
f 6923/17 7298/17 6931/17 6894/17
f 6930/17 6929/17 7304/17 7314/17
f 6930/17 7314/17 7299/17 6921/17
f 7299/17 7295/17 6922/17 6921/17
f 7318/17 7301/17 6928/17 6947/17
f 7318/17 6947/17 6946/17 6945/17
f 7301/17 7304/17 6929/17 6928/17
f 7313/17 7303/17 6948/17 6949/17
f 7313/17 6949/17 6950/17 7300/17
f 6950/17 6949/17 7305/17 7307/17
f 6950/17 7307/17 7310/17 6951/17
f 6950/17 6951/17 7296/17 7300/17
f 6982/17 7325/17 7311/17 6948/17
f 6982/17 6948/17 7303/17 7302/17
f 7311/17 7305/17 6949/17 6948/17
f 7326/17 7323/17 6983/17 6985/17
f 7326/17 6985/17 6984/17 7312/17
f 6984/17 6986/17 7306/17 7312/17
f 6986/17 6987/17 7308/17 7306/17
f 6987/17 6988/17 7309/17 7308/17
f 6988/17 6989/17 7322/17 7309/17
f 6989/17 6990/17 6952/17 7322/17
f 7004/17 6983/17 7323/17 6980/17
f 6951/17 7310/17 7321/17 7315/17
f 6951/17 7315/17 7297/17 7296/17
f 7316/17 7322/17 6952/17 6953/17
f 7316/17 6953/17 6931/17 7298/17
f 6981/17 6980/17 7323/17 7319/17
f 6981/17 7319/17 7318/17 6945/17
f 7320/17 7324/17 7325/17 6982/17
f 7320/17 6982/17 7302/17 7317/17
f 7328/17 7005/17 7007/17 7327/17
f 7019/17 7005/17 7328/17 7329/17
f 7018/17 7019/17 7329/17 7330/17
f 7017/17 7018/17 7330/17 7331/17
f 7016/17 7017/17 7331/17 7332/17
f 7015/17 7016/17 7332/17 7333/17
f 7014/17 7015/17 7333/17 7334/17
f 7013/17 7014/17 7334/17 7335/17
f 7012/17 7013/17 7335/17 7336/17
f 7011/17 7012/17 7336/17 7337/17
f 7010/17 7011/17 7337/17 7338/17
f 7009/17 7010/17 7338/17 7339/17
f 7008/17 7009/17 7339/17 7340/17
f 7327/17 7007/17 7006/17 7341/17
f 7342/17 7363/17 7362/17 7343/17
f 7343/17 7345/17 7344/17 7342/17
f 7345/17 7358/17 7359/17 7344/17
f 7346/17 7359/17 7358/17 7347/17
f 7347/17 7349/17 7348/17 7346/17
f 7349/17 7351/17 7350/17 7348/17
f 7351/17 7353/17 7352/17 7350/17
f 7353/17 7357/17 7356/17 7352/17
f 7354/17 7361/17 7360/17 7355/17
f 7355/17 7356/17 7357/17 7354/17
f 7361/17 7364/17 7365/17 7360/17
f 7363/17 7373/17 7372/17 7362/17
f 7364/17 7366/17 7367/17 7365/17
f 7366/17 7368/17 7369/17 7367/17
f 7368/17 7370/17 7371/17 7369/17
f 7370/17 7372/17 7373/17 7371/17
f 7372/17 6985/17 6983/17 7362/17
f 7006/17 7022/17 7345/17 7343/17
f 7158/17 7346/17 7348/17 7159/17
f 7159/17 7348/17 7350/17 7160/17
f 7160/17 7350/17 7352/17 7161/17
f 6984/17 6985/17 7372/17 7370/17
f 6986/17 6984/17 7370/17 7368/17
f 6987/17 6986/17 7368/17 7366/17
f 6988/17 6987/17 7366/17 7364/17
f 7361/17 6989/17 6988/17 7364/17
f 7359/17 7346/17 7158/17 7162/17
f 7357/17 7353/17 7167/17 7168/17
f 7161/17 7352/17 7356/17 7355/17
f 7164/17 7347/17 7358/17 7163/17
f 7165/17 7349/17 7347/17 7164/17
f 7166/17 7351/17 7349/17 7165/17
f 7167/17 7353/17 7351/17 7166/17
f 7342/17 7344/17 7359/17 7162/17
f 7354/17 7357/17 7023/17 7008/17
f 7040/17 7163/17 7358/17 7345/17
f 7168/17 7041/17 7023/17 7357/17
f 7354/17 7008/17 7340/17 7361/17
f 7355/17 7360/17 7365/17 7161/17
f 7367/17 7160/17 7161/17 7365/17
f 7369/17 7159/17 7160/17 7367/17
f 7371/17 7158/17 7159/17 7369/17
f 7373/17 7162/17 7158/17 7371/17
f 7342/17 7162/17 7373/17 7363/17
f 7006/17 7343/17 7362/17 7341/17
f 7374/17 4407/17 201/17 3668/17
f 5221/17 4407/17 7374/17 7375/17
f 5218/17 5221/17 7375/17 7376/17
f 7377/17 5217/17 5218/17 7376/17
f 5209/17 5217/17 7377/17 7378/17
f 7379/17 5210/17 5209/17 7378/17
f 5210/17 7379/17 7380/17 4109/17
f 4001/17 4109/17 7380/17 7381/17
f 4001/17 7381/17 7382/17 4054/17
f 7383/17 4055/17 4054/17 7382/17
f 7384/17 4056/17 4055/17 7383/17
f 7385/17 7118/17 4056/17 7384/17
f 7189/17 7118/17 7385/17 7386/17
f 7387/17 7140/17 7189/17 7386/17
f 7140/17 7387/17 7388/17 7138/17
f 7389/17 7175/17 7138/17 7388/17
f 7390/17 7130/17 7175/17 7389/17
f 7130/17 7390/17 7391/17 4381/17
f 7392/17 4382/17 4381/17 7391/17
f 7393/17 4383/17 4382/17 7392/17
f 185/17 4383/17 7393/17 3667/17
f 7381/17 7410/17 7413/17 7382/17
f 7380/17 4111/17 7410/17 7381/17
f 194/17 4389/17 7416/17 3715/17
f 7422/17 4390/17 4391/17 7419/17
f 7422/17 7425/17 4392/17 4390/17
f 4392/17 7425/17 7410/17 4111/17
f 276/17 3721/17 7419/17 4391/17
f 7428/17 7431/17 7384/17 7383/17
f 7428/17 7383/17 7382/17 7413/17
f 7431/17 7434/17 7117/17 7119/17
f 7431/17 7119/17 7384/17
f 7146/17 7437/17 7416/17 4389/17
f 7146/17 7117/17 7434/17 7437/17
f 7418/17 7450/17 3756/17 3717/17
f 3723/17 3901/17 7459/17 7421/17
f 7421/17 7459/17 7458/17 7424/17
f 7424/17 7458/17 7457/17 7427/17
f 7427/17 7457/17 7456/17 7412/17
f 7412/17 7456/17 7455/17 7415/17
f 7415/17 7455/17 7454/17 7430/17
f 7430/17 7454/17 7453/17 7433/17
f 7433/17 7453/17 7452/17 7436/17
f 7439/17 7451/17 7450/17 7418/17
f 7436/17 7452/17 7451/17 7439/17
f 7410/17 7425/17 7426/17 7411/17
f 7411/17 7426/17 7427/17 7412/17
f 7412/17 7415/17 7414/17 7411/17
f 7411/17 7414/17 7413/17 7410/17
f 3715/17 7416/17 7417/17 3716/17
f 3716/17 7417/17 7418/17 3717/17
f 7416/17 7437/17 7438/17 7417/17
f 7417/17 7438/17 7439/17 7418/17
f 3723/17 7421/17 7420/17 3722/17
f 7421/17 7424/17 7423/17 7420/17
f 7420/17 7423/17 7422/17 7419/17
f 7424/17 7427/17 7426/17 7423/17
f 7423/17 7426/17 7425/17 7422/17
f 7414/17 7429/17 7428/17 7413/17
f 7430/17 7433/17 7432/17 7429/17
f 7429/17 7432/17 7431/17 7428/17
f 7433/17 7436/17 7435/17 7432/17
f 7432/17 7435/17 7434/17 7431/17
f 7436/17 7439/17 7438/17 7435/17
f 7435/17 7438/17 7437/17 7434/17
f 7460/17 7395/17 3690/17 3768/17
f 7469/17 7409/17 7395/17 7460/17
f 7468/17 7408/17 7409/17 7469/17
f 7467/17 7407/17 7408/17 7468/17
f 7466/17 7406/17 7407/17 7467/17
f 7465/17 7404/17 7406/17 7466/17
f 7464/17 7403/17 7404/17 7465/17
f 7463/17 7401/17 7403/17 7464/17
f 7462/17 7400/17 7401/17 7463/17
f 7461/17 7397/17 7400/17 7462/17
f 3769/17 3695/17 7397/17 7461/17
f 7450/17 7440/17 3745/17 3756/17
f 7451/17 7441/17 7440/17 7450/17
f 7452/17 7442/17 7441/17 7451/17
f 7453/17 7443/17 7442/17 7452/17
f 7454/17 7444/17 7443/17 7453/17
f 7455/17 7445/17 7444/17 7454/17
f 7456/17 7446/17 7445/17 7455/17
f 7457/17 7447/17 7446/17 7456/17
f 7458/17 7448/17 7447/17 7457/17
f 7459/17 7449/17 7448/17 7458/17
f 7440/17 7460/17 3768/17 3745/17
f 7449/17 7461/17 7462/17 7448/17
f 7448/17 7462/17 7463/17 7447/17
f 7447/17 7463/17 7464/17 7446/17
f 7446/17 7464/17 7465/17 7445/17
f 7445/17 7465/17 7466/17 7444/17
f 7444/17 7466/17 7467/17 7443/17
f 7443/17 7467/17 7468/17 7442/17
f 7442/17 7468/17 7469/17 7441/17
f 7441/17 7469/17 7460/17 7440/17
f 7470/17 6689/17 275/17 3780/17
f 6689/17 7470/17 7471/17 6691/17
f 7472/17 6690/17 6691/17 7471/17
f 4529/17 6690/17 7472/17 7473/17
f 4529/17 7473/17 7474/17 4524/17
f 7475/17 4521/17 4524/17 7474/17
f 4520/17 4521/17 7475/17 7476/17
f 7477/17 4523/17 4520/17 7476/17
f 7478/17 5576/17 4523/17 7477/17
f 5567/17 5576/17 7478/17 7479/17
f 5567/17 7479/17 7480/17 5568/17
f 5568/17 7480/17 7481/17 5561/17
f 5561/17 7481/17 7482/17 5562/17
f 5562/17 7482/17 7483/17 5554/17
f 5554/17 7483/17 7484/17 5550/17
f 7485/17 5548/17 5550/17 7484/17
f 5547/17 5548/17 7485/17 7486/17
f 7487/17 5544/17 5547/17 7486/17
f 5543/17 5544/17 7487/17 7488/17
f 7489/17 5513/17 5543/17 7488/17
f 7490/17 5512/17 5513/17 7489/17
f 4189/17 5512/17 7490/17 7491/17
f 4189/17 7491/17 7492/17 4190/17
f 4190/17 7492/17 7493/17 5443/17
f 7494/17 5442/17 5443/17 7493/17
f 7495/17 5415/17 5442/17 7494/17
f 5415/17 7495/17 7496/17 5308/17
f 7497/17 5862/17 5308/17 7496/17
f 6652/17 5862/17 7497/17 7498/17
f 6651/17 6652/17 7498/17 7499/17
f 6337/17 7540/17 7539/17 7500/17
f 7501/17 6338/17 6337/17 7500/17
f 6261/17 6338/17 7501/17 7502/17
f 6261/17 7502/17 7503/17 6263/17
f 7504/17 6262/17 6263/17 7503/17
f 6184/17 6262/17 7504/17 7505/17
f 6184/17 7505/17 7506/17 6186/17
f 7507/17 6185/17 6186/17 7506/17
f 6001/17 6185/17 7507/17 7508/17
f 6001/17 7508/17 7509/17 5997/17
f 7510/17 5994/17 5997/17 7509/17
f 5993/17 5994/17 7510/17 7511/17
f 7512/17 5996/17 5993/17 7511/17
f 7513/17 5992/17 5996/17 7512/17
f 6100/17 5992/17 7513/17 7514/17
f 6099/17 6100/17 7514/17 7515/17
f 6099/17 7515/17 7516/17 5976/17
f 5975/17 5976/17 7516/17 7517/17
f 5975/17 7517/17 7518/17 5816/17
f 5815/17 5816/17 7518/17 7519/17
f 5815/17 7519/17 7520/17 5253/17
f 5252/17 5253/17 7520/17 7521/17
f 5252/17 7521/17 7522/17 4433/17
f 220/17 4433/17 7522/17 3779/17
f 7523/17 4444/17 231/17 3835/17
f 5427/17 4444/17 7523/17 7524/17
f 5426/17 5427/17 7524/17 7525/17
f 5425/17 5426/17 7525/17 7526/17
f 5424/17 5425/17 7526/17 7527/17
f 5424/17 7527/17 7528/17 5423/17
f 7529/17 5290/17 5423/17 7528/17
f 7530/17 5292/17 5290/17 7529/17
f 5292/17 7530/17 7531/17 5294/17
f 7532/17 5296/17 5294/17 7531/17
f 7533/17 5298/17 5296/17 7532/17
f 5298/17 7533/17 7534/17 5856/17
f 7535/17 5857/17 5856/17 7534/17
f 7536/17 5858/17 5857/17 7535/17
f 7537/17 6247/17 5858/17 7536/17
f 6650/17 6247/17 7537/17 7538/17
f 7499/17 6650/17 7538/17 7539/17
f 7540/17 6651/17 7499/17 7539/17
f 4202/17 6651/17 7540/17 7541/17
f 7542/17 6665/17 4202/17 7541/17
f 6665/17 7542/17 7543/17 6022/17
f 7544/17 6021/17 6022/17 7543/17
f 7545/17 6114/17 6021/17 7544/17
f 7546/17 6116/17 6114/17 7545/17
f 7547/17 6118/17 6116/17 7546/17
f 7548/17 6119/17 6118/17 7547/17
f 7549/17 6121/17 6119/17 7548/17
f 7550/17 6123/17 6121/17 7549/17
f 7551/17 6125/17 6123/17 7550/17
f 7552/17 6127/17 6125/17 7551/17
f 6129/17 6127/17 7552/17 7553/17
f 6129/17 7553/17 7554/17 6049/17
f 7555/17 6050/17 6049/17 7554/17
f 7556/17 6052/17 6050/17 7555/17
f 7557/17 6053/17 6052/17 7556/17
f 6055/17 6053/17 7557/17 7558/17
f 6055/17 7558/17 7559/17 5924/17
f 5922/17 5924/17 7559/17 7560/17
f 5922/17 7560/17 7561/17 5752/17
f 7562/17 5750/17 5752/17 7561/17
f 5142/17 5750/17 7562/17 7563/17
f 7564/17 5140/17 5142/17 7563/17
f 5138/17 5140/17 7564/17 7565/17
f 5138/17 7565/17 7566/17 5111/17
f 7567/17 5110/17 5111/17 7566/17
f 7568/17 5113/17 5110/17 7567/17
f 5113/17 7568/17 7569/17 5117/17
f 5117/17 7569/17 7570/17 4228/17
f 4020/17 4228/17 7570/17 7571/17
f 4020/17 7571/17 7572/17 4231/17
f 7573/17 5122/17 4231/17 7572/17
f 7574/17 5123/17 5122/17 7573/17
f 7575/17 5724/17 5123/17 7574/17
f 5724/17 7575/17 7576/17 5725/17
f 5725/17 7576/17 7577/17 5716/17
f 7578/17 5715/17 5716/17 7577/17
f 5713/17 5715/17 7578/17 7579/17
f 5713/17 7579/17 7580/17 4923/17
f 4919/17 4923/17 7580/17 7581/17
f 4919/17 7581/17 7582/17 4915/17
f 7583/17 4916/17 4915/17 7582/17
f 7584/17 5011/17 4916/17 7583/17
f 5011/17 7584/17 7585/17 5012/17
f 5012/17 7585/17 7586/17 4320/17
f 164/17 4320/17 7586/17 3834/17
f 3900/17 7449/17 7459/17 3901/17
f 3769/17 7461/17 7449/17 3900/17
f 6542/17 6543/17 7217/17 6541/17
f 6535/17 6536/17 7213/17 6533/17
f 6990/17 6989/17 7361/17 7340/17
f 7004/17 7341/17 7362/17 6983/17
f 7039/17 7040/17 7345/17 7022/17
f 3721/17 3722/17 7420/17 7419/17
f 7414/17 7415/17 7430/17 7429/17
f 3736/17 3679/17 3407/17
f 7384/17 7119/17 7385/17

 