# This file uses centimeters as units for non-parametric coordinates.

mtllib Short Sword.mtl
g default
v 18.227999 8.443786 -0.209570
v 18.227999 8.312488 -0.467257
v 17.514481 8.312488 -0.467257
v 17.514481 8.443786 -0.209570
v 18.227999 8.489028 0.076078
v 17.514481 8.489028 0.076078
v 18.227999 8.388335 -0.191554
v 18.227999 8.265319 -0.432987
v 18.227999 8.107985 -0.671759
v 17.514481 8.107985 -0.671759
v 17.514481 8.265319 -0.432987
v 17.514481 8.388335 -0.191554
v 18.227999 8.443786 0.361725
v 17.514481 8.443786 0.361725
v 18.227999 8.430724 0.076078
v 17.514481 8.430724 0.076078
v 19.422096 8.388335 -0.191554
v 19.422096 8.265319 -0.432987
v 18.227999 8.073715 -0.624590
v 18.227999 7.850299 -0.803057
v 17.514481 7.850299 -0.803057
v 17.514481 8.073715 -0.624590
v 15.980999 8.388335 -0.191554
v 15.980999 8.265319 -0.432987
v 18.227999 8.312487 0.619412
v 17.514481 8.312487 0.619412
v 18.227999 8.388335 0.343709
v 17.514481 8.388335 0.343709
v 19.422096 8.430724 0.076078
v 15.980999 8.430724 0.076078
v 19.422096 8.443786 -0.209570
v 19.422096 8.312488 -0.467257
v 19.422096 8.073715 -0.624590
v 18.227999 7.832282 -0.747607
v 18.227999 7.564651 -0.848299
v 17.514481 7.564651 -0.848299
v 17.514481 7.832282 -0.747607
v 15.980999 8.073715 -0.624590
v 18.227999 8.107985 0.823913
v 17.514481 8.107985 0.823913
v 18.227999 8.265318 0.585142
v 17.514481 8.265318 0.585142
v 19.422096 8.388335 0.343709
v 15.980999 8.388335 0.343709
v 19.422096 8.489028 0.076078
v 19.422096 8.107985 -0.671759
v 19.798084 8.443786 -0.209570
v 19.798084 8.312488 -0.467257
v 19.422096 7.832282 -0.747607
v 18.227999 7.564651 -0.789995
v 18.227999 7.279003 -0.803057
v 17.514481 7.279003 -0.803057
v 17.514481 7.564651 -0.789995
v 15.980999 7.832282 -0.747607
v 18.227999 7.850299 0.955211
v 17.514481 7.850299 0.955211
v 18.227999 8.073715 0.776745
v 17.514481 8.073715 0.776745
v 19.422096 8.265318 0.585142
v 15.980999 8.265318 0.585142
v 19.422096 8.443786 0.361725
v 19.798084 8.489028 0.076078
v 19.422096 7.850299 -0.803057
v 19.798084 8.107985 -0.671759
v 19.798084 8.388335 -0.191554
v 19.798084 8.265319 -0.432987
v 19.422096 7.564651 -0.789995
v 18.227999 7.297020 -0.747607
v 18.227999 7.021317 -0.671758
v 17.514481 7.021317 -0.671758
v 17.514481 7.297020 -0.747607
v 15.980999 7.564651 -0.789995
v 18.227999 7.564651 1.000454
v 17.514481 7.564651 1.000454
v 18.227999 7.832282 0.899761
v 17.514481 7.832282 0.899761
v 19.422096 8.073715 0.776745
v 15.980999 8.073715 0.776745
v 19.422096 8.312487 0.619412
v 19.798084 8.443786 0.361725
v 19.798084 8.430724 0.076078
v 19.422096 7.564651 -0.848299
v 19.798084 7.850299 -0.803057
v 19.798084 8.073715 -0.624590
v 20.527723 8.388335 -0.191554
v 20.527723 8.265319 -0.432987
v 19.422096 7.297020 -0.747607
v 18.227999 7.055586 -0.624590
v 18.227999 6.816815 -0.467257
v 17.514481 6.816815 -0.467257
v 17.514481 7.055586 -0.624590
v 15.980999 7.297020 -0.747607
v 18.227999 7.279003 0.955211
v 17.514481 7.279003 0.955211
v 18.227999 7.564651 0.942150
v 17.514481 7.564651 0.942150
v 19.422096 7.832282 0.899761
v 15.980999 7.832282 0.899761
v 19.422096 8.107985 0.823913
v 19.798084 8.312487 0.619412
v 19.798084 8.388335 0.343709
v 20.527723 8.430724 0.076078
v 19.422096 7.279003 -0.803057
v 19.798084 7.564651 -0.848299
v 19.798084 7.832282 -0.747607
v 20.527723 8.073715 -0.624590
v 20.527723 8.443786 -0.209570
v 20.527723 8.312488 -0.467257
v 19.422096 7.055586 -0.624590
v 18.227999 6.863984 -0.432987
v 18.227999 6.685517 -0.209570
v 17.514481 6.685517 -0.209570
v 17.514481 6.863984 -0.432987
v 15.980999 7.055586 -0.624590
v 18.227999 7.021317 0.823914
v 17.514481 7.021317 0.823914
v 18.227999 7.297020 0.899761
v 17.514481 7.297020 0.899761
v 19.422096 7.564651 0.942150
v 15.980999 7.564651 0.942150
v 19.422096 7.850299 0.955211
v 19.798084 8.107985 0.823913
v 19.798084 8.265318 0.585142
v 20.527723 8.388335 0.343709
v 20.527723 8.489028 0.076078
v 19.422096 7.021317 -0.671758
v 19.798084 7.279003 -0.803057
v 19.798084 7.564651 -0.789995
v 20.527723 7.832282 -0.747607
v 20.527723 8.107985 -0.671759
v 20.903721 8.443786 -0.209570
v 20.903721 8.312488 -0.467257
v 19.422096 6.863984 -0.432987
v 18.227999 6.740967 -0.191554
v 18.227999 6.640275 0.076078
v 17.514481 6.640275 0.076078
v 17.514481 6.740967 -0.191554
v 15.980999 6.863984 -0.432987
v 18.227999 6.816815 0.619412
v 17.514481 6.816815 0.619412
v 18.227999 7.055586 0.776745
v 17.514481 7.055586 0.776745
v 19.422096 7.297020 0.899761
v 15.980999 7.297020 0.899761
v 19.422096 7.564651 1.000454
v 19.798084 7.850299 0.955211
v 19.798084 8.073715 0.776745
v 20.527723 8.265318 0.585142
v 20.527723 8.443786 0.361725
v 20.903721 8.489028 0.076078
v 19.422096 6.816815 -0.467257
v 19.798084 7.021317 -0.671758
v 19.798084 7.297020 -0.747607
v 20.527723 7.564651 -0.789995
v 20.527723 7.850299 -0.803057
v 20.903721 8.107985 -0.671759
v 20.903721 8.388335 -0.191554
v 20.903721 8.265319 -0.432987
v 19.422096 6.740967 -0.191554
v 18.227999 6.698578 0.076078
v 18.227999 6.685517 0.361726
v 17.514481 6.685517 0.361726
v 17.514481 6.698578 0.076078
v 15.980999 6.740967 -0.191554
v 18.227999 6.863984 0.585142
v 17.514481 6.863984 0.585142
v 19.422096 7.055586 0.776745
v 15.980999 7.055586 0.776745
v 19.422096 7.279003 0.955211
v 19.798084 7.564651 1.000454
v 19.798084 7.832282 0.899761
v 20.527723 8.073715 0.776745
v 20.527723 8.312487 0.619412
v 20.903721 8.443786 0.361725
v 20.903721 8.430724 0.076078
v 19.422096 6.685517 -0.209570
v 19.798084 6.816815 -0.467257
v 19.798084 7.055586 -0.624590
v 20.527723 7.297020 -0.747607
v 20.527723 7.564651 -0.848299
v 20.903721 7.850299 -0.803057
v 20.903721 8.073715 -0.624590
v 21.633358 8.388335 -0.191554
v 21.633358 8.265319 -0.432987
v 19.422096 6.698578 0.076078
v 18.227999 6.740967 0.343709
v 17.514481 6.740967 0.343709
v 15.980999 6.698578 0.076078
v 19.422096 6.863984 0.585142
v 15.980999 6.885510 0.606669
v 19.422096 7.021317 0.823914
v 19.798084 7.279003 0.955211
v 19.798084 7.564651 0.942150
v 20.527723 7.832282 0.899761
v 20.527723 8.107985 0.823913
v 20.903721 8.312487 0.619412
v 20.903721 8.388335 0.343709
v 21.633358 8.430724 0.076078
v 19.422096 6.640275 0.076078
v 19.798084 6.685517 -0.209570
v 19.798084 6.863984 -0.432987
v 20.527723 7.055586 -0.624590
v 20.527723 7.279003 -0.803057
v 20.903721 7.564651 -0.848299
v 20.903721 7.832282 -0.747607
v 21.633358 8.073715 -0.624590
v 21.633358 8.443786 -0.209570
v 21.633358 8.312488 -0.467257
v 19.422096 6.740967 0.343709
v 15.980999 6.740967 0.343709
v 19.422096 6.816815 0.619412
v 19.798084 7.021317 0.823914
v 19.798084 7.297020 0.899761
v 20.527723 7.564651 0.942150
v 20.527723 7.850299 0.955211
v 20.903721 8.107985 0.823913
v 20.903721 8.265318 0.585142
v 21.633358 8.388335 0.343709
v 21.633358 8.489028 0.076078
v 19.422096 6.685517 0.361726
v 19.798084 6.640275 0.076078
v 19.798084 6.740967 -0.191554
v 20.527723 6.863984 -0.432987
v 20.527723 7.021317 -0.671758
v 20.903721 7.279003 -0.803057
v 20.903721 7.564651 -0.789995
v 21.633358 7.832282 -0.747607
v 21.633358 8.107985 -0.671759
v 22.009352 8.443786 -0.209570
v 22.009352 8.312488 -0.467257
v 19.798084 6.816815 0.619412
v 19.798084 7.055586 0.776745
v 20.527723 7.297020 0.899761
v 20.527723 7.564651 1.000454
v 20.903721 7.850299 0.955211
v 20.903721 8.073715 0.776745
v 21.633358 8.265318 0.585142
v 21.633358 8.443786 0.361725
v 22.009352 8.489028 0.076078
v 19.798084 6.685517 0.361726
v 19.798084 6.698578 0.076078
v 20.527723 6.740967 -0.191554
v 20.527723 6.816815 -0.467257
v 20.903721 7.021317 -0.671758
v 20.903721 7.297020 -0.747607
v 21.633358 7.564651 -0.789995
v 21.633358 7.850299 -0.803057
v 22.009352 8.107985 -0.671759
v 22.009352 8.388335 -0.191554
v 22.009352 8.265319 -0.432987
v 19.798084 6.863984 0.585142
v 20.527723 7.055586 0.776745
v 20.527723 7.279003 0.955211
v 20.903721 7.564651 1.000454
v 20.903721 7.832282 0.899761
v 21.633358 8.073715 0.776745
v 21.633358 8.312487 0.619412
v 22.009352 8.443786 0.361725
v 22.009352 8.430724 0.076078
v 19.798084 6.740967 0.343709
v 20.527723 6.698578 0.076078
v 20.527723 6.685517 -0.209570
v 20.903721 6.816815 -0.467257
v 20.903721 7.055586 -0.624590
v 21.633358 7.297020 -0.747607
v 21.633358 7.564651 -0.848299
v 22.009352 7.850299 -0.803057
v 22.009352 8.073715 -0.624590
v 22.738995 8.388335 -0.191554
v 22.738995 8.265319 -0.432987
v 20.527723 6.863984 0.585142
v 20.527723 7.021317 0.823914
v 20.903721 7.279003 0.955211
v 20.903721 7.564651 0.942150
v 21.633358 7.832282 0.899761
v 21.633358 8.107985 0.823913
v 22.009352 8.312487 0.619412
v 22.009352 8.388335 0.343709
v 22.738995 8.430724 0.076078
v 20.527723 6.740967 0.343709
v 20.527723 6.640275 0.076078
v 20.903721 6.685517 -0.209570
v 20.903721 6.863984 -0.432987
v 21.633358 7.055586 -0.624590
v 21.633358 7.279003 -0.803057
v 22.009352 7.564651 -0.848299
v 22.009352 7.832282 -0.747607
v 22.738995 8.073715 -0.624590
v 22.738995 8.443786 -0.209570
v 22.738995 8.312488 -0.467257
v 20.527723 6.816815 0.619412
v 20.903721 7.021317 0.823914
v 20.903721 7.297020 0.899761
v 21.633358 7.564651 0.942150
v 21.633358 7.850299 0.955211
v 22.009352 8.107985 0.823913
v 22.009352 8.265318 0.585142
v 22.738995 8.388335 0.343709
v 22.738995 8.489028 0.076078
v 20.527723 6.685517 0.361726
v 20.903721 6.640275 0.076078
v 20.903721 6.740967 -0.191554
v 21.633358 6.863984 -0.432987
v 21.633358 7.021317 -0.671758
v 22.009352 7.279003 -0.803057
v 22.009352 7.564651 -0.789995
v 22.738995 7.832282 -0.747607
v 22.738995 8.107985 -0.671759
v 23.114983 8.443786 -0.209570
v 23.114983 8.312488 -0.467257
v 20.903721 6.816815 0.619412
v 20.903721 7.055586 0.776745
v 21.633358 7.297020 0.899761
v 21.633358 7.564651 1.000454
v 22.009352 7.850299 0.955211
v 22.009352 8.073715 0.776745
v 22.738995 8.265318 0.585142
v 22.738995 8.443786 0.361725
v 23.114983 8.489028 0.076078
v 20.903721 6.685517 0.361726
v 20.903721 6.698578 0.076078
v 21.633358 6.740967 -0.191554
v 21.633358 6.816815 -0.467257
v 22.009352 7.021317 -0.671758
v 22.009352 7.297020 -0.747607
v 22.738995 7.564651 -0.789995
v 22.738995 7.850299 -0.803057
v 23.114983 8.107985 -0.671759
v 23.114983 8.388335 -0.191554
v 23.114983 8.265319 -0.432987
v 20.903721 6.863984 0.585142
v 21.633358 7.055586 0.776745
v 21.633358 7.279003 0.955211
v 22.009352 7.564651 1.000454
v 22.009352 7.832282 0.899761
v 22.738995 8.073715 0.776745
v 22.738995 8.312487 0.619412
v 23.114983 8.443786 0.361725
v 23.114983 8.430724 0.076078
v 20.903721 6.740967 0.343709
v 21.633358 6.698578 0.076078
v 21.633358 6.685517 -0.209570
v 22.009352 6.816815 -0.467257
v 22.009352 7.055586 -0.624590
v 22.738995 7.297020 -0.747607
v 22.738995 7.564651 -0.848299
v 23.114983 7.850299 -0.803057
v 23.114983 8.073715 -0.624590
v 23.844627 8.388335 -0.191554
v 23.844627 8.265319 -0.432987
v 21.633358 6.863984 0.585142
v 21.633358 7.021317 0.823914
v 22.009352 7.279003 0.955211
v 22.009352 7.564651 0.942150
v 22.738995 7.832282 0.899761
v 22.738995 8.107985 0.823913
v 23.114983 8.312487 0.619412
v 23.114983 8.388335 0.343709
v 23.844627 8.430724 0.076078
v 21.633358 6.740967 0.343709
v 21.633358 6.640275 0.076078
v 22.009352 6.685517 -0.209570
v 22.009352 6.863984 -0.432987
v 22.738995 7.055586 -0.624590
v 22.738995 7.279003 -0.803057
v 23.114983 7.564651 -0.848299
v 23.114983 7.832282 -0.747607
v 23.844627 8.073715 -0.624590
v 23.844627 8.443786 -0.209570
v 23.844627 8.312488 -0.467257
v 21.633358 6.816815 0.619412
v 22.009352 7.021317 0.823914
v 22.009352 7.297020 0.899761
v 22.738995 7.564651 0.942150
v 22.738995 7.850299 0.955211
v 23.114983 8.107985 0.823913
v 23.114983 8.265318 0.585142
v 23.844627 8.388335 0.343709
v 23.844627 8.489028 0.076078
v 21.633358 6.685517 0.361726
v 22.009352 6.640275 0.076078
v 22.009352 6.740967 -0.191554
v 22.738995 6.863984 -0.432987
v 22.738995 7.021317 -0.671758
v 23.114983 7.279003 -0.803057
v 23.114983 7.564651 -0.789995
v 23.844627 7.832282 -0.747607
v 23.844627 8.107985 -0.671759
v 24.220615 8.443786 -0.209570
v 24.220615 8.312488 -0.467257
v 22.009352 6.816815 0.619412
v 22.009352 7.055586 0.776745
v 22.738995 7.297020 0.899761
v 22.738995 7.564651 1.000454
v 23.114983 7.850299 0.955211
v 23.114983 8.073715 0.776745
v 23.844627 8.265318 0.585142
v 23.844627 8.443786 0.361725
v 24.220615 8.489028 0.076078
v 22.009352 6.685517 0.361726
v 22.009352 6.698578 0.076078
v 22.738995 6.740967 -0.191554
v 22.738995 6.816815 -0.467257
v 23.114983 7.021317 -0.671758
v 23.114983 7.297020 -0.747607
v 23.844627 7.564651 -0.789995
v 23.844627 7.850299 -0.803057
v 24.220615 8.107985 -0.671759
v 24.220615 8.388335 -0.191554
v 24.220615 8.265319 -0.432987
v 22.009352 6.863984 0.585142
v 22.738995 7.055586 0.776745
v 22.738995 7.279003 0.955211
v 23.114983 7.564651 1.000454
v 23.114983 7.832282 0.899761
v 23.844627 8.073715 0.776745
v 23.844627 8.312487 0.619412
v 24.220615 8.443786 0.361725
v 24.220615 8.430724 0.076078
v 22.009352 6.740967 0.343709
v 22.738995 6.698578 0.076078
v 22.738995 6.685517 -0.209570
v 23.114983 6.816815 -0.467257
v 23.114983 7.055586 -0.624590
v 23.844627 7.297020 -0.747607
v 23.844627 7.564651 -0.848299
v 24.220615 7.850299 -0.803057
v 24.220615 8.073715 -0.624590
v 24.950254 8.388335 -0.191554
v 24.950256 8.265319 -0.432987
v 22.738995 6.863984 0.585142
v 22.738995 7.021317 0.823914
v 23.114983 7.279003 0.955211
v 23.114983 7.564651 0.942150
v 23.844627 7.832282 0.899761
v 23.844627 8.107985 0.823913
v 24.220615 8.312487 0.619412
v 24.220615 8.388335 0.343709
v 24.950256 8.430724 0.076078
v 22.738995 6.740967 0.343709
v 22.738995 6.640275 0.076078
v 23.114983 6.685517 -0.209570
v 23.114983 6.863984 -0.432987
v 23.844627 7.055586 -0.624590
v 23.844627 7.279003 -0.803057
v 24.220615 7.564651 -0.848299
v 24.220615 7.832282 -0.747607
v 24.950256 8.073715 -0.624590
v 24.950254 8.443786 -0.209570
v 24.950256 8.312488 -0.467257
v 22.738995 6.816815 0.619412
v 23.114983 7.021317 0.823914
v 23.114983 7.297020 0.899761
v 23.844627 7.564651 0.942150
v 23.844627 7.850299 0.955211
v 24.220615 8.107985 0.823913
v 24.220615 8.265318 0.585142
v 24.950256 8.388335 0.343709
v 24.950256 8.489028 0.076078
v 22.738995 6.685517 0.361726
v 23.114983 6.640275 0.076078
v 23.114983 6.740967 -0.191554
v 23.844627 6.863984 -0.432987
v 23.844627 7.021317 -0.671758
v 24.220615 7.279003 -0.803057
v 24.220615 7.564651 -0.789995
v 24.950256 7.832282 -0.747607
v 24.950256 8.107985 -0.671759
v 25.326250 8.443786 -0.209570
v 25.326250 8.312488 -0.467257
v 23.114983 6.816815 0.619412
v 23.114983 7.055586 0.776745
v 23.844627 7.297020 0.899761
v 23.844627 7.564651 1.000454
v 24.220615 7.850299 0.955211
v 24.220615 8.073715 0.776745
v 24.950256 8.265318 0.585142
v 24.950256 8.443786 0.361725
v 25.326250 8.489028 0.076078
v 23.114983 6.685517 0.361726
v 23.114983 6.698578 0.076078
v 23.844627 6.740967 -0.191554
v 23.844627 6.816815 -0.467257
v 24.220615 7.021317 -0.671758
v 24.220615 7.297020 -0.747607
v 24.950256 7.564651 -0.789995
v 24.950256 7.850299 -0.803057
v 25.326250 8.107985 -0.671759
v 25.326250 8.388335 -0.191554
v 25.326250 8.265319 -0.432987
v 23.114983 6.863984 0.585142
v 23.844627 7.055586 0.776745
v 23.844627 7.279003 0.955211
v 24.220615 7.564651 1.000454
v 24.220615 7.832282 0.899761
v 24.950256 8.073715 0.776745
v 24.950256 8.312487 0.619412
v 25.326250 8.443786 0.361725
v 25.326250 8.430724 0.076078
v 23.114983 6.740967 0.343709
v 23.844627 6.698578 0.076078
v 23.844627 6.685517 -0.209570
v 24.220615 6.816815 -0.467257
v 24.220615 7.055586 -0.624590
v 24.950256 7.297020 -0.747607
v 24.950256 7.564651 -0.848299
v 25.326250 7.850299 -0.803057
v 25.326250 8.073715 -0.624590
v 26.674358 8.388335 -0.191554
v 26.674358 8.265319 -0.432987
v 23.844627 6.863984 0.585142
v 23.844627 7.021317 0.823914
v 24.220615 7.279003 0.955211
v 24.220615 7.564651 0.942150
v 24.950256 7.832282 0.899761
v 24.950256 8.107985 0.823913
v 25.326250 8.312487 0.619412
v 25.326250 8.388335 0.343709
v 26.674358 8.430724 0.076078
v 23.844627 6.740967 0.343709
v 23.844627 6.640275 0.076078
v 24.220615 6.685517 -0.209570
v 24.220615 6.863984 -0.432987
v 24.950256 7.055586 -0.624590
v 24.950256 7.279003 -0.803057
v 25.326250 7.564651 -0.848299
v 25.326250 7.832282 -0.747607
v 26.674358 8.073715 -0.624590
v 26.796700 8.473121 -0.219102
v 26.796700 8.337441 -0.485388
v 23.844627 6.816815 0.619412
v 24.220615 7.021317 0.823914
v 24.220615 7.297020 0.899761
v 24.950256 7.564651 0.942150
v 24.950256 7.850299 0.955211
v 25.326250 8.107985 0.823913
v 25.326250 8.265318 0.585142
v 26.674358 8.388335 0.343709
v 26.796700 8.519873 0.076078
v 23.844627 6.685517 0.361726
v 24.220615 6.640275 0.076078
v 24.220615 6.740967 -0.191554
v 24.950256 6.863984 -0.432987
v 24.950256 7.021317 -0.671758
v 25.326250 7.279003 -0.803057
v 25.326250 7.564651 -0.789995
v 26.674358 7.832282 -0.747607
v 26.796700 8.126116 -0.696713
v 27.240292 8.524143 -0.235680
v 27.240292 8.380844 -0.516921
v 24.220615 6.816815 0.619412
v 24.220615 7.055586 0.776745
v 24.950256 7.297020 0.899761
v 24.950256 7.564651 1.000454
v 25.326250 7.850299 0.955211
v 25.326250 8.073715 0.776745
v 26.674358 8.265318 0.585142
v 26.796700 8.473121 0.371257
v 27.240292 8.573521 0.076078
v 24.220615 6.685517 0.361726
v 24.220615 6.698578 0.076078
v 24.950256 6.740967 -0.191554
v 24.950256 6.816815 -0.467257
v 25.326250 7.021317 -0.671758
v 25.326250 7.297020 -0.747607
v 26.674358 7.564651 -0.789995
v 26.796700 7.859831 -0.832392
v 27.240292 8.157649 -0.740115
v 27.839733 8.590747 -0.257321
v 27.839733 8.437501 -0.558085
v 24.220615 6.863984 0.585142
v 24.950256 7.055586 0.776745
v 24.950256 7.279003 0.955211
v 25.326250 7.564651 1.000454
v 25.326250 7.832282 0.899761
v 26.674358 8.073715 0.776745
v 26.796700 8.337440 0.637543
v 27.240292 8.524143 0.387835
v 27.839733 8.643553 0.076078
v 24.220615 6.740967 0.343709
v 24.950256 6.698578 0.076078
v 24.950256 6.685517 -0.209570
v 25.326250 6.816815 -0.467257
v 25.326250 7.055586 -0.624590
v 26.674358 7.297020 -0.747607
v 26.796700 7.564651 -0.879144
v 27.240292 7.876409 -0.883414
v 27.839733 8.198812 -0.796772
v 28.439178 8.627934 -0.269404
v 28.439178 8.469133 -0.581068
v 24.950256 6.863984 0.585142
v 24.950256 7.021317 0.823914
v 25.326250 7.279003 0.955211
v 25.326250 7.564651 0.942150
v 26.674358 7.832282 0.899761
v 26.796700 8.126116 0.848868
v 27.240292 8.380843 0.669076
v 27.839733 8.590747 0.409476
v 28.439178 8.682652 0.076078
v 24.950256 6.740967 0.343709
v 24.950256 6.640275 0.076078
v 25.326250 6.685517 -0.209570
v 25.326250 6.863984 -0.432987
v 26.674358 7.055586 -0.624590
v 26.796700 7.269471 -0.832392
v 27.240292 7.564651 -0.932792
v 27.839733 7.898050 -0.950018
v 28.439178 8.221795 -0.828405
v 29.038624 8.590747 -0.257321
v 29.038624 8.437501 -0.558085
v 24.950256 6.816815 0.619412
v 25.326250 7.021317 0.823914
v 25.326250 7.297020 0.899761
v 26.674358 7.564651 0.942150
v 26.796700 7.859831 0.984547
v 27.240292 8.157649 0.892270
v 27.839733 8.437500 0.710239
v 28.439178 8.627934 0.421559
v 29.038624 8.643553 0.076078
v 24.950256 6.685517 0.361726
v 25.326250 6.640275 0.076078
v 25.326250 6.740967 -0.191554
v 26.674358 6.863984 -0.432987
v 26.796700 7.003186 -0.696713
v 27.240292 7.252893 -0.883414
v 27.839733 7.564651 -1.002823
v 28.439178 7.910133 -0.987205
v 29.038624 8.198812 -0.796772
v 29.638073 8.524143 -0.235680
v 29.638073 8.380844 -0.516921
v 25.326250 6.816815 0.619412
v 25.326250 7.055586 0.776745
v 26.674358 7.297020 0.899761
v 26.796700 7.564651 1.031299
v 27.240292 7.876409 1.035569
v 27.839733 8.198812 0.948927
v 28.439178 8.469133 0.733222
v 29.038624 8.590747 0.409476
v 29.638073 8.573521 0.076078
v 25.326250 6.685517 0.361726
v 25.326250 6.698578 0.076078
v 26.674358 6.740967 -0.191554
v 26.796700 6.791861 -0.485387
v 27.240292 6.971653 -0.740115
v 27.839733 7.231252 -0.950018
v 28.439178 7.564651 -1.041924
v 29.038624 7.898050 -0.950018
v 29.638073 8.157649 -0.740115
v 30.081657 8.424987 -0.203462
v 30.081657 8.296496 -0.455639
v 25.326250 6.863984 0.585142
v 26.674358 7.055586 0.776745
v 26.796700 7.269471 0.984547
v 27.240292 7.564651 1.084947
v 27.839733 7.898050 1.102173
v 28.439178 8.221795 0.980560
v 29.038624 8.437500 0.710239
v 29.638073 8.524143 0.387835
v 30.081657 8.469261 0.076078
v 25.326250 6.740967 0.343709
v 26.674358 6.698578 0.076078
v 26.796700 6.656181 -0.219102
v 27.240292 6.748459 -0.516921
v 27.839733 6.930489 -0.796772
v 28.439178 7.219169 -0.987205
v 29.038624 7.564651 -1.002823
v 29.638073 7.876409 -0.883414
v 30.081657 8.096367 -0.655768
v 30.199253 8.331869 -0.173207
v 30.199253 8.217286 -0.398090
v 26.674358 6.863984 0.585142
v 26.796700 7.003186 0.848868
v 27.240292 7.252893 1.035569
v 27.839733 7.564651 1.154978
v 28.439178 7.910133 1.139360
v 29.038624 8.198812 0.948927
v 29.638073 8.380843 0.669076
v 30.081657 8.424987 0.355617
v 30.199253 8.371352 0.076078
v 26.674358 6.740967 0.343709
v 26.796700 6.609429 0.076078
v 27.240292 6.605159 -0.235680
v 27.839733 6.691802 -0.558084
v 28.439178 6.907506 -0.828405
v 29.038624 7.231252 -0.950018
v 29.638073 7.564651 -0.932792
v 30.081657 7.844191 -0.784258
v 30.199253 8.038817 -0.576557
v 30.221550 8.313295 -0.167172
v 30.221550 8.201486 -0.386610
v 26.796700 6.791861 0.637543
v 27.240292 6.971653 0.892270
v 27.839733 7.231252 1.102173
v 28.439178 7.564651 1.194079
v 29.038624 7.898050 1.102173
v 29.638073 8.157649 0.892270
v 30.081657 8.296495 0.607794
v 30.199253 8.331869 0.325362
v 30.221550 8.351822 0.076078
v 26.796700 6.656181 0.371257
v 27.240292 6.555781 0.076078
v 27.839733 6.538555 -0.257321
v 28.439178 6.660169 -0.581067
v 29.038624 6.930489 -0.796772
v 29.638073 7.252893 -0.883414
v 30.081657 7.564651 -0.828533
v 30.199253 7.813935 -0.691141
v 30.221550 8.027338 -0.560758
v 30.449366 8.398464 -0.194845
v 30.449366 8.273934 -0.439247
v 27.240292 6.748459 0.669076
v 27.839733 6.930489 0.948927
v 28.439178 7.219169 1.139360
v 29.038624 7.564651 1.154978
v 29.638073 7.876409 1.035569
v 30.081657 8.096367 0.807922
v 30.199253 8.217285 0.550245
v 30.221550 8.313295 0.319327
v 30.449366 8.441374 0.076078
v 27.240292 6.605159 0.387835
v 27.839733 6.485750 0.076078
v 28.439178 6.501368 -0.269404
v 29.038624 6.691802 -0.558084
v 29.638073 6.971653 -0.740115
v 30.081657 7.285111 -0.784258
v 30.199253 7.564651 -0.730624
v 30.221550 7.807900 -0.672567
v 30.449366 8.079975 -0.633206
v 30.850235 8.334009 -0.482893
v 30.850235 8.469085 -0.217791
v 27.839733 6.691802 0.710240
v 28.439178 6.907506 0.980560
v 29.038624 7.231252 1.102173
v 29.638073 7.564651 1.084947
v 30.081657 7.844191 0.936413
v 30.199253 8.038817 0.728712
v 30.221550 8.201486 0.538765
v 30.449366 8.398464 0.347000
v 30.850235 8.515629 0.076078
v 27.839733 6.538555 0.409476
v 28.439178 6.446649 0.076078
v 29.038624 6.538555 -0.257321
v 29.638073 6.748459 -0.516921
v 30.081657 7.032935 -0.655767
v 30.199253 7.315367 -0.691141
v 30.221550 7.564651 -0.711094
v 30.449366 7.835573 -0.757736
v 30.850235 8.123622 -0.693280
v 31.251101 8.273934 -0.439247
v 31.251101 8.398464 -0.194845
v 28.439178 6.660169 0.733222
v 29.038624 6.930489 0.948927
v 29.638073 7.252893 1.035569
v 30.081657 7.564651 0.980687
v 30.199253 7.813935 0.843296
v 30.221550 8.027338 0.712912
v 30.449366 8.273933 0.591402
v 30.850235 8.469085 0.369946
v 31.251101 8.441374 0.076078
v 28.439178 6.501368 0.421559
v 29.038624 6.485750 0.076078
v 29.638073 6.605159 -0.235680
v 30.081657 6.832806 -0.455639
v 30.199253 7.090484 -0.576557
v 30.221550 7.321402 -0.672567
v 30.449366 7.564651 -0.800645
v 30.850235 7.858520 -0.828356
v 31.251101 8.079975 -0.633206
v 31.518412 8.263352 -0.150944
v 31.518412 8.159002 -0.355744
v 29.038624 6.691802 0.710240
v 29.638073 6.971653 0.892270
v 30.081657 7.285111 0.936413
v 30.199253 7.564651 0.882778
v 30.221550 7.807900 0.824722
v 30.449366 8.079975 0.785361
v 30.850235 8.334008 0.635048
v 31.251101 8.398464 0.347000
v 31.518412 8.299310 0.076078
v 29.038624 6.538555 0.409476
v 29.638073 6.555781 0.076078
v 30.081657 6.704316 -0.203462
v 30.199253 6.912016 -0.398089
v 30.221550 7.101963 -0.560758
v 30.449366 7.293729 -0.757736
v 30.850235 7.564651 -0.874901
v 31.251101 7.835573 -0.757736
v 31.518412 7.996472 -0.518274
v 31.684963 8.109344 -0.100904
v 31.684963 8.027994 -0.260561
v 29.638073 6.748459 0.669076
v 30.081657 7.032935 0.807922
v 30.199253 7.315367 0.843296
v 30.221550 7.564651 0.863249
v 30.449366 7.835573 0.909890
v 30.850235 8.123622 0.845435
v 31.251101 8.273933 0.591402
v 31.518412 8.263352 0.303099
v 31.684963 8.137375 0.076078
v 29.638073 6.605159 0.387835
v 30.081657 6.660041 0.076078
v 30.199253 6.797433 -0.173207
v 30.221550 6.927816 -0.386610
v 30.449366 7.049326 -0.633206
v 30.850235 7.270782 -0.828356
v 31.251101 7.564651 -0.800645
v 31.518412 7.791673 -0.622624
v 31.684963 7.901289 -0.387266
v 31.780800 7.836998 -0.012413
v 31.780800 7.796323 -0.092242
v 30.081657 6.832806 0.607794
v 30.199253 7.090484 0.728712
v 30.221550 7.321402 0.824722
v 30.449366 7.564651 0.952800
v 30.850235 7.858520 0.980511
v 31.251101 8.079975 0.785361
v 31.518412 8.159001 0.507899
v 31.684963 8.109344 0.253059
v 31.780800 7.851013 0.076078
v 30.081657 6.704316 0.355617
v 30.199253 6.757950 0.076078
v 30.221550 6.816006 -0.167172
v 30.449366 6.855367 -0.439247
v 30.850235 7.005680 -0.693280
v 31.251101 7.293729 -0.757736
v 31.518412 7.564651 -0.658581
v 31.684963 7.741632 -0.468616
v 31.780800 7.732970 -0.155594
v 31.806095 7.564651 0.067282
v 30.199253 6.912016 0.550245
v 30.221550 7.101963 0.712913
v 30.449366 7.293729 0.909891
v 30.850235 7.564651 1.027056
v 31.251101 7.835573 0.909890
v 31.518412 7.996472 0.670428
v 31.684963 8.027994 0.412716
v 31.780800 7.836998 0.164568
v 30.199253 6.797433 0.325362
v 30.221550 6.777479 0.076078
v 30.449366 6.730838 -0.194845
v 30.850235 6.795293 -0.482893
v 31.251101 7.049326 -0.633206
v 31.518412 7.337629 -0.622624
v 31.684963 7.564651 -0.496647
v 31.780800 7.653142 -0.196269
v 30.221550 6.927816 0.538765
v 30.449366 7.049326 0.785361
v 30.850235 7.270782 0.980511
v 31.251101 7.564651 0.952800
v 31.518412 7.791673 0.774779
v 31.684963 7.901289 0.539421
v 31.780800 7.796322 0.244397
v 30.221550 6.816006 0.319327
v 30.449366 6.687928 0.076078
v 30.850235 6.660217 -0.217791
v 31.251101 6.855367 -0.439247
v 31.518412 7.132830 -0.518273
v 31.684963 7.387670 -0.468616
v 31.780800 7.564651 -0.210285
v 30.449366 6.855367 0.591402
v 30.850235 7.005680 0.845435
v 31.251101 7.293729 0.909891
v 31.518412 7.564651 0.810736
v 31.684963 7.741632 0.620771
v 31.780800 7.732970 0.307749
v 30.449366 6.730838 0.347000
v 30.850235 6.613673 0.076078
v 31.251101 6.730838 -0.194845
v 31.518412 6.970300 -0.355744
v 31.684963 7.228012 -0.387266
v 31.780800 7.476160 -0.196269
v 30.850235 6.795293 0.635048
v 31.251101 7.049326 0.785361
v 31.518412 7.337629 0.774779
v 31.684963 7.564651 0.648802
v 31.780800 7.653142 0.348424
v 30.850235 6.660217 0.369946
v 31.251101 6.687928 0.076078
v 31.518412 6.865950 -0.150944
v 31.684963 7.101307 -0.260561
v 31.780800 7.396332 -0.155594
v 31.251101 6.855367 0.591402
v 31.518412 7.132830 0.670428
v 31.684963 7.387670 0.620771
v 31.780800 7.564651 0.362440
v 31.251101 6.730838 0.347000
v 31.518412 6.829992 0.076078
v 31.684963 7.019958 -0.100904
v 31.780800 7.332979 -0.092242
v 31.518412 6.970300 0.507899
v 31.684963 7.228012 0.539421
v 31.780800 7.476160 0.348424
v 31.518412 6.865950 0.303099
v 31.684963 6.991927 0.076078
v 31.780800 7.292304 -0.012413
v 31.684963 7.101307 0.412716
v 31.780800 7.396332 0.307749
v 31.684963 7.019958 0.253059
v 31.780800 7.278289 0.076078
v 31.780800 7.332979 0.244397
v 31.780800 7.292304 0.164568
v 9.539240 9.684406 0.133530
v 9.539240 8.160748 0.133530
v 10.355786 8.236386 0.298532
v 10.355786 9.940720 0.298532
v 9.539240 9.845598 0.070000
v 4.164786 9.677582 0.133530
v 4.164786 8.158735 0.133530
v 10.355786 7.600000 0.219864
v 11.172333 8.395964 0.298532
v 11.172333 10.481483 0.298532
v 10.355786 10.153315 0.070000
v 4.164786 9.838459 0.070000
v 3.458175 9.892927 0.133530
v 3.458175 8.223594 0.133530
v 4.164786 7.600000 0.332719
v 9.539240 7.600000 0.332840
v 11.172333 7.600000 0.219864
v 11.541698 8.568853 0.402206
v 10.355786 9.940720 -0.158532
v 9.539240 9.684406 0.006470
v 4.164786 9.677582 0.006470
v 2.723193 8.336777 0.356143
v 3.458175 7.600000 0.336268
v 4.164786 7.041265 0.133530
v 9.539240 7.039251 0.133530
v 10.355786 6.963614 0.298532
v 11.172333 10.719039 0.070000
v 11.541698 7.600000 0.323539
v 11.583024 11.150011 0.402206
v 11.172333 10.481483 -0.158532
v 9.539240 8.160748 0.006470
v 4.164786 8.158735 0.006470
v 3.458175 9.892927 0.006470
v 3.458175 10.063744 0.070000
v 2.723193 10.271723 0.179133
v 4.164786 5.522418 0.133530
v 9.539240 5.515594 0.133530
v 11.172333 6.804036 0.298532
v 12.332212 7.600000 0.323539
v 12.332168 8.540844 0.402206
v 12.193599 10.976767 0.402206
v 11.172333 8.395964 -0.158532
v 10.355786 8.236386 -0.158532
v 3.458175 8.223594 0.006470
v 9.539240 7.600000 -0.192840
v 4.164786 7.600000 -0.192719
v 1.450235 9.696635 0.133530
v 2.723193 7.600000 0.736394
v 3.458175 6.976406 0.133530
v 3.458175 5.307073 0.133530
v 9.539240 5.354402 0.070000
v 4.164786 5.361541 0.070000
v 10.355786 5.259280 0.298532
v 11.172333 4.718516 0.298532
v 11.583024 11.150011 -0.262206
v 11.583024 11.426680 0.070000
v 11.541698 6.631146 0.402206
v 12.332206 6.659158 0.402206
v 12.369761 7.600000 0.323539
v 12.369717 8.540844 0.402206
v 12.188362 11.246994 0.070000
v 12.231148 10.976767 0.402206
v 11.541698 8.568853 -0.262206
v 11.172333 7.600000 -0.079864
v 10.355786 7.600000 -0.079864
v 2.723193 8.336777 -0.216143
v 3.458175 7.600000 -0.196268
v 4.164786 7.041265 0.006470
v 9.539240 7.039251 0.006470
v 2.723193 10.271723 -0.039133
v 2.723193 10.523942 0.070000
v 1.450234 9.858391 0.070000
v 1.450235 8.165406 0.133530
v 2.723193 6.863223 0.356143
v 1.450235 7.600000 0.333117
v 4.164786 5.522418 0.006470
v 9.539240 5.515594 0.006470
v 10.355786 5.046685 0.070000
v 11.583024 4.049989 0.402206
v 12.193108 4.223094 0.402206
v 12.369755 6.659158 0.402206
v 12.394737 8.539957 0.427227
v 12.394737 7.600000 0.348602
v 12.225911 11.246994 0.070000
v 11.541698 7.600000 -0.183539
v 2.723193 7.600000 -0.377455
v 0.620510 9.587997 0.070000
v 0.620510 9.438171 0.133530
v 0.620510 8.088086 0.133530
v 2.723193 4.928277 0.179133
v 3.458175 5.136257 0.070000
v 10.355786 5.259280 -0.158532
v 3.458175 5.307073 0.006470
v 11.172333 4.480961 0.070000
v 12.193108 10.976906 -0.262206
v 12.332206 8.540842 -0.262206
v 12.188362 3.953005 0.070000
v 12.230657 4.223094 0.402206
v 12.394737 6.660043 0.427189
v 12.357188 7.600000 0.348602
v 12.357188 8.539957 0.427227
v 12.230657 10.976906 -0.262206
v 12.257044 10.985147 0.427013
v 12.332212 7.600000 -0.183539
v 11.172333 6.804036 -0.158532
v 10.355786 6.963614 -0.158532
v 1.450235 8.165406 0.006470
v 1.450235 9.696635 0.006470
v 3.458175 6.976406 0.006470
v -13.007832 8.050048 0.133530
v -13.007832 9.446888 0.133530
v 1.450235 7.034594 0.133530
v 1.450235 5.503365 0.133530
v 11.172333 4.718516 -0.158532
v 12.369755 8.540842 -0.262206
v 11.583024 3.773320 0.070000
v 12.225911 3.953005 0.070000
v 12.357188 6.660043 0.427189
v 12.357188 7.600000 0.910169
v 12.357188 8.539957 0.989308
v 12.219495 10.985147 0.427013
v 12.256816 10.985445 -0.287483
v 12.251489 11.278307 0.070000
v 12.369761 7.600000 -0.183539
v 11.541698 6.631146 -0.262206
v 12.332168 6.659156 -0.262206
v 1.450235 7.600000 -0.193117
v 2.723193 6.863223 -0.216143
v 0.620510 9.438171 0.006470
v -13.007832 9.597116 0.070000
v 0.620510 7.600000 0.327926
v -15.742191 9.881748 0.133530
v -15.742190 8.153315 0.133530
v -13.007832 7.600000 0.324813
v 0.620510 7.111914 0.133530
v 2.723193 4.676058 0.070000
v 1.450234 5.341609 0.070000
v 2.723193 4.928277 -0.039133
v 11.583024 4.049989 -0.262206
v 12.394737 8.539957 -0.287189
v 12.193599 4.223233 -0.262206
v 12.231148 4.223233 -0.262206
v 12.256816 4.214555 0.427483
v 12.219267 4.214555 0.427483
v 12.357188 6.660043 0.988716
v 12.278664 9.924860 1.066784
v 12.484366 8.529819 1.116838
v 12.484743 7.600000 1.038170
v 12.213940 11.278307 0.070000
v 12.369717 6.659156 -0.262206
v 12.394737 7.600000 -0.208602
v 0.620510 8.088086 0.006470
v 1.450235 7.034594 0.006470
v -13.007832 9.446888 0.006470
v -18.476551 10.068709 0.133530
v -18.476549 8.190461 0.133530
v -15.742189 7.600000 0.331961
v 0.620510 5.761828 0.133530
v 0.620510 5.612002 0.070000
v 12.257044 4.214853 -0.287013
v 12.251489 3.921692 0.070000
v 12.213940 3.921692 0.070000
v 12.278664 5.275139 1.066784
v 12.484957 6.670228 1.116838
v 12.220199 10.955983 0.989282
v 12.219817 10.962709 0.695744
v 12.463548 9.725595 1.116838
v 14.178595 8.394760 1.116838
v 12.219267 10.985445 -0.287483
v 12.357188 8.539957 -0.287189
v 12.394737 6.660043 -0.287228
v 12.357188 7.600000 -0.208602
v 0.620510 7.600000 -0.187926
v 0.620510 7.111914 0.006470
v -13.007832 8.050048 0.006470
v 1.450235 5.503365 0.006470
v -15.742191 9.881748 0.006470
v -15.742191 10.052050 0.070000
v -22.666071 9.643414 0.133530
v -22.666071 8.298031 0.133530
v -18.476549 7.600000 0.333938
v -13.007832 7.149952 0.133530
v -13.007832 5.753112 0.133530
v 12.219495 4.214853 -0.287013
v 12.220199 4.244017 0.989282
v 12.219817 4.237290 0.695744
v 12.463548 5.474404 1.116838
v 14.178595 6.805240 1.116838
v 12.352051 10.934384 1.116838
v 12.871456 7.600000 1.038170
v 14.178595 8.213689 1.098915
v 13.999516 9.470521 1.116838
v 12.167861 11.514348 0.867268
v 12.220199 10.955983 -0.849282
v 12.219817 10.962709 -0.555744
v 12.278664 9.924860 -0.926784
v 12.357188 8.539957 -0.848716
v 12.357188 6.660043 -0.287228
v 12.357188 7.600000 -0.770169
v -13.007832 7.600000 -0.184813
v 0.620510 5.761828 0.006470
v -15.742190 8.153315 0.006470
v -18.476551 10.247639 0.070000
v -22.666073 9.793291 0.070000
v -27.469864 8.792138 0.133530
v -22.666071 7.600000 0.338677
v -15.742190 7.046685 0.133530
v -15.742191 5.318252 0.133530
v -13.007832 5.602883 0.070000
v 12.219817 4.237290 -0.555744
v 12.220199 4.244017 -0.849282
v 12.167861 3.685652 0.867268
v 12.352051 4.265615 1.116838
v 13.999516 5.729479 1.116838
v 14.178595 6.986049 1.098941
v 12.295431 11.464177 1.002826
v 13.820436 10.546282 1.116838
v 15.717998 8.258417 1.116838
v 12.871456 7.600000 1.002590
v 14.178595 8.213689 1.061102
v 15.420025 9.203524 1.116838
v 12.167861 11.618141 0.070000
v 12.167861 11.514348 -0.727268
v 12.463548 9.725595 -0.976838
v 12.357188 6.660043 -0.849308
v 12.484957 8.529772 -0.976838
v 12.484743 7.600000 -0.898170
v -13.007832 7.149952 0.006470
v -13.007832 5.753112 0.006470
v -15.742189 7.600000 -0.191961
v -18.476551 10.068709 0.006470
v -18.476549 8.190461 0.006470
v -27.469864 8.890784 0.070000
v -18.476549 7.009539 0.133530
v -18.476551 5.131290 0.133530
v 12.278664 5.275139 -0.926784
v 12.167861 3.685652 -0.727268
v 12.167861 3.581859 0.070000
v 12.295431 3.735822 1.002826
v 13.820436 4.653718 1.116838
v 15.420025 5.996476 1.116838
v 15.721679 6.941909 1.116838
v 14.178595 6.986049 1.061127
v 13.605654 11.130150 1.002826
v 15.075897 10.162552 1.116838
v 15.374817 7.600000 1.093009
v 15.374817 7.600000 1.055414
v 12.938645 7.600000 1.012245
v 15.571951 9.206155 1.049085
v 12.408381 11.993233 0.846943
v 12.282000 12.143730 0.070000
v 12.282000 12.043343 0.721240
v 12.295431 11.464177 -0.862826
v 12.352051 10.934384 -0.976838
v 12.484366 6.670181 -0.976838
v 14.178595 8.394760 -0.976838
v -15.742191 5.318252 0.006470
v -15.742190 7.046685 0.006470
v -22.666071 9.643414 0.006470
v -22.666071 8.298031 0.006470
v -18.476549 7.600000 -0.193938
v -31.567003 7.810321 0.070000
v -32.256844 7.593251 0.069569
v -22.666071 6.901969 0.133530
v -22.666071 5.556586 0.133530
v -15.742191 5.147951 0.070000
v 12.463548 5.474404 -0.976838
v 12.352051 4.265615 -0.976838
v 12.305237 3.738322 -0.862826
v 12.282000 3.056270 0.070000
v 12.282000 3.156657 0.721240
v 12.405527 3.206073 0.846943
v 13.605654 4.069850 1.002826
v 15.075897 5.037448 1.116838
v 15.571951 5.993845 1.049085
v 14.740840 10.798263 1.002826
v 13.556583 11.714018 0.846943
v 15.214873 10.114862 1.007161
v 15.727501 7.600000 1.109178
v 15.312510 7.600000 1.063180
v 14.177341 8.182325 1.068859
v 15.856431 8.256694 1.027328
v 12.282000 12.043343 -0.581240
v 12.813691 12.728361 0.568175
v 12.405527 11.993927 -0.706943
v 13.820436 10.546282 -0.976838
v 13.999516 9.470521 -0.976838
v 14.178595 6.805240 -0.976838
v 14.178595 8.213950 -0.958941
v 12.871456 7.600000 -0.898170
v -18.476551 5.131290 0.006470
v -18.476549 7.009539 0.006470
v -27.469864 8.792138 0.006470
v -22.666071 7.600000 -0.198677
v -32.190678 7.612923 0.069578
v -32.190678 7.572091 0.069573
v -27.469864 6.407862 0.133530
v -22.666073 5.406709 0.070000
v -18.476551 4.952361 0.070000
v 13.820436 4.653718 -0.976838
v 13.605654 4.069850 -0.862826
v 12.408381 3.206767 -0.706943
v 12.282000 3.156657 -0.581240
v 12.813691 2.471940 0.569762
v 13.556583 3.485982 0.846943
v 14.734482 4.399878 1.002826
v 15.214873 5.085137 1.007161
v 15.856431 6.943306 1.027328
v 14.177341 7.017674 1.068859
v 14.859403 10.778152 0.891036
v 14.569373 11.434502 0.846943
v 12.915728 12.638248 0.697763
v 14.177341 8.182325 1.106967
v 15.312510 7.600000 1.101072
v 12.938645 7.600000 1.048194
v 15.879989 8.799150 0.872307
v 12.813691 12.728060 -0.429763
v 12.813690 12.822838 0.070000
v 13.556583 11.714018 -0.706943
v 13.605654 11.130150 -0.862826
v 15.075897 10.162552 -0.976838
v 15.420025 9.203524 -0.976838
v 15.721679 8.258091 -0.976838
v 14.178595 6.986310 -0.958915
v 13.999516 5.729479 -0.976838
v 14.178595 8.213950 -0.921127
v 12.871456 7.600000 -0.862590
v -22.666071 5.556586 0.006470
v -22.666071 6.901969 0.006470
v -27.469864 6.407862 0.006470
v -27.469864 6.289413 0.070000
v 14.740840 4.401737 -0.862826
v 15.075897 5.037448 -0.976838
v 13.556583 3.485982 -0.706943
v 12.913032 2.559973 -0.557516
v 12.813691 2.472241 -0.431350
v 12.813690 2.377162 0.070000
v 12.915728 2.561751 0.697763
v 14.569500 3.765533 0.846943
v 14.859403 4.421847 0.891036
v 15.879989 6.400849 0.872307
v 14.177341 7.017674 1.106967
v 15.204878 10.245501 0.070000
v 14.859403 10.885040 0.070000
v 14.679640 11.422059 0.730240
v 14.674834 12.400874 0.690742
v 13.838012 12.550585 0.688409
v 15.872559 7.600000 1.041099
v 14.548931 7.600000 1.366353
v 13.699550 7.600000 1.298763
v 15.889167 8.801718 0.070000
v 12.915728 12.638248 -0.557763
v 13.342526 13.387152 0.513589
v 13.197509 13.395514 0.397569
v 14.569500 11.434467 -0.706943
v 14.734482 10.800121 -0.862826
v 15.214873 10.114862 -0.867161
v 15.571951 9.206155 -0.909085
v 15.717998 6.941583 -0.976838
v 14.178595 6.986310 -0.921102
v 15.420025 5.996476 -0.976838
v 15.374817 7.600000 -0.953009
v 15.374817 7.600000 -0.915414
v 12.938645 7.600000 -0.872245
v -31.567001 7.378055 0.070000
v 15.214873 5.085137 -0.867161
v 14.859403 4.421847 -0.751036
v 14.569373 3.765498 -0.706943
v 13.197498 1.808711 0.397511
v 13.344566 1.812849 0.513589
v 13.838012 2.649415 0.688409
v 14.672615 2.799021 0.690789
v 14.679640 3.777940 0.730240
v 14.859403 4.314960 0.070000
v 15.204878 4.954499 0.070000
v 15.892941 6.406242 0.070000
v 14.859403 10.778152 -0.751036
v 14.679640 11.523834 0.070000
v 14.786569 12.417928 0.570719
v 14.143223 7.808173 1.373644
v 13.197509 13.395514 -0.257569
v 13.345451 13.387152 -0.373589
v 13.139669 13.419122 0.070000
v 13.838012 12.550585 -0.548409
v 14.672615 12.400979 -0.550789
v 14.679640 11.422059 -0.590240
v 15.856431 8.256694 -0.887328
v 15.571951 5.993845 -0.909085
v 15.727501 7.600000 -0.969178
v 15.312510 7.600000 -0.923180
v 14.177341 8.182325 -0.928859
v 14.679640 3.777940 -0.590240
v 14.674834 2.799125 -0.550742
v 13.838012 2.649415 -0.548409
v 13.343079 1.812849 -0.373589
v 13.197498 1.808711 -0.257511
v 13.139669 1.797036 0.070000
v 14.786569 2.782072 0.570719
v 14.679640 3.676166 0.070000
v 14.143223 7.391827 1.373644
v 14.786569 12.512887 0.070000
v 14.648141 13.387148 0.513589
v 13.992052 13.387150 0.513589
v 13.183856 14.242997 0.359337
v 13.009399 14.256677 0.240429
v 14.786569 12.417928 -0.430719
v 15.879989 8.799150 -0.732307
v 14.177341 7.017674 -0.928859
v 15.856431 6.943306 -0.887328
v 15.312510 7.600000 -0.961072
v 14.177341 8.182325 -0.966967
v 12.938645 7.600000 -0.908194
v 14.786569 2.782072 -0.430719
v 13.009399 0.943323 0.240428
v 13.183856 0.957003 0.359337
v 13.992052 1.812850 0.513589
v 14.645951 1.812851 0.513589
v 14.786569 2.687113 0.070000
v 14.766109 13.499908 0.070000
v 14.766109 13.415248 0.403047
v 13.475768 14.242998 0.359337
v 13.009399 14.256677 -0.100429
v 13.183856 14.242997 -0.219337
v 13.992052 13.387150 -0.373589
v 12.954947 14.276285 0.070000
v 14.645951 13.387148 -0.373589
v 15.872559 7.600000 -0.901099
v 14.177341 7.017674 -0.966967
v 15.879989 6.400849 -0.732307
v 14.548931 7.600000 -1.226353
v 13.699550 7.600000 -1.158763
v 14.648141 1.812851 -0.373589
v 13.992052 1.812850 -0.373589
v 13.166456 0.957003 -0.219337
v 13.009399 0.943323 -0.100428
v 12.954947 0.923714 0.070000
v 13.475768 0.957002 0.359337
v 14.766109 1.784752 0.403047
v 14.766109 1.700091 0.070000
v 14.766109 13.415248 -0.263047
v 14.041897 14.443152 0.263412
v 13.969026 14.339914 0.366556
v 12.656426 15.209046 0.246058
v 13.475768 14.242998 -0.219337
v 12.618894 15.106591 0.246058
v 12.520118 14.991326 0.143955
v 14.143223 7.808173 -1.233644
v 14.766109 1.784752 -0.263047
v 13.475768 0.957002 -0.219337
v 12.520118 0.208673 0.143955
v 12.618894 0.093408 0.246058
v 12.656426 -0.009047 0.246058
v 13.964983 0.863879 0.366957
v 14.041897 0.756847 0.263412
v 14.041897 14.443152 -0.123412
v 14.041897 14.513423 0.070000
v 12.867960 15.212195 0.246058
v 12.520118 14.991326 -0.003955
v 12.618894 15.106591 -0.106058
v 12.656426 15.209046 -0.106058
v 13.964983 14.336121 -0.226957
v 12.481286 14.997134 0.070000
v 14.143223 7.391827 -1.233644
v 14.041897 0.756847 -0.123412
v 13.969026 0.860085 -0.226556
v 12.656426 -0.009047 -0.106058
v 12.618894 0.093408 -0.106058
v 12.520118 0.208673 -0.003955
v 12.481286 0.202866 0.070000
v 12.867960 -0.012196 0.246058
v 14.041897 0.686577 0.070000
v 13.014627 15.261082 0.158038
v 12.847304 15.305302 0.070000
v 12.656426 15.302460 0.070000
v 12.563009 15.139603 0.070000
v 12.867960 15.212195 -0.106058
v 12.867960 -0.012196 -0.106058
v 12.585463 0.021254 0.070000
v 12.892493 -0.105975 0.070000
v 12.656426 -0.102460 0.070000
v 13.014627 -0.061081 0.158038
v 13.014627 15.261082 -0.018038
v 13.014627 15.307793 0.070000
v 13.014627 -0.061081 -0.018038
v 13.014627 -0.107793 0.070000
v 30.199547 8.311646 -0.166636
v 30.221256 8.293562 -0.160760
v 30.221256 8.184699 -0.374414
v 30.199547 8.200083 -0.385591
v 30.199547 8.350088 0.076078
v 30.221256 8.331073 0.076078
v 30.221256 8.015141 -0.543971
v 30.199547 8.026319 -0.559354
v 30.199547 8.311646 0.318791
v 30.221256 8.293562 0.312915
v 30.221256 7.801488 -0.652833
v 30.199547 7.807364 -0.670918
v 30.199547 8.200082 0.537746
v 30.221256 8.184699 0.526569
v 30.221256 7.564651 -0.690345
v 30.199547 7.564651 -0.709360
v 30.199547 8.026319 0.711509
v 30.221256 8.015141 0.696126
v 30.221256 7.327814 -0.652833
v 30.199547 7.321938 -0.670918
v 30.199547 7.807364 0.823072
v 30.221256 7.801488 0.804988
v 30.221256 7.114159 -0.543971
v 30.199547 7.102983 -0.559354
v 30.199547 7.564651 0.861514
v 30.221256 7.564651 0.842500
v 30.221256 6.944602 -0.374414
v 30.199547 6.929219 -0.385591
v 30.199547 7.321938 0.823072
v 30.221256 7.327814 0.804988
v 30.221256 6.835740 -0.160760
v 30.199547 6.817656 -0.166636
v 30.199547 7.102983 0.711509
v 30.221256 7.114159 0.696126
v 30.221256 6.798228 0.076078
v 30.199547 6.779214 0.076078
v 30.199547 6.929219 0.537746
v 30.221256 6.944602 0.526569
v 30.221256 6.835740 0.312915
v 30.199547 6.817656 0.318791
vt 0.643557 0.310726
vt 0.653305 0.310514
vt 0.653895 0.334796
vt 0.644162 0.335007
vt 0.634431 0.335243
vt 0.633807 0.310982
vt 0.636743 0.396039
vt 0.646180 0.395978
vt 0.663030 0.310301
vt 0.663652 0.334540
vt 0.645754 0.259077
vt 0.638632 0.259150
vt 0.624692 0.335493
vt 0.624065 0.311259
vt 0.627306 0.396101
vt 0.631510 0.259223
vt 0.638935 0.424831
vt 0.648607 0.424967
vt 0.655618 0.395916
vt 0.672752 0.310058
vt 0.673411 0.334263
vt 0.652876 0.259004
vt 0.646168 0.299382
vt 0.610375 0.150520
vt 0.614947 0.335744
vt 0.614329 0.311530
vt 0.617868 0.396163
vt 0.624388 0.259296
vt 0.629263 0.424804
vt 0.631924 0.299528
vt 0.638951 0.422907
vt 0.648625 0.423012
vt 0.658302 0.425157
vt 0.665055 0.395854
vt 0.682477 0.309801
vt 0.683167 0.333973
vt 0.659998 0.258931
vt 0.618969 0.158569
vt 0.605197 0.335989
vt 0.604597 0.311789
vt 0.608431 0.396225
vt 0.617266 0.259369
vt 0.619565 0.424830
vt 0.648168 0.031083
vt 0.629277 0.422849
vt 0.658327 0.423204
vt 0.639060 0.410080
vt 0.648838 0.410227
vt 0.668017 0.425361
vt 0.674493 0.395792
vt 0.692205 0.309540
vt 0.692920 0.333668
vt 0.667120 0.258858
vt 0.624184 0.160752
vt 0.595445 0.336225
vt 0.594867 0.312039
vt 0.598993 0.396286
vt 0.610144 0.259442
vt 0.609849 0.424871
vt 0.644199 0.036061
vt 0.619574 0.422876
vt 0.629280 0.410062
vt 0.668043 0.423408
vt 0.658589 0.410417
vt 0.637707 0.459349
vt 0.647145 0.459299
vt 0.677739 0.425566
vt 0.683930 0.395731
vt 0.701936 0.309284
vt 0.702670 0.333345
vt 0.674242 0.258785
vt 0.629638 0.161367
vt 0.585691 0.336447
vt 0.585139 0.312282
vt 0.589556 0.396348
vt 0.603022 0.259515
vt 0.600125 0.424912
vt 0.639177 0.039978
vt 0.609855 0.422917
vt 0.619528 0.410087
vt 0.628270 0.459399
vt 0.677766 0.423613
vt 0.668323 0.410619
vt 0.656582 0.459249
vt 0.638594 0.487333
vt 0.648246 0.487420
vt 0.687465 0.425767
vt 0.693368 0.395669
vt 0.711676 0.309032
vt 0.712416 0.333017
vt 0.681364 0.258711
vt 0.635069 0.160649
vt 0.575935 0.336652
vt 0.575411 0.312525
vt 0.580118 0.396410
vt 0.595900 0.259588
vt 0.590399 0.424954
vt 0.633649 0.042463
vt 0.600131 0.422959
vt 0.609791 0.410125
vt 0.618832 0.459449
vt 0.628942 0.487356
vt 0.687492 0.423814
vt 0.678051 0.410825
vt 0.666019 0.459199
vt 0.657922 0.487560
vt 0.638601 0.485414
vt 0.648255 0.485469
vt 0.697193 0.425957
vt 0.702805 0.395607
vt 0.721449 0.308727
vt 0.722147 0.332778
vt 0.688486 0.258638
vt 0.640299 0.158402
vt 0.566177 0.336835
vt 0.565684 0.312771
vt 0.570681 0.396472
vt 0.588778 0.259661
vt 0.580671 0.424994
vt 0.627819 0.043262
vt 0.590404 0.423000
vt 0.600061 0.410165
vt 0.609395 0.459499
vt 0.619265 0.487432
vt 0.628946 0.485405
vt 0.697222 0.424005
vt 0.687775 0.411034
vt 0.675457 0.459149
vt 0.667617 0.487714
vt 0.657937 0.485610
vt 0.638643 0.472613
vt 0.648402 0.472710
vt 0.706922 0.426117
vt 0.712243 0.395546
vt 0.536559 0.312821
vt 0.536774 0.337868
vt 0.695608 0.258565
vt 0.645048 0.154872
vt 0.556420 0.337005
vt 0.555950 0.313016
vt 0.561244 0.396533
vt 0.581656 0.259734
vt 0.570942 0.425031
vt 0.621972 0.042681
vt 0.580677 0.423041
vt 0.590333 0.410207
vt 0.599957 0.459549
vt 0.609569 0.487522
vt 0.619264 0.485482
vt 0.628884 0.472645
vt 0.706961 0.424168
vt 0.697497 0.411250
vt 0.684895 0.459099
vt 0.677320 0.487869
vt 0.667634 0.485765
vt 0.658133 0.472849
vt 0.639599 0.521371
vt 0.649019 0.521425
vt 0.716630 0.426238
vt 0.532931 0.396719
vt 0.546172 0.313176
vt 0.546690 0.337227
vt 0.560291 0.259966
vt 0.696022 0.298871
vt 0.551806 0.396595
vt 0.574534 0.259807
vt 0.561210 0.425056
vt 0.616295 0.040447
vt 0.570947 0.423077
vt 0.580606 0.410249
vt 0.590520 0.459599
vt 0.599866 0.487613
vt 0.609566 0.485572
vt 0.619152 0.472720
vt 0.630180 0.521316
vt 0.716735 0.424288
vt 0.707215 0.411470
vt 0.694332 0.459049
vt 0.687027 0.488020
vt 0.677338 0.485919
vt 0.667848 0.473001
vt 0.658437 0.521480
vt 0.636871 0.548019
vt 0.646489 0.548182
vt 0.532498 0.425352
vt 0.542369 0.396657
vt 0.567412 0.259887
vt 0.604194 0.026543
vt 0.551477 0.425054
vt 0.611669 0.037215
vt 0.561214 0.423104
vt 0.570880 0.410295
vt 0.581083 0.459649
vt 0.590160 0.487704
vt 0.599862 0.485664
vt 0.609436 0.472807
vt 0.620761 0.521261
vt 0.627251 0.547967
vt 0.726690 0.424642
vt 0.716925 0.411631
vt 0.703769 0.458999
vt 0.696736 0.488160
vt 0.687044 0.486071
vt 0.677556 0.473157
vt 0.667857 0.521535
vt 0.656131 0.548397
vt 0.636892 0.546107
vt 0.646513 0.546238
vt 0.541767 0.425041
vt 0.567861 0.300192
vt 0.551468 0.423103
vt 0.561158 0.410346
vt 0.571645 0.459700
vt 0.580453 0.487794
vt 0.590156 0.485754
vt 0.599727 0.472897
vt 0.611342 0.521207
vt 0.617607 0.547966
vt 0.627271 0.546022
vt 0.541666 0.423078
vt 0.726525 0.411305
vt 0.713207 0.458949
vt 0.706445 0.488270
vt 0.696754 0.486212
vt 0.687262 0.473316
vt 0.677276 0.521589
vt 0.665791 0.548627
vt 0.656161 0.546455
vt 0.637035 0.533350
vt 0.646760 0.533523
vt 0.551443 0.410402
vt 0.562208 0.459750
vt 0.570745 0.487880
vt 0.580449 0.485844
vt 0.590019 0.472988
vt 0.601923 0.521152
vt 0.607944 0.547979
vt 0.617621 0.546023
vt 0.627309 0.533305
vt 0.541760 0.410402
vt 0.722644 0.458898
vt 0.716133 0.488341
vt 0.706474 0.486324
vt 0.696964 0.473481
vt 0.686694 0.521644
vt 0.675460 0.548857
vt 0.665824 0.546685
vt 0.656456 0.533739
vt 0.639309 0.586109
vt 0.648698 0.586023
vt 0.552770 0.459800
vt 0.561034 0.487955
vt 0.570740 0.485931
vt 0.580313 0.473080
vt 0.592504 0.521097
vt 0.598273 0.547994
vt 0.607955 0.546036
vt 0.617610 0.533303
vt 0.629921 0.586195
vt 0.543333 0.459850
vt 0.725681 0.488678
vt 0.716228 0.486395
vt 0.706663 0.473652
vt 0.696114 0.521699
vt 0.685132 0.549084
vt 0.675492 0.546915
vt 0.666137 0.533966
vt 0.658087 0.585937
vt 0.638037 0.613371
vt 0.647646 0.613419
vt 0.551321 0.488003
vt 0.561027 0.486007
vt 0.570608 0.473175
vt 0.583085 0.521043
vt 0.588599 0.548009
vt 0.598284 0.546051
vt 0.607927 0.533314
vt 0.620532 0.586281
vt 0.628427 0.613433
vt 0.541630 0.488040
vt 0.726165 0.486696
vt 0.716353 0.473762
vt 0.705532 0.521753
vt 0.694806 0.549300
vt 0.685165 0.547142
vt 0.675811 0.534198
vt 0.667476 0.585851
vt 0.657280 0.613520
vt 0.638035 0.611461
vt 0.647647 0.611477
vt 0.551302 0.486056
vt 0.560906 0.473275
vt 0.573666 0.520988
vt 0.578925 0.548022
vt 0.588610 0.546066
vt 0.598250 0.533327
vt 0.611143 0.586367
vt 0.618794 0.613547
vt 0.628424 0.611490
vt 0.541520 0.486081
vt 0.725931 0.473389
vt 0.714952 0.521808
vt 0.704482 0.549486
vt 0.694840 0.547359
vt 0.685481 0.534433
vt 0.676864 0.585765
vt 0.666933 0.613634
vt 0.657287 0.611579
vt 0.638027 0.598716
vt 0.647743 0.598774
vt 0.551212 0.473381
vt 0.564247 0.520933
vt 0.569249 0.548032
vt 0.578936 0.546079
vt 0.588575 0.533342
vt 0.601754 0.586453
vt 0.609141 0.613675
vt 0.618784 0.611606
vt 0.628311 0.598787
vt 0.541549 0.473430
vt 0.724371 0.521863
vt 0.714136 0.549633
vt 0.704526 0.547547
vt 0.695150 0.534674
vt 0.686253 0.585679
vt 0.676593 0.613749
vt 0.666942 0.611693
vt 0.657431 0.598874
vt 0.638623 0.645256
vt 0.647978 0.645330
vt 0.554828 0.520879
vt 0.559571 0.548030
vt 0.569260 0.546089
vt 0.578901 0.533358
vt 0.592366 0.586540
vt 0.599481 0.613805
vt 0.609130 0.611734
vt 0.618622 0.598901
vt 0.629267 0.645181
vt 0.545409 0.520824
vt 0.723649 0.550044
vt 0.714246 0.547694
vt 0.704814 0.534920
vt 0.695642 0.585593
vt 0.686257 0.613861
vt 0.676603 0.611809
vt 0.667103 0.598986
vt 0.657333 0.645404
vt 0.640680 0.669914
vt 0.650230 0.669988
vt 0.549891 0.548001
vt 0.559580 0.546089
vt 0.569228 0.533376
vt 0.582977 0.586626
vt 0.589819 0.613934
vt 0.599469 0.611864
vt 0.608950 0.599026
vt 0.619912 0.645107
vt 0.631129 0.669950
vt 0.540233 0.547962
vt 0.724146 0.548073
vt 0.714470 0.535106
vt 0.705030 0.585506
vt 0.695924 0.613961
vt 0.686267 0.611921
vt 0.676769 0.599102
vt 0.666689 0.645478
vt 0.659805 0.670113
vt 0.640684 0.668015
vt 0.650236 0.668057
vt 0.549887 0.546061
vt 0.559559 0.533400
vt 0.573588 0.586712
vt 0.580155 0.614062
vt 0.589807 0.611993
vt 0.599284 0.599154
vt 0.610557 0.645033
vt 0.621554 0.670037
vt 0.631131 0.668019
vt 0.540138 0.546009
vt 0.724018 0.534809
vt 0.714419 0.585420
vt 0.705590 0.614032
vt 0.695934 0.612022
vt 0.686432 0.599222
vt 0.676044 0.645552
vt 0.669399 0.670253
vt 0.659817 0.668184
vt 0.640709 0.655349
vt 0.650365 0.655432
vt 0.549897 0.533429
vt 0.564200 0.586798
vt 0.570490 0.614187
vt 0.580143 0.612122
vt 0.589620 0.599284
vt 0.601201 0.644958
vt 0.611960 0.670139
vt 0.621550 0.668108
vt 0.631052 0.655393
vt 0.540267 0.533402
vt 0.723808 0.585334
vt 0.715236 0.614064
vt 0.705612 0.612095
vt 0.696093 0.599347
vt 0.685399 0.645627
vt 0.679000 0.670393
vt 0.669413 0.668324
vt 0.659994 0.655557
vt 0.636781 0.704182
vt 0.646105 0.704192
vt 0.554811 0.586884
vt 0.560823 0.614301
vt 0.570478 0.612247
vt 0.579957 0.599415
vt 0.591846 0.644884
vt 0.602359 0.670242
vt 0.611954 0.668210
vt 0.621423 0.655480
vt 0.627457 0.704173
vt 0.545422 0.586970
vt 0.724743 0.614362
vt 0.715323 0.612126
vt 0.705749 0.599478
vt 0.694755 0.645701
vt 0.688604 0.670529
vt 0.679014 0.668464
vt 0.669607 0.655694
vt 0.655429 0.704201
vt 0.637418 0.726642
vt 0.646962 0.726743
vt 0.551153 0.614387
vt 0.560809 0.612361
vt 0.570295 0.599548
vt 0.582491 0.644810
vt 0.592755 0.670345
vt 0.602352 0.668313
vt 0.611809 0.655579
vt 0.618133 0.704164
vt 0.627873 0.726649
vt 0.541506 0.614463
vt 0.725216 0.612387
vt 0.715397 0.599550
vt 0.704110 0.645775
vt 0.698211 0.670655
vt 0.688619 0.668601
vt 0.679214 0.655836
vt 0.664752 0.704210
vt 0.656531 0.726896
vt 0.637427 0.724744
vt 0.646974 0.724813
vt 0.551126 0.612449
vt 0.560637 0.599687
vt 0.573135 0.644736
vt 0.583150 0.670447
vt 0.592748 0.668416
vt 0.602202 0.655681
vt 0.608809 0.704154
vt 0.618304 0.726709
vt 0.627880 0.724720
vt 0.541388 0.612513
vt 0.724931 0.599139
vt 0.713465 0.645849
vt 0.707819 0.670751
vt 0.698227 0.668728
vt 0.688817 0.655980
vt 0.674076 0.704220
vt 0.666118 0.727064
vt 0.656548 0.724968
vt 0.637489 0.712085
vt 0.647139 0.712196
vt 0.550986 0.599831
vt 0.563780 0.644661
vt 0.573544 0.670545
vt 0.583143 0.668518
vt 0.592596 0.655784
vt 0.599485 0.704145
vt 0.608715 0.726782
vt 0.618305 0.724781
vt 0.627838 0.712101
vt 0.541366 0.599919
vt 0.722821 0.645924
vt 0.717405 0.670809
vt 0.707846 0.668826
vt 0.698418 0.656131
vt 0.683400 0.704229
vt 0.675713 0.727232
vt 0.666137 0.725136
vt 0.656762 0.712349
vt 0.636039 0.784003
vt 0.645394 0.783818
vt 0.554425 0.644587
vt 0.563935 0.670632
vt 0.573537 0.668617
vt 0.582992 0.655888
vt 0.590161 0.704135
vt 0.599120 0.726858
vt 0.608715 0.724855
vt 0.618215 0.712160
vt 0.626684 0.784189
vt 0.545069 0.644513
vt 0.726853 0.671130
vt 0.717497 0.668883
vt 0.708015 0.656287
vt 0.692725 0.704239
vt 0.685311 0.727396
vt 0.675733 0.725304
vt 0.666369 0.712515
vt 0.654749 0.783632
vt 0.644237 0.913819
vt 0.653750 0.913046
vt 0.554325 0.670692
vt 0.563926 0.668705
vt 0.573389 0.655995
vt 0.580837 0.704126
vt 0.589522 0.726932
vt 0.599119 0.724930
vt 0.608607 0.712231
vt 0.617328 0.784375
vt 0.616481 0.916607
vt 0.544736 0.670742
vt 0.727329 0.669168
vt 0.717604 0.656383
vt 0.702048 0.704248
vt 0.694911 0.727550
vt 0.685331 0.725469
vt 0.675969 0.712684
vt 0.664105 0.783446
vt 0.663549 0.912708
vt 0.643390 0.908918
vt 0.653267 0.908073
vt 0.554303 0.668766
vt 0.563789 0.656107
vt 0.571513 0.704117
vt 0.579922 0.727006
vt 0.589520 0.725005
vt 0.599005 0.712305
vt 0.607973 0.784561
vt 0.607249 0.914922
vt 0.617980 0.911513
vt 0.544624 0.668803
vt 0.727081 0.656001
vt 0.711372 0.704257
vt 0.704513 0.727674
vt 0.694933 0.725623
vt 0.685566 0.712856
vt 0.673460 0.783260
vt 0.673536 0.912647
vt 0.663324 0.907721
vt 0.641298 0.894014
vt 0.651905 0.893368
vt 0.554197 0.656224
vt 0.562189 0.704107
vt 0.570322 0.727076
vt 0.579921 0.725079
vt 0.589405 0.712380
vt 0.598618 0.784747
vt 0.597662 0.914021
vt 0.607988 0.909811
vt 0.620750 0.896172
vt 0.544636 0.656286
vt 0.720696 0.704267
vt 0.714093 0.727759
vt 0.704545 0.725750
vt 0.695161 0.713035
vt 0.682815 0.783074
vt 0.683632 0.912768
vt 0.673513 0.907658
vt 0.662602 0.893098
vt 0.639326 0.873535
vt 0.650569 0.873431
vt 0.552865 0.704098
vt 0.560719 0.727135
vt 0.570320 0.725149
vt 0.579807 0.712456
vt 0.589263 0.784933
vt 0.587867 0.913565
vt 0.598052 0.908821
vt 0.609900 0.894778
vt 0.623536 0.874972
vt 0.543541 0.704088
vt 0.723534 0.728107
vt 0.714190 0.725834
vt 0.704751 0.713219
vt 0.692170 0.782888
vt 0.693758 0.913036
vt 0.683781 0.907782
vt 0.673356 0.893071
vt 0.661840 0.873504
vt 0.638795 0.852913
vt 0.650269 0.853559
vt 0.551114 0.727167
vt 0.560716 0.725209
vt 0.570210 0.712534
vt 0.579908 0.785118
vt 0.577933 0.913404
vt 0.588048 0.908296
vt 0.599231 0.893875
vt 0.611750 0.874168
vt 0.624527 0.853333
vt 0.541531 0.727189
vt 0.724016 0.726148
vt 0.714333 0.713343
vt 0.701525 0.782703
vt 0.703830 0.913468
vt 0.694070 0.908052
vt 0.684143 0.893197
vt 0.673127 0.873653
vt 0.661714 0.854118
vt 0.640352 0.832222
vt 0.651414 0.833712
vt 0.551098 0.725242
vt 0.560615 0.712619
vt 0.570552 0.785304
vt 0.567909 0.913459
vt 0.577971 0.908090
vt 0.588671 0.893355
vt 0.600366 0.873700
vt 0.612207 0.853626
vt 0.622592 0.831534
vt 0.541425 0.725251
vt 0.723806 0.712988
vt 0.710881 0.782517
vt 0.713757 0.914140
vt 0.704316 0.908487
vt 0.694937 0.893440
vt 0.684421 0.873815
vt 0.673144 0.854529
vt 0.662492 0.834805
vt 0.644059 0.811771
vt 0.654181 0.813976
vt 0.551029 0.712708
vt 0.561197 0.785490
vt 0.557859 0.913699
vt 0.567836 0.908122
vt 0.578172 0.893130
vt 0.589272 0.873464
vt 0.600527 0.853910
vt 0.610714 0.833088
vt 0.618067 0.810048
vt 0.541473 0.712742
vt 0.720236 0.782331
vt 0.723418 0.915215
vt 0.714460 0.909167
vt 0.705710 0.893817
vt 0.695717 0.873959
vt 0.684567 0.854753
vt 0.673570 0.835497
vt 0.664348 0.815469
vt 0.648689 0.797003
vt 0.657574 0.799356
vt 0.551842 0.785676
vt 0.547850 0.914142
vt 0.557678 0.908361
vt 0.567676 0.893138
vt 0.578361 0.873388
vt 0.589267 0.854156
vt 0.599412 0.834234
vt 0.607278 0.812665
vt 0.612485 0.794455
vt 0.542487 0.785862
vt 0.732565 0.917073
vt 0.724450 0.910261
vt 0.716433 0.894400
vt 0.707010 0.874094
vt 0.695990 0.854769
vt 0.684642 0.835792
vt 0.674525 0.816352
vt 0.666580 0.800847
vt 0.650701 0.792273
vt 0.658932 0.794488
vt 0.537936 0.914852
vt 0.547537 0.908826
vt 0.557160 0.893352
vt 0.567520 0.873429
vt 0.578277 0.854344
vt 0.588504 0.835032
vt 0.596968 0.814549
vt 0.603280 0.797714
vt 0.609793 0.789472
vt 0.528189 0.915946
vt 0.734285 0.912139
vt 0.727069 0.895316
vt 0.718292 0.874265
vt 0.707421 0.854573
vt 0.695711 0.835686
vt 0.684698 0.816694
vt 0.675655 0.801707
vt 0.667437 0.795895
vt 0.717043 0.923956
vt 0.707918 0.922781
vt 0.537434 0.909588
vt 0.546610 0.893791
vt 0.556661 0.873566
vt 0.567390 0.854460
vt 0.577841 0.835525
vt 0.586926 0.815819
vt 0.594262 0.799901
vt 0.601662 0.792769
vt 0.725917 0.923958
vt 0.527379 0.910771
vt 0.737544 0.896676
vt 0.729553 0.874555
vt 0.718870 0.854179
vt 0.706779 0.835160
vt 0.694862 0.816508
vt 0.684756 0.802039
vt 0.676079 0.796712
vt 0.698264 0.921458
vt 0.717365 0.932515
vt 0.707792 0.931087
vt 0.535977 0.894508
vt 0.545700 0.873811
vt 0.556488 0.854490
vt 0.567277 0.835733
vt 0.577022 0.816573
vt 0.585241 0.801318
vt 0.593253 0.794882
vt 0.529487 0.929415
vt 0.520326 0.938808
vt 0.525219 0.895597
vt 0.740786 0.875091
vt 0.730353 0.853624
vt 0.717845 0.834188
vt 0.705008 0.815755
vt 0.693840 0.801862
vt 0.684769 0.797030
vt 0.688204 0.920537
vt 0.698017 0.929636
vt 0.716498 0.947171
vt 0.706775 0.944756
vt 0.534538 0.874201
vt 0.545464 0.854437
vt 0.556708 0.835654
vt 0.567172 0.816865
vt 0.576167 0.802145
vt 0.584625 0.796246
vt 0.538390 0.927924
vt 0.529625 0.937962
vt 0.521576 0.955070
vt 0.523064 0.874814
vt 0.741909 0.852975
vt 0.728897 0.832751
vt 0.715120 0.814346
vt 0.702864 0.801129
vt 0.693436 0.796869
vt 0.677905 0.920320
vt 0.688044 0.928668
vt 0.697311 0.942846
vt 0.712117 0.961576
vt 0.703937 0.958167
vt 0.534152 0.854308
vt 0.546033 0.835277
vt 0.557329 0.816707
vt 0.567076 0.802471
vt 0.575854 0.797043
vt 0.547759 0.926166
vt 0.538998 0.936223
vt 0.531225 0.952536
vt 0.527828 0.971120
vt 0.522407 0.854120
vt 0.739921 0.830846
vt 0.725166 0.812162
vt 0.711771 0.799708
vt 0.702010 0.796183
vt 0.667562 0.920920
vt 0.677946 0.928449
vt 0.687768 0.941670
vt 0.695527 0.955768
vt 0.706414 0.971410
vt 0.700105 0.967761
vt 0.535108 0.834572
vt 0.547444 0.816072
vt 0.558006 0.802314
vt 0.567030 0.797367
vt 0.557537 0.924690
vt 0.548527 0.934346
vt 0.540612 0.949899
vt 0.536002 0.966797
vt 0.536134 0.981603
vt 0.523785 0.833493
vt 0.735108 0.809120
vt 0.720475 0.797358
vt 0.710400 0.794861
vt 0.657385 0.922272
vt 0.667836 0.929085
vt 0.678179 0.941410
vt 0.687041 0.954374
vt 0.693178 0.965168
vt 0.700616 0.978145
vt 0.695924 0.974639
vt 0.537427 0.814894
vt 0.548986 0.801632
vt 0.558233 0.797236
vt 0.567601 0.923814
vt 0.558252 0.932828
vt 0.549947 0.947577
vt 0.544177 0.963214
vt 0.542040 0.976535
vt 0.544620 0.987915
vt 0.527147 0.813070
vt 0.728818 0.793686
vt 0.718466 0.792679
vt 0.647559 0.924110
vt 0.657832 0.930520
vt 0.668606 0.942143
vt 0.678529 0.954058
vt 0.686059 0.963713
vt 0.690608 0.972237
vt 0.690967 0.985229
vt 0.688793 0.982979
vt 0.540038 0.800324
vt 0.549537 0.796604
vt 0.577774 0.923677
vt 0.568139 0.931964
vt 0.559328 0.945882
vt 0.552441 0.960449
vt 0.548475 0.972611
vt 0.548277 0.983055
vt 0.557403 0.992568
vt 0.531100 0.798201
vt 0.725871 0.789151
vt 0.638215 0.925896
vt 0.648013 0.932522
vt 0.659110 0.943847
vt 0.670066 0.954852
vt 0.678874 0.963369
vt 0.684956 0.970881
vt 0.686031 0.981364
vt 0.570146 0.994000
vt 0.541004 0.795358
vt 0.587856 0.924233
vt 0.578100 0.931878
vt 0.568777 0.945014
vt 0.560810 0.958599
vt 0.555283 0.969740
vt 0.552940 0.979351
vt 0.558579 0.989686
vt 0.532707 0.793312
vt 0.615538 0.926091
vt 0.638367 0.934618
vt 0.649710 0.946391
vt 0.661736 0.956759
vt 0.671750 0.964137
vt 0.679178 0.970546
vt 0.682908 0.980419
vt 0.597652 0.925236
vt 0.588028 0.932527
vt 0.578269 0.945062
vt 0.569253 0.957745
vt 0.562331 0.967900
vt 0.558213 0.976683
vt 0.560659 0.987312
vt 0.607013 0.926168
vt 0.628802 0.936029
vt 0.640356 0.949537
vt 0.653618 0.959752
vt 0.664826 0.966025
vt 0.673457 0.971224
vt 0.679628 0.980158
vt 0.597848 0.933685
vt 0.587769 0.946007
vt 0.577718 0.957932
vt 0.569504 0.967100
vt 0.563848 0.975002
vt 0.563375 0.985529
vt 0.607557 0.934878
vt 0.630878 0.952943
vt 0.645777 0.963795
vt 0.658260 0.969051
vt 0.667975 0.972921
vt 0.676380 0.980581
vt 0.597270 0.947716
vt 0.586143 0.959168
vt 0.576688 0.967358
vt 0.569655 0.974293
vt 0.566498 0.984385
vt 0.606836 0.949931
vt 0.638252 0.968878
vt 0.652255 0.973263
vt 0.662948 0.975656
vt 0.673354 0.981673
vt 0.594472 0.961423
vt 0.583765 0.968693
vt 0.575470 0.974564
vt 0.569823 0.983904
vt 0.602664 0.964643
vt 0.647081 0.978760
vt 0.658664 0.979475
vt 0.670751 0.983408
vt 0.590597 0.971131
vt 0.581123 0.975834
vt 0.573159 0.984099
vt 0.597014 0.974719
vt 0.655558 0.984458
vt 0.668795 0.985730
vt 0.586417 0.978137
vt 0.576316 0.984970
vt 0.591085 0.981541
vt 0.667746 0.988539
vt 0.579088 0.986505
vt 0.581244 0.988666
vt 0.432557 0.077966
vt 0.399806 0.077771
vt 0.401251 0.059896
vt 0.437838 0.059953
vt 0.436284 0.078104
vt 0.431378 0.193919
vt 0.398573 0.193336
vt 0.387257 0.060026
vt 0.404732 0.042305
vt 0.450023 0.042592
vt 0.444315 0.061426
vt 0.154291 0.191408
vt 0.435794 0.209408
vt 0.399948 0.208417
vt 0.385743 0.193239
vt 0.387055 0.077802
vt 0.387459 0.042351
vt 0.408560 0.034135
vt 0.155352 0.056541
vt 0.160137 0.074817
vt 0.158036 0.191478
vt 0.402059 0.225146
vt 0.385569 0.208496
vt 0.372915 0.193043
vt 0.374308 0.077481
vt 0.373270 0.059577
vt 0.456970 0.044988
vt 0.387554 0.034065
vt 0.463188 0.033137
vt 0.143605 0.038717
vt 0.193080 0.075585
vt 0.190982 0.191878
vt 0.153252 0.206869
vt 0.149280 0.206733
vt 0.443353 0.225560
vt 0.340105 0.192879
vt 0.341561 0.076930
vt 0.370193 0.041911
vt 0.387750 0.016996
vt 0.408071 0.017106
vt 0.460827 0.020067
vt 0.189171 0.039765
vt 0.192154 0.057562
vt 0.189318 0.207005
vt 0.205900 0.075991
vt 0.203830 0.192168
vt 0.431090 0.253147
vt 0.385377 0.225366
vt 0.371196 0.208089
vt 0.335338 0.208261
vt 0.336381 0.192836
vt 0.255437 0.076618
vt 0.336691 0.058799
vt 0.324907 0.041162
vt 0.130642 0.028817
vt 0.471910 0.035489
vt 0.366553 0.033656
vt 0.367432 0.016641
vt 0.630393 0.139937
vt 0.651430 0.138903
vt 0.123427 0.016437
vt 0.707990 0.137453
vt 0.185562 0.031433
vt 0.206543 0.040320
vt 0.206224 0.058106
vt 0.187070 0.223653
vt 0.203548 0.207694
vt 0.218737 0.076046
vt 0.216670 0.192339
vt 0.145189 0.222804
vt 0.139206 0.222701
vt 0.152842 0.250777
vt 0.398112 0.253164
vt 0.368704 0.224766
vt 0.385062 0.252795
vt 0.249610 0.193118
vt 0.251685 0.076454
vt 0.263630 0.059885
vt 0.311962 0.031407
vt 0.314620 0.018405
vt 0.609341 0.139691
vt 0.630379 0.139152
vt 0.651385 0.138120
vt 0.715849 0.142923
vt 0.206692 0.031982
vt 0.203255 0.224010
vt 0.428786 0.271192
vt 0.425282 0.271136
vt 0.396182 0.270874
vt 0.327410 0.224234
vt 0.331385 0.208164
vt 0.257121 0.058361
vt 0.253840 0.208672
vt 0.276473 0.043424
vt 0.133400 0.015751
vt 0.186556 0.014317
vt 0.304714 0.019151
vt 0.552772 0.140402
vt 0.609356 0.138908
vt 0.630363 0.138317
vt 0.651390 0.137288
vt 0.557571 0.251251
vt 0.708157 0.136647
vt 0.206999 0.014806
vt 0.223923 0.040386
vt 0.220306 0.058066
vt 0.189732 0.251789
vt 0.156627 0.250788
vt 0.217792 0.207516
vt 0.422104 0.564588
vt 0.392025 0.564220
vt 0.372008 0.252865
vt 0.339037 0.252092
vt 0.269497 0.040968
vt 0.610232 0.251112
vt 0.291568 0.033961
vt 0.709346 0.254974
vt 0.609320 0.138077
vt 0.630126 0.125628
vt 0.651577 0.124607
vt 0.708364 0.135835
vt 0.557391 0.250495
vt 0.549633 0.256208
vt 0.629837 0.251517
vt 0.227446 0.015049
vt 0.227828 0.032189
vt 0.202757 0.251727
vt 0.219442 0.224235
vt 0.161787 0.269022
vt 0.152719 0.564252
vt 0.384858 0.270717
vt 0.430687 0.623600
vt 0.393478 0.623103
vt 0.381494 0.564102
vt 0.373532 0.270614
vt 0.267310 0.224997
vt 0.252678 0.252569
vt 0.261327 0.224886
vt 0.282806 0.031538
vt 0.610253 0.250384
vt 0.280514 0.018370
vt 0.702078 0.249824
vt 0.552572 0.139592
vt 0.552333 0.138788
vt 0.608652 0.125426
vt 0.682740 0.122958
vt 0.630048 0.121485
vt 0.651277 0.120597
vt 0.717163 0.141871
vt 0.649424 0.250725
vt 0.629830 0.250786
vt 0.191045 0.269664
vt 0.215772 0.252257
vt 0.156253 0.564327
vt 0.433996 0.682508
vt 0.393570 0.681987
vt 0.380821 0.622962
vt 0.344428 0.270208
vt 0.246613 0.270559
vt 0.702240 0.249075
vt 0.544297 0.145815
vt 0.710577 0.254006
vt 0.577450 0.124954
vt 0.608800 0.121388
vt 0.705094 0.123455
vt 0.706623 0.129798
vt 0.678069 0.119158
vt 0.647720 0.083471
vt 0.557177 0.249745
vt 0.610226 0.249609
vt 0.649389 0.249996
vt 0.629822 0.250009
vt 0.202430 0.269847
vt 0.213815 0.270074
vt 0.186525 0.564850
vt 0.248895 0.252444
vt 0.145875 0.623435
vt 0.141937 0.623347
vt 0.423732 0.772607
vt 0.394770 0.772211
vt 0.380146 0.681834
vt 0.370965 0.563979
vt 0.340890 0.563659
vt 0.702439 0.248321
vt 0.555133 0.126303
vt 0.553848 0.132701
vt 0.581972 0.120979
vt 0.610945 0.084164
vt 0.704222 0.119451
vt 0.629886 0.112935
vt 0.643763 0.083605
vt 0.671556 0.085990
vt 0.717231 0.123592
vt 0.559898 0.238154
vt 0.558643 0.244095
vt 0.580680 0.237105
vt 0.609716 0.237830
vt 0.649400 0.249222
vt 0.629703 0.238201
vt 0.197123 0.565043
vt 0.243087 0.270483
vt 0.183320 0.624037
vt 0.136690 0.682532
vt 0.144934 0.773512
vt 0.403909 0.875794
vt 0.379111 0.771959
vt 0.368164 0.622813
vt 0.330954 0.622457
vt 0.337378 0.563608
vt 0.700868 0.242690
vt 0.699497 0.236776
vt 0.543012 0.126906
vt 0.555852 0.122269
vt 0.587217 0.087588
vt 0.614899 0.084149
vt 0.715520 0.119990
vt 0.695547 0.087805
vt 0.642767 0.049969
vt 0.629872 0.112206
vt 0.642961 0.083654
vt 0.663646 0.055480
vt 0.541588 0.253146
vt 0.548612 0.238602
vt 0.584924 0.233449
vt 0.649679 0.237425
vt 0.609889 0.234075
vt 0.629665 0.234346
vt 0.237982 0.565798
vt 0.207720 0.565231
vt 0.196056 0.624270
vt 0.181485 0.683267
vt 0.140804 0.682594
vt 0.162807 0.877970
vt 0.366723 0.681679
vt 0.326295 0.681273
vt 0.678696 0.236139
vt 0.710791 0.236991
vt 0.535622 0.142611
vt 0.544584 0.123240
vt 0.563305 0.090313
vt 0.593961 0.056797
vt 0.614647 0.050404
vt 0.615701 0.084167
vt 0.708840 0.091702
vt 0.685155 0.061380
vt 0.628851 0.058162
vt 0.628866 0.058943
vt 0.629844 0.110753
vt 0.663529 0.051898
vt 0.727116 0.118089
vt 0.728686 0.121688
vt 0.737151 0.132740
vt 0.550109 0.235205
vt 0.560604 0.234407
vt 0.649434 0.233691
vt 0.612207 0.199466
vt 0.246233 0.625238
vt 0.208792 0.624495
vt 0.177606 0.773989
vt 0.148461 0.773529
vt 0.194992 0.683510
vt 0.185292 0.966986
vt 0.189793 0.981995
vt 0.363451 0.771851
vt 0.334488 0.771580
vt 0.327040 0.622394
vt 0.674380 0.232566
vt 0.698717 0.233047
vt 0.709185 0.233483
vt 0.729250 0.245679
vt 0.531491 0.125444
vt 0.532920 0.121837
vt 0.550173 0.094717
vt 0.572685 0.063517
vt 0.593938 0.053214
vt 0.700336 0.066596
vt 0.722190 0.092771
vt 0.684184 0.057530
vt 0.628704 0.050137
vt 0.642250 0.083696
vt 0.808300 0.134420
vt 0.642736 0.046331
vt 0.537904 0.237133
vt 0.745328 0.111997
vt 0.539268 0.233790
vt 0.567834 0.204740
vt 0.590103 0.202430
vt 0.646432 0.199122
vt 0.615886 0.199486
vt 0.629587 0.226389
vt 0.249178 0.684540
vt 0.208499 0.683752
vt 0.165348 0.877913
vt 0.193365 0.774198
vt 0.189390 0.980555
vt 0.376146 0.977032
vt 0.351927 0.875194
vt 0.241789 0.775247
vt 0.253291 0.684625
vt 0.690906 0.203535
vt 0.703244 0.207269
vt 0.720036 0.231961
vt 0.721466 0.235323
vt 0.514518 0.116376
vt 0.536871 0.096295
vt 0.557658 0.069440
vt 0.573505 0.059633
vt 0.614537 0.046831
vt 0.795438 0.156797
vt 0.700304 0.062838
vt 0.715747 0.069285
vt 0.742658 0.108703
vt 0.821320 0.156365
vt 0.808308 0.134869
vt 0.809053 0.180163
vt 0.654717 0.044131
vt 0.522195 0.228532
vt 0.752922 0.119999
vt 0.543186 0.210057
vt 0.555576 0.208714
vt 0.576812 0.179892
vt 0.596658 0.173848
vt 0.615932 0.168115
vt 0.642748 0.199215
vt 0.668594 0.201655
vt 0.616633 0.199509
vt 0.629580 0.225710
vt 0.238264 0.775137
vt 0.209122 0.774553
vt 0.217654 0.878847
vt 0.220563 0.878990
vt 0.681450 0.178862
vt 0.695532 0.183836
vt 0.715655 0.208369
vt 0.734604 0.223404
vt 0.736992 0.226408
vt 0.744030 0.233956
vt 0.517035 0.113000
vt 0.542408 0.072585
vt 0.557605 0.065568
vt 0.602444 0.045116
vt 0.796010 0.156782
vt 0.693793 0.039583
vt 0.554633 0.166691
vt 0.716050 0.065468
vt 0.737962 0.069239
vt 0.741281 0.088139
vt 0.628642 0.046528
vt 0.808553 0.149776
vt 0.808810 0.165379
vt 0.659299 0.027039
vt 0.524572 0.225416
vt 0.761128 0.100196
vt 0.762157 0.104420
vt 0.548560 0.188043
vt 0.562778 0.185261
vt 0.577613 0.176286
vt 0.596675 0.170513
vt 0.642081 0.167902
vt 0.642002 0.199254
vt 0.661479 0.173208
vt 0.629079 0.175427
vt 0.629086 0.176153
vt 0.629566 0.224359
vt 0.194788 0.967156
vt 0.680579 0.175271
vt 0.695532 0.180339
vt 0.709848 0.186462
vt 0.497461 0.109501
vt 0.498232 0.105183
vt 0.517612 0.092403
vt 0.520206 0.073438
vt 0.541961 0.068786
vt 0.548696 0.049578
vt 0.689659 0.158643
vt 0.657531 0.146652
vt 0.562765 0.181657
vt 0.542360 0.171460
vt 0.738938 0.065769
vt 0.812335 0.156998
vt 0.506327 0.221939
vt 0.507168 0.217931
vt 0.765081 0.111501
vt 0.525307 0.206249
vt 0.527895 0.188626
vt 0.548180 0.184504
vt 0.615857 0.164796
vt 0.661400 0.169876
vt 0.628997 0.167959
vt 0.843399 0.137150
vt 0.830070 0.159264
vt 0.710160 0.182913
vt 0.730517 0.186598
vt 0.733462 0.204210
vt 0.751854 0.215590
vt 0.752691 0.219561
vt 0.755143 0.226246
vt 0.519097 0.069973
vt 0.535564 0.054834
vt 0.805011 0.157119
vt 0.522454 0.175801
vt 0.759278 0.070933
vt 0.760095 0.085252
vt 0.781889 0.100605
vt 0.783283 0.105173
vt 0.526895 0.185391
vt 0.604669 0.163061
vt 0.641340 0.199287
vt 0.642076 0.164514
vt 0.843397 0.137599
vt 0.830642 0.159261
vt 0.843203 0.182918
vt 0.731450 0.183377
vt 0.476274 0.111032
vt 0.477498 0.106413
vt 0.498701 0.090248
vt 0.498971 0.075954
vt 0.514224 0.059715
vt 0.502634 0.182240
vt 0.760361 0.067540
vt 0.780605 0.094201
vt 0.486701 0.223220
vt 0.487870 0.218933
vt 0.507729 0.204066
vt 0.784067 0.109176
vt 0.508109 0.190769
vt 0.628959 0.164599
vt 0.855966 0.159370
vt 0.653265 0.162584
vt 0.843333 0.152514
vt 0.843266 0.168126
vt 0.750330 0.188340
vt 0.750987 0.201674
vt 0.771249 0.216442
vt 0.772439 0.220418
vt 0.773160 0.224145
vt 0.478542 0.099963
vt 0.497761 0.072568
vt 0.493003 0.066843
vt 0.507013 0.187607
vt 0.783576 0.080403
vt 0.780973 0.082981
vt 0.805263 0.106141
vt 0.488890 0.212940
vt 0.803537 0.107508
vt 0.802238 0.111038
vt 0.839638 0.159785
vt 0.751362 0.185190
vt 0.770015 0.210119
vt 0.457542 0.117571
vt 0.456129 0.114088
vt 0.454380 0.112785
vt 0.477830 0.088870
vt 0.475076 0.086305
vt 0.485764 0.200201
vt 0.482321 0.197725
vt 0.804567 0.101908
vt 0.469236 0.229201
vt 0.467930 0.225954
vt 0.466287 0.224730
vt 0.488311 0.202606
vt 0.802732 0.112859
vt 0.846966 0.159816
vt 0.772851 0.197303
vt 0.770418 0.199689
vt 0.792861 0.221324
vt 0.791277 0.222588
vt 0.790078 0.225875
vt 0.790560 0.227563
vt 0.454867 0.108528
vt 0.471359 0.083672
vt 0.805713 0.098300
vt 0.462610 0.220602
vt 0.462599 0.225143
vt 0.465378 0.228762
vt 0.466816 0.220774
vt 0.792282 0.217378
vt 0.794742 0.224551
vt 0.450209 0.113185
vt 0.450698 0.107261
vt 0.453613 0.104967
vt 0.465652 0.217449
vt 0.807745 0.097379
vt 0.793345 0.214030
vt 0.795229 0.213169
vt 0.651385 0.790755
vt 0.707937 0.922077
vt 0.659127 0.793817
vt 0.650992 0.791632
vt 0.609385 0.788819
vt 0.608887 0.787920
vt 0.698297 0.920757
vt 0.667562 0.795209
vt 0.601432 0.792068
vt 0.601117 0.791103
vt 0.688230 0.919839
vt 0.676143 0.796019
vt 0.593106 0.794161
vt 0.592899 0.793161
vt 0.677912 0.919621
vt 0.684775 0.796335
vt 0.584532 0.795508
vt 0.584402 0.794486
vt 0.667546 0.920221
vt 0.693384 0.796174
vt 0.575807 0.796299
vt 0.575739 0.795265
vt 0.657350 0.921572
vt 0.701893 0.795496
vt 0.567022 0.796623
vt 0.567010 0.795587
vt 0.647523 0.923406
vt 0.710208 0.794188
vt 0.558266 0.796497
vt 0.558312 0.795468
vt 0.638215 0.925185
vt 0.718175 0.792037
vt 0.549619 0.795872
vt 0.549730 0.794863
vt 0.615343 0.925380
vt 0.525085 0.789389
vt 0.541145 0.794647
vt 0.541343 0.793658
vt 0.606957 0.925457
vt 0.532933 0.792621
vt 0.787197 0.077636
vt 0.463737 0.216648
vt 0.806368 0.110442
vt 0.468827 0.230908
vt 0.809237 0.106466
vt 0.486084 0.226965
vt 0.764900 0.061638
vt 0.503797 0.228604
vt 0.599987 0.147277
vt 0.515320 0.236195
vt 0.568214 0.159844
vt 0.530323 0.247635
vt 0.406432 0.875925
vt 0.427237 0.772693
vt 0.438084 0.682566
vt 0.434601 0.623627
vt 0.725217 0.139001
vt 0.549156 0.255604
vt 0.425617 0.564617
vt 0.716670 0.142535
vt 0.123388 0.015623
vt 0.434850 0.253253
vt 0.158261 0.268971
vt 0.449299 0.225647
vt 0.439748 0.209402
vt 0.470715 0.021050
vt 0.121799 0.030926
vt 0.136546 0.040922
vt 0.435104 0.193960
vt 0.148793 0.057831
vt 0.156382 0.074846
vt 0.809080 0.101590
vt 0.743418 0.055332
vt 0.721911 0.051279
vt 0.708590 0.046525
vt 0.625759 0.737645
vt 0.627841 0.710174
vt 0.627482 0.679066
vt 0.631049 0.653465
vt 0.629467 0.619990
vt 0.628302 0.596847
vt 0.629689 0.560914
vt 0.627323 0.531363
vt 0.630328 0.495953
vt 0.628883 0.470696
vt 0.628135 0.433987
vt 0.629289 0.408109
vt 0.627033 0.354512
vt 0.634477 0.337191
vt 0.633743 0.309035
vt 0.629461 0.925863
vt 0.725428 0.788572
vt 0.524674 0.790031
vt 0.629316 0.926586
vt 0.703144 0.298798
vt 0.597319 0.028146
vt 0.376586 0.978461
vt 0.190279 0.980571
vt 0.377028 0.977042
vt 0.451559 0.104107
vt 0.776231 0.194746
vt 0.452480 0.116321
vt 0.796755 0.221567
vt 0.457089 0.119402
vt 0.755623 0.179729
vt 0.475632 0.115061
vt 0.495039 0.116757
vt 0.507220 0.124682
vt 0.563206 0.042070
vt 0.372062 0.963575
vt 0.349034 0.875250
vt 0.523459 0.136813
vt 0.330983 0.771586
vt 0.322207 0.681238
vt 0.250172 0.625291
vt 0.241516 0.565851
vt 0.381492 0.963683
vt 0.543779 0.145170
vt 0.718094 0.251403
vt 0.304670 0.018342
vt 0.710113 0.254620
vt 0.340923 0.270184
vt 0.335275 0.252111
vt 0.321464 0.224184
vt 0.257814 0.208678
vt 0.303188 0.033558
vt 0.290458 0.019423
vt 0.317906 0.043397
vt 0.330182 0.060123
vt 0.337830 0.076983
vt 0.253355 0.193182
vt 0.582559 0.991479
vt 0.735696 0.173700
vt 0.715723 0.169757
vt 0.703369 0.165224
vt 0.796122 0.216075
vt 0.594851 0.986275
vt 0.602998 0.979653
vt 0.610919 0.968779
vt 0.616554 0.952144
vt 0.616898 0.935338
vt 0.521968 0.794960
vt 0.516386 0.810479
vt 0.511880 0.831978
vt 0.509998 0.853904
vt 0.511160 0.875757
vt 0.514278 0.897167
vt 0.517309 0.912638
vt 0.532207 0.739504
vt 0.532155 0.710507
vt 0.531679 0.712467
vt 0.531919 0.725594
vt 0.534242 0.678972
vt 0.535305 0.654077
vt 0.534835 0.656040
vt 0.535113 0.669174
vt 0.535914 0.619247
vt 0.531973 0.597721
vt 0.531504 0.599698
vt 0.531820 0.612911
vt 0.535802 0.561775
vt 0.530890 0.531090
vt 0.530398 0.533063
vt 0.530556 0.546294
vt 0.536137 0.495407
vt 0.532123 0.471185
vt 0.531644 0.473168
vt 0.531907 0.486443
vt 0.533761 0.434487
vt 0.532325 0.408103
vt 0.531836 0.410088
vt 0.532032 0.423391
vt 0.731301 0.334990
vt 0.726196 0.426625
vt 0.721680 0.395484
vt 0.731772 0.333032
vt 0.731350 0.307995
vt 0.227452 0.014236
vt 0.280542 0.017558
vt 0.207013 0.013993
vt 0.290526 0.018611
vt 0.545133 0.146170
vt 0.186578 0.013504
vt 0.314616 0.017598
vt 0.133401 0.014938
vt 0.470777 0.020243
vt 0.550407 0.256546
vt 0.367449 0.015833
vt 0.460849 0.019260
vt 0.387759 0.016187
vt 0.408072 0.016298
vt 0.582070 0.300040
vt 0.575748 0.300105
vt 0.688900 0.298944
vt 0.681778 0.299017
vt 0.589192 0.299967
vt 0.603436 0.299821
vt 0.596314 0.299894
vt 0.674656 0.299090
vt 0.610558 0.299748
vt 0.617680 0.299675
vt 0.667534 0.299163
vt 0.660412 0.299236
vt 0.653290 0.299309
vt 0.614197 0.155045
vt 0.639046 0.299455
vt 0.650567 0.025428
vt 0.608011 0.145320
vt 0.624802 0.299601
vt 0.533240 0.791670
vt 0.597639 0.924530
vt 0.724873 0.787773
vt 0.525585 0.788503
vt 0.587841 0.923531
vt 0.717778 0.791163
vt 0.577741 0.922977
vt 0.709943 0.793270
vt 0.567545 0.923117
vt 0.701732 0.794555
vt 0.557463 0.923994
vt 0.693311 0.795223
vt 0.547680 0.925469
vt 0.684783 0.795381
vt 0.538329 0.927221
vt 0.676229 0.795069
vt 0.529487 0.928704
vt 0.667731 0.794270
vt 0.725729 0.923244
vt 0.659393 0.792898
vt 0.717011 0.923244
vt 0.541562 0.739318
vt 0.550917 0.739132
vt 0.719311 0.735787
vt 0.518858 0.917772
vt 0.560272 0.738946
vt 0.541566 0.710843
vt 0.551050 0.710784
vt 0.709956 0.735973
vt 0.723334 0.711057
vt 0.533131 0.786048
vt 0.569628 0.738760
vt 0.560618 0.710693
vt 0.700601 0.736159
vt 0.714231 0.711429
vt 0.578983 0.738575
vt 0.570209 0.710607
vt 0.691246 0.736345
vt 0.704746 0.711296
vt 0.588338 0.738389
vt 0.579805 0.710528
vt 0.543566 0.678982
vt 0.552890 0.678991
vt 0.681890 0.736530
vt 0.695176 0.711109
vt 0.720722 0.679160
vt 0.532386 0.727528
vt 0.597693 0.738203
vt 0.589404 0.710452
vt 0.562214 0.679000
vt 0.544723 0.654386
vt 0.554213 0.654300
vt 0.672535 0.736716
vt 0.685586 0.710929
vt 0.711398 0.679150
vt 0.726604 0.654069
vt 0.534217 0.704079
vt 0.607049 0.738017
vt 0.599004 0.710377
vt 0.571538 0.679010
vt 0.563787 0.654180
vt 0.663180 0.736902
vt 0.675989 0.710756
vt 0.702074 0.679141
vt 0.717496 0.654468
vt 0.616404 0.737831
vt 0.608606 0.710303
vt 0.580862 0.679019
vt 0.573383 0.654066
vt 0.653825 0.737088
vt 0.666388 0.710587
vt 0.692750 0.679132
vt 0.708004 0.654363
vt 0.618215 0.710233
vt 0.590186 0.679028
vt 0.582985 0.653959
vt 0.545269 0.619321
vt 0.554625 0.619396
vt 0.644469 0.737274
vt 0.656781 0.710422
vt 0.683426 0.679122
vt 0.698428 0.654204
vt 0.723021 0.620732
vt 0.535586 0.671107
vt 0.635114 0.737460
vt 0.599510 0.679038
vt 0.592589 0.653855
vt 0.563980 0.619470
vt 0.541449 0.598007
vt 0.550997 0.597894
vt 0.647156 0.710269
vt 0.674102 0.679113
vt 0.688831 0.654052
vt 0.713665 0.620658
vt 0.724446 0.597197
vt 0.535714 0.644439
vt 0.637499 0.710130
vt 0.608834 0.679047
vt 0.602195 0.653752
vt 0.573335 0.619544
vt 0.560629 0.597748
vt 0.664778 0.679103
vt 0.679228 0.653907
vt 0.704310 0.620584
vt 0.715283 0.597623
vt 0.618158 0.679057
vt 0.611802 0.653650
vt 0.582691 0.619618
vt 0.570284 0.597608
vt 0.655454 0.679094
vt 0.669621 0.653765
vt 0.694955 0.620509
vt 0.705733 0.597542
vt 0.621417 0.653552
vt 0.592046 0.619693
vt 0.579945 0.597474
vt 0.545190 0.561689
vt 0.554579 0.561603
vt 0.646130 0.679085
vt 0.660008 0.653628
vt 0.685599 0.620435
vt 0.696097 0.597408
vt 0.723576 0.560053
vt 0.532301 0.614855
vt 0.636806 0.679075
vt 0.601401 0.619767
vt 0.589608 0.597343
vt 0.563968 0.561517
vt 0.540373 0.531489
vt 0.549931 0.531490
vt 0.650376 0.653503
vt 0.676244 0.620361
vt 0.686441 0.597281
vt 0.714187 0.560139
vt 0.723556 0.532859
vt 0.536033 0.587056
vt 0.640713 0.653392
vt 0.610757 0.619841
vt 0.599272 0.597214
vt 0.573356 0.561430
vt 0.559574 0.531458
vt 0.666889 0.620287
vt 0.676779 0.597161
vt 0.704799 0.560225
vt 0.714379 0.533176
vt 0.620112 0.619915
vt 0.608938 0.597085
vt 0.582745 0.561344
vt 0.569240 0.531433
vt 0.657533 0.620212
vt 0.667113 0.597045
vt 0.695410 0.560311
vt 0.704821 0.532982
vt 0.618611 0.596960
vt 0.592134 0.561258
vt 0.578912 0.531415
vt 0.545556 0.495461
vt 0.554975 0.495516
vt 0.648178 0.620138
vt 0.657439 0.596933
vt 0.686021 0.560397
vt 0.695178 0.532732
vt 0.724518 0.496500
vt 0.531015 0.548245
vt 0.638823 0.620064
vt 0.601523 0.561172
vt 0.588586 0.531399
vt 0.564394 0.495571
vt 0.541640 0.471510
vt 0.551230 0.471436
vt 0.647748 0.596833
vt 0.676632 0.560483
vt 0.685514 0.532490
vt 0.715099 0.496445
vt 0.725452 0.471436
vt 0.535990 0.520769
vt 0.638025 0.596748
vt 0.610911 0.561086
vt 0.598261 0.531384
vt 0.573813 0.495625
vt 0.560906 0.471327
vt 0.667244 0.560569
vt 0.675843 0.532255
vt 0.705680 0.496391
vt 0.716247 0.471826
vt 0.620300 0.561000
vt 0.607938 0.531371
vt 0.583233 0.495680
vt 0.570604 0.471226
vt 0.657855 0.560656
vt 0.666169 0.532024
vt 0.696261 0.496336
vt 0.706654 0.471707
vt 0.617622 0.531361
vt 0.592651 0.495735
vt 0.580308 0.471131
vt 0.543198 0.434437
vt 0.552635 0.434387
vt 0.648466 0.560742
vt 0.656488 0.531797
vt 0.686842 0.496281
vt 0.696977 0.471534
vt 0.722509 0.433486
vt 0.532383 0.488397
vt 0.639077 0.560828
vt 0.602071 0.495789
vt 0.590015 0.471038
vt 0.562073 0.434337
vt 0.541861 0.408478
vt 0.551471 0.408453
vt 0.646789 0.531581
vt 0.677423 0.496227
vt 0.687278 0.471367
vt 0.713072 0.433536
vt 0.726054 0.409346
vt 0.533895 0.459900
vt 0.637057 0.531380
vt 0.611490 0.495844
vt 0.599722 0.470947
vt 0.571510 0.434287
vt 0.561168 0.408394
vt 0.668004 0.496172
vt 0.677574 0.471208
vt 0.703634 0.433586
vt 0.716828 0.409690
vt 0.620909 0.495899
vt 0.609432 0.470857
vt 0.580948 0.434237
vt 0.570887 0.408342
vt 0.658585 0.496117
vt 0.667865 0.471052
vt 0.694197 0.433636
vt 0.707217 0.409522
vt 0.619149 0.470771
vt 0.590385 0.434187
vt 0.580612 0.408296
vt 0.542097 0.355068
vt 0.551534 0.355006
vt 0.721408 0.353895
vt 0.532659 0.355130
vt 0.649166 0.496063
vt 0.658149 0.470900
vt 0.684760 0.433686
vt 0.697520 0.409298
vt 0.639747 0.496008
vt 0.599823 0.434137
vt 0.590339 0.408253
vt 0.560971 0.354944
vt 0.556489 0.338945
vt 0.546852 0.339143
vt 0.546275 0.311254
vt 0.555932 0.311074
vt 0.537344 0.339830
vt 0.702730 0.258492
vt 0.730767 0.306063
vt 0.537050 0.310846
vt 0.711971 0.353957
vt 0.648416 0.470761
vt 0.675322 0.433736
vt 0.687802 0.409081
vt 0.638650 0.470636
vt 0.609260 0.434087
vt 0.600067 0.408212
vt 0.570409 0.354883
vt 0.566220 0.338780
vt 0.565635 0.310826
vt 0.722062 0.334712
vt 0.721275 0.306801
vt 0.702533 0.354018
vt 0.665885 0.433787
vt 0.678078 0.408872
vt 0.618698 0.434037
vt 0.609797 0.408171
vt 0.579846 0.354821
vt 0.575973 0.338598
vt 0.575354 0.310579
vt 0.712443 0.334959
vt 0.711600 0.307092
vt 0.693095 0.354080
vt 0.656447 0.433837
vt 0.668350 0.408666
vt 0.619534 0.408134
vt 0.589284 0.354759
vt 0.585729 0.338394
vt 0.585078 0.310336
vt 0.702726 0.335289
vt 0.701885 0.307339
vt 0.683658 0.354142
vt 0.647010 0.433887
vt 0.658615 0.408464
vt 0.637572 0.433937
vt 0.598721 0.354698
vt 0.595484 0.338172
vt 0.594805 0.310092
vt 0.692983 0.335613
vt 0.692161 0.307594
vt 0.674221 0.354204
vt 0.648862 0.408274
vt 0.639076 0.408099
vt 0.608159 0.354636
vt 0.605238 0.337936
vt 0.604533 0.309842
vt 0.683230 0.335919
vt 0.682437 0.307854
vt 0.664783 0.354265
vt 0.617596 0.354574
vt 0.614990 0.337691
vt 0.614263 0.309583
vt 0.673473 0.336209
vt 0.672714 0.308110
vt 0.655346 0.354327
vt 0.624737 0.337440
vt 0.623998 0.309313
vt 0.663711 0.336487
vt 0.662992 0.308353
vt 0.645908 0.354389
vt 0.636471 0.354451
vt 0.653947 0.336774
vt 0.653265 0.308566
vt 0.644207 0.336955
vt 0.643505 0.308747
vt 0.856539 0.159378
vt 0.843201 0.183349
vt 0.617301 0.199530
vt 0.629098 0.177363
vt 0.809060 0.180594
vt 0.616419 0.084182
vt 0.821892 0.156361
vt 0.628890 0.060243
vt 0.560739 0.300271
vt 0.651153 0.145118
vt 0.648851 0.150353
vt 0.606845 0.032089
vt 0.643669 0.788236
vt 0.644218 0.787432
vt 0.521203 0.928965
vt 0.521054 0.929681
vt 0.643231 0.788818
vt 0.692251 0.987938
vt 0.679961 0.989666
vt 0.704235 0.982803
vt 0.712180 0.976374
vt 0.720124 0.965919
vt 0.726205 0.949767
vt 0.726996 0.933178
vt 0.640303 0.793381
vt 0.634080 0.808798
vt 0.629307 0.830366
vt 0.627234 0.852232
vt 0.628081 0.873962
vt 0.630801 0.895191
vt 0.633549 0.910538
vt 0.635107 0.915493
vn 0.000000 0.951057 -0.309017
vn 0.000000 0.809017 -0.587786
vn 0.000000 0.809017 -0.587786
vn 0.000000 0.951057 -0.309017
vn 0.000000 1.000000 0.000000
vn 0.000000 1.000000 0.000000
vn 1.000000 0.000000 0.000000
vn 1.000000 0.000000 0.000000
vn 1.000000 0.000000 0.000000
vn 1.000000 0.000000 0.000000
vn 0.000000 0.587785 -0.809017
vn 0.000000 0.587785 -0.809017
vn -1.000000 0.000000 0.000000
vn -1.000000 0.000000 0.000000
vn -1.000000 0.000000 0.000000
vn -1.000000 0.000000 0.000000
vn 0.000000 0.951056 0.309019
vn 0.000000 0.951056 0.309019
vn 1.000000 -0.000013 0.000000
vn 1.000000 -0.000013 0.000000
vn 1.000000 -0.000013 0.000000
vn 1.000000 -0.000013 0.000000
vn -1.000000 0.000030 0.000000
vn -1.000000 0.000030 0.000000
vn -1.000000 0.000030 0.000000
vn -1.000000 0.000030 0.000000
vn 0.000000 0.951056 -0.309018
vn 0.000000 0.951056 -0.309018
vn 0.000000 0.809017 -0.587786
vn 0.000000 0.809017 -0.587786
vn 1.000000 0.000000 0.000000
vn 1.000000 0.000000 0.000000
vn 1.000000 0.000000 0.000000
vn 1.000000 0.000000 0.000000
vn 0.000000 0.309017 -0.951057
vn 0.000000 0.309017 -0.951057
vn -1.000000 -0.000007 0.000000
vn -1.000000 -0.000007 0.000000
vn -1.000000 -0.000007 0.000000
vn -1.000000 -0.000007 0.000000
vn 0.000000 0.809016 -0.587786
vn 0.000000 0.809017 -0.587786
vn 0.000000 0.951056 -0.309017
vn 0.000000 0.951056 -0.309017
vn 0.000000 0.809017 0.587786
vn 0.000000 0.809017 0.587786
vn 1.000000 -0.000008 0.000000
vn 1.000000 -0.000008 0.000000
vn 1.000000 -0.000008 0.000000
vn 1.000000 -0.000008 0.000000
vn -1.000000 0.000000 0.000000
vn -1.000000 0.000000 0.000000
vn -1.000000 0.000000 0.000000
vn -1.000000 0.000000 0.000000
vn 0.000000 1.000000 0.000000
vn 0.000000 1.000000 0.000000
vn -1.000000 0.000000 0.000000
vn -1.000000 0.000000 0.000000
vn -1.000000 0.000000 0.000000
vn -1.000000 0.000000 0.000000
vn 0.000000 0.587785 -0.809017
vn 0.000000 0.587785 -0.809017
vn 1.000000 0.000000 0.000000
vn 1.000000 0.000000 0.000000
vn 1.000000 0.000000 0.000000
vn 1.000000 0.000000 0.000000
vn 0.000000 0.000000 -1.000000
vn 0.000000 0.000000 -1.000000
vn -1.000000 -0.000004 0.000000
vn -1.000000 -0.000004 0.000000
vn -1.000000 -0.000004 0.000000
vn -1.000000 -0.000004 0.000000
vn 0.000000 0.587786 0.809017
vn 0.000000 0.587786 0.809017
vn 1.000000 0.000009 0.000000
vn 1.000000 0.000009 0.000000
vn 1.000000 0.000009 0.000000
vn 1.000000 0.000009 0.000000
vn -1.000000 0.000000 0.000000
vn -1.000000 0.000000 0.000000
vn -1.000000 0.000000 0.000000
vn -1.000000 0.000000 0.000000
vn 0.000000 0.951056 0.309020
vn 0.000000 0.951056 0.309020
vn 0.000000 1.000000 0.000000
vn 0.000000 1.000000 0.000000
vn 0.000000 0.951056 0.309019
vn 0.000000 0.951056 0.309018
vn -1.000000 0.000022 0.000000
vn -1.000000 0.000022 0.000000
vn -1.000000 0.000022 0.000000
vn -1.000000 0.000022 0.000000
vn -1.000000 0.000000 0.000000
vn -1.000000 0.000000 0.000000
vn -1.000000 0.000000 0.000000
vn -1.000000 0.000000 0.000000
vn 0.000000 0.951056 -0.309018
vn 0.000000 0.951056 -0.309018
vn 0.000000 0.809016 -0.587787
vn 0.000000 0.809016 -0.587787
vn 0.000000 0.309017 -0.951056
vn 0.000000 0.309017 -0.951056
vn 1.000000 0.000004 0.000000
vn 1.000000 0.000004 0.000000
vn 1.000000 0.000004 0.000000
vn 1.000000 0.000004 0.000000
vn 0.000000 -0.309017 -0.951057
vn 0.000000 -0.309017 -0.951057
vn -1.000000 0.000004 0.000000
vn -1.000000 0.000004 0.000000
vn -1.000000 0.000004 0.000000
vn -1.000000 0.000004 0.000000
vn 0.000000 0.309017 0.951057
vn 0.000000 0.309017 0.951057
vn 1.000000 -0.000011 0.000000
vn 1.000000 -0.000011 0.000000
vn 1.000000 -0.000011 0.000000
vn 1.000000 -0.000011 0.000000
vn -1.000000 -0.000015 0.000000
vn -1.000000 -0.000015 0.000000
vn -1.000000 -0.000015 0.000000
vn -1.000000 -0.000015 0.000000
vn 0.000000 0.809016 0.587786
vn 0.000000 0.809016 0.587786
vn 0.000000 0.809016 0.587786
vn 0.000000 0.809016 0.587786
vn -1.000000 0.000009 0.000000
vn -1.000000 0.000009 0.000000
vn -1.000000 0.000009 0.000000
vn -1.000000 0.000009 0.000000
vn 0.000000 1.000000 0.000000
vn 0.000000 1.000000 0.000000
vn -1.000000 -0.000015 0.000000
vn -1.000000 -0.000015 0.000000
vn -1.000000 -0.000015 0.000000
vn -1.000000 -0.000015 0.000000
vn 0.000000 0.587785 -0.809017
vn 0.000000 0.587785 -0.809017
vn 1.000000 -0.000030 0.000000
vn 1.000000 -0.000030 0.000000
vn 1.000000 -0.000030 0.000000
vn 1.000000 -0.000030 0.000000
vn 0.000000 -0.000000 -1.000000
vn 0.000000 -0.000000 -1.000000
vn 1.000000 -0.000004 0.000000
vn 1.000000 -0.000004 0.000000
vn 1.000000 -0.000004 0.000000
vn 1.000000 -0.000004 0.000000
vn 0.000000 -0.587786 -0.809017
vn 0.000000 -0.587786 -0.809017
vn -1.000000 0.000000 0.000000
vn -1.000000 0.000000 0.000000
vn -1.000000 0.000000 0.000000
vn -1.000000 0.000000 0.000000
vn 0.000000 0.000000 1.000000
vn 0.000000 0.000000 1.000000
vn 1.000000 0.000000 0.000000
vn 1.000000 0.000000 0.000000
vn 1.000000 0.000000 0.000000
vn 1.000000 0.000000 0.000000
vn -1.000000 0.000000 0.000000
vn -1.000000 0.000000 0.000000
vn -1.000000 0.000000 0.000000
vn -1.000000 0.000000 0.000000
vn 0.000000 0.587786 0.809017
vn 0.000000 0.587786 0.809017
vn -1.000000 0.000015 0.000000
vn -1.000000 0.000015 0.000000
vn -1.000000 0.000015 0.000000
vn -1.000000 0.000015 0.000000
vn 0.000000 0.951056 0.309019
vn 0.000000 0.951056 0.309019
vn 1.000000 0.000017 0.000000
vn 1.000000 0.000017 0.000000
vn 1.000000 0.000017 0.000000
vn 1.000000 0.000017 0.000000
vn -1.000000 -0.000004 0.000000
vn -1.000000 -0.000004 0.000000
vn -1.000000 -0.000004 0.000000
vn -1.000000 -0.000004 0.000000
vn 0.000000 0.309017 -0.951057
vn 0.000000 0.309017 -0.951057
vn 1.000000 0.000000 0.000000
vn 1.000000 0.000000 0.000000
vn 1.000000 0.000000 0.000000
vn 1.000000 0.000000 0.000000
vn 0.000000 0.951056 -0.309018
vn 0.000000 0.951056 -0.309018
vn 0.000000 0.809016 -0.587787
vn 0.000000 0.809016 -0.587787
vn 0.000000 -0.309017 -0.951057
vn 0.000000 -0.309017 -0.951057
vn 1.000000 0.000000 0.000000
vn 1.000000 0.000000 0.000000
vn 1.000000 0.000000 0.000000
vn 1.000000 0.000000 0.000000
vn 0.000000 -0.809017 -0.587786
vn 0.000000 -0.809017 -0.587786
vn -1.000000 -0.000011 0.000000
vn -1.000000 -0.000011 0.000000
vn -1.000000 -0.000011 0.000000
vn -1.000000 -0.000011 0.000000
vn 0.000000 -0.000000 -1.000000
vn 0.000000 -0.309017 -0.951057
vn 0.000000 -0.309017 -0.951056
vn 0.000000 0.041046 -0.999157
vn 0.000000 -0.309017 0.951057
vn 0.000000 -0.309017 0.951057
vn 1.000000 0.000000 0.000000
vn 1.000000 0.000000 0.000000
vn 1.000000 0.000000 0.000000
vn 1.000000 0.000000 0.000000
vn -1.000000 0.000000 0.000000
vn -1.000000 0.000000 0.000000
vn -1.000000 0.000000 0.000000
vn -1.000000 0.000000 0.000000
vn 0.000000 0.309017 0.951056
vn 0.000000 0.309017 0.951056
vn -1.000000 0.000011 0.000000
vn -1.000000 0.000011 0.000000
vn -1.000000 0.000011 0.000000
vn -1.000000 0.000011 0.000000
vn 0.000000 0.809016 0.587787
vn 0.000000 0.809016 0.587787
vn 1.000000 -0.000009 0.000000
vn 1.000000 -0.000009 0.000000
vn 1.000000 -0.000009 0.000000
vn 1.000000 -0.000009 0.000000
vn 0.000000 1.000000 -0.000000
vn 0.000000 1.000000 -0.000000
vn -1.000000 0.000000 0.000000
vn -1.000000 0.000000 0.000000
vn -1.000000 0.000000 0.000000
vn -1.000000 0.000000 0.000000
vn 0.000000 0.000000 -1.000000
vn 0.000000 0.000000 -1.000000
vn 1.000000 0.000000 0.000000
vn 1.000000 0.000000 0.000000
vn 1.000000 0.000000 0.000000
vn 1.000000 0.000000 0.000000
vn 0.000000 0.587785 -0.809017
vn 0.000000 0.587785 -0.809017
vn -1.000000 0.000000 0.000000
vn -1.000000 0.000000 0.000000
vn -1.000000 0.000000 0.000000
vn -1.000000 0.000000 0.000000
vn 0.000000 -0.587786 -0.809017
vn 0.000000 -0.587786 -0.809017
vn 1.000000 0.000015 0.000000
vn 1.000000 0.000015 0.000000
vn 1.000000 0.000015 0.000000
vn 1.000000 0.000015 0.000000
vn 0.000000 -0.951056 -0.309018
vn 0.000000 -0.951056 -0.309018
vn -1.000000 -0.000004 0.000000
vn -1.000000 -0.000004 0.000000
vn -1.000000 -0.000004 0.000000
vn -1.000000 -0.000004 0.000000
vn 0.000000 -0.587786 0.809017
vn 0.000000 -0.587786 0.809017
vn 1.000000 0.000000 0.000000
vn 1.000000 0.000000 0.000000
vn 1.000000 0.000000 0.000000
vn 1.000000 0.000000 0.000000
vn -1.000000 0.000004 0.000000
vn -1.000000 0.000004 0.000000
vn -1.000000 0.000004 0.000000
vn -1.000000 0.000004 0.000000
vn 0.000000 0.000000 1.000000
vn 0.000000 0.000000 1.000000
vn -1.000000 -0.000015 0.000000
vn -1.000000 -0.000015 0.000000
vn -1.000000 -0.000015 0.000000
vn -1.000000 -0.000015 0.000000
vn 0.000000 0.587785 0.809018
vn 0.000000 0.587785 0.809018
vn 1.000000 0.000006 0.000000
vn 1.000000 0.000006 0.000000
vn 1.000000 0.000006 0.000000
vn 1.000000 0.000006 0.000000
vn 0.000000 0.951056 0.309019
vn 0.000000 0.951056 0.309019
vn -1.000000 -0.000006 0.000000
vn -1.000000 -0.000006 0.000000
vn -1.000000 -0.000006 0.000000
vn -1.000000 -0.000006 0.000000
vn -1.000000 0.000000 0.000000
vn -1.000000 0.000000 0.000000
vn -1.000000 0.000000 0.000000
vn -1.000000 0.000000 0.000000
vn 0.000000 -0.309017 -0.951057
vn 0.000000 -0.309017 -0.951057
vn 1.000000 0.000004 0.000000
vn 1.000000 0.000004 0.000000
vn 1.000000 0.000004 0.000000
vn 1.000000 0.000004 0.000000
vn 0.000000 0.309018 -0.951056
vn 0.000000 0.309018 -0.951056
vn -1.000000 0.000000 0.000000
vn -1.000000 0.000000 0.000000
vn -1.000000 0.000000 0.000000
vn -1.000000 0.000000 0.000000
vn 0.000000 0.951056 -0.309017
vn 0.000000 0.951056 -0.309017
vn 0.000000 0.809016 -0.587787
vn 0.000000 0.809016 -0.587787
vn 0.000000 -0.809017 -0.587786
vn 0.000000 -0.809017 -0.587786
vn 1.000000 -0.000030 0.000000
vn 1.000000 -0.000030 0.000000
vn 1.000000 -0.000030 0.000000
vn 1.000000 -0.000030 0.000000
vn 0.000000 -1.000000 0.000000
vn 0.000000 -1.000000 0.000000
vn -1.000000 -0.000011 0.000000
vn -1.000000 -0.000011 0.000000
vn -1.000000 -0.000011 0.000000
vn -1.000000 -0.000011 0.000000
vn 0.000000 -0.809017 0.587786
vn 0.000000 -0.809017 0.587786
vn 1.000000 0.000007 0.000000
vn 1.000000 0.000007 0.000000
vn 1.000000 0.000007 0.000000
vn 1.000000 0.000007 0.000000
vn -1.000000 0.000000 0.000000
vn -1.000000 0.000000 0.000000
vn -1.000000 0.000000 0.000000
vn -1.000000 0.000000 0.000000
vn 0.000000 -0.309017 0.951057
vn 0.000000 -0.309017 0.951057
vn 0.000000 0.000000 1.000000
vn 0.000000 0.000000 1.000000
vn 0.000000 -0.411555 0.911385
vn 0.000000 -0.309017 0.951057
vn -1.000000 -0.000007 0.000000
vn -1.000000 -0.000007 0.000000
vn -1.000000 -0.000007 0.000000
vn -1.000000 -0.000007 0.000000
vn 0.000000 0.309017 0.951057
vn 0.000000 0.309017 0.951057
vn 1.000000 0.000000 0.000000
vn 1.000000 0.000000 0.000000
vn 1.000000 0.000000 0.000000
vn 1.000000 0.000000 0.000000
vn 0.000000 0.809016 0.587786
vn 0.000000 0.809016 0.587786
vn -1.000000 0.000009 0.000000
vn -1.000000 0.000009 0.000000
vn -1.000000 0.000009 0.000000
vn -1.000000 0.000009 0.000000
vn 0.000000 1.000000 0.000000
vn 0.000000 1.000000 0.000000
vn -1.000000 0.000000 0.000000
vn -1.000000 0.000000 0.000000
vn -1.000000 0.000000 0.000000
vn -1.000000 0.000000 0.000000
vn 0.000000 -0.587785 -0.809017
vn 0.000000 -0.587785 -0.809017
vn 1.000000 0.000000 0.000000
vn 1.000000 0.000000 0.000000
vn 1.000000 0.000000 0.000000
vn 1.000000 0.000000 0.000000
vn 0.000000 0.000000 -1.000000
vn 0.000000 0.000000 -1.000000
vn -1.000000 0.000000 0.000000
vn -1.000000 0.000000 0.000000
vn -1.000000 0.000000 0.000000
vn -1.000000 0.000000 0.000000
vn 0.000000 0.587784 -0.809018
vn 0.000000 0.587784 -0.809018
vn 1.000000 0.000000 0.000000
vn 1.000000 0.000000 0.000000
vn 1.000000 0.000000 0.000000
vn 1.000000 0.000000 0.000000
vn 0.000000 -0.951056 -0.309017
vn 0.000000 -0.951056 -0.309017
vn 1.000000 0.000000 0.000000
vn 1.000000 0.000000 0.000000
vn 1.000000 0.000000 0.000000
vn 1.000000 0.000000 0.000000
vn 0.000000 -0.951056 0.309018
vn 0.000000 -0.951056 0.309018
vn -1.000000 -0.000002 0.000000
vn -1.000000 -0.000002 0.000000
vn -1.000000 -0.000002 0.000000
vn -1.000000 -0.000002 0.000000
vn 0.000000 -0.809017 -0.587785
vn 0.000000 -0.951056 -0.309017
vn 0.000000 -0.951056 -0.309017
vn 0.000000 -0.790772 -0.612111
vn 1.000000 -0.000007 0.000000
vn 1.000000 -0.000007 0.000000
vn 1.000000 -0.000007 0.000000
vn 1.000000 -0.000007 0.000000
vn -1.000000 -0.000015 0.000000
vn -1.000000 -0.000015 0.000000
vn -1.000000 -0.000015 0.000000
vn -1.000000 -0.000015 0.000000
vn 0.000000 -0.587786 0.809017
vn 0.000000 -0.587786 0.809017
vn -1.000000 0.000000 0.000000
vn -1.000000 0.000000 0.000000
vn -1.000000 0.000000 0.000000
vn -1.000000 0.000000 0.000000
vn 0.000000 0.000000 1.000000
vn 0.000000 0.000000 1.000000
vn 1.000000 0.000004 0.000000
vn 1.000000 0.000004 0.000000
vn 1.000000 0.000004 0.000000
vn 1.000000 0.000004 0.000000
vn 0.000000 0.587786 0.809017
vn 0.000000 0.587786 0.809017
vn -1.000000 -0.000015 0.000000
vn -1.000000 -0.000015 0.000000
vn -1.000000 -0.000015 0.000000
vn -1.000000 -0.000015 0.000000
vn 0.000000 0.951056 0.309019
vn 0.000000 0.951056 0.309019
vn 1.000000 -0.000004 0.000000
vn 1.000000 -0.000004 0.000000
vn 1.000000 -0.000004 0.000000
vn 1.000000 -0.000004 0.000000
vn -1.000000 0.000030 0.000000
vn -1.000000 0.000030 0.000000
vn -1.000000 0.000030 0.000000
vn -1.000000 0.000030 0.000000
vn 0.000000 -0.809017 -0.587785
vn 0.000000 -0.809017 -0.587785
vn 1.000000 -0.000015 0.000000
vn 1.000000 -0.000015 0.000000
vn 1.000000 -0.000015 0.000000
vn 1.000000 -0.000015 0.000000
vn 0.000000 -0.309017 -0.951057
vn 0.000000 -0.309017 -0.951057
vn -1.000000 -0.000004 0.000000
vn -1.000000 -0.000004 0.000000
vn -1.000000 -0.000004 0.000000
vn -1.000000 -0.000004 0.000000
vn 0.000000 0.309017 -0.951057
vn 0.000000 0.309017 -0.951057
vn 1.000000 0.000000 0.000000
vn 1.000000 0.000000 0.000000
vn 1.000000 0.000000 0.000000
vn 1.000000 0.000000 0.000000
vn 0.000000 0.951056 -0.309018
vn 0.000000 0.951056 -0.309018
vn 0.000000 0.809016 -0.587786
vn 0.000000 0.809016 -0.587786
vn 0.000000 -1.000000 0.000000
vn 0.000000 -1.000000 0.000000
vn 1.000000 -0.000030 0.000000
vn 1.000000 -0.000030 0.000000
vn 1.000000 -0.000030 0.000000
vn 1.000000 -0.000030 0.000000
vn -1.000000 -0.000008 0.000000
vn -1.000000 -0.000008 0.000000
vn -1.000000 -0.000008 0.000000
vn -1.000000 -0.000008 0.000000
vn 1.000000 0.000004 0.000000
vn 1.000000 0.000004 0.000000
vn 1.000000 0.000004 0.000000
vn 1.000000 0.000004 0.000000
vn -1.000000 0.000000 0.000000
vn -1.000000 0.000000 0.000000
vn -1.000000 0.000000 0.000000
vn -1.000000 0.000000 0.000000
vn 0.000000 -0.809016 0.587786
vn 0.000000 -0.809016 0.587786
vn -1.000000 -0.000007 0.000000
vn -1.000000 -0.000007 0.000000
vn -1.000000 -0.000007 0.000000
vn -1.000000 -0.000007 0.000000
vn 0.000000 -0.309016 0.951057
vn 0.000000 -0.309016 0.951057
vn 1.000000 0.000007 0.000000
vn 1.000000 0.000007 0.000000
vn 1.000000 0.000007 0.000000
vn 1.000000 0.000007 0.000000
vn 0.000000 0.309018 0.951056
vn 0.000000 0.309018 0.951056
vn -1.000000 -0.000011 0.000000
vn -1.000000 -0.000011 0.000000
vn -1.000000 -0.000011 0.000000
vn -1.000000 -0.000011 0.000000
vn 0.000000 0.809016 0.587787
vn 0.000000 0.809016 0.587787
vn 1.000000 -0.000039 0.000000
vn 1.000000 -0.000039 0.000000
vn 1.000000 -0.000039 0.000000
vn 1.000000 -0.000039 0.000000
vn 0.000000 1.000000 0.000000
vn 0.000000 1.000000 0.000000
vn -1.000000 0.000000 0.000000
vn -1.000000 0.000000 0.000000
vn -1.000000 0.000000 0.000000
vn -1.000000 0.000000 0.000000
vn 0.000000 -0.951056 -0.309017
vn 0.000000 -0.951056 -0.309017
vn 1.000000 0.000000 0.000000
vn 1.000000 0.000000 0.000000
vn 1.000000 0.000000 0.000000
vn 1.000000 0.000000 0.000000
vn 0.000000 -0.587786 -0.809017
vn 0.000000 -0.587786 -0.809017
vn -1.000000 -0.000004 0.000000
vn -1.000000 -0.000004 0.000000
vn -1.000000 -0.000004 0.000000
vn -1.000000 -0.000004 0.000000
vn 0.000000 0.000000 -1.000000
vn 0.000000 0.000000 -1.000000
vn 1.000000 0.000000 0.000000
vn 1.000000 0.000000 0.000000
vn 1.000000 0.000000 0.000000
vn 1.000000 0.000000 0.000000
vn 0.000000 0.587785 -0.809017
vn 0.000000 0.587785 -0.809017
vn -1.000000 -0.000030 0.000000
vn -1.000000 -0.000030 0.000000
vn -1.000000 -0.000030 0.000000
vn -1.000000 -0.000030 0.000000
vn 0.000000 -0.951056 0.309018
vn 0.000000 -0.951056 0.309018
vn 0.000000 -1.000000 0.000000
vn -0.001514 -0.947089 0.320967
vn 0.000000 -0.951056 0.309017
vn 0.000000 -0.999975 -0.007025
vn -0.001571 -0.810097 0.586294
vn 0.000000 -0.809017 0.587786
vn -1.000000 -0.000015 0.000000
vn -1.000000 -0.000015 0.000000
vn -1.000000 -0.000015 0.000000
vn -1.000000 -0.000015 0.000000
vn 0.000000 -0.587784 0.809018
vn 0.000000 -0.587784 0.809018
vn 1.000000 0.000000 0.000000
vn 1.000000 0.000000 0.000000
vn 1.000000 0.000000 0.000000
vn 1.000000 0.000000 0.000000
vn 0.000000 0.000000 1.000000
vn 0.000000 0.000000 1.000000
vn -1.000000 0.000007 0.000000
vn -1.000000 0.000007 0.000000
vn -1.000000 0.000007 0.000000
vn -1.000000 0.000007 0.000000
vn 0.000000 0.587785 0.809017
vn 0.000000 0.587785 0.809017
vn 1.000000 -0.000006 0.000000
vn 1.000000 -0.000006 0.000000
vn 1.000000 -0.000006 0.000000
vn 1.000000 -0.000006 0.000000
vn 0.000000 0.951056 0.309019
vn 0.000000 0.951056 0.309019
vn -1.000000 -0.000013 0.000000
vn -1.000000 -0.000013 0.000000
vn -1.000000 -0.000013 0.000000
vn -1.000000 -0.000013 0.000000
vn -1.000000 0.000000 0.000000
vn -1.000000 0.000000 0.000000
vn -1.000000 0.000000 0.000000
vn -1.000000 0.000000 0.000000
vn 0.000000 -1.000000 0.000000
vn 0.000000 -1.000000 0.000000
vn 1.000000 -0.000030 0.000000
vn 1.000000 -0.000030 0.000000
vn 1.000000 -0.000030 0.000000
vn 1.000000 -0.000030 0.000000
vn 0.000000 -0.809017 -0.587785
vn 0.000000 -0.809017 -0.587785
vn -1.000000 0.000000 0.000000
vn -1.000000 0.000000 0.000000
vn -1.000000 0.000000 0.000000
vn -1.000000 0.000000 0.000000
vn 0.000000 -0.309018 -0.951056
vn 0.000000 -0.309018 -0.951056
vn 1.000000 0.000000 0.000000
vn 1.000000 0.000000 0.000000
vn 1.000000 0.000000 0.000000
vn 1.000000 0.000000 0.000000
vn 0.000000 0.309017 -0.951057
vn 0.000000 0.309017 -0.951057
vn -1.000000 0.000000 0.000000
vn -1.000000 0.000000 0.000000
vn -1.000000 0.000000 0.000000
vn -1.000000 0.000000 0.000000
vn 0.000000 0.951056 -0.309018
vn 0.000000 0.951056 -0.309018
vn 0.000000 0.809017 -0.587785
vn 0.000000 0.809017 -0.587785
vn -1.000000 -0.000004 0.000000
vn -1.000000 -0.000004 0.000000
vn -1.000000 -0.000004 0.000000
vn -1.000000 -0.000004 0.000000
vn 0.000000 -0.809017 0.587786
vn 0.000000 -0.809017 0.587786
vn 1.000000 -0.000007 0.000000
vn 1.000000 -0.000007 0.000000
vn 1.000000 -0.000007 0.000000
vn 1.000000 -0.000007 0.000000
vn 0.000000 -0.309017 0.951057
vn 0.000000 -0.309017 0.951057
vn -1.000000 0.000000 0.000000
vn -1.000000 0.000000 0.000000
vn -1.000000 0.000000 0.000000
vn -1.000000 0.000000 0.000000
vn 0.000000 0.309017 0.951057
vn 0.000000 0.309017 0.951057
vn 1.000000 -0.000011 0.000000
vn 1.000000 -0.000011 0.000000
vn 1.000000 -0.000011 0.000000
vn 1.000000 -0.000011 0.000000
vn 0.000000 0.809016 0.587786
vn 0.000000 0.809016 0.587786
vn -1.000000 0.000010 0.000000
vn -1.000000 0.000010 0.000000
vn -1.000000 0.000010 0.000000
vn -1.000000 0.000010 0.000000
vn 0.000000 1.000000 0.000000
vn 0.000000 1.000000 0.000000
vn 0.000000 -0.951056 0.309017
vn 0.000000 -0.951056 0.309017
vn 1.000000 0.000000 0.000000
vn 1.000000 0.000000 0.000000
vn 1.000000 0.000000 0.000000
vn 1.000000 0.000000 0.000000
vn 0.000000 -0.951056 -0.309018
vn 0.000000 -0.951056 -0.309018
vn -1.000000 0.000015 0.000000
vn -1.000000 0.000015 0.000000
vn -1.000000 0.000015 0.000000
vn -1.000000 0.000015 0.000000
vn 0.000000 -0.587786 -0.809016
vn 0.000000 -0.587786 -0.809016
vn 1.000000 -0.000007 0.000000
vn 1.000000 -0.000007 0.000000
vn 1.000000 -0.000007 0.000000
vn 1.000000 -0.000007 0.000000
vn 0.000000 -0.000000 -1.000000
vn 0.000000 -0.000000 -1.000000
vn -1.000000 0.000015 0.000000
vn -1.000000 0.000015 0.000000
vn -1.000000 0.000015 0.000000
vn -1.000000 0.000015 0.000000
vn 0.000000 0.587785 -0.809017
vn 0.000000 0.587785 -0.809017
vn 1.000000 0.000000 0.000000
vn 1.000000 0.000000 0.000000
vn 1.000000 0.000000 0.000000
vn 1.000000 0.000000 0.000000
vn 1.000000 -0.000004 0.000000
vn 1.000000 -0.000004 0.000000
vn 1.000000 -0.000004 0.000000
vn 1.000000 -0.000004 0.000000
vn 0.000000 -0.587786 0.809017
vn 0.000000 -0.587786 0.809017
vn -1.000000 0.000000 0.000000
vn -1.000000 0.000000 0.000000
vn -1.000000 0.000000 0.000000
vn -1.000000 0.000000 0.000000
vn 0.000000 0.000000 1.000000
vn 0.000000 0.000000 1.000000
vn 1.000000 0.000007 0.000000
vn 1.000000 0.000007 0.000000
vn 1.000000 0.000007 0.000000
vn 1.000000 0.000007 0.000000
vn 0.000000 0.587786 0.809017
vn 0.000000 0.587786 0.809017
vn -1.000000 -0.000006 0.000000
vn -1.000000 -0.000006 0.000000
vn -1.000000 -0.000006 0.000000
vn -1.000000 -0.000006 0.000000
vn 0.000000 0.951056 0.309020
vn 0.000000 0.951056 0.309020
vn 1.000000 0.000000 0.000000
vn 1.000000 0.000000 0.000000
vn 1.000000 0.000000 0.000000
vn 1.000000 0.000000 0.000000
vn 1.000000 -0.000030 0.000000
vn 1.000000 -0.000030 0.000000
vn 1.000000 -0.000030 0.000000
vn 1.000000 -0.000030 0.000000
vn 0.000000 -1.000000 0.000000
vn 0.000000 -1.000000 0.000000
vn -1.000000 0.000000 0.000000
vn -1.000000 0.000000 0.000000
vn -1.000000 0.000000 0.000000
vn -1.000000 0.000000 0.000000
vn 0.000000 -0.809017 -0.587785
vn 0.000000 -0.809017 -0.587785
vn 1.000000 0.000000 0.000000
vn 1.000000 0.000000 0.000000
vn 1.000000 0.000000 0.000000
vn 1.000000 0.000000 0.000000
vn 0.000000 -0.309018 -0.951056
vn 0.000000 -0.309018 -0.951056
vn -1.000000 -0.000007 0.000000
vn -1.000000 -0.000007 0.000000
vn -1.000000 -0.000007 0.000000
vn -1.000000 -0.000007 0.000000
vn 0.000000 0.309017 -0.951057
vn 0.000000 0.309017 -0.951057
vn 1.000000 -0.000030 0.000000
vn 1.000000 -0.000030 0.000000
vn 1.000000 -0.000030 0.000000
vn 1.000000 -0.000030 0.000000
vn 0.000000 0.951057 -0.309016
vn 0.000000 0.951057 -0.309016
vn 0.000000 0.809016 -0.587786
vn 0.000000 0.809016 -0.587786
vn 1.000000 0.000000 0.000000
vn 1.000000 0.000000 0.000000
vn 1.000000 0.000000 0.000000
vn 1.000000 0.000000 0.000000
vn 0.000000 -0.809017 0.587785
vn 0.000000 -0.809017 0.587785
vn -1.000000 0.000000 0.000000
vn -1.000000 0.000000 0.000000
vn -1.000000 0.000000 0.000000
vn -1.000000 0.000000 0.000000
vn 0.000000 -0.309017 0.951057
vn 0.000000 -0.309017 0.951057
vn 1.000000 0.000000 0.000000
vn 1.000000 0.000000 0.000000
vn 1.000000 0.000000 0.000000
vn 1.000000 0.000000 0.000000
vn 0.000000 0.309017 0.951057
vn 0.000000 0.309017 0.951057
vn -1.000000 -0.000004 0.000000
vn -1.000000 -0.000004 0.000000
vn -1.000000 -0.000004 0.000000
vn -1.000000 -0.000004 0.000000
vn 0.000000 0.809016 0.587787
vn 0.000000 0.809016 0.587787
vn 1.000000 -0.000040 0.000000
vn 1.000000 -0.000040 0.000000
vn 1.000000 -0.000040 0.000000
vn 1.000000 -0.000040 0.000000
vn 0.000000 1.000000 0.000000
vn 0.000000 1.000000 0.000000
vn 0.000000 -0.951056 0.309018
vn 0.000000 -0.951056 0.309018
vn -1.000000 0.000000 0.000000
vn -1.000000 0.000000 0.000000
vn -1.000000 0.000000 0.000000
vn -1.000000 0.000000 0.000000
vn 0.000000 -0.951057 -0.309017
vn 0.000000 -0.951057 -0.309017
vn 1.000000 0.000000 0.000000
vn 1.000000 0.000000 0.000000
vn 1.000000 0.000000 0.000000
vn 1.000000 0.000000 0.000000
vn 0.000000 -0.587786 -0.809017
vn 0.000000 -0.587786 -0.809017
vn -1.000000 0.000004 0.000000
vn -1.000000 0.000004 0.000000
vn -1.000000 0.000004 0.000000
vn -1.000000 0.000004 0.000000
vn 0.000000 0.000000 -1.000000
vn 0.000000 0.000000 -1.000000
vn 1.000000 0.000015 0.000000
vn 1.000000 0.000015 0.000000
vn 1.000000 0.000015 0.000000
vn 1.000000 0.000015 0.000000
vn 0.000000 0.587785 -0.809018
vn 0.000000 0.587785 -0.809018
vn -1.000000 0.000030 0.000000
vn -1.000000 0.000030 0.000000
vn -1.000000 0.000030 0.000000
vn -1.000000 0.000030 0.000000
vn -1.000000 0.000007 0.000000
vn -1.000000 0.000007 0.000000
vn -1.000000 0.000007 0.000000
vn -1.000000 0.000007 0.000000
vn 0.000000 -0.587785 0.809017
vn 0.000000 -0.587785 0.809017
vn 1.000000 0.000007 0.000000
vn 1.000000 0.000007 0.000000
vn 1.000000 0.000007 0.000000
vn 1.000000 0.000007 0.000000
vn 0.000000 0.000000 1.000000
vn 0.000000 0.000000 1.000000
vn -1.000000 -0.000007 0.000000
vn -1.000000 -0.000007 0.000000
vn -1.000000 -0.000007 0.000000
vn -1.000000 -0.000007 0.000000
vn 0.000000 0.587785 0.809017
vn 0.000000 0.587785 0.809017
vn 1.000000 -0.000011 0.000000
vn 1.000000 -0.000011 0.000000
vn 1.000000 -0.000011 0.000000
vn 1.000000 -0.000011 0.000000
vn 0.000000 0.951056 0.309019
vn 0.000000 0.951056 0.309019
vn -1.000000 0.000007 0.000000
vn -1.000000 0.000007 0.000000
vn -1.000000 0.000007 0.000000
vn -1.000000 0.000007 0.000000
vn -1.000000 -0.000030 0.000000
vn -1.000000 -0.000030 0.000000
vn -1.000000 -0.000030 0.000000
vn -1.000000 -0.000030 0.000000
vn 0.000000 -1.000000 0.000000
vn 0.000000 -1.000000 0.000000
vn 1.000000 0.000030 0.000000
vn 1.000000 0.000030 0.000000
vn 1.000000 0.000030 0.000000
vn 1.000000 0.000030 0.000000
vn 0.000000 -0.809017 -0.587785
vn 0.000000 -0.809017 -0.587785
vn -1.000000 0.000000 0.000000
vn -1.000000 0.000000 0.000000
vn -1.000000 0.000000 0.000000
vn -1.000000 0.000000 0.000000
vn 0.000000 -0.309018 -0.951056
vn 0.000000 -0.309018 -0.951056
vn 1.000000 0.000004 0.000000
vn 1.000000 0.000004 0.000000
vn 1.000000 0.000004 0.000000
vn 1.000000 0.000004 0.000000
vn 0.000000 0.309017 -0.951057
vn 0.000000 0.309017 -0.951057
vn -1.000000 0.000000 0.000000
vn -1.000000 0.000000 0.000000
vn -1.000000 0.000000 0.000000
vn -1.000000 0.000000 0.000000
vn 0.000000 0.951056 -0.309018
vn 0.000000 0.951056 -0.309018
vn 0.000000 0.809016 -0.587787
vn 0.000000 0.809016 -0.587787
vn -1.000000 0.000018 0.000000
vn -1.000000 0.000018 0.000000
vn -1.000000 0.000018 0.000000
vn -1.000000 0.000018 0.000000
vn 0.000000 -0.809016 0.587786
vn 0.000000 -0.809016 0.587786
vn 1.000000 0.000015 0.000000
vn 1.000000 0.000015 0.000000
vn 1.000000 0.000015 0.000000
vn 1.000000 0.000015 0.000000
vn 0.000000 -0.309017 0.951056
vn 0.000000 -0.309017 0.951056
vn -1.000000 -0.000007 0.000000
vn -1.000000 -0.000007 0.000000
vn -1.000000 -0.000007 0.000000
vn -1.000000 -0.000007 0.000000
vn 0.000000 0.309017 0.951057
vn 0.000000 0.309017 0.951057
vn 1.000000 0.000018 0.000000
vn 1.000000 0.000018 0.000000
vn 1.000000 0.000018 0.000000
vn 1.000000 0.000018 0.000000
vn 0.000000 0.809016 0.587786
vn 0.000000 0.809016 0.587786
vn -1.000000 0.000011 0.000000
vn -1.000000 0.000011 0.000000
vn -1.000000 0.000011 0.000000
vn -1.000000 0.000011 0.000000
vn 0.000000 1.000000 0.000000
vn 0.000000 1.000000 0.000000
vn 0.000000 -0.951056 0.309018
vn 0.000000 -0.951056 0.309018
vn 1.000000 0.000000 0.000000
vn 1.000000 0.000000 0.000000
vn 1.000000 0.000000 0.000000
vn 1.000000 0.000000 0.000000
vn 0.000000 -0.951057 -0.309017
vn 0.000000 -0.951057 -0.309017
vn -1.000000 0.000030 0.000000
vn -1.000000 0.000030 0.000000
vn -1.000000 0.000030 0.000000
vn -1.000000 0.000030 0.000000
vn 0.000000 -0.587787 -0.809016
vn 0.000000 -0.587787 -0.809016
vn 1.000000 -0.000007 0.000000
vn 1.000000 -0.000007 0.000000
vn 1.000000 -0.000007 0.000000
vn 1.000000 -0.000007 0.000000
vn 0.000000 -0.000000 -1.000000
vn 0.000000 -0.000000 -1.000000
vn -1.000000 0.000000 0.000000
vn -1.000000 0.000000 0.000000
vn -1.000000 0.000000 0.000000
vn -1.000000 0.000000 0.000000
vn 0.000000 0.587785 -0.809017
vn 0.000000 0.587785 -0.809017
vn 1.000000 -0.000030 0.000000
vn 1.000000 -0.000030 0.000000
vn 1.000000 -0.000030 0.000000
vn 1.000000 -0.000030 0.000000
vn 1.000000 -0.000007 0.000000
vn 1.000000 -0.000007 0.000000
vn 1.000000 -0.000007 0.000000
vn 1.000000 -0.000007 0.000000
vn 0.000000 -0.587785 0.809017
vn 0.000000 -0.587785 0.809017
vn -1.000000 0.000000 0.000000
vn -1.000000 0.000000 0.000000
vn -1.000000 0.000000 0.000000
vn -1.000000 0.000000 0.000000
vn 0.000000 0.000000 1.000000
vn 0.000000 0.000000 1.000000
vn 1.000000 0.000007 0.000000
vn 1.000000 0.000007 0.000000
vn 1.000000 0.000007 0.000000
vn 1.000000 0.000007 0.000000
vn 0.000000 0.587786 0.809017
vn 0.000000 0.587786 0.809017
vn -1.000000 0.000006 0.000000
vn -1.000000 0.000006 0.000000
vn -1.000000 0.000006 0.000000
vn -1.000000 0.000006 0.000000
vn 0.000000 0.951056 0.309019
vn 0.000000 0.951056 0.309019
vn 1.000000 0.000002 0.000000
vn 1.000000 0.000002 0.000000
vn 1.000000 0.000002 0.000000
vn 1.000000 0.000002 0.000000
vn 1.000000 0.000000 0.000000
vn 1.000000 0.000000 0.000000
vn 1.000000 0.000000 0.000000
vn 1.000000 0.000000 0.000000
vn 0.000000 -1.000000 0.000000
vn 0.000000 -1.000000 0.000000
vn -1.000000 0.000000 0.000000
vn -1.000000 0.000000 0.000000
vn -1.000000 0.000000 0.000000
vn -1.000000 0.000000 0.000000
vn 0.000000 -0.809018 -0.587785
vn 0.000000 -0.809018 -0.587785
vn 1.000000 0.000000 0.000000
vn 1.000000 0.000000 0.000000
vn 1.000000 0.000000 0.000000
vn 1.000000 0.000000 0.000000
vn 0.000000 -0.309017 -0.951056
vn 0.000000 -0.309017 -0.951056
vn -1.000000 0.000004 0.000000
vn -1.000000 0.000004 0.000000
vn -1.000000 0.000004 0.000000
vn -1.000000 0.000004 0.000000
vn 0.000000 0.309017 -0.951056
vn 0.000000 0.309017 -0.951056
vn 1.000000 0.000000 0.000000
vn 1.000000 0.000000 0.000000
vn 1.000000 0.000000 0.000000
vn 1.000000 0.000000 0.000000
vn 0.000000 0.951057 -0.309017
vn 0.000000 0.951057 -0.309017
vn 0.000000 0.809017 -0.587786
vn 0.000000 0.809017 -0.587786
vn 1.000000 -0.000011 0.000000
vn 1.000000 -0.000011 0.000000
vn 1.000000 -0.000011 0.000000
vn 1.000000 -0.000011 0.000000
vn 0.000000 -0.809017 0.587785
vn 0.000000 -0.809017 0.587785
vn -1.000000 -0.000015 0.000000
vn -1.000000 -0.000015 0.000000
vn -1.000000 -0.000015 0.000000
vn -1.000000 -0.000015 0.000000
vn 0.000000 -0.309017 0.951057
vn 0.000000 -0.309017 0.951057
vn 1.000000 0.000000 0.000000
vn 1.000000 0.000000 0.000000
vn 1.000000 0.000000 0.000000
vn 1.000000 0.000000 0.000000
vn 0.000000 0.309017 0.951056
vn 0.000000 0.309017 0.951056
vn -1.000000 -0.000018 0.000000
vn -1.000000 -0.000018 0.000000
vn -1.000000 -0.000018 0.000000
vn -1.000000 -0.000018 0.000000
vn 0.000000 0.809016 0.587787
vn 0.000000 0.809016 0.587787
vn 1.000000 -0.000011 0.000000
vn 1.000000 -0.000011 0.000000
vn 1.000000 -0.000011 0.000000
vn 1.000000 -0.000011 0.000000
vn 0.000000 1.000000 0.000000
vn 0.000000 1.000000 0.000000
vn 0.000000 -0.951057 0.309017
vn 0.000000 -0.951057 0.309017
vn -1.000000 -0.000030 0.000000
vn -1.000000 -0.000030 0.000000
vn -1.000000 -0.000030 0.000000
vn -1.000000 -0.000030 0.000000
vn 0.000000 -0.951057 -0.309017
vn 0.000000 -0.951057 -0.309017
vn 1.000000 0.000030 0.000000
vn 1.000000 0.000030 0.000000
vn 1.000000 0.000030 0.000000
vn 1.000000 0.000030 0.000000
vn 0.000000 -0.587786 -0.809016
vn 0.000000 -0.587786 -0.809016
vn -1.000000 0.000007 0.000000
vn -1.000000 0.000007 0.000000
vn -1.000000 0.000007 0.000000
vn -1.000000 0.000007 0.000000
vn 0.000000 0.000000 -1.000000
vn 0.000000 0.000000 -1.000000
vn 1.000000 0.000000 0.000000
vn 1.000000 0.000000 0.000000
vn 1.000000 0.000000 0.000000
vn 1.000000 0.000000 0.000000
vn 0.000000 0.587785 -0.809017
vn 0.000000 0.587785 -0.809017
vn -1.000000 0.000030 0.000000
vn -1.000000 0.000030 0.000000
vn -1.000000 0.000030 0.000000
vn -1.000000 0.000030 0.000000
vn -1.000000 -0.000007 0.000000
vn -1.000000 -0.000007 0.000000
vn -1.000000 -0.000007 0.000000
vn -1.000000 -0.000007 0.000000
vn 0.000000 -0.587785 0.809017
vn 0.000000 -0.587785 0.809017
vn 1.000000 -0.000007 0.000000
vn 1.000000 -0.000007 0.000000
vn 1.000000 -0.000007 0.000000
vn 1.000000 -0.000007 0.000000
vn 0.000000 0.000000 1.000000
vn 0.000000 0.000000 1.000000
vn -1.000000 -0.000007 0.000000
vn -1.000000 -0.000007 0.000000
vn -1.000000 -0.000007 0.000000
vn -1.000000 -0.000007 0.000000
vn 0.000000 0.587785 0.809017
vn 0.000000 0.587785 0.809017
vn 1.000000 -0.000015 0.000000
vn 1.000000 -0.000015 0.000000
vn 1.000000 -0.000015 0.000000
vn 1.000000 -0.000015 0.000000
vn 0.000000 0.951056 0.309019
vn 0.000000 0.951056 0.309019
vn -1.000000 0.000002 0.000000
vn -1.000000 0.000002 0.000000
vn -1.000000 0.000002 0.000000
vn -1.000000 0.000002 0.000000
vn -1.000000 -0.000030 0.000000
vn -1.000000 -0.000030 0.000000
vn -1.000000 -0.000030 0.000000
vn -1.000000 -0.000030 0.000000
vn 0.000000 -1.000000 0.000000
vn 0.000000 -1.000000 0.000000
vn 1.000000 0.000000 0.000000
vn 1.000000 0.000000 0.000000
vn 1.000000 0.000000 0.000000
vn 1.000000 0.000000 0.000000
vn 0.000000 -0.809017 -0.587785
vn 0.000000 -0.809017 -0.587785
vn -1.000000 0.000000 0.000000
vn -1.000000 0.000000 0.000000
vn -1.000000 0.000000 0.000000
vn -1.000000 0.000000 0.000000
vn 0.000000 -0.309017 -0.951056
vn 0.000000 -0.309017 -0.951056
vn 1.000000 0.000000 0.000000
vn 1.000000 0.000000 0.000000
vn 1.000000 0.000000 0.000000
vn 1.000000 0.000000 0.000000
vn 0.000000 0.309017 -0.951057
vn 0.000000 0.309017 -0.951057
vn -1.000000 0.000000 0.000000
vn -1.000000 0.000000 0.000000
vn -1.000000 0.000000 0.000000
vn -1.000000 0.000000 0.000000
vn 0.000000 0.951056 -0.309017
vn 0.000000 0.951056 -0.309017
vn 0.000000 0.809016 -0.587787
vn 0.000000 0.809016 -0.587787
vn -1.000000 0.000026 0.000000
vn -1.000000 0.000026 0.000000
vn -1.000000 0.000026 0.000000
vn -1.000000 0.000026 0.000000
vn 0.000000 -0.809016 0.587787
vn 0.000000 -0.809016 0.587787
vn 1.000000 0.000015 0.000000
vn 1.000000 0.000015 0.000000
vn 1.000000 0.000015 0.000000
vn 1.000000 0.000015 0.000000
vn 0.000000 -0.309017 0.951056
vn 0.000000 -0.309017 0.951056
vn -1.000000 -0.000015 0.000000
vn -1.000000 -0.000015 0.000000
vn -1.000000 -0.000015 0.000000
vn -1.000000 -0.000015 0.000000
vn 0.000000 0.309017 0.951056
vn 0.000000 0.309017 0.951056
vn 1.000000 0.000004 0.000000
vn 1.000000 0.000004 0.000000
vn 1.000000 0.000004 0.000000
vn 1.000000 0.000004 0.000000
vn 0.000000 0.809016 0.587786
vn 0.000000 0.809016 0.587786
vn -1.000000 0.000011 0.000000
vn -1.000000 0.000011 0.000000
vn -1.000000 0.000011 0.000000
vn -1.000000 0.000011 0.000000
vn 0.000000 1.000000 0.000000
vn 0.000000 1.000000 0.000000
vn 0.000000 -0.951056 0.309018
vn 0.000000 -0.951056 0.309018
vn 1.000000 0.000000 0.000000
vn 1.000000 0.000000 0.000000
vn 1.000000 0.000000 0.000000
vn 1.000000 0.000000 0.000000
vn 0.000000 -0.951056 -0.309018
vn 0.000000 -0.951056 -0.309018
vn -1.000000 0.000000 0.000000
vn -1.000000 0.000000 0.000000
vn -1.000000 0.000000 0.000000
vn -1.000000 0.000000 0.000000
vn 0.000000 -0.587785 -0.809017
vn 0.000000 -0.587785 -0.809017
vn 1.000000 -0.000007 0.000000
vn 1.000000 -0.000007 0.000000
vn 1.000000 -0.000007 0.000000
vn 1.000000 -0.000007 0.000000
vn 0.000000 -0.000000 -1.000000
vn 0.000000 -0.000000 -1.000000
vn -1.000000 0.000015 0.000000
vn -1.000000 0.000015 0.000000
vn -1.000000 0.000015 0.000000
vn -1.000000 0.000015 0.000000
vn 0.000000 0.587785 -0.809017
vn 0.000000 0.587785 -0.809017
vn 1.000000 0.000030 0.000000
vn 1.000000 0.000030 0.000000
vn 1.000000 0.000030 0.000000
vn 1.000000 0.000030 0.000000
vn 1.000000 -0.000022 0.000000
vn 1.000000 -0.000022 0.000000
vn 1.000000 -0.000022 0.000000
vn 1.000000 -0.000022 0.000000
vn 0.000000 -0.587785 0.809017
vn 0.000000 -0.587785 0.809017
vn -1.000000 0.000007 0.000000
vn -1.000000 0.000007 0.000000
vn -1.000000 0.000007 0.000000
vn -1.000000 0.000007 0.000000
vn 0.000000 0.000000 1.000000
vn 0.000000 0.000000 1.000000
vn 1.000000 0.000000 0.000000
vn 1.000000 0.000000 0.000000
vn 1.000000 0.000000 0.000000
vn 1.000000 0.000000 0.000000
vn 0.000000 0.587786 0.809017
vn 0.000000 0.587786 0.809017
vn -1.000000 -0.000018 0.000000
vn -1.000000 -0.000018 0.000000
vn -1.000000 -0.000018 0.000000
vn -1.000000 -0.000018 0.000000
vn 0.000000 0.951056 0.309019
vn 0.000000 0.951056 0.309019
vn 1.000000 -0.000024 0.000000
vn 1.000000 -0.000024 0.000000
vn 1.000000 -0.000024 0.000000
vn 1.000000 -0.000024 0.000000
vn 1.000000 0.000000 0.000000
vn 1.000000 0.000000 0.000000
vn 1.000000 0.000000 0.000000
vn 1.000000 0.000000 0.000000
vn 0.000000 -1.000000 0.000000
vn 0.000000 -1.000000 0.000000
vn -1.000000 0.000000 0.000000
vn -1.000000 0.000000 0.000000
vn -1.000000 0.000000 0.000000
vn -1.000000 0.000000 0.000000
vn 0.000000 -0.809017 -0.587785
vn 0.000000 -0.809017 -0.587785
vn 1.000000 0.000000 0.000000
vn 1.000000 0.000000 0.000000
vn 1.000000 0.000000 0.000000
vn 1.000000 0.000000 0.000000
vn 0.000000 -0.309018 -0.951056
vn 0.000000 -0.309018 -0.951056
vn -1.000000 0.000000 0.000000
vn -1.000000 0.000000 0.000000
vn -1.000000 0.000000 0.000000
vn -1.000000 0.000000 0.000000
vn 0.000000 0.309017 -0.951056
vn 0.000000 0.309017 -0.951056
vn 1.000000 0.000030 0.000000
vn 1.000000 0.000030 0.000000
vn 1.000000 0.000030 0.000000
vn 1.000000 0.000030 0.000000
vn 0.000000 0.951057 -0.309016
vn 0.000000 0.951057 -0.309016
vn 0.000000 0.809016 -0.587786
vn 0.000000 0.809016 -0.587786
vn 1.000000 -0.000011 0.000000
vn 1.000000 -0.000011 0.000000
vn 1.000000 -0.000011 0.000000
vn 1.000000 -0.000011 0.000000
vn 0.000000 -0.809017 0.587786
vn 0.000000 -0.809017 0.587786
vn -1.000000 0.000007 0.000000
vn -1.000000 0.000007 0.000000
vn -1.000000 0.000007 0.000000
vn -1.000000 0.000007 0.000000
vn 0.000000 -0.309017 0.951056
vn 0.000000 -0.309017 0.951056
vn 1.000000 0.000000 0.000000
vn 1.000000 0.000000 0.000000
vn 1.000000 0.000000 0.000000
vn 1.000000 0.000000 0.000000
vn 0.000000 0.309017 0.951057
vn 0.000000 0.309017 0.951057
vn -1.000000 -0.000015 0.000000
vn -1.000000 -0.000015 0.000000
vn -1.000000 -0.000015 0.000000
vn -1.000000 -0.000015 0.000000
vn 0.000000 0.809016 0.587787
vn 0.000000 0.809016 0.587787
vn 1.000000 0.000018 0.000000
vn 1.000000 0.000018 0.000000
vn 1.000000 0.000018 0.000000
vn 1.000000 0.000018 0.000000
vn 0.000000 1.000000 0.000001
vn 0.000000 1.000000 0.000002
vn 0.000000 -0.951056 0.309018
vn 0.000000 -0.951056 0.309018
vn -1.000000 0.000000 0.000000
vn -1.000000 0.000000 0.000000
vn -1.000000 0.000000 0.000000
vn -1.000000 0.000000 0.000000
vn 0.000000 -0.951056 -0.309017
vn 0.000000 -0.951056 -0.309017
vn 1.000000 0.000000 0.000000
vn 1.000000 0.000000 0.000000
vn 1.000000 0.000000 0.000000
vn 1.000000 0.000000 0.000000
vn 0.000000 -0.587786 -0.809017
vn 0.000000 -0.587786 -0.809017
vn -1.000000 0.000000 0.000000
vn -1.000000 0.000000 0.000000
vn -1.000000 0.000000 0.000000
vn -1.000000 0.000000 0.000000
vn 0.000000 0.000000 -1.000000
vn 0.000000 0.000000 -1.000000
vn 1.000000 0.000000 0.000000
vn 1.000000 0.000000 0.000000
vn 1.000000 0.000000 0.000000
vn 1.000000 0.000000 0.000000
vn 0.000000 0.587785 -0.809018
vn 0.000000 0.587785 -0.809018
vn -1.000000 0.000000 -0.000006
vn -1.000000 0.000000 -0.000006
vn -1.000000 0.000000 -0.000006
vn -1.000000 0.000000 -0.000006
vn -1.000000 0.000007 0.000000
vn -1.000000 0.000007 0.000000
vn -1.000000 0.000007 0.000000
vn -1.000000 0.000007 0.000000
vn 0.000000 -0.587785 0.809017
vn 0.000000 -0.587785 0.809017
vn 1.000000 0.000007 0.000000
vn 1.000000 0.000007 0.000000
vn 1.000000 0.000007 0.000000
vn 1.000000 0.000007 0.000000
vn 0.000000 -0.000000 1.000000
vn 0.000000 -0.000000 1.000000
vn -1.000000 -0.000015 0.000000
vn -1.000000 -0.000015 0.000000
vn -1.000000 -0.000015 0.000000
vn -1.000000 -0.000015 0.000000
vn 0.000000 0.587785 0.809017
vn 0.000000 0.587785 0.809017
vn 1.000000 0.000007 0.000000
vn 1.000000 0.000007 0.000000
vn 1.000000 0.000007 0.000000
vn 1.000000 0.000007 0.000000
vn 0.000000 0.951056 0.309019
vn 0.000000 0.951056 0.309019
vn -1.000000 0.000004 0.000007
vn -1.000000 0.000004 0.000007
vn -1.000000 0.000004 0.000007
vn -1.000000 0.000004 0.000007
vn -1.000000 0.000030 0.000000
vn -1.000000 0.000030 0.000000
vn -1.000000 0.000030 0.000000
vn -1.000000 0.000030 0.000000
vn 0.000000 -1.000000 0.000000
vn 0.000000 -1.000000 0.000000
vn 1.000000 0.000030 0.000000
vn 1.000000 0.000030 0.000000
vn 1.000000 0.000030 0.000000
vn 1.000000 0.000030 0.000000
vn 0.000000 -0.809017 -0.587785
vn 0.000000 -0.809017 -0.587785
vn -1.000000 0.000015 0.000000
vn -1.000000 0.000015 0.000000
vn -1.000000 0.000015 0.000000
vn -1.000000 0.000015 0.000000
vn 0.000000 -0.309017 -0.951056
vn 0.000000 -0.309017 -0.951056
vn 1.000000 0.000000 0.000000
vn 1.000000 0.000000 0.000000
vn 1.000000 0.000000 0.000000
vn 1.000000 0.000000 0.000000
vn 0.000000 0.309017 -0.951057
vn 0.000000 0.309017 -0.951057
vn -1.000000 0.000000 0.000000
vn -1.000000 0.000000 0.000000
vn -1.000000 0.000000 0.000000
vn -1.000000 0.000000 0.000000
vn 0.000000 0.951056 -0.309019
vn 0.000000 0.951056 -0.309019
vn 0.000000 0.809016 -0.587786
vn 0.000000 0.809017 -0.587786
vn -1.000000 0.000011 0.000000
vn -1.000000 0.000011 0.000000
vn -1.000000 0.000011 0.000000
vn -1.000000 0.000011 0.000000
vn 0.000000 -0.809017 0.587785
vn 0.000000 -0.809017 0.587785
vn 1.000000 0.000015 0.000000
vn 1.000000 0.000015 0.000000
vn 1.000000 0.000015 0.000000
vn 1.000000 0.000015 0.000000
vn 0.000000 -0.309017 0.951057
vn 0.000000 -0.309017 0.951057
vn -1.000000 0.000000 0.000000
vn -1.000000 0.000000 0.000000
vn -1.000000 0.000000 0.000000
vn -1.000000 0.000000 0.000000
vn 0.000000 0.309017 0.951056
vn 0.000000 0.309017 0.951056
vn 1.000000 0.000015 0.000000
vn 1.000000 0.000015 0.000000
vn 1.000000 0.000015 0.000000
vn 1.000000 0.000015 0.000000
vn 0.000000 0.809017 0.587786
vn 0.000000 0.809017 0.587786
vn -1.000000 0.000012 0.000000
vn -1.000000 0.000012 0.000000
vn -1.000000 0.000012 0.000000
vn -1.000000 0.000012 0.000000
vn 0.000000 1.000000 -0.000000
vn 0.000000 1.000000 0.000000
vn 0.000000 -0.951057 0.309016
vn 0.000000 -0.951057 0.309016
vn 1.000000 -0.000030 0.000000
vn 1.000000 -0.000030 0.000000
vn 1.000000 -0.000030 0.000000
vn 1.000000 -0.000030 0.000000
vn 0.000000 -0.951057 -0.309017
vn 0.000000 -0.951057 -0.309017
vn -1.000000 0.000000 0.000000
vn -1.000000 0.000000 0.000000
vn -1.000000 0.000000 0.000000
vn -1.000000 0.000000 0.000000
vn 0.000000 -0.587785 -0.809017
vn 0.000000 -0.587785 -0.809017
vn 1.000000 -0.000007 0.000000
vn 1.000000 -0.000007 0.000000
vn 1.000000 -0.000007 0.000000
vn 1.000000 -0.000007 0.000000
vn 0.000000 -0.000000 -1.000000
vn 0.000000 -0.000000 -1.000000
vn -1.000000 -0.000030 0.000000
vn -1.000000 -0.000030 0.000000
vn -1.000000 -0.000030 0.000000
vn -1.000000 -0.000030 0.000000
vn 0.000000 0.587786 -0.809016
vn 0.000000 0.587786 -0.809016
vn 1.000000 0.000030 0.000000
vn 1.000000 0.000030 0.000000
vn 1.000000 0.000030 0.000000
vn 1.000000 0.000030 0.000000
vn 1.000000 -0.000015 0.000000
vn 1.000000 -0.000015 0.000000
vn 1.000000 -0.000015 0.000000
vn 1.000000 -0.000015 0.000000
vn 0.000000 -0.587785 0.809017
vn 0.000000 -0.587785 0.809017
vn -1.000000 0.000000 0.000000
vn -1.000000 0.000000 0.000000
vn -1.000000 0.000000 0.000000
vn -1.000000 0.000000 0.000000
vn 0.000000 0.000000 1.000000
vn 0.000000 0.000000 1.000000
vn 1.000000 0.000000 0.000000
vn 1.000000 0.000000 0.000000
vn 1.000000 0.000000 0.000000
vn 1.000000 0.000000 0.000000
vn 0.000000 0.587785 0.809017
vn 0.000000 0.587785 0.809017
vn -1.000000 0.000015 0.000000
vn -1.000000 0.000015 0.000000
vn -1.000000 0.000015 0.000000
vn -1.000000 0.000015 0.000000
vn 0.000000 0.951056 0.309020
vn 0.000000 0.951056 0.309020
vn 1.000000 0.000013 0.000000
vn 1.000000 0.000013 0.000000
vn 1.000000 0.000013 0.000000
vn 1.000000 0.000013 0.000000
vn 1.000000 0.000000 0.000000
vn 1.000000 0.000000 0.000000
vn 1.000000 0.000000 0.000000
vn 1.000000 0.000000 0.000000
vn 0.000000 -1.000000 0.000000
vn 0.000000 -1.000000 0.000000
vn -1.000000 0.000000 0.000000
vn -1.000000 0.000000 0.000000
vn -1.000000 0.000000 0.000000
vn -1.000000 0.000000 0.000000
vn 0.000000 -0.809017 -0.587785
vn 0.000000 -0.809017 -0.587785
vn 1.000000 0.000000 0.000000
vn 1.000000 0.000000 0.000000
vn 1.000000 0.000000 0.000000
vn 1.000000 0.000000 0.000000
vn 0.000000 -0.309017 -0.951057
vn 0.000000 -0.309017 -0.951057
vn -1.000000 0.000000 0.000000
vn -1.000000 0.000000 0.000000
vn -1.000000 0.000000 0.000000
vn -1.000000 0.000000 0.000000
vn 0.000000 0.309018 -0.951056
vn 0.000000 0.309018 -0.951056
vn 1.000000 -0.000030 0.000000
vn 1.000000 -0.000030 0.000000
vn 1.000000 -0.000030 0.000000
vn 1.000000 -0.000030 0.000000
vn 0.000000 0.951056 -0.309017
vn -0.066712 0.948938 -0.308329
vn -0.066712 0.807214 -0.586476
vn 0.000000 0.809016 -0.587786
vn 1.000000 -0.000011 0.000000
vn 1.000000 -0.000011 0.000000
vn 1.000000 -0.000011 0.000000
vn 1.000000 -0.000011 0.000000
vn 0.000000 -0.809017 0.587785
vn 0.000000 -0.809017 0.587785
vn -1.000000 0.000007 0.000000
vn -1.000000 0.000007 0.000000
vn -1.000000 0.000007 0.000000
vn -1.000000 0.000007 0.000000
vn 0.000000 -0.309017 0.951056
vn 0.000000 -0.309017 0.951056
vn 1.000000 0.000000 0.000000
vn 1.000000 0.000000 0.000000
vn 1.000000 0.000000 0.000000
vn 1.000000 0.000000 0.000000
vn 0.000000 0.309017 0.951057
vn 0.000000 0.309017 0.951057
vn -1.000000 0.000011 0.000000
vn -1.000000 0.000011 0.000000
vn -1.000000 0.000011 0.000000
vn -1.000000 0.000011 0.000000
vn 0.000000 0.809016 0.587787
vn 0.000000 0.809016 0.587787
vn 1.000000 -0.000012 0.000000
vn 1.000000 -0.000012 0.000000
vn 1.000000 -0.000012 0.000000
vn 1.000000 -0.000012 0.000000
vn 0.000000 1.000000 0.000000
vn -0.066713 0.997772 0.000000
vn 0.000000 -0.951057 0.309017
vn 0.000000 -0.951057 0.309017
vn -1.000000 0.000000 0.000000
vn -1.000000 0.000000 0.000000
vn -1.000000 0.000000 0.000000
vn -1.000000 0.000000 0.000000
vn 0.000000 -0.951056 -0.309017
vn 0.000000 -0.951056 -0.309017
vn 1.000000 -0.000030 0.000000
vn 1.000000 -0.000030 0.000000
vn 1.000000 -0.000030 0.000000
vn 1.000000 -0.000030 0.000000
vn 0.000000 -0.587785 -0.809017
vn 0.000000 -0.587785 -0.809017
vn -1.000000 0.000007 0.000000
vn -1.000000 0.000007 0.000000
vn -1.000000 0.000007 0.000000
vn -1.000000 0.000007 0.000000
vn 0.000000 0.000000 -1.000000
vn 0.000000 0.000000 -1.000000
vn 1.000000 0.000000 0.000000
vn 1.000000 0.000000 0.000000
vn 1.000000 0.000000 0.000000
vn 1.000000 0.000000 0.000000
vn -0.066712 0.586476 -0.807215
vn 0.000000 0.587785 -0.809017
vn -0.588920 0.768636 -0.249744
vn -0.588917 0.653845 -0.475041
vn -1.000000 0.000000 0.000000
vn -1.000000 0.000000 0.000000
vn -1.000000 0.000000 0.000000
vn -1.000000 0.000000 0.000000
vn 0.000000 -0.587785 0.809017
vn 0.000000 -0.587785 0.809017
vn 1.000000 0.000007 0.000000
vn 1.000000 0.000007 0.000000
vn 1.000000 0.000007 0.000000
vn 1.000000 0.000007 0.000000
vn 0.000000 0.000000 1.000000
vn 0.000000 0.000000 1.000000
vn -1.000000 -0.000015 0.000000
vn -1.000000 -0.000015 0.000000
vn -1.000000 -0.000015 0.000000
vn -1.000000 -0.000015 0.000000
vn 0.000000 0.587786 0.809017
vn 0.000000 0.587786 0.809017
vn 1.000000 -0.000002 0.000000
vn 1.000000 -0.000002 0.000000
vn 1.000000 -0.000002 0.000000
vn 1.000000 -0.000002 0.000000
vn 0.000000 0.951056 0.309019
vn -0.066713 0.948937 0.308330
vn -0.588921 0.808190 0.000000
vn -1.000000 0.000030 0.000000
vn -1.000000 0.000030 0.000000
vn -1.000000 0.000030 0.000000
vn -1.000000 0.000030 0.000000
vn 0.000000 -1.000000 0.000000
vn 0.000000 -1.000000 0.000000
vn 1.000000 0.000030 0.000000
vn 1.000000 0.000030 0.000000
vn 1.000000 0.000030 0.000000
vn 1.000000 0.000030 0.000000
vn 0.000000 -0.809017 -0.587785
vn 0.000000 -0.809017 -0.587785
vn -1.000000 0.000000 0.000000
vn -1.000000 0.000000 0.000000
vn -1.000000 0.000000 0.000000
vn -1.000000 0.000000 0.000000
vn 0.000000 -0.309018 -0.951056
vn 0.000000 -0.309018 -0.951056
vn 1.000000 0.000000 0.000000
vn 1.000000 0.000000 0.000000
vn 1.000000 0.000000 0.000000
vn 1.000000 0.000000 0.000000
vn -0.066713 0.308329 -0.948938
vn 0.000000 0.309017 -0.951057
vn -0.588919 0.475046 -0.653839
vn -0.120065 0.944177 -0.306782
vn -0.117669 0.944449 -0.306871
vn -0.117669 0.803396 -0.583703
vn -0.120065 0.803163 -0.583535
vn -1.000000 0.000015 0.000000
vn -1.000000 0.000015 0.000000
vn -1.000000 0.000015 0.000000
vn -1.000000 0.000015 0.000000
vn 0.000000 -0.809017 0.587785
vn 0.000000 -0.809017 0.587785
vn 1.000000 -0.000007 0.000000
vn 1.000000 -0.000007 0.000000
vn 1.000000 -0.000007 0.000000
vn 1.000000 -0.000007 0.000000
vn 0.000000 -0.309016 0.951057
vn 0.000000 -0.309016 0.951057
vn -1.000000 -0.000015 0.000000
vn -1.000000 -0.000015 0.000000
vn -1.000000 -0.000015 0.000000
vn -1.000000 -0.000015 0.000000
vn 0.000000 0.309018 0.951056
vn 0.000000 0.309018 0.951056
vn 1.000000 0.000007 0.000000
vn 1.000000 0.000007 0.000000
vn 1.000000 0.000007 0.000000
vn 1.000000 0.000007 0.000000
vn 0.000000 0.809016 0.587786
vn -0.066713 0.807214 0.586477
vn -0.588921 0.768635 0.249746
vn -0.120065 0.992766 -0.000000
vn -0.117669 0.993053 -0.000000
vn 0.000000 -0.951057 0.309016
vn 0.000000 -0.951057 0.309016
vn 1.000000 -0.000030 0.000000
vn 1.000000 -0.000030 0.000000
vn 1.000000 -0.000030 0.000000
vn 1.000000 -0.000030 0.000000
vn 0.000000 -0.951056 -0.309018
vn 0.000000 -0.951056 -0.309018
vn -1.000000 0.000000 0.000000
vn -1.000000 0.000000 0.000000
vn -1.000000 0.000000 0.000000
vn -1.000000 0.000000 0.000000
vn 0.000000 -0.587787 -0.809016
vn 0.000000 -0.587787 -0.809016
vn 1.000000 -0.000007 0.000000
vn 1.000000 -0.000007 0.000000
vn 1.000000 -0.000007 0.000000
vn 1.000000 -0.000007 0.000000
vn -0.066713 -0.000000 -0.997772
vn 0.000000 0.000000 -1.000000
vn -0.588921 0.249747 -0.768634
vn -0.117669 0.583702 -0.803397
vn -0.120065 0.583534 -0.803164
vn -0.089773 0.947216 -0.307769
vn -0.089773 0.805750 -0.585413
vn 1.000000 -0.000007 0.000000
vn 1.000000 -0.000007 0.000000
vn 1.000000 -0.000007 0.000000
vn 1.000000 -0.000007 0.000000
vn 0.000000 -0.587785 0.809017
vn 0.000000 -0.587785 0.809017
vn -1.000000 0.000007 0.000000
vn -1.000000 0.000007 0.000000
vn -1.000000 0.000007 0.000000
vn -1.000000 0.000007 0.000000
vn 0.000000 0.000000 1.000000
vn 0.000000 0.000000 1.000000
vn 1.000000 0.000000 0.000000
vn 1.000000 0.000000 0.000000
vn 1.000000 0.000000 0.000000
vn 1.000000 0.000000 0.000000
vn 0.000000 0.587785 0.809017
vn -0.066713 0.586476 0.807215
vn -0.588923 0.653836 0.475046
vn -0.120065 0.944176 0.306782
vn -0.117669 0.944449 0.306871
vn -0.089773 0.995962 -0.000000
vn 1.000000 0.000000 0.000000
vn 1.000000 0.000000 0.000000
vn 1.000000 0.000000 0.000000
vn 1.000000 0.000000 0.000000
vn 0.000000 -1.000000 0.000000
vn 0.000000 -1.000000 0.000000
vn -1.000000 0.000000 0.000000
vn -1.000000 0.000000 0.000000
vn -1.000000 0.000000 0.000000
vn -1.000000 0.000000 0.000000
vn 0.000000 -0.809017 -0.587786
vn 0.000000 -0.809017 -0.587786
vn 1.000000 0.000000 0.000000
vn 1.000000 0.000000 0.000000
vn 1.000000 0.000000 0.000000
vn 1.000000 0.000000 0.000000
vn -0.066713 -0.308329 -0.948938
vn 0.000000 -0.309018 -0.951056
vn -0.588921 -0.000000 -0.808191
vn -0.117669 0.306871 -0.944449
vn -0.120065 0.306782 -0.944176
vn -0.089774 0.585412 -0.805750
vn 0.000000 0.951057 -0.309016
vn -0.000000 0.809017 -0.587786
vn 1.000000 -0.000015 0.000000
vn 1.000000 -0.000015 0.000000
vn 1.000000 -0.000015 0.000000
vn 1.000000 -0.000015 0.000000
vn 0.000000 -0.809017 0.587785
vn 0.000000 -0.809017 0.587785
vn -1.000000 0.000000 0.000000
vn -1.000000 0.000000 0.000000
vn -1.000000 0.000000 0.000000
vn -1.000000 0.000000 0.000000
vn 0.000000 -0.309017 0.951057
vn 0.000000 -0.309017 0.951057
vn 1.000000 0.000000 0.000000
vn 1.000000 0.000000 0.000000
vn 1.000000 0.000000 0.000000
vn 1.000000 0.000000 0.000000
vn 0.000000 0.309017 0.951057
vn -0.066712 0.308329 0.948938
vn -0.588921 0.475042 0.653840
vn -0.120065 0.803164 0.583535
vn -0.117669 0.803396 0.583703
vn -0.089774 0.947216 0.307771
vn 0.000000 1.000000 -0.000000
vn 0.000000 -0.951056 0.309018
vn 0.000000 -0.951056 0.309018
vn -1.000000 -0.000030 0.000000
vn -1.000000 -0.000030 0.000000
vn -1.000000 -0.000030 0.000000
vn -1.000000 -0.000030 0.000000
vn 0.000000 -0.951056 -0.309018
vn 0.000000 -0.951056 -0.309018
vn 1.000000 0.000030 0.000000
vn 1.000000 0.000030 0.000000
vn 1.000000 0.000030 0.000000
vn 1.000000 0.000030 0.000000
vn -0.066712 -0.586475 -0.807215
vn 0.000000 -0.587785 -0.809017
vn -0.588921 -0.249745 -0.768635
vn -0.117669 -0.000000 -0.993053
vn -0.120065 -0.000000 -0.992766
vn -0.089774 0.307769 -0.947216
vn -0.000000 0.587786 -0.809017
vn 0.089773 0.947216 -0.307769
vn 0.089773 0.805750 -0.585413
vn -1.000000 -0.000015 0.000000
vn -1.000000 -0.000015 0.000000
vn -1.000000 -0.000015 0.000000
vn -1.000000 -0.000015 0.000000
vn 0.000000 -0.587785 0.809017
vn 0.000000 -0.587785 0.809017
vn 1.000000 0.000000 0.000000
vn 1.000000 0.000000 0.000000
vn 1.000000 0.000000 0.000000
vn 1.000000 0.000000 0.000000
vn 0.000000 0.000000 1.000000
vn -0.066713 0.000000 0.997772
vn -0.588920 0.249748 0.768634
vn -0.120065 0.583533 0.803165
vn -0.117669 0.583702 0.803397
vn -0.089774 0.805749 0.585414
vn -0.000000 0.951056 0.309019
vn 0.089773 0.995962 0.000000
vn -1.000000 0.000000 0.000000
vn -1.000000 0.000000 0.000000
vn -1.000000 0.000000 0.000000
vn -1.000000 0.000000 0.000000
vn 0.000000 -1.000000 0.000000
vn 0.000000 -1.000000 0.000000
vn 1.000000 0.000000 0.000000
vn 1.000000 0.000000 0.000000
vn 1.000000 0.000000 0.000000
vn 1.000000 0.000000 0.000000
vn -0.066712 -0.807214 -0.586477
vn 0.000000 -0.809016 -0.587786
vn -0.588922 -0.475039 -0.653842
vn -0.117669 -0.306870 -0.944449
vn -0.120065 -0.306782 -0.944177
vn -0.089774 -0.000000 -0.995962
vn -0.000000 0.309017 -0.951056
vn 0.089773 0.585412 -0.805750
vn 0.161472 0.938576 -0.304961
vn 0.161472 0.798400 -0.580073
vn -1.000000 0.000011 0.000000
vn -1.000000 0.000011 0.000000
vn -1.000000 0.000011 0.000000
vn -1.000000 0.000011 0.000000
vn 0.000000 -0.809016 0.587787
vn 0.000000 -0.809016 0.587787
vn 1.000000 -0.000007 0.000000
vn 1.000000 -0.000007 0.000000
vn 1.000000 -0.000007 0.000000
vn 1.000000 -0.000007 0.000000
vn 0.000000 -0.309017 0.951056
vn -0.066713 -0.308329 0.948938
vn -0.588921 0.000003 0.808191
vn -0.120065 0.306781 0.944177
vn -0.117669 0.306870 0.944449
vn -0.089774 0.585412 0.805750
vn -0.000000 0.809016 0.587787
vn 0.089773 0.947216 0.307770
vn 0.161472 0.986877 0.000000
vn 0.000000 -0.951056 0.309018
vn 0.000000 -0.951056 0.309018
vn 1.000000 0.000000 0.000000
vn 1.000000 0.000000 0.000000
vn 1.000000 0.000000 0.000000
vn 1.000000 0.000000 0.000000
vn -0.066713 -0.948938 -0.308329
vn 0.000000 -0.951056 -0.309017
vn -0.588919 -0.653842 -0.475042
vn -0.117669 -0.583703 -0.803396
vn -0.120065 -0.583534 -0.803164
vn -0.089774 -0.307770 -0.947216
vn -0.000000 -0.000000 -1.000000
vn 0.089773 0.307770 -0.947216
vn 0.161472 0.580071 -0.798401
vn 0.228803 0.925829 -0.300817
vn 0.228803 0.787557 -0.572192
vn 1.000000 -0.000007 0.000000
vn 1.000000 -0.000007 0.000000
vn 1.000000 -0.000007 0.000000
vn 1.000000 -0.000007 0.000000
vn 0.000000 -0.587785 0.809017
vn -0.066713 -0.586475 0.807215
vn -0.588921 -0.249743 0.768635
vn -0.120065 -0.000000 0.992766
vn -0.117669 0.000000 0.993053
vn -0.089774 0.307770 0.947216
vn 0.000000 0.587786 0.809017
vn 0.089773 0.805749 0.585413
vn 0.161472 0.938576 0.304962
vn 0.228803 0.973473 -0.000000
vn 1.000000 0.000000 0.000000
vn 1.000000 0.000000 0.000000
vn 1.000000 0.000000 0.000000
vn 1.000000 0.000000 0.000000
vn -0.066713 -0.997772 -0.000000
vn 0.000000 -1.000000 0.000000
vn -0.588921 -0.768636 -0.249744
vn -0.117669 -0.803397 -0.583702
vn -0.120065 -0.803165 -0.583533
vn -0.089774 -0.585413 -0.805750
vn -0.000000 -0.309018 -0.951056
vn 0.089773 -0.000000 -0.995962
vn 0.161472 0.304962 -0.938576
vn 0.228803 0.572192 -0.787556
vn 0.639850 0.730886 -0.237481
vn 0.639850 0.730886 -0.237481
vn 0.639849 0.621730 -0.451713
vn 0.639849 0.621730 -0.451713
vn 1.000000 -0.000022 0.000000
vn 1.000000 -0.000022 0.000000
vn 1.000000 -0.000022 0.000000
vn 1.000000 -0.000022 0.000000
vn 0.000000 -0.809016 0.587786
vn -0.066712 -0.807214 0.586477
vn -0.588922 -0.475039 0.653842
vn -0.120065 -0.306781 0.944177
vn -0.117669 -0.306870 0.944450
vn -0.089774 0.000000 0.995962
vn 0.000000 0.309017 0.951056
vn 0.089773 0.585411 0.805751
vn 0.161472 0.798400 0.580073
vn 0.228803 0.925828 0.300820
vn 0.639849 0.768501 0.000000
vn 0.639849 0.768501 0.000000
vn -0.066712 -0.948938 0.308329
vn 0.000000 -0.951056 0.309017
vn -0.588919 -0.808192 -0.000000
vn -0.117669 -0.944449 -0.306870
vn -0.120065 -0.944177 -0.306781
vn -0.089774 -0.805750 -0.585412
vn 0.000000 -0.587786 -0.809016
vn 0.089773 -0.307770 -0.947216
vn 0.161472 0.000000 -0.986877
vn 0.228803 0.300819 -0.925828
vn 0.639848 0.451714 -0.621731
vn 0.639848 0.451714 -0.621731
vn 0.658873 0.715437 -0.232456
vn 0.658873 0.715437 -0.232455
vn 0.658870 0.608596 -0.442155
vn 0.658870 0.608597 -0.442154
vn -0.588921 -0.653838 0.475044
vn -0.120065 -0.583534 0.803164
vn -0.117669 -0.583701 0.803397
vn -0.089774 -0.307769 0.947216
vn 0.000000 0.000000 1.000000
vn 0.089773 0.307769 0.947216
vn 0.161472 0.580071 0.798401
vn 0.228803 0.787556 0.572193
vn 0.639848 0.730888 0.237481
vn 0.639848 0.730888 0.237482
vn 0.658892 0.752238 0.000000
vn 0.658892 0.752238 0.000000
vn -0.588917 -0.768639 0.249742
vn -0.117669 -0.993053 0.000000
vn -0.120065 -0.992766 0.000000
vn -0.089774 -0.947216 -0.307771
vn 0.000000 -0.809017 -0.587786
vn 0.089773 -0.585413 -0.805750
vn 0.161472 -0.304963 -0.938576
vn 0.228803 0.000000 -0.973473
vn 0.639848 0.237481 -0.730888
vn 0.639848 0.237481 -0.730888
vn 0.658879 0.442168 -0.608577
vn 0.658879 0.442170 -0.608576
vn -0.365838 0.885128 -0.287595
vn -0.245778 0.921884 -0.299538
vn -0.245778 0.784201 -0.569756
vn -0.365839 0.752933 -0.547041
vn -0.120065 -0.803165 0.583533
vn -0.117669 -0.803397 0.583702
vn -0.089774 -0.585412 0.805750
vn 0.000000 -0.309017 0.951057
vn 0.089773 0.000000 0.995962
vn 0.161472 0.304962 0.938576
vn 0.228803 0.572194 0.787555
vn 0.639849 0.621731 0.451713
vn 0.639849 0.621731 0.451713
vn 0.658893 0.715415 0.232467
vn 0.658893 0.715416 0.232466
vn -0.365839 0.930678 -0.000000
vn -0.245777 0.969326 -0.000000
vn -0.117669 -0.944449 0.306871
vn -0.120065 -0.944176 0.306783
vn -0.089774 -0.995962 -0.000000
vn 0.000000 -0.951056 -0.309019
vn 0.089773 -0.805750 -0.585412
vn 0.161472 -0.580073 -0.798400
vn 0.228803 -0.300821 -0.925827
vn 0.639848 -0.000003 -0.768502
vn 0.639848 -0.000003 -0.768502
vn 0.658880 0.232457 -0.715430
vn 0.658880 0.232458 -0.715430
vn -0.245777 0.569756 -0.784201
vn -0.365837 0.547041 -0.752934
vn -0.000000 0.951057 -0.309016
vn -0.000000 0.809018 -0.587785
vn -0.089774 -0.805750 0.585413
vn -0.000000 -0.587786 0.809017
vn 0.089773 -0.307769 0.947216
vn 0.161472 0.000000 0.986877
vn 0.228803 0.300819 0.925828
vn 0.639848 0.451714 0.621731
vn 0.639848 0.451715 0.621731
vn 0.658873 0.608585 0.442165
vn 0.658873 0.608586 0.442164
vn -0.365840 0.885126 0.287598
vn -0.245777 0.921884 0.299540
vn 0.000000 1.000000 0.000000
vn -0.089774 -0.947216 0.307770
vn -0.000000 -1.000000 -0.000000
vn 0.089773 -0.947216 -0.307770
vn 0.161472 -0.798401 -0.580071
vn 0.228802 -0.572195 -0.787555
vn 0.639848 -0.237478 -0.730889
vn 0.639848 -0.237478 -0.730889
vn 0.658878 0.000000 -0.752250
vn 0.658878 0.000000 -0.752250
vn -0.245777 0.299538 -0.921884
vn -0.365837 0.287597 -0.885128
vn 0.000000 0.587786 -0.809017
vn 0.294485 0.908883 -0.295313
vn 0.294486 0.773142 -0.561720
vn 0.000000 -0.809017 0.587786
vn 0.089774 -0.585411 0.805751
vn 0.161472 -0.304962 0.938576
vn 0.228803 0.000000 0.973473
vn 0.639848 0.237481 0.730889
vn 0.639847 0.237481 0.730889
vn 0.658879 0.442162 0.608582
vn 0.658879 0.442160 0.608583
vn -0.365838 0.752933 0.547042
vn -0.245778 0.784201 0.569757
vn 0.000000 0.951056 0.309019
vn 0.294486 0.955656 0.000000
vn -0.000000 -0.951056 0.309018
vn 0.089773 -0.995962 -0.000000
vn 0.161472 -0.938576 -0.304962
vn 0.228803 -0.787557 -0.572192
vn 0.639848 -0.451714 -0.621730
vn 0.639848 -0.451714 -0.621730
vn 0.658879 -0.232441 -0.715436
vn 0.658879 -0.232442 -0.715436
vn -0.245777 0.000000 -0.969326
vn -0.365837 -0.000001 -0.930679
vn 0.000000 0.309017 -0.951057
vn 0.294486 0.561720 -0.773142
vn 0.469298 0.839820 -0.272876
vn 0.469297 0.714394 -0.519039
vn 0.089773 -0.805750 0.585413
vn 0.161472 -0.580071 0.798401
vn 0.228803 -0.300819 0.925828
vn 0.639847 0.000000 0.768502
vn 0.639848 0.000000 0.768502
vn 0.658880 0.232445 0.715435
vn 0.658880 0.232444 0.715435
vn -0.365838 0.547039 0.752935
vn -0.245778 0.569756 0.784201
vn 0.000000 0.809017 0.587785
vn 0.294486 0.908882 0.295317
vn 0.469300 0.883039 0.000000
vn 0.089773 -0.947216 0.307771
vn 0.161472 -0.986877 -0.000000
vn 0.228803 -0.925828 -0.300818
vn 0.639846 -0.621734 -0.451712
vn 0.639846 -0.621734 -0.451712
vn 0.658876 -0.442160 -0.608587
vn 0.658876 -0.442158 -0.608588
vn -0.245777 -0.299538 -0.921884
vn -0.365838 -0.287596 -0.885128
vn 0.000000 0.000001 -1.000000
vn 0.294486 0.295315 -0.908882
vn 0.469298 0.519037 -0.714395
vn 0.697097 0.681886 -0.221556
vn 0.825201 0.537195 -0.174544
vn 0.825201 0.456965 -0.332003
vn 0.697097 0.580049 -0.421426
vn 0.161472 -0.798400 0.580073
vn 0.228803 -0.572193 0.787556
vn 0.639847 -0.237483 0.730888
vn 0.639847 -0.237483 0.730888
vn 0.658876 0.000000 0.752252
vn 0.658876 0.000000 0.752252
vn -0.365837 0.287598 0.885127
vn -0.245777 0.299538 0.921884
vn 0.000000 0.587787 0.809016
vn 0.294486 0.773141 0.561721
vn 0.469298 0.839820 0.272879
vn 0.697096 0.716978 -0.000000
vn 0.825202 0.564839 -0.000000
vn 0.161472 -0.938576 0.304962
vn 0.228803 -0.973473 -0.000000
vn 0.639855 -0.730881 -0.237482
vn 0.639855 -0.730882 -0.237482
vn 0.658879 -0.608580 -0.442164
vn 0.658879 -0.608580 -0.442164
vn -0.245777 -0.569755 -0.784202
vn -0.365838 -0.547039 -0.752935
vn -0.000000 -0.309017 -0.951056
vn 0.294486 0.000000 -0.955656
vn 0.469299 0.272876 -0.839820
vn 0.825201 0.332005 -0.456964
vn 0.697097 0.421431 -0.580045
vn 0.970531 0.229182 -0.074466
vn 0.970734 0.194392 -0.141024
vn 0.228803 -0.787556 0.572192
vn 0.639846 -0.451719 0.621729
vn 0.639846 -0.451719 0.621728
vn 0.658875 -0.232463 0.715434
vn 0.658875 -0.232462 0.715434
vn -0.365837 0.000002 0.930679
vn -0.245777 0.000001 0.969326
vn -0.000000 0.309016 0.951057
vn 0.294487 0.561721 0.773141
vn 0.469297 0.714394 0.519039
vn 0.697096 0.681887 0.221556
vn 0.825201 0.537194 0.174545
vn 0.971075 0.238773 0.000203
vn 0.228803 -0.925828 0.300819
vn 0.639850 -0.768500 -0.000001
vn 0.639850 -0.768500 -0.000001
vn 0.658895 -0.715413 -0.232467
vn 0.658895 -0.715413 -0.232466
vn -0.245777 -0.784201 -0.569757
vn -0.365838 -0.752934 -0.547040
vn -0.000000 -0.587786 -0.809017
vn 0.294486 -0.295313 -0.908883
vn 0.469298 0.000000 -0.883040
vn 0.825201 0.174549 -0.537193
vn 0.697098 0.221558 -0.681884
vn 0.970220 0.142383 -0.195961
vn 0.639847 -0.621733 0.451713
vn 0.639847 -0.621733 0.451713
vn 0.658870 -0.442175 0.608582
vn 0.658870 -0.442177 0.608580
vn -0.365838 -0.287596 0.885128
vn -0.245777 -0.299538 0.921884
vn -0.000000 -0.000001 1.000000
vn 0.294486 0.295314 0.908883
vn 0.469299 0.519038 0.714394
vn 0.697096 0.580049 0.421427
vn 0.825201 0.456964 0.332004
vn 0.970907 0.227736 0.073997
vn 0.639844 -0.730893 0.237478
vn 0.639844 -0.730893 0.237478
vn 0.658885 -0.752244 -0.000001
vn 0.658885 -0.752244 -0.000001
vn -0.245777 -0.921884 -0.299538
vn -0.365837 -0.885129 -0.287595
vn -0.000000 -0.809017 -0.587785
vn 0.294486 -0.561721 -0.773142
vn 0.469298 -0.272873 -0.839821
vn 0.825202 -0.000001 -0.564838
vn 0.697098 -0.000002 -0.716976
vn 0.970518 0.074555 -0.229206
vn 0.658866 -0.608598 0.442158
vn 0.658866 -0.608598 0.442158
vn -0.365837 -0.547040 0.752934
vn -0.245777 -0.569756 0.784201
vn -0.000000 -0.309017 0.951056
vn 0.294486 -0.000001 0.955656
vn 0.469299 0.272875 0.839820
vn 0.697097 0.421430 0.580046
vn 0.825201 0.332002 0.456965
vn 0.971408 0.191979 0.139682
vn 0.658873 -0.715436 0.232458
vn 0.658873 -0.715436 0.232458
vn -0.245777 -0.969326 0.000000
vn -0.365838 -0.930679 0.000000
vn 0.000000 -0.951057 -0.309016
vn 0.294485 -0.773143 -0.561719
vn 0.469299 -0.519035 -0.714395
vn 0.825201 -0.174553 -0.537192
vn 0.697099 -0.221560 -0.681883
vn 0.970101 0.000000 -0.242700
vn -0.365838 -0.752935 0.547039
vn -0.245777 -0.784201 0.569757
vn -0.000000 -0.587785 0.809017
vn 0.294486 -0.295316 0.908882
vn 0.469298 0.000000 0.883040
vn 0.697099 0.221553 0.681885
vn 0.825201 0.174548 0.537194
vn 0.971208 0.140026 0.192740
vn -0.245778 -0.921884 0.299539
vn -0.365839 -0.885127 0.287596
vn 0.000000 -1.000000 0.000000
vn 0.294486 -0.908883 -0.295313
vn 0.469297 -0.714396 -0.519036
vn 0.825200 -0.332010 -0.456963
vn 0.697097 -0.421432 -0.580043
vn 0.970519 -0.074555 -0.229206
vn -0.000000 -0.809017 0.587786
vn 0.294486 -0.561721 0.773141
vn 0.469298 -0.272877 0.839820
vn 0.697098 -0.000005 0.716976
vn 0.825201 -0.000003 0.564839
vn 0.971608 0.073062 0.225034
vn -0.000000 -0.951057 0.309017
vn 0.294487 -0.955656 -0.000000
vn 0.469299 -0.839821 -0.272874
vn 0.825201 -0.456965 -0.332004
vn 0.697096 -0.580049 -0.421426
vn 0.970219 -0.142384 -0.195962
vn 0.294487 -0.773141 0.561721
vn 0.469298 -0.519039 0.714394
vn 0.697098 -0.221563 0.681883
vn 0.825200 -0.174553 0.537192
vn 0.971320 0.000000 0.237777
vn 0.294486 -0.908883 0.295314
vn 0.469300 -0.883039 -0.000001
vn 0.825201 -0.537194 -0.174545
vn 0.697094 -0.681888 -0.221558
vn 0.970734 -0.194390 -0.141025
vn 0.469300 -0.714393 0.519038
vn 0.697098 -0.421430 0.580044
vn 0.825201 -0.332006 0.456964
vn 0.971608 -0.073065 0.225034
vn 0.469299 -0.839820 0.272875
vn 0.825200 -0.564840 0.000000
vn 0.697096 -0.716978 0.000000
vn 0.970531 -0.229181 -0.074466
vn 0.697098 -0.580046 0.421428
vn 0.825200 -0.456965 0.332005
vn 0.971206 -0.140039 0.192740
vn 0.825202 -0.537193 0.174546
vn 0.697097 -0.681886 0.221558
vn 0.971075 -0.238775 0.000203
vn 0.971406 -0.191987 0.139682
vn 0.970908 -0.227735 0.073996
vn -0.032528 0.000000 0.999471
vn -0.020755 0.086367 0.996047
vn -0.075211 -0.006817 0.997144
vn -0.067445 0.000000 0.997723
vn 0.000000 0.000000 1.000000
vn 0.000608 0.095809 0.995400
vn -0.083814 -0.027585 0.996100
vn -0.159907 0.001416 0.987131
vn -0.045344 0.406815 0.912385
vn -0.059618 0.419185 0.905941
vn 0.014917 0.365671 0.930625
vn 0.010749 0.366035 0.930539
vn 0.128854 0.031815 0.991153
vn 0.143161 0.123120 0.982011
vn 0.002019 0.333716 0.942671
vn -0.005043 0.000000 0.999987
vn -0.059618 0.419185 -0.905941
vn -0.045344 0.406815 -0.912385
vn 0.010749 0.366035 -0.930539
vn 0.014917 0.365671 -0.930625
vn 0.002019 -0.333716 0.942671
vn 0.000608 -0.095809 0.995400
vn -0.020755 -0.086367 0.996047
vn -0.032528 0.000000 -0.999471
vn -0.020755 0.086367 -0.996047
vn 0.000608 0.095809 -0.995400
vn -0.000000 0.000000 -1.000000
vn -0.000000 0.000000 1.000000
vn -0.032528 0.000000 0.999471
vn -0.094788 -0.020140 0.995294
vn -0.079875 0.000001 0.996805
vn -0.001460 0.000002 0.999999
vn -0.000465 -0.026252 0.999655
vn 0.000000 0.000000 1.000000
vn -0.047547 0.000421 0.998869
vn -0.067445 0.000000 -0.997723
vn -0.159907 0.001416 -0.987131
vn -0.083814 -0.027585 -0.996100
vn -0.075211 -0.006817 -0.997144
vn 0.119136 0.099035 -0.987926
vn 0.128854 0.031815 -0.991153
vn -0.005043 0.000000 -0.999987
vn 0.002019 0.333716 -0.942671
vn 0.143161 -0.123120 0.982011
vn 0.128854 -0.031815 0.991153
vn 0.010749 -0.366036 0.930539
vn 0.014917 -0.365672 0.930624
vn -0.059618 -0.419186 0.905941
vn -0.045344 -0.406816 0.912384
vn -0.067445 0.000000 0.997723
vn -0.075211 0.006817 0.997144
vn -0.159907 -0.001416 0.987131
vn -0.083814 0.027585 0.996100
vn -0.094801 0.020143 0.995292
vn -0.000465 0.026260 0.999655
vn 0.000000 -0.083326 0.996522
vn 0.000000 -0.083326 0.996522
vn 0.000000 -0.083326 0.996522
vn 0.000000 -0.083326 0.996522
vn 0.000000 0.000000 1.000000
vn 0.000000 0.000000 1.000000
vn 0.000000 0.000000 1.000000
vn 0.000000 0.000000 1.000000
vn -0.020755 -0.086367 -0.996047
vn 0.000608 -0.095809 -0.995400
vn 0.002019 -0.333716 -0.942671
vn -0.059618 -0.419186 -0.905941
vn 0.014917 -0.365672 -0.930624
vn 0.010749 -0.366036 -0.930539
vn -0.045344 -0.406816 -0.912384
vn -0.047559 -0.000421 0.998868
vn -0.000000 0.000000 1.000000
vn 0.000000 0.083327 0.996522
vn 0.000000 0.083327 0.996522
vn 0.000000 0.083327 0.996522
vn 0.000000 0.083327 0.996522
vn -0.708248 -0.000038 0.705963
vn -0.708248 -0.000038 0.705963
vn -0.699075 -0.044854 0.713640
vn -0.698986 -0.044699 0.713737
vn 0.000000 0.775748 0.631043
vn 0.000000 0.775748 0.631043
vn 0.000000 0.775748 0.631043
vn 0.000000 0.775748 0.631043
vn -0.032528 0.000000 -0.999471
vn -0.000000 0.000000 -1.000000
vn -0.089066 0.037801 0.995308
vn 0.000000 0.000000 1.000000
vn -0.000516 0.104083 0.994569
vn -0.105725 0.138594 0.984690
vn -0.047559 0.000421 -0.998868
vn 0.000000 0.000000 -1.000000
vn -0.000465 -0.026260 -0.999655
vn -0.094801 -0.020143 -0.995292
vn 0.000000 0.000000 1.000000
vn 0.000000 0.000000 1.000000
vn 0.000000 0.000000 1.000000
vn 0.000000 0.000000 1.000000
vn -0.700014 0.044852 0.712720
vn -0.700091 0.045004 0.712634
vn 0.000000 0.083356 -0.996520
vn 0.000000 0.083356 -0.996520
vn 0.000000 0.083356 -0.996520
vn 0.000000 0.083356 -0.996520
vn 0.000000 0.775920 -0.630832
vn 0.000000 0.775920 -0.630832
vn 0.000000 0.775920 -0.630832
vn 0.000000 0.775920 -0.630832
vn -0.001460 -0.000002 -0.999999
vn -0.079875 -0.000001 -0.996805
vn 0.128854 -0.031815 -0.991153
vn 0.119136 -0.099035 -0.987926
vn -0.075211 0.006817 -0.997144
vn -0.067445 0.000000 -0.997723
vn -0.000000 0.000000 1.000000
vn 0.000250 0.103067 0.994674
vn 0.000000 0.000000 -1.000000
vn 0.000000 0.000000 -1.000000
vn 0.000000 0.000000 -1.000000
vn 0.000000 0.000000 -1.000000
vn 0.000000 -0.775919 0.630832
vn 0.000000 -0.775919 0.630832
vn 0.000000 -0.775919 0.630832
vn 0.000000 -0.775919 0.630832
vn 0.000000 -0.083316 -0.996523
vn 0.000000 -0.083316 -0.996523
vn 0.000000 -0.083316 -0.996523
vn 0.000000 -0.083316 -0.996523
vn -1.000000 -0.000000 0.000000
vn -1.000000 -0.000000 0.000000
vn -0.999202 -0.039938 -0.000397
vn -0.999268 -0.038243 -0.000381
vn 0.000000 -0.000088 -1.000000
vn 0.000000 -0.000088 -1.000000
vn 0.000000 -0.000088 -1.000000
vn 0.000000 -0.000088 -1.000000
vn 0.000000 -0.083326 -0.996522
vn 0.000000 -0.083326 -0.996522
vn 0.000000 -0.083326 -0.996522
vn 0.000000 -0.083326 -0.996522
vn -0.000465 0.026252 -0.999655
vn -0.094788 0.020140 -0.995294
vn -0.083814 0.027585 -0.996100
vn -0.159907 -0.001416 -0.987131
vn -0.008098 0.389071 0.921172
vn 0.011533 0.385878 0.922478
vn 0.009897 0.386470 0.922249
vn -0.005683 0.389324 0.921083
vn -0.000000 0.000000 1.000000
vn 0.001299 0.087543 0.996160
vn 0.000000 -0.775748 -0.631042
vn 0.000000 -0.775748 -0.631042
vn 0.000000 -0.775748 -0.631042
vn 0.000000 -0.775748 -0.631042
vn 0.000000 -0.000120 -1.000000
vn 0.000000 -0.000120 -1.000000
vn 0.000000 -0.000120 -1.000000
vn 0.000000 -0.000120 -1.000000
vn -0.999267 0.038280 -0.000296
vn -0.999201 0.039976 -0.000309
vn -0.998409 -0.056390 -0.000610
vn -0.998770 -0.049584 -0.000684
vn -0.709390 -0.000146 0.704816
vn -0.709391 -0.000146 0.704816
vn -0.604567 -0.052016 0.794854
vn -0.600953 -0.051752 0.797607
vn 0.000000 -0.772841 -0.634600
vn 0.000000 -0.772841 -0.634600
vn 0.000000 -0.772841 -0.634600
vn 0.000000 -0.772841 -0.634600
vn 0.000000 0.083326 -0.996522
vn 0.000000 0.083326 -0.996522
vn 0.000000 0.083326 -0.996522
vn 0.000000 0.083326 -0.996522
vn -0.700013 -0.044851 -0.712720
vn -0.700090 -0.045003 -0.712635
vn -0.708248 0.000039 -0.705963
vn -0.708248 0.000039 -0.705963
vn 0.000000 0.000000 -1.000000
vn -0.047547 -0.000421 -0.998869
vn -0.088075 0.107850 -0.990258
vn -0.000516 0.104083 -0.994569
vn -0.000000 0.000000 -1.000000
vn -0.089066 0.037801 -0.995308
vn -0.008098 0.389071 -0.921172
vn -0.005683 0.389324 -0.921083
vn 0.009897 0.386470 -0.922249
vn 0.011533 0.385878 -0.922478
vn 0.000000 0.000000 1.000000
vn 0.001056 0.087886 0.996130
vn -0.105725 -0.138594 0.984690
vn -0.000516 -0.104083 0.994569
vn 0.000000 0.000000 1.000000
vn -0.089066 -0.037801 0.995308
vn 0.000000 0.000000 -1.000000
vn 0.000000 0.000000 -1.000000
vn 0.000000 0.000000 -1.000000
vn 0.000000 0.000000 -1.000000
vn 0.000000 0.773565 -0.633717
vn 0.000000 0.773565 -0.633717
vn 0.000000 0.773565 -0.633717
vn 0.000000 0.773565 -0.633717
vn -0.998778 0.049422 -0.000439
vn -0.998406 0.056438 -0.000475
vn -0.601299 0.051755 0.797346
vn -0.604902 0.052005 0.794600
vn -0.996741 -0.079857 -0.011377
vn -0.998812 -0.048703 -0.001276
vn -0.994081 -0.108642 -0.000008
vn 0.000000 -0.773566 0.633716
vn 0.000000 -0.773566 0.633716
vn 0.000000 -0.773566 0.633716
vn 0.000000 -0.773566 0.633716
vn 0.000000 0.000120 1.000000
vn 0.000000 0.000120 1.000000
vn 0.000000 0.000120 1.000000
vn 0.000000 0.000120 1.000000
vn -0.699074 0.044854 -0.713641
vn -0.698986 0.044699 -0.713737
vn 0.000000 0.083316 0.996523
vn 0.000000 0.083316 0.996523
vn 0.000000 0.083316 0.996523
vn 0.000000 0.083316 0.996523
vn 0.000250 0.103067 -0.994674
vn -0.000000 0.000000 -1.000000
vn 0.000000 0.000000 1.000000
vn -0.005160 0.083952 0.996456
vn 0.000250 -0.103067 0.994674
vn -0.000000 0.000000 1.000000
vn 0.000000 0.772839 0.634602
vn 0.000000 0.772839 0.634602
vn 0.000000 0.772839 0.634602
vn 0.000000 0.772839 0.634602
vn -0.994081 0.108642 0.000008
vn -0.996750 0.079777 -0.011166
vn -0.998827 0.048414 -0.000882
vn -0.013151 -0.883283 -0.468655
vn -0.013149 -0.883285 -0.468653
vn -0.013149 -0.883285 -0.468653
vn -0.013150 -0.883284 -0.468655
vn -0.001719 -0.030271 0.999540
vn -0.003338 -0.025210 0.999677
vn 0.000000 0.000000 1.000000
vn -0.056509 -0.004213 0.998393
vn -0.996750 -0.079777 0.011166
vn -0.998827 -0.048414 0.000882
vn -0.998778 -0.049421 0.000439
vn -0.998406 -0.056438 0.000475
vn -0.999201 -0.039976 0.000309
vn -0.999267 -0.038280 0.000296
vn 0.000000 -0.083356 0.996520
vn 0.000000 -0.083356 0.996520
vn 0.000000 -0.083356 0.996520
vn 0.000000 -0.083356 0.996520
vn -1.000000 -0.000000 0.000000
vn -1.000000 -0.000000 0.000000
vn -0.088075 -0.107850 -0.990258
vn -0.089066 -0.037801 -0.995308
vn 0.000000 0.000000 -1.000000
vn -0.000516 -0.104083 -0.994569
vn 0.001299 0.087543 -0.996160
vn 0.000000 0.000000 -1.000000
vn 0.001299 -0.087544 0.996160
vn 0.000000 0.000000 1.000000
vn -0.005683 -0.389323 0.921084
vn 0.009897 -0.386469 0.922249
vn 0.011533 -0.385877 0.922478
vn -0.008098 -0.389070 0.921173
vn 0.000000 0.000088 1.000000
vn 0.000000 0.000088 1.000000
vn 0.000000 0.000088 1.000000
vn 0.000000 0.000088 1.000000
vn -0.998770 0.049584 0.000684
vn -0.998812 0.048705 0.001276
vn -0.996741 0.079858 0.011377
vn -0.001719 0.030269 0.999540
vn -0.056683 0.004253 0.998383
vn -0.000000 0.000000 1.000000
vn -0.003335 0.025191 0.999677
vn -0.013151 0.883283 -0.468655
vn -0.013152 0.883288 -0.468647
vn -0.013152 0.883288 -0.468647
vn -0.013151 0.883283 -0.468656
vn 0.018967 0.066320 0.997618
vn -0.044539 0.081691 0.995662
vn 0.424983 -0.905202 0.000000
vn 0.424983 -0.905202 0.000000
vn 0.424983 -0.905202 0.000000
vn 0.424983 -0.905202 0.000000
vn 0.058407 -0.002864 0.998289
vn 0.053421 0.019353 0.998385
vn -0.999202 0.039937 0.000397
vn -0.999268 0.038243 0.000381
vn -0.601299 -0.051755 -0.797346
vn -0.604902 -0.052005 -0.794600
vn -0.709390 0.000146 -0.704816
vn -0.709390 0.000145 -0.704816
vn 0.000000 0.000000 -1.000000
vn 0.000250 -0.103067 -0.994674
vn 0.001056 0.087886 -0.996130
vn -0.000000 0.000000 -1.000000
vn 0.001056 -0.087886 0.996130
vn 0.000000 0.000000 1.000000
vn -0.008098 -0.389070 -0.921173
vn 0.011533 -0.385877 -0.922478
vn 0.009897 -0.386469 -0.922249
vn -0.005683 -0.389323 -0.921084
vn -0.998409 0.056389 0.000610
vn -0.044539 -0.081691 0.995662
vn 0.018943 -0.066240 0.997624
vn 0.053310 -0.019361 0.998390
vn 0.058679 0.002804 0.998273
vn 0.425132 0.905131 0.000000
vn 0.425132 0.905131 0.000000
vn 0.425132 0.905131 0.000000
vn 0.425132 0.905131 0.000000
vn 0.064008 0.236962 0.969408
vn 0.061520 0.242707 0.968147
vn 0.009817 0.032794 0.999414
vn -0.456458 -0.889745 0.000000
vn -0.456458 -0.889745 0.000000
vn -0.456458 -0.889745 0.000000
vn -0.456458 -0.889745 0.000000
vn -0.999885 0.014842 -0.003131
vn -0.910254 0.408782 0.065845
vn -0.881208 0.472729 -0.000050
vn -0.997701 0.067764 -0.000000
vn -0.604567 0.052016 -0.794855
vn -0.600953 0.051752 -0.797607
vn 0.000000 0.000000 -1.000000
vn 0.001299 -0.087543 -0.996160
vn -0.005134 0.084059 -0.996448
vn -0.000000 0.000000 -1.000000
vn -0.005098 -0.084076 0.996446
vn 0.000000 0.000000 1.000000
vn -0.576355 -0.035644 -0.816422
vn -0.045069 -0.081396 -0.995662
vn -0.653357 -0.188841 -0.733119
vn -0.631487 -0.248038 -0.734644
vn -0.999885 -0.014842 -0.003131
vn -0.997701 -0.067764 -0.000000
vn -0.881133 -0.472869 -0.000050
vn -0.910120 -0.409070 0.065906
vn 0.061532 -0.242766 0.968131
vn 0.064000 -0.236965 0.969408
vn 0.009727 -0.032492 0.999425
vn -0.456613 0.889665 0.000000
vn -0.456613 0.889665 0.000000
vn -0.456613 0.889665 0.000000
vn -0.456613 0.889665 0.000000
vn 0.066437 0.225874 0.971888
vn 0.051085 0.213635 0.975577
vn 0.052634 0.227699 0.972308
vn -0.015446 0.228371 0.973452
vn -0.018572 0.228292 0.973416
vn 0.125533 0.000197 0.992090
vn 0.125533 0.000158 0.992089
vn -0.910120 0.409070 -0.065906
vn -0.999885 0.014842 0.003131
vn -0.056683 -0.004253 -0.998383
vn -0.044539 0.081691 -0.995662
vn 0.018943 0.066240 -0.997624
vn -0.000000 0.000000 -1.000000
vn -0.003335 -0.025191 -0.999677
vn -0.001719 -0.030269 -0.999540
vn -0.013151 -0.883283 0.468655
vn -0.013150 -0.883283 0.468655
vn -0.013149 -0.883283 0.468655
vn -0.013149 -0.883283 0.468655
vn 0.000000 0.000000 -1.000000
vn 0.001056 -0.087886 -0.996130
vn 0.018954 -0.066265 -0.997622
vn 0.064016 -0.236963 -0.969407
vn 0.061507 -0.242650 -0.968162
vn -0.527993 -0.444441 -0.723668
vn -0.519007 -0.457869 -0.721795
vn -0.999885 -0.014842 0.003131
vn -0.909986 -0.409357 -0.065967
vn 0.052634 -0.227690 0.972310
vn 0.051084 -0.213643 0.975575
vn 0.066453 -0.225938 0.971872
vn -0.015501 -0.227074 0.973754
vn -0.018567 -0.226996 0.973719
vn 0.608987 0.363156 0.705161
vn 0.582293 0.283691 0.761876
vn 0.664508 0.409624 0.625010
vn 0.670759 0.393142 0.628905
vn 0.056086 0.213788 0.975269
vn 0.456433 0.889758 0.000000
vn 0.456433 0.889758 0.000000
vn 0.456433 0.889758 0.000000
vn 0.456433 0.889758 0.000000
vn -0.425444 0.904985 0.000000
vn -0.425444 0.904985 0.000000
vn -0.425444 0.904985 0.000000
vn -0.425444 0.904985 0.000000
vn 0.061532 0.242766 -0.968131
vn 0.052633 0.227690 -0.972310
vn 0.051084 0.213643 -0.975575
vn 0.064000 0.236965 -0.969408
vn 0.009727 0.032492 -0.999425
vn 0.053310 0.019361 -0.998390
vn 0.058679 -0.002804 -0.998273
vn -0.405783 -0.796267 -0.448665
vn -0.310061 -0.950717 0.000000
vn -0.001719 0.030271 -0.999540
vn -0.003338 0.025210 -0.999677
vn -0.000000 0.000000 -1.000000
vn -0.056509 0.004213 -0.998393
vn 0.425131 -0.905132 0.000000
vn 0.425131 -0.905132 0.000000
vn 0.425131 -0.905132 0.000000
vn 0.425131 -0.905132 0.000000
vn -0.000000 0.000000 -1.000000
vn -0.005072 -0.084183 -0.996437
vn 0.009816 -0.032794 -0.999414
vn 0.066437 -0.225874 -0.971888
vn 0.051054 -0.213558 -0.975595
vn 0.052471 -0.227265 -0.972418
vn 0.056052 -0.213699 0.975290
vn 0.605036 -0.363935 0.708155
vn 0.664090 -0.391134 0.637181
vn 0.657475 -0.409262 0.632638
vn 0.580636 -0.284228 0.762939
vn 0.456433 -0.889758 0.000000
vn 0.456433 -0.889758 0.000000
vn 0.456433 -0.889758 0.000000
vn 0.456433 -0.889758 0.000000
vn -0.425444 -0.904985 0.000000
vn -0.425444 -0.904985 0.000000
vn -0.425444 -0.904985 0.000000
vn -0.425444 -0.904985 0.000000
vn 0.892702 0.448827 0.040459
vn 0.891751 0.452526 0.000000
vn 0.922852 0.385155 0.000000
vn 0.909626 0.412053 0.052843
vn 0.056052 0.213698 -0.975290
vn 0.066453 0.225939 -0.971872
vn 0.424983 0.905201 0.000000
vn 0.424983 0.905201 0.000000
vn 0.424983 0.905201 0.000000
vn 0.424983 0.905201 0.000000
vn 0.058407 0.002864 -0.998289
vn 0.053421 -0.019353 -0.998385
vn -0.456612 -0.889666 0.000000
vn -0.456612 -0.889666 0.000000
vn -0.456612 -0.889666 0.000000
vn -0.456612 -0.889666 0.000000
vn 0.670759 -0.393142 -0.628905
vn 0.608988 -0.363156 -0.705161
vn 0.582293 -0.283691 -0.761875
vn 0.664508 -0.409623 -0.625010
vn 0.056086 -0.213788 -0.975269
vn 0.892724 -0.448789 0.040404
vn 0.909626 -0.412053 0.052843
vn 0.922852 -0.385155 0.000000
vn 0.891772 -0.452486 -0.000000
vn 0.892702 0.448827 -0.040459
vn 0.909626 0.412053 -0.052843
vn 0.998739 0.050202 0.000000
vn 0.993717 0.111005 0.014272
vn 0.720536 0.164128 0.673713
vn 0.720877 0.161037 0.674094
vn 0.705914 0.095095 0.701884
vn 0.712560 0.077530 0.697314
vn 0.605036 0.363935 -0.708155
vn 0.664091 0.391134 -0.637179
vn 0.657476 0.409262 -0.632637
vn 0.580636 0.284228 -0.762940
vn -0.456459 0.889744 0.000000
vn -0.456459 0.889744 0.000000
vn -0.456459 0.889744 0.000000
vn -0.456459 0.889744 0.000000
vn -0.015503 0.227082 -0.973752
vn 0.125535 -0.000159 -0.992089
vn 0.125535 -0.000198 -0.992089
vn -0.018570 0.227004 -0.973717
vn 0.892724 -0.448789 -0.040404
vn 0.909626 -0.412053 -0.052843
vn 0.715288 -0.164722 0.679140
vn 0.707776 -0.079182 0.701986
vn 0.700632 -0.096432 0.706976
vn 0.715709 -0.161375 0.679499
vn 0.993717 -0.111006 0.014271
vn 0.998739 -0.050202 0.000000
vn 0.993717 0.111006 -0.014272
vn 0.998885 -0.047218 0.000000
vn 0.997595 -0.068395 -0.011289
vn 0.715288 0.164721 -0.679139
vn 0.707775 0.079181 -0.701986
vn 0.700632 0.096430 -0.706976
vn 0.715709 0.161375 -0.679499
vn -0.015444 -0.228364 -0.973453
vn -0.018570 -0.228285 -0.973417
vn 0.456433 0.889758 0.000000
vn 0.456433 0.889758 0.000000
vn 0.456433 0.889758 0.000000
vn 0.456433 0.889758 0.000000
vn -0.425445 0.904984 0.000000
vn -0.425445 0.904984 0.000000
vn -0.425445 0.904984 0.000000
vn -0.425445 0.904984 0.000000
vn 0.993717 -0.111005 -0.014271
vn 0.720536 -0.164129 -0.673714
vn 0.720877 -0.161037 -0.674095
vn 0.705914 -0.095095 -0.701885
vn 0.712560 -0.077530 -0.697314
vn 0.997595 0.068394 -0.011289
vn 0.998885 0.047218 0.000000
vn 0.997595 -0.068394 0.011289
vn 0.999780 0.020998 0.000000
vn 0.999769 0.020997 0.004524
vn 0.011621 0.201740 0.979370
vn 0.004047 0.182173 0.983258
vn -0.014931 0.141466 0.989830
vn -0.012840 0.145357 0.989296
vn 0.456433 -0.889758 0.000000
vn 0.456433 -0.889758 0.000000
vn 0.456433 -0.889758 0.000000
vn 0.456433 -0.889758 0.000000
vn -0.425445 -0.904984 0.000000
vn -0.425445 -0.904984 0.000000
vn -0.425445 -0.904984 0.000000
vn -0.425445 -0.904984 0.000000
vn 0.997595 0.068394 0.011289
vn 0.011637 -0.201726 0.979373
vn -0.012868 -0.145286 0.989306
vn -0.014945 -0.141469 0.989830
vn 0.004120 -0.182281 0.983238
vn 0.999769 -0.020997 0.004524
vn 0.999780 -0.020998 0.000000
vn 0.999769 0.020998 -0.004524
vn 0.011645 0.201720 -0.979374
vn -0.012881 0.145254 -0.989311
vn -0.014950 0.141457 -0.989832
vn 0.004121 0.182275 -0.983239
vn 0.999769 -0.020998 -0.004524
vn 0.011558 -0.201535 -0.979413
vn 0.004057 -0.182175 -0.983258
vn -0.014800 -0.141658 -0.989805
vn -0.012556 -0.145291 -0.989309
vn -0.468316 0.765936 0.440480
vn -0.013151 0.883283 0.468656
vn -0.013151 0.883283 0.468655
vn -0.372215 0.928146 0.000000
vn -0.405783 -0.796267 0.448664
vn -0.013152 0.883288 0.468647
vn -0.013152 0.883288 0.468647
vn -0.468315 0.765936 -0.440480
vn 0.999999 -0.000001 -0.001324
vn -0.010655 0.000000 0.999943
vn -0.084728 -0.000000 0.996404
vn -0.361271 0.620124 0.696369
vn -0.387334 0.628339 0.674657
vn -0.387334 0.628339 -0.674657
vn -0.361271 0.620124 -0.696369
vn 0.257867 -0.000000 0.966180
vn -0.562637 0.593865 0.575121
vn -0.789507 0.613741 0.000000
vn -0.562637 0.593865 -0.575121
vn 0.198629 0.364166 0.909907
vn 0.169404 0.361596 0.916815
vn 0.169404 0.361596 -0.916815
vn 0.198629 0.364166 -0.909907
vn -0.003755 0.050289 0.998728
vn 0.000786 0.148350 0.988935
vn -0.010312 0.000000 0.999947
vn -0.173600 0.382645 0.907439
vn 0.000786 -0.148350 0.988935
vn -0.797119 0.445026 0.408109
vn -0.873141 0.487468 0.000000
vn -0.797119 0.445026 -0.408109
vn 0.218914 0.754201 0.619079
vn 0.218914 0.754201 0.619079
vn 0.218914 0.754201 0.619079
vn 0.218914 0.754201 0.619079
vn -0.010655 0.000000 -0.999943
vn 0.169848 -0.000000 -0.985470
vn -0.000157 0.105209 -0.994450
vn -0.003755 0.050289 -0.998728
vn -0.044539 0.382058 0.923065
vn -0.036066 0.382055 0.923436
vn -0.036066 0.382055 -0.923436
vn -0.044539 0.382058 -0.923064
vn -0.181244 0.376862 0.908364
vn -0.165615 0.376504 0.911492
vn -0.084728 0.000000 -0.996404
vn -0.001727 0.000000 -0.999999
vn 0.169403 -0.361596 0.916816
vn 0.198629 -0.364166 0.909907
vn -0.003755 -0.050289 0.998728
vn -0.387335 -0.628339 0.674657
vn -0.361272 -0.620124 0.696368
vn -0.361272 -0.620124 -0.696368
vn -0.387335 -0.628339 -0.674657
vn 0.198629 -0.364166 -0.909907
vn 0.169403 -0.361596 -0.916816
vn -0.789507 -0.613741 0.000000
vn -0.562637 -0.593864 0.575122
vn 0.218915 0.754199 -0.619080
vn 0.218915 0.754199 -0.619080
vn 0.218915 0.754199 -0.619080
vn 0.218915 0.754199 -0.619080
vn -0.695916 -0.039356 0.717044
vn -0.695916 -0.039356 0.717044
vn -0.165615 0.376504 -0.911492
vn -0.181244 0.376863 -0.908364
vn -0.173600 -0.382645 0.907439
vn -0.001815 0.378348 0.925662
vn -0.001815 -0.378348 0.925662
vn -0.562637 -0.593864 -0.575122
vn -0.873141 -0.487468 0.000000
vn -0.797119 -0.445026 0.408109
vn 0.218915 -0.754199 0.619080
vn 0.218915 -0.754199 0.619080
vn 0.218915 -0.754199 0.619080
vn 0.218915 -0.754199 0.619080
vn -0.669258 0.570135 0.476488
vn -0.669258 0.570135 0.476488
vn -0.669258 0.570135 0.476488
vn -0.669258 0.570135 0.476488
vn -0.670818 0.569698 -0.474813
vn -0.670818 0.569698 -0.474813
vn -0.670818 0.569698 -0.474813
vn -0.670818 0.569698 -0.474813
vn -0.118629 0.293921 -0.948440
vn -0.000157 -0.105209 -0.994450
vn -0.118629 -0.293921 -0.948440
vn 0.000890 0.377052 0.926192
vn -0.036066 -0.382056 0.923435
vn -0.044539 -0.382059 0.923064
vn -0.165614 -0.376503 0.911492
vn -0.181244 -0.376863 0.908364
vn -0.044539 -0.382059 -0.923064
vn -0.036066 -0.382056 -0.923435
vn -0.003755 -0.050289 -0.998728
vn -0.797119 -0.445026 -0.408109
vn 0.218913 -0.754201 -0.619079
vn 0.218913 -0.754201 -0.619079
vn 0.218913 -0.754201 -0.619079
vn 0.218913 -0.754201 -0.619079
vn -0.697356 0.039617 0.715630
vn -0.697356 0.039617 0.715630
vn -0.697355 -0.039617 -0.715630
vn -0.697355 -0.039617 -0.715630
vn 0.005155 0.344734 0.938686
vn -0.670819 -0.569696 0.474814
vn -0.670819 -0.569696 0.474814
vn -0.670819 -0.569696 0.474814
vn -0.670819 -0.569697 0.474814
vn -0.669257 -0.570135 -0.476489
vn -0.669257 -0.570135 -0.476489
vn -0.669257 -0.570135 -0.476489
vn -0.669257 -0.570135 -0.476489
vn -0.499344 -0.017298 0.866231
vn -0.001815 0.378348 -0.925662
vn -0.001815 -0.378348 -0.925662
vn 0.039935 0.353500 0.934582
vn 0.042413 0.355296 0.933791
vn 0.042413 0.355296 -0.933791
vn 0.039935 0.353500 -0.934582
vn 0.003724 0.310978 0.950410
vn 0.000890 -0.377052 0.926192
vn -0.181244 -0.376863 -0.908364
vn -0.165614 -0.376503 -0.911492
vn -0.695915 0.039356 -0.717045
vn -0.695915 0.039356 -0.717045
vn -0.499525 0.017402 0.866125
vn -0.582626 0.030683 0.812161
vn 0.000890 0.377052 -0.926192
vn -0.012321 0.352776 0.935627
vn -0.012947 0.352961 0.935548
vn -0.057379 0.401273 0.914160
vn -0.061140 0.409093 0.910442
vn -0.009676 0.000035 0.999953
vn 0.005155 -0.344734 0.938686
vn -0.582626 -0.030683 0.812161
vn -0.668394 0.184231 0.720631
vn -0.645271 0.248058 0.722560
vn 0.000890 -0.377052 -0.926192
vn 0.005155 0.344734 -0.938686
vn -0.012947 0.352961 -0.935548
vn -0.012321 0.352776 -0.935627
vn -0.093216 0.450286 0.888005
vn -0.096954 0.449063 0.888224
vn 0.003724 -0.310978 0.950410
vn -0.648507 -0.246478 0.720199
vn -0.670398 -0.182912 0.719103
vn -0.530778 0.449773 0.718316
vn -0.521160 0.462496 0.717279
vn -0.648507 0.246478 -0.720199
vn -0.670398 0.182912 -0.719103
vn -0.582626 0.030684 -0.812161
vn -0.499525 -0.017402 -0.866125
vn 0.003724 0.310978 -0.950410
vn -0.061140 0.409093 -0.910442
vn -0.057379 0.401272 -0.914160
vn -0.119587 0.441498 0.889257
vn -0.119587 0.441498 0.889257
vn 0.042413 -0.355296 0.933791
vn 0.039934 -0.353499 0.934582
vn 0.039934 -0.353499 -0.934582
vn 0.042413 -0.355296 -0.933791
vn -0.523610 -0.462799 0.715297
vn -0.533894 -0.449386 0.716246
vn 0.763426 0.115284 0.635524
vn 0.631369 0.221251 0.743251
vn -0.151875 0.000163 0.988400
vn -0.151875 0.000203 0.988400
vn -0.523610 0.462799 -0.715297
vn -0.533894 0.449386 -0.716246
vn -0.499344 0.017298 -0.866231
vn 0.005155 -0.344734 -0.938686
vn -0.009626 0.000036 -0.999954
vn -0.097335 0.450611 -0.887398
vn -0.093499 0.451424 -0.887397
vn -0.012947 -0.352960 0.935549
vn -0.012320 -0.352775 0.935627
vn -0.058698 -0.395883 0.916423
vn -0.055443 -0.390358 0.918992
vn 0.632552 -0.221911 0.742047
vn 0.730078 -0.120816 0.672599
vn 0.908514 0.384245 0.164192
vn -0.801794 0.586929 0.112428
vn -0.819361 0.573278 -0.000088
vn -0.801783 0.586946 -0.112422
vn -0.489306 0.505907 0.710379
vn -0.496541 0.498251 0.710769
vn 0.003724 -0.310978 -0.950410
vn -0.120523 0.445543 -0.887111
vn -0.120523 0.445543 -0.887111
vn -0.089719 -0.416864 0.904530
vn -0.086262 -0.419552 0.903623
vn -0.012320 -0.352775 -0.935627
vn -0.012947 -0.352960 -0.935549
vn -0.817595 -0.575794 -0.000089
vn -0.800744 -0.588722 0.110521
vn -0.800734 -0.588736 -0.110520
vn -0.496307 -0.499801 0.709844
vn -0.489489 -0.507213 0.709321
vn 0.906683 -0.388592 0.164081
vn 0.028264 0.185676 0.982205
vn 0.031453 0.193137 0.980668
vn 0.029129 0.173791 0.984352
vn 0.911465 0.411378 -0.000040
vn 0.488335 0.000731 0.872656
vn 0.603270 0.006893 0.797507
vn -0.493922 0.498331 -0.712536
vn -0.487737 0.506100 -0.711320
vn -0.570797 0.253273 0.781053
vn -0.573075 0.238585 0.784004
vn -0.055443 -0.390358 -0.918992
vn -0.058698 -0.395883 -0.916423
vn -0.109184 -0.401544 0.909308
vn -0.109184 -0.401544 0.909308
vn -0.490912 -0.506726 -0.708685
vn -0.498135 -0.499984 -0.708433
vn -0.571243 -0.241091 0.784574
vn -0.570076 -0.248822 0.783008
vn 0.031491 -0.193098 0.980674
vn 0.028286 -0.185681 0.982203
vn 0.029158 -0.173788 0.984351
vn 0.913793 -0.406181 0.000260
vn 0.280968 0.534379 0.797181
vn 0.280968 0.534379 0.797181
vn 0.280968 0.534379 0.797180
vn 0.280968 0.534379 0.797180
vn -0.305398 0.514483 0.801273
vn -0.305398 0.514484 0.801273
vn -0.305398 0.514484 0.801273
vn -0.305398 0.514483 0.801273
vn -0.568422 0.238515 -0.787405
vn -0.566196 0.252434 -0.784665
vn -0.856603 0.498976 0.131357
vn -0.864082 0.503351 -0.000097
vn -0.856595 0.499008 -0.131291
vn 0.031498 0.193086 -0.980676
vn 0.028289 0.185675 -0.982204
vn 0.029158 0.173788 -0.984351
vn 0.632552 0.221911 -0.742047
vn 0.771698 0.114006 -0.625688
vn -0.151873 -0.000201 -0.988400
vn -0.151873 -0.000162 -0.988400
vn -0.086531 -0.420653 -0.903085
vn -0.090085 -0.418380 -0.903794
vn -0.110077 -0.405432 -0.907473
vn -0.110077 -0.405433 -0.907473
vn 0.028285 -0.185682 -0.982203
vn 0.031474 -0.193146 -0.980665
vn 0.029129 -0.173792 -0.984352
vn -0.584666 -0.247710 -0.772532
vn -0.586527 -0.238025 -0.774164
vn -0.860853 -0.508854 -0.000098
vn -0.854143 -0.504873 0.124674
vn -0.854136 -0.504898 -0.124622
vn 0.280967 -0.534379 0.797180
vn 0.280967 -0.534379 0.797180
vn 0.280967 -0.534379 0.797180
vn 0.280967 -0.534379 0.797180
vn -0.305398 -0.514484 0.801273
vn -0.305398 -0.514484 0.801273
vn -0.305398 -0.514483 0.801273
vn -0.305398 -0.514483 0.801273
vn 0.005613 0.176707 0.984248
vn 0.978058 0.155968 0.138116
vn 0.978930 0.201530 0.032895
vn 0.908729 0.383705 -0.164264
vn 0.970705 0.240275 0.000351
vn 0.979085 0.200789 -0.032806
vn -0.581704 -0.071603 0.810243
vn -0.568874 -0.157260 0.807250
vn 0.740216 -0.119232 -0.661712
vn 0.631369 -0.221252 -0.743250
vn 0.906665 -0.388203 -0.165094
vn -0.568213 0.156582 0.807847
vn -0.580364 0.070960 0.811260
vn 0.005709 -0.176839 0.984223
vn 0.594169 0.324867 0.735816
vn 0.598761 0.317139 0.735464
vn -0.079325 0.000000 0.996849
vn -0.079325 0.000000 0.996849
vn -0.079325 0.000000 0.996849
vn -0.079325 0.000000 0.996849
vn -0.567664 -0.156805 -0.808189
vn -0.579425 -0.071008 -0.811926
vn -0.961109 -0.190224 0.200211
vn -0.937783 -0.271757 0.216126
vn -0.942682 -0.333692 -0.000000
vn -0.980971 -0.194157 0.000000
vn -0.937783 -0.271758 -0.216126
vn -0.961109 -0.190227 -0.200211
vn 0.005709 0.176839 -0.984223
vn 0.620496 0.005927 -0.784187
vn 0.488334 -0.000730 -0.872656
vn 0.005612 -0.176707 -0.984248
vn -0.602636 0.083956 -0.793588
vn -0.589194 0.167527 -0.790434
vn -0.981484 0.191546 0.000000
vn -0.943652 0.330939 0.000000
vn -0.937831 0.268803 0.219584
vn -0.960671 0.187484 0.204846
vn -0.960671 0.187484 -0.204846
vn -0.937832 0.268803 -0.219584
vn 0.589363 -0.316137 0.743444
vn 0.585315 -0.322721 0.743813
vn -0.020272 0.140500 0.989873
vn -0.026939 0.100435 0.994579
vn -0.031004 0.099692 0.994535
vn -0.548161 -0.257132 0.795866
vn -0.548161 -0.257132 0.795866
vn 0.589363 0.316135 -0.743444
vn 0.585315 0.322720 -0.743813
vn 0.280968 0.534378 -0.797181
vn 0.280968 0.534378 -0.797181
vn 0.280968 0.534378 -0.797181
vn 0.280968 0.534378 -0.797181
vn -0.305398 0.514484 -0.801273
vn -0.305398 0.514484 -0.801273
vn -0.305398 0.514484 -0.801273
vn -0.305398 0.514484 -0.801273
vn 0.594168 -0.324867 -0.735816
vn 0.598761 -0.317139 -0.735465
vn -0.548161 0.257133 0.795866
vn -0.548161 0.257133 0.795866
vn -0.031004 -0.099692 0.994535
vn -0.027045 -0.100373 0.994582
vn -0.020265 -0.140619 0.989856
vn 0.729016 0.684497 0.000000
vn 0.744726 0.632912 0.211675
vn 0.798158 0.577941 0.170083
vn 0.809959 0.586487 0.000000
vn 0.798157 0.577942 -0.170083
vn 0.744725 0.632912 -0.211675
vn 0.398124 0.498330 0.770172
vn 0.422225 0.490506 0.762319
vn -0.024510 0.100878 0.994597
vn -0.548161 -0.257133 -0.795866
vn -0.548161 -0.257133 -0.795866
vn -0.031004 0.099692 -0.994535
vn -0.027045 0.100373 -0.994582
vn -0.020265 0.140619 -0.989856
vn -0.813848 -0.521435 0.256431
vn -0.842003 -0.539473 -0.000000
vn -0.813849 -0.521434 -0.256432
vn 0.280968 -0.534379 -0.797180
vn 0.280968 -0.534379 -0.797180
vn 0.280968 -0.534379 -0.797180
vn 0.280968 -0.534379 -0.797180
vn -0.305398 -0.514484 -0.801273
vn -0.305398 -0.514484 -0.801273
vn -0.305398 -0.514484 -0.801273
vn -0.305398 -0.514484 -0.801273
vn -0.020272 -0.140500 -0.989873
vn -0.026537 -0.100877 -0.994545
vn -0.029799 -0.100877 -0.994453
vn -0.567556 0.265932 -0.779205
vn -0.567555 0.265932 -0.779205
vn -0.842002 0.539474 0.000000
vn -0.813848 0.521436 0.256428
vn -0.813848 0.521436 -0.256428
vn -0.024661 -0.100783 0.994603
vn 0.414714 -0.485108 0.769859
vn 0.392004 -0.492517 0.777020
vn 0.798158 -0.577941 0.170081
vn 0.744726 -0.632912 0.211674
vn 0.729016 -0.684496 0.000000
vn 0.809959 -0.586487 0.000000
vn 0.744726 -0.632912 -0.211674
vn 0.798157 -0.577942 -0.170081
vn 0.414714 0.485108 -0.769859
vn 0.392004 0.492518 -0.777019
vn 0.328096 0.518651 0.789528
vn 0.328096 0.518651 0.789528
vn -0.892988 0.450080 0.000001
vn -0.847521 0.424990 0.317951
vn -0.024661 0.100783 -0.994603
vn -0.887808 0.460214 0.000001
vn -0.822080 0.426142 0.377607
vn -0.079325 0.000000 -0.996849
vn -0.079325 0.000000 -0.996849
vn -0.079325 0.000000 -0.996849
vn -0.079325 0.000000 -0.996849
vn 0.398126 -0.498330 -0.770171
vn 0.422226 -0.490506 -0.762319
vn -0.024510 -0.100877 -0.994597
vn -0.884437 -0.466660 0.000000
vn -0.894291 -0.447485 0.000000
vn -0.844483 -0.425007 0.325910
vn -0.820853 -0.433110 0.372312
vn 0.323972 -0.512485 0.795236
vn 0.323972 -0.512485 0.795236
vn 0.576182 0.754725 0.313696
vn 0.576182 0.754725 0.313696
vn 0.576182 0.754725 -0.313696
vn 0.576182 0.754725 -0.313696
vn -0.847521 0.424990 -0.317950
vn -0.822081 0.426143 -0.377604
vn 0.323973 0.512486 -0.795235
vn 0.323973 0.512486 -0.795236
vn 0.328097 -0.518652 -0.789526
vn 0.328097 -0.518652 -0.789526
vn -0.844483 -0.425007 -0.325910
vn -0.820853 -0.433110 -0.372312
vn 0.576182 -0.754726 0.313694
vn 0.576182 -0.754726 0.313694
vn 0.576182 -0.754726 -0.313694
vn 0.576182 -0.754726 -0.313694
vn 0.000000 0.587785 -0.809017
vn 0.000000 0.647428 -0.762127
vn 0.000000 0.309017 -0.951056
vn 0.000000 0.445435 -0.895315
vn 0.000000 0.457865 0.889022
vn 0.000000 0.587785 0.809017
vn 0.000000 0.309017 0.951056
vn 0.000000 0.309017 0.951056
vn 0.000000 -0.587785 -0.809017
vn 0.000000 -0.587785 -0.809017
vn 0.000000 -0.587785 0.809017
vn -0.000000 -0.584076 0.811699
vn 0.827898 0.051201 0.558537
vn 0.720542 0.000000 0.693412
vn 0.841384 0.052685 -0.537863
vn 0.939920 0.122786 -0.318551
vn -0.005013 -0.000022 0.999987
vn -0.009512 -0.068037 0.997638
vn -0.005013 -0.000037 0.999987
vn -0.009504 0.067992 0.997641
vn -0.015769 -0.000002 0.999876
vn -0.015769 0.000071 0.999876
vn -0.014876 0.111494 0.993654
vn -0.014906 -0.004088 0.999881
vn -0.014266 0.106918 0.994165
vn -0.014753 -0.111919 0.993608
vn -0.014146 -0.107314 0.994125
vn -0.009504 -0.067992 -0.997641
vn -0.005013 0.000022 -0.999987
vn -0.005013 0.000037 -0.999987
vn -0.009512 0.068037 -0.997637
vn -0.014079 -0.107577 -0.994097
vn -0.014683 -0.112193 -0.993578
vn -0.014836 -0.004094 -0.999882
vn -0.015769 -0.000071 -0.999876
vn -0.015769 0.000002 -0.999876
vn -0.014807 0.111769 -0.993624
vn -0.014199 0.107183 -0.994138
vn 0.720542 0.000000 0.693412
vn 0.845999 -0.065873 0.529100
vn 0.736776 -0.007158 -0.676099
vn 0.910269 -0.087373 -0.404692
vn 0.920748 0.086064 0.380547
vn 0.972214 -0.184521 0.144058
vn 0.924536 -0.134419 0.356602
vn 0.978784 0.153979 -0.135177
vn 0.961489 -0.182680 -0.205346
vn 0.962557 -0.203334 -0.179275
vn 0.951000 -0.295637 -0.090545
vn 0.924254 -0.381778 0.000000
vn 0.951863 -0.291509 0.094756
vn 0.730479 0.000000 -0.682935
vn -0.999897 0.012809 -0.006506
vn -0.999897 0.012809 -0.006506
vn -0.999897 0.012809 -0.006506
vn -0.999897 0.012809 -0.006506
vn 0.999903 0.012430 -0.006349
vn 0.999903 0.012430 -0.006349
vn 0.999903 0.012430 -0.006349
vn 0.999903 0.012430 -0.006349
vn 0.999904 0.013698 -0.002188
vn 0.999904 0.013698 -0.002188
vn 0.999904 0.013698 -0.002188
vn 0.999904 0.013698 -0.002188
vn -0.999899 0.014027 -0.002242
vn -0.999899 0.014027 -0.002242
vn -0.999899 0.014027 -0.002242
vn -0.999899 0.014027 -0.002242
vn -0.999897 0.010117 -0.010134
vn -0.999897 0.010117 -0.010134
vn -0.999898 0.010117 -0.010134
vn -0.999898 0.010117 -0.010134
vn 0.999902 0.009867 -0.009888
vn 0.999902 0.009867 -0.009888
vn 0.999903 0.009867 -0.009888
vn 0.999903 0.009867 -0.009888
vn 0.999902 0.013811 0.002188
vn 0.999902 0.013811 0.002188
vn 0.999902 0.013811 0.002188
vn 0.999902 0.013811 0.002188
vn -0.999897 0.014192 0.002242
vn -0.999897 0.014192 0.002242
vn -0.999897 0.014192 0.002242
vn -0.999897 0.014192 0.002242
vn -0.999897 0.006509 -0.012769
vn -0.999897 0.006509 -0.012769
vn -0.999897 0.006509 -0.012769
vn -0.999897 0.006509 -0.012769
vn 0.999902 0.006346 -0.012460
vn 0.999902 0.006346 -0.012460
vn 0.999902 0.006346 -0.012460
vn 0.999902 0.006346 -0.012460
vn 0.999902 0.012462 0.006349
vn 0.999902 0.012462 0.006349
vn 0.999902 0.012462 0.006349
vn 0.999902 0.012462 0.006349
vn -0.999897 0.012768 0.006506
vn -0.999897 0.012768 0.006506
vn -0.999897 0.012768 0.006506
vn -0.999897 0.012768 0.006506
vn -0.999897 0.002214 -0.014155
vn -0.999897 0.002214 -0.014155
vn -0.999897 0.002214 -0.014155
vn -0.999897 0.002214 -0.014155
vn 0.999902 0.002188 -0.013812
vn 0.999902 0.002188 -0.013812
vn 0.999902 0.002188 -0.013812
vn 0.999902 0.002188 -0.013812
vn 0.999902 0.009901 0.009888
vn 0.999902 0.009901 0.009888
vn 0.999902 0.009901 0.009888
vn 0.999902 0.009901 0.009888
vn -0.999897 0.010195 0.010134
vn -0.999897 0.010195 0.010134
vn -0.999897 0.010195 0.010134
vn -0.999897 0.010195 0.010134
vn -0.999897 -0.002202 -0.014155
vn -0.999897 -0.002202 -0.014155
vn -0.999897 -0.002202 -0.014155
vn -0.999897 -0.002202 -0.014155
vn 0.999902 -0.002176 -0.013812
vn 0.999902 -0.002176 -0.013812
vn 0.999902 -0.002176 -0.013812
vn 0.999902 -0.002176 -0.013812
vn 0.999902 0.006358 0.012460
vn 0.999902 0.006358 0.012460
vn 0.999902 0.006358 0.012460
vn 0.999902 0.006358 0.012460
vn -0.999897 0.006521 0.012769
vn -0.999897 0.006521 0.012769
vn -0.999897 0.006521 0.012769
vn -0.999897 0.006521 0.012769
vn -0.999897 -0.006569 -0.012769
vn -0.999897 -0.006569 -0.012769
vn -0.999897 -0.006569 -0.012769
vn -0.999897 -0.006569 -0.012769
vn 0.999902 -0.006358 -0.012460
vn 0.999902 -0.006358 -0.012460
vn 0.999902 -0.006358 -0.012460
vn 0.999902 -0.006358 -0.012460
vn 0.999902 0.002176 0.013812
vn 0.999902 0.002176 0.013812
vn 0.999902 0.002176 0.013812
vn 0.999902 0.002176 0.013812
vn -0.999897 0.002226 0.014155
vn -0.999897 0.002226 0.014155
vn -0.999897 0.002226 0.014155
vn -0.999897 0.002226 0.014155
vn -0.999897 -0.010171 -0.010134
vn -0.999897 -0.010171 -0.010134
vn -0.999897 -0.010171 -0.010134
vn -0.999897 -0.010171 -0.010134
vn 0.999903 -0.009810 -0.009888
vn 0.999903 -0.009810 -0.009888
vn 0.999903 -0.009810 -0.009888
vn 0.999903 -0.009810 -0.009888
vn 0.999902 -0.002188 0.013812
vn 0.999902 -0.002188 0.013812
vn 0.999902 -0.002188 0.013812
vn 0.999902 -0.002188 0.013812
vn -0.999897 -0.002238 0.014155
vn -0.999897 -0.002238 0.014155
vn -0.999897 -0.002238 0.014155
vn -0.999897 -0.002238 0.014155
vn -0.999897 -0.012762 -0.006506
vn -0.999897 -0.012762 -0.006506
vn -0.999897 -0.012762 -0.006506
vn -0.999897 -0.012761 -0.006506
vn 0.999902 -0.012462 -0.006349
vn 0.999902 -0.012462 -0.006349
vn 0.999902 -0.012462 -0.006349
vn 0.999902 -0.012462 -0.006349
vn 0.999902 -0.006346 0.012460
vn 0.999902 -0.006346 0.012460
vn 0.999902 -0.006346 0.012460
vn 0.999902 -0.006346 0.012460
vn -0.999897 -0.006509 0.012769
vn -0.999897 -0.006509 0.012769
vn -0.999897 -0.006509 0.012769
vn -0.999897 -0.006509 0.012769
vn -0.999897 -0.014185 -0.002242
vn -0.999897 -0.014185 -0.002242
vn -0.999897 -0.014185 -0.002242
vn -0.999897 -0.014185 -0.002242
vn 0.999902 -0.013806 -0.002188
vn 0.999902 -0.013806 -0.002188
vn 0.999902 -0.013806 -0.002188
vn 0.999902 -0.013806 -0.002188
vn 0.999902 -0.009958 0.009888
vn 0.999902 -0.009958 0.009888
vn 0.999902 -0.009958 0.009888
vn 0.999902 -0.009958 0.009888
vn -0.999898 -0.010111 0.010134
vn -0.999898 -0.010111 0.010134
vn -0.999898 -0.010111 0.010134
vn -0.999898 -0.010111 0.010134
vn -0.999897 -0.014213 0.002242
vn -0.999897 -0.014213 0.002242
vn -0.999897 -0.014213 0.002242
vn -0.999897 -0.014213 0.002242
vn 0.999901 -0.013880 0.002188
vn 0.999901 -0.013880 0.002188
vn 0.999901 -0.013880 0.002188
vn 0.999901 -0.013880 0.002188
vn 0.999901 -0.012522 0.006349
vn 0.999902 -0.012522 0.006349
vn 0.999902 -0.012522 0.006349
vn 0.999902 -0.012522 0.006349
vn -0.999898 -0.012708 0.006506
vn -0.999898 -0.012708 0.006506
vn -0.999898 -0.012708 0.006506
vn -0.999898 -0.012708 0.006506
s 1
g Sword
usemtl initialShadingGroup
f 1/1/1 2/2/2 3/3/3 4/4/4
f 1/1/1 4/4/4 6/5/5 5/6/6
s off
f 1/1/7 7/1916/8 8/1914/9 2/2/10
s 1
f 2/2/2 9/9/11 10/10/12 3/3/3
s off
f 3/3/13 11/1913/14 12/1915/15 4/4/16
s 1
f 5/6/6 6/5/5 14/13/17 13/14/18
s off
f 1/1/19 5/6/20 15/1476/21 7/1916/22
f 4/4/23 12/1915/24 16/1475/25 6/5/26
s 2
f 7/7/27 17/1912/28 18/1911/29 8/8/30
s off
f 2/2/31 8/1914/32 19/1910/33 9/9/34
s 1
f 9/9/11 20/20/35 21/21/36 10/10/12
s off
f 3/3/37 10/10/38 22/1909/39 11/1913/40
s 3
f 11/11/41 24/23/42 23/1592/43 12/12/44
s 1
f 13/14/18 14/13/17 26/25/45 25/26/46
s off
f 5/6/47 13/14/48 27/1908/49 15/1476/50
f 6/5/51 16/1475/52 28/1907/53 14/13/54
s 2
f 7/7/27 15/15/55 29/1474/56 17/1912/28
s off
f 17/17/57 31/31/58 32/32/59 18/18/60
s 2
f 8/8/30 18/1911/29 33/1906/61 19/19/62
s off
f 9/9/63 19/1910/64 34/1905/65 20/20/66
s 1
f 20/20/35 35/35/67 36/36/68 21/21/36
s off
f 10/10/69 21/21/70 37/1904/71 22/1909/72
s 1
f 25/26/46 26/25/45 40/39/73 39/40/74
s off
f 13/14/75 25/26/76 41/1903/77 27/1908/78
f 14/13/79 28/1907/80 42/1902/81 26/25/82
s 2
f 15/15/55 27/27/83 43/1901/84 29/1474/56
s 3
f 16/16/85 30/30/86 44/1595/87 28/28/88
s off
f 17/17/89 29/29/90 45/45/91 31/31/92
f 18/18/93 32/32/94 46/46/95 33/33/96
s 4
f 31/31/97 47/47/98 48/48/99 32/32/100
s 2
f 19/19/62 33/1906/61 49/1900/101 34/34/102
s off
f 20/20/103 34/1905/104 50/1899/105 35/35/106
s 1
f 35/35/67 51/51/107 52/52/108 36/36/68
s off
f 21/21/109 36/36/110 53/1898/111 37/1904/112
s 1
f 39/40/74 40/39/73 56/55/113 55/56/114
s off
f 25/26/115 39/40/116 57/1897/117 41/1903/118
f 26/25/119 42/1902/120 58/1896/121 40/39/122
s 2
f 27/27/83 41/41/123 59/1895/124 43/1901/84
s 3
f 28/28/88 44/1595/87 60/1587/125 42/42/126
s off
f 29/29/127 43/43/128 61/61/129 45/45/130
s 4
f 31/31/97 45/45/131 62/62/132 47/47/98
s off
f 33/33/133 46/46/134 63/63/135 49/49/136
s 4
f 32/32/100 48/48/99 64/64/137 46/46/138
s off
f 47/47/139 65/1894/140 66/1893/141 48/48/142
s 2
f 34/34/102 49/1900/101 67/1892/143 50/50/144
s off
f 35/35/145 50/1899/146 68/1891/147 51/51/148
s 1
f 51/51/107 69/69/149 70/70/150 52/52/108
s off
f 36/36/151 52/52/152 71/1890/153 53/1898/154
s 1
f 55/56/114 56/55/113 74/73/155 73/74/156
s off
f 39/40/157 55/56/158 75/1889/159 57/1897/160
f 40/39/161 58/1896/162 76/1888/163 56/55/164
s 2
f 41/41/123 57/57/165 77/1887/166 59/1895/124
s off
f 43/43/167 59/59/168 79/79/169 61/61/170
s 4
f 45/45/131 61/61/171 80/80/172 62/62/132
s off
f 47/47/173 62/62/174 81/1473/175 65/1894/176
f 49/49/177 63/63/178 82/82/179 67/67/180
s 4
f 46/46/138 64/64/137 83/83/181 63/63/182
s off
f 48/48/183 66/1893/184 84/1885/185 64/64/186
s 5
f 65/65/187 85/1886/188 86/1884/189 66/66/190
s 2
f 50/50/144 67/1892/143 87/1883/191 68/68/192
s off
f 51/51/193 68/1891/194 88/1882/195 69/69/196
s 1
f 69/69/149 89/89/197 90/90/198 70/70/150
s off
f 52/52/199 70/70/200 91/1881/201 71/1890/202
s 3
f 53/53/203 71/71/204 92/1585/205 72/1588/206
s 1
f 73/74/156 74/73/155 94/93/207 93/94/208
s off
f 55/56/209 73/74/210 95/1880/211 75/1889/212
f 56/55/213 76/1888/214 96/1879/215 74/73/216
s 2
f 57/57/165 75/75/217 97/1878/218 77/1887/166
s off
f 59/59/219 77/77/220 99/99/221 79/79/222
s 4
f 61/61/171 79/79/223 100/100/224 80/80/172
s off
f 62/62/225 80/80/226 101/1877/227 81/1473/228
s 5
f 65/65/187 81/81/229 102/1472/230 85/1886/188
s off
f 67/67/231 82/82/232 103/103/233 87/87/234
s 4
f 63/63/182 83/83/181 104/104/235 82/82/236
s off
f 64/64/237 84/1885/238 105/1876/239 83/83/240
s 5
f 66/66/190 86/1884/189 106/1875/241 84/84/242
s off
f 85/85/243 107/107/244 108/108/245 86/86/246
s 2
f 68/68/192 87/1883/191 109/1874/247 88/88/248
s off
f 69/69/249 88/1882/250 110/1873/251 89/89/252
s 1
f 89/89/197 111/111/253 112/112/254 90/90/198
s off
f 70/70/255 90/90/256 113/1872/257 91/1881/258
s 1
f 93/94/208 94/93/207 116/115/259 115/116/260
s off
f 73/74/261 93/94/262 117/1871/263 95/1880/264
f 74/73/265 96/1879/266 118/1870/267 94/93/268
s 2
f 75/75/217 95/95/269 119/1869/270 97/1878/218
s off
f 77/77/271 97/97/272 121/121/273 99/99/274
s 4
f 79/79/223 99/99/275 122/122/276 100/100/224
s off
f 80/80/277 100/100/278 123/1868/279 101/1877/280
s 5
f 81/81/229 101/101/281 124/1867/282 102/1472/230
s off
f 85/85/283 102/102/284 125/125/285 107/107/286
f 87/87/287 103/103/288 126/126/289 109/109/290
s 4
f 82/82/236 104/104/235 127/127/291 103/103/292
s off
f 83/83/293 105/1876/294 128/1866/295 104/104/296
s 5
f 84/84/242 106/1875/241 129/1865/297 105/105/298
s off
f 86/86/299 108/108/300 130/130/301 106/106/302
s 7
f 107/107/303 131/131/304 132/132/305 108/108/306
s 2
f 88/88/248 109/1874/247 133/1864/307 110/110/308
s off
f 89/89/309 110/1873/310 134/1863/311 111/111/312
s 1
f 111/111/253 135/1563/313 136/1562/314 112/112/254
s off
f 90/90/315 112/112/316 137/1862/317 113/1872/318
s 1
f 115/116/260 116/115/259 140/139/319 139/140/320
s off
f 93/94/321 115/116/322 141/1861/323 117/1871/324
f 94/93/325 118/1870/326 142/1860/327 116/115/328
s 2
f 95/95/269 117/117/329 143/1859/330 119/1869/270
s 3
f 96/96/331 120/1584/332 144/1582/333 118/118/334
s off
f 97/97/335 119/119/336 145/145/337 121/121/338
s 4
f 99/99/275 121/121/339 146/146/340 122/122/276
s off
f 100/100/341 122/122/342 147/1858/343 123/1868/344
s 5
f 101/101/281 123/123/345 148/1857/346 124/1867/282
s off
f 102/102/347 124/124/348 149/149/349 125/125/350
s 7
f 107/107/303 125/125/351 150/150/352 131/131/304
s off
f 109/109/353 126/126/354 151/151/355 133/133/356
s 4
f 103/103/292 127/127/291 152/152/357 126/126/358
s off
f 104/104/359 128/1866/360 153/1855/361 127/127/362
s 5
f 105/105/298 129/1865/297 154/1854/363 128/128/364
s off
f 106/106/365 130/130/366 155/155/367 129/129/368
s 7
f 108/108/306 132/132/305 156/156/369 130/130/370
s off
f 131/131/371 157/1856/372 158/1853/373 132/132/374
s 2
f 110/110/308 133/1864/307 159/1852/375 134/134/376
s off
f 111/111/377 134/1863/378 160/1850/379 135/1563/380
s 1
f 135/135/313 161/161/381 162/162/382 136/136/314
s off
f 112/112/383 136/1562/384 163/1559/385 137/1862/386
s 3
f 113/113/387 137/137/388 164/164/389 138/1580/390
s 1
f 139/140/320 140/139/319 162/162/382 161/161/381
s off
f 115/116/391 139/140/392 165/1847/393 141/1861/394
f 116/115/395 142/1860/396 166/1844/397 140/139/398
s 2
f 117/117/329 141/141/399 167/1843/400 143/1859/330
s off
f 119/119/401 143/143/402 169/169/403 145/145/404
s 4
f 121/121/339 145/145/405 170/170/406 146/146/340
s off
f 122/122/407 146/146/408 171/1842/409 147/1858/410
s 5
f 123/123/345 147/147/411 172/1841/412 148/1857/346
s off
f 124/124/413 148/148/414 173/173/415 149/149/416
s 7
f 125/125/351 149/149/417 174/174/418 150/150/352
s off
f 131/131/419 150/150/420 175/1471/421 157/1856/422
f 133/133/423 151/151/424 176/176/425 159/159/426
s 4
f 126/126/358 152/152/357 177/177/427 151/151/428
s off
f 127/127/429 153/1855/430 178/1839/431 152/152/432
s 5
f 128/128/364 154/1854/363 179/1838/433 153/153/434
s off
f 129/129/435 155/155/436 180/180/437 154/154/438
s 7
f 130/130/370 156/156/369 181/181/439 155/155/440
s off
f 132/132/441 158/1853/442 182/1837/443 156/156/444
s 10
f 157/157/445 183/1840/446 184/1836/447 158/158/448
s 2
f 134/134/376 159/1852/375 185/1834/449 160/1561/450
s off
f 135/135/451 160/1851/452 186/1846/453 161/161/454
f 136/136/455 162/162/456 187/1845/457 163/1848/458
f 139/140/459 161/161/460 186/1846/461 165/1847/462
f 140/139/463 166/1844/464 187/1845/465 162/162/466
s 2
f 141/141/399 165/165/467 189/1833/468 167/1843/400
s off
f 143/143/469 167/167/470 191/191/471 169/169/472
s 4
f 145/145/405 169/169/473 192/192/474 170/170/406
s off
f 146/146/475 170/170/476 193/1831/477 171/1842/478
s 5
f 147/147/411 171/171/479 194/1830/480 172/1841/412
s off
f 148/148/481 172/172/482 195/195/483 173/173/484
s 7
f 149/149/417 173/173/485 196/196/486 174/174/418
s off
f 150/150/487 174/174/488 197/1829/489 175/1471/490
s 10
f 157/157/445 175/175/491 198/1470/492 183/1840/446
s off
f 159/159/493 176/176/494 199/199/495 185/1560/496
s 4
f 151/151/428 177/177/427 200/200/497 176/176/498
s off
f 152/152/499 178/1839/500 201/1828/501 177/177/502
s 5
f 153/153/434 179/1838/433 202/1827/503 178/178/504
s off
f 154/154/505 180/180/506 203/203/507 179/179/508
s 7
f 155/155/440 181/181/439 204/204/509 180/180/510
s off
f 156/156/511 182/1837/512 205/1826/513 181/181/514
s 10
f 158/158/448 184/1836/447 206/1825/515 182/182/516
s off
f 183/183/517 207/207/518 208/208/519 184/184/520
s 2
f 160/160/450 185/1835/449 209/1832/521 186/186/522
s 3
f 163/163/523 187/187/524 210/210/525 188/1925/526
s 2
f 165/165/467 186/186/522 209/1832/521 189/1833/468
s 3
f 166/166/527 190/1579/528 210/210/525 187/187/524
s off
f 167/167/529 189/189/530 211/211/531 191/191/532
s 4
f 169/169/473 191/191/533 212/212/534 192/192/474
s off
f 170/170/535 192/192/536 213/1824/537 193/1831/538
s 5
f 171/171/479 193/193/539 214/1823/540 194/1830/480
s off
f 172/172/541 194/194/542 215/215/543 195/195/544
s 7
f 173/173/485 195/195/545 216/216/546 196/196/486
s off
f 174/174/547 196/196/548 217/1822/549 197/1829/550
s 10
f 175/175/491 197/197/551 218/1821/552 198/1470/492
s off
f 183/183/553 198/198/554 219/219/555 207/207/556
f 185/185/557 199/1558/558 220/220/559 209/209/560
s 4
f 176/176/498 200/200/497 221/221/561 199/199/562
s off
f 177/177/563 201/1828/564 222/1820/565 200/200/566
s 5
f 178/178/504 202/1827/503 223/1819/567 201/201/568
s off
f 179/179/569 203/203/570 224/224/571 202/202/572
s 7
f 180/180/510 204/204/509 225/225/573 203/203/574
s off
f 181/181/575 205/1826/576 226/1818/577 204/204/578
s 10
f 182/182/516 206/1825/515 227/1817/579 205/205/580
s off
f 184/184/581 208/208/582 228/228/583 206/206/584
s 12
f 207/207/585 229/229/586 230/230/587 208/208/588
s off
f 189/189/589 209/209/590 220/220/591 211/211/592
s 4
f 191/191/533 211/211/593 231/231/594 212/212/534
s off
f 192/192/595 212/212/596 232/1816/597 213/1824/598
s 5
f 193/193/539 213/213/599 233/1815/600 214/1823/540
s off
f 194/194/601 214/214/602 234/234/603 215/215/604
s 7
f 195/195/545 215/215/605 235/235/606 216/216/546
s off
f 196/196/607 216/216/608 236/1814/609 217/1822/610
s 10
f 197/197/551 217/217/611 237/1813/612 218/1821/552
s off
f 198/198/613 218/218/614 238/238/615 219/219/616
s 12
f 207/207/585 219/219/617 239/239/618 229/229/586
s 4
f 199/1558/562 221/1557/561 240/240/619 220/220/620
s off
f 200/200/621 222/1820/622 241/1810/623 221/221/624
s 5
f 201/201/568 223/1819/567 242/1809/625 222/222/626
s off
f 202/202/627 224/224/628 243/243/629 223/223/630
s 7
f 203/203/574 225/225/573 244/244/631 224/224/632
s off
f 204/204/633 226/1818/634 245/1808/635 225/225/636
s 10
f 205/205/580 227/1817/579 246/1807/637 226/226/638
s off
f 206/206/639 228/228/640 247/247/641 227/227/642
s 12
f 208/208/588 230/230/587 248/248/643 228/228/644
s off
f 229/229/645 249/1812/646 250/1806/647 230/230/648
s 4
f 211/211/593 220/220/620 240/240/619 231/231/594
s off
f 212/212/649 231/231/650 251/1805/651 232/1816/652
s 5
f 213/213/599 232/232/653 252/1803/654 233/1815/600
s off
f 214/214/655 233/233/656 253/253/657 234/234/658
s 7
f 215/215/605 234/234/659 254/254/660 235/235/606
s off
f 216/216/661 235/235/662 255/1802/663 236/1814/664
s 10
f 217/217/611 236/236/665 256/1801/666 237/1813/612
s off
f 218/218/667 237/237/668 257/257/669 238/238/670
s 12
f 219/219/617 238/238/671 258/258/672 239/239/618
s off
f 229/229/673 239/239/674 259/1469/675 249/1812/676
f 221/1557/677 241/1556/678 260/1804/679 240/240/680
s 5
f 222/222/626 242/1809/625 261/1798/681 241/241/682
s off
f 223/223/683 243/243/684 262/262/685 242/242/686
s 7
f 224/224/632 244/244/631 263/263/687 243/243/688
s off
f 225/225/689 245/1808/690 264/1797/691 244/244/692
s 10
f 226/226/638 246/1807/637 265/1796/693 245/245/694
s off
f 227/227/695 247/247/696 266/266/697 246/246/698
s 12
f 228/228/644 248/248/643 267/267/699 247/247/700
s off
f 230/230/701 250/1806/702 268/1795/703 248/248/704
s 13
f 249/249/705 269/1800/706 270/1794/707 250/250/708
s off
f 231/231/709 240/240/710 260/1804/711 251/1805/712
s 5
f 232/232/653 251/251/713 271/1793/714 252/1803/654
s off
f 233/233/715 252/252/716 272/272/717 253/253/718
s 7
f 234/234/659 253/253/719 273/273/720 254/254/660
s off
f 235/235/721 254/254/722 274/1791/723 255/1802/724
s 10
f 236/236/665 255/255/725 275/1790/726 256/1801/666
s off
f 237/237/727 256/256/728 276/276/729 257/257/730
s 12
f 238/238/671 257/257/731 277/277/732 258/258/672
s off
f 239/239/733 258/258/734 278/1789/735 259/1469/736
s 13
f 249/249/705 259/259/737 279/1468/738 269/1800/706
s 5
f 241/1811/682 261/1555/681 280/1792/739 260/260/740
s off
f 242/242/741 262/262/742 281/281/743 261/261/744
s 7
f 243/243/688 263/263/687 282/282/745 262/262/746
s off
f 244/244/747 264/1797/748 283/1788/749 263/263/750
s 10
f 245/245/694 265/1796/693 284/1787/751 264/264/752
s off
f 246/246/753 266/266/754 285/285/755 265/265/756
s 12
f 247/247/700 267/267/699 286/286/757 266/266/758
s off
f 248/248/759 268/1795/760 287/1786/761 267/267/762
s 13
f 250/250/708 270/1794/707 288/1785/763 268/268/764
s off
f 269/269/765 289/289/766 290/290/767 270/270/768
s 5
f 251/251/713 260/260/740 280/1792/739 271/1793/714
s off
f 252/252/769 271/271/770 291/291/771 272/272/772
s 7
f 253/253/719 272/272/773 292/292/774 273/273/720
s off
f 254/254/775 273/273/776 293/1784/777 274/1791/778
s 10
f 255/255/725 274/274/779 294/1783/780 275/1790/726
s off
f 256/256/781 275/275/782 295/295/783 276/276/784
s 12
f 257/257/731 276/276/785 296/296/786 277/277/732
s off
f 258/258/787 277/277/788 297/1782/789 278/1789/790
s 13
f 259/259/737 278/278/791 298/1781/792 279/1468/738
s off
f 269/269/793 279/279/794 299/299/795 289/289/796
f 261/1799/797 281/1554/798 300/300/799 280/280/800
s 7
f 262/262/746 282/282/745 301/301/801 281/281/802
s off
f 263/263/803 283/1788/804 302/1780/805 282/282/806
s 10
f 264/264/752 284/1787/751 303/1779/807 283/283/808
s off
f 265/265/809 285/285/810 304/304/811 284/284/812
s 12
f 266/266/758 286/286/757 305/305/813 285/285/814
s off
f 267/267/815 287/1786/816 306/1778/817 286/286/818
s 13
f 268/268/764 288/1785/763 307/1777/819 287/287/820
s off
f 270/270/821 290/290/822 308/308/823 288/288/824
s 14
f 289/289/825 309/309/826 310/310/827 290/290/828
s off
f 271/271/829 280/280/830 300/300/831 291/291/832
s 7
f 272/272/773 291/291/833 311/311/834 292/292/774
s off
f 273/273/835 292/292/836 312/1776/837 293/1784/838
s 10
f 274/274/779 293/293/839 313/1775/840 294/1783/780
s off
f 275/275/841 294/294/842 314/314/843 295/295/844
s 12
f 276/276/785 295/295/845 315/315/846 296/296/786
s off
f 277/277/847 296/296/848 316/1774/849 297/1782/850
s 13
f 278/278/791 297/297/851 317/1773/852 298/1781/792
s off
f 279/279/853 298/298/854 318/318/855 299/299/856
s 14
f 289/289/825 299/299/857 319/319/858 309/309/826
s 7
f 281/1554/802 301/1553/801 320/320/859 300/300/860
s off
f 282/282/861 302/1780/862 321/1770/863 301/301/864
s 10
f 283/283/808 303/1779/807 322/1769/865 302/302/866
s off
f 284/284/867 304/304/868 323/323/869 303/303/870
s 12
f 285/285/814 305/305/813 324/324/871 304/304/872
s off
f 286/286/873 306/1778/874 325/1768/875 305/305/876
s 13
f 287/287/820 307/1777/819 326/1767/877 306/306/878
s off
f 288/288/879 308/308/880 327/327/881 307/307/882
s 14
f 290/290/828 310/310/827 328/328/883 308/308/884
s off
f 309/309/885 329/1772/886 330/1766/887 310/310/888
s 7
f 291/291/833 300/300/860 320/320/859 311/311/834
s off
f 292/292/889 311/311/890 331/1765/891 312/1776/892
s 10
f 293/293/839 312/312/893 332/1763/894 313/1775/840
s off
f 294/294/895 313/313/896 333/333/897 314/314/898
s 12
f 295/295/845 314/314/899 334/334/900 315/315/846
s off
f 296/296/901 315/315/902 335/1762/903 316/1774/904
s 13
f 297/297/851 316/316/905 336/1761/906 317/1773/852
s off
f 298/298/907 317/317/908 337/337/909 318/318/910
s 14
f 299/299/857 318/318/911 338/338/912 319/319/858
s off
f 309/309/913 319/319/914 339/1467/915 329/1772/916
f 301/1553/917 321/1552/918 340/1764/919 320/320/920
s 10
f 302/302/866 322/1769/865 341/1758/921 321/321/922
s off
f 303/303/923 323/323/924 342/342/925 322/322/926
s 12
f 304/304/872 324/324/871 343/343/927 323/323/928
s off
f 305/305/929 325/1768/930 344/1757/931 324/324/932
s 13
f 306/306/878 326/1767/877 345/1756/933 325/325/934
s off
f 307/307/935 327/327/936 346/346/937 326/326/938
s 14
f 308/308/884 328/328/883 347/347/939 327/327/940
s off
f 310/310/941 330/1766/942 348/1755/943 328/328/944
s 15
f 329/329/945 349/1760/946 350/1754/947 330/330/948
s off
f 311/311/949 320/320/950 340/1764/951 331/1765/952
s 10
f 312/312/893 331/331/953 351/1753/954 332/1763/894
s off
f 313/313/955 332/332/956 352/352/957 333/333/958
s 12
f 314/314/899 333/333/959 353/353/960 334/334/900
s off
f 315/315/961 334/334/962 354/1751/963 335/1762/964
s 13
f 316/316/905 335/335/965 355/1750/966 336/1761/906
s off
f 317/317/967 336/336/968 356/356/969 337/337/970
s 14
f 318/318/911 337/337/971 357/357/972 338/338/912
s off
f 319/319/973 338/338/974 358/1749/975 339/1467/976
s 15
f 329/329/945 339/339/977 359/1466/978 349/1760/946
s 10
f 321/1771/922 341/1551/921 360/1752/979 340/340/980
s off
f 322/322/981 342/342/982 361/361/983 341/341/984
s 12
f 323/323/928 343/343/927 362/362/985 342/342/986
s off
f 324/324/987 344/1757/988 363/1748/989 343/343/990
s 13
f 325/325/934 345/1756/933 364/1747/991 344/344/992
s off
f 326/326/993 346/346/994 365/365/995 345/345/996
s 14
f 327/327/940 347/347/939 366/366/997 346/346/998
s off
f 328/328/999 348/1755/1000 367/1746/1001 347/347/1002
s 15
f 330/330/948 350/1754/947 368/1745/1003 348/348/1004
s off
f 349/349/1005 369/369/1006 370/370/1007 350/350/1008
s 10
f 331/331/953 340/340/980 360/1752/979 351/1753/954
s off
f 332/332/1009 351/351/1010 371/371/1011 352/352/1012
s 12
f 333/333/959 352/352/1013 372/372/1014 353/353/960
s off
f 334/334/1015 353/353/1016 373/1744/1017 354/1751/1018
s 13
f 335/335/965 354/354/1019 374/1743/1020 355/1750/966
s off
f 336/336/1021 355/355/1022 375/375/1023 356/356/1024
s 14
f 337/337/971 356/356/1025 376/376/1026 357/357/972
s off
f 338/338/1027 357/357/1028 377/1742/1029 358/1749/1030
s 15
f 339/339/977 358/358/1031 378/1741/1032 359/1466/978
s off
f 349/349/1033 359/359/1034 379/379/1035 369/369/1036
f 341/1759/1037 361/1550/1038 380/380/1039 360/360/1040
s 12
f 342/342/986 362/362/985 381/381/1041 361/361/1042
s off
f 343/343/1043 363/1748/1044 382/1740/1045 362/362/1046
s 13
f 344/344/992 364/1747/991 383/1739/1047 363/363/1048
s off
f 345/345/1049 365/365/1050 384/384/1051 364/364/1052
s 14
f 346/346/998 366/366/997 385/385/1053 365/365/1054
s off
f 347/347/1055 367/1746/1056 386/1738/1057 366/366/1058
s 15
f 348/348/1004 368/1745/1003 387/1737/1059 367/367/1060
s off
f 350/350/1061 370/370/1062 388/388/1063 368/368/1064
s 16
f 369/369/1065 389/389/1066 390/390/1067 370/370/1068
s off
f 351/351/1069 360/360/1070 380/380/1071 371/371/1072
s 12
f 352/352/1013 371/371/1073 391/391/1074 372/372/1014
s off
f 353/353/1075 372/372/1076 392/1736/1077 373/1744/1078
s 13
f 354/354/1019 373/373/1079 393/1735/1080 374/1743/1020
s off
f 355/355/1081 374/374/1082 394/394/1083 375/375/1084
s 14
f 356/356/1025 375/375/1085 395/395/1086 376/376/1026
s off
f 357/357/1087 376/376/1088 396/1734/1089 377/1742/1090
s 15
f 358/358/1031 377/377/1091 397/1733/1092 378/1741/1032
s off
f 359/359/1093 378/378/1094 398/398/1095 379/379/1096
s 16
f 369/369/1065 379/379/1097 399/399/1098 389/389/1066
s 12
f 361/1550/1042 381/1549/1041 400/400/1099 380/380/1100
s off
f 362/362/1101 382/1740/1102 401/1730/1103 381/381/1104
s 13
f 363/363/1048 383/1739/1047 402/1729/1105 382/382/1106
s off
f 364/364/1107 384/384/1108 403/403/1109 383/383/1110
s 14
f 365/365/1054 385/385/1053 404/404/1111 384/384/1112
s off
f 366/366/1113 386/1738/1114 405/1728/1115 385/385/1116
s 15
f 367/367/1060 387/1737/1059 406/1727/1117 386/386/1118
s off
f 368/368/1119 388/388/1120 407/407/1121 387/387/1122
s 16
f 370/370/1068 390/390/1067 408/408/1123 388/388/1124
s off
f 389/389/1125 409/1732/1126 410/1726/1127 390/390/1128
s 12
f 371/371/1073 380/380/1100 400/400/1099 391/391/1074
s off
f 372/372/1129 391/391/1130 411/1725/1131 392/1736/1132
s 13
f 373/373/1079 392/392/1133 412/1723/1134 393/1735/1080
s off
f 374/374/1135 393/393/1136 413/413/1137 394/394/1138
s 14
f 375/375/1085 394/394/1139 414/414/1140 395/395/1086
s off
f 376/376/1141 395/395/1142 415/1722/1143 396/1734/1144
s 15
f 377/377/1091 396/396/1145 416/1721/1146 397/1733/1092
s off
f 378/378/1147 397/397/1148 417/417/1149 398/398/1150
s 16
f 379/379/1097 398/398/1151 418/418/1152 399/399/1098
s off
f 389/389/1153 399/399/1154 419/1465/1155 409/1732/1156
f 381/1549/1157 401/1548/1158 420/1724/1159 400/400/1160
s 13
f 382/382/1106 402/1729/1105 421/1718/1161 401/401/1162
s off
f 383/383/1163 403/403/1164 422/422/1165 402/402/1166
s 14
f 384/384/1112 404/404/1111 423/423/1167 403/403/1168
s off
f 385/385/1169 405/1728/1170 424/1717/1171 404/404/1172
s 15
f 386/386/1118 406/1727/1117 425/1716/1173 405/405/1174
s off
f 387/387/1175 407/407/1176 426/426/1177 406/406/1178
s 16
f 388/388/1124 408/408/1123 427/427/1179 407/407/1180
s off
f 390/390/1181 410/1726/1182 428/1715/1183 408/408/1184
s 17
f 409/409/1185 429/1720/1186 430/1714/1187 410/410/1188
s off
f 391/391/1189 400/400/1190 420/1724/1191 411/1725/1192
s 13
f 392/392/1133 411/411/1193 431/1713/1194 412/1723/1134
s off
f 393/393/1195 412/412/1196 432/432/1197 413/413/1198
s 14
f 394/394/1139 413/413/1199 433/433/1200 414/414/1140
s off
f 395/395/1201 414/414/1202 434/1711/1203 415/1722/1204
s 15
f 396/396/1145 415/415/1205 435/1710/1206 416/1721/1146
s off
f 397/397/1207 416/416/1208 436/436/1209 417/417/1210
s 16
f 398/398/1151 417/417/1211 437/437/1212 418/418/1152
s off
f 399/399/1213 418/418/1214 438/1709/1215 419/1465/1216
s 17
f 409/409/1185 419/419/1217 439/1464/1218 429/1720/1186
s 13
f 401/1731/1162 421/1547/1161 440/1712/1219 420/420/1220
s off
f 402/402/1221 422/422/1222 441/441/1223 421/421/1224
s 14
f 403/403/1168 423/423/1167 442/442/1225 422/422/1226
s off
f 404/404/1227 424/1717/1228 443/1708/1229 423/423/1230
s 15
f 405/405/1174 425/1716/1173 444/1707/1231 424/424/1232
s off
f 406/406/1233 426/426/1234 445/445/1235 425/425/1236
s 16
f 407/407/1180 427/427/1179 446/446/1237 426/426/1238
s off
f 408/408/1239 428/1715/1240 447/1706/1241 427/427/1242
s 17
f 410/410/1188 430/1714/1187 448/1705/1243 428/428/1244
s off
f 429/429/1245 449/449/1246 450/450/1247 430/430/1248
s 13
f 411/411/1193 420/420/1220 440/1712/1219 431/1713/1194
s off
f 412/412/1249 431/431/1250 451/451/1251 432/432/1252
s 14
f 413/413/1199 432/432/1253 452/452/1254 433/433/1200
s off
f 414/414/1255 433/433/1256 453/1704/1257 434/1711/1258
s 15
f 415/415/1205 434/434/1259 454/1703/1260 435/1710/1206
s off
f 416/416/1261 435/435/1262 455/455/1263 436/436/1264
s 16
f 417/417/1211 436/436/1265 456/456/1266 437/437/1212
s off
f 418/418/1267 437/437/1268 457/1702/1269 438/1709/1270
s 17
f 419/419/1217 438/438/1271 458/1701/1272 439/1464/1218
s off
f 429/429/1273 439/439/1274 459/459/1275 449/449/1276
f 421/1719/1277 441/1546/1278 460/460/1279 440/440/1280
s 14
f 422/422/1226 442/442/1225 461/461/1281 441/441/1282
s off
f 423/423/1283 443/1708/1284 462/1700/1285 442/442/1286
s 15
f 424/424/1232 444/1707/1231 463/1699/1287 443/443/1288
s off
f 425/425/1289 445/445/1290 464/464/1291 444/444/1292
s 16
f 426/426/1238 446/446/1237 465/465/1293 445/445/1294
s off
f 427/427/1295 447/1706/1296 466/1698/1297 446/446/1298
s 17
f 428/428/1244 448/1705/1243 467/1697/1299 447/447/1300
s off
f 430/430/1301 450/450/1302 468/468/1303 448/448/1304
s 18
f 449/449/1305 469/469/1306 470/470/1307 450/450/1308
s off
f 431/431/1309 440/440/1310 460/460/1311 451/451/1312
s 14
f 432/432/1253 451/451/1313 471/471/1314 452/452/1254
s off
f 433/433/1315 452/452/1316 472/1696/1317 453/1704/1318
s 15
f 434/434/1259 453/453/1319 473/1695/1320 454/1703/1260
s off
f 435/435/1321 454/454/1322 474/474/1323 455/455/1324
s 16
f 436/436/1265 455/455/1325 475/475/1326 456/456/1266
s off
f 437/437/1327 456/456/1328 476/1694/1329 457/1702/1330
s 17
f 438/438/1271 457/457/1331 477/1693/1332 458/1701/1272
s off
f 439/439/1333 458/458/1334 478/478/1335 459/459/1336
s 18
f 449/449/1305 459/459/1337 479/479/1338 469/469/1306
s 14
f 441/1546/1282 461/1545/1281 480/480/1339 460/460/1340
s off
f 442/442/1341 462/1700/1342 481/1690/1343 461/461/1344
s 15
f 443/443/1288 463/1699/1287 482/1689/1345 462/462/1346
s off
f 444/444/1347 464/464/1348 483/483/1349 463/463/1350
s 16
f 445/445/1294 465/465/1293 484/484/1351 464/464/1352
s off
f 446/446/1353 466/1698/1354 485/1688/1355 465/465/1356
s 17
f 447/447/1300 467/1697/1299 486/1687/1357 466/466/1358
s off
f 448/448/1359 468/468/1360 487/487/1361 467/467/1362
s 18
f 450/450/1308 470/470/1307 488/488/1363 468/468/1364
s off
f 469/469/1365 489/1692/1366 490/1686/1367 470/470/1368
s 14
f 451/451/1313 460/460/1340 480/480/1339 471/471/1314
s off
f 452/452/1369 471/471/1370 491/1685/1371 472/1696/1372
s 15
f 453/453/1319 472/472/1373 492/1683/1374 473/1695/1320
s off
f 454/454/1375 473/473/1376 493/493/1377 474/474/1378
s 16
f 455/455/1325 474/474/1379 494/494/1380 475/475/1326
s off
f 456/456/1381 475/475/1382 495/1682/1383 476/1694/1384
s 17
f 457/457/1331 476/476/1385 496/1681/1386 477/1693/1332
s off
f 458/458/1387 477/477/1388 497/497/1389 478/478/1390
s 18
f 459/459/1337 478/478/1391 498/498/1392 479/479/1338
s off
f 469/469/1393 479/479/1394 499/1463/1395 489/1692/1396
f 461/1545/1397 481/1544/1398 500/1684/1399 480/480/1400
s 15
f 462/462/1346 482/1689/1345 501/1678/1401 481/481/1402
s off
f 463/463/1403 483/483/1404 502/502/1405 482/482/1406
s 16
f 464/464/1352 484/484/1351 503/503/1407 483/483/1408
s off
f 465/465/1409 485/1688/1410 504/1677/1411 484/484/1412
s 17
f 466/466/1358 486/1687/1357 505/1676/1413 485/485/1414
s off
f 467/467/1415 487/487/1416 506/506/1417 486/486/1418
s 18
f 468/468/1364 488/488/1363 507/507/1419 487/487/1420
s off
f 470/470/1421 490/1686/1422 508/1675/1423 488/488/1424
s 19
f 489/489/1425 509/1680/1426 510/1674/1427 490/490/1428
s off
f 471/471/1429 480/480/1430 500/1684/1431 491/1685/1432
s 15
f 472/472/1373 491/491/1433 511/1673/1434 492/1683/1374
s off
f 473/473/1435 492/492/1436 512/512/1437 493/493/1438
s 16
f 474/474/1379 493/493/1439 513/513/1440 494/494/1380
s off
f 475/475/1441 494/494/1442 514/1671/1443 495/1682/1444
s 17
f 476/476/1385 495/495/1445 515/1670/1446 496/1681/1386
s off
f 477/477/1447 496/496/1448 516/516/1449 497/497/1450
s 18
f 478/478/1391 497/497/1451 517/517/1452 498/498/1392
s off
f 479/479/1453 498/498/1454 518/1669/1455 499/1463/1456
s 19
f 489/489/1425 499/499/1457 519/1462/1458 509/1680/1426
s 15
f 481/1691/1402 501/1543/1401 520/1672/1459 500/500/1460
s off
f 482/482/1461 502/502/1462 521/521/1463 501/501/1464
s 16
f 483/483/1408 503/503/1407 522/522/1465 502/502/1466
s off
f 484/484/1467 504/1677/1468 523/1668/1469 503/503/1470
s 17
f 485/485/1414 505/1676/1413 524/1667/1471 504/504/1472
s off
f 486/486/1473 506/506/1474 525/525/1475 505/505/1476
s 18
f 487/487/1420 507/507/1419 526/526/1477 506/506/1478
s off
f 488/488/1479 508/1675/1480 527/1666/1481 507/507/1482
s 19
f 490/490/1428 510/1674/1427 528/1665/1483 508/508/1484
f 509/509/1426 529/529/1485 530/530/1486 510/510/1427
s 15
f 491/491/1433 500/500/1460 520/1672/1459 511/1673/1434
s off
f 492/492/1487 511/511/1488 531/531/1489 512/512/1490
s 16
f 493/493/1439 512/512/1491 532/532/1492 513/513/1440
s off
f 494/494/1493 513/513/1494 533/1664/1495 514/1671/1496
s 17
f 495/495/1445 514/514/1497 534/1663/1498 515/1670/1446
s off
f 496/496/1499 515/515/1500 535/535/1501 516/516/1502
s 18
f 497/497/1451 516/516/1503 536/536/1504 517/517/1452
s off
f 498/498/1505 517/517/1506 537/1662/1507 518/1669/1508
s 19
f 499/499/1457 518/518/1509 538/1661/1510 519/1462/1458
f 509/509/1426 519/1948/1458 539/1947/1511 529/529/1485
s off
f 501/1679/1512 521/1542/1513 540/540/1514 520/520/1515
s 16
f 502/502/1466 522/522/1465 541/541/1516 521/521/1517
s off
f 503/503/1518 523/1668/1519 542/1660/1520 522/522/1521
s 17
f 504/504/1472 524/1667/1471 543/1659/1522 523/523/1523
s off
f 505/505/1524 525/525/1525 544/544/1526 524/524/1527
s 18
f 506/506/1478 526/526/1477 545/545/1528 525/525/1529
s off
f 507/507/1530 527/1666/1531 546/1658/1532 526/526/1533
s 19
f 508/508/1484 528/1665/1483 547/1657/1534 527/527/1535
f 510/510/1427 530/530/1486 548/548/1536 528/528/1483
s 20
f 529/529/1537 549/549/1538 550/550/1539 530/530/1540
s off
f 511/511/1541 520/520/1542 540/540/1543 531/531/1544
s 16
f 512/512/1491 531/531/1545 551/551/1546 532/532/1492
s off
f 513/513/1547 532/532/1548 552/1656/1549 533/1664/1550
s 17
f 514/514/1497 533/533/1551 553/1655/1552 534/1663/1498
s off
f 515/515/1553 534/534/1554 554/554/1555 535/535/1556
s 18
f 516/516/1503 535/535/1557 555/555/1558 536/536/1504
s off
f 517/517/1559 536/536/1560 556/1654/1561 537/1662/1562
s 19
f 518/518/1509 537/537/1563 557/1653/1564 538/1661/1510
f 519/519/1458 538/538/1510 558/558/1565 539/539/1511
s 20
f 529/529/1537 539/1947/1566 559/1946/1567 549/549/1538
s 16
f 521/1542/1517 541/1541/1516 560/560/1568 540/540/1569
s off
f 522/522/1570 542/1660/1571 561/1651/1572 541/541/1573
s 17
f 523/523/1523 543/1659/1522 562/1650/1574 542/542/1575
s off
f 524/524/1576 544/544/1577 563/563/1578 543/543/1579
s 18
f 525/525/1529 545/545/1528 564/564/1580 544/544/1581
s off
f 526/526/1582 546/1658/1583 565/1649/1584 545/545/1585
s 19
f 527/527/1535 547/1657/1534 566/1648/1586 546/546/1587
f 528/528/1483 548/548/1536 567/567/1588 547/547/1534
s 20
f 530/530/1540 550/550/1539 568/568/1589 548/548/1590
f 549/549/1538 569/569/1591 570/570/1592 550/550/1539
s 16
f 531/531/1545 540/540/1569 560/560/1568 551/551/1546
s off
f 532/532/1593 551/551/1594 571/1647/1595 552/1656/1596
s 17
f 533/533/1551 552/552/1597 572/1645/1598 553/1655/1552
s off
f 534/534/1599 553/553/1600 573/573/1601 554/554/1602
s 18
f 535/535/1557 554/554/1603 574/574/1604 555/555/1558
s off
f 536/536/1605 555/555/1606 575/1644/1607 556/1654/1608
s 19
f 537/537/1563 556/556/1609 576/1643/1610 557/1653/1564
f 538/538/1510 557/557/1564 577/577/1611 558/558/1565
s 20
f 539/539/1566 558/558/1612 578/578/1613 559/559/1567
f 549/549/1538 559/1946/1567 579/1945/1614 569/569/1591
s off
f 541/1541/1615 561/1540/1616 580/1646/1617 560/560/1618
s 17
f 542/542/1575 562/1650/1574 581/1641/1619 561/561/1620
s off
f 543/543/1621 563/563/1622 582/582/1623 562/562/1624
s 18
f 544/544/1581 564/564/1580 583/583/1625 563/563/1626
s off
f 545/545/1627 565/1649/1628 584/1640/1629 564/564/1630
s 19
f 546/546/1587 566/1648/1586 585/1639/1631 565/565/1632
f 547/547/1534 567/567/1588 586/586/1633 566/566/1586
s 20
f 548/548/1590 568/568/1589 587/587/1634 567/567/1635
f 550/550/1539 570/570/1592 588/588/1636 568/568/1589
f 569/569/1591 589/589/1637 590/590/1638 570/570/1592
s off
f 551/551/1639 560/560/1640 580/1646/1641 571/1647/1642
s 17
f 552/552/1597 571/571/1643 591/1638/1644 572/1645/1598
s off
f 553/553/1645 572/572/1646 592/592/1647 573/573/1648
s 18
f 554/554/1603 573/573/1649 593/593/1650 574/574/1604
s off
f 555/555/1651 574/574/1652 594/1636/1653 575/1644/1654
s 19
f 556/556/1609 575/575/1655 595/1635/1656 576/1643/1610
f 557/557/1564 576/576/1610 596/596/1657 577/577/1611
s 20
f 558/558/1612 577/577/1658 597/597/1659 578/578/1613
f 559/559/1567 578/578/1613 598/598/1660 579/579/1614
f 569/569/1591 579/1945/1614 599/1944/1661 589/589/1637
s 17
f 561/1652/1620 581/1539/1619 600/1637/1662 580/580/1663
s off
f 562/562/1664 582/582/1665 601/601/1666 581/581/1667
s 18
f 563/563/1626 583/583/1625 602/602/1668 582/582/1669
s off
f 564/564/1670 584/1640/1671 603/1634/1672 583/583/1673
s 19
f 565/565/1632 585/1639/1631 604/1633/1674 584/584/1675
f 566/566/1586 586/586/1633 605/605/1676 585/585/1631
s 20
f 567/567/1635 587/587/1634 606/606/1677 586/586/1678
f 568/568/1589 588/588/1636 607/607/1679 587/587/1634
f 570/570/1592 590/590/1638 608/608/1680 588/588/1636
f 589/589/1637 609/609/1681 610/610/1682 590/590/1638
s 17
f 571/571/1643 580/580/1663 600/1637/1662 591/1638/1644
s off
f 572/572/1683 591/591/1684 611/611/1685 592/592/1686
s 18
f 573/573/1649 592/592/1687 612/612/1688 593/593/1650
s off
f 574/574/1689 593/593/1690 613/1632/1691 594/1636/1692
s 19
f 575/575/1655 594/594/1693 614/1631/1694 595/1635/1656
f 576/576/1610 595/595/1656 615/615/1695 596/596/1657
s 20
f 577/577/1658 596/596/1696 616/616/1697 597/597/1659
f 578/578/1613 597/597/1659 617/617/1698 598/598/1660
f 579/579/1614 598/598/1660 618/618/1699 599/599/1661
f 589/589/1637 599/1944/1661 619/1943/1700 609/609/1681
s off
f 581/1642/1701 601/1538/1702 620/620/1703 600/600/1704
s 18
f 582/582/1669 602/602/1668 621/621/1705 601/601/1706
s off
f 583/583/1707 603/1634/1708 622/1630/1709 602/602/1710
s 19
f 584/584/1675 604/1633/1674 623/1629/1711 603/603/1712
f 585/585/1631 605/605/1676 624/624/1713 604/604/1674
s 20
f 586/586/1678 606/606/1677 625/625/1714 605/605/1715
f 587/587/1634 607/607/1679 626/626/1716 606/606/1677
f 588/588/1636 608/608/1680 627/627/1717 607/607/1679
f 590/590/1638 610/610/1682 628/628/1718 608/608/1680
f 609/609/1681 629/629/1719 630/630/1720 610/610/1682
s off
f 591/591/1721 600/600/1722 620/620/1723 611/611/1724
s 18
f 592/592/1687 611/611/1725 631/631/1726 612/612/1688
s off
f 593/593/1727 612/612/1728 632/1628/1729 613/1632/1730
s 19
f 594/594/1693 613/613/1731 633/1627/1732 614/1631/1694
f 595/595/1656 614/614/1694 634/634/1733 615/615/1695
s 20
f 596/596/1696 615/615/1734 635/635/1735 616/616/1697
f 597/597/1659 616/616/1697 636/636/1736 617/617/1698
f 598/598/1660 617/617/1698 637/637/1737 618/618/1699
f 599/599/1661 618/618/1699 638/638/1738 619/619/1700
f 609/609/1681 619/1943/1700 639/1942/1739 629/629/1719
s 18
f 601/1538/1706 621/1537/1705 640/640/1740 620/620/1741
s off
f 602/602/1742 622/1630/1743 641/1625/1744 621/621/1745
s 19
f 603/603/1712 623/1629/1711 642/1624/1746 622/622/1747
f 604/604/1674 624/624/1713 643/643/1748 623/623/1711
s 20
f 605/605/1715 625/625/1714 644/644/1749 624/624/1750
f 606/606/1677 626/626/1716 645/645/1751 625/625/1714
f 607/607/1679 627/627/1717 646/646/1752 626/626/1716
f 608/608/1680 628/628/1718 647/647/1753 627/627/1717
f 610/610/1682 630/630/1720 648/648/1754 628/628/1718
f 629/629/1719 649/649/1755 650/650/1756 630/630/1720
s 18
f 611/611/1725 620/620/1741 640/640/1740 631/631/1726
s off
f 612/612/1757 631/631/1758 651/1623/1759 632/1628/1760
s 19
f 613/613/1731 632/632/1761 652/1621/1762 633/1627/1732
f 614/614/1694 633/633/1732 653/653/1763 634/634/1733
s 20
f 615/615/1734 634/634/1764 654/654/1765 635/635/1735
f 616/616/1697 635/635/1735 655/655/1766 636/636/1736
f 617/617/1698 636/636/1736 656/656/1767 637/637/1737
f 618/618/1699 637/637/1737 657/657/1768 638/638/1738
f 619/619/1700 638/638/1738 658/658/1769 639/639/1739
f 629/629/1719 639/1942/1739 659/1941/1770 649/649/1755
s off
f 621/1537/1771 641/1536/1772 660/1622/1773 640/640/1774
s 19
f 622/622/1747 642/1624/1746 661/1619/1775 641/641/1776
f 623/623/1711 643/643/1748 662/662/1777 642/642/1746
s 20
f 624/624/1750 644/644/1749 663/663/1778 643/643/1779
f 625/625/1714 645/645/1751 664/664/1780 644/644/1749
f 626/626/1716 646/646/1752 665/665/1781 645/645/1751
f 627/627/1717 647/647/1753 666/666/1782 646/646/1752
f 628/628/1718 648/648/1754 667/667/1783 647/647/1753
f 630/630/1720 650/650/1756 668/668/1784 648/648/1754
s 21
f 649/649/1785 669/669/1786 670/670/1787 650/650/1788
s off
f 631/631/1789 640/640/1790 660/1622/1791 651/1623/1792
s 19
f 632/632/1761 651/651/1793 671/1618/1794 652/1621/1762
f 633/633/1732 652/652/1762 672/672/1795 653/653/1763
s 20
f 634/634/1764 653/653/1796 673/673/1797 654/654/1765
f 635/635/1735 654/654/1765 674/674/1798 655/655/1766
f 636/636/1736 655/655/1766 675/675/1799 656/656/1767
f 637/637/1737 656/656/1767 676/676/1800 657/657/1768
f 638/638/1738 657/657/1768 677/677/1801 658/658/1769
f 639/639/1739 658/658/1769 678/678/1802 659/659/1770
s 21
f 649/649/1785 659/1941/1803 679/1933/1804 669/669/1786
s 19
f 641/1626/1776 661/1535/1775 680/1617/1805 660/660/1806
f 642/642/1746 662/662/1777 681/681/1807 661/661/1775
s 20
f 643/643/1779 663/663/1778 682/682/1808 662/662/1809
f 644/644/1749 664/664/1780 683/683/1810 663/663/1778
f 645/645/1751 665/665/1781 684/684/1811 664/664/1780
f 646/646/1752 666/666/1782 685/685/1812 665/665/1781
f 647/647/1753 667/667/1783 686/686/1813 666/666/1782
f 648/648/1754 668/668/1784 687/687/1814 667/667/1783
s 21
f 650/650/1788 670/670/1787 688/688/1815 668/668/1816
s 22
f 1387/1390/1817 1388/1387/1818 1389/1615/1819 1390/1389/1820
s 19
f 651/651/1793 660/660/1806 680/1617/1805 671/1618/1794
f 652/652/1762 671/671/1794 691/691/1821 672/672/1795
s 20
f 653/653/1796 672/672/1822 692/692/1823 673/673/1797
f 654/654/1765 673/673/1797 693/693/1824 674/674/1798
f 655/655/1766 674/674/1798 694/694/1825 675/675/1799
f 656/656/1767 675/675/1799 695/695/1826 676/676/1800
f 657/657/1768 676/676/1800 696/696/1827 677/677/1801
f 658/658/1769 677/677/1801 697/697/1828 678/678/1802
s 21
f 659/659/1803 678/678/1829 698/698/1830 679/679/1804
s 22
f 1387/1390/1817 1391/1929/1831 1392/1930/1832 1388/1387/1818
s 19
f 661/1620/1775 681/1534/1807 700/700/1833 680/680/1805
s 20
f 662/662/1809 682/682/1808 701/701/1834 681/681/1835
f 663/663/1778 683/683/1810 702/702/1836 682/682/1808
f 664/664/1780 684/684/1811 703/703/1837 683/683/1810
f 665/665/1781 685/685/1812 704/704/1838 684/684/1811
f 666/666/1782 686/686/1813 705/705/1839 685/685/1812
f 667/667/1783 687/687/1814 706/706/1840 686/686/1813
s 21
f 668/668/1816 688/688/1815 707/707/1841 687/687/1842
s 22
f 1390/1389/1820 1389/1615/1819 1393/1613/1843 1394/1394/1844
s 23
f 689/689/1845 709/709/1846 710/710/1847 690/690/1848
s 19
f 671/671/1794 680/680/1805 700/700/1833 691/691/1821
s 20
f 672/672/1822 691/691/1849 711/711/1850 692/692/1823
f 673/673/1797 692/692/1823 712/712/1851 693/693/1824
f 674/674/1798 693/693/1824 713/713/1852 694/694/1825
f 675/675/1799 694/694/1825 714/714/1853 695/695/1826
f 676/676/1800 695/695/1826 715/715/1854 696/696/1827
f 677/677/1801 696/696/1827 716/716/1855 697/697/1828
s 21
f 678/678/1829 697/697/1856 717/717/1857 698/698/1830
s 22
f 1391/1391/1831 1395/1395/1858 1396/1396/1859 1392/1392/1832
s 23
f 689/689/1845 699/699/1860 719/1940/1861 709/709/1846
s 20
f 681/1534/1835 701/1533/1834 720/720/1862 700/700/1863
f 682/682/1808 702/702/1836 721/721/1864 701/701/1834
f 683/683/1810 703/703/1837 722/722/1865 702/702/1836
f 684/684/1811 704/704/1838 723/723/1866 703/703/1837
f 685/685/1812 705/705/1839 724/724/1867 704/704/1838
f 686/686/1813 706/706/1840 725/725/1868 705/705/1839
s 21
f 687/687/1842 707/707/1841 726/726/1869 706/706/1870
s 22
f 1394/1394/1844 1393/1613/1843 1397/1611/1871 1398/1398/1872
s 23
f 690/690/1848 710/710/1847 728/728/1873 708/708/1874
f 709/709/1846 730/729/1875 729/730/1876 710/710/1847
s 20
f 691/691/1849 700/700/1863 720/720/1862 711/711/1850
f 692/692/1823 711/711/1850 731/731/1877 712/712/1851
f 693/693/1824 712/712/1851 732/732/1878 713/713/1852
f 694/694/1825 713/713/1852 733/733/1879 714/714/1853
f 695/695/1826 714/714/1853 734/734/1880 715/715/1854
f 696/696/1827 715/715/1854 735/735/1881 716/716/1855
s 21
f 697/697/1856 716/716/1882 736/736/1883 717/717/1857
s 22
f 1395/1395/1858 1399/1399/1884 1400/1400/1885 1396/1396/1859
s 23
f 699/1932/1860 718/718/1886 738/738/1887 719/719/1861
f 709/709/1846 719/1940/1861 739/1939/1888 730/729/1875
s 20
f 701/1533/1834 721/1532/1864 740/740/1889 720/720/1862
f 702/702/1836 722/722/1865 741/741/1890 721/721/1864
f 703/703/1837 723/723/1866 742/742/1891 722/722/1865
f 704/704/1838 724/724/1867 743/743/1892 723/723/1866
f 705/705/1839 725/725/1868 744/744/1893 724/724/1867
s 21
f 706/706/1870 726/726/1869 745/745/1894 725/725/1895
s 22
f 1398/1398/1872 1397/1611/1871 1401/1609/1896 1402/1402/1897
s 23
f 708/708/1874 728/728/1873 747/747/1898 727/727/1899
f 710/710/1847 729/730/1876 748/748/1900 728/728/1873
f 729/730/1876 730/729/1875 750/749/1901 749/750/1902
s 20
f 711/711/1850 720/720/1862 740/740/1889 731/731/1877
f 712/712/1851 731/731/1877 751/751/1903 732/732/1878
f 713/713/1852 732/732/1878 752/752/1904 733/733/1879
f 714/714/1853 733/733/1879 753/753/1905 734/734/1880
f 715/715/1854 734/734/1880 754/754/1906 735/735/1881
s 21
f 716/716/1882 735/735/1907 755/755/1908 736/736/1883
s 22
f 1399/1399/1884 1403/1403/1909 1404/1404/1910 1400/1400/1885
s 23
f 718/718/1886 737/737/1911 757/757/1912 738/738/1887
f 719/719/1861 738/738/1887 758/758/1913 739/739/1888
f 730/729/1875 739/1939/1888 759/1938/1914 750/749/1901
s 20
f 721/1532/1864 741/1531/1890 760/760/1915 740/740/1889
f 722/722/1865 742/742/1891 761/761/1916 741/741/1890
f 723/723/1866 743/743/1892 762/762/1917 742/742/1891
f 724/724/1867 744/744/1893 763/763/1918 743/743/1892
s 21
f 725/725/1895 745/745/1894 764/764/1919 744/744/1920
s 22
f 1402/1402/1897 1401/1609/1896 1405/1607/1921 1406/1406/1922
s 23
f 727/727/1899 747/747/1898 766/766/1923 746/746/1924
f 728/728/1873 748/748/1900 767/767/1925 747/747/1898
f 729/730/1876 749/750/1902 768/768/1926 748/748/1900
f 749/750/1902 750/749/1901 769/769/1927 770/770/1928
s 20
f 731/731/1877 740/740/1889 760/760/1915 751/751/1903
f 732/732/1878 751/751/1903 771/771/1929 752/752/1904
f 733/733/1879 752/752/1904 772/772/1930 753/753/1905
f 734/734/1880 753/753/1905 773/773/1931 754/754/1906
s 21
f 735/735/1907 754/754/1932 774/774/1933 755/755/1908
s 22
f 1403/1403/1909 1407/1407/1934 1408/1408/1935 1404/1404/1910
s 23
f 737/737/1911 756/756/1936 776/776/1937 757/757/1912
f 738/738/1887 757/757/1912 777/777/1938 758/758/1913
f 739/739/1888 758/758/1913 778/778/1939 759/759/1914
f 750/749/1901 759/1938/1914 779/1937/1940 769/769/1927
s 20
f 741/1531/1890 761/1530/1916 780/780/1941 760/760/1915
f 742/742/1891 762/762/1917 781/781/1942 761/761/1916
f 743/743/1892 763/763/1918 782/782/1943 762/762/1917
s 21
f 744/744/1920 764/764/1919 783/783/1944 763/763/1945
s 22
f 1406/1406/1922 1405/1607/1921 1409/1605/1946 1410/1410/1947
s 23
f 746/746/1924 766/766/1923 785/785/1948 765/765/1949
f 747/747/1898 767/767/1925 786/786/1950 766/766/1923
f 748/748/1900 768/768/1926 787/787/1951 767/767/1925
f 749/750/1902 770/770/1928 788/788/1952 768/768/1926
s 24
f 769/769/1953 789/789/1954 790/790/1955 770/770/1956
s 20
f 751/751/1903 760/760/1915 780/780/1941 771/771/1929
f 752/752/1904 771/771/1929 791/791/1957 772/772/1930
f 753/753/1905 772/772/1930 792/792/1958 773/773/1931
s 21
f 754/754/1932 773/773/1959 793/793/1960 774/774/1933
s 22
f 1407/1407/1934 1411/1411/1961 1412/1412/1962 1408/1408/1935
s 23
f 756/756/1936 775/775/1963 795/795/1964 776/776/1937
f 757/757/1912 776/776/1937 796/796/1965 777/777/1938
f 758/758/1913 777/777/1938 797/797/1966 778/778/1939
f 759/759/1914 778/778/1939 798/798/1967 779/779/1940
s 24
f 769/769/1953 779/1937/1968 799/1936/1969 789/789/1954
s 20
f 761/1530/1916 781/1529/1942 800/800/1970 780/780/1941
f 762/762/1917 782/782/1943 801/801/1971 781/781/1942
s 21
f 763/763/1945 783/783/1944 802/802/1972 782/782/1973
s 22
f 1410/1410/1947 1409/1605/1946 1413/1603/1974 1414/1414/1975
s 23
f 765/765/1949 785/785/1948 804/804/1976 784/784/1977
f 766/766/1923 786/786/1950 805/805/1978 785/785/1948
f 767/767/1925 787/787/1951 806/806/1979 786/786/1950
f 768/768/1926 788/788/1952 807/807/1980 787/787/1951
s 24
f 770/770/1956 790/790/1955 808/808/1981 788/788/1982
f 789/789/1954 809/809/1983 810/810/1984 790/790/1955
s 20
f 771/771/1929 780/780/1941 800/800/1970 791/791/1957
f 772/772/1930 791/791/1957 811/811/1985 792/792/1958
s 21
f 773/773/1959 792/792/1986 812/812/1987 793/793/1960
s 22
f 1411/1411/1961 1415/1415/1988 1416/1416/1989 1412/1412/1962
s 23
f 775/775/1963 794/794/1990 814/814/1991 795/795/1964
f 776/776/1937 795/795/1964 815/815/1992 796/796/1965
f 777/777/1938 796/796/1965 816/816/1993 797/797/1966
f 778/778/1939 797/797/1966 817/817/1994 798/798/1967
s 24
f 779/779/1968 798/798/1995 818/818/1996 799/799/1969
f 789/789/1954 799/1936/1969 819/1934/1997 809/809/1983
s 20
f 781/1529/1942 801/1528/1971 820/820/1998 800/800/1970
s 21
f 782/782/1973 802/802/1972 821/821/1999 801/801/2000
s 22
f 1414/1414/1975 1413/1603/1974 1417/1601/2001 1418/1418/2002
s 23
f 784/784/1977 804/804/1976 823/823/2003 803/803/2004
f 785/785/1948 805/805/1978 824/824/2005 804/804/1976
f 786/786/1950 806/806/1979 825/825/2006 805/805/1978
f 787/787/1951 807/807/1980 826/826/2007 806/806/1979
s 24
f 788/788/1982 808/808/1981 827/827/2008 807/807/2009
f 790/790/1955 810/810/1984 828/828/2010 808/808/1981
s 20
f 791/791/1957 800/800/1970 820/820/1998 811/811/1985
s 21
f 792/792/1986 811/811/2011 830/830/2012 812/812/1987
s 22
f 1415/1415/1988 1419/1419/2013 1420/1420/2014 1416/1416/1989
s 23
f 794/794/1990 813/813/2015 832/832/2016 814/814/1991
f 795/795/1964 814/814/1991 833/833/2017 815/815/1992
f 796/796/1965 815/815/1992 834/834/2018 816/816/1993
f 797/797/1966 816/816/1993 835/835/2019 817/817/1994
s 24
f 798/798/1995 817/817/2020 836/836/2021 818/818/1996
f 799/799/1969 818/818/1996 837/837/2022 819/819/1997
s 21
f 801/1528/2000 821/1479/1999 838/838/2023 820/820/2024
s 22
f 1418/1418/2002 1417/1601/2001 1421/1598/2025 1422/1478/2026
s 23
f 803/803/2004 823/823/2003 840/840/2027 822/822/2028
f 804/804/1976 824/824/2005 841/841/2029 823/823/2003
f 805/805/1978 825/825/2006 842/842/2030 824/824/2005
f 806/806/1979 826/826/2007 843/843/2031 825/825/2006
s 24
f 807/807/2009 827/827/2008 844/844/2032 826/826/2033
f 808/808/1981 828/828/2010 845/845/2034 827/827/2008
s 21
f 811/811/2011 820/820/2024 838/838/2023 830/830/2012
s 22
f 1419/1419/2013 1423/1423/2035 1424/1424/2036 1420/1420/2014
s 23
f 813/813/2015 831/831/2037 847/847/2038 832/832/2016
f 814/814/1991 832/832/2016 848/848/2039 833/833/2017
f 815/815/1992 833/833/2017 849/849/2040 834/834/2018
f 816/816/1993 834/834/2018 850/850/2041 835/835/2019
s 24
f 817/817/2020 835/835/2042 851/851/2043 836/836/2021
f 818/818/1996 836/836/2021 852/852/2044 837/837/2022
s 22
f 1422/1422/2026 1421/1599/2025 1425/1596/2045 1426/1426/2046
s 23
f 822/822/2028 840/840/2027 854/854/2047 839/1480/2048
f 823/823/2003 841/841/2029 855/855/2049 840/840/2027
f 824/824/2005 842/842/2030 856/856/2050 841/841/2029
f 825/825/2006 843/843/2031 857/857/2051 842/842/2030
s 24
f 826/826/2033 844/844/2032 858/858/2052 843/843/2053
f 827/827/2008 845/845/2034 859/859/2054 844/844/2032
s 22
f 1423/1423/2035 1426/1426/2046 1425/1596/2045 1424/1424/2036
s 23
f 831/831/2037 846/846/2055 860/860/2056 847/847/2038
f 832/832/2016 847/847/2038 861/861/2057 848/848/2039
f 833/833/2017 848/848/2039 862/862/2058 849/849/2040
f 834/834/2018 849/849/2040 863/863/2059 850/850/2041
s 24
f 835/835/2042 850/850/2060 864/864/2061 851/851/2043
f 836/836/2021 851/851/2043 865/865/2062 852/852/2044
s 23
f 839/839/2048 854/1527/2047 866/866/2063 853/853/2064
f 840/840/2027 855/855/2049 867/867/2065 854/854/2047
f 841/841/2029 856/856/2050 868/868/2066 855/855/2049
f 842/842/2030 857/857/2051 869/869/2067 856/856/2050
s 24
f 843/843/2053 858/858/2052 870/870/2068 857/857/2069
f 844/844/2032 859/859/2054 871/871/2070 858/858/2052
s 23
f 846/846/2055 853/853/2064 866/866/2063 860/860/2056
f 847/847/2038 860/860/2056 872/872/2071 861/861/2057
f 848/848/2039 861/861/2057 873/873/2072 862/862/2058
f 849/849/2040 862/862/2058 874/874/2073 863/863/2059
s 24
f 850/850/2060 863/863/2074 875/875/2075 864/864/2061
f 851/851/2043 864/864/2061 876/876/2076 865/865/2062
s 23
f 854/1527/2047 867/1526/2065 877/877/2077 866/866/2063
f 855/855/2049 868/868/2066 878/878/2078 867/867/2065
f 856/856/2050 869/869/2067 879/879/2079 868/868/2066
s 24
f 857/857/2069 870/870/2068 880/880/2080 869/869/2081
f 858/858/2052 871/871/2070 881/881/2082 870/870/2068
s 23
f 860/860/2056 866/866/2063 877/877/2077 872/872/2071
f 861/861/2057 872/872/2071 882/882/2083 873/873/2072
f 862/862/2058 873/873/2072 883/883/2084 874/874/2073
s 24
f 863/863/2074 874/874/2085 884/884/2086 875/875/2075
f 864/864/2061 875/875/2075 885/885/2087 876/876/2076
s 23
f 867/1526/2065 878/1525/2078 886/886/2088 877/877/2077
f 868/868/2066 879/879/2079 887/887/2089 878/878/2078
s 24
f 869/869/2081 880/880/2080 888/888/2090 879/879/2091
f 870/870/2068 881/881/2082 889/889/2092 880/880/2080
s 23
f 872/872/2071 877/877/2077 886/886/2088 882/882/2083
f 873/873/2072 882/882/2083 890/890/2093 883/883/2084
s 24
f 874/874/2085 883/883/2094 891/891/2095 884/884/2086
f 875/875/2075 884/884/2086 892/892/2096 885/885/2087
s 23
f 878/1525/2078 887/1524/2089 893/893/2097 886/886/2088
s 24
f 879/879/2091 888/888/2090 894/894/2098 887/887/2099
f 880/880/2080 889/889/2092 895/895/2100 888/888/2090
s 23
f 882/882/2083 886/886/2088 893/893/2097 890/890/2093
s 24
f 883/883/2094 890/890/2101 896/896/2102 891/891/2095
f 884/884/2086 891/891/2095 897/897/2103 892/892/2096
f 887/1524/2099 894/1523/2098 898/898/2104 893/893/2105
f 888/888/2090 895/895/2100 899/899/2106 894/894/2098
f 890/890/2101 893/893/2105 898/898/2104 896/896/2102
f 891/891/2095 896/896/2102 900/900/2107 897/897/2103
f 894/1523/2098 899/1518/2106 901/901/2108 898/898/2104
f 896/896/2102 898/898/2104 901/901/2108 900/900/2107
s 25
f 902/902/2109 903/903/2110 904/904/2111 905/905/2112
f 902/902/2109 907/907/2113 908/908/2114 903/903/2110
f 904/904/2111 910/910/2115 911/911/2116 905/905/2112
s 26
f 902/902/2117 906/906/2118 913/1455/2119 907/907/2120
s 25
f 907/907/2113 914/914/2121 915/915/2122 908/908/2114
f 903/903/2110 908/908/2114 916/916/2123 917/917/2124
s 26
f 906/1457/2125 921/921/2126 922/922/2127 913/913/2128
s 25
f 916/916/2129 925/925/2130 926/926/2131 917/917/2124
s 29
f 921/921/2132 932/932/2133 933/933/2134 922/922/2135
s 25
f 925/925/2130 937/937/2136 938/938/2137 926/926/2131
f 919/919/2138 929/929/2139 940/940/2140 941/941/2141
f 919/919/2138 941/941/2141 942/942/2142 930/930/2143
s 29
f 920/920/2144 931/931/2145 943/943/2146 944/944/2147
f 920/920/2144 944/944/2147 932/932/2133 921/921/2132
f 922/922/2135 933/933/2134 945/945/2148 934/934/2149
f 932/932/2133 946/946/2150 947/947/2151 933/933/2134
s 25
f 925/925/2130 950/950/2152 951/951/2153 937/937/2136
s 32
f 937/937/2154 953/952/2155 952/1516/2156 938/938/2157
s 25
f 926/926/2131 938/938/2137 954/954/2158 927/927/2159
f 927/927/2159 954/954/2158 955/955/2160 939/939/2161
f 929/929/2139 958/958/2162 959/959/2163 940/940/2140
s off
f 940/940/2164 960/1576/2165 961/1577/2166 941/941/2167
f 941/941/2168 961/1577/2169 963/1575/2170 942/942/2171
s 29
f 946/946/2150 970/969/2172 969/970/2173 947/947/2174
s 32
f 952/953/2175 953/1517/2176 977/977/2177 978/978/2178
s 25
f 958/958/2162 980/980/2179 981/981/2180 959/959/2163
s off
f 940/940/2181 959/959/2182 982/1574/2183 960/1576/2184
s 35
f 960/960/2185 984/983/2186 983/984/2187 961/961/2188
s off
f 942/942/2189 963/1575/2190 985/1572/2191 962/1452/2192
s 29
f 969/970/2173 970/969/2172 978/978/2193 977/977/2194
s 25
f 948/948/2195 989/989/2196 990/990/2197 974/974/2198
s 29
f 956/956/2199 996/996/2200 997/997/2201 964/964/2202
s off
f 959/959/2203 981/981/2204 999/1570/2205 982/1574/2206
s 35
f 960/960/2185 982/982/2207 1000/1000/2208 984/983/2186
s off
f 983/984/2209 984/983/2210 1001/1001/2211 1002/1002/2212
f 962/962/2213 985/1447/2214 1003/1571/2215 996/996/2216
s 29
f 964/964/2202 997/997/2201 1005/1005/2217 986/986/2218
f 969/970/2173 977/977/2194 994/994/2219 1010/1010/2220
f 970/969/2172 1007/1007/2221 993/993/2222 978/978/2193
s 25
f 989/989/2196 1012/1011/2223 1011/1012/2224 990/990/2197
s off
f 996/996/2225 1003/1571/2226 1016/1569/2227 997/997/2228
f 981/981/2229 998/998/2230 1018/1506/2231 999/1570/2232
f 984/983/2233 1000/1000/2234 1019/1019/2235 1001/1001/2236
s 38
f 1001/1001/2237 1020/1020/2238 1021/1021/2239 1002/1002/2240
s off
f 983/984/2241 1002/1002/2242 1022/1022/2243 1004/1004/2244
f 997/997/2245 1016/1569/2246 1025/1566/2247 1005/1005/2248
s 29
f 986/986/2218 1005/1005/2217 1027/1026/2249 1026/1027/2250
f 993/993/2222 1007/1007/2221 1006/1006/2251 1015/1015/2252
s 26
f 988/988/2253 1031/1445/2254 1012/1011/2255 989/989/2256
s 25
f 1011/1012/2224 1012/1011/2223 1033/1033/2257 1034/1034/2258
s off
f 998/1513/2259 1042/1042/2260 1043/1565/2261 1018/1567/2262
f 1000/1000/2263 1044/1044/2264 1045/1045/2265 1019/1019/2266
s 38
f 1001/1001/2237 1019/1019/2267 1046/1046/2268 1020/1020/2238
f 1002/1002/2240 1021/1021/2239 1047/1047/2269 1022/1022/2270
s 40
f 1020/1020/2271 1049/1048/2272 1048/1049/2273 1021/1021/2274
s off
f 1004/1004/2275 1022/1022/2276 1050/1050/2277 1024/1446/2278
f 1005/1005/2279 1025/1566/2280 1051/1564/2281 1027/1026/2282
s 41
f 1016/1016/2283 1041/1041/2284 1052/1052/2285 1025/1025/2286
s 29
f 1026/1027/2250 1027/1026/2249 1042/1042/2287 1040/1040/2288
f 1008/1008/2289 1053/1053/2290 1030/1030/2291 1009/1009/2292
s 26
f 988/1449/2293 1030/1030/2294 1055/1055/2295 1031/1031/2296
s 25
f 1033/1033/2257 1056/1056/2297 1057/1057/2298 1034/1034/2258
f 1013/1013/2299 1036/1036/2300 1059/1059/2301 1014/1014/2302
s off
f 1027/1026/2303 1051/1564/2304 1043/1565/2305 1042/1042/2306
f 1044/1044/2307 1062/1062/2308 1063/1504/2309 1045/1045/2310
s 38
f 1019/1019/2267 1045/1045/2311 1064/1064/2312 1046/1046/2268
s 40
f 1020/1020/2271 1046/1046/2313 1065/1065/2314 1049/1048/2272
s 38
f 1022/1022/2270 1047/1047/2269 1066/1066/2315 1067/1067/2316
f 1022/1022/2270 1067/1067/2316 1066/1066/2315 1050/1050/2317
s off
f 1023/1023/2318 1024/1024/2319 1050/1444/2320 1070/1070/2321
f 1023/1023/2322 1070/1070/2323 1071/1071/2324 1041/1041/2325
s 41
f 1025/1025/2286 1052/1052/2285 1072/1072/2326 1051/1051/2327
s off
f 1041/1041/2328 1071/1071/2329 1073/1073/2330 1052/1052/2331
s 29
f 1030/1030/2291 1053/1053/2290 1076/1076/2332 1055/1055/2333
s 25
f 1056/1056/2297 1080/1080/2334 1081/1081/2335 1057/1057/2298
f 1036/1036/2300 1083/1083/2336 1084/1084/2337 1059/1059/2301
s off
f 1061/1061/2338 1085/1085/2339 1063/1063/2340 1062/1507/2341
s 38
f 1045/1045/2311 1063/1504/2342 1086/1086/2343 1087/1087/2344
f 1045/1045/2311 1087/1087/2344 1086/1086/2343 1064/1064/2312
s 46
f 1378/1378/2345 1385/1385/2346 1386/1386/2347 1380/1522/2348
s 40
f 1048/1049/2349 1069/1069/2350 1093/1093/2351 1068/1068/2352
s 38
f 1050/1444/2317 1095/1095/2353 1096/1096/2354 1070/1070/2355
f 1070/1070/2355 1097/1097/2356 1098/1098/2357 1071/1071/2358
s off
f 1052/1052/2359 1073/1073/2360 1099/1099/2361 1072/1072/2362
s 38
f 1071/1071/2358 1098/1098/2357 1100/1100/2363 1073/1073/2364
s 29
f 1054/1054/2365 1077/1077/2366 1102/1102/2367 1075/1075/2368
f 1055/1055/2333 1076/1076/2332 1103/1103/2369 1078/1078/2370
s 25
f 1083/1083/2336 1108/1108/2371 1109/1109/2372 1084/1084/2337
s 32
f 1059/1059/2373 1084/1084/2374 1110/1110/2375 1060/1508/2376
s off
f 1061/1061/2377 1072/1072/2378 1099/1099/2379 1085/1085/2380
s 38
f 1063/1063/2342 1085/1085/2381 1111/1111/2382 1112/1112/2383
s 40
f 1065/1065/2384 1088/1088/2385 1115/1115/2386 1089/1089/2387
s 53
f 1374/1374/2388 1384/1428/2389 1383/1383/2390 1377/1377/2391
s 40
f 1068/1068/2352 1093/1093/2351 1118/1118/2392 1090/1090/2393
s off
f 1091/1091/2394 1120/1120/2395 1121/1121/2396 1092/1092/2397
s 40
f 1069/1069/2350 1119/1119/2398 1122/1122/2399 1093/1093/2351
s 38
f 1070/1070/2355 1096/1096/2354 1095/1095/2353 1097/1097/2356
f 1073/1073/2364 1100/1100/2363 1126/1126/2400 1099/1099/2401
s 40
f 1098/1098/2402 1127/1127/2403 1128/1128/2404 1100/1100/2405
s 29
f 1075/1075/2368 1102/1102/2367 1130/1129/2406 1129/1130/2407
f 1078/1078/2370 1103/1103/2369 1133/1132/2408 1132/1133/2409
s 25
f 1108/1108/2371 1135/1135/2410 1136/1136/2411 1109/1109/2372
s 32
f 1060/1060/2412 1110/1502/2413 1130/1129/2414 1102/1102/2415
s 38
f 1085/1085/2381 1099/1099/2401 1126/1126/2400 1137/1137/2416
f 1085/1085/2381 1137/1137/2416 1112/1112/2383 1111/1111/2382
s 40
f 1088/1088/2385 1114/1114/2417 1141/1141/2418 1115/1115/2386
f 1089/1089/2387 1115/1115/2386 1142/1142/2419 1143/1143/2420
s off
f 1091/1091/2421 1116/1116/2422 1144/1144/2423 1120/1120/2424
s 40
f 1090/1090/2393 1118/1118/2392 1145/1145/2425 1117/1117/2426
f 1093/1093/2351 1122/1122/2399 1146/1146/2427 1118/1118/2392
s off
f 1092/1092/2428 1121/1121/2429 1148/1148/2430 1147/1147/2431
s 38
f 1094/1094/2432 1153/1152/2433 1152/1153/2434 1123/1443/2435
s 40
f 1100/1100/2405 1128/1128/2404 1156/1156/2436 1126/1126/2437
s 29
f 1129/1130/2407 1130/1129/2406 1158/1158/2438 1159/1159/2439
f 1132/1133/2409 1133/1132/2408 1161/1160/2440 1160/1161/2441
s 25
f 1135/1135/2410 1165/1165/2442 1166/1166/2443 1136/1136/2411
s 40
f 1112/1112/2444 1169/1169/2445 1170/1170/2446 1138/1138/2447
s 38
f 1113/1113/2448 1139/1139/2449 1171/1498/2450 1172/1172/2451
s 40
f 1114/1114/2417 1140/1140/2452 1174/1174/2453 1141/1141/2418
f 1115/1115/2386 1141/1141/2418 1175/1175/2454 1142/1142/2419
s off
f 1116/1116/2455 1147/1147/2456 1148/1148/2457 1144/1144/2458
s 40
f 1118/1118/2392 1146/1146/2427 1177/1177/2459 1145/1145/2425
f 1117/1117/2426 1145/1145/2425 1178/1178/2460 1151/1151/2461
s 58
f 1121/1121/2462 1182/1181/2463 1181/1924/2464 1148/1148/2465
s 38
f 1123/1123/2435 1152/1438/2434 1184/1184/2466 1124/1124/2467
s 40
f 1125/1125/2468 1155/1155/2469 1187/1187/2470 1188/1188/2471
f 1125/1125/2468 1188/1188/2471 1157/1157/2472 1127/1127/2473
s 46
f 1371/1371/2474 1380/1381/2475 1386/1486/2476 1382/1382/2477
s 29
f 1158/1158/2438 1192/1192/2478 1193/1193/2479 1159/1159/2439
s 40
f 1169/1169/2445 1201/1201/2480 1202/1202/2481 1170/1170/2482
f 1138/1138/2447 1170/1170/2446 1203/1203/2483 1204/1204/2484
s 38
f 1138/1138/2485 1204/1204/2486 1171/1171/2450 1139/1505/2449
s 40
f 1140/1140/2452 1173/1173/2487 1206/1206/2488 1174/1174/2453
f 1141/1141/2418 1174/1174/2453 1207/1207/2489 1175/1175/2454
s 58
f 1144/1144/2490 1148/1148/2465 1181/1924/2464 1210/1922/2491
s 40
f 1146/1146/2492 1179/1179/2493 1211/1211/2494 1177/1177/2495
f 1145/1145/2425 1177/1177/2459 1212/1212/2496 1178/1178/2460
s off
f 1181/1182/2497 1182/1923/2498 1214/1214/2499 1215/1215/2500
f 1149/1921/2501 1216/1216/2502 1214/1214/2503 1182/1923/2504
s 40
f 1154/1154/2505 1186/1186/2506 1220/1220/2507 1221/1221/2508
f 1154/1154/2505 1221/1221/2508 1187/1187/2470 1155/1155/2469
f 1187/1187/2470 1222/1222/2509 1223/1223/2510 1188/1188/2471
f 1157/1157/2472 1188/1188/2471 1223/1223/2510 1224/1224/2511
s 46
f 1367/1367/2512 1378/1378/2345 1380/1522/2348 1381/1489/2513
s 40
f 1156/1156/2514 1189/1189/2515 1226/1226/2516 1168/1168/2517
s off
f 1190/1190/2518 1227/1227/2519 1228/1228/2520 1191/1191/2521
s 29
f 1192/1192/2478 1229/1229/2522 1230/1230/2523 1193/1193/2479
s 40
f 1168/1168/2517 1226/1226/2516 1201/1201/2480 1169/1169/2445
f 1201/1201/2480 1234/1233/2524 1233/1234/2525 1202/1202/2481
f 1170/1170/2482 1202/1202/2481 1235/1235/2526 1203/1203/2527
f 1174/1174/2453 1206/1206/2488 1240/1240/2528 1207/1207/2489
f 1175/1175/2529 1207/1207/2530 1241/1241/2531 1208/1208/2532
s off
f 1181/1182/2533 1215/1215/2534 1243/1243/2535 1210/1210/2536
f 1149/1921/2537 1210/1210/2538 1243/1243/2539 1216/1216/2540
s 40
f 1179/1179/2541 1244/1244/2542 1245/1461/2543 1211/1211/2544
f 1220/1220/2507 1256/1256/2545 1257/1257/2546 1221/1221/2508
f 1187/1187/2470 1221/1221/2508 1257/1257/2546 1222/1222/2509
s off
f 1191/1191/2547 1228/1228/2548 1261/1261/2549 1225/1225/2550
s 40
f 1189/1189/2515 1260/1260/2551 1262/1262/2552 1226/1226/2516
s off
f 1190/1190/2553 1263/1263/2554 1264/1264/2555 1227/1227/2556
s 40
f 1201/1201/2480 1226/1226/2516 1262/1262/2552 1234/1233/2524
f 1233/1234/2557 1234/1233/2558 1267/1267/2559 1268/1268/2560
f 1202/1202/2481 1233/1234/2525 1269/1269/2561 1235/1235/2526
f 1208/1208/2562 1241/1241/2563 1275/1275/2564 1276/1495/2565
f 1244/1437/2542 1258/1258/2566 1278/1278/2567 1245/1245/2543
f 1211/1211/2544 1245/1461/2543 1279/1460/2568 1246/1246/2569
f 1212/1212/2570 1246/1246/2571 1280/1280/2572 1247/1247/2573
f 1222/1222/2574 1257/1257/2575 1278/1278/2576 1258/1258/2577
s off
f 1225/1225/2578 1261/1261/2579 1264/1264/2580 1263/1263/2581
s 70
f 1227/1227/2582 1264/1264/2583 1291/1920/2584 1292/1919/2585
s 40
f 1267/1267/2586 1276/1276/2565 1275/1521/2564 1268/1268/2587
f 1240/1240/2588 1273/1273/2589 1299/1299/2590 1274/1274/2591
f 1241/1241/2563 1274/1274/2592 1300/1300/2593 1275/1275/2564
f 1245/1245/2543 1278/1278/2567 1287/1287/2594 1279/1279/2568
f 1246/1246/2569 1279/1460/2568 1302/1459/2595 1280/1280/2596
f 1256/1256/2597 1286/1286/2598 1307/1307/2599 1287/1287/2600
s 70
f 1261/1261/2601 1309/1309/2602 1291/1920/2584 1264/1264/2583
s off
f 1291/1291/2603 1311/1311/2604 1312/1312/2605 1292/1292/2606
f 1265/1918/2607 1292/1292/2608 1312/1312/2609 1313/1313/2610
s 40
f 1268/1268/2587 1275/1521/2564 1300/1520/2593 1293/1293/2611
f 1269/1269/2612 1293/1293/2613 1314/1314/2614 1294/1294/2615
f 1274/1274/2592 1299/1299/2616 1319/1319/2617 1300/1300/2593
f 1279/1279/2568 1287/1287/2594 1307/1307/2618 1302/1302/2595
f 1280/1280/2596 1302/1459/2595 1320/1433/2619 1321/1321/2620
f 1254/1254/2621 1304/1304/2622 1322/1322/2623 1305/1305/2624
s off
f 1291/1291/2625 1309/1917/2626 1329/1329/2627 1311/1311/2628
f 1265/1918/2629 1313/1313/2630 1329/1329/2631 1309/1917/2632
s 40
f 1293/1293/2611 1300/1520/2593 1319/1519/2617 1314/1314/2633
f 1271/1271/2634 1316/1316/2635 1338/1338/2636 1317/1317/2637
f 1299/1299/2616 1339/1339/2638 1340/1340/2639 1319/1319/2617
f 1302/1302/2595 1307/1307/2618 1341/1341/2640 1320/1320/2619
f 1283/1283/2641 1324/1324/2642 1345/1345/2643 1325/1325/2644
f 1314/1314/2633 1319/1519/2617 1340/1491/2639 1349/1349/2645
f 1296/1296/2646 1334/1334/2647 1350/1350/2648 1335/1335/2649
s 53
f 1344/1344/2650 1358/1358/2651 1374/1458/2652 1375/1431/2653
s 46
f 1353/1353/2654 1381/1380/2513 1380/1381/2475 1371/1371/2474
s 53
f 1358/1358/2651 1373/1373/2655 1384/1384/2656 1374/1458/2652
f 1361/1361/2657 1375/1375/2653 1374/1374/2388 1377/1377/2391
s 24
usemtl initialShadingGroup
f 819/1934/1997 829/1935/2658 810/810/1984 809/809/1983
f 810/810/1984 829/1935/2658 845/845/2034 828/828/2010
f 819/819/1997 837/837/2022 852/852/2044 829/829/2658
f 871/871/2070 859/859/2054 845/845/2034 829/1935/2658
f 852/852/2044 865/865/2062 876/876/2076 829/829/2658
f 889/889/2092 881/881/2082 871/871/2070 829/1935/2658
f 876/876/2076 885/885/2087 892/892/2096 829/829/2658
f 899/899/2106 895/895/2100 889/889/2092 829/1935/2658
f 892/892/2096 897/897/2103 900/900/2107 829/829/2658
f 900/900/2107 901/901/2108 899/1518/2106 829/829/2658
s 25
f 917/917/2124 909/909/2659 904/904/2111 903/903/2110
f 909/909/2659 918/918/2660 910/910/2115 904/904/2111
s 26
f 905/905/2661 912/912/2662 906/906/2118 902/902/2117
f 912/1456/2663 920/920/2664 921/921/2126 906/1457/2125
s 25
f 915/915/2122 924/924/2665 916/916/2123 908/908/2114
f 917/917/2124 926/926/2131 927/927/2159 909/909/2659
f 918/918/2660 929/929/2139 919/919/2138 910/910/2115
s 26
f 911/911/2666 928/928/2667 912/912/2662 905/905/2661
s 25
f 910/910/2115 919/919/2138 930/930/2143 911/911/2116
s 26
f 928/1454/2667 931/931/2668 920/920/2664 912/1456/2663
f 913/1455/2119 935/1451/2669 914/914/2670 907/907/2120
f 922/922/2127 934/934/2671 935/935/2672 913/913/2128
s 25
f 936/936/2673 923/923/2674 915/915/2122 914/914/2121
f 909/909/2659 927/927/2159 939/939/2161 918/918/2660
f 923/923/2674 949/949/2675 924/924/2665 915/915/2122
f 936/936/2673 948/948/2195 974/974/2198 923/923/2674
f 974/974/2198 976/976/2676 949/949/2675 923/923/2674
f 924/924/2665 950/950/2152 925/925/2130 916/916/2129
f 949/949/2675 975/975/2677 950/950/2152 924/924/2665
s 26
f 911/911/2666 930/930/2678 957/957/2679 928/928/2667
f 957/1453/2679 956/956/2680 931/931/2668 928/1454/2667
s 25
f 918/918/2660 939/939/2161 958/958/2162 929/929/2139
s off
f 942/942/2681 962/1452/2682 957/957/2683 930/930/2684
s 29
f 956/956/2199 964/964/2202 943/943/2146 931/931/2145
f 944/944/2147 966/966/2685 946/946/2150 932/932/2133
f 947/947/2151 968/968/2686 945/945/2148 933/933/2134
f 945/945/2148 967/967/2687 971/971/2688 934/934/2149
s 26
f 935/1451/2669 972/1450/2689 936/936/2690 914/914/2670
f 934/934/2671 971/971/2691 972/972/2692 935/935/2672
f 972/1450/2689 973/1448/2693 948/948/2694 936/936/2690
s 29
f 964/964/2202 986/986/2218 965/965/2695 943/943/2146
f 943/943/2146 965/965/2695 966/966/2685 944/944/2147
f 968/968/2686 987/987/2696 967/967/2687 945/945/2148
s 26
f 973/1448/2693 988/988/2253 989/989/2256 948/948/2694
s 32
f 951/951/2697 992/992/2698 953/952/2155 937/937/2154
s 25
f 950/950/2152 975/975/2677 991/991/2699 951/951/2153
s 32
f 952/1516/2156 979/1515/2700 954/954/2701 938/938/2157
f 978/978/2178 993/993/2702 979/979/2703 952/953/2175
f 992/1511/2704 994/994/2705 977/977/2177 953/1517/2176
s 25
f 955/955/2160 980/980/2179 958/958/2162 939/939/2161
s 32
f 954/954/2701 979/1515/2700 995/1514/2706 955/955/2707
s off
f 957/1453/2708 962/962/2709 996/996/2710 956/956/2711
s 35
f 961/961/2188 983/984/2187 1004/1004/2712 963/963/2713
s 29
f 1006/1006/2251 1007/1007/2221 966/966/2685 965/965/2695
f 966/966/2685 1007/1007/2221 970/969/2172 946/946/2150
f 1008/1008/2289 1009/1009/2292 971/971/2688 967/967/2687
f 947/947/2174 969/970/2173 1010/1010/2220 968/968/2686
s 26
f 1009/1009/2714 973/973/2715 972/972/2692 971/971/2691
s 25
f 949/949/2675 976/976/2716 1013/1013/2299 975/975/2677
f 1013/1013/2299 1014/1014/2302 991/991/2699 975/975/2677
f 974/974/2198 990/990/2197 1032/1032/2717 976/976/2676
f 1032/1032/2718 1036/1036/2300 1013/1013/2299 976/976/2716
s 32
f 993/993/2702 1015/1015/2719 995/995/2706 979/979/2703
f 955/955/2707 995/1514/2706 1017/1512/2720 980/980/2721
s off
f 1017/1512/2722 998/998/2723 981/981/2724 980/980/2725
f 963/963/2726 1004/1004/2727 1024/1446/2728 985/985/2729
f 1024/1024/2730 1023/1023/2731 1003/1003/2732 985/1573/2733
s 29
f 986/986/2218 1026/1027/2250 1006/1006/2251 965/965/2695
f 987/987/2696 1028/1028/2734 1008/1008/2289 967/967/2687
f 968/968/2686 1010/1010/2220 1029/1029/2735 987/987/2696
f 1029/1029/2735 1054/1054/2365 1028/1028/2736 987/987/2696
s 26
f 973/973/2715 1009/1009/2714 1030/1030/2294 988/1449/2293
s 25
f 1011/1012/2224 1035/1035/2737 1032/1032/2717 990/990/2197
s 32
f 991/991/2738 1037/1510/2739 992/992/2698 951/951/2697
f 1014/1014/2740 1038/1509/2741 1037/1510/2739 991/991/2738
f 1037/1037/2742 1039/1039/2743 994/994/2705 992/1511/2704
s 29
f 1039/1039/2744 1029/1029/2735 1010/1010/2220 994/994/2219
s 32
f 1015/1015/2719 1040/1040/2745 1017/1017/2720 995/995/2706
s off
f 1017/1017/2746 1040/1040/2747 1042/1042/2748 998/1513/2749
s 35
f 999/999/2750 1044/1044/2751 1000/1000/2208 982/982/2207
s 41
f 1023/1023/2752 1041/1041/2284 1016/1016/2283 1003/1003/2753
s 25
f 1034/1034/2258 1058/1058/2754 1035/1035/2737 1011/1012/2224
s 32
f 1059/1059/2373 1060/1508/2376 1038/1509/2741 1014/1014/2740
s 29
f 1006/1006/2251 1026/1027/2250 1040/1040/2288 1015/1015/2252
s off
f 1018/1568/2755 1062/1062/2756 1044/1044/2757 999/999/2758
f 1043/1043/2759 1061/1061/2760 1062/1507/2761 1018/1018/2762
s 40
f 1048/1049/2273 1068/1068/2352 1047/1047/2763 1021/1021/2274
s 29
f 1028/1028/2734 1074/1074/2764 1053/1053/2290 1008/1008/2289
f 1054/1054/2365 1075/1075/2368 1074/1074/2765 1028/1028/2736
f 1039/1039/2744 1077/1077/2366 1054/1054/2365 1029/1029/2735
s 26
f 1031/1445/2254 1079/1442/2766 1033/1033/2767 1012/1011/2255
f 1055/1055/2295 1078/1078/2768 1079/1079/2769 1031/1031/2296
s 25
f 1057/1057/2298 1082/1082/2770 1058/1058/2754 1034/1034/2258
f 1035/1035/2771 1083/1083/2336 1036/1036/2300 1032/1032/2718
s 32
f 1038/1038/2772 1077/1077/2773 1039/1039/2743 1037/1037/2742
s 41
f 1051/1051/2327 1072/1072/2326 1061/1061/2774 1043/1043/2775
s 40
f 1064/1064/2776 1088/1088/2385 1065/1065/2314 1046/1046/2313
f 1068/1068/2352 1090/1090/2393 1066/1066/2777 1047/1047/2763
s 38
f 1066/1066/2315 1094/1094/2432 1123/1443/2435 1050/1050/2317
f 1123/1123/2435 1124/1124/2467 1095/1095/2353 1050/1444/2317
s 29
f 1074/1074/2764 1101/1101/2778 1076/1076/2332 1053/1053/2290
s 26
f 1033/1033/2767 1079/1442/2766 1104/1441/2779 1056/1056/2780
f 1104/1441/2779 1105/1440/2781 1080/1080/2782 1056/1056/2780
s 25
f 1081/1081/2335 1107/1107/2783 1082/1082/2770 1057/1057/2298
f 1058/1058/2784 1108/1108/2371 1083/1083/2336 1035/1035/2771
s 32
f 1060/1060/2412 1102/1102/2415 1077/1077/2773 1038/1038/2772
s 38
f 1139/1139/2449 1113/1113/2448 1086/1086/2343 1063/1504/2342
f 1112/1112/2383 1138/1138/2485 1139/1505/2449 1063/1063/2342
s 40
f 1086/1086/2785 1114/1114/2417 1088/1088/2385 1064/1064/2776
f 1090/1090/2393 1117/1117/2786 1094/1094/2787 1066/1066/2777
s 29
f 1075/1075/2368 1129/1130/2407 1101/1101/2788 1074/1074/2765
f 1101/1101/2778 1131/1131/2789 1103/1103/2369 1076/1076/2332
s 26
f 1078/1078/2768 1132/1133/2790 1104/1104/2791 1079/1079/2769
f 1105/1440/2781 1134/1439/2792 1106/1106/2793 1080/1080/2782
s 25
f 1082/1082/2794 1135/1135/2410 1108/1108/2371 1058/1058/2784
s 40
f 1113/1113/2795 1140/1140/2796 1114/1114/2417 1086/1086/2785
f 1117/1117/2786 1151/1151/2797 1153/1152/2798 1094/1094/2787
f 1124/1124/2799 1154/1154/2800 1155/1155/2469 1095/1095/2801
f 1095/1095/2801 1155/1155/2469 1125/1125/2468 1097/1097/2802
f 1097/1097/2802 1125/1125/2468 1127/1127/2403 1098/1098/2402
s 29
f 1131/1131/2789 1162/1162/2803 1133/1132/2408 1103/1103/2369
s 26
f 1104/1104/2791 1132/1133/2790 1160/1161/2804 1105/1105/2805
f 1134/1439/2792 1163/1503/2806 1196/1485/2807 1106/1106/2793
s 25
f 1107/1107/2783 1165/1165/2442 1135/1135/2410 1082/1082/2794
s 32
f 1109/1109/2808 1167/1167/2809 1110/1110/2375 1084/1084/2374
f 1167/1501/2810 1158/1158/2811 1130/1129/2414 1110/1502/2413
s 40
f 1172/1172/2812 1173/1173/2813 1140/1140/2796 1113/1113/2795
f 1183/1183/2814 1150/1150/2815 1122/1122/2399 1119/1119/2398
s 58
f 1120/1120/2816 1149/1149/2817 1182/1181/2463 1121/1121/2462
s 40
f 1150/1150/2815 1179/1179/2493 1146/1146/2492 1122/1122/2399
f 1184/1184/2818 1186/1186/2819 1154/1154/2800 1124/1124/2799
f 1156/1156/2436 1168/1168/2517 1137/1137/2820 1126/1126/2437
s 29
f 1129/1130/2407 1159/1159/2439 1131/1131/2821 1101/1101/2788
f 1162/1162/2803 1195/1195/2822 1161/1160/2440 1133/1132/2408
s 26
f 1105/1105/2805 1160/1161/2804 1194/1194/2823 1134/1134/2824
s 32
f 1136/1136/2825 1200/1500/2826 1167/1167/2809 1109/1109/2808
f 1166/1166/2827 1199/1499/2828 1200/1500/2826 1136/1136/2825
s 40
f 1137/1137/2820 1168/1168/2517 1169/1169/2445 1112/1112/2444
f 1175/1175/2529 1208/1208/2532 1176/1176/2829 1142/1142/2419
f 1142/1142/2419 1176/1176/2829 1209/1209/2830 1143/1143/2420
s 58
f 1144/1144/2490 1210/1922/2491 1149/1149/2817 1120/1120/2816
s 40
f 1183/1183/2814 1217/1217/2831 1179/1179/2493 1150/1150/2815
s 38
f 1153/1152/2433 1185/1185/2832 1219/1219/2833 1152/1153/2434
f 1219/1436/2833 1218/1218/2834 1184/1184/2466 1152/1438/2434
s 40
f 1151/1151/2797 1213/1213/2835 1185/1185/2836 1153/1152/2798
s 29
f 1159/1159/2439 1193/1193/2479 1162/1162/2837 1131/1131/2821
s 26
f 1134/1134/2824 1194/1194/2823 1196/1196/2838 1163/1163/2839
s 32
f 1198/1198/2840 1232/1497/2841 1199/1499/2828 1166/1166/2827
f 1167/1501/2810 1200/1200/2842 1192/1192/2843 1158/1158/2811
s 38
f 1238/1494/2844 1205/1205/2845 1172/1172/2451 1171/1498/2450
f 1204/1204/2486 1237/1237/2846 1238/1238/2844 1171/1171/2450
s 40
f 1205/1205/2847 1239/1239/2848 1173/1173/2813 1172/1172/2812
f 1208/1208/2532 1242/1242/2849 1209/1209/2830 1176/1176/2829
f 1211/1211/2494 1246/1246/2571 1212/1212/2570 1177/1177/2495
f 1178/1178/2460 1248/1248/2850 1213/1213/2851 1151/1151/2461
f 1212/1212/2496 1247/1247/2852 1248/1248/2850 1178/1178/2460
f 1217/1217/2831 1252/1252/2853 1244/1244/2542 1179/1179/2541
f 1180/1180/2854 1249/1249/2855 1183/1183/2814 1119/1119/2398
f 1143/1143/2420 1209/1209/2830 1249/1249/2855 1180/1180/2854
f 1218/1218/2856 1253/1253/2857 1186/1186/2819 1184/1184/2818
f 1213/1213/2835 1254/1254/2858 1255/1255/2859 1185/1185/2836
s 32
f 1200/1200/2842 1199/1199/2860 1229/1229/2861 1192/1192/2843
s 29
f 1193/1193/2479 1230/1230/2523 1195/1195/2822 1162/1162/2837
s 32
f 1197/1197/2862 1266/1496/2863 1232/1497/2841 1198/1198/2840
s 40
f 1203/1203/2483 1236/1236/2864 1237/1237/2865 1204/1204/2484
f 1270/1270/2866 1271/1271/2867 1239/1239/2848 1205/1205/2847
f 1173/1173/2487 1239/1239/2868 1272/1272/2869 1206/1206/2488
f 1272/1272/2869 1273/1273/2870 1240/1240/2528 1206/1206/2488
f 1240/1240/2588 1274/1274/2591 1241/1241/2531 1207/1207/2530
f 1276/1495/2565 1277/1482/2871 1242/1242/2849 1208/1208/2562
s off
f 1281/1281/2872 1250/1250/2873 1215/1215/2874 1214/1214/2875
f 1216/1216/2876 1251/1251/2877 1281/1281/2878 1214/1214/2879
s 40
f 1282/1282/2880 1283/1283/2881 1253/1253/2857 1218/1218/2856
s 38
f 1185/1185/2832 1255/1255/2882 1284/1284/2883 1219/1219/2833
f 1219/1436/2833 1284/1434/2883 1282/1282/2884 1218/1218/2834
s 40
f 1186/1186/2506 1253/1253/2885 1285/1285/2886 1220/1220/2507
f 1285/1285/2886 1286/1286/2887 1256/1256/2545 1220/1220/2507
f 1222/1222/2574 1258/1258/2577 1259/1259/2888 1223/1223/2510
f 1223/1223/2510 1259/1259/2888 1288/1288/2889 1224/1224/2511
s 70
f 1292/1919/2585 1265/1265/2890 1228/1228/2891 1227/1227/2582
s 32
f 1199/1199/2860 1232/1232/2892 1231/1231/2893 1229/1229/2861
f 1231/1231/2893 1232/1232/2892 1266/1266/2894 1197/1484/2895
s 40
f 1268/1268/2560 1293/1293/2613 1269/1269/2612 1233/1234/2557
f 1235/1235/2526 1295/1295/2896 1236/1236/2897 1203/1203/2527
f 1269/1269/2561 1294/1294/2898 1295/1295/2896 1235/1235/2526
f 1236/1236/2864 1296/1296/2899 1297/1297/2900 1237/1237/2865
s 38
f 1238/1494/2844 1298/1493/2901 1270/1270/2902 1205/1205/2845
f 1237/1237/2846 1297/1297/2903 1298/1298/2901 1238/1238/2844
s off
f 1215/1215/2904 1250/1250/2905 1301/1301/2906 1243/1243/2907
f 1243/1243/2908 1301/1301/2909 1251/1251/2910 1216/1216/2911
s 40
f 1248/1248/2850 1304/1304/2622 1254/1254/2621 1213/1213/2851
f 1247/1247/2852 1303/1303/2912 1304/1304/2622 1248/1248/2850
f 60/60/2913 44/44/2914 1252/1252/2853 1217/1217/2831
f 1252/1435/2853 1308/1308/2915 1258/1258/2566 1244/1437/2542
f 30/1594/2916 23/24/2917 1252/1435/2853
f 1254/1254/2858 1305/1305/2918 1306/1306/2919 1255/1255/2859
f 1256/1256/2597 1287/1287/2600 1278/1278/2576 1257/1257/2575
f 1258/1258/2577 1308/1308/2915 1288/1288/2889 1259/1259/2888
f 1310/1310/2920 1289/1289/2921 1262/1262/2552 1260/1260/2551
s 70
f 1228/1228/2891 1265/1265/2890 1309/1309/2602 1261/1261/2601
s 40
f 1262/1262/2552 1289/1289/2921 1267/1267/2559 1234/1233/2558
f 1330/1330/2922 1277/1277/2871 1276/1276/2565 1267/1267/2586
f 1315/1315/2923 1316/1316/2924 1271/1271/2867 1270/1270/2866
f 1271/1271/2634 1317/1317/2637 1272/1272/2869 1239/1239/2868
f 1317/1317/2637 1318/1318/2925 1273/1273/2870 1272/1272/2869
f 1280/1280/2572 1321/1321/2926 1303/1303/2927 1247/1247/2573
s off
f 1281/1281/2928 1251/1251/2929 1301/1301/2930 1250/1250/2931
s 40
f 1323/1323/2932 1324/1324/2933 1283/1283/2881 1282/1282/2880
f 1283/1283/2641 1325/1325/2644 1285/1285/2886 1253/1253/2885
s 79
f 1255/1255/2934 1306/1306/2935 1326/1326/2936 1284/1284/2937
f 1284/1434/2937 1326/1432/2936 1323/1323/2938 1282/1282/2939
s 40
f 1325/1325/2644 1327/1327/2940 1286/1286/2887 1285/1285/2886
f 1288/1288/2889 1328/1328/2941 1290/1290/2942 1224/1224/2511
f 1289/1289/2921 1310/1310/2920 1330/1330/2922 1267/1267/2559
f 1290/1290/2942 1328/1328/2941 1310/1310/2920 1260/1260/2551
f 1295/1295/2896 1334/1334/2647 1296/1296/2646 1236/1236/2897
f 1294/1294/2898 1333/1333/2943 1334/1334/2647 1295/1295/2896
f 1296/1296/2899 1335/1335/2944 1336/1336/2945 1297/1297/2900
s 80
f 1298/1493/2946 1337/1492/2947 1315/1315/2948 1270/1270/2949
f 1297/1297/2950 1336/1336/2951 1337/1337/2947 1298/1298/2946
s 40
f 1273/1273/2589 1318/1318/2952 1339/1339/2953 1299/1299/2590
f 1303/1303/2912 1343/1343/2954 1322/1322/2623 1304/1304/2622
f 1322/1322/2623 1344/1344/2955 1346/1346/2956 1305/1305/2624
f 1305/1305/2918 1346/1346/2957 1347/1347/2958 1306/1306/2919
f 1286/1286/2598 1327/1327/2959 1341/1341/2960 1307/1307/2599
s off
f 1311/1311/2961 1331/1331/2962 1348/1348/2963 1312/1312/2964
f 1348/1348/2965 1332/1332/2966 1313/1313/2967 1312/1312/2968
s 40
f 1314/1314/2614 1349/1349/2969 1333/1333/2970 1294/1294/2615
f 1351/1351/2971 1352/1352/2972 1316/1316/2924 1315/1315/2923
f 1352/1352/2973 1353/1353/2974 1338/1338/2636 1316/1316/2635
f 1338/1338/2636 1354/1354/2975 1318/1318/2925 1317/1317/2637
s 81
f 1357/1427/2976 1342/1342/2977 1321/1321/2978 1320/1433/2979
f 1341/1341/2980 1356/1356/2981 1357/1357/2976 1320/1320/2979
s 40
f 1321/1321/2926 1342/1342/2982 1343/1343/2983 1303/1303/2927
f 1343/1343/2954 1358/1358/2984 1344/1344/2955 1322/1322/2623
f 1359/1359/2985 1360/1360/2986 1324/1324/2933 1323/1323/2932
f 1360/1360/2987 1361/1361/2988 1345/1345/2643 1324/1324/2642
f 1345/1345/2643 1362/1362/2989 1327/1327/2940 1325/1325/2644
s 79
f 1306/1306/2935 1347/1347/2990 1363/1363/2991 1326/1326/2936
f 1326/1432/2936 1363/1430/2991 1359/1359/2992 1323/1323/2938
s off
f 1329/1329/2993 1364/1364/2994 1331/1331/2995 1311/1311/2996
f 1313/1313/2997 1332/1332/2998 1364/1364/2999 1329/1329/3000
s 40
f 1333/1333/2943 1366/1366/3001 1350/1350/2648 1334/1334/2647
f 1350/1350/2648 1367/1367/3002 1368/1368/3003 1335/1335/2649
f 1335/1335/2944 1368/1368/3004 1369/1369/3005 1336/1336/2945
s 80
f 1337/1492/2947 1370/1490/3006 1351/1351/3007 1315/1315/2948
f 1336/1336/2951 1369/1369/3008 1370/1370/3006 1337/1337/2947
s 40
f 1353/1353/2974 1371/1371/3009 1354/1354/2975 1338/1338/2636
f 1318/1318/2952 1354/1354/3010 1355/1355/3011 1339/1339/2953
s 82
f 1339/1339/3012 1355/1355/3013 1372/1372/3014 1340/1340/3015
f 1372/1487/3014 1365/1365/3016 1349/1349/3017 1340/1491/3015
s 40
f 1327/1327/2959 1362/1362/3018 1356/1356/3019 1341/1341/2960
f 1342/1342/2982 1373/1373/3020 1358/1358/3021 1343/1343/2983
s 53
f 1375/1431/2653 1376/1429/3022 1346/1346/3023 1344/1344/2650
s 40
f 1361/1361/2988 1377/1377/3024 1362/1362/2989 1345/1345/2643
s 53
f 1346/1346/3023 1376/1429/3022 1363/1363/3025 1347/1347/3026
s off
f 1348/1348/3027 1331/1331/3028 1364/1364/3029 1332/1332/3030
s 40
f 1349/1349/2969 1365/1365/3031 1366/1366/3032 1333/1333/2970
f 1366/1366/3001 1378/1378/3033 1367/1367/3002 1350/1350/2648
s 46
f 1370/1490/3034 1379/1488/3035 1352/1352/3036 1351/1351/3037
f 1352/1352/3036 1379/1488/3035 1381/1380/2513 1353/1353/2654
s 40
f 1371/1371/3038 1382/1382/3039 1355/1355/3011 1354/1354/3010
s 81
f 1357/1427/2976 1384/1384/3040 1373/1373/3041 1342/1342/2977
f 1356/1356/2981 1383/1383/3042 1384/1428/3043 1357/1357/2976
s 53
f 1363/1430/3025 1376/1376/3022 1360/1360/3044 1359/1359/3045
f 1360/1360/3044 1376/1376/3022 1375/1375/2653 1361/1361/2657
s 40
f 1362/1362/3018 1377/1377/3046 1383/1383/3047 1356/1356/3019
f 1365/1365/3031 1385/1385/3048 1378/1378/3049 1366/1366/3032
s 46
f 1381/1489/2513 1379/1379/3035 1368/1368/3050 1367/1367/2512
f 1368/1368/3050 1379/1379/3035 1370/1370/3034 1369/1369/3051
s 82
f 1355/1355/3013 1382/1382/3052 1386/1486/3053 1372/1372/3014
f 1372/1487/3014 1386/1386/3054 1385/1385/3055 1365/1365/3016
s 3
usemtl initialShadingGroup
f 12/12/44 23/1592/43 30/30/86 16/16/85
f 11/11/41 22/22/3056 38/1590/3057 24/23/42
f 22/22/3056 37/37/3058 54/1589/3059 38/1590/3057
f 37/37/3058 53/53/203 72/1588/206 54/1589/3059
f 42/42/126 60/1587/125 78/1586/3060 58/58/3061
f 58/58/3061 78/1586/3060 98/1583/3062 76/76/3063
f 71/71/204 91/91/3064 114/1581/3065 92/1585/205
f 76/76/3063 98/1583/3062 120/1584/332 96/96/331
f 118/118/334 144/1582/333 168/1578/3066 142/142/3067
f 137/137/388 163/1849/523 188/1481/526 164/164/389
s 40
f 98/98/3068 1249/1249/2855 120/120/3069
f 54/54/3070 1328/1328/2941 1288/1288/2889 38/38/3071
f 1091/1091/3072 1092/1092/3073 1069/1069/2350 1048/1049/2349 1049/1048/3074
f 1065/1065/2384 1089/1089/2387 1116/1116/3075 1091/1091/3072 1049/1048/3074
f 1147/1147/3076 1180/1180/3077 1119/1119/2398 1069/1069/2350 1092/1092/3073
s 25
f 1196/1485/3078 1164/1483/3079 1107/1107/2783 1081/1081/2335 1106/1106/3080
f 1164/1483/3079 1197/1197/3081 1198/1198/3082 1165/1165/2442 1107/1107/2783
s 40
f 1143/1143/2420 1180/1180/3077 1147/1147/3076 1116/1116/3075 1089/1089/2387
f 1127/1127/2473 1157/1157/2472 1190/1190/3083 1191/1191/3084 1128/1128/3085
f 1225/1225/3086 1189/1189/2515 1156/1156/2514 1128/1128/3085 1191/1191/3084
s 29
f 1230/1230/2523 1231/1231/3087 1197/1484/3088 1164/1164/3089 1195/1195/2822
s 40
f 1224/1224/2511 1290/1290/3090 1263/1263/3091 1190/1190/3083 1157/1157/2472
s 29
f 1195/1195/2822 1164/1164/3089 1196/1196/3092 1194/1194/3093 1161/1160/2440
s 40
f 1263/1263/3091 1290/1290/3090 1260/1260/2551 1189/1189/2515 1225/1225/3086
s 3
usemtl initialShadingGroup
f 91/91/3064 113/113/387 138/1580/390 114/1581/3065
f 142/142/3067 168/1578/3066 190/1579/528 166/166/527
s 40
f 120/120/3094 1249/1249/2855 1209/1209/2830 144/144/3095
f 72/72/3096 92/92/3097 1310/1310/2920 1328/1328/2941
f 78/78/3098 60/60/2913 1217/1217/2831 1183/1183/2814
f 1209/1209/2830 1242/1242/2849 190/190/3099 168/168/3100
f 38/38/3071 1288/1288/2889 1308/1308/2915 24/1591/3101
f 114/114/3102 1310/1310/2920 92/92/3097
s 29
f 1229/1229/2522 1231/1231/3087 1230/1230/2523
f 1160/1161/2441 1161/1160/2440 1194/1194/3093
s 25
f 1165/1165/2442 1198/1198/3082 1166/1166/2443
f 1080/1080/2334 1106/1106/3080 1081/1081/2335
s 40
f 138/138/3103 164/1927/3104 188/1926/3105 1277/1277/2871 1330/1330/2922
f 190/190/3099 1242/1242/2849 1277/1482/2871 188/188/3105 210/1928/3106
f 78/78/3098 1183/1183/2814 1249/1249/2855 98/98/3068
f 1209/1209/2830 168/168/3100 144/144/3095
f 54/54/3070 72/72/3107 1328/1328/2941
f 114/114/3102 138/138/3103 1330/1330/2922 1310/1310/2920
f 1252/1435/2853 23/24/2917 24/1591/3101 1308/1308/2915
f 1252/1252/2853 44/44/2914 30/1593/2916
s off
usemtl initialShadingGroup
f 689/689/3108 690/690/3109 1389/1388/3110 1388/1616/3111
f 670/670/3112 669/669/3113 1387/1390/3114 1390/1389/3115
f 669/669/3116 679/1933/3117 1391/1929/3118 1387/1390/3119
f 699/699/3120 689/689/3121 1388/1616/3122 1392/1614/3123
f 690/690/3124 708/708/3125 1393/1393/3126 1389/1388/3127
f 688/688/3128 670/670/3129 1390/1389/3130 1394/1394/3131
f 679/679/3132 698/698/3133 1395/1395/3134 1391/1391/3135
f 718/718/3136 699/1932/3137 1392/1931/3138 1396/1612/3139
f 708/708/3140 727/727/3141 1397/1397/3142 1393/1393/3143
f 707/707/3144 688/688/3145 1394/1394/3146 1398/1398/3147
f 698/698/3148 717/717/3149 1399/1399/3150 1395/1395/3151
f 737/737/3152 718/718/3153 1396/1612/3154 1400/1610/3155
f 727/727/3156 746/746/3157 1401/1401/3158 1397/1397/3159
f 726/726/3160 707/707/3161 1398/1398/3162 1402/1402/3163
f 717/717/3164 736/736/3165 1403/1403/3166 1399/1399/3167
f 756/756/3168 737/737/3169 1400/1610/3170 1404/1608/3171
f 746/746/3172 765/765/3173 1405/1405/3174 1401/1401/3175
f 745/745/3176 726/726/3177 1402/1402/3178 1406/1406/3179
f 736/736/3180 755/755/3181 1407/1407/3182 1403/1403/3183
f 775/775/3184 756/756/3185 1404/1608/3186 1408/1606/3187
f 765/765/3188 784/784/3189 1409/1409/3190 1405/1405/3191
f 764/764/3192 745/745/3193 1406/1406/3194 1410/1410/3195
f 755/755/3196 774/774/3197 1411/1411/3198 1407/1407/3199
f 794/794/3200 775/775/3201 1408/1606/3202 1412/1604/3203
f 784/784/3204 803/803/3205 1413/1413/3206 1409/1409/3207
f 783/783/3208 764/764/3209 1410/1410/3210 1414/1414/3211
f 774/774/3212 793/793/3213 1415/1415/3214 1411/1411/3215
f 813/813/3216 794/794/3217 1412/1604/3218 1416/1602/3219
f 803/803/3220 822/822/3221 1417/1417/3222 1413/1413/3223
f 802/802/3224 783/783/3225 1414/1414/3226 1418/1418/3227
f 793/793/3228 812/812/3229 1419/1419/3230 1415/1415/3231
f 831/831/3232 813/813/3233 1416/1602/3234 1420/1600/3235
f 822/822/3236 839/1480/3237 1421/1477/3238 1417/1417/3239
f 821/821/3240 802/802/3241 1418/1418/3242 1422/1478/3243
f 812/812/3244 830/830/3245 1423/1423/3246 1419/1419/3247
f 846/846/3248 831/831/3249 1420/1600/3250 1424/1597/3251
f 839/839/3252 853/853/3253 1425/1425/3254 1421/1421/3255
f 838/838/3256 821/1479/3257 1422/1422/3258 1426/1426/3259
f 830/830/3260 838/838/3261 1426/1426/3262 1423/1423/3263
f 853/853/3264 846/846/3265 1424/1597/3266 1425/1425/3267
