# This file uses centimeters as units for non-parametric coordinates.

mtllib Shroud.mtl
g default
v 4.911399 49.679802 19.012659
v 4.882545 49.679802 18.956028
v 4.837603 49.679802 18.911087
v 4.780973 49.679802 18.882233
v 4.718198 49.679802 18.872290
v 4.655423 49.679802 18.882233
v 4.598793 49.679802 18.911087
v 4.553851 49.679802 18.956028
v 4.524996 49.679802 19.012659
v 4.515054 49.679802 19.075434
v 4.524996 49.679802 19.138208
v 4.553851 49.679802 19.194839
v 4.598793 49.679802 19.239780
v 4.655423 49.679802 19.268635
v 4.718198 49.679802 19.278578
v 4.780973 49.679802 19.268635
v 4.837603 49.679802 19.239780
v 4.882545 49.679802 19.194839
v 4.911399 49.679802 19.138208
v 4.921342 49.679802 19.075434
v 5.099844 49.727367 18.951429
v 5.042845 49.727367 18.839563
v 4.954068 49.727367 18.750786
v 4.842202 49.727367 18.693789
v 4.718198 49.727367 18.674147
v 4.594193 49.727367 18.693789
v 4.482327 49.727367 18.750786
v 4.393550 49.727367 18.839563
v 4.336552 49.727367 18.951429
v 4.316912 49.727367 19.075434
v 4.336552 49.727367 19.199438
v 4.393550 49.727367 19.311304
v 4.482328 49.727367 19.400082
v 4.594193 49.727367 19.457079
v 4.718198 49.727367 19.476719
v 4.842202 49.727367 19.457079
v 4.954068 49.727367 19.400082
v 5.042845 49.727367 19.311304
v 5.099844 49.727367 19.199438
v 5.119484 49.727367 19.075434
v 5.278890 49.805347 18.893253
v 5.195152 49.805347 18.728907
v 5.064725 49.805347 18.598480
v 4.900378 49.805347 18.514740
v 4.718198 49.805347 18.485886
v 4.536017 49.805347 18.514740
v 4.371671 49.805347 18.598480
v 4.241244 49.805347 18.728907
v 4.157505 49.805347 18.893253
v 4.128651 49.805347 19.075434
v 4.157505 49.805347 19.257614
v 4.241244 49.805347 19.421961
v 4.371671 49.805347 19.552387
v 4.536018 49.805347 19.636126
v 4.718198 49.805347 19.664982
v 4.900378 49.805347 19.636126
v 5.064725 49.805347 19.552387
v 5.195151 49.805347 19.421961
v 5.278890 49.805347 19.257614
v 5.307745 49.805347 19.075434
v 5.444131 49.911819 18.839563
v 5.335714 49.911819 18.626781
v 5.166850 49.911819 18.457918
v 4.954068 49.911819 18.349501
v 4.718198 49.911819 18.312141
v 4.482327 49.911819 18.349501
v 4.269546 49.911819 18.457918
v 4.100682 49.911819 18.626781
v 3.992264 49.911819 18.839563
v 3.954906 49.911819 19.075434
v 3.992264 49.911819 19.311304
v 4.100682 49.911819 19.524086
v 4.269547 49.911819 19.692949
v 4.482328 49.911819 19.801367
v 4.718198 49.911819 19.838726
v 4.954068 49.911819 19.801367
v 5.166849 49.911819 19.692949
v 5.335712 49.911819 19.524086
v 5.444131 49.911819 19.311304
v 5.481490 49.911819 19.075434
v 5.591497 50.044155 18.791681
v 5.461070 50.044155 18.535706
v 5.257926 50.044155 18.332561
v 5.001950 50.044155 18.202133
v 4.718198 50.044155 18.157192
v 4.434445 50.044155 18.202135
v 4.178469 50.044155 18.332561
v 3.975325 50.044155 18.535706
v 3.844898 50.044155 18.791681
v 3.799956 50.044155 19.075434
v 3.844898 50.044155 19.359186
v 3.975325 50.044155 19.615162
v 4.178469 50.044155 19.818306
v 4.434446 50.044155 19.948732
v 4.718198 50.044155 19.993675
v 5.001950 50.044155 19.948732
v 5.257926 50.044155 19.818306
v 5.461070 50.044155 19.615162
v 5.591497 50.044155 19.359186
v 5.636439 50.044155 19.075434
v 5.717359 50.199108 18.750786
v 5.568136 50.199108 18.457918
v 5.335714 50.199108 18.225496
v 5.042845 50.199108 18.076271
v 4.718198 50.199108 18.024853
v 4.393550 50.199108 18.076271
v 4.100682 50.199108 18.225496
v 3.868259 50.199108 18.457918
v 3.719036 50.199108 18.750786
v 3.667617 50.199108 19.075434
v 3.719036 50.199108 19.400082
v 3.868260 50.199108 19.692949
v 4.100682 50.199108 19.925371
v 4.393550 50.199108 20.074594
v 4.718198 50.199108 20.126015
v 5.042845 50.199108 20.074594
v 5.335712 50.199108 19.925371
v 5.568134 50.199108 19.692949
v 5.717359 50.199108 19.400082
v 5.768778 50.199108 19.075434
v 5.818619 50.372852 18.717884
v 5.654272 50.372852 18.395336
v 5.398296 50.372852 18.139359
v 5.075747 50.372852 17.975012
v 4.718198 50.372852 17.918383
v 4.360649 50.372852 17.975012
v 4.038100 50.372852 18.139359
v 3.782123 50.372852 18.395336
v 3.617776 50.372852 18.717886
v 3.561146 50.372852 19.075434
v 3.617776 50.372852 19.432981
v 3.782123 50.372852 19.755531
v 4.038100 50.372852 20.011509
v 4.360649 50.372852 20.175856
v 4.718198 50.372852 20.232485
v 5.075747 50.372852 20.175856
v 5.398295 50.372852 20.011509
v 5.654272 50.372852 19.755531
v 5.818619 50.372852 19.432981
v 5.875249 50.372852 19.075434
v 5.892782 50.561111 18.693789
v 5.717359 50.561111 18.349501
v 5.444131 50.561111 18.076271
v 5.099844 50.561111 17.900848
v 4.718198 50.561111 17.840401
v 4.336552 50.561111 17.900848
v 3.992264 50.561111 18.076271
v 3.719036 50.561111 18.349501
v 3.543612 50.561111 18.693789
v 3.483166 50.561111 19.075434
v 3.543612 50.561111 19.457079
v 3.719036 50.561111 19.801367
v 3.992264 50.561111 20.074596
v 4.336552 50.561111 20.250019
v 4.718198 50.561111 20.310465
v 5.099844 50.561111 20.250019
v 5.444131 50.561111 20.074594
v 5.717359 50.561111 19.801367
v 5.892782 50.561111 19.457079
v 5.953229 50.561111 19.075434
v 5.938025 50.759254 18.679089
v 5.755845 50.759254 18.321539
v 5.472092 50.759254 18.037786
v 5.114543 50.759254 17.855606
v 4.718198 50.759254 17.792831
v 4.321852 50.759254 17.855606
v 3.964303 50.759254 18.037786
v 3.680551 50.759254 18.321539
v 3.498371 50.759254 18.679089
v 3.435596 50.759254 19.075434
v 3.498371 50.759254 19.471779
v 3.680551 50.759254 19.829329
v 3.964303 50.759254 20.113079
v 4.321852 50.759254 20.295259
v 4.718198 50.759254 20.358036
v 5.114543 50.759254 20.295259
v 5.472092 50.759254 20.113079
v 5.755844 50.759254 19.829329
v 5.938024 50.759254 19.471779
v 6.000800 50.759254 19.075434
v 5.953230 50.962399 18.674147
v 5.768779 50.962399 18.312141
v 5.481490 50.962399 18.024853
v 5.119484 50.962399 17.840401
v 4.718198 50.962399 17.776844
v 4.316912 50.962399 17.840401
v 3.954906 50.962399 18.024853
v 3.667617 50.962399 18.312141
v 3.483166 50.962399 18.674147
v 3.419608 50.962399 19.075434
v 3.483166 50.962399 19.476721
v 3.667617 50.962399 19.838726
v 3.954906 50.962399 20.126015
v 4.316912 50.962399 20.310465
v 4.718198 50.962399 20.374023
v 5.119484 50.962399 20.310465
v 5.481490 50.962399 20.126015
v 5.768778 50.962399 19.838726
v 5.953229 50.962399 19.476719
v 6.016786 50.962399 19.075434
v 5.938025 51.165543 18.679089
v 5.755845 51.165543 18.321539
v 5.472092 51.165543 18.037786
v 5.114543 51.165543 17.855606
v 4.718198 51.165543 17.792831
v 4.321852 51.165543 17.855606
v 3.964303 51.165543 18.037786
v 3.680551 51.165543 18.321539
v 3.498371 51.165543 18.679089
v 3.435596 51.165543 19.075434
v 3.498371 51.165543 19.471779
v 3.680551 51.165543 19.829329
v 3.964303 51.165543 20.113079
v 4.321852 51.165543 20.295259
v 4.718198 51.165543 20.358036
v 5.114543 51.165543 20.295259
v 5.472092 51.165543 20.113079
v 5.755844 51.165543 19.829329
v 5.938024 51.165543 19.471779
v 6.000800 51.165543 19.075434
v 5.892782 51.363686 18.693789
v 5.717359 51.363686 18.349501
v 5.444131 51.363686 18.076271
v 5.099844 51.363686 17.900848
v 4.718198 51.363686 17.840401
v 4.336552 51.363686 17.900848
v 3.992264 51.363686 18.076271
v 3.719036 51.363686 18.349501
v 3.543612 51.363686 18.693789
v 3.483166 51.363686 19.075434
v 3.543612 51.363686 19.457079
v 3.719036 51.363686 19.801367
v 3.992264 51.363686 20.074596
v 4.336552 51.363686 20.250019
v 4.718198 51.363686 20.310465
v 5.099844 51.363686 20.250019
v 5.444131 51.363686 20.074594
v 5.717359 51.363686 19.801367
v 5.892782 51.363686 19.457079
v 5.953229 51.363686 19.075434
v 5.818619 51.551945 18.717884
v 5.654272 51.551945 18.395336
v 5.398296 51.551945 18.139359
v 5.075747 51.551945 17.975012
v 4.718198 51.551945 17.918383
v 4.360649 51.551945 17.975012
v 4.038100 51.551945 18.139359
v 3.782123 51.551945 18.395336
v 3.617776 51.551945 18.717886
v 3.561146 51.551945 19.075434
v 3.617776 51.551945 19.432981
v 3.782123 51.551945 19.755531
v 4.038100 51.551945 20.011509
v 4.360649 51.551945 20.175856
v 4.718198 51.551945 20.232485
v 5.075747 51.551945 20.175856
v 5.398295 51.551945 20.011509
v 5.654272 51.551945 19.755531
v 5.818619 51.551945 19.432981
v 5.875249 51.551945 19.075434
v 5.717359 51.725689 18.750786
v 5.568136 51.725689 18.457918
v 5.335714 51.725689 18.225496
v 5.042845 51.725689 18.076271
v 4.718198 51.725689 18.024853
v 4.393550 51.725689 18.076271
v 4.100682 51.725689 18.225496
v 3.868259 51.725689 18.457918
v 3.719036 51.725689 18.750786
v 3.667617 51.725689 19.075434
v 3.719036 51.725689 19.400082
v 3.868260 51.725689 19.692949
v 4.100682 51.725689 19.925371
v 4.393550 51.725689 20.074594
v 4.718198 51.725689 20.126015
v 5.042845 51.725689 20.074594
v 5.335712 51.725689 19.925371
v 5.568134 51.725689 19.692949
v 5.717359 51.725689 19.400082
v 5.768778 51.725689 19.075434
v 5.591497 51.880634 18.791681
v 5.461070 51.880634 18.535706
v 5.257926 51.880634 18.332561
v 5.001950 51.880634 18.202133
v 4.718198 51.880634 18.157192
v 4.434445 51.880634 18.202135
v 4.178469 51.880634 18.332561
v 3.975325 51.880634 18.535706
v 3.844898 51.880634 18.791681
v 3.799956 51.880634 19.075434
v 3.844898 51.880634 19.359186
v 3.975325 51.880634 19.615162
v 4.178469 51.880634 19.818306
v 4.434446 51.880634 19.948732
v 4.718198 51.880634 19.993675
v 5.001950 51.880634 19.948732
v 5.257926 51.880634 19.818306
v 5.461070 51.880634 19.615162
v 5.591497 51.880634 19.359186
v 5.636439 51.880634 19.075434
v 5.444131 52.012978 18.839563
v 5.335714 52.012978 18.626781
v 5.166850 52.012978 18.457918
v 4.954068 52.012978 18.349501
v 4.718198 52.012978 18.312141
v 4.482327 52.012978 18.349501
v 4.269546 52.012978 18.457918
v 4.100682 52.012978 18.626781
v 3.992264 52.012978 18.839563
v 3.954906 52.012978 19.075434
v 3.992264 52.012978 19.311304
v 4.100682 52.012978 19.524086
v 4.269547 52.012978 19.692949
v 4.482328 52.012978 19.801367
v 4.718198 52.012978 19.838726
v 4.954068 52.012978 19.801367
v 5.166849 52.012978 19.692949
v 5.335712 52.012978 19.524086
v 5.444131 52.012978 19.311304
v 5.481490 52.012978 19.075434
v 5.278890 52.119450 18.893253
v 5.195152 52.119450 18.728907
v 5.064725 52.119450 18.598480
v 4.900378 52.119450 18.514740
v 4.718198 52.119450 18.485886
v 4.536017 52.119450 18.514740
v 4.371671 52.119450 18.598480
v 4.241244 52.119450 18.728907
v 4.157505 52.119450 18.893253
v 4.128651 52.119450 19.075434
v 4.157505 52.119450 19.257614
v 4.241244 52.119450 19.421961
v 4.371671 52.119450 19.552387
v 4.536018 52.119450 19.636126
v 4.718198 52.119450 19.664982
v 4.900378 52.119450 19.636126
v 5.064725 52.119450 19.552387
v 5.195151 52.119450 19.421961
v 5.278890 52.119450 19.257614
v 5.307745 52.119450 19.075434
v 5.099844 52.197430 18.951429
v 5.042845 52.197430 18.839563
v 4.954068 52.197430 18.750786
v 4.842202 52.197430 18.693789
v 4.718198 52.197430 18.674147
v 4.594193 52.197430 18.693789
v 4.482327 52.197430 18.750786
v 4.393550 52.197430 18.839563
v 4.336552 52.197430 18.951429
v 4.316912 52.197430 19.075434
v 4.336552 52.197430 19.199438
v 4.393550 52.197430 19.311304
v 4.482328 52.197430 19.400082
v 4.594193 52.197430 19.457079
v 4.718198 52.197430 19.476719
v 4.842202 52.197430 19.457079
v 4.954068 52.197430 19.400082
v 5.042845 52.197430 19.311304
v 5.099844 52.197430 19.199438
v 5.119484 52.197430 19.075434
v 4.911399 52.244995 19.012659
v 4.882545 52.244995 18.956028
v 4.837603 52.244995 18.911087
v 4.780973 52.244995 18.882233
v 4.718198 52.244995 18.872290
v 4.655423 52.244995 18.882233
v 4.598793 52.244995 18.911087
v 4.553851 52.244995 18.956028
v 4.524996 52.244995 19.012659
v 4.515054 52.244995 19.075434
v 4.524996 52.244995 19.138208
v 4.553851 52.244995 19.194839
v 4.598793 52.244995 19.239780
v 4.655423 52.244995 19.268635
v 4.718198 52.244995 19.278578
v 4.780973 52.244995 19.268635
v 4.837603 52.244995 19.239780
v 4.882545 52.244995 19.194839
v 4.911399 52.244995 19.138208
v 4.921342 52.244995 19.075434
v 4.718198 49.663811 19.075434
v 4.718198 52.260986 19.075434
v -4.911399 49.679802 19.012659
v -4.882545 49.679802 18.956028
v -4.837602 49.679802 18.911087
v -4.780972 49.679802 18.882233
v -4.718198 49.679802 18.872290
v -4.655422 49.679802 18.882233
v -4.598792 49.679802 18.911087
v -4.553850 49.679802 18.956028
v -4.524996 49.679802 19.012659
v -4.515053 49.679802 19.075434
v -4.524996 49.679802 19.138208
v -4.553850 49.679802 19.194839
v -4.598792 49.679802 19.239780
v -4.655422 49.679802 19.268635
v -4.718198 49.679802 19.278578
v -4.780972 49.679802 19.268635
v -4.837602 49.679802 19.239780
v -4.882545 49.679802 19.194839
v -4.911399 49.679802 19.138208
v -4.921341 49.679802 19.075434
v -5.099844 49.727367 18.951429
v -5.042845 49.727367 18.839563
v -4.954068 49.727367 18.750786
v -4.842201 49.727367 18.693789
v -4.718198 49.727367 18.674147
v -4.594193 49.727367 18.693789
v -4.482327 49.727367 18.750786
v -4.393550 49.727367 18.839563
v -4.336552 49.727367 18.951429
v -4.316912 49.727367 19.075434
v -4.336552 49.727367 19.199438
v -4.393550 49.727367 19.311304
v -4.482327 49.727367 19.400082
v -4.594193 49.727367 19.457079
v -4.718198 49.727367 19.476719
v -4.842201 49.727367 19.457079
v -4.954067 49.727367 19.400082
v -5.042845 49.727367 19.311304
v -5.099843 49.727367 19.199438
v -5.119483 49.727367 19.075434
v -5.278890 49.805347 18.893253
v -5.195151 49.805347 18.728907
v -5.064724 49.805347 18.598480
v -4.900377 49.805347 18.514740
v -4.718198 49.805347 18.485886
v -4.536016 49.805347 18.514740
v -4.371670 49.805347 18.598480
v -4.241243 49.805347 18.728907
v -4.157504 49.805347 18.893253
v -4.128650 49.805347 19.075434
v -4.157504 49.805347 19.257614
v -4.241243 49.805347 19.421961
v -4.371670 49.805347 19.552387
v -4.536016 49.805347 19.636126
v -4.718198 49.805347 19.664982
v -4.900377 49.805347 19.636126
v -5.064724 49.805347 19.552387
v -5.195150 49.805347 19.421961
v -5.278890 49.805347 19.257614
v -5.307745 49.805347 19.075434
v -5.444131 49.911819 18.839563
v -5.335713 49.911819 18.626781
v -5.166849 49.911819 18.457918
v -4.954068 49.911819 18.349501
v -4.718198 49.911819 18.312141
v -4.482327 49.911819 18.349501
v -4.269545 49.911819 18.457918
v -4.100681 49.911819 18.626781
v -3.992264 49.911819 18.839563
v -3.954906 49.911819 19.075434
v -3.992264 49.911819 19.311304
v -4.100681 49.911819 19.524086
v -4.269547 49.911819 19.692949
v -4.482327 49.911819 19.801367
v -4.718198 49.911819 19.838726
v -4.954067 49.911819 19.801367
v -5.166849 49.911819 19.692949
v -5.335712 49.911819 19.524086
v -5.444131 49.911819 19.311304
v -5.481489 49.911819 19.075434
v -5.591497 50.044155 18.791681
v -5.461070 50.044155 18.535706
v -5.257926 50.044155 18.332561
v -5.001949 50.044155 18.202133
v -4.718198 50.044155 18.157192
v -4.434444 50.044155 18.202135
v -4.178469 50.044155 18.332561
v -3.975325 50.044155 18.535706
v -3.844897 50.044155 18.791681
v -3.799955 50.044155 19.075434
v -3.844897 50.044155 19.359186
v -3.975325 50.044155 19.615162
v -4.178469 50.044155 19.818306
v -4.434445 50.044155 19.948732
v -4.718198 50.044155 19.993675
v -5.001949 50.044155 19.948732
v -5.257926 50.044155 19.818306
v -5.461070 50.044155 19.615162
v -5.591496 50.044155 19.359186
v -5.636438 50.044155 19.075434
v -5.717359 50.199108 18.750786
v -5.568135 50.199108 18.457918
v -5.335713 50.199108 18.225496
v -5.042845 50.199108 18.076271
v -4.718198 50.199108 18.024853
v -4.393550 50.199108 18.076271
v -4.100681 50.199108 18.225496
v -3.868258 50.199108 18.457918
v -3.719035 50.199108 18.750786
v -3.667616 50.199108 19.075434
v -3.719035 50.199108 19.400082
v -3.868259 50.199108 19.692949
v -4.100681 50.199108 19.925371
v -4.393550 50.199108 20.074594
v -4.718198 50.199108 20.126015
v -5.042845 50.199108 20.074594
v -5.335712 50.199108 19.925371
v -5.568134 50.199108 19.692949
v -5.717359 50.199108 19.400082
v -5.768777 50.199108 19.075434
v -5.818619 50.372852 18.717884
v -5.654272 50.372852 18.395336
v -5.398295 50.372852 18.139359
v -5.075747 50.372852 17.975012
v -4.718198 50.372852 17.918383
v -4.360649 50.372852 17.975012
v -4.038099 50.372852 18.139359
v -3.782123 50.372852 18.395336
v -3.617776 50.372852 18.717886
v -3.561146 50.372852 19.075434
v -3.617776 50.372852 19.432981
v -3.782123 50.372852 19.755531
v -4.038099 50.372852 20.011509
v -4.360649 50.372852 20.175856
v -4.718198 50.372852 20.232485
v -5.075747 50.372852 20.175856
v -5.398295 50.372852 20.011509
v -5.654272 50.372852 19.755531
v -5.818619 50.372852 19.432981
v -5.875249 50.372852 19.075434
v -5.892781 50.561111 18.693789
v -5.717359 50.561111 18.349501
v -5.444131 50.561111 18.076271
v -5.099844 50.561111 17.900848
v -4.718198 50.561111 17.840401
v -4.336551 50.561111 17.900848
v -3.992264 50.561111 18.076271
v -3.719035 50.561111 18.349501
v -3.543612 50.561111 18.693789
v -3.483165 50.561111 19.075434
v -3.543612 50.561111 19.457079
v -3.719035 50.561111 19.801367
v -3.992264 50.561111 20.074596
v -4.336552 50.561111 20.250019
v -4.718198 50.561111 20.310465
v -5.099843 50.561111 20.250019
v -5.444131 50.561111 20.074594
v -5.717359 50.561111 19.801367
v -5.892781 50.561111 19.457079
v -5.953229 50.561111 19.075434
v -5.938024 50.759254 18.679089
v -5.755844 50.759254 18.321539
v -5.472092 50.759254 18.037786
v -5.114543 50.759254 17.855606
v -4.718198 50.759254 17.792831
v -4.321852 50.759254 17.855606
v -3.964303 50.759254 18.037786
v -3.680551 50.759254 18.321539
v -3.498370 50.759254 18.679089
v -3.435596 50.759254 19.075434
v -3.498370 50.759254 19.471779
v -3.680551 50.759254 19.829329
v -3.964303 50.759254 20.113079
v -4.321852 50.759254 20.295259
v -4.718198 50.759254 20.358036
v -5.114543 50.759254 20.295259
v -5.472091 50.759254 20.113079
v -5.755843 50.759254 19.829329
v -5.938024 50.759254 19.471779
v -6.000799 50.759254 19.075434
v -5.953229 50.962399 18.674147
v -5.768779 50.962399 18.312141
v -5.481489 50.962399 18.024853
v -5.119483 50.962399 17.840401
v -4.718198 50.962399 17.776844
v -4.316912 50.962399 17.840401
v -3.954906 50.962399 18.024853
v -3.667616 50.962399 18.312141
v -3.483165 50.962399 18.674147
v -3.419607 50.962399 19.075434
v -3.483165 50.962399 19.476721
v -3.667616 50.962399 19.838726
v -3.954906 50.962399 20.126015
v -4.316912 50.962399 20.310465
v -4.718198 50.962399 20.374023
v -5.119483 50.962399 20.310465
v -5.481489 50.962399 20.126015
v -5.768777 50.962399 19.838726
v -5.953229 50.962399 19.476719
v -6.016786 50.962399 19.075434
v -5.938024 51.165543 18.679089
v -5.755844 51.165543 18.321539
v -5.472092 51.165543 18.037786
v -5.114543 51.165543 17.855606
v -4.718198 51.165543 17.792831
v -4.321852 51.165543 17.855606
v -3.964303 51.165543 18.037786
v -3.680551 51.165543 18.321539
v -3.498370 51.165543 18.679089
v -3.435596 51.165543 19.075434
v -3.498370 51.165543 19.471779
v -3.680551 51.165543 19.829329
v -3.964303 51.165543 20.113079
v -4.321852 51.165543 20.295259
v -4.718198 51.165543 20.358036
v -5.114543 51.165543 20.295259
v -5.472091 51.165543 20.113079
v -5.755843 51.165543 19.829329
v -5.938024 51.165543 19.471779
v -6.000799 51.165543 19.075434
v -5.892781 51.363686 18.693789
v -5.717359 51.363686 18.349501
v -5.444131 51.363686 18.076271
v -5.099844 51.363686 17.900848
v -4.718198 51.363686 17.840401
v -4.336551 51.363686 17.900848
v -3.992264 51.363686 18.076271
v -3.719035 51.363686 18.349501
v -3.543612 51.363686 18.693789
v -3.483165 51.363686 19.075434
v -3.543612 51.363686 19.457079
v -3.719035 51.363686 19.801367
v -3.992264 51.363686 20.074596
v -4.336552 51.363686 20.250019
v -4.718198 51.363686 20.310465
v -5.099843 51.363686 20.250019
v -5.444131 51.363686 20.074594
v -5.717359 51.363686 19.801367
v -5.892781 51.363686 19.457079
v -5.953229 51.363686 19.075434
v -5.818619 51.551945 18.717884
v -5.654272 51.551945 18.395336
v -5.398295 51.551945 18.139359
v -5.075747 51.551945 17.975012
v -4.718198 51.551945 17.918383
v -4.360649 51.551945 17.975012
v -4.038099 51.551945 18.139359
v -3.782123 51.551945 18.395336
v -3.617776 51.551945 18.717886
v -3.561146 51.551945 19.075434
v -3.617776 51.551945 19.432981
v -3.782123 51.551945 19.755531
v -4.038099 51.551945 20.011509
v -4.360649 51.551945 20.175856
v -4.718198 51.551945 20.232485
v -5.075747 51.551945 20.175856
v -5.398295 51.551945 20.011509
v -5.654272 51.551945 19.755531
v -5.818619 51.551945 19.432981
v -5.875249 51.551945 19.075434
v -5.717359 51.725689 18.750786
v -5.568135 51.725689 18.457918
v -5.335713 51.725689 18.225496
v -5.042845 51.725689 18.076271
v -4.718198 51.725689 18.024853
v -4.393550 51.725689 18.076271
v -4.100681 51.725689 18.225496
v -3.868258 51.725689 18.457918
v -3.719035 51.725689 18.750786
v -3.667616 51.725689 19.075434
v -3.719035 51.725689 19.400082
v -3.868259 51.725689 19.692949
v -4.100681 51.725689 19.925371
v -4.393550 51.725689 20.074594
v -4.718198 51.725689 20.126015
v -5.042845 51.725689 20.074594
v -5.335712 51.725689 19.925371
v -5.568134 51.725689 19.692949
v -5.717359 51.725689 19.400082
v -5.768777 51.725689 19.075434
v -5.591497 51.880634 18.791681
v -5.461070 51.880634 18.535706
v -5.257926 51.880634 18.332561
v -5.001949 51.880634 18.202133
v -4.718198 51.880634 18.157192
v -4.434444 51.880634 18.202135
v -4.178469 51.880634 18.332561
v -3.975325 51.880634 18.535706
v -3.844897 51.880634 18.791681
v -3.799955 51.880634 19.075434
v -3.844897 51.880634 19.359186
v -3.975325 51.880634 19.615162
v -4.178469 51.880634 19.818306
v -4.434445 51.880634 19.948732
v -4.718198 51.880634 19.993675
v -5.001949 51.880634 19.948732
v -5.257926 51.880634 19.818306
v -5.461070 51.880634 19.615162
v -5.591496 51.880634 19.359186
v -5.636438 51.880634 19.075434
v -5.444131 52.012978 18.839563
v -5.335713 52.012978 18.626781
v -5.166849 52.012978 18.457918
v -4.954068 52.012978 18.349501
v -4.718198 52.012978 18.312141
v -4.482327 52.012978 18.349501
v -4.269545 52.012978 18.457918
v -4.100681 52.012978 18.626781
v -3.992264 52.012978 18.839563
v -3.954906 52.012978 19.075434
v -3.992264 52.012978 19.311304
v -4.100681 52.012978 19.524086
v -4.269547 52.012978 19.692949
v -4.482327 52.012978 19.801367
v -4.718198 52.012978 19.838726
v -4.954067 52.012978 19.801367
v -5.166849 52.012978 19.692949
v -5.335712 52.012978 19.524086
v -5.444131 52.012978 19.311304
v -5.481489 52.012978 19.075434
v -5.278890 52.119450 18.893253
v -5.195151 52.119450 18.728907
v -5.064724 52.119450 18.598480
v -4.900377 52.119450 18.514740
v -4.718198 52.119450 18.485886
v -4.536016 52.119450 18.514740
v -4.371670 52.119450 18.598480
v -4.241243 52.119450 18.728907
v -4.157504 52.119450 18.893253
v -4.128650 52.119450 19.075434
v -4.157504 52.119450 19.257614
v -4.241243 52.119450 19.421961
v -4.371670 52.119450 19.552387
v -4.536016 52.119450 19.636126
v -4.718198 52.119450 19.664982
v -4.900377 52.119450 19.636126
v -5.064724 52.119450 19.552387
v -5.195150 52.119450 19.421961
v -5.278890 52.119450 19.257614
v -5.307745 52.119450 19.075434
v -5.099844 52.197430 18.951429
v -5.042845 52.197430 18.839563
v -4.954068 52.197430 18.750786
v -4.842201 52.197430 18.693789
v -4.718198 52.197430 18.674147
v -4.594193 52.197430 18.693789
v -4.482327 52.197430 18.750786
v -4.393550 52.197430 18.839563
v -4.336552 52.197430 18.951429
v -4.316912 52.197430 19.075434
v -4.336552 52.197430 19.199438
v -4.393550 52.197430 19.311304
v -4.482327 52.197430 19.400082
v -4.594193 52.197430 19.457079
v -4.718198 52.197430 19.476719
v -4.842201 52.197430 19.457079
v -4.954067 52.197430 19.400082
v -5.042845 52.197430 19.311304
v -5.099843 52.197430 19.199438
v -5.119483 52.197430 19.075434
v -4.911399 52.244995 19.012659
v -4.882545 52.244995 18.956028
v -4.837602 52.244995 18.911087
v -4.780972 52.244995 18.882233
v -4.718198 52.244995 18.872290
v -4.655422 52.244995 18.882233
v -4.598792 52.244995 18.911087
v -4.553850 52.244995 18.956028
v -4.524996 52.244995 19.012659
v -4.515053 52.244995 19.075434
v -4.524996 52.244995 19.138208
v -4.553850 52.244995 19.194839
v -4.598792 52.244995 19.239780
v -4.655422 52.244995 19.268635
v -4.718198 52.244995 19.278578
v -4.780972 52.244995 19.268635
v -4.837602 52.244995 19.239780
v -4.882545 52.244995 19.194839
v -4.911399 52.244995 19.138208
v -4.921341 52.244995 19.075434
v -4.718198 49.663811 19.075434
v -4.718198 52.260986 19.075434
v 8.504671 6.519899 -18.868124
v 8.181140 6.519899 -19.455179
v 7.696949 6.519899 -19.847437
v 7.125803 6.519899 -19.985176
v 6.554658 6.519899 -19.847437
v 6.070465 6.519899 -19.455179
v 5.746939 6.519899 -18.868128
v 5.633330 6.519899 -18.175652
v 5.746938 6.519899 -17.483173
v 6.070464 6.519899 -16.896122
v 6.554657 6.519899 -16.503864
v 7.125803 6.519899 -16.366121
v 7.696948 6.519899 -16.503864
v 8.181140 6.519899 -16.896122
v 8.504669 6.519899 -17.483173
v 8.618275 6.519899 -18.175652
v 8.510617 9.713805 -18.869028
v 8.185696 9.713805 -19.458616
v 7.699412 9.713805 -19.852566
v 7.125803 9.713805 -19.990902
v 6.552195 9.713805 -19.852566
v 6.065912 9.713805 -19.458616
v 5.740988 9.713805 -18.869032
v 5.626890 9.713805 -18.173567
v 5.740988 9.713805 -17.478100
v 6.065911 9.713805 -16.888515
v 6.552195 9.713805 -16.494564
v 7.125803 9.713805 -16.356228
v 7.699412 9.713805 -16.494564
v 8.185694 9.713805 -16.888514
v 8.510617 9.713805 -17.478100
v 8.624715 9.713805 -18.173567
v 8.922527 12.793778 -18.660213
v 8.500956 13.304079 -19.230396
v 7.870032 13.644946 -19.611265
v 7.125803 13.764644 -19.745010
v 6.381577 13.644949 -19.611269
v 5.750650 13.304081 -19.230400
v 5.329080 12.793778 -18.660213
v 5.181043 12.192025 -17.987843
v 5.329080 11.590270 -17.315468
v 5.750649 11.080282 -16.745630
v 6.381576 10.739415 -16.364761
v 7.125803 10.619719 -16.231018
v 7.870030 10.739415 -16.364761
v 8.500956 11.080282 -16.745630
v 8.922527 11.590270 -17.315468
v 9.070560 12.192025 -17.987843
v 9.128910 16.186586 -15.981494
v 8.658915 16.467752 -16.786638
v 7.955519 16.655621 -17.324617
v 7.125803 16.721590 -17.513531
v 6.296091 16.655621 -17.324617
v 5.592691 16.467752 -16.786638
v 5.122696 16.186588 -15.981497
v 4.957657 15.854932 -15.031763
v 5.122695 15.523275 -14.082029
v 5.592691 15.242112 -13.276888
v 6.296090 15.054244 -12.738908
v 7.125803 14.988273 -12.549992
v 7.955517 15.054244 -12.738908
v 8.658913 15.242112 -13.276888
v 9.128910 15.523275 -14.082029
v 9.293949 15.854932 -15.031763
v 9.558849 20.337990 -15.096248
v 9.031082 19.967979 -16.322159
v 8.241219 19.575411 -17.189625
v 7.309514 19.218161 -17.571337
v 6.377809 18.957464 -17.367355
v 5.587946 18.830742 -16.626230
v 5.060177 18.855387 -15.477816
v 4.874849 19.030029 -14.086995
v 5.060177 19.327843 -12.668351
v 5.587945 19.702541 -11.442062
v 6.377808 20.096695 -10.592898
v 7.309512 20.453783 -10.223679
v 8.241217 20.714451 -10.416283
v 9.031082 20.839336 -11.140617
v 9.558847 20.809235 -12.293985
v 9.744176 20.632740 -13.684502
v 9.971892 24.108250 -15.930773
v 9.351971 23.303450 -17.093004
v 8.424196 22.490391 -17.768316
v 7.329809 21.792862 -17.853888
v 6.235421 21.317049 -17.336714
v 5.307646 21.135393 -16.295509
v 4.687723 21.275547 -14.888796
v 4.470037 21.716177 -13.330736
v 4.687723 22.390202 -11.858522
v 5.307644 23.195007 -10.696299
v 6.235419 24.008062 -10.020991
v 7.329808 24.705589 -9.935417
v 8.424194 25.181402 -10.452592
v 9.351969 25.363062 -11.493794
v 9.971892 25.222902 -12.900503
v 10.189578 24.782274 -14.458569
v 8.976803 28.969894 -17.174566
v 8.429787 28.005831 -18.688007
v 7.611115 26.803650 -19.600010
v 7.088982 24.985512 -19.671972
v 6.123294 23.864548 -19.077263
v 6.123292 25.519030 -9.775095
v 7.088982 26.739082 -9.812642
v 7.611115 28.392141 -10.668841
v 8.429786 29.272116 -11.568440
v 8.976803 29.655203 -13.321485
v 9.168895 29.549080 -15.290098
v 6.071776 0.604398 -18.763062
v 5.630347 0.604398 -17.171120
v 8.498313 0.604398 -18.742859
v 8.693870 0.604398 -17.191322
v 5.630347 3.715774 -19.648510
v 5.630347 4.419644 -16.848400
v 8.693870 4.430536 -16.814564
v 8.693870 3.715774 -19.628315
v 5.630347 4.208772 -16.366383
v 8.693870 4.208772 -16.366383
v 5.630347 0.585151 -16.897766
v 8.693870 0.585151 -16.897766
v 5.630347 4.107477 -18.296429
v 5.630347 0.604398 -17.965809
v 8.693870 0.604398 -17.965809
v 8.693870 4.107477 -18.296436
v 5.630347 2.091650 -19.323574
v 5.437274 2.469743 -18.024143
v 5.305289 2.469749 -16.718334
v 5.136550 2.368606 -15.745715
v 9.293231 2.368612 -15.745715
v 9.228187 2.469749 -16.738541
v 9.050567 2.469743 -18.024151
v 8.693870 2.091650 -19.303387
v 7.162108 3.715774 -20.103252
v 7.162108 2.091650 -19.778313
v 7.162108 0.604398 -19.300560
v 7.162108 0.604398 -17.965809
v 7.162108 0.604398 -17.181217
v 7.162108 0.604400 -16.654461
v 7.162108 2.448581 -15.502414
v 7.162108 4.353900 -16.123085
v 7.162108 4.499172 -16.489613
v 7.927989 3.715774 -20.098202
v 7.927989 4.499172 -16.494663
v 7.927989 4.281333 -16.244732
v 7.927989 2.408597 -15.624064
v 7.927989 0.594778 -16.776119
v 7.927989 0.604398 -17.186272
v 7.927989 0.604398 -17.965809
v 7.927989 0.604398 -19.295506
v 7.927989 2.091650 -19.773266
v 6.396228 3.715774 -20.108299
v 6.396228 2.091650 -19.783360
v 6.396228 0.604398 -19.305607
v 6.396228 0.604398 -17.965809
v 6.396228 0.604398 -17.176167
v 6.396228 0.594778 -16.776119
v 6.396228 2.408594 -15.624064
v 6.396228 4.281333 -16.244732
v 6.396228 4.499172 -16.484554
v 8.385627 2.408597 -13.697192
v 9.194743 2.368612 -13.818843
v 8.385627 0.594778 -14.849235
v 9.194743 0.585151 -14.970885
v 8.385627 4.281333 -14.317863
v 9.194743 4.208772 -14.439509
v 8.271491 4.281333 -13.965556
v 8.271491 2.408597 -13.344890
v 7.473155 4.353900 -13.843905
v 7.473155 2.448581 -13.223239
v 8.271491 0.594778 -14.496943
v 7.473155 0.604400 -14.375285
v 7.162108 0.604400 -14.331843
v 7.162108 2.448581 -13.179797
v 6.396228 2.408594 -13.301444
v 6.396228 0.594778 -14.453498
v 7.162108 4.353900 -13.800464
v 6.396228 4.281333 -13.922111
v 6.175605 2.408594 -13.643291
v 6.175605 4.281333 -14.263961
v 5.435428 4.208772 -14.385615
v 5.435428 2.368606 -13.764949
v 6.175605 0.594778 -14.795344
v 5.435428 0.585151 -14.916991
v 8.693870 3.911626 -18.962376
v 8.872218 2.280698 -18.663769
v 8.596091 0.604398 -18.354336
v 7.927989 0.604398 -18.630657
v 7.162108 0.604398 -18.633186
v 6.396228 0.604398 -18.635708
v 5.851062 0.604398 -18.364437
v 5.533813 2.280698 -18.673859
v 5.630347 3.911626 -18.972469
v 5.630347 4.303325 -17.387966
v 5.371280 2.469747 -17.371239
v 5.630347 0.604398 -17.568462
v 6.396228 0.604398 -17.570988
v 7.162108 0.604398 -17.573513
v 7.927989 0.604398 -17.576042
v 8.693870 0.604398 -17.578568
v 9.139377 2.469747 -17.381348
v 8.693870 4.303325 -17.398083
v 5.304619 22.646404 -17.969915
v 4.757601 22.342562 -15.731734
v 4.565510 22.919275 -13.787545
v 4.604005 23.733450 -11.885576
v 5.226515 24.793293 -10.281243
v 5.200590 25.381380 -9.894788
v 5.830393 26.791969 -9.465519
v 6.344014 27.521990 -9.278593
v 6.756047 30.159452 -9.715459
v 6.863461 31.227602 -10.011763
v 6.530710 32.035168 -11.030946
v 7.189872 32.157608 -13.344673
v 7.281077 32.122124 -15.119747
v 7.212411 31.827778 -17.194532
v 7.023441 31.372313 -18.820257
v 6.897845 30.497601 -19.820423
v 6.484312 29.024820 -20.156588
v 6.179672 26.601515 -20.246965
v 5.194285 25.007706 -19.842352
v 4.718080 23.836634 -19.025141
v 3.863237 23.481009 -16.660294
v 3.848171 23.420546 -15.126227
v 3.830968 23.626053 -12.995439
v 9.333473 6.784886 10.406175
v 8.986641 6.784886 9.776839
v 8.467577 6.784886 9.356330
v 7.855295 6.784886 9.208669
v 7.243014 6.784886 9.356330
v 6.723948 6.784886 9.776837
v 6.377120 6.784886 10.406173
v 6.255329 6.784886 11.148522
v 6.377120 6.784886 11.890874
v 6.723947 6.784886 12.520209
v 7.243013 6.784886 12.940719
v 7.855295 6.784886 13.088380
v 8.467575 6.784886 12.940719
v 8.986641 6.784886 12.520209
v 9.333471 6.784886 11.890876
v 9.455259 6.784886 11.148524
v 9.438725 9.978792 10.353314
v 9.067202 9.978792 9.679168
v 8.511173 9.978792 9.228715
v 7.855295 9.978792 9.070539
v 7.199417 9.978792 9.228715
v 6.643391 9.978792 9.679166
v 6.271864 9.978792 10.353312
v 6.141402 9.978792 11.148522
v 6.271864 9.978792 11.943734
v 6.643390 9.978792 12.617881
v 7.199417 9.978792 13.068332
v 7.855295 9.978792 13.226510
v 8.511173 9.978792 13.068332
v 9.067200 9.978792 12.617883
v 9.438725 9.978792 11.943736
v 9.569187 9.978792 11.148524
v 9.652020 13.172699 10.246198
v 9.230448 13.172699 9.481240
v 8.599524 13.172699 8.970111
v 7.855295 13.172699 8.790627
v 7.111069 13.172699 8.970111
v 6.480142 13.172699 9.481238
v 6.058571 13.172699 10.246196
v 5.910535 13.173979 11.150224
v 6.058571 13.176414 12.055793
v 6.480141 13.178080 12.822966
v 7.111067 13.177773 13.333685
v 7.855295 13.176414 13.511363
v 8.599522 13.173542 13.328057
v 9.230448 13.172699 12.815810
v 9.652020 13.172699 12.050853
v 9.800053 13.172699 11.148524
v 9.858402 16.625427 10.162462
v 9.388407 16.492374 9.318391
v 8.685011 16.404470 8.755372
v 7.855295 16.375099 8.559119
v 7.025583 16.410429 8.761163
v 6.322183 16.507980 9.333560
v 5.852188 16.654930 10.191139
v 5.687149 16.828777 11.203219
v 5.852187 17.000624 12.213356
v 6.322183 17.141182 13.064722
v 7.025581 17.227386 13.626089
v 7.855295 17.246885 13.812744
v 8.685009 17.199179 13.598667
v 9.388405 17.094057 13.018909
v 9.858402 16.948753 12.162931
v 10.023441 16.784527 11.160205
v 10.315624 20.225899 10.075136
v 9.757715 19.949213 9.121797
v 8.937925 19.687695 8.510347
v 7.980983 19.480341 8.333102
v 7.032746 19.360468 8.618696
v 6.237930 19.349892 9.327003
v 5.717868 19.453527 10.353309
v 5.551810 19.656366 11.542086
v 5.764793 19.925068 12.710039
v 6.323986 20.214657 13.675529
v 7.143974 20.478167 14.288857
v 8.099918 20.675507 14.456671
v 9.046548 20.779222 14.155865
v 9.840082 20.776886 13.435391
v 10.359932 20.671152 12.407110
v 10.526987 20.478333 11.227772
v 10.283922 24.594532 11.324418
v 9.761951 24.280531 10.256346
v 8.980770 23.828585 9.549137
v 8.059300 23.306646 9.309327
v 7.137831 22.795336 9.574966
v 6.356648 22.375988 10.310254
v 5.834676 22.115845 10.225977
v 5.651385 22.055679 11.520201
v 5.834676 22.202635 13.993218
v 6.356647 22.530458 15.079669
v 7.137829 22.986105 15.791801
v 8.059299 23.499762 16.020594
v 8.980768 23.995430 15.734150
v 9.761950 24.400969 14.980491
v 10.283922 24.657209 13.877775
v 10.467213 24.725752 12.594690
v 9.351554 28.662163 11.196355
v 8.896522 28.127041 9.928116
v 8.215513 27.354473 9.088865
v 7.781180 26.027563 8.791458
v 6.977878 25.147381 9.103661
v 6.296868 24.419828 9.971552
v 5.841834 23.960119 11.268930
v 5.682045 23.840052 12.800686
v 5.841833 24.075672 14.330658
v 6.296865 24.613588 15.619780
v 6.977877 25.387276 16.466864
v 7.781180 26.285023 16.578053
v 8.215513 27.589718 16.142368
v 8.896521 28.306236 15.539801
v 9.351554 28.756693 14.230119
v 9.511344 28.882116 12.705485
v 1.936147 22.925087 18.887131
v 4.441834 24.295296 18.460289
v 1.936147 26.965857 21.648758
v 4.768582 26.742348 20.600489
v 2.171412 29.502970 21.917065
v 5.348020 31.266159 20.561104
v 2.883116 37.866684 19.534849
v 5.108397 36.021393 19.812057
v 3.508359 38.082680 16.250566
v 5.258573 36.988392 16.272390
v 2.879938 36.569530 9.013065
v 4.885462 35.849686 7.939574
v 1.936147 33.615005 -10.704350
v 4.529747 33.213669 -10.854821
v 2.019258 33.280384 -17.863716
v 1.849388 31.270193 -20.036209
v 2.003257 24.244539 -11.405024
v 1.936147 22.100882 7.939574
v 1.936147 22.046494 16.319855
v 3.592513 44.193233 21.060593
v 5.338099 44.672531 17.396284
v 3.609159 46.833649 11.315896
v 2.054283 39.473312 12.461263
v 3.038372 40.075512 16.333635
v 2.044808 40.144058 19.091410
v 4.752177 53.418793 22.254816
v 5.338099 55.328709 18.418493
v 5.338099 55.154804 13.388768
v 3.609159 50.736073 11.693443
v 5.653797 50.984024 17.026844
v 5.844556 49.656063 20.235035
v 0.575714 41.485195 34.110706
v 0.617608 41.869869 34.289856
v 0.575343 42.212936 34.518730
v 3.470674 51.035408 26.963400
v 4.268475 48.782227 25.531105
v 3.408563 46.292118 25.416330
v 2.274605 47.748695 30.275196
v 2.797466 46.329338 29.236416
v 2.233899 44.715244 29.375679
v 1.377553 44.540291 32.680084
v 1.694210 43.880642 32.143200
v 1.352900 42.875355 32.101715
v 0.929879 40.153801 19.104368
v 1.068909 37.902836 19.596342
v 0.675012 29.665096 22.665907
v 0.617091 27.064175 21.866337
v 0.617091 22.955725 18.930376
v 0.617091 22.066193 16.334017
v 0.617091 22.104710 7.944665
v 0.906719 24.244539 -11.405024
v 1.242692 30.902069 -20.203749
v 1.254269 33.525627 -17.444717
v 0.617091 34.018929 -10.575682
v 1.416468 36.671410 7.961476
v 0.929879 39.472668 12.254485
v 1.601833 46.833649 11.071026
v 1.601833 50.736073 11.448571
v 1.601833 54.813187 12.600619
v 1.601833 55.328709 16.198841
v 1.601833 53.953232 22.522039
v 1.184762 51.569855 27.230627
v 0.790855 48.283142 30.542419
v 0.489657 45.069851 32.940804
v 0.246348 42.315716 34.501057
v 0.339031 40.386959 35.544765
v 0.223178 41.498268 34.082344
v 0.489657 42.876354 32.103043
v 1.601833 43.859657 21.105461
v 3.879330 68.905518 18.951738
v 3.879330 68.549728 19.547878
v 4.361503 68.549728 19.547878
v 4.361504 68.905518 18.951738
v 6.801268 0.869385 10.561114
v 6.359839 0.869385 12.153056
v 9.227805 0.869385 10.581317
v 9.423362 0.869385 12.132854
v 6.359839 3.980761 9.675662
v 6.359839 4.708738 12.587599
v 9.423362 4.707659 12.565286
v 9.423362 3.980761 9.695857
v 6.359839 4.473759 12.957789
v 9.423362 4.473759 12.957791
v 6.359839 0.850138 12.426408
v 9.423362 0.850138 12.426408
v 0.702616 40.436623 34.707848
v 0.626177 40.269146 34.946064
v 0.435720 40.221283 35.257446
v 0.482528 40.396595 35.533619
v 0.874092 40.699127 35.269188
v 1.008078 40.935047 35.070324
v 0.515424 40.783909 35.764767
v 0.713832 41.217907 35.657261
v 0.748320 41.454445 35.459625
v 0.327451 40.207565 35.269787
v 0.292690 40.201405 34.918766
v 0.269530 40.388466 34.661587
v 0.373782 41.630276 35.553528
v 0.373793 41.365978 35.725815
v 0.373782 40.808472 35.783371
v 0.327451 42.078335 35.103706
v 0.677185 41.872292 35.071316
v 0.851055 41.397911 34.687580
v 0.592446 40.906841 34.304283
v 0.234768 40.902603 34.226826
v 0.617091 21.978628 12.132667
v 1.936147 21.970991 12.122510
v 6.359839 4.372463 11.027743
v 6.359839 0.869385 11.358363
v 9.423362 0.869385 11.358363
v 9.423362 4.372463 11.027736
v 5.258573 36.623077 12.099363
v 3.508359 37.317352 12.258725
v 3.038372 39.768585 14.209969
v 5.070279 45.540974 14.467307
v 5.338099 50.709534 14.580824
v 5.338099 55.078728 16.610729
v 4.361504 68.905518 19.184214
v 3.879330 68.905518 19.184214
v 1.601430 55.078728 15.167086
v 2.052336 55.461716 15.559869
v 4.887193 55.461716 17.567923
v 4.429163 67.734589 19.342020
v 3.811665 67.734589 19.342020
v 5.458455 48.222748 18.687391
v 5.477171 49.119560 17.389357
v 5.338099 49.119568 14.448053
v 3.609159 49.394058 11.472075
v 1.601833 49.394058 11.227203
v 0.380562 42.476730 31.249027
v 0.252718 42.344616 31.365267
v 0.275889 42.320004 30.584089
v 0.438777 42.441170 30.648491
v 0.396964 43.756496 29.851967
v 1.073751 43.755463 29.850595
v 1.149754 43.001961 29.715807
v 0.454896 42.918831 29.620523
v 1.962980 44.456833 28.063440
v 2.102725 43.738499 27.721270
v 0.802451 43.659027 27.630856
v 2.792927 45.026676 25.519337
v 2.992164 44.018703 25.428513
v 1.126836 43.945934 25.347015
v 3.782644 45.778084 22.718498
v 3.325704 44.074432 23.272243
v 1.242692 44.005306 23.195601
v 5.056515 49.540161 23.553728
v 4.090461 46.832596 22.598650
v 1.393304 52.761547 24.876326
v 4.111425 52.227097 24.609125
v 0.162984 22.959034 18.935249
v 0.162984 27.074394 21.889048
v 0.162984 29.679674 22.698164
v 0.162984 37.909725 19.609110
v 0.162984 43.553150 21.132698
v 0.000000 41.506878 34.062801
v -0.000000 42.355911 34.490643
v -0.000000 45.069851 32.940804
v -0.000000 48.283142 30.542419
v -0.000000 51.569855 27.230627
v -0.000000 53.953232 22.522039
v -0.000000 55.335381 16.856575
v -0.000000 54.813187 12.600619
v -0.000000 50.736073 11.448571
v -0.000000 46.833649 11.071026
v 0.000000 39.474312 12.256671
v 0.000000 36.674034 7.964967
v 0.000000 34.018929 -10.575682
v -0.000000 33.525627 -17.444717
v 0.000000 30.854433 -20.242918
v 0.162984 24.244539 -11.405024
v 0.162984 22.105120 7.945210
v 0.162984 22.068195 16.335430
v 0.162984 40.156246 19.107618
v 0.000000 40.367199 35.565571
v 0.000000 42.876354 32.103043
v -0.000000 40.151375 34.920879
v 0.000000 40.166855 35.286362
v -0.000000 40.348789 34.650734
v -0.000000 41.409847 35.787445
v -0.000000 41.694141 35.604904
v -0.000000 40.810741 35.820274
v 0.000000 42.155727 35.118076
v -0.000000 40.892109 34.199814
v 0.162984 21.979391 12.133682
v -0.000000 55.078728 15.167086
v 0.000000 49.394058 11.227203
v 0.162984 42.326290 31.381367
v 0.162984 42.309170 30.593451
v 0.162984 43.756496 29.851967
v 0.162984 42.750820 29.627956
v 0.162984 43.492622 27.640421
v 0.162984 43.781445 25.359129
v 0.162984 43.842377 23.209770
v -0.000000 52.761547 24.876326
v 5.450535 50.101349 22.100239
v 4.431411 47.232075 20.636208
v -0.000000 53.357391 23.699192
v 1.497574 53.357391 23.699192
v 4.431801 52.822945 23.431969
v 4.277502 46.568359 20.641804
v 3.492474 44.096836 22.186863
v 1.300611 44.029247 22.112265
v 0.162984 43.866772 22.127043
v 2.077780 42.314323 12.383492
v 3.073126 42.320732 14.406482
v 3.073126 42.336491 16.731218
v 2.068197 42.322296 19.352106
v 0.929890 42.330029 19.362392
v 0.162984 42.331970 19.364975
v 0.000000 42.315182 12.180923
v 0.929890 42.314323 12.179778
v 2.044808 38.842934 19.172985
v 0.929879 38.853901 19.187572
v 0.162984 38.856647 19.191229
v 0.000000 37.650612 11.497781
v 0.929879 37.648827 11.495408
v 2.054283 37.641647 11.485856
v 3.038372 38.232918 13.412040
v 3.038372 38.759460 16.200459
v 3.310160 33.899353 -1.175524
v 1.022562 34.303276 -1.175524
v -0.000000 34.303276 -1.175524
v 0.162984 23.317493 -0.720953
v 0.617091 23.317493 -0.720953
v 1.936147 23.317493 -0.720953
v 5.808443 25.232418 0.044378
v 5.808443 27.177431 -0.890653
v 6.514235 31.304333 -1.175524
v 4.529747 33.498016 -1.175524
v 3.997166 34.569115 3.253193
v 1.207936 34.975475 3.256433
v -0.000000 34.975666 3.256688
v 0.162984 22.477407 3.558450
v 0.617091 22.477407 3.558450
v 1.936147 22.477407 3.558450
v 5.808443 24.267284 4.714150
v 5.808443 26.687414 3.473599
v 6.514235 31.686277 3.313242
v 4.529747 34.167782 3.253193
v 1.936147 24.103569 -4.998650
v 0.617091 24.103569 -4.998650
v 0.162984 24.103569 -4.998650
v 0.000000 34.024651 -5.680508
v 0.802451 34.024651 -5.680508
v 2.623154 33.620728 -5.680508
v 4.529747 33.219391 -5.680508
v 6.514235 30.922398 -5.664288
v 5.808443 27.668724 -5.253200
v 5.808443 26.250666 -4.615983
v 2.787800 32.123573 21.433847
v 0.848787 32.072887 22.489384
v 0.162984 32.095081 22.542360
v 2.419130 32.028648 -19.707127
v 6.514235 31.381794 -5.667533
v 6.514236 31.743069 -1.175524
v 6.514236 32.182316 3.300892
v 6.828247 33.699501 8.076846
v 6.857558 34.800171 12.097302
v 6.713462 34.168648 15.877782
v 5.348020 33.010666 20.404348
v 2.446353 33.057377 -18.447321
v 0.162984 36.851891 20.340012
v 1.277451 36.831562 20.295706
v 3.683684 36.714031 20.050024
v 5.359571 35.110428 19.929729
v 5.808443 36.506908 16.108812
v 5.808443 36.176376 12.095831
v 5.808443 35.368675 8.079076
v 5.808443 33.769676 3.261371
v 5.808443 33.147034 -1.175524
v 5.808443 32.851875 -5.677913
v 5.808443 33.071690 -10.853897
v 3.774021 35.146404 20.336891
v 1.138426 34.789928 21.552782
v 0.162984 34.821484 21.626858
v 2.500463 32.563190 -19.114841
v 6.514236 32.116840 -5.672723
v 6.514236 32.445049 -1.175524
v 6.514236 32.975998 3.281132
v 6.514236 34.420242 8.371123
v 6.525558 35.317623 12.093851
v 6.514236 35.340626 15.796428
v 5.348020 33.994865 20.178679
v 5.398277 45.600872 19.857454
v 4.293372 45.323013 21.401587
v 3.943057 44.920124 22.987217
v 3.242427 44.519180 25.469244
v 2.278729 44.095970 27.890083
v 1.246196 43.377926 29.782148
v 0.409669 42.433659 30.970301
v 0.264309 42.273422 31.112108
v 0.162984 42.249973 31.132362
v -0.000000 48.210304 11.044479
v 1.601833 48.210304 11.044479
v 3.609159 48.210304 11.289351
v 5.338099 47.251717 14.384459
v 5.338099 46.316319 17.500216
v 6.359839 2.356636 10.000600
v 6.166766 2.734730 11.300031
v 6.034781 2.734735 12.605840
v 5.866042 2.633593 13.578458
v 10.022723 2.633598 13.578458
v 9.957679 2.734735 12.585633
v 9.780059 2.734730 11.300023
v 9.423362 2.356636 10.020789
v 7.891600 3.980761 9.220923
v 7.891600 2.356636 9.545861
v 7.891600 0.869385 10.023614
v 7.891600 0.869385 11.358363
v 7.891600 0.869385 12.142959
v 7.891600 0.869387 12.669713
v 7.891600 2.713568 13.821759
v 7.891600 4.618887 13.201091
v 7.891600 4.764158 12.834563
v 4.473629 52.381142 12.142812
v 5.338099 52.436661 14.873950
v 5.495948 52.538788 18.259726
v 5.591328 51.034222 21.039062
v 5.335202 51.462143 22.766104
v 4.949519 50.883636 24.081434
v 4.178154 49.908813 26.247250
v 2.738272 47.035728 29.751434
v 1.658360 44.209633 32.410511
v 0.598461 42.040325 34.409401
v 0.804838 41.666664 34.895000
v 0.909750 41.218777 35.286316
v 0.841581 40.984154 35.481327
v 0.509856 40.573509 35.669659
v 0.373782 40.582729 35.682831
v 0.000000 40.576614 35.706657
v -0.000000 52.317162 11.910236
v 1.601833 52.317162 11.910236
v 5.702828 50.016747 19.999361
v 5.455742 51.050034 20.645742
v 5.362674 52.178131 18.411320
v 5.516695 51.012405 17.420164
v 8.657481 3.980761 9.225972
v 8.657481 4.764158 12.829513
v 8.657481 4.546320 13.079442
v 8.657481 2.673584 13.700110
v 8.657481 0.859764 12.548057
v 8.657481 0.869385 12.137902
v 8.657481 0.869385 11.358363
v 8.657481 0.869385 10.028670
v 8.657481 2.356636 9.550910
v 7.125720 3.980761 9.215875
v 7.125720 2.356636 9.540812
v 7.125720 0.869385 10.018565
v 7.125720 0.869385 11.358363
v 7.125720 0.869385 12.148007
v 7.125720 0.859764 12.548057
v 7.125720 2.673580 13.700110
v 7.125720 4.546320 13.079440
v 7.125720 4.764158 12.839620
v 9.115119 2.673584 15.626979
v 9.924235 2.633598 15.505332
v 9.115119 0.859764 14.474940
v 9.924235 0.850138 14.353290
v 9.115119 4.546320 15.006310
v 9.924235 4.473759 14.884664
v 9.000983 4.546320 15.358617
v 9.000983 2.673584 15.979285
v 8.202647 4.618887 15.480266
v 8.202647 2.713568 16.100933
v 9.000983 0.859764 14.827231
v 8.202647 0.869387 14.948888
v 7.891600 0.869387 14.992332
v 7.891600 2.713568 16.144379
v 7.125720 2.673580 16.022728
v 7.125720 0.859764 14.870677
v 7.891600 4.618887 15.523709
v 7.125720 4.546320 15.402062
v 6.905097 2.673580 15.680881
v 6.905097 4.546320 15.060212
v 6.164919 4.473759 14.938558
v 6.164919 2.633593 15.559224
v 6.905097 0.859764 14.528831
v 6.164919 0.850138 14.407182
v 2.872639 49.392052 28.619299
v 3.458213 48.471222 27.997950
v 3.532970 47.555473 27.383348
v 2.821231 45.507771 27.401445
v -0.000000 49.926498 28.886522
v 0.987822 49.926498 28.886522
v 1.826079 46.142868 31.475481
v 2.198316 45.622589 31.080856
v 2.245838 45.106472 30.691782
v 1.793399 43.797661 30.741838
v 0.651836 44.191925 30.275070
v 0.000000 44.191925 30.275070
v -0.000000 46.675220 31.739916
v 0.651836 46.675220 31.739916
v 0.929027 43.203632 33.720341
v 1.105305 42.961040 33.539875
v 1.116977 42.719254 33.360466
v 0.946322 42.061222 33.247166
v 0.350622 42.061981 33.248177
v 0.000000 42.061981 33.248177
v -0.000000 43.467396 33.849354
v 0.350622 43.467396 33.849354
v 3.749512 46.564060 24.009748
v 4.662495 49.161194 24.542416
v 4.563837 50.396225 25.164343
v 3.791050 51.631252 25.786263
v 1.277451 52.165703 26.053476
v 0.000000 52.165703 26.053476
v 3.171657 50.213730 27.791348
v 3.818183 49.190018 27.122599
v 3.900723 48.168411 26.456642
v 3.114897 45.900772 26.409985
v -0.000000 50.748177 28.058575
v 1.080497 50.748177 28.058575
v 2.377954 44.743782 26.794086
v 2.760578 44.309555 26.682299
v 2.547444 43.880482 26.577394
v 0.953061 43.804176 26.491192
v 0.162984 43.638760 26.502071
v 1.518366 44.107269 28.958517
v 1.762463 43.738140 28.837708
v 1.626239 43.371929 28.720791
v 0.628671 43.290352 28.627579
v 0.162984 43.122829 28.635664
v 3.287785 45.404564 24.121820
v 3.592742 44.721851 24.231155
v 3.158934 44.048283 24.352659
v 1.184762 43.977409 24.273687
v 0.162984 43.813869 24.287056
v 3.195737 37.999371 18.087458
v 2.541590 38.822556 18.225107
v 2.541590 40.126896 18.196533
v 2.570662 42.325520 18.491056
v 4.465306 44.211445 19.940868
v 5.383233 45.715618 19.065496
v 5.428366 48.351173 18.215014
v 5.805967 49.746391 19.307646
v 5.665175 50.084465 19.213518
v 5.436915 51.496521 19.973930
v 5.572033 51.629715 20.253500
v 4.752177 53.970497 20.513155
v 1.601833 54.504944 20.780378
v -0.000000 54.506615 20.944813
v 0.162984 22.429028 17.793247
v 0.617091 22.426540 17.791494
v 1.936147 22.401146 17.768044
v 4.926482 24.146122 17.230778
v 5.305933 27.034576 18.735826
v 5.931128 31.566666 18.628204
v 5.931128 33.368584 18.565678
v 5.931128 34.454887 18.495716
v 5.584007 35.626518 18.452555
v 5.183485 36.567940 18.615215
v 1.936147 22.270151 16.958612
v 0.617091 22.291786 16.973202
v 0.162984 22.294317 16.975140
v -0.000000 55.197693 18.317482
v 1.601833 55.192680 17.824181
v 5.206892 54.925457 18.800396
v 5.524343 52.381996 19.069231
v 5.390381 52.060570 19.062119
v 5.572109 50.582294 18.129322
v 5.710588 50.410374 17.908951
v 5.368188 48.799339 17.817320
v 5.353144 46.072544 18.091217
v 5.338099 44.449200 18.311596
v 3.073126 42.332043 17.385246
v 3.038372 40.091934 17.022127
v 3.038372 38.780003 16.943153
v 3.508359 38.108574 17.167303
v 5.258573 36.947361 17.421722
v 5.808443 36.224819 17.131653
v 6.514236 35.040977 16.928438
v 6.518945 33.789104 16.781940
v 6.563660 31.922283 16.838207
v 6.445871 27.473318 17.321938
v 5.829288 24.253412 16.307514
v 1.936147 22.031172 10.024701
v 0.617091 22.037069 10.032547
v 0.162984 22.038118 10.033943
v -0.000000 54.945957 13.883852
v 1.601430 54.945957 13.883852
v 3.879330 68.905518 19.067976
v 4.361504 68.905518 19.067976
v 5.338099 55.116764 14.816788
v 4.905864 52.408905 13.508380
v 4.473629 50.722801 13.137133
v 4.473629 49.256813 12.960064
v 4.473629 47.729958 12.835510
v 4.473629 46.182335 12.825000
v 2.575453 42.318802 13.396686
v 2.546327 39.622852 13.338142
v 2.546327 37.938923 12.451130
v 3.194148 36.943687 10.636229
v 5.072018 36.233910 10.016180
v 5.808443 35.769447 10.083361
v 6.517436 34.864750 10.221487
v 6.845673 34.258694 10.038451
v 9.423362 4.176613 10.361796
v 9.601710 2.545685 10.660407
v 9.325583 0.869385 10.969840
v 8.657481 0.869385 10.693517
v 7.891600 0.869385 10.690989
v 7.125720 0.869385 10.688464
v 6.580554 0.869385 10.959739
v 6.263304 2.545685 10.650315
v 6.359839 4.176613 10.351703
v 3.508359 37.705780 14.262316
v 3.038372 38.499180 14.810221
v 3.038372 39.923832 15.274173
v 3.073126 42.329914 15.570585
v 5.338099 45.103706 15.867758
v 5.338099 46.781540 15.939042
v 5.338099 49.119568 16.035593
v 5.495948 50.846779 15.803833
v 5.417024 52.487724 16.566837
v 5.338099 55.203720 17.902615
v 4.361503 68.727623 19.366045
v 3.879330 68.727623 19.366045
v 1.601430 55.203720 15.682964
v -0.000000 55.207054 16.011831
v 0.162984 22.063297 14.240154
v 0.617091 22.062370 14.238921
v 1.936147 22.051489 14.226581
v 6.359839 4.568312 11.936210
v 6.100771 2.734734 11.952935
v 6.359839 0.869385 11.755710
v 7.125720 0.869385 11.753186
v 7.891600 0.869385 11.750661
v 8.657481 0.869385 11.748132
v 9.423362 0.869385 11.745608
v 9.868869 2.734734 11.942828
v 9.423362 4.568312 11.926093
v 6.789322 34.489948 14.078758
v 6.514236 35.316750 13.949176
v 5.808443 36.345512 14.107471
v 5.258573 36.810226 14.191853
v 4.041394 51.558609 11.918127
v 4.689747 51.565853 13.322758
v 5.338099 51.573097 14.727386
v 5.456486 51.667252 16.185335
v 5.574872 51.761406 17.643286
v 5.439685 51.595268 17.915741
v 5.075236 51.321434 18.595720
v 5.139866 50.790493 19.593725
v 5.579285 50.533390 20.322552
v 5.717942 50.345142 20.637049
v 5.332458 50.781746 22.433170
v 4.946973 50.211899 23.817581
v 4.561489 49.778709 24.853378
v 4.176004 49.345520 25.889177
v 3.816219 48.678169 26.788225
v 3.456434 48.012089 27.688976
v 2.736863 46.681484 29.492531
v 2.197185 45.363811 30.885361
v 1.657507 44.044708 32.276283
v 1.098626 42.840031 33.450016
v 0.608803 41.955051 34.351013
v 0.835410 41.534901 34.794647
v 0.963890 41.080242 35.182098
v 0.875137 40.837254 35.385113
v 0.498747 40.477180 35.607288
v 0.350622 40.476402 35.618973
v 0.000000 40.465279 35.639648
v -0.000000 51.526619 11.679404
v 1.601833 51.526619 11.679404
v 0.608205 41.678104 34.186928
v 0.734503 41.127888 34.474632
v 0.878557 40.657593 34.872025
v 0.763435 40.472652 35.084923
v 0.459522 40.308372 35.390759
v 0.327451 40.294720 35.403210
v -0.000000 40.262383 35.422901
v 0.000000 50.065063 11.337888
v 1.601833 50.065063 11.337888
v 3.609159 50.065063 11.582760
v 4.473629 49.989807 13.048598
v 5.338099 49.914551 14.514438
v 5.417024 49.983173 15.919713
v 5.495948 50.051796 17.324989
v 5.539388 49.604858 17.898458
v 5.617167 49.047733 18.759935
v 5.651505 48.937550 19.458742
v 5.498587 48.656570 21.354740
v 4.922024 48.175938 23.062300
v 4.526534 47.852669 24.262836
v 4.052444 47.529518 25.463535
v 3.703303 47.028183 26.424791
v 3.354164 46.526295 27.385313
v 2.655884 45.519787 29.302717
v 2.132174 44.450592 30.714846
v 1.608464 43.376858 32.120934
v 1.089144 42.389843 33.303295
v 0.264309 42.293362 31.251667
v 0.395115 42.448112 31.117115
v 1.159974 43.566593 29.816244
v 1.640414 43.923176 28.898735
v 2.120855 44.276234 27.976542
v 2.569266 44.526604 26.738102
v 3.017677 44.773209 25.494667
v 3.440264 45.062950 24.176147
v 3.862850 45.348644 22.852251
v 4.285437 45.944576 21.020218
v 5.428366 46.904209 19.262310
v 5.405800 47.026226 18.630724
v 5.360666 47.428200 17.979294
v 5.338099 47.710091 17.551233
v 5.338099 47.945705 15.980867
v 5.338099 48.184593 14.414862
v 4.473629 48.493385 12.897787
v 3.609159 48.802181 11.380713
v 1.601833 48.802181 11.135840
v -0.000000 48.802181 11.135840
v 0.162984 42.272038 31.271189
v 3.991064 50.472115 26.605326
v 4.359476 51.013737 25.475304
v 4.727889 51.555367 24.345278
v 5.096301 52.142548 23.099037
v 5.464714 52.226509 21.646940
v 5.455067 52.800110 20.383327
v 5.431221 53.653728 18.934813
v 5.417024 53.933746 18.339109
v 5.377562 53.845718 17.234726
v 5.338099 53.757694 15.742340
v 5.121982 53.762833 14.162584
v 4.905864 53.767975 12.765789
v 1.601833 53.565174 12.255428
v -0.000000 53.565174 12.255428
v -0.000000 40.695129 35.764362
v 0.362213 40.696972 35.733391
v 0.513202 40.680653 35.718464
v 0.800657 41.120411 35.576370
v 0.850032 41.349239 35.389225
v 0.762886 41.792961 34.989613
v 0.587044 42.125782 34.464722
v 1.061923 43.082451 33.630257
v 1.584102 44.374622 32.544849
v 2.099879 45.881866 31.277025
v 2.615657 47.391159 30.011919
v 3.303360 48.931637 28.308624
v 3.647212 49.701874 27.456974
v 6.336811 30.175364 16.940178
v 5.618530 29.926838 18.694843
v 5.058301 29.646254 20.623371
v 2.053780 28.271797 21.862938
v 0.651836 28.411428 22.356441
v 0.162984 28.424322 22.384640
v 6.689958 28.590115 -9.332780
v 6.161339 29.295561 -5.458744
v 6.161339 29.240883 -1.033089
v 6.161339 29.187050 3.393692
v 6.468947 26.078695 16.862953
v 5.389419 25.702820 17.863522
v 4.750826 25.488615 19.460875
v 1.936147 24.456717 20.227133
v 0.617091 24.518438 20.368029
v 0.162984 24.524927 20.382935
v 5.808443 26.959694 -4.934591
v 5.808443 26.204926 -0.423138
v 5.808443 25.152000 4.093261
v 6.871955 26.771042 16.892740
v 7.283988 29.585346 16.686951
v 7.448009 30.560570 16.315870
v 7.707022 31.955723 15.735052
v 7.919364 32.343353 14.183033
v 8.010569 32.560650 12.429288
v 7.941903 32.175373 10.639225
v 7.752933 31.623119 9.017526
v 7.627337 30.623539 7.868752
v 7.213803 28.985544 7.486562
v 6.909164 26.298679 7.381021
v 6.430057 25.167788 7.846207
v 6.157671 24.361870 8.590760
v 5.639050 23.795086 8.948762
v 5.457049 23.528219 10.637145
v 5.393137 23.436077 12.449244
v 5.144615 23.393066 14.255830
v 5.639049 23.873474 15.958136
v 6.078176 24.320444 15.959555
v 6.559885 25.619101 16.518343
v 0.000000 34.020645 -7.638015
v 0.675001 34.020645 -7.638015
v 2.142249 33.616722 -7.638015
v 4.529747 33.215385 -7.638015
v 5.840509 32.850349 -7.718209
v 6.514236 32.120247 -7.637658
v 6.514236 31.390148 -7.637428
v 6.514235 30.502699 -7.689999
v 6.401124 28.840530 -7.657695
v 6.184536 27.706892 -7.625390
v 6.048227 26.887547 -7.559348
v 5.808443 26.068203 -7.493304
v 1.936147 24.653816 -7.510692
v 0.617091 24.653816 -7.510692
v 0.162984 24.653816 -7.510692
v 7.350049 27.565611 -10.240741
v 7.877001 24.943497 -10.194005
v 7.775364 20.584570 -10.318524
v 7.540660 15.021258 -12.644450
v 7.497917 10.679567 -16.297890
v 7.412608 9.713805 -16.425396
v 7.411376 6.519899 -16.434992
v 7.545049 4.499172 -16.492138
v 7.545049 4.317617 -16.183908
v 7.872324 4.317617 -13.904731
v 7.872324 2.428589 -13.284064
v 7.872324 0.599589 -14.436114
v 7.545049 0.599589 -16.715290
v 7.545049 0.604398 -17.183744
v 7.545049 0.604398 -17.574778
v 7.545049 0.604398 -17.965809
v 7.545049 0.604398 -18.631922
v 7.545049 0.604398 -19.298033
v 7.545049 2.091650 -19.775789
v 7.545049 3.715774 -20.100727
v 7.411376 6.519899 -19.916307
v 7.412608 9.713805 -19.921734
v 7.497918 13.704796 -19.678139
v 7.540661 16.688604 -17.419075
v 7.775366 19.396721 -17.382090
v 7.877003 22.141628 -17.811102
v 7.350049 25.894581 -19.635992
v 6.331992 27.813168 -20.201777
v 5.881263 33.229019 -13.344673
v 5.972467 33.205063 -15.262527
v 5.903802 32.846992 -17.235119
v 5.773164 32.229454 -19.031071
v 5.748955 31.279442 -20.307571
v 5.193270 29.447304 -20.736614
v 5.022321 27.922483 -20.794289
v 4.867868 26.381313 -20.851963
v 4.398566 25.055782 -20.335560
v 3.949717 24.229542 -19.349689
v 4.245845 24.487743 -11.191601
v 3.328737 23.494724 -13.383251
v 3.359860 23.624226 -16.668955
v 3.345329 23.563763 -15.134890
v 4.415932 33.491936 -13.344673
v 4.507136 33.420414 -15.262527
v 4.454371 33.044479 -17.235119
v 4.595081 32.389507 -19.031071
v 4.544115 31.080738 -20.307571
v 3.907014 29.249500 -20.736614
v 3.697478 27.919132 -20.794289
v 3.548080 26.375977 -20.851963
v 3.264463 25.055782 -20.335560
v 2.901437 24.229542 -19.349689
v 3.568369 24.350212 -11.300494
v 2.534884 23.494724 -13.383251
v 2.562840 23.624226 -16.668955
v 2.549788 23.563763 -15.134890
v 1.796273 33.990505 -13.344673
v 2.257164 28.988081 -20.736614
v 2.326330 27.833889 -20.794289
v 2.188748 26.375679 -20.851963
v 1.996977 25.058819 -20.335560
v 1.631580 24.229542 -19.349689
v 1.189210 23.494724 -13.383251
v 1.213233 23.624226 -16.668955
v 1.202017 23.563763 -15.134890
v 0.767684 33.990505 -13.344673
v 1.601844 28.932131 -20.736614
v 1.775620 27.807543 -20.794289
v 1.648182 26.373919 -20.851963
v 1.346966 25.058819 -20.335560
v 0.999402 24.229542 -19.349689
v 0.431714 23.494724 -13.383251
v 0.454896 23.624226 -16.668955
v 0.443305 23.563763 -15.134890
v 0.000000 33.990505 -13.344673
v 0.000000 28.925682 -20.736614
v -0.000000 27.799294 -20.794289
v -0.000000 26.374928 -20.851963
v -0.000000 25.058819 -20.335560
v -0.000000 24.229542 -19.349689
v 3.872295 25.361010 -7.502003
v 3.872295 25.177116 -4.807316
v 3.872295 24.274956 -0.338287
v 3.872295 23.373241 4.137493
v 3.787599 22.952990 8.450828
v 3.696598 22.786249 10.339640
v 3.664642 22.711439 12.296391
v 3.540381 22.727764 14.251915
v 3.787598 22.949930 16.155645
v 4.713324 23.411621 16.060740
v 4.342498 23.061939 14.256470
v 4.528890 23.075712 12.375416
v 4.576823 23.158468 10.490036
v 4.713324 23.375431 8.701648
v 4.840369 23.820026 4.425506
v 4.840369 24.753687 -0.146954
v 4.840369 25.713890 -4.711650
v 4.840369 25.714607 -7.497647
v 4.465937 33.195011 -16.446083
v 5.931268 33.020084 -16.446083
v 7.239878 31.945517 -16.308434
v 9.053640 29.201567 -16.420780
v 10.058967 24.377861 -15.341892
v 9.632979 20.456017 -14.530661
v 9.194925 16.053925 -15.601602
v 8.981741 12.553078 -18.391264
v 8.556256 9.713805 -18.590843
v 8.550113 6.519900 -18.591135
v 8.693870 3.989966 -18.696001
v 8.943558 2.356316 -18.407921
v 8.635202 0.604398 -18.198925
v 7.927989 0.604398 -18.364717
v 7.545049 0.604398 -18.365477
v 7.162108 0.604398 -18.366236
v 6.396228 0.604398 -18.367748
v 5.762776 0.604398 -18.204987
v 5.495197 2.356317 -18.413973
v 5.630347 3.989967 -18.702053
v 5.701495 6.519900 -18.591137
v 5.695349 9.713805 -18.590847
v 5.269865 12.553078 -18.391264
v 5.056681 16.053926 -15.601604
v 4.986046 18.924807 -14.923640
v 4.600648 21.451799 -14.265573
v 4.680765 22.573900 -14.954176
v 3.857210 23.456823 -16.046667
v 3.354048 23.600040 -16.055328
v 2.557619 23.600040 -16.055328
v 1.208747 23.600040 -16.055328
v 0.454896 23.600040 -16.055328
v 8.020452 27.404739 -19.144011
v 8.888083 22.896917 -17.430658
v 8.636150 19.772442 -16.752426
v 8.307217 16.561686 -17.055628
v 8.185493 13.474514 -19.420834
v 7.942554 9.713805 -19.655590
v 7.939044 6.519899 -19.651308
v 8.310929 3.715774 -19.863258
v 8.310929 2.091650 -19.538326
v 8.213151 0.604398 -19.019182
v 8.556017 27.948341 15.841568
v 9.371359 24.198227 15.357357
v 9.443297 20.777876 13.795462
v 9.036707 17.145824 13.308018
v 8.914985 13.172699 13.071373
v 8.789186 9.978792 12.843107
v 8.727108 6.784886 12.730464
v 9.040421 4.735909 12.697399
v 9.423362 4.590709 12.761539
v 9.990201 2.684167 13.082046
v 9.423362 0.859761 12.279631
v 8.020451 28.832129 -11.118641
v 8.888082 25.272232 -10.973194
v 8.636149 20.776894 -10.778450
v 8.307215 15.148178 -13.007898
v 8.185493 10.909849 -16.555197
v 7.942553 9.713805 -16.691538
v 7.939044 6.519899 -16.699993
v 8.310929 4.464854 -16.654613
v 8.693870 4.319654 -16.590473
v 9.260709 2.419180 -16.242128
v 8.693870 0.594775 -17.044544
v 8.556017 27.741041 9.508867
v 9.371361 24.055092 9.903455
v 9.347817 19.818419 8.816040
v 9.036709 16.448423 9.036881
v 8.914986 13.172699 9.225676
v 8.789187 9.978792 9.453941
v 8.727109 6.784886 9.566585
v 9.040421 3.980761 9.460915
v 9.040421 2.356636 9.785850
v 8.942643 0.869385 10.304994
v 2.569918 34.939449 -21.507397
v 3.282336 34.328224 -22.054398
v 1.184768 29.898123 -23.517988
v 2.247170 30.753624 -23.406918
v 1.196348 35.522926 -21.128099
v 3.141476 32.227585 -23.178490
v 3.319362 33.270699 -22.654058
v 0.659273 43.736301 -70.741745
v 1.196686 43.738651 -70.042389
v 0.408543 42.906475 -71.772682
v 0.688198 42.840061 -71.180344
v 0.408543 43.806114 -71.291092
v -0.000000 43.884617 -71.567520
v 0.000000 42.885475 -71.997261
v 1.192383 42.664371 -70.411369
v 1.245993 43.182903 -70.237129
v 0.000000 23.494724 -13.383251
v 0.000000 23.624226 -16.668955
v -0.000000 23.563763 -15.134890
v 0.000000 23.600040 -16.055328
v 0.000000 35.523243 -21.128099
v 0.000000 30.144814 -22.351957
v 0.000000 29.760408 -23.541939
v 1.149816 43.193375 -70.443550
v 0.861874 43.278900 -70.971092
v 0.489646 43.365082 -71.841049
v 0.000000 43.425911 -72.458458
v -0.000000 44.283485 -70.238495
v 0.698183 44.166077 -70.193092
v 1.042979 43.915691 -70.103600
v 0.000000 42.180866 -71.222687
v 0.675012 42.289841 -71.134773
v 0.974945 42.467102 -70.813972
v 0.878482 42.848053 -70.886765
v 1.083449 43.221046 -70.651085
v 0.999523 43.815437 -70.348373
v 1.254277 30.483068 -21.352274
v 1.967692 30.982512 -21.035355
v 2.615095 31.950422 -20.421173
v 2.717761 32.680035 -19.958195
v 2.666049 33.389088 -19.508265
v 2.172164 33.772919 -19.264702
v 1.265860 34.148029 -19.026672
v -0.000000 34.148094 -19.026632
v 1.196348 34.773041 -20.119190
v 2.293531 34.403000 -20.228556
v 2.879782 33.743191 -20.673349
v 2.953770 32.826214 -20.956745
v 3.068995 32.165047 -21.277502
v 2.315602 31.105642 -21.747864
v 1.428059 30.533155 -22.024612
v -0.000000 30.412909 -21.396793
v 0.000000 34.779198 -20.176390
v -8.504671 6.519899 -18.868124
v -8.181140 6.519899 -19.455179
v -7.696949 6.519899 -19.847437
v -7.125803 6.519899 -19.985176
v -6.554658 6.519899 -19.847437
v -6.070465 6.519899 -19.455179
v -5.746939 6.519899 -18.868128
v -5.633330 6.519899 -18.175652
v -5.746938 6.519899 -17.483173
v -6.070464 6.519899 -16.896122
v -6.554657 6.519899 -16.503864
v -7.125803 6.519899 -16.366121
v -7.696948 6.519899 -16.503864
v -8.181140 6.519899 -16.896122
v -8.504669 6.519899 -17.483173
v -8.618275 6.519899 -18.175652
v -8.510617 9.713805 -18.869028
v -8.185696 9.713805 -19.458616
v -7.699412 9.713805 -19.852566
v -7.125803 9.713805 -19.990902
v -6.552195 9.713805 -19.852566
v -6.065912 9.713805 -19.458616
v -5.740988 9.713805 -18.869032
v -5.626890 9.713805 -18.173567
v -5.740988 9.713805 -17.478100
v -6.065911 9.713805 -16.888515
v -6.552195 9.713805 -16.494564
v -7.125803 9.713805 -16.356228
v -7.699412 9.713805 -16.494564
v -8.185694 9.713805 -16.888514
v -8.510617 9.713805 -17.478100
v -8.624715 9.713805 -18.173567
v -8.922527 12.793778 -18.660213
v -8.500956 13.304079 -19.230396
v -7.870032 13.644946 -19.611265
v -7.125803 13.764644 -19.745010
v -6.381577 13.644949 -19.611269
v -5.750650 13.304081 -19.230400
v -5.329080 12.793778 -18.660213
v -5.181043 12.192025 -17.987843
v -5.329080 11.590270 -17.315468
v -5.750649 11.080282 -16.745630
v -6.381576 10.739415 -16.364761
v -7.125803 10.619719 -16.231018
v -7.870030 10.739415 -16.364761
v -8.500956 11.080282 -16.745630
v -8.922527 11.590270 -17.315468
v -9.070560 12.192025 -17.987843
v -9.128910 16.186586 -15.981494
v -8.658915 16.467752 -16.786638
v -7.955519 16.655621 -17.324617
v -7.125803 16.721590 -17.513531
v -6.296091 16.655621 -17.324617
v -5.592691 16.467752 -16.786638
v -5.122696 16.186588 -15.981497
v -4.957657 15.854932 -15.031763
v -5.122695 15.523275 -14.082029
v -5.592691 15.242112 -13.276888
v -6.296090 15.054244 -12.738908
v -7.125803 14.988273 -12.549992
v -7.955517 15.054244 -12.738908
v -8.658913 15.242112 -13.276888
v -9.128910 15.523275 -14.082029
v -9.293949 15.854932 -15.031763
v -9.558849 20.337990 -15.096248
v -9.031082 19.967979 -16.322159
v -8.241219 19.575411 -17.189625
v -7.309514 19.218161 -17.571337
v -6.377809 18.957464 -17.367355
v -5.587946 18.830742 -16.626230
v -5.060177 18.855387 -15.477816
v -4.874849 19.030029 -14.086995
v -5.060177 19.327843 -12.668351
v -5.587945 19.702541 -11.442062
v -6.377808 20.096695 -10.592898
v -7.309512 20.453783 -10.223679
v -8.241217 20.714451 -10.416283
v -9.031082 20.839336 -11.140617
v -9.558847 20.809235 -12.293985
v -9.744176 20.632740 -13.684502
v -9.971892 24.108250 -15.930773
v -9.351971 23.303450 -17.093004
v -8.424196 22.490391 -17.768316
v -7.329809 21.792862 -17.853888
v -6.235421 21.317049 -17.336714
v -5.307646 21.135393 -16.295509
v -4.687723 21.275547 -14.888796
v -4.470037 21.716177 -13.330736
v -4.687723 22.390202 -11.858522
v -5.307644 23.195007 -10.696299
v -6.235419 24.008062 -10.020991
v -7.329808 24.705589 -9.935417
v -8.424194 25.181402 -10.452592
v -9.351969 25.363062 -11.493794
v -9.971892 25.222902 -12.900503
v -10.189578 24.782274 -14.458569
v -8.976803 28.969894 -17.174566
v -8.429787 28.005831 -18.688007
v -7.611115 26.803650 -19.600010
v -7.088982 24.985512 -19.671972
v -6.123294 23.864548 -19.077263
v -6.123292 25.519030 -9.775095
v -7.088982 26.739082 -9.812642
v -7.611115 28.392141 -10.668841
v -8.429786 29.272116 -11.568440
v -8.976803 29.655203 -13.321485
v -9.168895 29.549080 -15.290098
v -6.071776 0.604398 -18.763062
v -5.630347 0.604398 -17.171120
v -8.498313 0.604398 -18.742859
v -8.693870 0.604398 -17.191322
v -5.630347 3.715774 -19.648510
v -5.630347 4.419644 -16.848400
v -8.693870 4.430536 -16.814564
v -8.693870 3.715774 -19.628315
v -5.630347 4.208772 -16.366383
v -8.693870 4.208772 -16.366383
v -5.630347 0.585151 -16.897766
v -8.693870 0.585151 -16.897766
v -5.630347 4.107477 -18.296429
v -5.630347 0.604398 -17.965809
v -8.693870 0.604398 -17.965809
v -8.693870 4.107477 -18.296436
v -5.630347 2.091650 -19.323574
v -5.437274 2.469743 -18.024143
v -5.305289 2.469749 -16.718334
v -5.136550 2.368606 -15.745715
v -9.293231 2.368612 -15.745715
v -9.228187 2.469749 -16.738541
v -9.050567 2.469743 -18.024151
v -8.693870 2.091650 -19.303387
v -7.162108 3.715774 -20.103252
v -7.162108 2.091650 -19.778313
v -7.162108 0.604398 -19.300560
v -7.162108 0.604398 -17.965809
v -7.162108 0.604398 -17.181217
v -7.162108 0.604400 -16.654461
v -7.162108 2.448581 -15.502414
v -7.162108 4.353900 -16.123085
v -7.162108 4.499172 -16.489613
v -7.927989 3.715774 -20.098202
v -7.927989 4.499172 -16.494663
v -7.927989 4.281333 -16.244732
v -7.927989 2.408597 -15.624064
v -7.927989 0.594778 -16.776119
v -7.927989 0.604398 -17.186272
v -7.927989 0.604398 -17.965809
v -7.927989 0.604398 -19.295506
v -7.927989 2.091650 -19.773266
v -6.396228 3.715774 -20.108299
v -6.396228 2.091650 -19.783360
v -6.396228 0.604398 -19.305607
v -6.396228 0.604398 -17.965809
v -6.396228 0.604398 -17.176167
v -6.396228 0.594778 -16.776119
v -6.396228 2.408594 -15.624064
v -6.396228 4.281333 -16.244732
v -6.396228 4.499172 -16.484554
v -8.385627 2.408597 -13.697192
v -9.194743 2.368612 -13.818843
v -8.385627 0.594778 -14.849235
v -9.194743 0.585151 -14.970885
v -8.385627 4.281333 -14.317863
v -9.194743 4.208772 -14.439509
v -8.271491 4.281333 -13.965556
v -8.271491 2.408597 -13.344890
v -7.473155 4.353900 -13.843905
v -7.473155 2.448581 -13.223239
v -8.271491 0.594778 -14.496943
v -7.473155 0.604400 -14.375285
v -7.162108 0.604400 -14.331843
v -7.162108 2.448581 -13.179797
v -6.396228 2.408594 -13.301444
v -6.396228 0.594778 -14.453498
v -7.162108 4.353900 -13.800464
v -6.396228 4.281333 -13.922111
v -6.175605 2.408594 -13.643291
v -6.175605 4.281333 -14.263961
v -5.435428 4.208772 -14.385615
v -5.435428 2.368606 -13.764949
v -6.175605 0.594778 -14.795344
v -5.435428 0.585151 -14.916991
v -8.693870 3.911626 -18.962376
v -8.872218 2.280698 -18.663769
v -8.596091 0.604398 -18.354336
v -7.927989 0.604398 -18.630657
v -7.162108 0.604398 -18.633186
v -6.396228 0.604398 -18.635708
v -5.851062 0.604398 -18.364437
v -5.533813 2.280698 -18.673859
v -5.630347 3.911626 -18.972469
v -5.630347 4.303325 -17.387966
v -5.371280 2.469747 -17.371239
v -5.630347 0.604398 -17.568462
v -6.396228 0.604398 -17.570988
v -7.162108 0.604398 -17.573513
v -7.927989 0.604398 -17.576042
v -8.693870 0.604398 -17.578568
v -9.139377 2.469747 -17.381348
v -8.693870 4.303325 -17.398083
v -5.304619 22.646404 -17.969915
v -4.757601 22.342562 -15.731734
v -4.565510 22.919275 -13.787545
v -4.604005 23.733450 -11.885576
v -5.226515 24.793293 -10.281243
v -5.200590 25.381380 -9.894788
v -5.830393 26.791969 -9.465519
v -6.344014 27.521990 -9.278593
v -6.756047 30.159452 -9.715459
v -6.863461 31.227602 -10.011763
v -6.530710 32.035168 -11.030946
v -7.189872 32.157608 -13.344673
v -7.281077 32.122124 -15.119747
v -7.212411 31.827778 -17.194532
v -7.023441 31.372313 -18.820257
v -6.897845 30.497601 -19.820423
v -6.484312 29.024820 -20.156588
v -6.179672 26.601515 -20.246965
v -5.194285 25.007706 -19.842352
v -4.718080 23.836634 -19.025141
v -3.863237 23.481009 -16.660294
v -3.848171 23.420546 -15.126227
v -3.830968 23.626053 -12.995439
v -9.333473 6.784886 10.406175
v -8.986641 6.784886 9.776839
v -8.467577 6.784886 9.356330
v -7.855295 6.784886 9.208669
v -7.243014 6.784886 9.356330
v -6.723948 6.784886 9.776837
v -6.377120 6.784886 10.406173
v -6.255329 6.784886 11.148522
v -6.377120 6.784886 11.890874
v -6.723947 6.784886 12.520209
v -7.243013 6.784886 12.940719
v -7.855295 6.784886 13.088380
v -8.467575 6.784886 12.940719
v -8.986641 6.784886 12.520209
v -9.333471 6.784886 11.890876
v -9.455259 6.784886 11.148524
v -9.438725 9.978792 10.353314
v -9.067202 9.978792 9.679168
v -8.511173 9.978792 9.228715
v -7.855295 9.978792 9.070539
v -7.199417 9.978792 9.228715
v -6.643391 9.978792 9.679166
v -6.271864 9.978792 10.353312
v -6.141402 9.978792 11.148522
v -6.271864 9.978792 11.943734
v -6.643390 9.978792 12.617881
v -7.199417 9.978792 13.068332
v -7.855295 9.978792 13.226510
v -8.511173 9.978792 13.068332
v -9.067200 9.978792 12.617883
v -9.438725 9.978792 11.943736
v -9.569187 9.978792 11.148524
v -9.652020 13.172699 10.246198
v -9.230448 13.172699 9.481240
v -8.599524 13.172699 8.970111
v -7.855295 13.172699 8.790627
v -7.111069 13.172699 8.970111
v -6.480142 13.172699 9.481238
v -6.058571 13.172699 10.246196
v -5.910535 13.173979 11.150224
v -6.058571 13.176414 12.055793
v -6.480141 13.178080 12.822966
v -7.111067 13.177773 13.333685
v -7.855295 13.176414 13.511363
v -8.599522 13.173542 13.328057
v -9.230448 13.172699 12.815810
v -9.652020 13.172699 12.050853
v -9.800053 13.172699 11.148524
v -9.858402 16.625427 10.162462
v -9.388407 16.492374 9.318391
v -8.685011 16.404470 8.755372
v -7.855295 16.375099 8.559119
v -7.025583 16.410429 8.761163
v -6.322183 16.507980 9.333560
v -5.852188 16.654930 10.191139
v -5.687149 16.828777 11.203219
v -5.852187 17.000624 12.213356
v -6.322183 17.141182 13.064722
v -7.025581 17.227386 13.626089
v -7.855295 17.246885 13.812744
v -8.685009 17.199179 13.598667
v -9.388405 17.094057 13.018909
v -9.858402 16.948753 12.162931
v -10.023441 16.784527 11.160205
v -10.315624 20.225899 10.075136
v -9.757715 19.949213 9.121797
v -8.937925 19.687695 8.510347
v -7.980983 19.480341 8.333102
v -7.032746 19.360468 8.618696
v -6.237930 19.349892 9.327003
v -5.717868 19.453527 10.353309
v -5.551810 19.656366 11.542086
v -5.764793 19.925068 12.710039
v -6.323986 20.214657 13.675529
v -7.143974 20.478167 14.288857
v -8.099918 20.675507 14.456671
v -9.046548 20.779222 14.155865
v -9.840082 20.776886 13.435391
v -10.359932 20.671152 12.407110
v -10.526987 20.478333 11.227772
v -10.283922 24.594532 11.324418
v -9.761951 24.280531 10.256346
v -8.980770 23.828585 9.549137
v -8.059300 23.306646 9.309327
v -7.137831 22.795336 9.574966
v -6.356648 22.375988 10.310254
v -5.834676 22.115845 10.225977
v -5.651385 22.055679 11.520201
v -5.834676 22.202635 13.993218
v -6.356647 22.530458 15.079669
v -7.137829 22.986105 15.791801
v -8.059299 23.499762 16.020594
v -8.980768 23.995430 15.734150
v -9.761950 24.400969 14.980491
v -10.283922 24.657209 13.877775
v -10.467213 24.725752 12.594690
v -9.351554 28.662163 11.196355
v -8.896522 28.127041 9.928116
v -8.215513 27.354473 9.088865
v -7.781180 26.027563 8.791458
v -6.977878 25.147381 9.103661
v -6.296868 24.419828 9.971552
v -5.841834 23.960119 11.268930
v -5.682045 23.840052 12.800686
v -5.841833 24.075672 14.330658
v -6.296865 24.613588 15.619780
v -6.977877 25.387276 16.466864
v -7.781180 26.285023 16.578053
v -8.215513 27.589718 16.142368
v -8.896521 28.306236 15.539801
v -9.351554 28.756693 14.230119
v -9.511344 28.882116 12.705485
v -1.936147 22.925087 18.887131
v -4.441834 24.295296 18.460289
v -1.936147 26.965857 21.648758
v -4.768582 26.742348 20.600489
v -2.171412 29.502970 21.917065
v -5.348020 31.266159 20.561104
v -2.883116 37.866684 19.534849
v -5.108397 36.021393 19.812057
v -3.508359 38.082680 16.250566
v -5.258573 36.988392 16.272390
v -2.879938 36.569530 9.013065
v -4.885462 35.849686 7.939574
v -1.936147 33.615005 -10.704350
v -4.529747 33.213669 -10.854821
v -2.019258 33.280384 -17.863716
v -1.849388 31.270193 -20.036209
v -2.003257 24.244539 -11.405024
v -1.936147 22.100882 7.939574
v -1.936147 22.046494 16.319855
v -3.592513 44.193233 21.060593
v -5.338099 44.672531 17.396284
v -3.609159 46.833649 11.315896
v -2.054283 39.473312 12.461263
v -3.038372 40.075512 16.333635
v -2.044808 40.144058 19.091410
v -4.752177 53.418793 22.254816
v -5.338099 55.328709 18.418493
v -5.338099 55.154804 13.388768
v -3.609159 50.736073 11.693443
v -5.653797 50.984024 17.026844
v -5.844556 49.656063 20.235035
v -0.575714 41.485195 34.110706
v -0.617608 41.869869 34.289856
v -0.575343 42.212936 34.518730
v -3.470674 51.035408 26.963400
v -4.268475 48.782227 25.531105
v -3.408563 46.292118 25.416330
v -2.274605 47.748695 30.275196
v -2.797466 46.329338 29.236416
v -2.233899 44.715244 29.375679
v -1.377553 44.540291 32.680084
v -1.694210 43.880642 32.143200
v -1.352900 42.875355 32.101715
v -0.911512 40.153801 19.104368
v -1.052508 37.902836 19.596342
v -0.651424 29.665096 22.665907
v -0.580844 27.064175 21.866337
v -0.580844 22.955725 18.930376
v -0.580844 22.066193 16.334017
v -0.580844 22.104710 7.944665
v -0.889523 24.244539 -11.405024
v -1.232456 30.902069 -20.203749
v -1.233964 33.525627 -17.444717
v -0.580844 34.018929 -10.575682
v -1.405252 36.671410 7.961476
v -0.911512 39.472668 12.254485
v -1.601430 46.833649 11.071026
v -1.601430 50.736073 11.448571
v -1.601430 54.813187 12.600619
v -1.601430 55.328709 16.198841
v -1.601430 53.953232 22.522039
v -1.169578 51.569855 27.230627
v -0.766516 48.283142 30.542419
v -0.464220 45.069851 32.940804
v -0.206536 42.315716 34.501057
v -0.301528 40.386959 35.544765
v -0.180833 41.498268 34.082344
v -0.464220 42.876354 32.103043
v -1.601430 43.859657 21.105461
v -3.879330 68.905518 18.951738
v -3.879330 68.549728 19.547878
v -4.361503 68.549728 19.547878
v -4.361504 68.905518 18.951738
v -6.801268 0.869385 10.561114
v -6.359839 0.869385 12.153056
v -9.227805 0.869385 10.581317
v -9.423362 0.869385 12.132854
v -6.359839 3.980761 9.675662
v -6.359839 4.708738 12.587599
v -9.423362 4.707659 12.565286
v -9.423362 3.980761 9.695857
v -6.359839 4.473759 12.957789
v -9.423362 4.473759 12.957791
v -6.359839 0.850138 12.426408
v -9.423362 0.850138 12.426408
v -0.702616 40.436623 34.707848
v -0.626177 40.269146 34.946064
v -0.435720 40.221283 35.257446
v -0.482528 40.396595 35.533619
v -0.874092 40.699127 35.269188
v -1.008078 40.935047 35.070324
v -0.515424 40.783909 35.764767
v -0.713832 41.217907 35.657261
v -0.748320 41.454445 35.459625
v -0.283246 40.207565 35.269787
v -0.258609 40.201405 34.918766
v -0.235631 40.388466 34.661587
v -0.337343 41.630276 35.553528
v -0.349289 41.365978 35.725815
v -0.329550 40.808472 35.783371
v -0.288261 42.078335 35.103706
v -0.677185 41.872292 35.071316
v -0.851055 41.397911 34.687580
v -0.592446 40.906841 34.304283
v -0.200337 40.902603 34.226826
v -0.580844 21.978628 12.132667
v -1.936147 21.970991 12.122510
v -6.359839 4.372463 11.027743
v -6.359839 0.869385 11.358363
v -9.423362 0.869385 11.358363
v -9.423362 4.372463 11.027736
v -5.258573 36.623077 12.099363
v -3.508359 37.317352 12.258725
v -3.038372 39.768585 14.209969
v -5.070279 45.540974 14.467307
v -5.338099 50.709534 14.580824
v -5.338099 55.078728 16.610729
v -4.361504 68.905518 19.184214
v -3.879330 68.905518 19.184214
v -1.601430 55.078728 15.167086
v -2.052336 55.461716 15.559869
v -4.887193 55.461716 17.567923
v -4.429163 67.734589 19.342020
v -3.811665 67.734589 19.342020
v -5.458455 48.222748 18.687391
v -5.477171 49.119560 17.389357
v -5.338099 49.119568 14.448053
v -3.609159 49.394058 11.472075
v -1.601430 49.394058 11.227203
v -0.380562 42.476730 31.249027
v -0.114174 42.344616 31.365267
v -0.132084 42.320004 30.584089
v -0.438777 42.441170 30.648491
v -0.368440 43.756496 29.851967
v -1.073751 43.755463 29.850595
v -1.149754 43.001961 29.715807
v -0.425953 42.918831 29.620523
v -1.962980 44.456833 28.063440
v -2.102725 43.738499 27.721270
v -0.778596 43.659027 27.630856
v -2.792927 45.026676 25.519337
v -2.992164 44.018703 25.428513
v -1.107729 43.945934 25.347015
v -3.782644 45.778084 22.718498
v -3.325704 44.074432 23.272243
v -1.231155 44.005306 23.195601
v -5.056515 49.540161 23.553728
v -4.090461 46.832596 22.598650
v -1.385504 52.761547 24.876326
v -4.111425 52.227097 24.609125
v -5.450535 50.101349 22.100239
v -4.431411 47.232075 20.636208
v -1.493467 53.357391 23.699192
v -4.431801 52.822945 23.431969
v -4.277502 46.568359 20.641804
v -3.492474 44.096836 22.186863
v -1.292867 44.029247 22.112265
v -2.077780 42.314323 12.383492
v -3.073126 42.320732 14.406482
v -3.073126 42.336491 16.731218
v -2.068197 42.322296 19.352106
v -0.921938 42.330029 19.362392
v -0.921938 42.314323 12.179778
v -2.044808 38.842934 19.172985
v -0.911512 38.853901 19.187572
v -0.911512 37.648827 11.495408
v -2.054283 37.641647 11.485856
v -3.038372 38.232918 13.412040
v -3.038372 38.759460 16.200459
v -3.310160 33.899353 -1.175524
v -0.993048 34.303276 -1.175524
v -0.580844 23.317493 -0.720953
v -1.936147 23.317493 -0.720953
v -5.808443 25.232418 0.044378
v -5.808443 27.177431 -0.890653
v -6.514235 31.304333 -1.175524
v -4.529747 33.498016 -1.175524
v -3.997166 34.569115 3.253193
v -1.199150 34.975475 3.256433
v -0.580844 22.477407 3.558450
v -1.936147 22.477407 3.558450
v -5.808443 24.267284 4.714150
v -5.808443 26.687414 3.473599
v -6.514235 31.686277 3.313242
v -4.529747 34.167782 3.253193
v -1.936147 24.103569 -4.998650
v -0.580844 24.103569 -4.998650
v -0.786946 34.024651 -5.680508
v -2.623154 33.620728 -5.680508
v -4.529747 33.219391 -5.680508
v -6.514235 30.922398 -5.664288
v -5.808443 27.668724 -5.253200
v -5.808443 26.250666 -4.615983
v -2.787800 32.123573 21.433847
v -0.836340 32.072887 22.489384
v -2.419130 32.028648 -19.707127
v -6.514235 31.381794 -5.667533
v -6.514236 31.743069 -1.175524
v -6.514236 32.182316 3.300892
v -6.828247 33.699501 8.076846
v -6.857558 34.800171 12.097302
v -6.713462 34.168648 15.877782
v -5.348020 33.010666 20.404348
v -2.446353 33.057377 -18.447321
v -1.273346 36.831562 20.295706
v -3.683684 36.714031 20.050024
v -5.359571 35.110428 19.929729
v -5.808443 36.506908 16.108812
v -5.808443 36.176376 12.095831
v -5.808443 35.368675 8.079076
v -5.808443 33.769676 3.261371
v -5.808443 33.147034 -1.175524
v -5.808443 32.851875 -5.677913
v -5.808443 33.071690 -10.853897
v -3.774021 35.146404 20.336891
v -1.132206 34.789928 21.552782
v -2.500463 32.563190 -19.114841
v -6.514236 32.116840 -5.672723
v -6.514236 32.445049 -1.175524
v -6.514236 32.975998 3.281132
v -6.514236 34.420242 8.371123
v -6.525558 35.317623 12.093851
v -6.514236 35.340626 15.796428
v -5.348020 33.994865 20.178679
v -5.398277 45.600872 19.857454
v -4.293372 45.323013 21.401587
v -3.943057 44.920124 22.987217
v -3.242427 44.519180 25.469244
v -2.278729 44.095970 27.890083
v -1.246196 43.377926 29.782148
v -0.409669 42.433659 30.970301
v -0.123129 42.273422 31.112108
v -1.601430 48.210304 11.044479
v -3.609159 48.210304 11.289351
v -5.338099 47.251717 14.384459
v -5.338099 46.316319 17.500216
v -6.359839 2.356636 10.000600
v -6.166766 2.734730 11.300031
v -6.034781 2.734735 12.605840
v -5.866042 2.633593 13.578458
v -10.022723 2.633598 13.578458
v -9.957679 2.734735 12.585633
v -9.780059 2.734730 11.300023
v -9.423362 2.356636 10.020789
v -7.891600 3.980761 9.220923
v -7.891600 2.356636 9.545861
v -7.891600 0.869385 10.023614
v -7.891600 0.869385 11.358363
v -7.891600 0.869385 12.142959
v -7.891600 0.869387 12.669713
v -7.891600 2.713568 13.821759
v -7.891600 4.618887 13.201091
v -7.891600 4.764158 12.834563
v -4.473629 52.381142 12.142812
v -5.338099 52.436661 14.873950
v -5.495948 52.538788 18.259726
v -5.591328 51.034222 21.039062
v -5.335202 51.462143 22.766104
v -4.949519 50.883636 24.081434
v -4.178154 49.908813 26.247250
v -2.738272 47.035728 29.751434
v -1.658360 44.209633 32.410511
v -0.598461 42.040325 34.409401
v -0.804838 41.666664 34.895000
v -0.909750 41.218777 35.286316
v -0.841581 40.984154 35.481327
v -0.509856 40.573509 35.669659
v -0.321153 40.582729 35.682831
v -1.601430 52.317162 11.910236
v -5.702828 50.016747 19.999361
v -5.455742 51.050034 20.645742
v -5.362674 52.178131 18.411320
v -5.516695 51.012405 17.420164
v -8.657481 3.980761 9.225972
v -8.657481 4.764158 12.829513
v -8.657481 4.546320 13.079442
v -8.657481 2.673584 13.700110
v -8.657481 0.859764 12.548057
v -8.657481 0.869385 12.137902
v -8.657481 0.869385 11.358363
v -8.657481 0.869385 10.028670
v -8.657481 2.356636 9.550910
v -7.125720 3.980761 9.215875
v -7.125720 2.356636 9.540812
v -7.125720 0.869385 10.018565
v -7.125720 0.869385 11.358363
v -7.125720 0.869385 12.148007
v -7.125720 0.859764 12.548057
v -7.125720 2.673580 13.700110
v -7.125720 4.546320 13.079440
v -7.125720 4.764158 12.839620
v -9.115119 2.673584 15.626979
v -9.924235 2.633598 15.505332
v -9.115119 0.859764 14.474940
v -9.924235 0.850138 14.353290
v -9.115119 4.546320 15.006310
v -9.924235 4.473759 14.884664
v -9.000983 4.546320 15.358617
v -9.000983 2.673584 15.979285
v -8.202647 4.618887 15.480266
v -8.202647 2.713568 16.100933
v -9.000983 0.859764 14.827231
v -8.202647 0.869387 14.948888
v -7.891600 0.869387 14.992332
v -7.891600 2.713568 16.144379
v -7.125720 2.673580 16.022728
v -7.125720 0.859764 14.870677
v -7.891600 4.618887 15.523709
v -7.125720 4.546320 15.402062
v -6.905097 2.673580 15.680881
v -6.905097 4.546320 15.060212
v -6.164919 4.473759 14.938558
v -6.164919 2.633593 15.559224
v -6.905097 0.859764 14.528831
v -6.164919 0.850138 14.407182
v -2.872639 49.392052 28.619299
v -3.458213 48.471222 27.997950
v -3.532970 47.555473 27.383348
v -2.821231 45.507771 27.401445
v -0.968047 49.926498 28.886522
v -1.826079 46.142868 31.475481
v -2.198316 45.622589 31.080856
v -2.245838 45.106472 30.691782
v -1.793399 43.797661 30.741838
v -0.615368 44.191925 30.275070
v -0.615368 46.675220 31.739916
v -0.929027 43.203632 33.720341
v -1.105305 42.961040 33.539875
v -1.116977 42.719254 33.360466
v -0.946322 42.061222 33.247166
v -0.313072 42.061981 33.248177
v -0.313072 43.467396 33.849354
v -3.749512 46.564060 24.009748
v -4.662495 49.161194 24.542416
v -4.563837 50.396225 25.164343
v -3.791050 51.631252 25.786263
v -1.277541 52.165703 26.053476
v -3.171657 50.213730 27.791348
v -3.818183 49.190018 27.122599
v -3.900723 48.168411 26.456642
v -3.114897 45.900772 26.409985
v -1.068812 50.748177 28.058575
v -2.377954 44.743782 26.794086
v -2.760578 44.309555 26.682299
v -2.547444 43.880482 26.577394
v -0.943163 43.804176 26.491192
v -1.518366 44.107269 28.958517
v -1.762463 43.738140 28.837708
v -1.626239 43.371929 28.720791
v -0.602274 43.290352 28.627579
v -3.287785 45.404564 24.121820
v -3.592742 44.721851 24.231155
v -3.158934 44.048283 24.352659
v -1.169442 43.977409 24.273687
v -3.195737 37.999371 18.087458
v -2.541590 38.822556 18.225107
v -2.541590 40.126896 18.196533
v -2.570662 42.325520 18.491056
v -4.465306 44.211445 19.940868
v -5.383233 45.715618 19.065496
v -5.428366 48.351173 18.215014
v -5.805967 49.746391 19.307646
v -5.665175 50.084465 19.213518
v -5.436915 51.496521 19.973930
v -5.572033 51.629715 20.253500
v -4.752177 53.970497 20.513155
v -1.601430 54.504944 20.780378
v -0.580844 22.426540 17.791494
v -1.936147 22.401146 17.768044
v -4.926482 24.146122 17.230778
v -5.305933 27.034576 18.735826
v -5.931128 31.566666 18.628204
v -5.931128 33.368584 18.565678
v -5.931128 34.454887 18.495716
v -5.584007 35.626518 18.452555
v -5.183485 36.567940 18.615215
v -1.936147 22.270151 16.958612
v -0.580844 22.291786 16.973202
v -1.601430 55.192680 17.824181
v -5.206892 54.925457 18.800396
v -5.524343 52.381996 19.069231
v -5.390381 52.060570 19.062119
v -5.572109 50.582294 18.129322
v -5.710588 50.410374 17.908951
v -5.368188 48.799339 17.817320
v -5.353144 46.072544 18.091217
v -5.338099 44.449200 18.311596
v -3.073126 42.332043 17.385246
v -3.038372 40.091934 17.022127
v -3.038372 38.780003 16.943153
v -3.508359 38.108574 17.167303
v -5.258573 36.947361 17.421722
v -5.808443 36.224819 17.131653
v -6.514236 35.040977 16.928438
v -6.518945 33.789104 16.781940
v -6.563660 31.922283 16.838207
v -6.445871 27.473318 17.321938
v -5.829288 24.253412 16.307514
v -1.936147 22.031172 10.024701
v -0.580844 22.037069 10.032547
v -1.601430 54.945957 13.883852
v -3.879330 68.905518 19.067976
v -4.361504 68.905518 19.067976
v -5.338099 55.116764 14.816788
v -4.905864 52.408905 13.508380
v -4.473629 50.722801 13.137133
v -4.473629 49.256813 12.960064
v -4.473629 47.729958 12.835510
v -4.473629 46.182335 12.825000
v -2.575453 42.318802 13.396686
v -2.546327 39.622852 13.338142
v -2.546327 37.938923 12.451130
v -3.194148 36.943687 10.636229
v -5.072018 36.233910 10.016180
v -5.808443 35.769447 10.083361
v -6.517436 34.864750 10.221487
v -6.845673 34.258694 10.038451
v -9.423362 4.176613 10.361796
v -9.601710 2.545685 10.660407
v -9.325583 0.869385 10.969840
v -8.657481 0.869385 10.693517
v -7.891600 0.869385 10.690989
v -7.125720 0.869385 10.688464
v -6.580554 0.869385 10.959739
v -6.263304 2.545685 10.650315
v -6.359839 4.176613 10.351703
v -3.508359 37.705780 14.262316
v -3.038372 38.499180 14.810221
v -3.038372 39.923832 15.274173
v -3.073126 42.329914 15.570585
v -5.338099 45.103706 15.867758
v -5.338099 46.781540 15.939042
v -5.338099 49.119568 16.035593
v -5.495948 50.846779 15.803833
v -5.417024 52.487724 16.566837
v -5.338099 55.203720 17.902615
v -4.361503 68.727623 19.366045
v -3.879330 68.727623 19.366045
v -1.601430 55.203720 15.682964
v -0.580844 22.062370 14.238921
v -1.936147 22.051489 14.226581
v -6.359839 4.568312 11.936210
v -6.100771 2.734734 11.952935
v -6.359839 0.869385 11.755710
v -7.125720 0.869385 11.753186
v -7.891600 0.869385 11.750661
v -8.657481 0.869385 11.748132
v -9.423362 0.869385 11.745608
v -9.868869 2.734734 11.942828
v -9.423362 4.568312 11.926093
v -6.789322 34.489948 14.078758
v -6.514236 35.316750 13.949176
v -5.808443 36.345512 14.107471
v -5.258573 36.810226 14.191853
v -4.041394 51.558609 11.918127
v -4.689747 51.565853 13.322758
v -5.338099 51.573097 14.727386
v -5.456486 51.667252 16.185335
v -5.574872 51.761406 17.643286
v -5.439685 51.595268 17.915741
v -5.075236 51.321434 18.595720
v -5.139866 50.790493 19.593725
v -5.579285 50.533390 20.322552
v -5.717942 50.345142 20.637049
v -5.332458 50.781746 22.433170
v -4.946973 50.211899 23.817581
v -4.561489 49.778709 24.853378
v -4.176004 49.345520 25.889177
v -3.816219 48.678169 26.788225
v -3.456434 48.012089 27.688976
v -2.736863 46.681484 29.492531
v -2.197185 45.363811 30.885361
v -1.657507 44.044708 32.276283
v -1.098626 42.840031 33.450016
v -0.608803 41.955051 34.351013
v -0.835410 41.534901 34.794647
v -0.963890 41.080242 35.182098
v -0.875137 40.837254 35.385113
v -0.498747 40.477180 35.607288
v -0.312700 40.476402 35.618973
v -1.601430 51.526619 11.679404
v -0.608205 41.678104 34.186928
v -0.734503 41.127888 34.474632
v -0.878557 40.657593 34.872025
v -0.763435 40.472652 35.084923
v -0.459522 40.308372 35.390759
v -0.291481 40.294720 35.403210
v -1.601430 50.065063 11.337888
v -3.609159 50.065063 11.582760
v -4.473629 49.989807 13.048598
v -5.338099 49.914551 14.514438
v -5.417024 49.983173 15.919713
v -5.495948 50.051796 17.324989
v -5.539388 49.604858 17.898458
v -5.617167 49.047733 18.759935
v -5.651505 48.937550 19.458742
v -5.498587 48.656570 21.354740
v -4.922024 48.175938 23.062300
v -4.526534 47.852669 24.262836
v -4.052444 47.529518 25.463535
v -3.703303 47.028183 26.424791
v -3.354164 46.526295 27.385313
v -2.655884 45.519787 29.302717
v -2.132174 44.450592 30.714846
v -1.608464 43.376858 32.120934
v -1.089144 42.389843 33.303295
v -0.118652 42.293362 31.251667
v -0.395115 42.448112 31.117115
v -1.159974 43.566593 29.816244
v -1.640414 43.923176 28.898735
v -2.120855 44.276234 27.976542
v -2.569266 44.526604 26.738102
v -3.017677 44.773209 25.494667
v -3.440264 45.062950 24.176147
v -3.862850 45.348644 22.852251
v -4.285437 45.944576 21.020218
v -5.428366 46.904209 19.262310
v -5.405800 47.026226 18.630724
v -5.360666 47.428200 17.979294
v -5.338099 47.710091 17.551233
v -5.338099 47.945705 15.980867
v -5.338099 48.184593 14.414862
v -4.473629 48.493385 12.897787
v -3.609159 48.802181 11.380713
v -1.601430 48.802181 11.135840
v -3.991064 50.472115 26.605326
v -4.359476 51.013737 25.475304
v -4.727889 51.555367 24.345278
v -5.096301 52.142548 23.099037
v -5.464714 52.226509 21.646940
v -5.455067 52.800110 20.383327
v -5.431221 53.653728 18.934813
v -5.417024 53.933746 18.339109
v -5.377562 53.845718 17.234726
v -5.338099 53.757694 15.742340
v -5.121982 53.762833 14.162584
v -4.905864 53.767975 12.765789
v -1.601430 53.565174 12.255428
v -0.325733 40.696972 35.733391
v -0.513202 40.680653 35.718464
v -0.800657 41.120411 35.576370
v -0.850032 41.349239 35.389225
v -0.762886 41.792961 34.989613
v -0.587044 42.125782 34.464722
v -1.061923 43.082451 33.630257
v -1.584102 44.374622 32.544849
v -2.099879 45.881866 31.277025
v -2.615657 47.391159 30.011919
v -3.303360 48.931637 28.308624
v -3.647212 49.701874 27.456974
v -6.336811 30.175364 16.940178
v -5.618530 29.926838 18.694843
v -5.058301 29.646254 20.623371
v -2.053780 28.271797 21.862938
v -0.616134 28.411428 22.356441
v -6.689958 28.590115 -9.332780
v -6.161339 29.295561 -5.458744
v -6.161339 29.240883 -1.033089
v -6.161339 29.187050 3.393692
v -6.468947 26.078695 16.862953
v -5.389419 25.702820 17.863522
v -4.750826 25.488615 19.460875
v -1.936147 24.456717 20.227133
v -0.580844 24.518438 20.368029
v -5.808443 26.959694 -4.934591
v -5.808443 26.204926 -0.423138
v -5.808443 25.152000 4.093261
v -6.871955 26.771042 16.892740
v -7.283988 29.585346 16.686951
v -7.448009 30.560570 16.315870
v -7.707022 31.955723 15.735052
v -7.919364 32.343353 14.183033
v -8.010569 32.560650 12.429288
v -7.941903 32.175373 10.639225
v -7.752933 31.623119 9.017526
v -7.627337 30.623539 7.868752
v -7.213803 28.985544 7.486562
v -6.909164 26.298679 7.381021
v -6.430057 25.167788 7.846207
v -6.157671 24.361870 8.590760
v -5.639050 23.795086 8.948762
v -5.457049 23.528219 10.637145
v -5.393137 23.436077 12.449244
v -5.144615 23.393066 14.255830
v -5.639049 23.873474 15.958136
v -6.078176 24.320444 15.959555
v -6.559885 25.619101 16.518343
v -0.642675 34.020645 -7.638015
v -2.142249 33.616722 -7.638015
v -4.529747 33.215385 -7.638015
v -5.840509 32.850349 -7.718209
v -6.514236 32.120247 -7.637658
v -6.514236 31.390148 -7.637428
v -6.514235 30.502699 -7.689999
v -6.401124 28.840530 -7.657695
v -6.184536 27.706892 -7.625390
v -6.048227 26.887547 -7.559348
v -5.808443 26.068203 -7.493304
v -1.936147 24.653816 -7.510692
v -0.580844 24.653816 -7.510692
v -7.350049 27.565611 -10.240741
v -7.877001 24.943497 -10.194005
v -7.775364 20.584570 -10.318524
v -7.540660 15.021258 -12.644450
v -7.497917 10.679567 -16.297890
v -7.412608 9.713805 -16.425396
v -7.411376 6.519899 -16.434992
v -7.545049 4.499172 -16.492138
v -7.545049 4.317617 -16.183908
v -7.872324 4.317617 -13.904731
v -7.872324 2.428589 -13.284064
v -7.872324 0.599589 -14.436114
v -7.545049 0.599589 -16.715290
v -7.545049 0.604398 -17.183744
v -7.545049 0.604398 -17.574778
v -7.545049 0.604398 -17.965809
v -7.545049 0.604398 -18.631922
v -7.545049 0.604398 -19.298033
v -7.545049 2.091650 -19.775789
v -7.545049 3.715774 -20.100727
v -7.411376 6.519899 -19.916307
v -7.412608 9.713805 -19.921734
v -7.497918 13.704796 -19.678139
v -7.540661 16.688604 -17.419075
v -7.775366 19.396721 -17.382090
v -7.877003 22.141628 -17.811102
v -7.350049 25.894581 -19.635992
v -6.331992 27.813168 -20.201777
v -5.881263 33.229019 -13.344673
v -5.972467 33.205063 -15.262527
v -5.903802 32.846992 -17.235119
v -5.773164 32.229454 -19.031071
v -5.748955 31.279442 -20.307571
v -5.193270 29.447304 -20.736614
v -5.022321 27.922483 -20.794289
v -4.867868 26.381313 -20.851963
v -4.398566 25.055782 -20.335560
v -3.949717 24.229542 -19.349689
v -4.245845 24.487743 -11.191601
v -3.328737 23.494724 -13.383251
v -3.359860 23.624226 -16.668955
v -3.345329 23.563763 -15.134890
v -4.415932 33.491936 -13.344673
v -4.507136 33.420414 -15.262527
v -4.454371 33.044479 -17.235119
v -4.595081 32.389507 -19.031071
v -4.544115 31.080738 -20.307571
v -3.907014 29.249500 -20.736614
v -3.697478 27.919132 -20.794289
v -3.548080 26.375977 -20.851963
v -3.264463 25.055782 -20.335560
v -2.901437 24.229542 -19.349689
v -3.568369 24.350212 -11.300494
v -2.534884 23.494724 -13.383251
v -2.562840 23.624226 -16.668955
v -2.549788 23.563763 -15.134890
v -1.796273 33.990505 -13.344673
v -2.257164 28.988081 -20.736614
v -2.326330 27.833889 -20.794289
v -2.188748 26.375679 -20.851963
v -1.996977 25.058819 -20.335560
v -1.631580 24.229542 -19.349689
v -1.189210 23.494724 -13.383251
v -1.213233 23.624226 -16.668955
v -1.202017 23.563763 -15.134890
v -0.740782 33.990505 -13.344673
v -1.601455 28.932131 -20.736614
v -1.777725 27.807543 -20.794289
v -1.653474 26.373919 -20.851963
v -1.344832 25.058819 -20.335560
v -0.990337 24.229542 -19.349689
v -0.403456 23.494724 -13.383251
v -0.427479 23.624226 -16.668955
v -0.416262 23.563763 -15.134890
v -3.872295 25.361010 -7.502003
v -3.872295 25.177116 -4.807316
v -3.872295 24.274956 -0.338287
v -3.872295 23.373241 4.137493
v -3.787599 22.952990 8.450828
v -3.696598 22.786249 10.339640
v -3.664642 22.711439 12.296391
v -3.540381 22.727764 14.251915
v -3.787598 22.949930 16.155645
v -4.713324 23.411621 16.060740
v -4.342498 23.061939 14.256470
v -4.528890 23.075712 12.375416
v -4.576823 23.158468 10.490036
v -4.713324 23.375431 8.701648
v -4.840369 23.820026 4.425506
v -4.840369 24.753687 -0.146954
v -4.840369 25.713890 -4.711650
v -4.840369 25.714607 -7.497647
v -4.465937 33.195011 -16.446083
v -5.931268 33.020084 -16.446083
v -7.239878 31.945517 -16.308434
v -9.053640 29.201567 -16.420780
v -10.058967 24.377861 -15.341892
v -9.632979 20.456017 -14.530661
v -9.194925 16.053925 -15.601602
v -8.981741 12.553078 -18.391264
v -8.556256 9.713805 -18.590843
v -8.550113 6.519900 -18.591135
v -8.693870 3.989966 -18.696001
v -8.943558 2.356316 -18.407921
v -8.635202 0.604398 -18.198925
v -7.927989 0.604398 -18.364717
v -7.545049 0.604398 -18.365477
v -7.162108 0.604398 -18.366236
v -6.396228 0.604398 -18.367748
v -5.762776 0.604398 -18.204987
v -5.495197 2.356317 -18.413973
v -5.630347 3.989967 -18.702053
v -5.701495 6.519900 -18.591137
v -5.695349 9.713805 -18.590847
v -5.269865 12.553078 -18.391264
v -5.056681 16.053926 -15.601604
v -4.986046 18.924807 -14.923640
v -4.600648 21.451799 -14.265573
v -4.680765 22.573900 -14.954176
v -3.857210 23.456823 -16.046667
v -3.354048 23.600040 -16.055328
v -2.557619 23.600040 -16.055328
v -1.208747 23.600040 -16.055328
v -0.422992 23.600040 -16.055328
v -8.020452 27.404739 -19.144011
v -8.888083 22.896917 -17.430658
v -8.636150 19.772442 -16.752426
v -8.307217 16.561686 -17.055628
v -8.185493 13.474514 -19.420834
v -7.942554 9.713805 -19.655590
v -7.939044 6.519899 -19.651308
v -8.310929 3.715774 -19.863258
v -8.310929 2.091650 -19.538326
v -8.213151 0.604398 -19.019182
v -8.556017 27.948341 15.841568
v -9.371359 24.198227 15.357357
v -9.443297 20.777876 13.795462
v -9.036707 17.145824 13.308018
v -8.914985 13.172699 13.071373
v -8.789186 9.978792 12.843107
v -8.727108 6.784886 12.730464
v -9.040421 4.735909 12.697399
v -9.423362 4.590709 12.761539
v -9.990201 2.684167 13.082046
v -9.423362 0.859761 12.279631
v -8.020451 28.832129 -11.118641
v -8.888082 25.272232 -10.973194
v -8.636149 20.776894 -10.778450
v -8.307215 15.148178 -13.007898
v -8.185493 10.909849 -16.555197
v -7.942553 9.713805 -16.691538
v -7.939044 6.519899 -16.699993
v -8.310929 4.464854 -16.654613
v -8.693870 4.319654 -16.590473
v -9.260709 2.419180 -16.242128
v -8.693870 0.594775 -17.044544
v -8.556017 27.741041 9.508867
v -9.371361 24.055092 9.903455
v -9.347817 19.818419 8.816040
v -9.036709 16.448423 9.036881
v -8.914986 13.172699 9.225676
v -8.789187 9.978792 9.453941
v -8.727109 6.784886 9.566585
v -9.040421 3.980761 9.460915
v -9.040421 2.356636 9.785850
v -8.942643 0.869385 10.304994
v -2.569918 34.939449 -21.507397
v -3.282336 34.328224 -22.054398
v -1.176958 29.898123 -23.517988
v -2.247170 30.753624 -23.406918
v -1.179174 35.522926 -21.128099
v -3.141476 32.227585 -23.178490
v -3.319362 33.270699 -22.654058
v -0.659273 43.736301 -70.741745
v -1.196686 43.738651 -70.042389
v -0.372548 42.906475 -71.772682
v -0.688198 42.840061 -71.180344
v -0.378682 43.806114 -71.291092
v -1.192383 42.664371 -70.411369
v -1.245993 43.182903 -70.237129
v -1.149816 43.193375 -70.443550
v -0.861874 43.278900 -70.971092
v -0.459118 43.365082 -71.841049
v -0.670373 44.166077 -70.193092
v -1.042979 43.915691 -70.103600
v -0.650844 42.289841 -71.134773
v -0.974945 42.467102 -70.813972
v -0.878482 42.848053 -70.886765
v -1.083449 43.221046 -70.651085
v -0.999523 43.815437 -70.348373
v -1.245890 30.483068 -21.352274
v -1.967692 30.982512 -21.035355
v -2.615095 31.950422 -20.421173
v -2.717761 32.680035 -19.958195
v -2.666049 33.389088 -19.508265
v -2.172164 33.772919 -19.264702
v -1.247574 34.148029 -19.026672
v -1.190186 34.773041 -20.119190
v -2.293531 34.403000 -20.228556
v -2.879782 33.743191 -20.673349
v -2.953770 32.826214 -20.956745
v -3.068995 32.165047 -21.277502
v -2.315602 31.105642 -21.747864
v -1.428342 30.533155 -22.024612
v 1.931478 40.145031 19.092705
v 1.931478 38.844032 19.174442
v 2.700055 37.870296 19.540998
v 3.442650 36.725784 20.074593
v 3.509840 35.110756 20.458481
v 2.592654 32.118504 21.539400
v 2.019413 29.519182 21.991949
v 1.910015 28.285759 21.912287
v 1.800617 26.975689 21.670515
v 1.800617 24.462887 20.241220
v 1.800617 22.928150 18.891455
v 1.800617 22.403687 17.770388
v 1.800617 22.272314 16.960072
v 1.800617 22.048464 16.321272
v 1.800617 22.052578 14.227816
v 1.800617 21.971754 12.123526
v 1.800617 22.031761 10.025486
v 1.800617 22.101265 7.940083
v 1.800617 22.477407 3.558450
v 1.800617 23.317493 -0.720953
v 1.800617 24.103567 -4.998650
v 1.800617 24.653816 -7.510692
v 1.891883 24.244539 -11.405024
v 1.110634 23.494724 -13.383251
v 1.123442 23.563763 -15.134889
v 1.130171 23.600040 -16.055328
v 1.134658 23.624226 -16.668955
v 1.567455 24.229542 -19.349689
v 1.931762 25.058819 -20.335560
v 2.135221 26.375502 -20.851961
v 2.271469 27.831253 -20.794289
v 2.191593 28.982485 -20.736614
v 1.787695 31.233381 -20.052963
v 1.895512 30.932568 -21.067045
v 2.226876 31.048393 -21.775537
v 2.140148 30.668074 -23.418024
v 0.942535 42.449375 -70.846054
v 0.656633 42.846703 -71.239578
v 0.821598 43.287518 -71.058090
v 0.631214 43.743282 -70.796677
v 1.005718 43.940727 -70.112549
v 2.430843 34.997795 -21.469467
v 2.183197 34.440006 -20.217619
v 2.079705 33.810429 -19.240900
v 1.940729 33.304909 -17.821817
v 1.690724 33.990505 -13.344672
v 1.800617 33.655396 -10.691483
v 1.992292 33.657112 -7.638015
v 2.439533 33.661118 -5.680508
v 3.078448 33.939743 -1.175524
v 3.717364 34.609749 3.253517
v 2.732469 36.579716 8.907906
v 1.940006 37.642368 11.486811
v 1.940006 39.473251 12.440585
v 1.962196 42.314323 12.363121
v 3.408386 46.833649 11.291409
v 3.408386 48.210304 11.264864
v 3.408386 48.802181 11.356226
v 3.408386 49.394058 11.447588
v 3.408386 50.065063 11.558272
v 3.408386 50.736073 11.668956
v 3.797397 51.555412 11.894256
v 4.186409 52.374741 12.119555
v 4.575420 53.747692 12.714753
v 4.964432 55.120644 13.309954
v 4.313287 68.905518 18.951738
v 4.313287 68.905518 19.067976
v 4.313287 68.905518 19.184212
v 4.313286 68.727623 19.366043
v 4.313286 68.549728 19.547878
v 4.367414 67.734589 19.342020
v 4.603707 55.461716 17.367117
v 4.964432 55.328709 18.196527
v 4.846345 54.952179 18.702776
v 4.437102 54.023937 20.539877
v 4.437102 53.472237 22.281538
v 4.137968 52.876389 23.458691
v 3.838833 52.280544 24.635845
v 3.539699 51.684696 25.812984
v 3.240565 51.088852 26.990124
v 2.961373 50.267174 27.818071
v 2.682180 49.445496 28.646021
v 2.123796 47.802139 30.301918
v 1.705008 46.196102 31.501925
v 1.286220 44.593246 32.706158
v 0.867431 43.230007 33.733242
v 0.538463 42.223213 34.516964
v 0.638293 41.892899 35.074554
v 0.707223 41.472027 35.469013
v 0.677377 41.232712 35.664116
v 0.496836 40.786366 35.766628
v 0.494455 40.682285 35.719959
v 0.490986 40.574432 35.670975
v 0.480142 40.477104 35.608456
v 0.464428 40.395630 35.534733
v 0.442718 40.307007 35.392002
v 0.420473 40.219910 35.258678
v 0.589420 40.262371 34.943333
v 0.655918 40.431808 34.703220
v 0.553235 40.906414 34.296535
v 0.536226 41.486504 34.107868
v 0.882997 42.061298 33.247269
v 1.264032 42.875454 32.101845
v 1.455268 44.274708 30.048429
v 1.952512 44.715603 29.376158
v 2.635912 45.508377 27.402254
v 2.910288 45.901478 26.410923
v 3.184665 46.292946 25.417433
v 3.517920 46.564987 24.010979
v 3.851175 46.833706 22.600130
v 4.184430 47.233147 20.637638
v 4.040631 46.569584 20.643433
v 3.563577 45.779373 22.720215
v 3.086522 45.405647 24.123262
v 2.609468 45.027489 25.520418
v 2.221753 44.744370 26.794870
v 1.834038 44.457207 28.063934
v 1.418629 44.107506 28.958828
v 1.080625 43.840363 29.626764
v 0.353923 42.463520 31.260651
v 0.367469 42.432636 31.130571
v 0.381015 42.417633 30.984482
v 0.408107 42.429054 30.642052
v 1.077374 42.993645 29.706280
v 1.523843 43.363773 28.711470
v 1.970312 43.730549 27.712229
v 2.387016 43.872849 26.568773
v 2.803720 44.011425 25.420362
v 2.959984 44.041191 24.344761
v 3.116249 44.067520 23.264580
v 3.272513 44.090076 22.179401
v 3.393404 44.159878 21.065079
v 1.953571 42.323067 19.353134
v -1.800617 24.462887 20.241220
v -1.800617 26.975689 21.670515
v -1.910015 28.285759 21.912287
v -2.019413 29.519182 21.991949
v -2.592654 32.118504 21.539400
v -3.509840 35.110756 20.458481
v -3.442650 36.725784 20.074593
v -2.700055 37.870296 19.540998
v -1.931478 38.844032 19.174442
v -1.931478 40.145031 19.092705
v -1.953571 42.323067 19.353134
v -3.393404 44.159878 21.065079
v -3.272513 44.090076 22.179401
v -3.116249 44.067520 23.264580
v -2.959984 44.041191 24.344761
v -2.803720 44.011425 25.420362
v -2.387016 43.872849 26.568773
v -1.970312 43.730549 27.712229
v -1.523843 43.363773 28.711470
v -1.077374 42.993645 29.706280
v -0.408107 42.429054 30.642052
v -0.381015 42.417633 30.984482
v -0.367469 42.432636 31.130571
v -0.353923 42.463520 31.260651
v -1.080625 43.840363 29.626764
v -1.418629 44.107506 28.958828
v -1.834038 44.457207 28.063934
v -2.221753 44.744370 26.794870
v -2.609468 45.027489 25.520418
v -3.086522 45.405647 24.123262
v -3.563577 45.779373 22.720215
v -4.040631 46.569584 20.643433
v -4.184430 47.233147 20.637638
v -3.851175 46.833706 22.600130
v -3.517920 46.564987 24.010979
v -3.184665 46.292946 25.417433
v -2.910288 45.901478 26.410923
v -2.635912 45.508377 27.402254
v -1.952512 44.715603 29.376158
v -1.455268 44.274708 30.048429
v -1.264032 42.875454 32.101845
v -0.882997 42.061298 33.247269
v -0.536226 41.486504 34.107868
v -0.553235 40.906414 34.296535
v -0.655918 40.431808 34.703220
v -0.589420 40.262371 34.943333
v -0.420473 40.219910 35.258678
v -0.442718 40.307007 35.392002
v -0.464428 40.395630 35.534733
v -0.480142 40.477104 35.608456
v -0.490986 40.574432 35.670975
v -0.494455 40.682285 35.719959
v -0.496836 40.786366 35.766628
v -0.677377 41.232712 35.664116
v -0.707223 41.472027 35.469013
v -0.638293 41.892899 35.074554
v -0.538463 42.223213 34.516964
v -0.867431 43.230007 33.733242
v -1.286220 44.593246 32.706158
v -1.705008 46.196102 31.501925
v -2.123796 47.802139 30.301918
v -2.682180 49.445496 28.646021
v -2.961373 50.267174 27.818071
v -3.240565 51.088852 26.990124
v -3.539699 51.684696 25.812984
v -3.838833 52.280544 24.635845
v -4.137968 52.876389 23.458691
v -4.437102 53.472237 22.281538
v -4.437102 54.023937 20.539877
v -4.846345 54.952179 18.702776
v -4.964432 55.328709 18.196527
v -4.603707 55.461716 17.367117
v -4.367414 67.734589 19.342020
v -4.313286 68.549728 19.547878
v -4.313286 68.727623 19.366043
v -4.313287 68.905518 19.184212
v -4.313287 68.905518 19.067976
v -4.313287 68.905518 18.951738
v -4.964432 55.120644 13.309954
v -4.575420 53.747692 12.714753
v -4.186409 52.374741 12.119555
v -3.797397 51.555412 11.894256
v -3.408386 50.736073 11.668956
v -3.408386 50.065063 11.558272
v -3.408386 49.394058 11.447588
v -3.408386 48.802181 11.356226
v -3.408386 48.210304 11.264864
v -3.408386 46.833649 11.291409
v -1.962196 42.314323 12.363121
v -1.940006 39.473251 12.440585
v -1.940006 37.642368 11.486811
v -2.732469 36.579716 8.907906
v -3.717364 34.609749 3.253517
v -3.078448 33.939743 -1.175524
v -2.439533 33.661118 -5.680508
v -1.992292 33.657112 -7.638015
v -1.800617 33.655396 -10.691483
v -1.690724 33.990505 -13.344672
v -1.940729 33.304909 -17.821817
v -2.079705 33.810429 -19.240900
v -2.183197 34.440006 -20.217619
v -2.430843 34.997795 -21.469467
v -1.005718 43.940727 -70.112549
v -0.631214 43.743282 -70.796677
v -0.821598 43.287518 -71.058090
v -0.656633 42.846703 -71.239578
v -0.942535 42.449375 -70.846054
v -2.140148 30.668074 -23.418024
v -2.226876 31.048393 -21.775537
v -1.895512 30.932568 -21.067045
v -1.787695 31.233381 -20.052963
v -2.191593 28.982485 -20.736614
v -2.271469 27.831253 -20.794289
v -2.135221 26.375502 -20.851961
v -1.931762 25.058819 -20.335560
v -1.567455 24.229542 -19.349689
v -1.134658 23.624226 -16.668955
v -1.130171 23.600040 -16.055328
v -1.123442 23.563763 -15.134889
v -1.110634 23.494724 -13.383251
v -1.891883 24.244539 -11.405024
v -1.800617 24.653816 -7.510692
v -1.800617 24.103567 -4.998650
v -1.800617 23.317493 -0.720953
v -1.800617 22.477407 3.558450
v -1.800617 22.101265 7.940083
v -1.800617 22.031761 10.025486
v -1.800617 21.971754 12.123526
v -1.800617 22.052578 14.227816
v -1.800617 22.048464 16.321272
v -1.800617 22.272314 16.960072
v -1.800617 22.403687 17.770388
v -1.800617 22.928150 18.891455
v 2.642527 61.253979 14.991453
v 2.510722 60.438560 14.604996
v 2.375190 59.600086 14.277601
v 4.741962 59.830379 14.754352
v 4.704544 60.622532 15.029654
v 4.668262 61.390625 15.362123
v 4.892122 61.434284 15.416933
v 4.948247 60.644035 15.078382
v 5.005937 59.831741 14.799865
v 5.007353 59.786636 15.777601
v 4.948127 60.622868 15.984241
v 4.890227 61.440361 16.255983
v 5.006629 59.777893 17.067881
v 4.947815 60.609467 17.074457
v 4.889001 61.441044 17.081034
v 5.008025 59.774593 17.919258
v 4.947694 60.610050 17.958347
v 4.887829 61.439072 18.069239
v 5.011385 59.751720 18.323214
v 4.947433 60.617504 18.343277
v 4.883423 61.484058 18.440451
v 4.736948 59.487545 17.685984
v 4.704114 60.367298 17.753603
v 4.671546 61.239956 17.904282
v 4.493483 61.186646 17.785343
v 4.509295 60.365391 17.630407
v 4.525317 59.533241 17.553135
v 2.882288 61.251362 16.846037
v 2.755585 60.367496 16.548820
v 2.626410 59.466389 16.332541
v 2.361113 59.737942 16.844116
v 2.513437 60.622032 17.012918
v 2.664331 61.497829 17.258678
v 2.370979 59.772537 16.449471
v 2.511187 60.604950 16.624363
v 2.648597 61.420757 16.866720
v 2.367151 59.747894 16.254509
v 2.509722 60.597404 16.293631
v 2.646669 61.423298 16.500206
v 2.369443 59.652546 15.154919
v 2.510785 60.518726 15.424053
v 2.648528 61.362850 15.757463
v -2.370979 59.772537 16.449471
v -2.511187 60.604950 16.624363
v -2.648597 61.420757 16.866720
v -2.645530 61.416386 16.497726
v -2.509435 60.595657 16.293005
v -2.367151 59.747894 16.254509
v -2.648528 61.362850 15.757463
v -2.510785 60.518726 15.424053
v -2.369443 59.652546 15.154919
v -2.642527 61.253979 14.991453
v -2.510722 60.438560 14.604996
v -2.375190 59.600086 14.277601
v -4.668189 61.392174 15.362862
v -4.704506 60.623329 15.029964
v -4.741885 59.832016 14.754854
v -5.005937 59.831741 14.799865
v -4.948247 60.644035 15.078382
v -4.892122 61.434284 15.416933
v -4.890227 61.440361 16.255983
v -4.948127 60.622868 15.984241
v -5.007353 59.786636 15.777601
v -4.889001 61.441044 17.081034
v -4.947815 60.609467 17.074457
v -5.006629 59.777893 17.067881
v -4.887829 61.439072 18.069239
v -4.947694 60.610050 17.958347
v -5.008025 59.774593 17.919258
v -4.883423 61.484058 18.440451
v -4.947433 60.617504 18.343277
v -5.011385 59.751720 18.323214
v -4.671546 61.239956 17.904282
v -4.704114 60.367298 17.753603
v -4.736948 59.487545 17.685984
v -4.525317 59.533241 17.553135
v -4.509295 60.365391 17.630407
v -4.493483 61.186646 17.785343
v -2.626410 59.466389 16.332541
v -2.755585 60.367496 16.548820
v -2.882288 61.251362 16.846037
v -2.664331 61.497829 17.258678
v -2.513437 60.622032 17.012918
v -2.361113 59.737942 16.844116
v 1.103665 27.438980 -39.710182
v 1.068912 27.430056 -38.494522
v 1.080497 27.522131 -37.281883
v 3.314264 28.856575 -37.282326
v 3.398531 28.771404 -38.493191
v 3.469807 28.781668 -39.707836
v 3.734111 28.930857 -39.707554
v 3.657832 28.920444 -38.493050
v 3.564615 29.004847 -37.282421
v 6.072152 32.125317 -39.725960
v 5.954660 32.111328 -38.514393
v 5.777488 32.126289 -37.309109
v 6.457170 35.425682 -39.510540
v 6.325988 35.312435 -38.306911
v 6.146450 35.181969 -37.111252
v 6.388878 38.796700 -39.248753
v 6.266768 38.570686 -38.056507
v 6.100775 38.300068 -36.877747
v 4.647338 41.155388 -38.929474
v 4.555583 40.822807 -37.762333
v 4.447432 40.451057 -36.608234
v 4.290225 41.348232 -38.909618
v 4.205366 41.011013 -37.744781
v 4.108063 40.633526 -36.593346
v 1.092085 43.086620 -38.743572
v 1.068906 42.704872 -37.586830
v 1.068906 42.273125 -36.446785
v -0.000000 42.257206 -36.449890
v -0.000000 42.685852 -37.586937
v -0.000000 43.066612 -38.740898
v 1.346957 28.092188 -46.077332
v 1.277440 27.778479 -44.891197
v 1.231096 27.633051 -43.673058
v 3.685709 28.975473 -43.763725
v 3.747701 29.126371 -44.988770
v 3.801422 29.458216 -46.178028
v 4.075864 29.613319 -46.198349
v 4.024007 29.276886 -45.000072
v 3.960280 29.124283 -43.766518
v 6.379422 32.225243 -43.986404
v 6.443902 32.354218 -45.220234
v 6.457438 32.679657 -46.417896
v 6.847514 35.807449 -43.916801
v 6.923256 35.976730 -45.129814
v 6.935197 36.272007 -46.331112
v 6.767479 39.566776 -43.781960
v 6.838083 39.788998 -44.982441
v 6.849355 40.047508 -46.181602
v 4.975616 42.385063 -43.540749
v 5.041186 42.674725 -44.722080
v 5.070643 42.917095 -45.916042
v 4.697752 43.130772 -45.902275
v 4.664083 42.890594 -44.710091
v 4.600386 42.598911 -43.530689
v 1.346957 45.057415 -45.797165
v 1.277440 44.833633 -44.603931
v 1.231112 44.520996 -43.428402
v -0.000000 44.505871 -43.429935
v -0.000000 44.818886 -44.604675
v -0.000000 45.043228 -45.799519
v 1.103665 28.101007 -32.370892
v 1.115256 28.272726 -31.163853
v 1.126836 28.502188 -29.965893
v 2.742229 29.708965 -29.939344
v 2.842735 29.554628 -31.140392
v 2.943242 29.400291 -32.341438
v 3.148664 29.544489 -32.339607
v 3.035874 29.693890 -31.137403
v 2.923085 29.843288 -29.935200
v 4.464125 32.271496 -29.862589
v 4.686629 32.260670 -31.065094
v 4.909133 32.249844 -32.267601
v 4.794437 34.261738 -29.508097
v 5.035465 34.424225 -30.689289
v 5.251604 34.571091 -31.877283
v 4.789671 36.315887 -29.089880
v 5.021759 36.633183 -30.246672
v 5.224309 36.934052 -31.412800
v 3.596613 37.698288 -28.680052
v 3.746444 38.120544 -29.810350
v 3.873837 38.521790 -30.950964
v 3.595045 38.663136 -30.920877
v 3.481577 38.254585 -29.781933
v 3.348133 37.823807 -28.653393
v 1.103665 39.933758 -30.650816
v 1.115256 39.461823 -29.527695
v 1.126836 38.958416 -28.418835
v -0.000000 38.960144 -28.421131
v -0.000000 39.461826 -29.527721
v -0.000000 39.930660 -30.648623
v 1.810377 30.595404 -52.829895
v 1.729285 30.059839 -51.702946
v 1.659768 29.613161 -50.540676
v 3.990178 31.071245 -50.640465
v 4.025506 31.534266 -51.811886
v 4.031224 32.065845 -52.954361
v 4.276399 32.240433 -52.990967
v 4.278553 31.698898 -51.824203
v 4.247997 31.225269 -50.629639
v 6.411493 34.268372 -50.825909
v 6.371977 34.710945 -52.027008
v 6.278615 35.169640 -53.219162
v 6.864293 37.586872 -50.736195
v 6.815534 37.955654 -51.947197
v 6.706796 38.334080 -53.140026
v 6.780640 41.078472 -50.647381
v 6.729412 41.364010 -51.853489
v 6.612506 41.661354 -53.048824
v 5.113973 43.749924 -50.486977
v 5.106174 43.949047 -51.689655
v 5.060049 44.108883 -52.896137
v 4.737504 44.296146 -52.890430
v 4.770398 44.143593 -51.682877
v 4.768942 43.949738 -50.480812
v 1.833545 45.981544 -52.825470
v 1.740862 45.893768 -51.614548
v 1.659771 45.745068 -50.409569
v 0.000000 45.731392 -50.409271
v 0.000000 45.889568 -51.613987
v -0.000000 46.005154 -52.823536
v 0.000000 27.351297 -39.708191
v 0.000000 27.346758 -38.492432
v 0.000000 27.435814 -37.279926
v -0.000000 27.958424 -46.059376
v -0.000000 27.655003 -44.879234
v -0.000000 27.518763 -43.668797
v 0.000000 27.986906 -32.373009
v 0.000000 28.152660 -31.168898
v 0.000000 28.378296 -29.974417
v 0.000000 30.383043 -52.801575
v 0.000000 29.879383 -51.693748
v 0.000000 29.454771 -50.553631
v 2.042079 34.174194 -59.521900
v 2.111585 33.559193 -58.458961
v 2.088420 32.974575 -57.378887
v 3.996706 34.208611 -57.225216
v 3.939038 34.765408 -58.315170
v 3.784100 35.334129 -59.389362
v 3.972457 35.470257 -59.388577
v 4.140670 34.899670 -58.299458
v 4.208775 34.339428 -57.195255
v 5.899637 36.639923 -56.960308
v 5.728899 37.099621 -58.114155
v 5.452862 37.563919 -59.248108
v 6.270568 39.537846 -56.857746
v 6.074673 39.905029 -58.039703
v 5.766453 40.236950 -59.208199
v 6.148038 42.601437 -56.737450
v 5.941975 42.865417 -57.936474
v 5.627173 43.045174 -59.129471
v 4.853944 44.551277 -56.709797
v 4.731400 44.661118 -57.927883
v 4.496405 44.707630 -59.139488
v 4.254301 44.850994 -59.146908
v 4.472595 44.813828 -57.933075
v 4.579516 44.712158 -56.708061
v 2.065244 46.141052 -59.219757
v 2.134762 46.190315 -58.005577
v 2.088426 46.168564 -56.789207
v -0.000000 46.318161 -56.847347
v -0.000000 46.366241 -58.062634
v -0.000000 46.321674 -59.277874
v 0.000000 33.858276 -59.552113
v 0.000000 33.247631 -58.499367
v 0.000000 32.682487 -57.421925
v -4.789671 36.315887 -29.089880
v -5.021759 36.633183 -30.246672
v -5.224309 36.934052 -31.412800
v -3.596679 37.698463 -28.680510
v -3.746449 38.120548 -29.810349
v -3.873790 38.521629 -30.950497
v -1.114318 28.502188 -29.965893
v -1.103591 28.272726 -31.163853
v -1.094596 28.101007 -32.370892
v -2.943242 29.400291 -32.341438
v -2.842735 29.554628 -31.140392
v -2.742229 29.708965 -29.939344
v -3.348133 37.823807 -28.653393
v -3.481577 38.254585 -29.781933
v -3.595045 38.663136 -30.920877
v -2.923085 29.843288 -29.935200
v -3.035874 29.693890 -31.137403
v -3.148664 29.544489 -32.339607
v -4.464125 32.271496 -29.862589
v -4.686629 32.260670 -31.065094
v -4.909133 32.249844 -32.267601
v -4.794437 34.261738 -29.508097
v -5.035408 34.424187 -30.688957
v -5.251377 34.570934 -31.875956
v -1.090566 27.438976 -39.710136
v -1.064834 27.430054 -38.494522
v -1.061647 27.522125 -37.281929
v -1.211182 27.633051 -43.673058
v -1.260890 27.778479 -44.891197
v -1.334641 28.092188 -46.077332
v -3.469807 28.781668 -39.707836
v -3.398531 28.771404 -38.493191
v -3.314264 28.856575 -37.282326
v -3.801422 29.458216 -46.178028
v -3.747701 29.126371 -44.988770
v -3.685709 28.975473 -43.763725
v -3.564615 29.004847 -37.282421
v -3.657832 28.920444 -38.493050
v -3.734111 28.930857 -39.707554
v -6.072152 32.125317 -39.725960
v -5.954660 32.111328 -38.514393
v -5.777488 32.126289 -37.309109
v -3.960280 29.124283 -43.766518
v -4.024007 29.276886 -45.000072
v -4.075864 29.613319 -46.198349
v -6.379422 32.225243 -43.986404
v -6.443902 32.354218 -45.220234
v -6.457438 32.679657 -46.417896
v -6.457170 35.425682 -39.510540
v -6.326015 35.312454 -38.307068
v -6.146557 35.182041 -37.111877
v -6.847514 35.807449 -43.916801
v -6.923256 35.976730 -45.129814
v -6.935197 36.272007 -46.331112
v -6.388878 38.796700 -39.248753
v -6.266768 38.570686 -38.056507
v -6.100775 38.300068 -36.877747
v -6.767479 39.566776 -43.781960
v -6.838083 39.788998 -44.982441
v -6.849355 40.047508 -46.181602
v -4.647338 41.155388 -38.929474
v -4.555583 40.822807 -37.762333
v -4.447432 40.451057 -36.608234
v -4.975616 42.385063 -43.540749
v -5.041186 42.674725 -44.722080
v -5.070643 42.917095 -45.916042
v -4.108063 40.633526 -36.593346
v -4.205366 41.011013 -37.744781
v -4.290225 41.348232 -38.909618
v -4.600386 42.598911 -43.530689
v -4.664083 42.890594 -44.710091
v -4.697752 43.130772 -45.902275
v -1.662311 29.613161 -50.540676
v -1.744181 30.059839 -51.702946
v -1.816567 30.595404 -52.829895
v -4.031224 32.065845 -52.954361
v -4.025506 31.534266 -51.811886
v -3.990178 31.071245 -50.640465
v -4.247997 31.225269 -50.629639
v -4.278553 31.698898 -51.824203
v -4.276399 32.240433 -52.990967
v -6.411493 34.268372 -50.825909
v -6.371977 34.710945 -52.027008
v -6.278615 35.169640 -53.219162
v -6.864280 37.587101 -50.736965
v -6.815552 37.955654 -51.947208
v -6.706882 38.333839 -53.139294
v -6.780640 41.078472 -50.647381
v -6.729412 41.364010 -51.853489
v -6.612506 41.661354 -53.048824
v -5.113966 43.749809 -50.486336
v -5.106163 43.949036 -51.689655
v -5.060014 44.108959 -52.896782
v -4.768942 43.949738 -50.480812
v -4.770398 44.143593 -51.682877
v -4.737504 44.296146 -52.890430
v -2.093915 32.974575 -57.378887
v -2.118804 33.559193 -58.458961
v -2.060942 34.174194 -59.521900
v -3.784100 35.334129 -59.389362
v -3.939038 34.765408 -58.315170
v -3.996706 34.208611 -57.225216
v -4.208775 34.339428 -57.195255
v -4.140670 34.899670 -58.299458
v -3.972457 35.470257 -59.388577
v -5.899637 36.639923 -56.960308
v -5.728899 37.099621 -58.114155
v -5.452862 37.563919 -59.248108
v -6.270568 39.537846 -56.857746
v -6.074673 39.905029 -58.039703
v -5.766453 40.236950 -59.208199
v -6.148038 42.601437 -56.737450
v -5.941975 42.865417 -57.936474
v -5.627173 43.045174 -59.129471
v -1.107512 38.958416 -28.418835
v -1.097468 39.461823 -29.527695
v -1.088992 39.933758 -30.650816
v -1.049554 42.273125 -36.446785
v -1.052749 42.704872 -37.586830
v -1.077708 43.086620 -38.743572
v -1.221877 44.520996 -43.428402
v -1.269806 44.833633 -44.603931
v -1.341716 45.057415 -45.797165
v -1.663776 45.745068 -50.409569
v -1.747923 45.893768 -51.614548
v -1.832505 45.981544 -52.825470
v -2.109400 46.168564 -56.789207
v -2.143047 46.190315 -58.005577
v -2.074427 46.141052 -59.219757
v -4.853944 44.551277 -56.709797
v -4.731400 44.661118 -57.927883
v -4.496405 44.707630 -59.139488
v -4.579516 44.712158 -56.708061
v -4.472595 44.813828 -57.933075
v -4.254301 44.850994 -59.146908
v 1.428051 38.078892 -65.757607
v 1.555499 37.361153 -64.779243
v 1.659761 36.705818 -63.757137
v 2.993403 37.564583 -63.527687
v 2.770021 38.159657 -64.563850
v 2.503832 38.805519 -65.558662
v 2.621569 38.889217 -65.541420
v 2.904945 38.248615 -64.540100
v 3.142486 37.657978 -63.498058
v 4.308359 39.187714 -63.159538
v 3.947264 39.660122 -64.250031
v 3.512689 40.157154 -65.305153
v 4.576118 41.262680 -63.000648
v 4.175724 41.565575 -64.126617
v 3.691111 41.857006 -65.222313
v 4.483445 43.470421 -62.812775
v 4.073380 43.578522 -63.977310
v 3.575200 43.630993 -65.114677
v 3.613491 44.752068 -62.798992
v 3.285147 44.722763 -64.000946
v 2.888321 44.605640 -65.170197
v 2.733910 44.690899 -65.199303
v 3.113031 44.824001 -64.012558
v 3.425023 44.865299 -62.799812
v 1.416469 45.484535 -65.274117
v 1.578664 45.741772 -64.088982
v 1.717683 45.884556 -62.882153
v -0.000000 46.047882 -62.933113
v -0.000000 45.898491 -64.140404
v -0.000000 45.633236 -65.327461
v -1.712068 45.884556 -62.882153
v -1.577289 45.741772 -64.088982
v -1.414057 45.484535 -65.274117
v -3.425025 44.865303 -62.799809
v -3.113030 44.824005 -64.012566
v -2.733906 44.690903 -65.199318
v -2.888319 44.605640 -65.170204
v -3.285146 44.722763 -64.000946
v -3.613492 44.752068 -62.798985
v -4.483445 43.470421 -62.812775
v -4.073380 43.578522 -63.977310
v -3.575200 43.630993 -65.114677
v -4.576118 41.262680 -63.000648
v -4.175724 41.565575 -64.126617
v -3.691111 41.857006 -65.222313
v -4.308359 39.187714 -63.159538
v -3.947264 39.660122 -64.250031
v -3.512689 40.157154 -65.305153
v -3.142486 37.657978 -63.498058
v -2.904945 38.248615 -64.540100
v -2.621569 38.889217 -65.541420
v -2.503832 38.805519 -65.558662
v -2.770021 38.159657 -64.563850
v -2.993403 37.564583 -63.527687
v -1.425674 38.078892 -65.757607
v -1.553623 37.361153 -64.779243
v -1.661869 36.705818 -63.757137
v 0.000000 36.460663 -63.826519
v 0.000000 37.126404 -64.845047
v 0.000000 37.856304 -65.819344
v -4.100192 46.844433 20.641033
v -4.124869 46.958302 20.640038
v -3.721844 46.359585 22.654131
v -3.692906 46.253498 22.666214
v -3.321278 46.036530 24.062160
v -3.283164 45.934105 24.072081
v -2.920230 45.711178 25.464779
v -2.873905 45.609261 25.473072
v -2.597645 45.376068 26.585262
v -2.534397 45.269775 26.620531
v -2.283207 45.046021 27.693295
v -2.186760 44.919586 27.772879
v -1.715931 44.446133 29.191225
v -1.655217 44.376980 29.143764
v -1.295867 44.089905 29.869022
v -1.240029 44.025166 29.806175
v -0.512079 44.009789 30.098087
v -0.471731 43.938637 30.028952
v 0.000000 44.010582 30.098858
v 0.162984 43.937843 30.028179
v 0.547579 44.009789 30.098087
v 0.501226 43.938637 30.028952
v 1.295867 44.089905 29.869022
v 1.240029 44.025166 29.806175
v 1.715321 44.445438 29.190748
v 1.655826 44.377674 29.144241
v 2.277032 45.037922 27.698389
v 2.192934 44.927681 27.767784
v 2.597569 45.375942 26.585304
v 2.534472 45.269905 26.620489
v 2.919677 45.709961 25.464878
v 2.874458 45.610477 25.472973
v 3.321251 46.036461 24.062166
v 3.283190 45.934174 24.072073
v 3.721980 46.360081 22.654074
v 3.692770 46.252998 22.666269
v 4.124869 46.958302 20.640038
v 4.100192 46.844433 20.641033
v 4.947779 47.940300 19.023052
v 5.185882 48.223339 18.688181
v 4.945042 48.370888 18.820040
v -4.945042 48.370888 18.820040
v -5.185882 48.223339 18.688181
v -4.947779 47.940300 19.023052
v 0.162984 44.025166 29.806175
v 0.000000 48.223339 18.688181
v 0.547579 44.025166 29.806175
v 2.563425 48.223339 18.688181
v -0.509457 44.025166 29.806175
v -2.592941 48.223339 18.688181
v -1.166972 44.025162 29.806175
v -1.542458 44.376999 29.143778
v -2.042932 44.919823 27.772728
v -2.385128 45.269779 26.620529
v -2.720621 45.609291 25.473068
v -3.134455 45.934105 24.072079
v -3.549517 46.253487 22.666214
v -3.969764 46.844433 20.641033
v -4.713643 47.940300 19.023052
v -4.922513 48.223339 18.688181
v 4.930662 48.223339 18.688181
v 4.721295 47.940300 19.023052
v 3.949811 46.844433 20.641033
v 3.535628 46.253006 22.666267
v 3.129730 45.934174 24.072073
v 2.725015 45.610443 25.472975
v 2.392357 45.269901 26.620489
v 2.058466 44.927406 27.767960
v 1.549695 44.377651 29.144224
v 1.167415 44.025166 29.806175
v 0.134212 43.720379 28.998209
v 0.134212 44.072525 28.432272
v 0.454896 43.720379 28.998209
v 0.512806 44.072632 28.432333
v 0.134212 44.618687 27.258352
v 0.721337 44.620110 27.257587
v 0.134212 44.965050 26.275560
v 0.929879 44.965080 26.275555
v 0.134213 45.305092 25.294853
v 1.138426 45.305359 25.294834
v 0.134214 45.629356 24.097527
v 1.428057 45.629372 24.097525
v 0.134215 45.948441 22.896023
v 1.729274 45.948311 22.896036
v 0.134216 46.539646 20.584917
v 2.088428 46.539646 20.584917
v 0.134213 47.635513 19.202101
v 2.157938 47.635513 19.202101
v 2.157938 47.918552 18.915899
v 0.134212 47.918552 18.915899
v -0.413274 43.720379 28.998209
v -0.428064 44.072399 28.432196
v -0.607880 44.617180 27.259161
v -0.846619 44.965023 26.275570
v -1.090352 45.304787 25.294874
v -1.460808 45.629333 24.097528
v -1.837726 45.948612 22.896008
v -2.274851 46.539646 20.584917
v -2.120572 47.635513 19.202101
v -2.043249 47.918552 18.915899
v -0.948607 43.720375 28.998209
v -1.254319 44.072212 28.432087
v -1.661793 44.615036 27.260311
v -1.940401 44.964993 26.275578
v -2.213552 45.304504 25.294893
v -2.550486 45.629318 24.097528
v -2.888420 45.948700 22.895998
v -3.230575 46.539646 20.584917
v -3.836224 47.635513 19.202101
v -4.002963 47.918552 18.915899
v 4.019261 47.918552 18.915899
v 3.845483 47.635513 19.202101
v 3.217358 46.539646 20.584917
v 2.880140 45.948219 22.896044
v 2.549667 45.629387 24.097523
v 2.220158 45.305656 25.294813
v 1.949316 44.965115 26.275543
v 1.677469 44.622620 27.256235
v 1.263240 44.072865 28.432468
v 0.951996 43.720379 28.998209
v 0.003825 44.089905 29.869022
v 0.000000 48.606785 18.623606
v -0.565468 44.089905 29.869022
v -2.472521 48.606785 18.623606
v 0.582329 44.089905 29.869022
v 2.435992 48.606785 18.623606
v -4.697789 48.606785 18.623606
v -4.041695 46.958302 20.640036
v -3.615061 46.359592 22.654129
v -3.194572 46.036530 24.062159
v -2.774480 45.711147 25.464781
v -2.448887 45.376060 26.585262
v -2.131140 45.045750 27.693462
v -1.597619 44.446106 29.191208
v -1.222827 44.089901 29.869022
v 1.222526 44.089905 29.869022
v 1.600145 44.445461 29.190765
v 2.129523 45.038185 27.698223
v 2.449105 45.375946 26.585302
v 2.770833 45.709995 25.464876
v 3.183622 46.036465 24.062166
v 3.596338 46.360073 22.654076
v 4.016480 46.958302 20.640038
v 4.697789 48.606785 18.623606
v -0.565468 44.827950 29.869022
v -0.532811 45.183937 29.191059
v -0.033814 45.183838 29.190990
v 0.003825 44.827950 29.869022
v -0.762531 45.781364 27.694996
v -0.041125 45.780083 27.695801
v -1.110069 46.114079 26.585274
v -0.002848 46.114052 26.585281
v -1.462729 46.448921 25.464802
v 0.036731 46.448608 25.464828
v -2.054220 46.774559 24.062162
v 0.123564 46.774536 24.062164
v -2.654010 47.097702 22.654121
v 0.212277 47.097893 22.654100
v -3.293133 47.696346 20.640038
v 0.284599 47.696346 20.640038
v -2.472521 49.108932 18.820040
v 0.000000 49.108932 18.820040
v 0.605489 45.183716 29.190907
v 0.582329 44.827950 29.869022
v 0.825622 45.778587 27.696739
v 1.126836 46.114021 26.585291
v 1.428059 46.448318 25.464853
v 1.937813 46.774521 24.062164
v 2.447572 47.098042 22.654083
v 3.003663 47.696342 20.640038
v 2.435992 49.108932 18.820040
v -4.697789 49.108932 18.820040
v -4.041695 47.696346 20.640036
v -3.615061 47.097637 22.654129
v -3.194572 46.774574 24.062159
v -2.774480 46.449192 25.464781
v -2.448887 46.114105 26.585262
v -2.131140 45.783794 27.693462
v -1.597619 45.184151 29.191208
v -1.222827 44.827946 29.869022
v 1.600145 45.183506 29.190765
v 1.222526 44.827950 29.869022
v 2.129523 45.776230 27.698223
v 2.449105 46.113991 26.585302
v 2.770833 46.448040 25.464876
v 3.183622 46.774509 24.062166
v 3.596338 47.098118 22.654076
v 4.016480 47.696346 20.640038
v 4.697789 49.108932 18.820040
vt 0.869919 0.897434
vt 0.870117 0.903769
vt 0.865935 0.904012
vt 0.865807 0.897472
vt 0.874009 0.897308
vt 0.874272 0.903345
vt 0.870444 0.910109
vt 0.866138 0.910565
vt 0.861735 0.904087
vt 0.861681 0.897428
vt 0.869850 0.891106
vt 0.865762 0.890940
vt 0.878075 0.897086
vt 0.878395 0.902719
vt 0.874713 0.909373
vt 0.873918 0.891275
vt 0.861809 0.910761
vt 0.857526 0.903999
vt 0.857547 0.897305
vt 0.861660 0.890778
vt 0.869921 0.884789
vt 0.865813 0.884417
vt 0.882116 0.896747
vt 0.882480 0.901854
vt 0.878934 0.908327
vt 0.877964 0.891448
vt 0.874007 0.885255
vt 0.857470 0.910705
vt 0.853319 0.903748
vt 0.853413 0.897102
vt 0.857551 0.890616
vt 0.861688 0.884131
vt 0.870151 0.878489
vt 0.865978 0.877900
vt 0.881988 0.891624
vt 0.878066 0.885826
vt 0.874294 0.879262
vt 0.853135 0.910400
vt 0.849124 0.903332
vt 0.849289 0.896816
vt 0.853441 0.890455
vt 0.857555 0.883928
vt 0.861782 0.877484
vt 0.870571 0.872209
vt 0.866284 0.871390
vt 0.886001 0.891801
vt 0.886139 0.896257
vt 0.882098 0.886518
vt 0.878399 0.880242
vt 0.874813 0.873309
vt 0.848817 0.909843
vt 0.844950 0.902744
vt 0.845180 0.896443
vt 0.849339 0.890292
vt 0.853421 0.883804
vt 0.857575 0.877234
vt 0.861966 0.870832
vt 0.886110 0.887359
vt 0.882461 0.881460
vt 0.878996 0.874718
vt 0.844530 0.909023
vt 0.840807 0.901970
vt 0.841094 0.895977
vt 0.845251 0.890127
vt 0.849294 0.883761
vt 0.853367 0.877146
vt 0.857631 0.870528
vt 0.840288 0.907923
vt 0.836702 0.900990
vt 0.837036 0.895406
vt 0.841183 0.889957
vt 0.845183 0.883799
vt 0.849167 0.877220
vt 0.853292 0.870472
vt 0.836105 0.906513
vt 0.832640 0.899771
vt 0.833004 0.894713
vt 0.837138 0.889784
vt 0.841092 0.883924
vt 0.844985 0.877464
vt 0.848963 0.870667
vt 0.833114 0.889607
vt 0.837027 0.884146
vt 0.840829 0.877888
vt 0.844657 0.871124
vt 0.828991 0.893873
vt 0.829101 0.889431
vt 0.832986 0.884485
vt 0.836707 0.878513
vt 0.840388 0.871859
vt 0.828962 0.884974
vt 0.832622 0.879377
vt 0.836167 0.872906
vt 0.875077 0.942391
vt 0.877318 0.949448
vt 0.869980 0.952141
vt 0.868737 0.944432
vt 0.881147 0.939312
vt 0.884211 0.945411
vt 0.887038 0.828299
vt 0.879311 0.823368
vt 0.862407 0.953513
vt 0.862255 0.945473
vt 0.873516 0.935712
vt 0.867882 0.937292
vt 0.886794 0.935143
vt 0.890410 0.940017
vt 0.893674 0.834639
vt 0.878980 0.933316
vt 0.881704 0.834815
vt 0.874984 0.831221
vt 0.870769 0.820000
vt 0.854789 0.953594
vt 0.855745 0.945545
vt 0.862156 0.938096
vt 0.891820 0.929818
vt 0.895615 0.933273
vt 0.898955 0.842192
vt 0.884176 0.930041
vt 0.887780 0.839553
vt 0.878019 0.841120
vt 0.872046 0.838377
vt 0.867796 0.828816
vt 0.861696 0.818311
vt 0.847302 0.952415
vt 0.849310 0.944667
vt 0.856408 0.938149
vt 0.902634 0.850713
vt 0.893023 0.845384
vt 0.883596 0.844793
vt 0.875405 0.847334
vt 0.869988 0.845180
vt 0.865789 0.836564
vt 0.860309 0.827637
vt 0.852392 0.818386
vt 0.840113 0.950009
vt 0.843052 0.942853
vt 0.850704 0.937466
vt 0.899458 0.925229
vt 0.904503 0.859899
vt 0.897224 0.852245
vt 0.888647 0.849408
vt 0.880571 0.850246
vt 0.864395 0.843765
vt 0.859354 0.835686
vt 0.852691 0.827718
vt 0.843172 0.820275
vt 0.833393 0.946414
vt 0.837079 0.940110
vt 0.845110 0.936051
vt 0.900152 0.860058
vt 0.893020 0.854987
vt 0.885400 0.853952
vt 0.858691 0.843083
vt 0.852844 0.835758
vt 0.845119 0.829091
vt 0.834376 0.823989
vt 0.827317 0.941676
vt 0.831502 0.936436
vt 0.839693 0.933896
vt 0.852944 0.843136
vt 0.846362 0.836800
vt 0.837781 0.831784
vt 0.826367 0.829494
vt 0.822075 0.935844
vt 0.826451 0.931821
vt 0.834528 0.930984
vt 0.847218 0.843940
vt 0.840023 0.838841
vt 0.830889 0.835820
vt 0.819548 0.836694
vt 0.817874 0.928983
vt 0.822079 0.926241
vt 0.829699 0.927277
vt 0.841584 0.845519
vt 0.833953 0.841919
vt 0.824690 0.841214
vt 0.814357 0.845399
vt 0.836121 0.847916
vt 0.828307 0.846088
vt 0.819486 0.847958
vt 0.811252 0.855272
vt 0.814947 0.921170
vt 0.830925 0.851190
vt 0.823281 0.851413
vt 0.815643 0.856001
vt 0.229234 0.090174
vt 0.231526 0.096171
vt 0.230007 0.097981
vt 0.228278 0.091037
vt 0.228167 0.099260
vt 0.227220 0.091476
vt 0.226004 0.099807
vt 0.226117 0.091398
vt 0.223573 0.099355
vt 0.225073 0.090712
vt 0.225968 0.061330
vt 0.228131 0.061752
vt 0.230007 0.062906
vt 0.231568 0.064604
vt 0.232823 0.066705
vt 0.233796 0.069102
vt 0.230874 0.073172
vt 0.234515 0.071713
vt 0.231379 0.074808
vt 0.235002 0.074472
vt 0.231727 0.076578
vt 0.235278 0.077327
vt 0.231924 0.078435
vt 0.235356 0.080233
vt 0.231974 0.080336
vt 0.235242 0.083148
vt 0.231880 0.082237
vt 0.234936 0.086028
vt 0.231643 0.084099
vt 0.234430 0.088830
vt 0.231261 0.085877
vt 0.233709 0.091500
vt 0.230733 0.087521
vt 0.232750 0.093974
vt 0.230056 0.088976
vt 0.234520 0.100684
vt 0.232765 0.103428
vt 0.230521 0.105712
vt 0.227673 0.107322
vt 0.224096 0.107915
vt 0.227117 0.054246
vt 0.230074 0.055482
vt 0.232466 0.057478
vt 0.234356 0.060004
vt 0.235819 0.062904
vt 0.236922 0.066070
vt 0.237718 0.069424
vt 0.238251 0.072910
vt 0.238552 0.076480
vt 0.238640 0.080098
vt 0.238527 0.083728
vt 0.238210 0.087335
vt 0.237681 0.090882
vt 0.236916 0.094328
vt 0.235880 0.097618
vt 0.237959 0.104205
vt 0.236209 0.107787
vt 0.233893 0.111060
vt 0.230801 0.113873
vt 0.226623 0.115956
vt 0.229503 0.047883
vt 0.232927 0.050117
vt 0.235562 0.052987
vt 0.237571 0.056284
vt 0.239086 0.059876
vt 0.240203 0.063677
vt 0.240999 0.067626
vt 0.241525 0.071677
vt 0.241820 0.075796
vt 0.241909 0.079955
vt 0.241804 0.084127
vt 0.241506 0.088287
vt 0.241006 0.092408
vt 0.240279 0.096460
vt 0.239284 0.100408
vt 0.241696 0.106953
vt 0.240119 0.111243
vt 0.237985 0.115398
vt 0.235039 0.119367
vt 0.230849 0.123047
vt 0.232925 0.042296
vt 0.236488 0.045573
vt 0.239133 0.049274
vt 0.241099 0.053257
vt 0.242551 0.057438
vt 0.243607 0.061761
vt 0.244348 0.066186
vt 0.244833 0.070685
vt 0.245104 0.075233
vt 0.245186 0.079812
vt 0.245095 0.084403
vt 0.244833 0.088991
vt 0.244393 0.093558
vt 0.243753 0.098088
vt 0.242875 0.102560
vt 0.245639 0.109052
vt 0.244350 0.113911
vt 0.242583 0.118794
vt 0.240086 0.123762
vt 0.236402 0.128913
vt 0.237195 0.037547
vt 0.240603 0.041815
vt 0.243067 0.046256
vt 0.244862 0.050824
vt 0.246168 0.055491
vt 0.247105 0.060235
vt 0.247755 0.065039
vt 0.248177 0.069888
vt 0.248410 0.074769
vt 0.248481 0.079672
vt 0.248406 0.084585
vt 0.248191 0.089501
vt 0.247830 0.094411
vt 0.247309 0.099309
vt 0.246596 0.104188
vt 0.249722 0.110577
vt 0.248799 0.115864
vt 0.247526 0.121303
vt 0.245699 0.127050
vt 0.242923 0.133398
vt 0.242144 0.033688
vt 0.245145 0.038823
vt 0.247274 0.043885
vt 0.248803 0.048927
vt 0.249900 0.053979
vt 0.250677 0.059050
vt 0.251210 0.064144
vt 0.251551 0.069258
vt 0.251738 0.074390
vt 0.251794 0.079534
vt 0.251738 0.084688
vt 0.251575 0.089848
vt 0.251307 0.095011
vt 0.250926 0.100181
vt 0.250410 0.105363
vt 0.253897 0.111577
vt 0.253387 0.117152
vt 0.252689 0.122966
vt 0.251675 0.129245
vt 0.250087 0.136424
vt 0.247618 0.030762
vt 0.250011 0.036590
vt 0.251686 0.042131
vt 0.252875 0.047531
vt 0.253717 0.052866
vt 0.254305 0.058175
vt 0.254702 0.063477
vt 0.254951 0.068779
vt 0.255084 0.074087
vt 0.255124 0.079400
vt 0.255086 0.084720
vt 0.254981 0.090047
vt 0.254814 0.095384
vt 0.254585 0.100738
vt 0.254285 0.106126
vt 0.258123 0.112080
vt 0.258051 0.117807
vt 0.257967 0.123816
vt 0.257842 0.130365
vt 0.257596 0.137965
vt 0.253473 0.028803
vt 0.255107 0.035114
vt 0.256243 0.040979
vt 0.257039 0.046615
vt 0.257593 0.052133
vt 0.257971 0.057593
vt 0.544315 0.695440
vt 0.549954 0.695404
vt 0.554785 0.717645
vt 0.549498 0.719087
vt 0.544912 0.677309
vt 0.550348 0.676453
vt 0.552580 0.695479
vt 0.557223 0.717016
vt 0.565345 0.740623
vt 0.558661 0.739824
vt 0.547292 0.719792
vt 0.541927 0.695517
vt 0.542653 0.677439
vt 0.548028 0.666757
vt 0.552866 0.666160
vt 0.553771 0.676949
vt 0.555213 0.695380
vt 0.559611 0.716292
vt 0.568408 0.740608
vt 0.572090 0.769259
vt 0.564286 0.771122
vt 0.555847 0.739250
vt 0.538390 0.695448
vt 0.543910 0.720752
vt 0.539210 0.677396
vt 0.546078 0.666846
vt 0.552116 0.655876
vt 0.554149 0.655831
vt 0.555883 0.666382
vt 0.557190 0.677209
vt 0.571431 0.740498
vt 0.575806 0.768300
vt 0.582740 0.795355
vt 0.574334 0.802004
vt 0.561075 0.771876
vt 0.551553 0.738381
vt 0.532682 0.695388
vt 0.538205 0.722366
vt 0.531356 0.675851
vt 0.543181 0.666609
vt 0.551364 0.656031
vt 0.556437 0.655539
vt 0.558918 0.666496
vt 0.579516 0.767260
vt 0.586335 0.792221
vt 0.595618 0.818444
vt 0.587905 0.826999
vt 0.570692 0.804650
vt 0.556338 0.773030
vt 0.544257 0.736719
vt 0.527420 0.695829
vt 0.532736 0.723856
vt 0.526131 0.674104
vt 0.539275 0.664505
vt 0.550281 0.656226
vt 0.558795 0.655431
vt 0.590006 0.789124
vt 0.598732 0.814241
vt 0.616268 0.850165
vt 0.606886 0.859386
vt 0.584389 0.830393
vt 0.565414 0.808755
vt 0.548632 0.774929
vt 0.537079 0.735310
vt 0.530204 0.724579
vt 0.524997 0.696397
vt 0.535962 0.661488
vt 0.548680 0.656281
vt 0.601974 0.810120
vt 0.619696 0.845265
vt 0.919707 0.053867
vt 0.908085 0.477194
vt 0.602416 0.862642
vt 0.579230 0.835636
vt 0.556644 0.814862
vt 0.541435 0.776753
vt 0.533679 0.734908
vt 0.522552 0.696873
vt 0.527653 0.725169
vt 0.547619 0.655593
vt 0.525186 0.670761
vt 0.534839 0.658172
vt 0.623091 0.840422
vt 0.632679 0.867715
vt 0.915621 0.041927
vt 0.901562 0.488344
vt 0.612073 0.885591
vt 0.595690 0.867575
vt 0.570034 0.843706
vt 0.548311 0.819152
vt 0.538089 0.777555
vt 0.530253 0.734678
vt 0.547656 0.655119
vt 0.534290 0.654705
vt 0.524587 0.667494
vt 0.604718 0.806097
vt 0.623172 0.833679
vt 0.899146 0.065463
vt 0.905911 0.048745
vt 0.895953 0.485692
vt 0.893220 0.469601
vt 0.583333 0.874169
vt 0.560104 0.849109
vt 0.544600 0.820373
vt 0.534800 0.778493
vt 0.547808 0.654614
vt 0.521776 0.646302
vt 0.535575 0.640547
vt 0.607582 0.802101
vt 0.623312 0.826847
vt 0.887736 0.481547
vt 0.880397 0.463662
vt 0.569923 0.877498
vt 0.555256 0.850765
vt 0.540921 0.821647
vt 0.546536 0.645721
vt 0.874211 0.475356
vt 0.862090 0.458525
vt 0.564388 0.877076
vt 0.550364 0.852400
vt 0.856652 0.466763
vt 0.567429 0.899756
vt 0.558853 0.876637
vt 0.834822 0.454910
vt 0.837619 0.447648
vt 0.859138 0.440984
vt 0.840115 0.442506
vt 0.552546 0.872942
vt 0.545727 0.852720
vt 0.820068 0.447973
vt 0.823573 0.440771
vt 0.843586 0.436479
vt 0.550830 0.885607
vt 0.826161 0.435607
vt 0.541054 0.852701
vt 0.546192 0.868805
vt 0.787147 0.433581
vt 0.790636 0.426547
vt 0.827781 0.432389
vt 0.849283 0.424807
vt 0.865320 0.421242
vt 0.793254 0.421672
vt 0.753668 0.420804
vt 0.757318 0.413012
vt 0.794896 0.418630
vt 0.832258 0.420082
vt 0.853095 0.416656
vt 0.760321 0.407334
vt 0.716590 0.403061
vt 0.714440 0.412349
vt 0.762202 0.403802
vt 0.801810 0.403640
vt 0.836776 0.407816
vt 0.855567 0.410630
vt 0.869698 0.415723
vt 0.721462 0.398636
vt 0.699204 0.408154
vt 0.702196 0.399546
vt 0.722744 0.379145
vt 0.734413 0.376921
vt 0.771944 0.386072
vt 0.808851 0.388738
vt 0.837214 0.401805
vt 0.857992 0.404398
vt 0.877938 0.406288
vt 0.705901 0.395284
vt 0.696922 0.414638
vt 0.712272 0.420257
vt 0.683920 0.403983
vt 0.687729 0.396055
vt 0.727760 0.349865
vt 0.967397 0.813314
vt 0.744337 0.367590
vt 0.709421 0.376514
vt 0.781620 0.368566
vt 0.809433 0.380350
vt 0.837650 0.395791
vt 0.689768 0.391684
vt 0.681514 0.409011
vt 0.669503 0.398649
vt 0.674843 0.390164
vt 0.951950 0.777102
vt 0.956974 0.774632
vt 0.737582 0.349238
vt 0.716880 0.347541
vt 0.755946 0.349665
vt 0.695675 0.372677
vt 0.783631 0.355732
vt 0.810063 0.371998
vt 0.676734 0.383412
vt 0.666381 0.403528
vt 0.662164 0.384635
vt 0.655446 0.393300
vt 0.950124 0.732939
vt 0.954923 0.731227
vt 0.962054 0.772190
vt 0.940840 0.781571
vt 0.745058 0.342092
vt 0.705642 0.343105
vt 0.758962 0.339689
vt 0.683728 0.365594
vt 0.783212 0.347326
vt 0.664916 0.375604
vt 0.651594 0.397805
vt 0.649414 0.388523
vt 0.655253 0.379532
vt 0.944886 0.698987
vt 0.949709 0.698230
vt 0.959705 0.729529
vt 0.939896 0.736968
vt 0.928965 0.785347
vt 0.749656 0.334290
vt 0.694700 0.337228
vt 0.758452 0.330828
vt 0.673268 0.358361
vt 0.658916 0.370514
vt 0.644170 0.393711
vt 0.641473 0.381359
vt 0.644241 0.372539
vt 0.940051 0.665789
vt 0.944410 0.665713
vt 0.954552 0.697530
vt 0.934565 0.700908
vt 0.928967 0.741260
vt 0.916913 0.788249
vt 0.684920 0.330265
vt 0.661156 0.355912
vt 0.670367 0.346284
vt 0.645386 0.364511
vt 0.637185 0.388059
vt 0.636405 0.407961
vt 0.643142 0.411426
vt 0.631599 0.366963
vt 0.631857 0.374927
vt 0.935715 0.633446
vt 0.939587 0.633779
vt 0.948783 0.665631
vt 0.930667 0.665769
vt 0.923874 0.703417
vt 0.917673 0.745466
vt 0.905211 0.789402
vt 0.902910 0.829400
vt 0.646934 0.351050
vt 0.631219 0.359773
vt 0.628882 0.404886
vt 0.630799 0.381478
vt 0.634443 0.414284
vt 0.639944 0.417072
vt 0.935416 0.601641
vt 0.939147 0.602688
vt 0.943463 0.634115
vt 0.927388 0.632633
vt 0.920896 0.665654
vt 0.913162 0.706347
vt 0.906463 0.749021
vt 0.899805 0.789237
vt 0.668529 0.337813
vt 0.678166 0.322938
vt 0.631762 0.347326
vt 0.646921 0.338197
vt 0.661028 0.341935
vt 0.623057 0.410960
vt 0.618294 0.398798
vt 0.658723 0.417018
vt 0.061924 0.614674
vt 0.076427 0.637837
vt 0.077152 0.630792
vt 0.945019 0.577995
vt 0.940513 0.576284
vt 0.942873 0.603631
vt 0.927301 0.599601
vt 0.918711 0.631642
vt 0.911295 0.666187
vt 0.902857 0.709228
vt 0.901056 0.750177
vt 0.894433 0.789255
vt 0.631303 0.335533
vt 0.646807 0.315835
vt 0.661215 0.319581
vt 0.614269 0.408202
vt 0.073933 0.650490
vt 0.674376 0.422106
vt 0.661935 0.424760
vt 0.076478 0.619645
vt 0.098788 0.646692
vt 0.099435 0.638976
vt 0.949549 0.579449
vt 0.932912 0.575650
vt 0.950819 0.564244
vt 0.946828 0.562983
vt 0.918790 0.597327
vt 0.910117 0.631515
vt 0.902175 0.666803
vt 0.898035 0.710411
vt 0.895668 0.751631
vt 0.884915 0.786072
vt 0.674382 0.311331
vt 0.631758 0.314757
vt 0.652000 0.304376
vt 0.663903 0.307400
vt 0.070533 0.660255
vt 0.095515 0.660549
vt 0.075019 0.608492
vt 0.100633 0.625463
vt 0.131403 0.656353
vt 0.132970 0.647356
vt 0.954849 0.565394
vt 0.925068 0.574018
vt 0.940144 0.562229
vt 0.954868 0.549748
vt 0.951643 0.549256
vt 0.910248 0.595391
vt 0.901962 0.631558
vt 0.897958 0.667110
vt 0.893218 0.711714
vt 0.638313 0.304598
vt 0.651722 0.290090
vt 0.661820 0.290351
vt 0.092100 0.671710
vt 0.125619 0.674107
vt 0.669255 0.429621
vt 0.073233 0.597933
vt 0.101761 0.611972
vt 0.136702 0.632251
vt 0.149996 0.647994
vt 0.147613 0.653941
vt 0.958120 0.550445
vt 0.914517 0.569993
vt 0.933537 0.560652
vt 0.948826 0.548454
vt 0.902238 0.594466
vt 0.898187 0.631664
vt 0.893750 0.667521
vt 0.642142 0.293644
vt 0.122509 0.688449
vt 0.143744 0.663735
vt 0.676286 0.434830
vt 0.070821 0.587390
vt 0.101323 0.599197
vt 0.140754 0.618189
vt 0.154309 0.632318
vt 0.164511 0.648005
vt 0.161677 0.652439
vt 0.906931 0.566115
vt 0.928650 0.556901
vt 0.946158 0.548242
vt 0.898469 0.594465
vt 0.894425 0.631905
vt 0.631220 0.271533
vt 0.625496 0.278758
vt 0.142722 0.671494
vt 0.157526 0.659098
vt 0.101198 0.586533
vt 0.146266 0.600659
vt 0.158789 0.616796
vt 0.166536 0.632094
vt 0.237896 0.797400
vt 0.179275 0.645652
vt 0.924703 0.552142
vt 0.943879 0.547660
vt 0.894697 0.594662
vt 0.156090 0.665421
vt 0.138767 0.689756
vt 0.124988 0.700401
vt 0.171514 0.654517
vt 0.151508 0.583185
vt 0.162348 0.598869
vt 0.168470 0.616210
vt 0.178811 0.631871
vt 0.230905 0.805674
vt 0.231975 0.799692
vt 0.942361 0.546413
vt 0.906870 0.561909
vt 0.923722 0.547514
vt 0.170154 0.659381
vt 0.146234 0.686664
vt 0.136383 0.706590
vt 0.126993 0.711954
vt 0.232106 0.790945
vt 0.164842 0.580516
vt 0.170280 0.598274
vt 0.178193 0.615655
vt 0.235568 0.817353
vt 0.226147 0.802044
vt 0.224883 0.810279
vt 0.942369 0.545736
vt 0.923543 0.542789
vt 0.907121 0.557874
vt 0.229779 0.785383
vt 0.153338 0.683289
vt 0.140684 0.705006
vt 0.136570 0.719953
vt 0.129018 0.723235
vt 0.225095 0.789558
vt 0.170833 0.579960
vt 0.244345 0.845981
vt 0.238699 0.829771
vt 0.229349 0.819766
vt 0.223806 0.800983
vt 0.223098 0.807326
vt 0.942536 0.545022
vt 0.907948 0.529059
vt 0.927525 0.523745
vt 0.221370 0.782914
vt 0.222701 0.771236
vt 0.237024 0.767748
vt 0.145188 0.703693
vt 0.140397 0.719397
vt 0.136589 0.733224
vt 0.131027 0.734339
vt 0.223065 0.791528
vt 0.176933 0.579440
vt 0.238758 0.845227
vt 0.232748 0.829905
vt 0.222460 0.818243
vt 0.217043 0.807956
vt 0.217190 0.805466
vt 0.216208 0.799755
vt 0.941590 0.532540
vt 0.219928 0.785906
vt 0.209976 0.772195
vt 0.217868 0.757208
vt 0.229764 0.752194
vt 0.144232 0.718848
vt 0.140021 0.733874
vt 0.136305 0.746717
vt 0.131216 0.747099
vt 0.215773 0.791891
vt 0.236139 0.860225
vt 0.233378 0.844552
vt 0.226348 0.829523
vt 0.215490 0.817135
vt 0.209090 0.805808
vt 0.211074 0.803677
vt 0.209053 0.799118
vt 0.214829 0.785665
vt 0.214905 0.782760
vt 0.203945 0.772737
vt 0.206835 0.760304
vt 0.214002 0.747513
vt 0.224000 0.741157
vt 0.143479 0.734518
vt 0.139232 0.747652
vt 0.135940 0.760163
vt 0.131398 0.759960
vt 0.209298 0.791346
vt 0.231074 0.859088
vt 0.227415 0.842261
vt 0.220066 0.829273
vt 0.203856 0.816173
vt 0.199150 0.809662
vt 0.206619 0.800118
vt 0.209889 0.785516
vt 0.208362 0.782766
vt 0.198065 0.773500
vt 0.201191 0.761400
vt 0.204423 0.751950
vt 0.209849 0.737669
vt 0.217939 0.730328
vt 0.142150 0.748621
vt 0.138315 0.761342
vt 0.134711 0.771681
vt 0.130408 0.772068
vt 0.207063 0.789976
vt 0.225629 0.854885
vt 0.221501 0.840300
vt 0.208885 0.825355
vt 0.405383 0.066784
vt 0.406671 0.064813
vt 0.198469 0.805150
vt 0.197688 0.783421
vt 0.191851 0.774103
vt 0.195652 0.762815
vt 0.198922 0.752710
vt 0.201806 0.743615
vt 0.207551 0.728894
vt 0.214389 0.721811
vt 0.140686 0.762535
vt 0.137035 0.772457
vt 0.133270 0.783036
vt 0.129425 0.784073
vt 0.198300 0.793468
vt 0.220485 0.851121
vt 0.212319 0.835782
vt 0.401563 0.071131
vt 0.391669 0.051693
vt 0.393020 0.050531
vt 0.190652 0.810721
vt 0.185969 0.784183
vt 0.183916 0.774634
vt 0.189741 0.763955
vt 0.193519 0.753797
vt 0.196469 0.744029
vt 0.200634 0.734671
vt 0.205018 0.720132
vt 0.210914 0.713457
vt 0.139361 0.773252
vt 0.135390 0.783230
vt 0.129243 0.800370
vt 0.127483 0.797574
vt 0.187627 0.797261
vt 0.211974 0.845959
vt 0.395517 0.076474
vt 0.388986 0.054308
vt 0.389116 0.048842
vt 0.390279 0.047602
vt 0.182213 0.764816
vt 0.187817 0.754552
vt 0.191241 0.744745
vt 0.195731 0.735098
vt 0.199127 0.725701
vt 0.199877 0.702736
vt 0.204145 0.696953
vt 0.137501 0.783418
vt 0.130117 0.801558
vt 0.204808 0.840994
vt 0.384925 0.058253
vt 0.386395 0.051622
vt 0.386739 0.045835
vt 0.387701 0.044497
vt 0.180710 0.754898
vt 0.185842 0.745133
vt 0.190898 0.735772
vt 0.194707 0.726131
vt 0.195739 0.707702
vt 0.197430 0.688361
vt 0.200930 0.683793
vt 0.131005 0.802528
vt 0.130020 0.801929
vt 0.129091 0.800744
vt 0.381687 0.061060
vt 0.383006 0.054973
vt 0.383751 0.048981
vt 0.366618 0.019748
vt 0.367742 0.019684
vt 0.179366 0.744986
vt 0.185851 0.736133
vt 0.190318 0.726770
vt 0.192255 0.708054
vt 0.194050 0.692312
vt 0.194962 0.674145
vt 0.197854 0.670848
vt 0.131104 0.802841
vt 0.129787 0.804159
vt 0.128650 0.803224
vt 0.380167 0.057680
vt 0.381262 0.051592
vt 0.365494 0.019812
vt 0.179682 0.736034
vt 0.185695 0.727101
vt 0.188803 0.708543
vt 0.191490 0.692594
vt 0.192198 0.676992
vt 0.193242 0.661663
vt 0.195315 0.659786
vt 0.130902 0.804671
vt 0.621638 0.248318
vt 0.622903 0.248272
vt 0.378758 0.054255
vt 0.365147 0.020191
vt 0.180051 0.726948
vt 0.185177 0.708774
vt 0.188951 0.692973
vt 0.190535 0.677133
vt 0.191171 0.663223
vt 0.191966 0.652179
vt 0.709358 0.036124
vt 0.364800 0.020570
vt 0.180741 0.708563
vt 0.186261 0.693143
vt 0.188895 0.677353
vt 0.190007 0.663385
vt 0.709555 0.037111
vt 0.708390 0.036167
vt 0.708304 0.035579
vt 0.182876 0.692925
vt 0.187140 0.677402
vt 0.188857 0.663612
vt 0.709548 0.037355
vt 0.708393 0.036862
vt 0.707308 0.036137
vt 0.707196 0.035628
vt 0.184835 0.677139
vt 0.187637 0.663708
vt 0.709535 0.037593
vt 0.708387 0.037195
vt 0.707395 0.036704
vt 0.706701 0.035660
vt 0.706792 0.036105
vt 0.186077 0.663577
vt 0.187921 0.653151
vt 0.708369 0.037515
vt 0.707395 0.037000
vt 0.706861 0.036601
vt 0.706093 0.035852
vt 0.706007 0.036137
vt 0.187128 0.653322
vt 0.708340 0.037822
vt 0.707379 0.037292
vt 0.706859 0.036890
vt 0.705943 0.036435
vt 0.708282 0.038086
vt 0.707341 0.037582
vt 0.706864 0.037175
vt 0.705946 0.036632
vt 0.707299 0.037850
vt 0.706859 0.037448
vt 0.705973 0.036834
vt 0.706795 0.037687
vt 0.706016 0.037035
vt 0.706072 0.037225
vt 0.569751 0.694594
vt 0.494452 0.706406
vt 0.496757 0.727609
vt 0.491730 0.727378
vt 0.485239 0.694855
vt 0.575814 0.675905
vt 0.496421 0.705542
vt 0.498916 0.727648
vt 0.490660 0.748115
vt 0.484014 0.749634
vt 0.564850 0.694919
vt 0.568678 0.713897
vt 0.487095 0.693614
vt 0.568920 0.676961
vt 0.575925 0.663334
vt 0.475960 0.690134
vt 0.499253 0.704075
vt 0.502198 0.727551
vt 0.493378 0.747143
vt 0.493301 0.781491
vt 0.485986 0.781209
vt 0.582059 0.737037
vt 0.489850 0.691599
vt 0.477578 0.688776
vt 0.569637 0.665466
vt 0.465496 0.684321
vt 0.463370 0.686644
vt 0.504061 0.701832
vt 0.507649 0.727460
vt 0.497475 0.745515
vt 0.496348 0.781540
vt 0.489605 0.805035
vt 0.480267 0.802732
vt 0.593206 0.762683
vt 0.495662 0.686131
vt 0.479916 0.686635
vt 0.466387 0.683598
vt 0.568884 0.653646
vt 0.508789 0.700163
vt 0.512977 0.727251
vt 0.504292 0.742330
vt 0.500887 0.781503
vt 0.493646 0.806421
vt 0.491037 0.826217
vt 0.479133 0.824681
vt 0.601514 0.778796
vt 0.499024 0.682409
vt 0.482200 0.682417
vt 0.467635 0.682586
vt 0.513485 0.699024
vt 0.518023 0.726848
vt 0.510959 0.739194
vt 0.508371 0.781271
vt 0.499711 0.808411
vt 0.495671 0.827990
vt 0.484926 0.834936
vt 0.467407 0.840263
vt 0.613806 0.794541
vt 0.483625 0.677904
vt 0.507071 0.682398
vt 0.469067 0.681100
vt 0.517425 0.736658
vt 0.515515 0.780931
vt 0.509718 0.812446
vt 0.502504 0.830733
vt 0.490924 0.836522
vt 0.481524 0.847817
vt 0.463383 0.852764
vt 0.469605 0.679424
vt 0.481748 0.671225
vt 0.496923 0.676073
vt 0.522186 0.780451
vt 0.518809 0.816552
vt 0.513063 0.837703
vt 0.499541 0.839751
vt 0.485355 0.846476
vt 0.469208 0.678362
vt 0.474944 0.657917
vt 0.490041 0.657341
vt 0.526778 0.819812
vt 0.522792 0.844509
vt 0.513271 0.848832
vt 0.491045 0.845589
vt 0.466472 0.668165
vt 0.532005 0.849886
vt 0.526134 0.857946
vt 0.503751 0.848761
vt 0.528577 0.863198
vt 0.462921 0.044450
vt 0.459533 0.036664
vt 0.467284 0.037744
vt 0.470671 0.045529
vt 0.459533 0.051471
vt 0.467284 0.052551
vt 0.273059 0.796508
vt 0.275509 0.803992
vt 0.266309 0.803993
vt 0.263859 0.796509
vt 0.277605 0.789236
vt 0.268405 0.789237
vt 0.423268 0.040606
vt 0.425727 0.032984
vt 0.434920 0.032985
vt 0.432462 0.040607
vt 0.421166 0.025587
vt 0.430359 0.025588
vt 0.406357 0.026848
vt 0.401726 0.034261
vt 0.392390 0.034261
vt 0.397021 0.026848
vt 0.404221 0.041920
vt 0.394885 0.041920
vt 0.172570 0.029142
vt 0.167939 0.021851
vt 0.177275 0.021851
vt 0.181906 0.029142
vt 0.170075 0.036669
vt 0.179411 0.036669
vt 0.175839 0.052105
vt 0.179345 0.059184
vt 0.171445 0.060312
vt 0.167939 0.053233
vt 0.179349 0.044249
vt 0.171449 0.045377
vt 0.963925 0.606459
vt 0.850634 0.601996
vt 0.848115 0.632598
vt 0.840007 0.632596
vt 0.841508 0.584045
vt 0.974853 0.582854
vt 0.858159 0.599550
vt 0.856574 0.632071
vt 0.841402 0.665478
vt 0.832239 0.664927
vt 0.956741 0.605868
vt 0.957940 0.634081
vt 0.848564 0.580680
vt 0.965354 0.582447
vt 0.978557 0.566527
vt 0.830374 0.574922
vt 0.865872 0.597229
vt 0.864914 0.632009
vt 0.851028 0.665785
vt 0.834827 0.702039
vt 0.824875 0.699920
vt 0.965201 0.664250
vt 0.858053 0.575059
vt 0.836649 0.571219
vt 0.969504 0.567379
vt 0.817900 0.563830
vt 0.814467 0.566527
vt 0.873346 0.595764
vt 0.872882 0.631988
vt 0.860538 0.666469
vt 0.845253 0.704744
vt 0.830990 0.731207
vt 0.819306 0.729545
vt 0.972979 0.696145
vt 0.865035 0.570322
vt 0.840989 0.566225
vt 0.821255 0.561954
vt 0.972221 0.551532
vt 0.880661 0.595337
vt 0.880319 0.632143
vt 0.869582 0.667109
vt 0.855652 0.707742
vt 0.842797 0.735039
vt 0.823841 0.758353
vt 0.818774 0.762120
vt 0.978761 0.725659
vt 0.844424 0.560676
vt 0.823581 0.560100
vt 0.877953 0.667682
vt 0.865628 0.710390
vt 0.854217 0.739949
vt 0.836522 0.760090
vt 0.828850 0.779154
vt 0.814433 0.783506
vt 0.981823 0.762625
vt 0.825030 0.557890
vt 0.844670 0.551287
vt 0.863496 0.563195
vt 0.875004 0.712183
vt 0.864907 0.745185
vt 0.858649 0.767434
vt 0.843612 0.781791
vt 0.983341 0.787467
vt 0.825074 0.556209
vt 0.841534 0.531087
vt 0.861380 0.536557
vt 0.875158 0.749243
vt 0.868138 0.774143
vt 0.856665 0.788367
vt 0.825923 0.541213
vt 0.668798 0.291103
vt 0.876439 0.780865
vt 0.669906 0.302389
vt 0.831249 0.042531
vt 0.827861 0.034746
vt 0.835612 0.035825
vt 0.839000 0.043610
vt 0.827863 0.049553
vt 0.835614 0.050632
vt 0.708530 0.798427
vt 0.710980 0.805910
vt 0.701780 0.805911
vt 0.699330 0.798427
vt 0.713076 0.791154
vt 0.703876 0.791155
vt 0.981518 0.038688
vt 0.983975 0.031066
vt 0.993168 0.031065
vt 0.990711 0.038688
vt 0.979413 0.023670
vt 0.988606 0.023669
vt 0.030353 0.027480
vt 0.025723 0.034893
vt 0.016387 0.034892
vt 0.021018 0.027480
vt 0.028217 0.042551
vt 0.018882 0.042551
vt 0.212856 0.025305
vt 0.208225 0.018014
vt 0.217561 0.018014
vt 0.222192 0.025305
vt 0.210362 0.032833
vt 0.219698 0.032832
vt 0.076083 0.042513
vt 0.079590 0.049592
vt 0.071690 0.050721
vt 0.068183 0.043642
vt 0.079592 0.034657
vt 0.071692 0.035786
vt 0.177135 0.540238
vt 0.170620 0.535680
vt 0.169221 0.527539
vt 0.177146 0.529588
vt 0.163549 0.532267
vt 0.160917 0.525750
vt 0.167681 0.517874
vt 0.176895 0.517805
vt 0.181832 0.545603
vt 0.183396 0.531539
vt 0.153589 0.533330
vt 0.148214 0.524932
vt 0.160809 0.516552
vt 0.166046 0.500973
vt 0.177415 0.503127
vt 0.185917 0.520829
vt 0.147856 0.517422
vt 0.154748 0.499805
vt 0.155303 0.435236
vt 0.175270 0.432971
vt 0.186700 0.507473
vt 0.147336 0.525057
vt 0.146848 0.517645
vt 0.138601 0.504231
vt 0.135895 0.438303
vt 0.153482 0.424074
vt 0.174888 0.421624
vt 0.193070 0.434318
vt 0.139601 0.526109
vt 0.137670 0.519734
vt 0.137372 0.504701
vt 0.110092 0.447772
vt 0.132440 0.427411
vt 0.151522 0.412929
vt 0.174416 0.410312
vt 0.193908 0.422873
vt 0.126372 0.508812
vt 0.108128 0.448641
vt 0.105035 0.437356
vt 0.129027 0.416546
vt 0.142647 0.364156
vt 0.171374 0.357130
vt 0.194650 0.411398
vt 0.090528 0.456395
vt 0.102954 0.438264
vt 0.100062 0.426887
vt 0.114380 0.371125
vt 0.140517 0.353129
vt 0.170425 0.345916
vt 0.197097 0.354352
vt 0.084133 0.446384
vt 0.097862 0.427828
vt 0.080545 0.383634
vt 0.111057 0.360422
vt 0.138187 0.342169
vt 0.169121 0.334747
vt 0.197071 0.342818
vt 0.078042 0.436166
vt 0.078007 0.384664
vt 0.076348 0.372905
vt 0.107821 0.349717
vt 0.129108 0.302341
vt 0.162867 0.292504
vt 0.196734 0.331301
vt 0.055173 0.393489
vt 0.073726 0.373888
vt 0.072788 0.361968
vt 0.097001 0.312034
vt 0.127025 0.291283
vt 0.161193 0.281379
vt 0.193632 0.286009
vt 0.050101 0.382584
vt 0.062773 0.324841
vt 0.094643 0.300953
vt 0.126006 0.280013
vt 0.159889 0.270185
vt 0.192406 0.274616
vt 0.060650 0.313342
vt 0.093771 0.289689
vt 0.124021 0.238162
vt 0.155227 0.228385
vt 0.190917 0.263264
vt 0.059795 0.301702
vt 0.093967 0.246988
vt 0.123511 0.226662
vt 0.153912 0.217183
vt 0.183646 0.220091
vt 0.060380 0.257155
vt 0.094181 0.235312
vt 0.123114 0.215268
vt 0.152816 0.206010
vt 0.181323 0.208969
vt 0.061196 0.245130
vt 0.094436 0.223624
vt 0.122147 0.179615
vt 0.149396 0.171396
vt 0.178793 0.197926
vt 0.057584 0.257514
vt 0.058405 0.245623
vt 0.062476 0.233135
vt 0.095915 0.186735
vt 0.121714 0.168250
vt 0.147924 0.160285
vt 0.169518 0.163291
vt 0.182095 0.196796
vt 0.184798 0.207916
vt 0.032149 0.262665
vt 0.033142 0.250390
vt 0.069178 0.189184
vt 0.096471 0.175323
vt 0.120977 0.156889
vt 0.145979 0.149230
vt 0.166237 0.152447
vt 0.172267 0.162169
vt 0.212134 0.186764
vt 0.216187 0.198146
vt 0.059684 0.233785
vt 0.066831 0.189024
vt 0.071182 0.177710
vt 0.096867 0.163873
vt 0.118509 0.119537
vt 0.138861 0.114696
vt 0.162978 0.141557
vt 0.168718 0.151239
vt 0.196446 0.150603
vt 0.034865 0.238192
vt 0.045377 0.188631
vt 0.068916 0.177619
vt 0.072886 0.166167
vt 0.099086 0.123435
vt 0.117858 0.108324
vt 0.136364 0.103738
vt 0.151965 0.108394
vt 0.165259 0.140297
vt 0.191140 0.139863
vt 0.048340 0.176916
vt 0.070694 0.166163
vt 0.080675 0.121859
vt 0.100062 0.112064
vt 0.117179 0.097084
vt 0.133607 0.092784
vt 0.147802 0.097632
vt 0.153746 0.107341
vt 0.186120 0.129009
vt 0.050965 0.165094
vt 0.079041 0.121467
vt 0.083302 0.110610
vt 0.101213 0.100689
vt 0.114131 0.043435
vt 0.119838 0.043340
vt 0.143293 0.087034
vt 0.149296 0.096533
vt 0.169207 0.096981
vt 0.064219 0.118217
vt 0.081812 0.110237
vt 0.086302 0.099445
vt 0.108842 0.043232
vt 0.113603 0.041348
vt 0.121434 0.041657
vt 0.144463 0.085844
vt 0.162838 0.086831
vt 0.068337 0.106924
vt 0.084960 0.099116
vt 0.105807 0.039671
vt 0.113233 0.039295
vt 0.119558 0.039929
vt 0.108977 0.037549
vt 0.118192 0.035194
vt 0.121721 0.041328
vt 0.155925 0.077027
vt 0.072912 0.095782
vt 0.105495 0.039329
vt 0.107865 0.034465
vt 0.112803 0.035588
vt 0.118113 0.034612
vt 0.124149 0.038551
vt 0.102840 0.036321
vt 0.107721 0.033848
vt 0.112601 0.034691
vt 0.117000 0.029530
vt 0.106539 0.028448
vt 0.110730 0.026909
vt 0.285481 0.780376
vt 0.279005 0.784482
vt 0.275229 0.780570
vt 0.641401 0.536355
vt 0.645541 0.566272
vt 0.638778 0.566881
vt 0.634867 0.538710
vt 0.648407 0.566135
vt 0.644197 0.535439
vt 0.643970 0.594477
vt 0.636572 0.598356
vt 0.635675 0.567203
vt 0.631859 0.539914
vt 0.626203 0.516477
vt 0.632829 0.515121
vt 0.646983 0.592575
vt 0.635499 0.514338
vt 0.648274 0.533889
vt 0.652749 0.565792
vt 0.651354 0.633296
vt 0.641500 0.634659
vt 0.633016 0.599692
vt 0.632590 0.567401
vt 0.628775 0.540936
vt 0.622469 0.518576
vt 0.618676 0.505395
vt 0.624527 0.503705
vt 0.655408 0.632731
vt 0.651584 0.589675
vt 0.626821 0.502902
vt 0.639485 0.512910
vt 0.654902 0.531442
vt 0.660073 0.565200
vt 0.653624 0.673533
vt 0.640923 0.669721
vt 0.636777 0.635221
vt 0.629464 0.600905
vt 0.618643 0.520423
vt 0.615294 0.507109
vt 0.612094 0.493920
vt 0.614408 0.492751
vt 0.659023 0.674928
vt 0.661406 0.631948
vt 0.659318 0.584534
vt 0.615331 0.492415
vt 0.630093 0.501348
vt 0.648059 0.508124
vt 0.661239 0.529731
vt 0.667072 0.564559
vt 0.649267 0.708625
vt 0.636505 0.702364
vt 0.635364 0.667739
vt 0.632024 0.635689
vt 0.611836 0.508707
vt 0.609342 0.494848
vt 0.654861 0.710901
vt 0.666971 0.677264
vt 0.671174 0.630705
vt 0.667027 0.579751
vt 0.616641 0.491882
vt 0.633789 0.497256
vt 0.653568 0.504228
vt 0.670327 0.564301
vt 0.664307 0.529349
vt 0.642459 0.754873
vt 0.627363 0.748744
vt 0.631017 0.698943
vt 0.629733 0.665833
vt 0.606589 0.495951
vt 0.649110 0.756503
vt 0.663193 0.714540
vt 0.679860 0.680348
vt 0.680321 0.629617
vt 0.670797 0.577799
vt 0.618452 0.490792
vt 0.636605 0.492446
vt 0.667357 0.528846
vt 0.673545 0.563878
vt 0.581274 0.504969
vt 0.569727 0.071138
vt 0.621146 0.744688
vt 0.625423 0.695666
vt 0.649285 0.787459
vt 0.659134 0.758984
vt 0.677474 0.719558
vt 0.691445 0.681560
vt 0.684553 0.629064
vt 0.674670 0.576032
vt 0.619558 0.489290
vt 0.653436 0.500096
vt 0.636939 0.488108
vt 0.571800 0.499525
vt 0.562959 0.060141
vt 0.576190 0.053625
vt 0.615013 0.740658
vt 0.555043 0.079059
vt 0.557413 0.062918
vt 0.676394 0.760652
vt 0.691420 0.721202
vt 0.696291 0.681318
vt 0.688778 0.628696
vt 0.619530 0.488621
vt 0.636690 0.483752
vt 0.652991 0.496160
vt 0.567395 0.509844
vt 0.560929 0.493017
vt 0.611832 0.732826
vt 0.620443 0.692262
vt 0.542361 0.085282
vt 0.549294 0.067245
vt 0.693256 0.758090
vt 0.697783 0.720920
vt 0.701126 0.681156
vt 0.619354 0.487925
vt 0.632545 0.466474
vt 0.650811 0.470675
vt 0.608548 0.724939
vt 0.615336 0.688938
vt 0.524182 0.090825
vt 0.535917 0.073735
vt 0.699402 0.755078
vt 0.704187 0.720610
vt 0.619483 0.475717
vt 0.706784 0.782314
vt 0.518563 0.082715
vt 0.705549 0.752079
vt 0.502582 0.107326
vt 0.499972 0.102244
vt 0.521626 0.108420
vt 0.497013 0.095050
vt 0.711101 0.745070
vt 0.709697 0.718928
vt 0.506186 0.113272
vt 0.488792 0.114535
vt 0.486090 0.109433
vt 0.718876 0.758799
vt 0.482425 0.102314
vt 0.715096 0.716845
vt 0.716520 0.737550
vt 0.512142 0.124808
vt 0.490484 0.117715
vt 0.456221 0.129200
vt 0.453495 0.124387
vt 0.528248 0.128010
vt 0.449850 0.117436
vt 0.516134 0.132868
vt 0.495234 0.129913
vt 0.457930 0.132204
vt 0.423632 0.144270
vt 0.420504 0.138663
vt 0.416681 0.130958
vt 0.532747 0.133426
vt 0.518740 0.138834
vt 0.500025 0.142068
vt 0.465176 0.147028
vt 0.425591 0.147757
vt 0.384996 0.153835
vt 0.380028 0.149522
vt 0.377671 0.140286
vt 0.541193 0.142670
vt 0.521303 0.145008
vt 0.500597 0.148065
vt 0.472547 0.161762
vt 0.435724 0.165257
vt 0.386712 0.173287
vt 0.398423 0.175248
vt 0.369522 0.157533
vt 0.365725 0.153356
vt 0.362542 0.144819
vt 0.501169 0.154066
vt 0.473317 0.170131
vt 0.445787 0.182534
vt 0.408550 0.184349
vt 0.373457 0.176216
vt 0.392377 0.202438
vt 0.334598 0.981435
vt 0.353484 0.161491
vt 0.351349 0.157167
vt 0.347366 0.149327
vt 0.360116 0.138389
vt 0.375328 0.132431
vt 0.474135 0.178464
vt 0.448085 0.195315
vt 0.420554 0.202002
vt 0.402209 0.202842
vt 0.381552 0.205008
vt 0.359806 0.180361
vt 0.345683 0.951507
vt 0.341564 0.949612
vt 0.338609 0.163339
vt 0.340650 0.170048
vt 0.333082 0.154976
vt 0.344848 0.144356
vt 0.447855 0.203724
vt 0.423792 0.211903
vt 0.409842 0.209815
vt 0.337404 0.947736
vt 0.354770 0.954835
vt 0.370414 0.209700
vt 0.348026 0.187711
vt 0.346168 0.915537
vt 0.342261 0.914214
vt 0.329023 0.178111
vt 0.326071 0.169142
vt 0.329853 0.150168
vt 0.319163 0.160628
vt 0.423481 0.220769
vt 0.414613 0.217507
vt 0.338367 0.912900
vt 0.364457 0.957563
vt 0.354506 0.918638
vt 0.359597 0.215826
vt 0.337733 0.195176
vt 0.350115 0.887788
vt 0.346221 0.887203
vt 0.319288 0.174391
vt 0.323147 0.183328
vt 0.315210 0.156211
vt 0.313249 0.165532
vt 0.342312 0.886661
vt 0.374259 0.959587
vt 0.363422 0.921919
vt 0.358453 0.889263
vt 0.349957 0.223016
vt 0.335086 0.207322
vt 0.325699 0.197885
vt 0.354054 0.860631
vt 0.350540 0.860560
vt 0.308458 0.181611
vt 0.309782 0.189610
vt 0.307888 0.160463
vt 0.305488 0.172858
vt 0.347016 0.860481
vt 0.383748 0.960199
vt 0.372636 0.925111
vt 0.367101 0.891198
vt 0.361618 0.860621
vt 0.387155 0.992234
vt 0.311619 0.203038
vt 0.357870 0.834252
vt 0.354743 0.834480
vt 0.295763 0.194626
vt 0.295974 0.187442
vt 0.299789 0.146405
vt 0.306445 0.142792
vt 0.301045 0.166261
vt 0.296045 0.179485
vt 0.351614 0.834710
vt 0.388109 0.959935
vt 0.381769 0.927776
vt 0.375775 0.893457
vt 0.369496 0.860545
vt 0.364594 0.833673
vt 0.343332 0.230504
vt 0.333419 0.215841
vt 0.325856 0.211876
vt 0.311865 0.215897
vt 0.296578 0.207045
vt 0.358739 0.808290
vt 0.355729 0.809072
vt 0.297681 0.140132
vt 0.303119 0.137223
vt 0.292336 0.149647
vt 0.294827 0.172970
vt 0.352725 0.809780
vt 0.386165 0.928625
vt 0.392451 0.959834
vt 0.384124 0.895675
vt 0.377240 0.860970
vt 0.371604 0.832959
vt 0.365275 0.806773
vt 0.326452 0.234272
vt 0.312152 0.238289
vt 0.296350 0.218826
vt 0.351425 0.788712
vt 0.355059 0.787340
vt 0.678347 0.104079
vt 0.678427 0.097901
vt 0.692161 0.082584
vt 0.321892 0.136859
vt 0.690741 0.112067
vt 0.281892 0.155974
vt 0.347774 0.789893
vt 0.388028 0.896592
vt 0.390551 0.929724
vt 0.400052 0.957079
vt 0.399072 0.981708
vt 0.384597 0.861451
vt 0.378538 0.832904
vt 0.372147 0.805097
vt 0.361135 0.786910
vt 0.329339 0.246435
vt 0.317519 0.249713
vt 0.297155 0.239566
vt 0.346788 0.777424
vt 0.350025 0.776308
vt 0.657697 0.111764
vt 0.657874 0.105074
vt 0.679391 0.087975
vt 0.679234 0.115039
vt 0.324927 0.129053
vt 0.337419 0.131428
vt 0.277613 0.146691
vt 0.343512 0.778448
vt 0.387998 0.861696
vt 0.391927 0.897614
vt 0.385115 0.832986
vt 0.379060 0.803693
vt 0.367432 0.785815
vt 0.355447 0.775483
vt 0.327602 0.263767
vt 0.317403 0.264058
vt 0.303825 0.249633
vt 0.343047 0.765714
vt 0.345678 0.765096
vt 0.628248 0.118899
vt 0.627760 0.111016
vt 0.658038 0.093363
vt 0.660297 0.123842
vt 0.680451 0.078069
vt 0.681661 0.123529
vt 0.340400 0.766436
vt 0.388157 0.833098
vt 0.391392 0.862028
vt 0.385563 0.803071
vt 0.376007 0.783067
vt 0.360799 0.774177
vt 0.347963 0.764167
vt 0.307770 0.260542
vt 0.612982 0.110245
vt 0.614476 0.115657
vt 0.626064 0.097793
vt 0.633120 0.134445
vt 0.657093 0.081777
vt 0.662401 0.133836
vt 0.681494 0.068705
vt 0.332131 0.124035
vt 0.388615 0.803113
vt 0.391187 0.833321
vt 0.382287 0.780474
vt 0.364830 0.771222
vt 0.350180 0.763540
vt 0.296790 0.282594
vt 0.291107 0.275423
vt 0.610543 0.096382
vt 0.617330 0.124652
vt 0.600545 0.108844
vt 0.602499 0.113011
vt 0.622974 0.085511
vt 0.635044 0.147313
vt 0.657425 0.070848
vt 0.682894 0.059342
vt 0.701333 0.053542
vt 0.391664 0.803312
vt 0.368267 0.767565
vt 0.352060 0.762664
vt 0.599880 0.094936
vt 0.607333 0.082712
vt 0.618364 0.131641
vt 0.605589 0.119245
vt 0.590272 0.109322
vt 0.588064 0.105174
vt 0.618939 0.070045
vt 0.657390 0.059948
vt 0.382527 0.777237
vt 0.369502 0.763923
vt 0.353486 0.761440
vt 0.723263 0.850117
vt 0.598935 0.081191
vt 0.605139 0.067028
vt 0.632201 0.157551
vt 0.620521 0.147615
vt 0.606871 0.125017
vt 0.725833 0.828535
vt 0.733434 0.841454
vt 0.732453 0.835743
vt 0.615182 0.054556
vt 0.353705 0.760816
vt 0.370263 0.760148
vt 0.382565 0.774110
vt 0.729100 0.852575
vt 0.590545 0.079747
vt 0.598361 0.065613
vt 0.604093 0.050868
vt 0.629853 0.167355
vt 0.621496 0.162243
vt 0.614104 0.144163
vt 0.594627 0.117997
vt 0.732399 0.827409
vt 0.737893 0.838022
vt 0.739072 0.845847
vt 0.353813 0.760134
vt 0.370912 0.744306
vt 0.385630 0.752063
vt 0.734945 0.854857
vt 0.726281 0.864406
vt 0.591574 0.064201
vt 0.599016 0.049751
vt 0.627707 0.177007
vt 0.621251 0.173783
vt 0.617641 0.160522
vt 0.608070 0.140198
vt 0.734640 0.822159
vt 0.738971 0.826177
vt 0.740088 0.837025
vt 0.740739 0.843045
vt 0.357270 0.749320
vt 0.746394 0.843645
vt 0.741382 0.853395
vt 0.731863 0.864498
vt 0.726462 0.879099
vt 0.593876 0.048533
vt 0.625414 0.186473
vt 0.620653 0.185106
vt 0.617949 0.173076
vt 0.613599 0.159024
vt 0.728131 0.805345
vt 0.741482 0.808867
vt 0.742541 0.819920
vt 0.740852 0.828063
vt 0.746257 0.841287
vt 0.747192 0.835885
vt 0.753805 0.841600
vt 0.747894 0.852319
vt 0.737861 0.864092
vt 0.731498 0.878397
vt 0.729246 0.893300
vt 0.624142 0.197364
vt 0.619749 0.196603
vt 0.617617 0.185434
vt 0.614659 0.172407
vt 0.735215 0.790774
vt 0.746263 0.795696
vt 0.753376 0.809919
vt 0.743849 0.822765
vt 0.747664 0.828451
vt 0.751963 0.839592
vt 0.753875 0.835288
vt 0.763049 0.845143
vt 0.758745 0.851349
vt 0.743752 0.863807
vt 0.737055 0.876160
vt 0.733972 0.892137
vt 0.622684 0.208417
vt 0.618713 0.208184
vt 0.617113 0.197155
vt 0.614567 0.185748
vt 0.740843 0.780461
vt 0.750080 0.786624
vt 0.756540 0.798764
vt 0.759012 0.810487
vt 0.748591 0.819832
vt 0.748622 0.822575
vt 0.753721 0.827962
vt 0.756136 0.836229
vt 0.763700 0.840913
vt 0.770642 0.849023
vt 0.774741 0.029974
vt 0.754192 0.860002
vt 0.742577 0.874240
vt 0.738985 0.888079
vt 0.622418 0.218974
vt 0.618636 0.218352
vt 0.616536 0.209047
vt 0.614492 0.197764
vt 0.746757 0.770370
vt 0.754182 0.777431
vt 0.758966 0.790945
vt 0.761807 0.799866
vt 0.764506 0.811257
vt 0.754714 0.819884
vt 0.753245 0.822464
vt 0.755825 0.826677
vt 0.763975 0.829978
vt 0.770953 0.846055
vt 0.776554 0.059404
vt 0.773980 0.059409
vt 0.766465 0.028825
vt 0.751114 0.869868
vt 0.743736 0.884448
vt 0.622676 0.229294
vt 0.619169 0.228320
vt 0.616511 0.218955
vt 0.614367 0.209927
vt 0.750275 0.762426
vt 0.756529 0.769223
vt 0.761595 0.783156
vt 0.764109 0.791740
vt 0.766972 0.801263
vt 0.770320 0.811882
vt 0.764693 0.820566
vt 0.773923 0.833550
vt 0.773878 0.064933
vt 0.776319 0.065192
vt 0.768580 0.059080
vt 0.754815 0.028685
vt 0.751650 0.879456
vt 0.624906 0.240641
vt 0.623450 0.242210
vt 0.617187 0.228446
vt 0.614372 0.219579
vt 0.753721 0.754645
vt 0.759100 0.761038
vt 0.762888 0.774777
vt 0.766592 0.783632
vt 0.769153 0.792838
vt 0.772493 0.802405
vt 0.777754 0.812460
vt 0.775660 0.821354
vt 0.768281 0.064460
vt 0.774116 0.070463
vt 0.776429 0.071018
vt 0.760420 0.058596
vt 0.745480 0.028753
vt 0.622722 0.242913
vt 0.615206 0.228658
vt 0.760441 0.739295
vt 0.764312 0.744815
vt 0.764500 0.766384
vt 0.767478 0.775266
vt 0.771481 0.784390
vt 0.774488 0.793630
vt 0.779541 0.803311
vt 0.761415 0.063994
vt 0.767882 0.069842
vt 0.778011 0.116973
vt 0.776721 0.117963
vt 0.754233 0.058582
vt 0.623458 0.242589
vt 0.622682 0.243250
vt 0.621998 0.243543
vt 0.763753 0.727021
vt 0.766931 0.731383
vt 0.768080 0.749563
vt 0.768636 0.766873
vt 0.771996 0.775985
vt 0.776539 0.784844
vt 0.781151 0.794065
vt 0.755758 0.063711
vt 0.762698 0.069334
vt 0.775432 0.118953
vt 0.623194 0.245650
vt 0.622268 0.245903
vt 0.621921 0.243746
vt 0.766928 0.714951
vt 0.769565 0.718106
vt 0.770011 0.735163
vt 0.771340 0.749967
vt 0.772738 0.767556
vt 0.776724 0.776415
vt 0.782620 0.784819
vt 0.757449 0.068785
vt 0.774696 0.118865
vt 0.621473 0.245893
vt 0.769554 0.704634
vt 0.771456 0.706440
vt 0.772094 0.720838
vt 0.772406 0.735483
vt 0.774566 0.750497
vt 0.777069 0.767956
vt 0.782515 0.776437
vt 0.773958 0.118778
vt 0.771488 0.696847
vt 0.083721 0.036675
vt 0.773364 0.707949
vt 0.773650 0.721006
vt 0.774778 0.735895
vt 0.777961 0.750790
vt 0.782367 0.767923
vt 0.084669 0.035867
vt 0.084600 0.036331
vt 0.774383 0.698120
vt 0.774452 0.708127
vt 0.775183 0.721249
vt 0.777297 0.736113
vt 0.782127 0.750686
vt 0.085544 0.035907
vt 0.085455 0.036307
vt 0.084598 0.036879
vt 0.083685 0.037268
vt 0.775525 0.708365
vt 0.776828 0.721334
vt 0.780477 0.735983
vt 0.085936 0.035932
vt 0.085863 0.036282
vt 0.085386 0.036754
vt 0.084603 0.037143
vt 0.083695 0.037456
vt 0.776667 0.708482
vt 0.778995 0.721139
vt 0.086417 0.036082
vt 0.086484 0.036306
vt 0.085808 0.036673
vt 0.085387 0.036988
vt 0.084617 0.037395
vt 0.776635 0.698577
vt 0.778133 0.708394
vt 0.086535 0.036541
vt 0.085809 0.036901
vt 0.085398 0.037219
vt 0.084639 0.037637
vt 0.083721 0.037821
vt 0.086531 0.036696
vt 0.085805 0.037126
vt 0.085429 0.037447
vt 0.084685 0.037846
vt 0.086509 0.036856
vt 0.085810 0.037342
vt 0.085462 0.037658
vt 0.086475 0.037014
vt 0.085861 0.037531
vt 0.086429 0.037164
vt 0.710429 0.528093
vt 0.615000 0.568925
vt 0.710425 0.553340
vt 0.704094 0.528029
vt 0.617452 0.544614
vt 0.621027 0.568562
vt 0.608453 0.600041
vt 0.726427 0.574185
vt 0.707935 0.554310
vt 0.701429 0.527837
vt 0.710089 0.511124
vt 0.716792 0.512535
vt 0.615629 0.601639
vt 0.605025 0.525514
vt 0.605420 0.636917
vt 0.738096 0.613696
vt 0.722850 0.574255
vt 0.704081 0.555595
vt 0.697506 0.527286
vt 0.707375 0.510444
vt 0.725201 0.503818
vt 0.718927 0.501986
vt 0.614154 0.636569
vt 0.598953 0.512637
vt 0.601570 0.657690
vt 0.752875 0.639058
vt 0.734593 0.615106
vt 0.717388 0.574173
vt 0.697723 0.557833
vt 0.690958 0.526665
vt 0.703277 0.509187
vt 0.716423 0.501209
vt 0.727751 0.490607
vt 0.588100 0.498748
vt 0.611799 0.659115
vt 0.594113 0.498830
vt 0.592809 0.678822
vt 0.760863 0.664022
vt 0.748842 0.642473
vt 0.729328 0.617082
vt 0.708095 0.573489
vt 0.691461 0.559896
vt 0.684761 0.526710
vt 0.694172 0.504941
vt 0.712724 0.499830
vt 0.726372 0.490380
vt 0.604742 0.683030
vt 0.594154 0.698777
vt 0.771908 0.671236
vt 0.756342 0.668177
vt 0.742751 0.647497
vt 0.720574 0.620153
vt 0.699000 0.572791
vt 0.685441 0.561622
vt 0.678819 0.527408
vt 0.688753 0.501691
vt 0.708176 0.495934
vt 0.724436 0.490145
vt 0.805149 0.681179
vt 0.781980 0.684373
vt 0.765747 0.675849
vt 0.749724 0.674431
vt 0.733043 0.656657
vt 0.712168 0.622944
vt 0.690402 0.572698
vt 0.679298 0.505261
vt 0.704719 0.491177
vt 0.722013 0.489726
vt 0.776912 0.684671
vt 0.757292 0.683509
vt 0.740695 0.687189
vt 0.724404 0.665459
vt 0.704243 0.625359
vt 0.688914 0.493030
vt 0.705003 0.482627
vt 0.720916 0.488230
vt 0.769873 0.686336
vt 0.745501 0.700099
vt 0.732522 0.699347
vt 0.716664 0.672763
vt 0.692531 0.467599
vt 0.710923 0.465225
vt 0.721345 0.487053
vt 0.756459 0.695830
vt 0.734715 0.716290
vt 0.724291 0.709608
vt 0.722688 0.475235
vt 0.734212 0.723458
vt 0.160343 0.038694
vt 0.152592 0.039773
vt 0.155980 0.031988
vt 0.163732 0.030909
vt 0.163729 0.045716
vt 0.155978 0.046795
vt 0.646326 0.800345
vt 0.655526 0.800345
vt 0.653077 0.807829
vt 0.643877 0.807829
vt 0.641779 0.793074
vt 0.650979 0.793073
vt 0.954615 0.036769
vt 0.945422 0.036770
vt 0.942964 0.029148
vt 0.952157 0.029147
vt 0.947525 0.021751
vt 0.956718 0.021751
vt 0.578472 0.026848
vt 0.587808 0.026848
vt 0.592439 0.034261
vt 0.583103 0.034261
vt 0.589944 0.041919
vt 0.580608 0.041919
vt 0.672217 0.025305
vt 0.662881 0.025305
vt 0.667512 0.018014
vt 0.676847 0.018014
vt 0.674711 0.032832
vt 0.665376 0.032833
vt 0.019895 0.055942
vt 0.027794 0.057072
vt 0.024286 0.064150
vt 0.016387 0.063020
vt 0.016388 0.048085
vt 0.024287 0.049216
vt 0.432670 0.812020
vt 0.333939 0.833755
vt 0.428463 0.834420
vt 0.426977 0.810194
vt 0.341569 0.811452
vt 0.339942 0.834553
vt 0.326894 0.858313
vt 0.433626 0.860494
vt 0.421661 0.833820
vt 0.420995 0.807951
vt 0.434982 0.796678
vt 0.440407 0.799386
vt 0.333779 0.859376
vt 0.335053 0.792446
vt 0.319489 0.886058
vt 0.438972 0.889426
vt 0.425848 0.860659
vt 0.414949 0.833661
vt 0.414850 0.805841
vt 0.429355 0.793593
vt 0.449441 0.792877
vt 0.444367 0.790092
vt 0.327449 0.885636
vt 0.331605 0.780382
vt 0.314138 0.911010
vt 0.442395 0.912515
vt 0.430573 0.891622
vt 0.418174 0.861168
vt 0.408536 0.833556
vt 0.408885 0.804475
vt 0.421902 0.788419
vt 0.439252 0.787090
vt 0.453992 0.781176
vt 0.323591 0.767022
vt 0.322918 0.910003
vt 0.328884 0.767749
vt 0.311818 0.938550
vt 0.448619 0.934020
vt 0.432933 0.915730
vt 0.422209 0.894081
vt 0.410879 0.861673
vt 0.402546 0.833619
vt 0.402995 0.804019
vt 0.416560 0.783985
vt 0.435809 0.782954
vt 0.451183 0.780190
vt 0.321158 0.940428
vt 0.313072 0.954806
vt 0.445143 0.950863
vt 0.438463 0.935658
vt 0.423804 0.919793
vt 0.414185 0.896274
vt 0.404128 0.862141
vt 0.433331 0.778270
vt 0.449159 0.779224
vt 0.320854 0.960750
vt 0.433288 0.953221
vt 0.420822 0.941887
vt 0.415290 0.924119
vt 0.406638 0.897797
vt 0.418417 0.778079
vt 0.434320 0.770816
vt 0.448116 0.777725
vt 0.422888 0.958636
vt 0.413319 0.947341
vt 0.407092 0.927494
vt 0.424615 0.756320
vt 0.441076 0.755916
vt 0.448537 0.776646
vt 0.334796 0.263525
vt 0.450717 0.766040
vt 0.335439 0.251267
vt 0.406771 0.952794
vt 0.933449 0.036776
vt 0.925698 0.037855
vt 0.929086 0.030070
vt 0.936837 0.028991
vt 0.936836 0.043798
vt 0.929085 0.044877
vt 0.496691 0.025317
vt 0.505891 0.025319
vt 0.503440 0.032803
vt 0.494240 0.032801
vt 0.492146 0.018044
vt 0.501345 0.018046
vt 0.484615 0.040605
vt 0.475422 0.040608
vt 0.472962 0.032987
vt 0.482155 0.032984
vt 0.477521 0.025589
vt 0.486715 0.025586
vt 0.302226 0.025561
vt 0.311562 0.025561
vt 0.316193 0.032974
vt 0.306857 0.032974
vt 0.313698 0.040633
vt 0.304362 0.040633
vt 0.301970 0.784986
vt 0.292634 0.784986
vt 0.297265 0.777695
vt 0.306601 0.777695
vt 0.304465 0.792513
vt 0.295129 0.792513
vt 0.817940 0.055942
vt 0.825840 0.057072
vt 0.822332 0.064150
vt 0.814433 0.063020
vt 0.814434 0.048085
vt 0.822333 0.049215
vt 0.331931 0.377521
vt 0.331940 0.385847
vt 0.325744 0.387449
vt 0.326838 0.381085
vt 0.335602 0.373328
vt 0.336826 0.384322
vt 0.331743 0.395058
vt 0.324541 0.395004
vt 0.319254 0.388849
vt 0.321310 0.383753
vt 0.338794 0.392694
vt 0.332152 0.406531
vt 0.323265 0.408216
vt 0.319170 0.396038
vt 0.309324 0.389489
vt 0.313524 0.382924
vt 0.339410 0.403133
vt 0.330481 0.461370
vt 0.314872 0.459602
vt 0.314433 0.409130
vt 0.309045 0.395360
vt 0.344396 0.460319
vt 0.330183 0.470240
vt 0.313450 0.468325
vt 0.299700 0.457206
vt 0.301811 0.405671
vt 0.308258 0.395186
vt 0.308638 0.389391
vt 0.345051 0.469261
vt 0.329815 0.479082
vt 0.311920 0.477030
vt 0.297000 0.465721
vt 0.279529 0.449807
vt 0.300850 0.405304
vt 0.301086 0.393555
vt 0.302547 0.388541
vt 0.345632 0.478227
vt 0.327445 0.520653
vt 0.304986 0.515172
vt 0.294334 0.474214
vt 0.275577 0.457950
vt 0.277993 0.449128
vt 0.292213 0.402063
vt 0.347554 0.522821
vt 0.303321 0.523790
vt 0.326705 0.529420
vt 0.282890 0.509720
vt 0.271691 0.466135
vt 0.273950 0.457240
vt 0.264170 0.443029
vt 0.347535 0.531837
vt 0.280294 0.518085
vt 0.301507 0.532350
vt 0.325688 0.538150
vt 0.256438 0.499949
vt 0.269971 0.465399
vt 0.259175 0.450860
vt 0.347273 0.540840
vt 0.253159 0.508337
vt 0.277764 0.526461
vt 0.320806 0.571171
vt 0.294414 0.563486
vt 0.254453 0.499144
vt 0.254429 0.458858
vt 0.344857 0.576244
vt 0.251110 0.507568
vt 0.250377 0.516887
vt 0.269314 0.555916
vt 0.292788 0.572131
vt 0.319499 0.579867
vt 0.236493 0.492200
vt 0.343900 0.585150
vt 0.232621 0.500767
vt 0.242554 0.545912
vt 0.267472 0.564579
vt 0.291994 0.580940
vt 0.318483 0.588618
vt 0.342738 0.594023
vt 0.240897 0.554901
vt 0.266794 0.573383
vt 0.314846 0.621293
vt 0.290450 0.613661
vt 0.337064 0.627768
vt 0.240231 0.564000
vt 0.266956 0.606762
vt 0.290055 0.622645
vt 0.313821 0.630050
vt 0.335249 0.636466
vt 0.240699 0.598822
vt 0.267125 0.615890
vt 0.289746 0.631545
vt 0.312966 0.638784
vt 0.333273 0.645104
vt 0.241339 0.608222
vt 0.267327 0.625025
vt 0.310300 0.665841
vt 0.288998 0.659421
vt 0.337966 0.637289
vt 0.335856 0.645982
vt 0.326030 0.672174
vt 0.239157 0.607838
vt 0.238513 0.598542
vt 0.242342 0.617599
vt 0.268491 0.653860
vt 0.288662 0.668304
vt 0.309151 0.674527
vt 0.362460 0.644910
vt 0.359348 0.653823
vt 0.328179 0.673051
vt 0.323468 0.680651
vt 0.219508 0.604113
vt 0.218646 0.594523
vt 0.247590 0.651954
vt 0.268928 0.662781
vt 0.288089 0.677185
vt 0.307634 0.683168
vt 0.346956 0.682035
vt 0.325407 0.681596
vt 0.320923 0.689165
vt 0.249160 0.660922
vt 0.245755 0.652079
vt 0.240159 0.617092
vt 0.269241 0.671730
vt 0.302077 0.710163
vt 0.286168 0.706382
vt 0.342891 0.690463
vt 0.322707 0.690149
vt 0.312321 0.715090
vt 0.247388 0.660993
vt 0.250495 0.669943
vt 0.229018 0.652386
vt 0.220797 0.613649
vt 0.270984 0.703338
vt 0.300126 0.718729
vt 0.285661 0.715146
vt 0.338964 0.698944
vt 0.313713 0.715913
vt 0.309068 0.723502
vt 0.231347 0.661540
vt 0.248782 0.669947
vt 0.256593 0.704575
vt 0.271750 0.712225
vt 0.297972 0.727292
vt 0.285132 0.723932
vt 0.325829 0.724035
vt 0.310236 0.724362
vt 0.305543 0.731787
vt 0.233476 0.670754
vt 0.255316 0.704882
vt 0.258650 0.713366
vt 0.272652 0.721116
vt 0.287207 0.765942
vt 0.282752 0.765870
vt 0.320826 0.731953
vt 0.306457 0.732717
vt 0.288452 0.767256
vt 0.243743 0.707422
vt 0.257484 0.713658
vt 0.260998 0.722093
vt 0.278624 0.766027
vt 0.282339 0.767503
vt 0.315427 0.739622
vt 0.288676 0.767512
vt 0.285928 0.772323
vt 0.286990 0.768611
vt 0.246942 0.716259
vt 0.259950 0.722349
vt 0.276256 0.768808
vt 0.278721 0.770475
vt 0.282048 0.769110
vt 0.290672 0.769813
vt 0.285868 0.772779
vt 0.281707 0.772006
vt 0.250520 0.724966
vt 0.276012 0.769075
vt 0.277840 0.772892
vt 0.285025 0.776861
vt 0.281547 0.772706
vt 0.273852 0.771505
vt 0.277724 0.773376
vt 0.280072 0.778900
vt 0.276742 0.777721
vt 0.737540 0.082484
vt 0.733943 0.078107
vt 0.735108 0.076348
vt 0.738812 0.080521
vt 0.736594 0.084841
vt 0.732619 0.080206
vt 0.730148 0.073898
vt 0.730778 0.072809
vt 0.737915 0.071592
vt 0.741154 0.076466
vt 0.770284 0.121179
vt 0.768699 0.121548
vt 0.767116 0.121917
vt 0.728440 0.075759
vt 0.710372 0.051410
vt 0.711831 0.048321
vt 0.734534 0.066844
vt 0.740554 0.067157
vt 0.743289 0.072110
vt 0.770688 0.120559
vt 0.708922 0.054493
vt 0.716421 0.041351
vt 0.737724 0.062246
vt 0.771093 0.119938
vt 0.721118 0.034412
vt 0.360391 0.063721
vt 0.362129 0.063924
vt 0.361933 0.084662
vt 0.359778 0.083702
vt 0.360571 0.059499
vt 0.362215 0.060000
vt 0.362952 0.064210
vt 0.364095 0.085622
vt 0.360559 0.055269
vt 0.362121 0.056077
vt 0.363621 0.060387
vt 0.367620 0.065638
vt 0.369655 0.087201
vt 0.360789 0.021497
vt 0.359791 0.022020
vt 0.363674 0.056498
vt 0.367245 0.061619
vt 0.375257 0.088714
vt 0.371373 0.066606
vt 0.361787 0.020973
vt 0.366739 0.057599
vt 0.370635 0.062751
vt 0.362279 0.021116
vt 0.369828 0.058916
vt 0.362772 0.021258
vt 0.993147 0.164545
vt 0.989898 0.195573
vt 0.985179 0.193363
vt 0.986361 0.165108
vt 0.989241 0.201789
vt 0.985010 0.199551
vt 0.983429 0.193620
vt 0.983924 0.165025
vt 0.988869 0.208024
vt 0.985123 0.205773
vt 0.983406 0.199479
vt 0.961914 0.164544
vt 0.967739 0.192626
vt 0.987401 0.258190
vt 0.987032 0.252297
vt 0.983643 0.205338
vt 0.969099 0.198919
vt 0.970601 0.205228
vt 0.930245 0.280695
vt 0.934236 0.278298
vt 0.932191 0.327859
vt 0.931796 0.334136
vt 0.929851 0.274053
vt 0.934358 0.271670
vt 0.929152 0.267430
vt 0.934180 0.265078
vt 0.936067 0.271594
vt 0.935813 0.277835
vt 0.925698 0.234377
vt 0.932928 0.234978
vt 0.936044 0.265352
vt 0.951308 0.271001
vt 0.949706 0.277721
vt 0.935524 0.234891
vt 0.952758 0.264297
vt 0.958971 0.234384
vt 0.988061 0.068053
vt 0.989045 0.075532
vt 0.987413 0.076371
vt 0.987086 0.068430
vt 0.989752 0.080963
vt 0.987880 0.081921
vt 0.990019 0.059831
vt 0.990451 0.086382
vt 0.988322 0.087458
vt 0.990262 0.090474
vt 0.988427 0.091962
vt 0.990077 0.094561
vt 0.988498 0.096444
vt 0.989437 0.102836
vt 0.987937 0.102739
vt 0.988189 0.106119
vt 0.987092 0.105871
vt 0.988324 0.130290
vt 0.988425 0.125783
vt 0.990260 0.127271
vt 0.990450 0.131363
vt 0.988522 0.121332
vt 0.990075 0.123184
vt 0.987878 0.135826
vt 0.989751 0.136783
vt 0.987937 0.115004
vt 0.989433 0.114907
vt 0.987410 0.141376
vt 0.989044 0.142216
vt 0.987087 0.111872
vt 0.988185 0.111624
vt 0.987086 0.149319
vt 0.988061 0.149695
vt 0.990020 0.157919
vt 0.184428 0.076634
vt 0.186406 0.084287
vt 0.183460 0.076245
vt 0.183286 0.067813
vt 0.184906 0.068675
vt 0.183617 0.062151
vt 0.185469 0.063142
vt 0.183917 0.056503
vt 0.186016 0.057620
vt 0.184435 0.051476
vt 0.186228 0.053009
vt 0.184923 0.046462
vt 0.186412 0.048361
vt 0.184577 0.042593
vt 0.186074 0.042555
vt 0.184242 0.039662
vt 0.185347 0.039458
vt 0.414297 0.056530
vt 0.414501 0.061143
vt 0.412706 0.062674
vt 0.412193 0.057647
vt 0.414706 0.065758
vt 0.413189 0.067688
vt 0.413752 0.051011
vt 0.411898 0.052000
vt 0.414339 0.071596
vt 0.412839 0.071556
vt 0.413192 0.045479
vt 0.411574 0.046339
vt 0.413606 0.074692
vt 0.412501 0.074486
vt 0.412724 0.037520
vt 0.411755 0.037908
vt 0.414709 0.029870
vt 0.393874 0.545487
vt 0.399301 0.497948
vt 0.406213 0.502405
vt 0.406200 0.540049
vt 0.395100 0.583669
vt 0.408317 0.579830
vt 0.397255 0.611049
vt 0.410511 0.607211
vt 0.399205 0.638721
vt 0.412381 0.634652
vt 0.400025 0.661366
vt 0.413166 0.656970
vt 0.401194 0.684099
vt 0.413998 0.678970
vt 0.403889 0.716810
vt 0.415781 0.709985
vt 0.406772 0.734072
vt 0.417779 0.725103
vt 0.060941 0.890521
vt 0.056818 0.903239
vt 0.049571 0.895461
vt 0.052618 0.884152
vt 0.066336 0.866058
vt 0.057121 0.860867
vt 0.069515 0.848762
vt 0.059976 0.844102
vt 0.072405 0.831565
vt 0.062787 0.827177
vt 0.076567 0.810574
vt 0.066858 0.806366
vt 0.080789 0.789743
vt 0.071082 0.785534
vt 0.085160 0.760396
vt 0.076084 0.755488
vt 0.083669 0.721441
vt 0.078328 0.725196
vt 0.894300 0.894428
vt 0.894591 0.896714
vt 0.890547 0.899083
vt 0.890172 0.895545
vt 0.899010 0.891969
vt 0.895059 0.898897
vt 0.891168 0.902522
vt 0.886527 0.900686
vt 0.894185 0.892093
vt 0.890033 0.891967
vt 0.895707 0.900916
vt 0.892052 0.905801
vt 0.887176 0.905042
vt 0.894247 0.889760
vt 0.890129 0.888399
vt 0.896538 0.902702
vt 0.893229 0.908839
vt 0.888114 0.909273
vt 0.883093 0.906915
vt 0.894489 0.887479
vt 0.890469 0.884893
vt 0.897547 0.904173
vt 0.894731 0.911536
vt 0.889385 0.913313
vt 0.883984 0.911891
vt 0.886480 0.882974
vt 0.894917 0.885306
vt 0.891068 0.881505
vt 0.898720 0.905233
vt 0.896596 0.913760
vt 0.891054 0.917077
vt 0.885204 0.916738
vt 0.879719 0.913888
vt 0.887135 0.878695
vt 0.895538 0.883298
vt 0.891950 0.878300
vt 0.900020 0.905773
vt 0.898855 0.915331
vt 0.893207 0.920448
vt 0.886830 0.921400
vt 0.880795 0.919379
vt 0.875352 0.915386
vt 0.883108 0.876486
vt 0.888113 0.874576
vt 0.896353 0.881523
vt 0.893145 0.875357
vt 0.901374 0.905677
vt 0.901510 0.916003
vt 0.895962 0.923253
vt 0.888978 0.925798
vt 0.882240 0.924774
vt 0.876225 0.921378
vt 0.870911 0.916456
vt 0.884084 0.871638
vt 0.889467 0.870688
vt 0.897361 0.880060
vt 0.894687 0.872776
vt 0.902656 0.904835
vt 0.904447 0.869425
vt 0.877399 0.927350
vt 0.871543 0.922819
vt 0.879906 0.869285
vt 0.885457 0.866971
vt 0.891264 0.867128
vt 0.898542 0.878997
vt 0.896604 0.870691
vt 0.901235 0.878469
vt 0.901562 0.868756
vt 0.872385 0.929221
vt 0.875612 0.867411
vt 0.881202 0.863977
vt 0.887317 0.862560
vt 0.893585 0.864026
vt 0.899859 0.878433
vt 0.898906 0.869274
vt 0.871226 0.865955
vt 0.876762 0.861586
vt 0.882986 0.858843
vt 0.889784 0.858511
vt 0.896521 0.861575
vt 0.872181 0.859728
vt 0.878366 0.855856
vt 0.873528 0.853526
vt 0.831993 0.904746
vt 0.835194 0.911947
vt 0.831016 0.909593
vt 0.827966 0.902536
vt 0.828621 0.898257
vt 0.839489 0.913821
vt 0.833898 0.917254
vt 0.829643 0.914259
vt 0.826987 0.906655
vt 0.824033 0.899725
vt 0.824632 0.896338
vt 0.843875 0.915277
vt 0.838338 0.919645
vt 0.832114 0.922387
vt 0.827783 0.918670
vt 0.825633 0.910542
vt 0.823151 0.902930
vt 0.820184 0.895924
vt 0.820612 0.893751
vt 0.824972 0.892832
vt 0.842919 0.921503
vt 0.836733 0.925375
vt 0.825315 0.922718
vt 0.823836 0.914102
vt 0.821955 0.905873
vt 0.819563 0.897932
vt 0.816091 0.889260
vt 0.820854 0.891470
vt 0.825068 0.889264
vt 0.841571 0.927705
vt 0.821514 0.917203
vt 0.820413 0.908453
vt 0.818748 0.899706
vt 0.820916 0.889137
vt 0.824929 0.885685
vt 0.818578 0.919653
vt 0.818496 0.910538
vt 0.817740 0.901169
vt 0.820801 0.886802
vt 0.828575 0.880545
vt 0.824555 0.882149
vt 0.816193 0.911954
vt 0.816558 0.902231
vt 0.820511 0.884516
vt 0.827926 0.876189
vt 0.823934 0.878708
vt 0.813537 0.912471
vt 0.815242 0.902795
vt 0.820043 0.882333
vt 0.832009 0.874317
vt 0.826988 0.871959
vt 0.823049 0.875430
vt 0.810606 0.865782
vt 0.813866 0.902759
vt 0.819394 0.880314
vt 0.831117 0.869341
vt 0.825716 0.867918
vt 0.821873 0.872392
vt 0.813591 0.865227
vt 0.812445 0.876394
vt 0.818564 0.878528
vt 0.835383 0.867344
vt 0.829897 0.864494
vt 0.824048 0.864154
vt 0.820371 0.869694
vt 0.819140 0.857978
vt 0.816247 0.865900
vt 0.813728 0.875553
vt 0.817555 0.877057
vt 0.839750 0.865846
vt 0.834306 0.861853
vt 0.828271 0.859832
vt 0.821894 0.860783
vt 0.818506 0.867471
vt 0.815082 0.875457
vt 0.816382 0.875997
vt 0.844190 0.864776
vt 0.838876 0.859854
vt 0.832861 0.856458
vt 0.826123 0.855433
vt 0.843558 0.858413
vt 0.837702 0.853882
vt 0.842716 0.852011
vt 0.258218 0.063024
vt 0.258368 0.068441
vt 0.258443 0.073855
vt 0.258465 0.079268
vt 0.258447 0.084685
vt 0.258402 0.090108
vt 0.258340 0.095544
vt 0.258269 0.101002
vt 0.258196 0.106502
vt 0.262363 0.112106
vt 0.262732 0.117852
vt 0.263270 0.123876
vt 0.264046 0.130432
vt 0.265173 0.138028
vt 0.259571 0.027844
vt 0.260349 0.034400
vt 0.260888 0.040424
vt 0.261258 0.046170
vt 0.261504 0.051770
vt 0.261660 0.057293
vt 0.261750 0.062776
vt 0.261794 0.068238
vt 0.261810 0.073690
vt 0.261812 0.079137
vt 0.261814 0.084585
vt 0.261830 0.090037
vt 0.261874 0.095499
vt 0.261963 0.100982
vt 0.262118 0.106505
vt 0.266582 0.111661
vt 0.267377 0.117297
vt 0.268511 0.123163
vt 0.270144 0.129473
vt 0.272563 0.136654
vt 0.265775 0.027910
vt 0.265651 0.034459
vt 0.265569 0.040468
vt 0.265498 0.046195
vt 0.265427 0.051773
vt 0.265354 0.057273
vt 0.265283 0.062731
vt 0.265222 0.068167
vt 0.265177 0.073590
vt 0.265159 0.079007
vt 0.265181 0.084420
vt 0.265256 0.089834
vt 0.265405 0.095252
vt 0.265651 0.100682
vt 0.266029 0.106142
vt 0.270746 0.110745
vt 0.271934 0.116146
vt 0.273608 0.121687
vt 0.275999 0.127516
vt 0.279522 0.133912
vt 0.271943 0.029029
vt 0.270930 0.035308
vt 0.270233 0.041123
vt 0.269724 0.046698
vt 0.269337 0.052149
vt 0.269038 0.057536
vt 0.268809 0.062891
vt 0.268643 0.068228
vt 0.268538 0.073555
vt 0.268500 0.078875
vt 0.268540 0.084188
vt 0.268673 0.089496
vt 0.268922 0.094799
vt 0.269318 0.100100
vt 0.269905 0.105409
vt 0.274818 0.109349
vt 0.276346 0.114392
vt 0.278473 0.119454
vt 0.281473 0.124590
vt 0.285816 0.129898
vt 0.277919 0.031223
vt 0.276093 0.036971
vt 0.274822 0.042410
vt 0.273899 0.047697
vt 0.273213 0.052911
vt 0.272697 0.058094
vt 0.272316 0.063263
vt 0.272049 0.068427
vt 0.271887 0.073587
vt 0.271830 0.078741
vt 0.271886 0.083885
vt 0.272073 0.089017
vt 0.272413 0.094132
vt 0.272945 0.099226
vt 0.273722 0.104297
vt 0.278759 0.107452
vt 0.280554 0.112021
vt 0.283016 0.116463
vt 0.286423 0.120732
vt 0.291222 0.124736
vt 0.283533 0.034512
vt 0.281037 0.039479
vt 0.279271 0.044363
vt 0.277983 0.049222
vt 0.277026 0.054086
vt 0.276314 0.058966
vt 0.275793 0.063863
vt 0.275433 0.068773
vt 0.275218 0.073689
vt 0.275143 0.078604
vt 0.275214 0.083506
vt 0.275447 0.088388
vt 0.275868 0.093237
vt 0.276518 0.098041
vt 0.277454 0.102785
vt 0.282522 0.105020
vt 0.284487 0.109004
vt 0.287131 0.112705
vt 0.290694 0.115984
vt 0.295525 0.118585
vt 0.288581 0.038906
vt 0.285635 0.042875
vt 0.283502 0.047030
vt 0.281926 0.051321
vt 0.280748 0.055715
vt 0.279870 0.060187
vt 0.279231 0.064716
vt 0.278791 0.069284
vt 0.278529 0.073872
vt 0.278438 0.078463
vt 0.278520 0.083042
vt 0.278791 0.087591
vt 0.279276 0.092090
vt 0.280016 0.096515
vt 0.281071 0.100838
vt 0.286050 0.101993
vt 0.288059 0.105291
vt 0.290693 0.108162
vt 0.294117 0.110397
vt 0.298523 0.111646
vt 0.292820 0.044399
vt 0.289729 0.047213
vt 0.287413 0.050487
vt 0.285663 0.054069
vt 0.284339 0.057866
vt 0.283345 0.061814
vt 0.282618 0.065867
vt 0.282118 0.069988
vt 0.281820 0.074148
vt 0.281715 0.078320
vt 0.281804 0.082479
vt 0.282099 0.086599
vt 0.282625 0.090651
vt 0.283419 0.094599
vt 0.284537 0.098400
vt 0.289266 0.098274
vt 0.291156 0.100800
vt 0.293547 0.102797
vt 0.296504 0.104034
vt 0.300047 0.104164
vt 0.295949 0.050952
vt 0.293101 0.052561
vt 0.290857 0.054846
vt 0.289103 0.057591
vt 0.287743 0.060657
vt 0.286707 0.063947
vt 0.285943 0.067393
vt 0.285414 0.070940
vt 0.285097 0.074548
vt 0.284984 0.078177
vt 0.285072 0.081795
vt 0.285373 0.085366
vt 0.441065 0.045146
vt 0.441054 0.043554
vt 0.444122 0.043524
vt 0.444132 0.045105
vt 0.441043 0.041963
vt 0.444111 0.041942
vt 0.447189 0.043493
vt 0.447200 0.045064
vt 0.444143 0.046708
vt 0.441072 0.046243
vt 0.441567 0.041002
vt 0.444100 0.040333
vt 0.447178 0.041922
vt 0.448723 0.043477
vt 0.448733 0.045044
vt 0.447214 0.047174
vt 0.946972 0.158303
vt 0.440349 0.054182
vt 0.441917 0.040360
vt 0.444093 0.039259
vt 0.447168 0.040318
vt 0.448712 0.041911
vt 0.450256 0.043462
vt 0.450267 0.045023
vt 0.448746 0.046920
vt 0.971605 0.160073
vt 0.444207 0.056010
vt 0.943036 0.129383
vt 0.953240 0.129351
vt 0.444075 0.036576
vt 0.442790 0.038758
vt 0.447160 0.039249
vt 0.448701 0.040311
vt 0.450246 0.041901
vt 0.453324 0.043431
vt 0.453334 0.044982
vt 0.450278 0.046666
vt 0.450118 0.056039
vt 0.448521 0.056294
vt 0.966897 0.130915
vt 0.977439 0.130566
vt 0.447142 0.036576
vt 0.448694 0.039243
vt 0.450235 0.040303
vt 0.453313 0.041880
vt 0.453339 0.045571
vt 0.453343 0.046160
vt 0.925698 0.227199
vt 0.934188 0.198057
vt 0.939678 0.197948
vt 0.448676 0.036576
vt 0.450228 0.039238
vt 0.453072 0.040948
vt 0.455397 0.053865
vt 0.452159 0.054372
vt 0.928697 0.198166
vt 0.450210 0.036575
vt 0.452911 0.040326
vt 0.018481 0.127400
vt 0.029595 0.126852
vt 0.451359 0.037674
vt 0.452509 0.038773
vt 0.945387 0.075621
vt 0.982103 0.068272
vt 0.957166 0.069035
vt 0.955957 0.076078
vt 0.971120 0.072583
vt 0.936013 0.134295
vt 0.953193 0.102972
vt 0.942964 0.102584
vt 0.931570 0.139839
vt 0.930868 0.135026
vt 0.976564 0.103782
vt 0.965984 0.103711
vt 0.926286 0.140124
vt 0.027615 0.068716
vt 0.933652 0.171052
vt 0.939150 0.170733
vt 0.017031 0.070672
vt 0.022001 0.068027
vt 0.017630 0.074015
vt 0.928155 0.171372
vt 0.016387 0.067338
vt 0.028265 0.100086
vt 0.017150 0.101054
vt 0.686561 0.427706
vt 0.698626 0.433284
vt 0.749908 0.430940
vt 0.747605 0.435778
vt 0.782978 0.443184
vt 0.778953 0.452475
vt 0.746856 0.437917
vt 0.699052 0.434603
vt 0.676069 0.435669
vt 0.815640 0.457443
vt 0.809234 0.471331
vt 0.778251 0.454192
vt 0.740134 0.456912
vt 0.702941 0.446388
vt 0.674088 0.443153
vt 0.829541 0.464177
vt 0.821378 0.481275
vt 0.808626 0.472673
vt 0.772089 0.469435
vt 0.399323 0.086202
vt 0.362236 0.095973
vt 0.334596 0.103480
vt 0.852047 0.475602
vt 0.841980 0.493407
vt 0.820860 0.482373
vt 0.803221 0.484672
vt 0.430963 0.074537
vt 0.402323 0.095112
vt 0.365391 0.106445
vt 0.336617 0.110270
vt 0.868951 0.485634
vt 0.859777 0.504157
vt 0.841419 0.494360
vt 0.816333 0.492069
vt 0.462129 0.060322
vt 0.433910 0.081733
vt 0.409489 0.114009
vt 0.361795 0.118390
vt 0.338804 0.117840
vt 0.882655 0.491773
vt 0.859415 0.504891
vt 0.836426 0.502649
vt 0.475367 0.053609
vt 0.464717 0.065910
vt 0.440497 0.097038
vt 0.410286 0.116129
vt 0.361398 0.119717
vt 0.891069 0.495995
vt 0.898657 0.516892
vt 0.892208 0.518446
vt 0.856219 0.511313
vt 0.495361 0.043021
vt 0.477595 0.058111
vt 0.470436 0.077888
vt 0.441237 0.098739
vt 0.412696 0.120912
vt 0.349468 0.125562
vt 0.896760 0.498659
vt 0.904982 0.518537
vt 0.184351 0.531831
vt 0.189052 0.550170
vt 0.514395 0.032881
vt 0.497421 0.047064
vt 0.482443 0.067918
vt 0.471074 0.079215
vt 0.445468 0.107934
vt 0.910065 0.033833
vt 0.910621 0.521272
vt 0.192766 0.534418
vt 0.187014 0.521066
vt 0.350250 0.367518
vt 0.517036 0.038020
vt 0.502720 0.055477
vt 0.482986 0.069005
vt 0.477788 0.092950
vt 0.196865 0.522993
vt 0.353276 0.379705
vt 0.188107 0.507895
vt 0.341376 0.369725
vt 0.520470 0.044552
vt 0.503302 0.056416
vt 0.491528 0.085908
vt 0.898880 0.042847
vt 0.200583 0.511617
vt 0.356083 0.389002
vt 0.344271 0.382040
vt 0.195721 0.434575
vt 0.336186 0.372975
vt 0.520849 0.045277
vt 0.513762 0.073984
vt 0.219526 0.436643
vt 0.211552 0.514366
vt 0.347391 0.390992
vt 0.337573 0.384094
vt 0.196730 0.423093
vt 0.553537 0.030672
vt 0.530430 0.063582
vt 0.222068 0.424988
vt 0.373232 0.456830
vt 0.350372 0.399863
vt 0.339651 0.392509
vt 0.197631 0.411573
vt 0.543988 0.057140
vt 0.224373 0.413254
vt 0.375189 0.466181
vt 0.365202 0.458471
vt 0.340510 0.402802
vt 0.200743 0.354191
vt 0.559415 0.031677
vt 0.552301 0.052731
vt 0.233392 0.352323
vt 0.234719 0.414764
vt 0.367180 0.467586
vt 0.346467 0.460114
vt 0.200806 0.342583
vt 0.565700 0.029892
vt 0.557929 0.049941
vt 0.234491 0.340192
vt 0.383753 0.523624
vt 0.368963 0.476764
vt 0.347257 0.469089
vt 0.200542 0.330980
vt 0.571273 0.027033
vt 0.572140 0.045106
vt 0.234989 0.328031
vt 0.384658 0.533400
vt 0.376052 0.524394
vt 0.347962 0.478094
vt 0.197665 0.285382
vt 0.233653 0.279103
vt 0.245299 0.328248
vt 0.376892 0.533880
vt 0.350404 0.522947
vt 0.196404 0.273893
vt 0.560264 0.515615
vt 0.232521 0.266984
vt 0.385231 0.582045
vt 0.377272 0.543390
vt 0.350454 0.532020
vt 0.194860 0.262446
vt 0.230637 0.255000
vt 0.384630 0.591991
vt 0.376201 0.581641
vt 0.350250 0.541091
vt 0.187285 0.219099
vt 0.219690 0.209742
vt 0.243194 0.253152
vt 0.375308 0.591115
vt 0.348010 0.576733
vt 0.377226 0.638546
vt 0.373823 0.600483
vt 0.347025 0.585715
vt 0.374879 0.648288
vt 0.365214 0.635851
vt 0.345821 0.594662
vt 0.228532 0.181477
vt 0.339908 0.628547
vt 0.361199 0.688759
vt 0.356876 0.697929
vt 0.202901 0.118918
vt 0.335886 0.731664
vt 0.329636 0.739536
vt 0.165507 0.067647
vt 0.293942 0.773632
vt 0.650432 0.252407
vt 0.659765 0.262684
vt 0.650500 0.274550
vt 0.638823 0.263322
vt 0.662313 0.241219
vt 0.671464 0.252962
vt 0.664385 0.267855
vt 0.656450 0.280295
vt 0.662411 0.286011
vt 0.665095 0.290156
vt 0.635466 0.267081
vt 0.638045 0.262616
vt 0.649669 0.251643
vt 0.674339 0.230216
vt 0.682901 0.242858
vt 0.676022 0.258828
vt 0.661573 0.240451
vt 0.668999 0.273041
vt 0.634613 0.266385
vt 0.631057 0.256577
vt 0.642986 0.245073
vt 0.686327 0.219302
vt 0.694449 0.233607
vt 0.687170 0.249152
vt 0.673611 0.229437
vt 0.680563 0.264661
vt 0.655106 0.233772
vt 0.673495 0.279524
vt 0.666069 0.302965
vt 0.630381 0.270914
vt 0.627317 0.260519
vt 0.291797 0.301442
vt 0.303658 0.313290
vt 0.711869 0.196602
vt 0.720246 0.211665
vt 0.698517 0.240747
vt 0.685614 0.218517
vt 0.691418 0.255428
vt 0.667266 0.222652
vt 0.681095 0.269471
vt 0.315681 0.324859
vt 0.624602 0.278238
vt 0.622880 0.265545
vt 0.287981 0.297322
vt 0.296189 0.297632
vt 0.307877 0.309259
vt 0.711177 0.195804
vt 0.737860 0.174733
vt 0.747682 0.188783
vt 0.724435 0.219209
vt 0.702574 0.247872
vt 0.679387 0.211665
vt 0.690950 0.262165
vt 0.327706 0.336222
vt 0.319781 0.320722
vt 0.616696 0.273662
vt 0.617854 0.291882
vt 0.616849 0.291525
vt 0.283474 0.292082
vt 0.292538 0.293689
vt 0.303487 0.291498
vt 0.314880 0.302579
vt 0.705115 0.188838
vt 0.737175 0.173925
vt 0.763861 0.152773
vt 0.775073 0.165907
vt 0.752565 0.195828
vt 0.728619 0.226770
vt 0.701812 0.258612
vt 0.339702 0.347448
vt 0.331738 0.332025
vt 0.326563 0.313937
vt 0.277135 0.283647
vt 0.608096 0.288396
vt 0.288191 0.288689
vt 0.300122 0.287726
vt 0.304276 0.290799
vt 0.315656 0.301824
vt 0.365114 0.370753
vt 0.731174 0.166878
vt 0.763178 0.151973
vt 0.779444 0.139615
vt 0.790529 0.151511
vt 0.780593 0.172596
vt 0.757453 0.202876
vt 0.708793 0.250138
vt 0.343666 0.343197
vt 0.338395 0.325136
vt 0.327315 0.313180
vt 0.282091 0.280660
vt 0.268193 0.268490
vt 0.608951 0.312161
vt 0.295948 0.283209
vt 0.300984 0.287037
vt 0.316067 0.279625
vt 0.325136 0.291642
vt 0.369004 0.366437
vt 0.390809 0.393172
vt 0.757140 0.144998
vt 0.778711 0.138832
vt 0.801706 0.118260
vt 0.809992 0.127469
vt 0.795962 0.157435
vt 0.786123 0.179293
vt 0.350201 0.336245
vt 0.339135 0.324369
vt 0.336652 0.301564
vt 0.273476 0.266097
vt 0.290215 0.275943
vt 0.258451 0.246332
vt 0.598736 0.310196
vt 0.330940 0.263972
vt 0.328128 0.268154
vt 0.322083 0.273884
vt 0.329825 0.286522
vt 0.375367 0.359362
vt 0.394658 0.388823
vt 0.416319 0.415457
vt 0.772361 0.132007
vt 0.801078 0.117650
vt 0.815914 0.108938
vt 0.808306 0.101777
vt 0.813230 0.131958
vt 0.801424 0.163367
vt 0.350928 0.335471
vt 0.347906 0.311863
vt 0.341300 0.295768
vt 0.282461 0.262807
vt 0.263956 0.244519
vt 0.334512 0.281403
vt 0.376072 0.358577
vt 0.400960 0.381685
vt 0.420210 0.411154
vt 0.431054 0.428647
vt 0.795557 0.112266
vt 0.807862 0.101358
vt 0.820420 0.113102
vt 0.825351 0.098930
vt 0.817649 0.091798
vt 0.811257 0.146300
vt 0.359288 0.321304
vt 0.352276 0.305639
vt 0.345933 0.290014
vt 0.283464 0.262445
vt 0.331581 0.250833
vt 0.339123 0.275033
vt 0.384697 0.343668
vt 0.401659 0.380889
vt 0.426542 0.404098
vt 0.435124 0.424462
vt 0.452149 0.450178
vt 0.804013 0.097723
vt 0.817199 0.091381
vt 0.821197 0.118064
vt 0.829902 0.103134
vt 0.822551 0.086539
vt 0.830310 0.093676
vt 0.363473 0.314235
vt 0.356626 0.299436
vt 0.346545 0.285213
vt 0.389011 0.336200
vt 0.411720 0.367022
vt 0.427240 0.403311
vt 0.441836 0.417540
vt 0.458106 0.444508
vt 0.463938 0.461374
vt 0.813307 0.087773
vt 0.822099 0.086124
vt 0.832822 0.105987
vt 0.834882 0.097895
vt 0.833611 0.090175
vt 0.825809 0.083026
vt 0.367647 0.307180
vt 0.356271 0.292692
vt 0.274403 0.242394
vt 0.393321 0.328713
vt 0.416721 0.360065
vt 0.438687 0.390389
vt 0.442584 0.416770
vt 0.463820 0.439129
vt 0.466264 0.459249
vt 0.472958 0.471517
vt 0.818214 0.082553
vt 0.825354 0.082611
vt 0.837777 0.100780
vt 0.838233 0.094398
vt 0.849987 0.076032
vt 0.842578 0.069296
vt 0.367067 0.296430
vt 0.373900 0.305020
vt 0.421727 0.353105
vt 0.444322 0.383801
vt 0.453879 0.405072
vt 0.464458 0.438530
vt 0.470330 0.455534
vt 0.475378 0.469348
vt 0.477689 0.476870
vt 0.821431 0.079021
vt 0.842206 0.068956
vt 0.841087 0.097364
vt 0.856244 0.081559
vt 0.858562 0.070257
vt 0.851335 0.063633
vt 0.449964 0.377204
vt 0.459414 0.399246
vt 0.472908 0.429469
vt 0.470781 0.455123
vt 0.479487 0.465669
vt 0.480160 0.474676
vt 0.480832 0.480449
vt 0.838917 0.065944
vt 0.850963 0.063288
vt 0.858736 0.088359
vt 0.865143 0.075914
vt 0.464978 0.393412
vt 0.476224 0.425037
vt 0.478506 0.448100
vt 0.479943 0.465261
vt 0.484291 0.471010
vt 0.483337 0.478239
vt 0.494884 0.496649
vt 0.847623 0.060198
vt 0.868820 0.082244
vt 0.474504 0.410659
vt 0.483082 0.444017
vt 0.487765 0.458268
vt 0.484750 0.470603
vt 0.487482 0.474578
vt 0.500690 0.491521
vt 0.501510 0.504357
vt 0.625642 0.815995
vt 0.483944 0.439072
vt 0.492387 0.454147
vt 0.492629 0.463606
vt 0.487943 0.474171
vt 0.504083 0.488522
vt 0.509330 0.497382
vt 0.495355 0.451347
vt 0.497272 0.459471
vt 0.495867 0.467163
vt 0.504461 0.488188
vt 0.512735 0.494341
vt 0.500217 0.456638
vt 0.500560 0.463025
vt 0.511984 0.481588
vt 0.513113 0.494003
vt 0.503465 0.460111
vt 0.518335 0.476174
vt 0.520452 0.487510
vt 0.520946 0.469422
vt 0.527130 0.481972
vt 0.530916 0.475711
vt 0.600911 0.713408
vt 0.127159 0.797700
vt 0.125318 0.798674
vt 0.128716 0.784328
vt 0.122611 0.786444
vt 0.129367 0.772390
vt 0.120297 0.775207
vt 0.130060 0.760399
vt 0.118310 0.764081
vt 0.633546 0.234989
vt 0.637519 0.226220
vt 0.129636 0.747657
vt 0.115467 0.752299
vt 0.641545 0.217464
vt 0.628992 0.231709
vt 0.631383 0.222429
vt 0.129218 0.734937
vt 0.112943 0.740323
vt 0.646310 0.208045
vt 0.633960 0.213131
vt 0.623315 0.229548
vt 0.623320 0.219329
vt 0.127078 0.723827
vt 0.109786 0.729489
vt 0.651039 0.198366
vt 0.637402 0.203191
vt 0.623805 0.208931
vt 0.627342 0.242035
vt 0.625235 0.241076
vt 0.124962 0.712554
vt 0.106766 0.718609
vt 0.655215 0.189177
vt 0.640823 0.193031
vt 0.625458 0.198012
vt 0.122827 0.701031
vt 0.103702 0.707684
vt 0.659112 0.180041
vt 0.644339 0.183747
vt 0.626946 0.187129
vt 0.627382 0.247398
vt 0.120382 0.689177
vt 0.102592 0.696399
vt 0.662895 0.171117
vt 0.647646 0.174416
vt 0.629366 0.177664
vt 0.091182 0.672571
vt 0.083453 0.680991
vt 0.666885 0.163139
vt 0.650926 0.165055
vt 0.631634 0.168047
vt 0.620517 0.248166
vt 0.677620 0.148892
vt 0.652456 0.155232
vt 0.634096 0.158241
vt 0.670079 0.142177
vt 0.636940 0.148028
vt 0.663254 0.134572
vt 0.215653 0.720846
vt 0.219290 0.729227
vt 0.212056 0.712590
vt 0.225369 0.740011
vt 0.205990 0.695745
vt 0.231260 0.751110
vt 0.061852 0.904201
vt 0.238697 0.766801
vt 0.198461 0.670515
vt 0.088350 0.724192
vt 0.239779 0.786935
vt 0.203746 0.667577
vt 0.053663 0.913523
vt 0.195736 0.659537
vt 0.241692 0.787246
vt 0.758390 0.709931
vt 0.418882 0.756248
vt 0.050300 0.911631
vt 0.057790 0.902711
vt 0.199273 0.657430
vt 0.193728 0.651294
vt 0.086676 0.760020
vt 0.051184 0.716263
vt 0.967130 0.520453
vt 0.761316 0.711657
vt 0.410178 0.748394
vt 0.421957 0.752648
vt 0.763726 0.700985
vt 0.048894 0.908561
vt 0.195941 0.650201
vt 0.082593 0.789603
vt 0.016514 0.716263
vt 0.941045 0.520684
vt 0.765665 0.702193
vt 0.766366 0.714624
vt 0.758544 0.731134
vt 0.414764 0.746349
vt 0.424907 0.749290
vt 0.197516 0.649433
vt 0.062606 0.890214
vt 0.078532 0.810404
vt 0.441036 0.491672
vt 0.956232 0.382005
vt 0.769166 0.704391
vt 0.768918 0.695466
vt 0.405594 0.733247
vt 0.416737 0.742324
vt 0.068443 0.865834
vt 0.074527 0.831366
vt 0.933962 0.381804
vt 0.771231 0.696707
vt 0.758738 0.738119
vt 0.071629 0.848561
vt 0.723315 0.822237
vt 0.931453 0.381818
vt 0.752670 0.753806
vt 0.401739 0.716111
vt 0.392390 0.544991
vt 0.726579 0.804420
vt 0.749111 0.761492
vt 0.398429 0.683420
vt 0.393137 0.583265
vt 0.733835 0.789724
vt 0.745515 0.769306
vt 0.397321 0.660747
vt 0.394941 0.610544
vt 0.739583 0.779354
vt 0.396551 0.638116
vt 0.183515 0.784350
vt 0.181560 0.774659
vt 0.184962 0.797521
vt 0.161123 0.786164
vt 0.160486 0.775373
vt 0.180001 0.764784
vt 0.187725 0.811452
vt 0.162052 0.801133
vt 0.810535 0.824800
vt 0.810674 0.814005
vt 0.160331 0.764601
vt 0.178667 0.754823
vt 0.166919 0.826254
vt 0.188790 0.815457
vt 0.190939 0.813934
vt 0.809419 0.838639
vt 0.798956 0.823525
vt 0.799773 0.813507
vt 0.810297 0.803380
vt 0.160509 0.753879
vt 0.177573 0.744812
vt 0.171937 0.838896
vt 0.804845 0.861106
vt 0.188407 0.821718
vt 0.189654 0.819556
vt 0.797837 0.837400
vt 0.777960 0.821528
vt 0.779966 0.812511
vt 0.800150 0.803480
vt 0.809465 0.792879
vt 0.161350 0.743248
vt 0.177974 0.735781
vt 0.800380 0.873298
vt 0.177495 0.841296
vt 0.792944 0.860694
vt 0.776418 0.833802
vt 0.781619 0.803313
vt 0.800138 0.793481
vt 0.808076 0.782472
vt 0.162753 0.733997
vt 0.178474 0.726708
vt 0.788195 0.872548
vt 0.174495 0.843127
vt 0.796834 0.880132
vt 0.773685 0.846734
vt 0.783070 0.794028
vt 0.799675 0.783527
vt 0.806216 0.773494
vt 0.164517 0.724851
vt 0.179473 0.708372
vt 0.786110 0.876485
vt 0.772638 0.850464
vt 0.177551 0.847025
vt 0.792684 0.886747
vt 0.784306 0.784688
vt 0.798528 0.774855
vt 0.804066 0.764733
vt 0.168301 0.706812
vt 0.783708 0.880202
vt 0.782914 0.875110
vt 0.772895 0.856272
vt 0.184905 0.855131
vt 0.785430 0.895860
vt 0.784124 0.776233
vt 0.797124 0.766250
vt 0.799396 0.747789
vt 0.181813 0.692789
vt 0.172526 0.691678
vt 0.777115 0.887791
vt 0.771762 0.854256
vt 0.186209 0.871840
vt 0.193184 0.862247
vt 0.783852 0.767730
vt 0.793994 0.749267
vt 0.794754 0.733611
vt 0.769578 0.894553
vt 0.783320 0.750534
vt 0.790445 0.734964
vt 0.176545 0.676576
vt 0.790128 0.719603
vt 0.781476 0.735879
vt 0.786934 0.720741
vt 0.128099 0.804220
vt 0.421883 0.054735
vt 0.421873 0.053144
vt 0.424941 0.053114
vt 0.424952 0.054696
vt 0.421863 0.051552
vt 0.424931 0.051532
vt 0.428010 0.053084
vt 0.428020 0.054655
vt 0.424962 0.056299
vt 0.421890 0.055833
vt 0.422737 0.049949
vt 0.424914 0.048848
vt 0.427999 0.051512
vt 0.431078 0.053053
vt 0.431088 0.054615
vt 0.428034 0.056766
vt 0.255535 0.764324
vt 0.421166 0.063774
vt 0.424896 0.046165
vt 0.423611 0.048347
vt 0.427982 0.048839
vt 0.431068 0.051492
vt 0.434146 0.053023
vt 0.434156 0.054575
vt 0.431099 0.056259
vt 0.060167 0.019919
vt 0.425024 0.065603
vt 0.258156 0.784281
vt 0.251120 0.784270
vt 0.427965 0.046165
vt 0.431050 0.048829
vt 0.434136 0.051472
vt 0.434160 0.055164
vt 0.434165 0.055753
vt 0.093122 0.823162
vt 0.429339 0.065888
vt 0.063448 0.040254
vt 0.056097 0.040497
vt 0.431033 0.046165
vt 0.433734 0.049918
vt 0.436217 0.063460
vt 0.432978 0.063967
vt 0.095219 0.802945
vt 0.102866 0.802796
vt 0.432183 0.047265
vt 0.433332 0.048364
vt 0.800491 0.059080
vt 0.808183 0.058684
vt 0.709519 0.038135
vt 0.708293 0.038166
vt 0.185552 0.663495
vt 0.184437 0.653052
vt 0.708386 0.038813
vt 0.707282 0.037925
vt 0.182543 0.652579
vt 0.084588 0.038906
vt 0.707124 0.038556
vt 0.706765 0.037744
vt 0.780175 0.698462
vt 0.084607 0.038470
vt 0.085789 0.038726
vt 0.706545 0.038273
vt 0.777655 0.698726
vt 0.084676 0.037908
vt 0.085617 0.038258
vt 0.086380 0.038412
vt 0.085475 0.037718
vt 0.086073 0.038015
vt 0.778627 0.708329
vt 0.085884 0.037576
vt 0.706071 0.035837
vt 0.706668 0.035610
vt 0.705979 0.036126
vt 0.705936 0.035763
vt 0.706404 0.035187
vt 0.707185 0.035554
vt 0.705914 0.036430
vt 0.705791 0.036058
vt 0.086937 0.035771
vt 0.086426 0.035245
vt 0.707027 0.034901
vt 0.708322 0.035510
vt 0.705709 0.036395
vt 0.705916 0.036632
vt 0.087085 0.036081
vt 0.086587 0.035981
vt 0.086193 0.035521
vt 0.085802 0.034961
vt 0.708457 0.034943
vt 0.087187 0.036433
vt 0.705702 0.036634
vt 0.705942 0.036840
vt 0.086699 0.036227
vt 0.086434 0.036070
vt 0.085962 0.035893
vt 0.085689 0.035289
vt 0.084495 0.035015
vt 0.086768 0.036503
vt 0.087214 0.036688
vt 0.705750 0.036885
vt 0.086506 0.036298
vt 0.085553 0.035849
vt 0.084542 0.035317
vt 0.086775 0.036698
vt 0.086557 0.036537
vt 0.087212 0.036959
vt 0.084655 0.035812
vt 0.086555 0.036697
vt 0.086755 0.036904
vt 0.086533 0.036860
vt 0.843003 0.036478
vt 0.843003 0.036019
vt 0.843193 0.036019
vt 0.843193 0.036478
vt 0.841290 0.036478
vt 0.841290 0.036019
vt 0.843003 0.035560
vt 0.843193 0.035560
vt 0.841290 0.035561
vt 0.843003 0.034556
vt 0.843193 0.034556
vt 0.841290 0.034556
vt 0.843003 0.033552
vt 0.843193 0.033552
vt 0.841290 0.033552
vt 0.141867 0.763172
vt 0.140235 0.773815
vt 0.143642 0.749282
vt 0.139153 0.781621
vt 0.145239 0.735276
vt 0.146165 0.719702
vt 0.143240 0.788047
vt 0.147207 0.704752
vt 0.155087 0.684900
vt 0.991587 0.516299
vt 0.989246 0.516165
vt 0.981971 0.516691
vt 0.980230 0.512544
vt 0.981938 0.495655
vt 0.983494 0.495761
vt 0.962963 0.516561
vt 0.962981 0.512444
vt 0.973853 0.494604
vt 0.978389 0.473497
vt 0.980012 0.473605
vt 0.982254 0.378367
vt 0.982262 0.374515
vt 0.962314 0.494381
vt 0.971200 0.470222
vt 0.961503 0.378402
vt 0.960792 0.374576
vt 0.982247 0.357581
vt 0.959296 0.469903
vt 0.942777 0.378267
vt 0.944389 0.374455
vt 0.959344 0.357814
vt 0.981737 0.334733
vt 0.956500 0.457109
vt 0.968060 0.457391
vt 0.935937 0.377599
vt 0.950331 0.357940
vt 0.962961 0.335061
vt 0.981459 0.322884
vt 0.953862 0.444307
vt 0.965001 0.444566
vt 0.933707 0.377625
vt 0.942795 0.358714
vt 0.952928 0.335301
vt 0.966266 0.323147
vt 0.981220 0.311107
vt 0.951980 0.433613
vt 0.962449 0.433822
vt 0.606395 0.141296
vt 0.941552 0.358745
vt 0.946242 0.338284
vt 0.955882 0.323382
vt 0.969549 0.311267
vt 0.981083 0.301277
vt 0.950022 0.422924
vt 0.959858 0.423041
vt 0.611736 0.159529
vt 0.944875 0.338340
vt 0.949661 0.324365
vt 0.958823 0.311440
vt 0.971736 0.301350
vt 0.981020 0.291433
vt 0.947890 0.409665
vt 0.955581 0.409611
vt 0.948243 0.324432
vt 0.953007 0.310535
vt 0.961325 0.301467
vt 0.973941 0.291416
vt 0.981103 0.279190
vt 0.947584 0.400947
vt 0.952259 0.402784
vt 0.951547 0.310601
vt 0.955733 0.299048
vt 0.963876 0.291406
vt 0.975742 0.279144
vt 0.981187 0.272860
vt 0.954312 0.299114
vt 0.958393 0.287474
vt 0.967859 0.279033
vt 0.975978 0.272811
vt 0.948033 0.391716
vt 0.951752 0.393078
vt 0.957024 0.287537
vt 0.962554 0.273219
vt 0.970894 0.272769
vt 0.972255 0.263832
vt 0.961470 0.273286
vt 0.966058 0.265713
vt 0.972023 0.261540
vt 0.977831 0.259834
vt 0.965359 0.265889
vt 0.145048 0.789709
vt 0.799097 0.017894
vt 0.802905 0.018181
vt 0.799463 0.020011
vt 0.093129 0.759413
vt 0.093557 0.762520
vt 0.799821 0.022129
vt 0.100312 0.758461
vt 0.060500 0.080934
vt 0.807222 0.040159
vt 0.799530 0.040846
vt 0.052840 0.083940
vt 0.256363 0.821347
vt 0.102505 0.783843
vt 0.094848 0.784285
vt 0.248519 0.825068
vt 0.249075 0.820998
vt 0.056706 0.059176
vt 0.064083 0.059226
vt 0.251068 0.802461
vt 0.258121 0.802761
vt 0.152885 0.533534
vt 0.146641 0.535284
vt 0.136599 0.541912
vt 0.294715 0.383765
vt 0.308037 0.381356
vt 0.290349 0.389839
vt 0.312974 0.382765
vt 0.284703 0.397505
vt 0.081216 0.461765
vt 0.251932 0.446961
vt 0.247134 0.455201
vt 0.045829 0.397668
vt 0.225331 0.497901
vt 0.045985 0.371282
vt 0.221707 0.506989
vt 0.229346 0.509583
vt 0.070078 0.362894
vt 0.023733 0.336526
vt 0.035014 0.333577
vt 0.248258 0.516164
vt 0.220725 0.539058
vt 0.059998 0.325673
vt 0.032735 0.321617
vt 0.209838 0.546561
vt 0.240384 0.545262
vt 0.218966 0.548419
vt 0.057868 0.314145
vt 0.031601 0.309496
vt 0.208330 0.556521
vt 0.238722 0.554274
vt 0.218110 0.557904
vt 0.056942 0.302482
vt 0.016387 0.263060
vt 0.238000 0.563391
vt 0.206583 0.604231
vt 0.207333 0.614225
vt 0.025671 0.185480
vt 0.215863 0.664586
vt 0.218530 0.674219
vt 0.049223 0.112790
vt 0.054583 0.101176
vt 0.240863 0.729637
vt 0.097530 0.032574
vt 0.978399 0.048981
vt 0.975331 0.048941
vt 0.975341 0.047359
vt 0.978409 0.047389
vt 0.978392 0.050078
vt 0.975320 0.050544
vt 0.972263 0.048900
vt 0.972273 0.047329
vt 0.975351 0.045778
vt 0.978419 0.045798
vt 0.979115 0.058018
vt 0.791913 0.099623
vt 0.972249 0.051010
vt 0.970729 0.048880
vt 0.970739 0.047314
vt 0.972284 0.045758
vt 0.977895 0.044836
vt 0.975362 0.044168
vt 0.786885 0.076380
vt 0.795076 0.076407
vt 0.975257 0.059847
vt 0.042091 0.116390
vt 0.970716 0.050757
vt 0.969195 0.048860
vt 0.969205 0.047298
vt 0.970750 0.045747
vt 0.972294 0.044154
vt 0.977546 0.044195
vt 0.975369 0.043094
vt 0.037405 0.092704
vt 0.045867 0.092982
vt 0.210639 0.114562
vt 0.969346 0.059878
vt 0.969184 0.050503
vt 0.966127 0.048819
vt 0.966138 0.047268
vt 0.969216 0.045737
vt 0.970760 0.044146
vt 0.972301 0.043084
vt 0.975387 0.040411
vt 0.976672 0.042593
vt 0.208225 0.090975
vt 0.212633 0.091063
vt 0.219445 0.114458
vt 0.966119 0.049997
vt 0.966123 0.049408
vt 0.966148 0.045717
vt 0.969226 0.044139
vt 0.970767 0.043079
vt 0.972319 0.040411
vt 0.217040 0.091151
vt 0.967304 0.058210
vt 0.353120 0.091771
vt 0.966389 0.044784
vt 0.969234 0.043074
vt 0.970785 0.040411
vt 0.351434 0.068680
vt 0.342512 0.068242
vt 0.966550 0.044163
vt 0.969251 0.040411
vt 0.966952 0.042609
vt 0.968102 0.041510
vt 0.033978 0.046214
vt 0.784712 0.033614
vt 0.783742 0.027959
vt 0.792858 0.029732
vt 0.795139 0.054894
vt 0.786927 0.055204
vt 0.210499 0.044117
vt 0.041964 0.041887
vt 0.046597 0.071144
vt 0.038104 0.071202
vt 0.214741 0.044328
vt 0.215305 0.040465
vt 0.213066 0.069385
vt 0.208653 0.069128
vt 0.343641 0.025160
vt 0.219447 0.040975
vt 0.217478 0.069642
vt 0.352589 0.023142
vt 0.352108 0.025825
vt 0.348598 0.021019
vt 0.352499 0.047531
vt 0.343575 0.046755
vt 0.353105 0.020465
vt 0.957298 0.052817
vt 0.954229 0.052777
vt 0.954240 0.051195
vt 0.957308 0.051225
vt 0.957291 0.053915
vt 0.954219 0.054380
vt 0.951161 0.052737
vt 0.951171 0.051165
vt 0.954250 0.049614
vt 0.957318 0.049634
vt 0.958015 0.061855
vt 0.194131 0.021249
vt 0.951147 0.054847
vt 0.948093 0.052696
vt 0.948103 0.051135
vt 0.951182 0.049594
vt 0.956444 0.048031
vt 0.954267 0.046930
vt 0.199483 0.045407
vt 0.190960 0.045422
vt 0.954157 0.063685
vt 0.308883 0.045760
vt 0.948082 0.054340
vt 0.945025 0.052656
vt 0.945035 0.051104
vt 0.948113 0.049573
vt 0.951199 0.046920
vt 0.954285 0.044246
vt 0.955570 0.046428
vt 0.313804 0.070644
vt 0.304914 0.070350
vt 0.949842 0.063970
vt 0.937506 0.127873
vt 0.945017 0.053834
vt 0.945021 0.053245
vt 0.945045 0.049553
vt 0.948131 0.046910
vt 0.951217 0.044247
vt 0.925698 0.103195
vt 0.934965 0.103374
vt 0.946202 0.062048
vt 0.336292 0.097063
vt 0.945447 0.047999
vt 0.948148 0.044247
vt 0.334590 0.072874
vt 0.325247 0.072390
vt 0.945849 0.046445
vt 0.946999 0.045346
vt 0.035761 0.034101
vt 0.035761 0.034560
vt 0.035571 0.034560
vt 0.035571 0.034101
vt 0.037474 0.034560
vt 0.037474 0.034101
vt 0.035571 0.033643
vt 0.035761 0.033643
vt 0.037474 0.033643
vt 0.035571 0.032638
vt 0.035761 0.032638
vt 0.037474 0.032638
vt 0.035571 0.031634
vt 0.035761 0.031634
vt 0.037474 0.031634
vt 0.613557 0.219983
vt 0.613284 0.210396
vt 0.613649 0.227175
vt 0.613139 0.198220
vt 0.612989 0.186297
vt 0.610546 0.234271
vt 0.612963 0.173133
vt 0.611922 0.160391
vt 0.336296 0.022846
vt 0.335851 0.025417
vt 0.331671 0.023193
vt 0.335415 0.027990
vt 0.326549 0.027269
vt 0.937494 0.050625
vt 0.335764 0.050725
vt 0.326420 0.049888
vt 0.928060 0.053932
vt 0.309007 0.124027
vt 0.935412 0.080764
vt 0.926134 0.080229
vt 0.317398 0.119482
vt 0.193511 0.093976
vt 0.304145 0.093291
vt 0.313066 0.093231
vt 0.201967 0.089894
vt 0.202641 0.094823
vt 0.191007 0.067806
vt 0.199550 0.067441
vt 0.948798 0.389437
vt 0.952110 0.390608
vt 0.958522 0.395624
vt 0.957787 0.395394
vt 0.961344 0.403400
vt 0.962439 0.403473
vt 0.965776 0.418798
vt 0.967155 0.418879
vt 0.968468 0.431205
vt 0.969927 0.431294
vt 0.971263 0.443598
vt 0.972799 0.443686
vt 0.974729 0.458464
vt 0.976305 0.458546
vt 0.979997 0.473526
vt 0.429717 0.728824
vt 0.434590 0.715424
vt 0.029758 0.887582
vt 0.032099 0.898356
vt 0.438620 0.685294
vt 0.026384 0.864585
vt 0.038767 0.886230
vt 0.040331 0.897035
vt 0.437588 0.662693
vt 0.025001 0.847807
vt 0.038661 0.863013
vt 0.436257 0.639969
vt 0.023835 0.830895
vt 0.041076 0.846009
vt 0.431423 0.611465
vt 0.023128 0.809955
vt 0.043653 0.828945
vt 0.426024 0.583158
vt 0.022618 0.788832
vt 0.049019 0.807780
vt 0.420829 0.543472
vt 0.021396 0.758017
vt 0.054617 0.786672
vt 0.441907 0.502086
vt 0.487033 0.507066
vt 0.061054 0.756287
vt 0.050229 0.723911
vt 0.866418 0.917140
vt 0.866784 0.923754
vt 0.861894 0.917462
vt 0.867258 0.930447
vt 0.861982 0.924215
vt 0.857358 0.917437
vt 0.862069 0.931064
vt 0.857166 0.924218
vt 0.852830 0.917068
vt 0.856863 0.931094
vt 0.852365 0.923771
vt 0.848329 0.916352
vt 0.851683 0.930546
vt 0.847606 0.922870
vt 0.846570 0.929421
vt 0.868529 0.851811
vt 0.867494 0.858361
vt 0.863417 0.850685
vt 0.866772 0.864880
vt 0.862736 0.857461
vt 0.858237 0.850138
vt 0.862271 0.864164
vt 0.857934 0.857014
vt 0.853031 0.850168
vt 0.857742 0.863795
vt 0.853118 0.857017
vt 0.847842 0.850785
vt 0.853207 0.863770
vt 0.848316 0.857478
vt 0.848683 0.864093
vt 0.285905 0.088852
vt 0.286701 0.092207
vt 0.287803 0.095373
vt 0.292055 0.093674
vt 0.293616 0.095373
vt 0.295491 0.096527
vt 0.297654 0.096950
vt 0.300004 0.096405
vt 0.297619 0.058466
vt 0.295456 0.059014
vt 0.293616 0.060293
vt 0.292097 0.062104
vt 0.290873 0.064301
vt 0.289915 0.066775
vt 0.289194 0.069445
vt 0.288688 0.072247
vt 0.288382 0.075128
vt 0.288268 0.078042
vt 0.288346 0.080949
vt 0.288622 0.083804
vt 0.289109 0.086564
vt 0.289827 0.089174
vt 0.557658 0.695393
vt 0.561904 0.715751
vt 0.560105 0.677320
vt 0.560093 0.695239
vt 0.564154 0.715109
vt 0.574196 0.739944
vt 0.563020 0.677382
vt 0.561572 0.666263
vt 0.576937 0.739279
vt 0.583026 0.766187
vt 0.564238 0.666018
vt 0.561209 0.654935
vt 0.586478 0.765001
vt 0.592978 0.786317
vt 0.563689 0.654478
vt 0.595905 0.783544
vt 0.518027 0.698116
vt 0.522835 0.726138
vt 0.513593 0.681028
vt 0.520296 0.697527
vt 0.525250 0.725743
vt 0.523773 0.735087
vt 0.516693 0.679975
vt 0.527011 0.734791
vt 0.528515 0.779803
vt 0.519752 0.678642
vt 0.531641 0.779066
vt 0.533955 0.821632
vt 0.522949 0.676595
vt 0.537432 0.821655
vt 0.535354 0.862355
vt 0.544155 0.878664
vt 0.537967 0.873977
vt 0.891473 0.071540
vt 0.883700 0.077517
vt 0.884089 0.063045
vt 0.893097 0.055668
vt 0.874943 0.070341
vt 0.876666 0.055707
vt 0.885010 0.049539
vt 0.867526 0.063478
vt 0.868549 0.048758
vt 0.874515 0.041886
vt 0.859873 0.056356
vt 0.868228 0.048479
vt 0.874120 0.041559
vt 0.885674 0.026313
vt 0.859571 0.056074
vt 0.865321 0.045946
vt 0.870559 0.038629
vt 0.885097 0.026199
vt 0.893648 0.024985
vt 0.856815 0.053508
vt 0.516561 0.521271
vt 0.522731 0.527834
vt 0.879961 0.025231
vt 0.508916 0.512825
vt 0.531883 0.519333
vt 0.526791 0.511915
vt 0.533636 0.539218
vt 0.518442 0.504191
vt 0.540987 0.532942
vt 0.529729 0.509447
vt 0.535496 0.516466
vt 0.521211 0.501702
vt 0.546196 0.532011
vt 0.535897 0.516146
vt 0.530055 0.509173
vt 0.521518 0.501426
vt 0.546775 0.531907
vt 0.546520 0.508683
vt 0.538290 0.502370
vt 0.529292 0.494444
vt 0.554711 0.502700
vt 0.545838 0.495168
vt 0.536826 0.487715
vt 0.554720 0.533375
vt 0.553367 0.486808
vt 0.545704 0.480697
vt 0.949807 0.605155
vt 0.950753 0.634536
vt 0.957330 0.581370
vt 0.957036 0.665133
vt 0.962135 0.566425
vt 0.963738 0.696506
vt 0.965031 0.550942
vt 0.968976 0.726950
vt 0.971682 0.767191
vt 0.976617 0.796521
vt 0.972234 0.809422
vt 0.887653 0.595361
vt 0.887357 0.632435
vt 0.886290 0.571378
vt 0.876221 0.571759
vt 0.885841 0.668189
vt 0.896209 0.569985
vt 0.884047 0.712842
vt 0.901529 0.568292
vt 0.885317 0.751409
vt 0.666330 0.313996
vt 0.607212 0.322254
vt 0.606610 0.331672
vt 0.606029 0.322144
vt 0.607908 0.311948
vt 0.610390 0.352308
vt 0.605275 0.331649
vt 0.595613 0.321393
vt 0.619745 0.375969
vt 0.608683 0.352165
vt 0.593531 0.331497
vt 0.254802 0.234868
vt 0.621090 0.387827
vt 0.617556 0.375740
vt 0.593414 0.350639
vt 0.252384 0.224298
vt 0.260732 0.233470
vt 0.619355 0.388271
vt 0.597606 0.373235
vt 0.250430 0.204504
vt 0.258600 0.223475
vt 0.271372 0.232525
vt 0.273364 0.242615
vt 0.616864 0.399151
vt 0.602973 0.391842
vt 0.251863 0.180822
vt 0.258195 0.204461
vt 0.270470 0.223097
vt 0.272551 0.232400
vt 0.604228 0.402128
vt 0.613348 0.408425
vt 0.255647 0.161247
vt 0.261875 0.181922
vt 0.273463 0.202637
vt 0.271801 0.223053
vt 0.258191 0.151082
vt 0.605349 0.410273
vt 0.069984 0.661254
vt 0.266730 0.163297
vt 0.281754 0.178980
vt 0.275161 0.202462
vt 0.267571 0.153007
vt 0.701352 0.133526
vt 0.064846 0.669853
vt 0.283225 0.166452
vt 0.283933 0.178706
vt 0.696514 0.126728
vt 0.280451 0.155657
vt 0.692547 0.139199
vt 0.284970 0.166854
vt 0.693466 0.120100
vt 0.685992 0.131964
vt 0.077720 0.686909
vt 0.693192 0.119360
vt 0.682097 0.124383
vt 0.183990 0.677074
vt 0.181060 0.662887
vt 0.785221 0.706934
vt 0.781692 0.698172
vt 0.783090 0.707771
vt 0.779789 0.721097
vt 0.230562 0.860762
vt 0.225171 0.856809
vt 0.235641 0.861929
vt 0.225506 0.874882
vt 0.219191 0.873031
vt 0.219983 0.853207
vt 0.240728 0.863283
vt 0.230656 0.876403
vt 0.750501 0.915886
vt 0.744361 0.918003
vt 0.212786 0.871071
vt 0.211215 0.848226
vt 0.170509 0.577878
vt 0.235728 0.877979
vt 0.739449 0.919655
vt 0.756808 0.913557
vt 0.739624 0.906956
vt 0.745501 0.905097
vt 0.202742 0.867399
vt 0.389083 0.081518
vt 0.390591 0.080662
vt 0.164464 0.578551
vt 0.166692 0.559525
vt 0.602947 0.017388
vt 0.734832 0.908498
vt 0.766763 0.909001
vt 0.751458 0.903142
vt 0.734494 0.893713
vt 0.739460 0.889891
vt 0.380624 0.061540
vt 0.150960 0.581315
vt 0.160533 0.560687
vt 0.608157 0.018936
vt 0.598858 0.031138
vt 0.729756 0.894906
vt 0.776530 0.903294
vt 0.760775 0.899534
vt 0.744249 0.886414
vt 0.379221 0.058192
vt 0.100983 0.585276
vt 0.146521 0.563938
vt 0.613451 0.020486
vt 0.604058 0.032593
vt 0.594393 0.046633
vt 0.752403 0.881585
vt 0.377905 0.054828
vt 0.070852 0.586160
vt 0.099249 0.574141
vt 0.625282 0.024805
vt 0.609202 0.034120
vt 0.599588 0.048046
vt 0.743023 0.029239
vt 0.364597 0.020639
vt 0.049018 0.582973
vt 0.049225 0.581902
vt 0.070700 0.575265
vt 0.660603 0.040771
vt 0.620787 0.038184
vt 0.604679 0.049237
vt 0.758340 0.874655
vt 0.752621 0.059070
vt 0.050424 0.572024
vt 0.681724 0.040480
vt 0.659373 0.049196
vt 0.615783 0.052968
vt 0.754244 0.064048
vt 0.051505 0.562697
vt 0.682771 0.048623
vt 0.657524 0.058863
vt 0.755979 0.068974
vt 0.699643 0.043980
vt 0.682712 0.058294
vt 0.773672 0.118894
vt 0.701124 0.052656
vt 0.709388 0.036039
vt 0.709596 0.035411
vt 0.083531 0.035412
vt 0.083632 0.035670
vt 0.083811 0.036230
vt 0.706047 0.037243
vt 0.705871 0.037369
vt 0.705984 0.037047
vt 0.087091 0.037489
vt 0.705771 0.037139
vt 0.086647 0.037301
vt 0.087163 0.037230
vt 0.086450 0.037178
vt 0.086714 0.037108
vt 0.086499 0.037024
vt 0.987182 0.258154
vt 0.986846 0.258186
vt 0.986601 0.252333
vt 0.983845 0.258469
vt 0.982724 0.252676
vt 0.968480 0.208206
vt 0.966451 0.201975
vt 0.964491 0.195722
vt 0.956392 0.165214
vt 0.629692 0.567763
vt 0.625955 0.542006
vt 0.626017 0.601491
vt 0.626803 0.567997
vt 0.623078 0.542895
vt 0.615331 0.521873
vt 0.627488 0.636030
vt 0.622550 0.601949
vt 0.611995 0.523263
vt 0.608653 0.509708
vt 0.625040 0.663938
vt 0.622968 0.636213
vt 0.605451 0.510698
vt 0.603568 0.496574
vt 0.620412 0.662058
vt 0.600490 0.497261
vt 0.679557 0.562903
vt 0.673151 0.528329
vt 0.682361 0.573669
vt 0.676583 0.563498
vt 0.670261 0.528630
vt 0.671089 0.506579
vt 0.696637 0.627425
vt 0.678478 0.574744
vt 0.667026 0.506747
vt 0.709183 0.678049
vt 0.692691 0.627959
vt 0.662898 0.506580
vt 0.705168 0.679617
vt 0.658315 0.505659
vt 0.726066 0.725401
vt 0.723302 0.747991
vt 0.728268 0.739940
vt 0.345729 0.834977
vt 0.347139 0.810932
vt 0.340364 0.860090
vt 0.341506 0.791476
vt 0.334903 0.885886
vt 0.337588 0.779444
vt 0.330834 0.910937
vt 0.334744 0.767047
vt 0.329494 0.943883
vt 0.326559 0.967965
vt 0.396873 0.833804
vt 0.397343 0.803955
vt 0.397766 0.862566
vt 0.399035 0.784661
vt 0.407290 0.785038
vt 0.399348 0.898425
vt 0.390944 0.783528
vt 0.398920 0.929375
vt 0.386641 0.782186
vt 0.339760 0.242201
vt 0.331655 0.239753
vt 0.932030 0.334098
vt 0.932650 0.327897
vt 0.932387 0.334132
vt 0.936780 0.328264
vt 0.935585 0.334434
vt 0.951965 0.280894
vt 0.954128 0.274257
vt 0.956217 0.267596
vt 0.964854 0.235098
vt 0.425789 0.732632
vt 0.433784 0.739316
vt 0.042549 0.900269
vt 0.016387 0.724006
vt 0.820188 0.042809
vt 0.820347 0.040187
vt 0.821262 0.040471
vt 0.821136 0.043280
vt 0.144919 0.038775
vt 0.145797 0.038877
vt 0.145013 0.037963
vt 0.145937 0.037703
vt 0.144920 0.035432
vt 0.145882 0.034990
vt 0.887421 0.816775
vt 0.414153 0.966560
vt 0.552936 0.030270
vt 0.182579 0.546054
vt 0.892800 0.518030
vt 0.882658 0.530858
vt 0.547531 0.026650
vt 0.886951 0.522048
vt 0.626420 0.803120
vt 0.571284 0.524821
vt 0.914942 0.494564
vt 0.911082 0.503176
vt 0.269849 0.774334
vt 0.060528 0.089810
vt 0.128517 0.033479
vt 0.322895 0.746947
vt 0.032007 0.160719
vt 0.232008 0.711681
vt 0.182116 0.087195
vt 0.352138 0.706864
vt 0.214489 0.142078
vt 0.372161 0.657950
vt 0.243425 0.353322
vt 0.376942 0.475599
vt 0.235019 0.206298
vt 0.383600 0.601919
vt 0.245292 0.278576
vt 0.385225 0.543221
vt 0.229978 0.438777
vt 0.358823 0.397746
vt 0.017699 0.237466
vt 0.213574 0.654863
vt 0.068634 0.440886
vt 0.229314 0.488989
vt 0.018977 0.311281
vt 0.206307 0.594217
vt 0.036097 0.374643
vt 0.212049 0.536787
vt 0.116705 0.514687
vt 0.256970 0.438880
vt 0.236207 0.720756
vt 0.174122 0.077127
vt 0.208961 0.130348
vt 0.028596 0.173042
vt 0.232013 0.193837
vt 0.016742 0.250251
vt 0.232479 0.426812
vt 0.074771 0.451426
vt 0.244517 0.265852
vt 0.020906 0.324023
vt 0.244577 0.340813
vt 0.040738 0.386266
vt 0.204458 0.537444
vt 0.208044 0.525552
vt 0.129519 0.532259
vt 0.123933 0.524491
vt 0.200592 0.553035
vt 0.104420 0.024566
vt 0.117747 0.024812
vt 0.109373 0.019613
vt 0.300251 0.376222
vt 0.339039 0.118673
vt 0.732687 0.349598
vt 0.681602 0.326610
vt 0.908311 0.831213
vt 0.937122 0.828912
vt 0.950757 0.823946
vt 0.922568 0.831604
vt 0.897469 0.827493
vt 0.877703 0.808392
vt 0.867824 0.798177
vt 0.962598 0.817243
vt 0.749996 0.324064
vt 0.824139 0.578526
vt 0.978692 0.550267
vt 0.843478 0.603918
vt 0.834698 0.587029
vt 0.993289 0.759967
vt 0.992650 0.779693
vt 0.989675 0.726776
vt 0.982839 0.696668
vt 0.973744 0.663012
vt 0.965396 0.633212
vt 0.901832 0.473810
vt 0.617603 0.882418
vt 0.634771 0.847848
vt 0.633855 0.838748
vt 0.861999 0.429132
vt 0.560505 0.894587
vt 0.636188 0.814527
vt 0.635994 0.825365
vt 0.634980 0.856771
vt 0.910135 0.059145
vt 0.627463 0.875568
vt 0.604516 0.889902
vt 0.592460 0.895143
vt 0.577077 0.902804
vt 0.857815 0.449207
vt 0.794448 0.668932
vt 0.590730 0.513277
vt 0.731379 0.491982
vt 0.611641 0.546363
vt 0.596630 0.527532
vt 0.773821 0.656764
vt 0.762602 0.632182
vt 0.746438 0.610120
vt 0.734790 0.572992
vt 0.716166 0.550924
vt 0.471898 0.693528
vt 0.573308 0.651672
vt 0.489670 0.708190
vt 0.480612 0.697783
vt 0.621516 0.787861
vt 0.608789 0.774716
vt 0.599864 0.760365
vt 0.587011 0.733772
vt 0.573329 0.712448
vt 0.660002 0.788786
vt 0.563554 0.074660
vt 0.626822 0.783340
vt 0.617025 0.776807
vt 0.605075 0.754680
vt 0.601883 0.743586
vt 0.712139 0.773285
vt 0.520119 0.100233
vt 0.524752 0.120199
vt 0.588064 0.716438
vt 0.593223 0.728977
vt 0.609097 0.765214
vt 0.641434 0.786455
vt 0.676256 0.788997
vt 0.697384 0.790368
vt 0.581290 0.064518
vt 0.576980 0.516830
vt 0.919798 0.483555
vt 0.338624 0.984469
vt 0.397309 0.202594
vt 0.391436 0.990520
vt 0.346707 0.226749
vt 0.359643 0.993066
vt 0.348449 0.989509
vt 0.371482 0.994720
vt 0.382899 0.993870
vt 0.406545 0.974823
vt 0.334513 0.262381
vt 0.330540 0.978443
vt 0.415183 0.227719
vt 0.759640 0.876225
vt 0.768738 0.851622
vt 0.765136 0.858531
vt 0.760867 0.868129
vt 0.778009 0.030915
vt 0.203492 0.842693
vt 0.192930 0.816740
vt 0.197311 0.823863
vt 0.201806 0.834159
vt 0.131334 0.805541
vt 0.129620 0.805249
vt 0.276681 0.146493
vt 0.268434 0.144847
vt 0.057126 0.655869
vt 0.052848 0.664000
vt 0.694742 0.070765
vt 0.313969 0.133000
vt 0.697542 0.061924
vt 0.690204 0.101288
vt 0.286359 0.143717
vt 0.690254 0.094927
vt 0.599453 0.411709
vt 0.650888 0.421055
vt 0.063869 0.627595
vt 0.054464 0.592323
vt 0.058443 0.602010
vt 0.063224 0.634309
vt 0.061188 0.646451
vt 0.057536 0.654970
vt 0.970943 0.060132
vt 0.215042 0.114510
vt 0.033653 0.115832
vt 0.972186 0.060314
vt 0.967748 0.059623
vt 0.344199 0.091612
vt 0.964066 0.057703
vt 0.783739 0.099317
vt 0.976147 0.058484
vt 0.931183 0.227265
vt 0.451715 0.055785
vt 0.957155 0.157924
vt 0.443318 0.054647
vt 0.982117 0.159376
vt 0.447278 0.056476
vt 0.936668 0.227330
vt 0.027500 0.155964
vt 0.016387 0.156164
vt 0.317747 0.046348
vt 0.951085 0.064152
vt 0.928250 0.127989
vt 0.946647 0.063462
vt 0.326948 0.096871
vt 0.942964 0.061541
vt 0.202638 0.021524
vt 0.955046 0.062322
vt 0.248512 0.764553
vt 0.424135 0.064240
vt 0.052836 0.020405
vt 0.428095 0.066070
vt 0.100761 0.823257
vt 0.432534 0.065380
vt 0.806778 0.078838
vt 0.799086 0.078994
vt 0.324256 0.780044
vt 0.456928 0.783078
vt 0.335787 0.811847
vt 0.327409 0.792945
vt 0.452776 0.936939
vt 0.456946 0.953900
vt 0.451796 0.911100
vt 0.447000 0.887738
vt 0.441032 0.860111
vt 0.435001 0.834585
vt 0.487644 0.552553
vt 0.980955 0.385713
vt 0.478513 0.592731
vt 0.471114 0.619709
vt 0.463480 0.646223
vt 0.457630 0.667658
vt 0.451579 0.688806
vt 0.443502 0.718027
vt 0.439927 0.731911
vt 0.035842 0.904851
vt 0.042011 0.913337
vt 0.980966 0.382006
vt 0.043946 0.916199
vt 0.942238 0.512596
vt 0.942297 0.516762
vt 0.942274 0.494334
vt 0.942886 0.469669
vt 0.943210 0.456833
vt 0.943550 0.444065
vt 0.943808 0.433435
vt 0.943990 0.422819
vt 0.944002 0.409656
vt 0.943904 0.402865
vt 0.978446 0.262011
vt 0.821068 0.038261
vt 0.608572 0.238905
vt 0.820188 0.038337
vt 0.215511 0.681223
vt 0.543116 0.018083
vt 0.833147 0.060665
vt 0.872661 0.018769
vt 0.855265 0.036418
vt 0.847469 0.044732
vt 0.791413 0.108184
vt 0.839911 0.053071
vt 0.861552 0.029962
vt 0.853602 0.516701
vt 0.834334 0.506994
vt 0.769928 0.129408
vt 0.754817 0.142321
vt 0.814099 0.496850
vt 0.604841 0.286987
vt 0.595343 0.309151
vt 0.591860 0.320603
vt 0.589579 0.331101
vt 0.196779 0.877710
vt 0.163202 0.543307
vt 0.156914 0.544545
vt 0.226107 0.888393
vt 0.220831 0.886761
vt 0.214244 0.884656
vt 0.207480 0.882321
vt 0.640454 0.242574
vt 0.628422 0.254197
vt 0.163336 0.847571
vt 0.159135 0.840112
vt 0.176455 0.864084
vt 0.664845 0.220052
vt 0.677010 0.209030
vt 0.154242 0.826646
vt 0.620008 0.263460
vt 0.613655 0.271855
vt 0.099812 0.733464
vt 0.103550 0.744125
vt 0.115748 0.777701
vt 0.119790 0.788523
vt 0.107721 0.755586
vt 0.112048 0.766968
vt 0.154505 0.732336
vt 0.157006 0.723025
vt 0.150589 0.753000
vt 0.152311 0.741893
vt 0.178542 0.661825
vt 0.201620 0.656043
vt 0.767719 0.694879
vt 0.167696 0.690035
vt 0.172986 0.675210
vt 0.207082 0.665714
vt 0.162399 0.705046
vt 0.142380 0.548164
vt 0.124476 0.799565
vt 0.624559 0.258268
vt 0.149679 0.802184
vt 0.590071 0.374261
vt 0.594431 0.393678
vt 0.597297 0.403782
vt 0.588064 0.350761
vt 0.800710 0.490431
vt 0.728870 0.164180
vt 0.702785 0.186162
vt 0.737314 0.465956
vt 0.769220 0.476916
vt 0.672183 0.450127
vt 0.697838 0.036134
vt 0.070935 0.565599
vt 0.048999 0.670555
vt 0.260092 0.143105
vt 0.060483 0.676407
vt 0.097551 0.564447
vt 0.089069 0.703280
vt 0.092845 0.712560
vt 0.096282 0.722898
vt 0.148832 0.775632
vt 0.148755 0.787240
vt 0.149465 0.764237
vt 0.169379 0.542134
vt 0.168292 0.854609
vt 0.652645 0.231208
vt 0.699998 0.457017
vt 0.705148 0.037294
vt 0.705226 0.037625
vt 0.705246 0.035853
vt 0.705119 0.036295
vt 0.705085 0.036614
vt 0.705089 0.036954
vt 0.709748 0.035004
vt 0.708525 0.034494
vt 0.706865 0.034434
vt 0.708405 0.039434
vt 0.706877 0.039205
vt 0.705430 0.035462
vt 0.706128 0.038803
vt 0.706077 0.034798
vt 0.815598 0.080146
vt 0.810769 0.085418
vt 0.801557 0.095409
vt 0.818806 0.076621
vt 0.290800 0.091572
vt 0.294234 0.087742
vt 0.295196 0.088608
vt 0.296268 0.089067
vt 0.297390 0.089038
vt 0.298461 0.088450
vt 0.293567 0.069299
vt 0.292891 0.070754
vt 0.292362 0.072399
vt 0.291981 0.074177
vt 0.904495 0.915448
vt 0.903849 0.925959
vt 0.900744 0.935832
vt 0.895553 0.944537
vt 0.888732 0.951737
vt 0.880723 0.957242
vt 0.871925 0.960956
vt 0.862706 0.962845
vt 0.853401 0.962919
vt 0.844328 0.961230
vt 0.835785 0.957860
vt 0.828059 0.952929
vt 0.821423 0.946589
vt 0.816143 0.939035
vt 0.812464 0.930514
vt 0.810596 0.921327
vt 0.810653 0.911801
vt 0.902551 0.879191
vt 0.812550 0.902036
vt 0.291744 0.076038
vt 0.291650 0.077940
vt 0.291700 0.079841
vt 0.291897 0.081698
vt 0.292245 0.083469
vt 0.292750 0.085104
vt 0.293414 0.086550
vt 0.228045 0.080234
vt 0.295579 0.078042
vt 0.225162 0.069829
vt 0.223619 0.061875
vt 0.223574 0.054117
vt 0.225096 0.046636
vt 0.228093 0.039696
vt 0.232395 0.033545
vt 0.237800 0.028382
vt 0.244094 0.024366
vt 0.251052 0.021623
vt 0.258442 0.020249
vt 0.266020 0.020311
vt 0.273529 0.021850
vt 0.280693 0.024875
vt 0.287216 0.029360
vt 0.292770 0.035225
vt 0.296997 0.042316
vt 0.299525 0.050358
vt 0.300050 0.058919
vt 0.226234 0.069240
vt 0.227355 0.069211
vt 0.228427 0.069670
vt 0.229389 0.070536
vt 0.230210 0.071727
vt 0.298551 0.067562
vt 0.297506 0.066877
vt 0.296404 0.066798
vt 0.295345 0.067238
vt 0.294389 0.068102
vt 0.400144 0.734690
vt 0.754040 0.726548
vt 0.206377 0.688308
vt 0.211045 0.683672
vt 0.750138 0.724286
vt 0.046042 0.919171
vt 0.625157 0.240736
vt 0.127139 0.797791
vt 0.124399 0.799013
vt 0.629489 0.243518
vt 0.627182 0.244433
vt 0.125412 0.798398
vt 0.947186 0.402852
vt 0.975639 0.271352
vt 0.944518 0.399796
vt 0.980606 0.269897
vt 0.965825 0.524440
vt 0.941132 0.524683
vt 0.487638 0.496748
vt 0.957362 0.385712
vt 0.936084 0.385529
vt 0.988824 0.524679
vt 0.991221 0.520714
vt 0.083708 0.037883
vt 0.777374 0.698755
vt 0.083836 0.036297
vt 0.193450 0.651437
vt 0.186830 0.653284
vt 0.709502 0.038055
vt 0.775897 0.698414
vt 0.083708 0.037639
vt 0.772864 0.697575
vt 0.083680 0.037076
vt 0.775146 0.698262
vt 0.709749 0.039211
vt 0.083530 0.038733
vt 0.083597 0.038422
vt 0.709518 0.037825
vt 0.709504 0.036603
vt 0.190333 0.652720
vt 0.189515 0.652852
vt 0.188711 0.652995
vt 0.709657 0.038742
vt 0.725016 0.896286
vt 0.730119 0.910102
vt 0.176643 0.577163
vt 0.172854 0.558446
vt 0.589196 0.093642
vt 0.720437 0.864304
vt 0.721234 0.879883
vt 0.593613 0.113515
vt 0.726914 0.833467
vt 0.727446 0.838354
vt 0.724511 0.894628
vt 0.231222 0.890081
vt 0.734696 0.921371
vt 0.241789 0.814778
vt 0.244924 0.829625
vt 0.178218 0.597697
vt 0.241220 0.861530
vt 0.176052 0.650235
vt 0.237310 0.802479
vt 0.239096 0.792255
vt 0.723387 0.823705
vt 0.725250 0.823451
vt 0.726981 0.824439
vt 0.720432 0.822271
vt 0.393005 0.500878
vt 0.171636 0.661619
vt 0.237918 0.787936
vt 0.241863 0.785695
vt 0.244933 0.785842
vt 0.993838 0.520832
vt 0.168998 0.666014
vt 0.595333 0.123949
vt 0.593241 0.119943
vt 0.053122 0.080884
vt 0.256057 0.824367
vt 0.806713 0.018447
vt 0.807121 0.021538
vt 0.100915 0.762142
vt 0.060061 0.084643
vt 0.308477 0.119542
vt 0.928791 0.049472
vt 0.327045 0.023515
vt 0.936976 0.054390
vt 0.193140 0.090319
vt 0.317740 0.123177
vt 0.042470 0.046156
vt 0.211175 0.039877
vt 0.344092 0.021573
vt 0.218982 0.044558
vt 0.793197 0.033248
vt 0.033652 0.042696
vt 0.981699 0.072654
vt 0.945810 0.071240
vt 0.925709 0.135661
vt 0.028177 0.073185
vt 0.936854 0.139576
vt 0.971749 0.067265
vn 0.190542 -0.979726 -0.061892
vn 0.162086 -0.979722 -0.117781
vn 0.269863 -0.942725 -0.196072
vn 0.317245 -0.942726 -0.103067
vn 0.117763 -0.979722 -0.162099
vn 0.196070 -0.942723 -0.269872
vn 0.061912 -0.979725 -0.190540
vn 0.103078 -0.942722 -0.317254
vn 0.000000 -0.979724 -0.200351
vn 0.000000 -0.942719 -0.333587
vn -0.061912 -0.979725 -0.190540
vn -0.103078 -0.942720 -0.317259
vn -0.117763 -0.979724 -0.162091
vn -0.196070 -0.942722 -0.269874
vn -0.162086 -0.979725 -0.117763
vn -0.269865 -0.942727 -0.196059
vn -0.190542 -0.979726 -0.061902
vn -0.317245 -0.942726 -0.103071
vn -0.200349 -0.979725 -0.000000
vn -0.333574 -0.942724 -0.000000
vn -0.190543 -0.979725 0.061912
vn -0.317244 -0.942725 0.103085
vn -0.162086 -0.979722 0.117781
vn -0.269863 -0.942724 0.196077
vn -0.117762 -0.979722 0.162100
vn -0.196069 -0.942724 0.269868
vn -0.061910 -0.979725 0.190541
vn -0.103078 -0.942725 0.317244
vn 0.000000 -0.979724 0.200352
vn -0.000000 -0.942720 0.333585
vn 0.061910 -0.979723 0.190550
vn 0.103077 -0.942721 0.317257
vn 0.117762 -0.979724 0.162092
vn 0.196069 -0.942724 0.269867
vn 0.162086 -0.979726 0.117754
vn 0.269864 -0.942726 0.196065
vn 0.190543 -0.979725 0.061902
vn 0.317244 -0.942725 0.103081
vn 0.200350 -0.979725 0.000020
vn 0.333574 -0.942724 0.000019
vn 0.380851 -0.882265 -0.276697
vn 0.447714 -0.882266 -0.145463
vn 0.276704 -0.882266 -0.380844
vn 0.145471 -0.882266 -0.447711
vn 0.000000 -0.882264 -0.470755
vn -0.145470 -0.882263 -0.447716
vn -0.276704 -0.882264 -0.380848
vn -0.380850 -0.882265 -0.276697
vn -0.447713 -0.882265 -0.145466
vn -0.470754 -0.882265 -0.000000
vn -0.447712 -0.882265 0.145476
vn -0.380848 -0.882263 0.276706
vn -0.276705 -0.882264 0.380848
vn -0.145471 -0.882264 0.447716
vn 0.000000 -0.882262 0.470758
vn 0.145471 -0.882263 0.447718
vn 0.276705 -0.882265 0.380845
vn 0.380851 -0.882265 0.276697
vn 0.447712 -0.882264 0.145479
vn 0.470753 -0.882265 0.000013
vn 0.485135 -0.800256 -0.352469
vn 0.570309 -0.800257 -0.185301
vn 0.352471 -0.800255 -0.485134
vn 0.185306 -0.800256 -0.570308
vn 0.000000 -0.800256 -0.599659
vn -0.185306 -0.800254 -0.570311
vn -0.352471 -0.800254 -0.485137
vn -0.485134 -0.800254 -0.352475
vn -0.570309 -0.800256 -0.185306
vn -0.599658 -0.800257 0.000000
vn -0.570308 -0.800256 0.185308
vn -0.485133 -0.800255 0.352475
vn -0.352471 -0.800253 0.485138
vn -0.185307 -0.800254 0.570312
vn 0.000000 -0.800258 0.599655
vn 0.185307 -0.800255 0.570310
vn 0.352471 -0.800252 0.485141
vn 0.485134 -0.800255 0.352473
vn 0.570308 -0.800256 0.185308
vn 0.599658 -0.800256 0.000005
vn 0.578712 -0.698789 -0.420459
vn 0.680319 -0.698787 -0.221048
vn 0.420460 -0.698787 -0.578714
vn 0.221051 -0.698788 -0.680317
vn 0.000000 -0.698790 -0.715327
vn -0.221051 -0.698788 -0.680318
vn -0.420460 -0.698788 -0.578713
vn -0.578712 -0.698790 -0.420459
vn -0.680319 -0.698788 -0.221047
vn -0.715330 -0.698786 0.000000
vn -0.680319 -0.698787 0.221050
vn -0.578712 -0.698788 0.420461
vn -0.420460 -0.698787 0.578715
vn -0.221051 -0.698789 0.680316
vn -0.000000 -0.698792 0.715325
vn 0.221051 -0.698788 0.680318
vn 0.420459 -0.698785 0.578717
vn 0.578711 -0.698787 0.420464
vn 0.680318 -0.698788 0.221050
vn 0.715330 -0.698786 0.000000
vn 0.658809 -0.580400 -0.478652
vn 0.774477 -0.580398 -0.251643
vn 0.478652 -0.580399 -0.658809
vn 0.251644 -0.580398 -0.774477
vn -0.000000 -0.580400 -0.814331
vn -0.251644 -0.580402 -0.774473
vn -0.478653 -0.580401 -0.658807
vn -0.658810 -0.580399 -0.478650
vn -0.774478 -0.580398 -0.251638
vn -0.814333 -0.580397 0.000002
vn -0.774477 -0.580398 0.251642
vn -0.658811 -0.580399 0.478649
vn -0.478656 -0.580402 0.658804
vn -0.251643 -0.580402 0.774473
vn 0.000000 -0.580401 0.814331
vn 0.251642 -0.580402 0.774474
vn 0.478655 -0.580401 0.658805
vn 0.658809 -0.580398 0.478654
vn 0.774476 -0.580398 0.251647
vn 0.814333 -0.580398 0.000000
vn 0.723292 -0.447995 -0.525499
vn 0.850278 -0.447996 -0.276272
vn 0.525500 -0.447995 -0.723291
vn 0.276271 -0.447995 -0.850280
vn -0.000000 -0.447996 -0.894036
vn -0.276273 -0.447999 -0.850277
vn -0.525501 -0.447998 -0.723288
vn -0.723291 -0.447995 -0.525500
vn -0.850279 -0.447995 -0.276271
vn -0.894036 -0.447996 0.000002
vn -0.850279 -0.447996 0.276271
vn -0.723292 -0.447997 0.525498
vn -0.525500 -0.447999 0.723289
vn -0.276269 -0.447994 0.850280
vn 0.000000 -0.447991 0.894038
vn 0.276269 -0.447994 0.850281
vn 0.525501 -0.447996 0.723290
vn 0.723290 -0.447995 0.525501
vn 0.850278 -0.447996 0.276273
vn 0.894035 -0.447997 0.000000
vn 0.770525 -0.304790 -0.559816
vn 0.905805 -0.304790 -0.294313
vn 0.559819 -0.304791 -0.770523
vn 0.294314 -0.304790 -0.905805
vn 0.000000 -0.304789 -0.952420
vn -0.294313 -0.304789 -0.905806
vn -0.559818 -0.304789 -0.770524
vn -0.770523 -0.304789 -0.559820
vn -0.905804 -0.304789 -0.294317
vn -0.952420 -0.304790 -0.000001
vn -0.905805 -0.304790 0.294314
vn -0.770524 -0.304789 0.559819
vn -0.559815 -0.304786 0.770527
vn -0.294312 -0.304786 0.905807
vn -0.000000 -0.304788 0.952420
vn 0.294311 -0.304786 0.905807
vn 0.559816 -0.304786 0.770527
vn 0.770524 -0.304789 0.559819
vn 0.905805 -0.304790 0.294313
vn 0.952419 -0.304791 0.000000
vn 0.799336 -0.154251 -0.580749
vn 0.939674 -0.154250 -0.305318
vn 0.580755 -0.154250 -0.799332
vn 0.305319 -0.154249 -0.939674
vn 0.000001 -0.154247 -0.988032
vn -0.305316 -0.154246 -0.939676
vn -0.580751 -0.154248 -0.799334
vn -0.799335 -0.154249 -0.580750
vn -0.939674 -0.154249 -0.305320
vn -0.988032 -0.154249 -0.000001
vn -0.939674 -0.154249 0.305318
vn -0.799335 -0.154249 0.580751
vn -0.580753 -0.154248 0.799333
vn -0.305320 -0.154248 0.939674
vn -0.000000 -0.154248 0.988032
vn 0.305318 -0.154249 0.939675
vn 0.580751 -0.154250 0.799334
vn 0.799335 -0.154250 0.580750
vn 0.939675 -0.154248 0.305317
vn 0.988032 -0.154247 -0.000001
vn 0.809016 -0.000000 -0.587786
vn 0.951056 -0.000000 -0.309018
vn 0.587785 -0.000000 -0.809017
vn 0.309017 -0.000001 -0.951056
vn -0.000000 -0.000000 -1.000000
vn -0.309018 0.000000 -0.951056
vn -0.587787 0.000000 -0.809016
vn -0.809018 -0.000000 -0.587784
vn -0.951056 0.000000 -0.309018
vn -1.000000 0.000000 -0.000000
vn -0.951056 -0.000000 0.309018
vn -0.809016 -0.000000 0.587787
vn -0.587785 -0.000000 0.809017
vn -0.309017 -0.000001 0.951056
vn 0.000000 -0.000000 1.000000
vn 0.309018 0.000000 0.951056
vn 0.587787 0.000000 0.809016
vn 0.809018 -0.000000 0.587784
vn 0.951057 0.000000 0.309016
vn 1.000000 -0.000000 -0.000001
vn 0.799334 0.154251 -0.580751
vn 0.939674 0.154250 -0.305318
vn 0.580749 0.154249 -0.799336
vn 0.305319 0.154249 -0.939674
vn -0.000000 0.154250 -0.988032
vn -0.305321 0.154248 -0.939674
vn -0.580751 0.154247 -0.799334
vn -0.799335 0.154249 -0.580751
vn -0.939674 0.154249 -0.305319
vn -0.988032 0.154249 0.000001
vn -0.939674 0.154249 0.305320
vn -0.799334 0.154248 0.580752
vn -0.580749 0.154246 0.799337
vn -0.305319 0.154247 0.939674
vn 0.000001 0.154251 0.988032
vn 0.305320 0.154249 0.939674
vn 0.580748 0.154249 0.799337
vn 0.799334 0.154250 0.580751
vn 0.939674 0.154248 0.305320
vn 0.988032 0.154247 -0.000000
vn 0.770526 0.304791 -0.559814
vn 0.905805 0.304789 -0.294313
vn 0.559820 0.304791 -0.770522
vn 0.294314 0.304790 -0.905805
vn 0.000000 0.304790 -0.952420
vn -0.294314 0.304789 -0.905805
vn -0.559819 0.304790 -0.770523
vn -0.770527 0.304790 -0.559814
vn -0.905806 0.304789 -0.294312
vn -0.952420 0.304790 0.000000
vn -0.905806 0.304790 0.294312
vn -0.770527 0.304790 0.559813
vn -0.559819 0.304787 0.770524
vn -0.294313 0.304786 0.905807
vn 0.000001 0.304790 0.952420
vn 0.294313 0.304787 0.905806
vn 0.559816 0.304786 0.770527
vn 0.770524 0.304788 0.559819
vn 0.905804 0.304789 0.294317
vn 0.952420 0.304790 0.000000
vn 0.723292 0.447995 -0.525498
vn 0.850279 0.447995 -0.276273
vn 0.525504 0.447999 -0.723286
vn 0.276272 0.447997 -0.850278
vn 0.000000 0.447993 -0.894037
vn -0.276271 0.447995 -0.850279
vn -0.525501 0.447997 -0.723289
vn -0.723291 0.447996 -0.525499
vn -0.850279 0.447996 -0.276271
vn -0.894036 0.447996 0.000001
vn -0.850279 0.447996 0.276269
vn -0.723293 0.447998 0.525496
vn -0.525501 0.447999 0.723288
vn -0.276269 0.447996 0.850279
vn -0.000000 0.447993 0.894037
vn 0.276269 0.447995 0.850280
vn 0.525501 0.447997 0.723289
vn 0.723291 0.447995 0.525500
vn 0.850278 0.447995 0.276276
vn 0.894036 0.447996 0.000002
vn 0.658806 0.580408 -0.478645
vn 0.774472 0.580407 -0.251636
vn 0.478652 0.580410 -0.658800
vn 0.251643 0.580408 -0.774469
vn 0.000000 0.580403 -0.814329
vn -0.251641 0.580408 -0.774470
vn -0.478650 0.580408 -0.658802
vn -0.658804 0.580404 -0.478652
vn -0.774472 0.580405 -0.251640
vn -0.814328 0.580405 0.000002
vn -0.774472 0.580405 0.251642
vn -0.658805 0.580405 0.478650
vn -0.478651 0.580409 0.658801
vn -0.251642 0.580409 0.774469
vn -0.000000 0.580404 0.814329
vn 0.251640 0.580406 0.774472
vn 0.478649 0.580407 0.658804
vn 0.658805 0.580407 0.478648
vn 0.774471 0.580406 0.251642
vn 0.814327 0.580406 0.000002
vn 0.578710 0.698792 -0.420457
vn 0.680317 0.698791 -0.221045
vn 0.420458 0.698791 -0.578711
vn 0.221050 0.698790 -0.680315
vn -0.000000 0.698793 -0.715324
vn -0.221050 0.698792 -0.680314
vn -0.420457 0.698790 -0.578712
vn -0.578710 0.698790 -0.420461
vn -0.680316 0.698790 -0.221051
vn -0.715327 0.698790 -0.000004
vn -0.680317 0.698789 0.221049
vn -0.578709 0.698790 0.420461
vn -0.420458 0.698790 0.578712
vn -0.221051 0.698790 0.680316
vn 0.000000 0.698791 0.715326
vn 0.221051 0.698790 0.680316
vn 0.420458 0.698789 0.578714
vn 0.578709 0.698791 0.420461
vn 0.680316 0.698790 0.221051
vn 0.715328 0.698789 0.000004
vn 0.485146 0.800242 -0.352485
vn 0.570322 0.800246 -0.185311
vn 0.352478 0.800244 -0.485148
vn 0.185309 0.800245 -0.570324
vn -0.000000 0.800244 -0.599674
vn -0.185309 0.800244 -0.570325
vn -0.352479 0.800244 -0.485147
vn -0.485146 0.800244 -0.352481
vn -0.570322 0.800245 -0.185314
vn -0.599672 0.800246 -0.000005
vn -0.570322 0.800246 0.185311
vn -0.485144 0.800244 0.352485
vn -0.352480 0.800243 0.485148
vn -0.185311 0.800244 0.570324
vn 0.000000 0.800244 0.599675
vn 0.185311 0.800244 0.570324
vn 0.352481 0.800244 0.485146
vn 0.485145 0.800245 0.352482
vn 0.570322 0.800245 0.185314
vn 0.599673 0.800246 0.000005
vn 0.380850 0.882262 -0.276709
vn 0.447713 0.882264 -0.145476
vn 0.276704 0.882264 -0.380848
vn 0.145471 0.882267 -0.447710
vn 0.000000 0.882265 -0.470754
vn -0.145470 0.882267 -0.447710
vn -0.276704 0.882266 -0.380844
vn -0.380850 0.882264 -0.276700
vn -0.447713 0.882265 -0.145469
vn -0.470754 0.882265 0.000000
vn -0.447712 0.882265 0.145476
vn -0.380848 0.882263 0.276709
vn -0.276704 0.882264 0.380848
vn -0.145472 0.882267 0.447709
vn -0.000000 0.882266 0.470752
vn 0.145471 0.882266 0.447711
vn 0.276705 0.882264 0.380846
vn 0.380850 0.882264 0.276701
vn 0.447713 0.882265 0.145470
vn 0.470753 0.882265 0.000000
vn 0.269863 0.942723 -0.196081
vn 0.317245 0.942724 -0.103086
vn 0.196070 0.942724 -0.269867
vn 0.103078 0.942724 -0.317249
vn -0.000000 0.942721 -0.333582
vn -0.103079 0.942726 -0.317243
vn -0.196070 0.942725 -0.269862
vn -0.269864 0.942724 -0.196076
vn -0.317245 0.942725 -0.103081
vn -0.333574 0.942724 0.000000
vn -0.317244 0.942725 0.103086
vn -0.269863 0.942723 0.196081
vn -0.196069 0.942724 0.269867
vn -0.103078 0.942724 0.317249
vn -0.000000 0.942722 0.333580
vn 0.103078 0.942725 0.317246
vn 0.196069 0.942725 0.269866
vn 0.269864 0.942724 0.196076
vn 0.317244 0.942725 0.103081
vn 0.333573 0.942724 0.000000
vn 0.162086 0.979723 -0.117777
vn 0.190542 0.979725 -0.061912
vn 0.117764 0.979725 -0.162084
vn 0.061912 0.979724 -0.190548
vn -0.000000 0.979724 -0.200351
vn -0.061912 0.979725 -0.190543
vn -0.117764 0.979724 -0.162087
vn -0.162086 0.979722 -0.117785
vn -0.190542 0.979725 -0.061912
vn -0.200349 0.979725 -0.000000
vn -0.190543 0.979725 0.061912
vn -0.162086 0.979723 0.117777
vn -0.117762 0.979725 0.162084
vn -0.061910 0.979724 0.190549
vn 0.000000 0.979724 0.200352
vn 0.061910 0.979725 0.190544
vn 0.117763 0.979724 0.162087
vn 0.162086 0.979722 0.117785
vn 0.190543 0.979725 0.061912
vn 0.200350 0.979724 -0.000000
vn 0.000000 -1.000000 -0.000000
vn 0.000000 1.000000 0.000000
vn -0.190542 -0.979725 -0.061911
vn -0.317245 -0.942724 -0.103086
vn -0.269863 -0.942725 -0.196071
vn -0.162085 -0.979724 -0.117765
vn -0.196070 -0.942724 -0.269867
vn -0.117763 -0.979722 -0.162099
vn -0.103079 -0.942723 -0.317253
vn -0.061913 -0.979724 -0.190545
vn 0.000000 -0.942722 -0.333579
vn -0.000000 -0.979722 -0.200360
vn 0.103079 -0.942726 -0.317242
vn 0.061912 -0.979724 -0.190548
vn 0.196070 -0.942723 -0.269872
vn 0.117764 -0.979723 -0.162096
vn 0.269863 -0.942724 -0.196073
vn 0.162086 -0.979723 -0.117773
vn 0.317244 -0.942725 -0.103080
vn 0.190542 -0.979725 -0.061909
vn 0.333573 -0.942724 -0.000005
vn 0.200350 -0.979724 0.000000
vn 0.317244 -0.942726 0.103071
vn 0.190543 -0.979725 0.061899
vn 0.269864 -0.942726 0.196065
vn 0.162086 -0.979726 0.117754
vn 0.196069 -0.942723 0.269870
vn 0.117762 -0.979724 0.162091
vn 0.103078 -0.942725 0.317246
vn 0.061910 -0.979723 0.190553
vn 0.000000 -0.942722 0.333579
vn -0.000000 -0.979722 0.200361
vn -0.103078 -0.942722 0.317254
vn -0.061910 -0.979724 0.190546
vn -0.196069 -0.942724 0.269868
vn -0.117762 -0.979724 0.162090
vn -0.269864 -0.942726 0.196065
vn -0.162086 -0.979725 0.117756
vn -0.317244 -0.942726 0.103076
vn -0.190544 -0.979725 0.061912
vn -0.333573 -0.942724 -0.000002
vn -0.200350 -0.979724 0.000000
vn -0.447713 -0.882264 -0.145477
vn -0.380850 -0.882264 -0.276701
vn -0.276704 -0.882267 -0.380841
vn -0.145471 -0.882266 -0.447710
vn -0.000000 -0.882263 -0.470757
vn 0.145470 -0.882264 -0.447715
vn 0.276704 -0.882265 -0.380847
vn 0.380850 -0.882264 -0.276703
vn 0.447713 -0.882264 -0.145479
vn 0.470754 -0.882265 -0.000003
vn 0.447712 -0.882264 0.145476
vn 0.380848 -0.882263 0.276706
vn 0.276705 -0.882265 0.380845
vn 0.145472 -0.882267 0.447710
vn -0.000000 -0.882263 0.470757
vn -0.145471 -0.882264 0.447716
vn -0.276704 -0.882264 0.380847
vn -0.380849 -0.882265 0.276700
vn -0.447712 -0.882265 0.145475
vn -0.470754 -0.882265 -0.000001
vn -0.570308 -0.800256 -0.185307
vn -0.485134 -0.800255 -0.352472
vn -0.352471 -0.800255 -0.485134
vn -0.185307 -0.800256 -0.570309
vn 0.000000 -0.800252 -0.599663
vn 0.185305 -0.800252 -0.570315
vn 0.352472 -0.800254 -0.485137
vn 0.485135 -0.800255 -0.352473
vn 0.570308 -0.800256 -0.185308
vn 0.599657 -0.800257 -0.000000
vn 0.570308 -0.800256 0.185309
vn 0.485134 -0.800255 0.352475
vn 0.352472 -0.800255 0.485135
vn 0.185307 -0.800254 0.570312
vn -0.000000 -0.800255 0.599660
vn -0.185307 -0.800256 0.570309
vn -0.352471 -0.800252 0.485140
vn -0.485133 -0.800255 0.352475
vn -0.570308 -0.800256 0.185307
vn -0.599658 -0.800256 -0.000000
vn -0.680320 -0.698787 -0.221047
vn -0.578712 -0.698789 -0.420460
vn -0.420460 -0.698788 -0.578713
vn -0.221050 -0.698787 -0.680319
vn 0.000000 -0.698788 -0.715329
vn 0.221052 -0.698790 -0.680315
vn 0.420461 -0.698789 -0.578712
vn 0.578711 -0.698790 -0.420459
vn 0.680318 -0.698788 -0.221049
vn 0.715330 -0.698787 0.000000
vn 0.680318 -0.698788 0.221050
vn 0.578712 -0.698789 0.420459
vn 0.420460 -0.698787 0.578714
vn 0.221050 -0.698787 0.680319
vn -0.000000 -0.698788 0.715329
vn -0.221052 -0.698789 0.680316
vn -0.420460 -0.698786 0.578715
vn -0.578712 -0.698787 0.420463
vn -0.680319 -0.698787 0.221050
vn -0.715331 -0.698786 0.000002
vn -0.774477 -0.580398 -0.251642
vn -0.658809 -0.580400 -0.478652
vn -0.478655 -0.580401 -0.658805
vn -0.251644 -0.580400 -0.774475
vn 0.000000 -0.580400 -0.814331
vn 0.251643 -0.580400 -0.774475
vn 0.478653 -0.580400 -0.658807
vn 0.658810 -0.580398 -0.478652
vn 0.774478 -0.580396 -0.251644
vn 0.814334 -0.580396 0.000001
vn 0.774477 -0.580396 0.251645
vn 0.658811 -0.580398 0.478651
vn 0.478653 -0.580398 0.658809
vn 0.251640 -0.580399 0.774477
vn 0.000000 -0.580402 0.814330
vn -0.251644 -0.580405 0.774471
vn -0.478656 -0.580404 0.658801
vn -0.658809 -0.580398 0.478652
vn -0.774476 -0.580398 0.251645
vn -0.814333 -0.580397 0.000001
vn -0.850280 -0.447995 -0.276271
vn -0.723293 -0.447996 -0.525497
vn -0.525500 -0.447996 -0.723291
vn -0.276271 -0.447995 -0.850279
vn -0.000000 -0.447998 -0.894035
vn 0.276271 -0.447996 -0.850279
vn 0.525502 -0.447998 -0.723288
vn 0.723293 -0.447996 -0.525497
vn 0.850279 -0.447994 -0.276274
vn 0.894036 -0.447996 -0.000000
vn 0.850278 -0.447995 0.276274
vn 0.723292 -0.447996 0.525499
vn 0.525500 -0.447997 0.723290
vn 0.276269 -0.447996 0.850279
vn -0.000000 -0.447997 0.894035
vn -0.276270 -0.447996 0.850279
vn -0.525501 -0.447997 0.723289
vn -0.723293 -0.447996 0.525496
vn -0.850280 -0.447996 0.276268
vn -0.894036 -0.447996 -0.000002
vn -0.905805 -0.304789 -0.294314
vn -0.770525 -0.304788 -0.559817
vn -0.559815 -0.304787 -0.770527
vn -0.294313 -0.304789 -0.905805
vn 0.000000 -0.304791 -0.952419
vn 0.294313 -0.304789 -0.905805
vn 0.559819 -0.304791 -0.770523
vn 0.770526 -0.304791 -0.559815
vn 0.905805 -0.304790 -0.294313
vn 0.952420 -0.304790 0.000000
vn 0.905805 -0.304790 0.294314
vn 0.770525 -0.304790 0.559817
vn 0.559817 -0.304787 0.770525
vn 0.294312 -0.304786 0.905807
vn -0.000000 -0.304789 0.952420
vn -0.294313 -0.304788 0.905806
vn -0.559819 -0.304785 0.770525
vn -0.770527 -0.304788 0.559815
vn -0.905806 -0.304790 0.294311
vn -0.952419 -0.304791 -0.000001
vn -0.939675 -0.154251 -0.305317
vn -0.799334 -0.154251 -0.580751
vn -0.580748 -0.154248 -0.799337
vn -0.305318 -0.154248 -0.939675
vn 0.000001 -0.154249 -0.988032
vn 0.305316 -0.154247 -0.939675
vn 0.580747 -0.154248 -0.799337
vn 0.799334 -0.154250 -0.580751
vn 0.939675 -0.154250 -0.305315
vn 0.988032 -0.154249 0.000001
vn 0.939675 -0.154250 0.305316
vn 0.799334 -0.154251 0.580751
vn 0.580748 -0.154248 0.799337
vn 0.305316 -0.154247 0.939675
vn -0.000000 -0.154248 0.988032
vn -0.305320 -0.154249 0.939674
vn -0.580752 -0.154249 0.799333
vn -0.799335 -0.154249 0.580750
vn -0.939674 -0.154250 0.305320
vn -0.988032 -0.154250 0.000000
vn -0.951058 0.000000 -0.309012
vn -0.809018 0.000000 -0.587784
vn -0.587784 0.000000 -0.809018
vn -0.309015 0.000000 -0.951057
vn 0.000000 -0.000000 -1.000000
vn 0.309017 -0.000000 -0.951057
vn 0.587784 0.000000 -0.809018
vn 0.809015 0.000000 -0.587788
vn 0.951056 0.000000 -0.309018
vn 1.000000 0.000000 -0.000001
vn 0.951056 0.000000 0.309018
vn 0.809015 0.000000 0.587788
vn 0.587784 0.000000 0.809018
vn 0.309017 0.000000 0.951057
vn -0.000000 -0.000000 1.000000
vn -0.309015 -0.000001 0.951057
vn -0.587787 -0.000001 0.809016
vn -0.809016 -0.000000 0.587786
vn -0.951056 0.000000 0.309019
vn -1.000000 0.000000 -0.000000
vn -0.939674 0.154251 -0.305319
vn -0.799333 0.154251 -0.580753
vn -0.580749 0.154248 -0.799336
vn -0.305319 0.154248 -0.939674
vn -0.000001 0.154248 -0.988032
vn 0.305319 0.154248 -0.939674
vn 0.580752 0.154248 -0.799334
vn 0.799334 0.154250 -0.580751
vn 0.939674 0.154250 -0.305319
vn 0.988032 0.154249 -0.000000
vn 0.939674 0.154250 0.305319
vn 0.799333 0.154250 0.580753
vn 0.580750 0.154247 0.799335
vn 0.305320 0.154248 0.939674
vn -0.000000 0.154249 0.988032
vn -0.305318 0.154248 0.939675
vn -0.580752 0.154249 0.799334
vn -0.799334 0.154249 0.580751
vn -0.939674 0.154249 0.305320
vn -0.988032 0.154250 -0.000000
vn -0.905804 0.304789 -0.294317
vn -0.770522 0.304788 -0.559821
vn -0.559816 0.304788 -0.770526
vn -0.294315 0.304790 -0.905804
vn -0.000000 0.304791 -0.952419
vn 0.294314 0.304789 -0.905805
vn 0.559817 0.304789 -0.770525
vn 0.770523 0.304790 -0.559819
vn 0.905805 0.304790 -0.294313
vn 0.952420 0.304790 0.000001
vn 0.905805 0.304790 0.294314
vn 0.770525 0.304790 0.559816
vn 0.559815 0.304787 0.770528
vn 0.294312 0.304787 0.905807
vn -0.000001 0.304792 0.952419
vn -0.294315 0.304789 0.905805
vn -0.559818 0.304786 0.770526
vn -0.770526 0.304787 0.559817
vn -0.905805 0.304789 0.294315
vn -0.952419 0.304791 0.000000
vn -0.850280 0.447995 -0.276270
vn -0.723292 0.447995 -0.525499
vn -0.525502 0.447998 -0.723288
vn -0.276272 0.447997 -0.850278
vn -0.000000 0.447993 -0.894037
vn 0.276272 0.447998 -0.850278
vn 0.525501 0.447998 -0.723289
vn 0.723291 0.447994 -0.525501
vn 0.850280 0.447995 -0.276270
vn 0.894036 0.447996 -0.000000
vn 0.850279 0.447996 0.276270
vn 0.723293 0.447997 0.525496
vn 0.525501 0.447998 0.723289
vn 0.276268 0.447995 0.850280
vn 0.000000 0.447995 0.894036
vn -0.276271 0.447996 0.850279
vn -0.525499 0.447995 0.723292
vn -0.723292 0.447995 0.525498
vn -0.850279 0.447995 0.276270
vn -0.894036 0.447996 0.000001
vn -0.774473 0.580406 -0.251637
vn -0.658803 0.580405 -0.478653
vn -0.478649 0.580406 -0.658805
vn -0.251641 0.580403 -0.774473
vn -0.000000 0.580399 -0.814332
vn 0.251642 0.580406 -0.774471
vn 0.478651 0.580409 -0.658801
vn 0.658806 0.580406 -0.478647
vn 0.774473 0.580404 -0.251639
vn 0.814329 0.580404 -0.000000
vn 0.774473 0.580404 0.251640
vn 0.658805 0.580405 0.478651
vn 0.478649 0.580406 0.658805
vn 0.251640 0.580405 0.774472
vn -0.000000 0.580401 0.814331
vn -0.251639 0.580403 0.774474
vn -0.478648 0.580407 0.658805
vn -0.658805 0.580407 0.478648
vn -0.774472 0.580405 0.251640
vn -0.814328 0.580405 0.000004
vn -0.680317 0.698789 -0.221051
vn -0.578708 0.698787 -0.420468
vn -0.420455 0.698788 -0.578717
vn -0.221048 0.698788 -0.680318
vn 0.000000 0.698789 -0.715328
vn 0.221049 0.698789 -0.680317
vn 0.420456 0.698790 -0.578714
vn 0.578709 0.698791 -0.420460
vn 0.680315 0.698790 -0.221051
vn 0.715327 0.698790 -0.000002
vn 0.680316 0.698789 0.221051
vn 0.578707 0.698789 0.420466
vn 0.420454 0.698786 0.578719
vn 0.221049 0.698786 0.680320
vn -0.000001 0.698790 0.715327
vn -0.221051 0.698788 0.680317
vn -0.420457 0.698788 0.578715
vn -0.578709 0.698790 0.420462
vn -0.680317 0.698788 0.221052
vn -0.715329 0.698788 0.000006
vn -0.570322 0.800246 -0.185312
vn -0.485145 0.800244 -0.352483
vn -0.352479 0.800246 -0.485144
vn -0.185310 0.800246 -0.570322
vn 0.000000 0.800242 -0.599677
vn 0.185308 0.800241 -0.570329
vn 0.352480 0.800245 -0.485145
vn 0.485147 0.800245 -0.352477
vn 0.570321 0.800246 -0.185312
vn 0.599671 0.800246 -0.000003
vn 0.570321 0.800246 0.185312
vn 0.485144 0.800243 0.352487
vn 0.352479 0.800241 0.485152
vn 0.185310 0.800241 0.570329
vn -0.000000 0.800245 0.599674
vn -0.185311 0.800245 0.570323
vn -0.352481 0.800245 0.485144
vn -0.485145 0.800247 0.352475
vn -0.570322 0.800246 0.185310
vn -0.599672 0.800245 0.000003
vn -0.447713 0.882264 -0.145472
vn -0.380850 0.882263 -0.276703
vn -0.276704 0.882266 -0.380842
vn -0.145471 0.882267 -0.447709
vn -0.000000 0.882264 -0.470755
vn 0.145470 0.882265 -0.447713
vn 0.276705 0.882268 -0.380839
vn 0.380850 0.882266 -0.276693
vn 0.447714 0.882265 -0.145466
vn 0.470754 0.882265 -0.000000
vn 0.447712 0.882265 0.145472
vn 0.380848 0.882261 0.276712
vn 0.276704 0.882262 0.380852
vn 0.145471 0.882265 0.447713
vn -0.000000 0.882264 0.470754
vn -0.145472 0.882267 0.447708
vn -0.276705 0.882267 0.380839
vn -0.380850 0.882266 0.276694
vn -0.447713 0.882266 0.145466
vn -0.470754 0.882265 -0.000000
vn -0.317245 0.942724 -0.103087
vn -0.269863 0.942724 -0.196075
vn -0.196071 0.942727 -0.269857
vn -0.103079 0.942727 -0.317239
vn -0.000000 0.942725 -0.333571
vn 0.103079 0.942729 -0.317234
vn 0.196071 0.942726 -0.269858
vn 0.269863 0.942724 -0.196073
vn 0.317244 0.942725 -0.103078
vn 0.333573 0.942724 0.000000
vn 0.317243 0.942725 0.103087
vn 0.269863 0.942724 0.196078
vn 0.196070 0.942727 0.269855
vn 0.103078 0.942728 0.317235
vn -0.000000 0.942725 0.333571
vn -0.103078 0.942725 0.317245
vn -0.196069 0.942725 0.269863
vn -0.269864 0.942725 0.196069
vn -0.317244 0.942725 0.103078
vn -0.333573 0.942724 -0.000002
vn -0.190542 0.979724 -0.061924
vn -0.162085 0.979723 -0.117778
vn -0.117763 0.979723 -0.162095
vn -0.061913 0.979723 -0.190549
vn 0.000000 0.979724 -0.200351
vn 0.061912 0.979726 -0.190538
vn 0.117764 0.979725 -0.162082
vn 0.162085 0.979722 -0.117785
vn 0.190542 0.979725 -0.061910
vn 0.200350 0.979724 0.000000
vn 0.190543 0.979724 0.061920
vn 0.162085 0.979722 0.117786
vn 0.117763 0.979727 0.162073
vn 0.061910 0.979726 0.190539
vn -0.000000 0.979724 0.200352
vn -0.061910 0.979721 0.190560
vn -0.117762 0.979723 0.162096
vn -0.162085 0.979724 0.117764
vn -0.190544 0.979724 0.061914
vn -0.200350 0.979725 -0.000005
vn -0.000000 -1.000000 -0.000000
vn -0.000000 1.000000 0.000000
vn 0.947304 0.052306 -0.316038
vn 0.829473 0.068538 -0.554326
vn 0.776063 -0.017382 -0.630416
vn 0.895783 -0.038189 -0.442848
vn 0.597712 0.007478 -0.801676
vn 0.596588 0.069889 -0.799499
vn 0.401865 0.055724 -0.914002
vn 0.415079 0.021275 -0.909537
vn 0.170499 0.034322 -0.984760
vn 0.218202 0.031856 -0.975384
vn -0.055313 0.032400 -0.997943
vn -0.400616 0.051644 -0.914789
vn -0.413436 0.020421 -0.910304
vn -0.073943 0.032844 -0.996722
vn -0.777421 0.060665 -0.626048
vn -0.732751 -0.009874 -0.680425
vn -0.948672 0.040705 -0.313631
vn -0.895783 -0.038189 -0.442848
vn -0.991543 0.010809 -0.129326
vn -0.977706 -0.063036 -0.200293
vn -0.999516 0.009313 0.029697
vn -0.967903 0.027610 0.249803
vn -0.951106 -0.086639 0.296464
vn -0.996949 -0.078046 -0.001386
vn -0.766935 0.044068 0.640210
vn -0.773246 -0.076534 0.629470
vn -0.395007 0.013119 0.918585
vn -0.444086 -0.053592 0.894380
vn -0.059607 -0.013830 0.998126
vn -0.079012 -0.040804 0.996038
vn 0.229313 -0.039972 0.972532
vn 0.181017 -0.010975 0.983419
vn 0.388592 0.015806 0.921274
vn 0.441433 -0.052334 0.895767
vn 0.623664 -0.062682 0.779175
vn 0.575566 0.044118 0.816565
vn 0.822809 0.061640 0.564965
vn 0.811658 -0.080501 0.578559
vn 0.968064 0.042276 0.247114
vn 0.951106 -0.086639 0.296464
vn 0.999344 0.023006 0.027971
vn 0.996949 -0.078046 -0.001386
vn 0.977707 -0.063036 -0.200290
vn 0.991046 0.023232 -0.131486
vn 0.791595 0.208005 -0.574554
vn 0.905583 0.098521 -0.412568
vn 0.617307 0.271884 -0.738249
vn 0.425722 0.330642 -0.842281
vn 0.227527 0.349844 -0.908758
vn -0.425769 0.330942 -0.842139
vn -0.077810 0.373367 -0.924415
vn -0.748123 0.220445 -0.625873
vn -0.905584 0.098521 -0.412568
vn -0.983343 0.003973 -0.181719
vn -0.942555 -0.241446 0.230856
vn -0.995160 -0.096443 -0.018838
vn -0.765153 -0.402436 0.502580
vn -0.442656 -0.534594 0.719906
vn -0.078120 -0.587139 0.805708
vn 0.228480 -0.577127 0.784042
vn 0.442197 -0.535473 0.719535
vn 0.617616 -0.474322 0.627351
vn 0.803948 -0.372377 0.463684
vn 0.942555 -0.241446 0.230855
vn 0.995160 -0.096442 -0.018837
vn 0.983343 0.003972 -0.181717
vn 0.849758 0.152964 -0.504493
vn 0.941427 0.065212 -0.330853
vn 0.671693 0.238883 -0.701259
vn 0.515875 0.284160 -0.808162
vn 0.279308 0.332728 -0.900710
vn -0.487325 0.327770 -0.809371
vn -0.065375 0.356120 -0.932150
vn -0.809336 0.223710 -0.543074
vn -0.937053 0.120608 -0.327697
vn -0.987705 0.040333 -0.151039
vn -0.937000 -0.200092 0.286346
vn -0.996755 -0.067709 0.043529
vn -0.756709 -0.346423 0.554421
vn -0.431086 -0.464596 0.773508
vn -0.068604 -0.509565 0.857693
vn 0.248850 -0.499091 0.830049
vn 0.453269 -0.460411 0.763262
vn 0.639084 -0.404461 0.654204
vn 0.805129 -0.321239 0.498571
vn 0.935430 -0.215403 0.280306
vn 0.994271 -0.098607 0.041264
vn 0.988572 -0.004749 -0.150677
vn 0.872639 -0.103441 -0.477285
vn 0.950432 -0.112332 -0.289934
vn 0.712607 -0.106882 -0.693374
vn 0.552979 -0.109075 -0.826025
vn 0.303914 -0.087024 -0.948716
vn -0.499702 -0.012884 -0.866102
vn -0.080469 -0.053925 -0.995297
vn -0.813997 0.003882 -0.580857
vn -0.939749 -0.020826 -0.341231
vn -0.990232 -0.051837 -0.129437
vn -0.926159 -0.169706 0.336793
vn -0.993307 -0.096108 0.064072
vn -0.734795 -0.234237 0.636561
vn -0.394186 -0.264386 0.880181
vn -0.013693 -0.238600 0.971022
vn 0.304212 -0.227001 0.925162
vn 0.514667 -0.187221 0.836699
vn 0.690908 -0.170342 0.702588
vn 0.838442 -0.133394 0.528414
vn 0.945990 -0.115655 0.302864
vn 0.992381 -0.102922 0.067730
vn 0.988224 -0.094162 -0.120611
vn 0.873111 -0.074121 -0.481854
vn 0.943744 0.001098 -0.330674
vn 0.734871 -0.145784 -0.662353
vn 0.634690 -0.200427 -0.746323
vn 0.463776 -0.256918 -0.847882
vn -0.402441 -0.323921 -0.856222
vn 0.069970 -0.357381 -0.931334
vn -0.840993 -0.185218 -0.508354
vn -0.958372 -0.113935 -0.261806
vn -0.990985 -0.071752 -0.113137
vn -0.925471 -0.141348 0.351459
vn -0.990020 -0.109046 0.089277
vn -0.710623 -0.171432 0.682368
vn -0.275892 -0.143913 0.950354
vn 0.155969 -0.064460 0.985656
vn 0.428324 0.029822 0.903133
vn 0.600348 0.079465 0.795781
vn 0.700706 0.087978 0.708005
vn 0.874203 0.111821 0.472510
vn 0.966024 0.109871 0.233935
vn 0.996799 0.079262 0.010486
vn 0.988390 0.042378 -0.145906
vn 0.861503 0.155848 -0.483244
vn 0.902455 0.259854 -0.343585
vn 0.722451 0.004708 -0.691406
vn 0.613740 -0.077335 -0.785711
vn 0.493198 -0.197060 -0.847303
vn -0.040767 -0.535663 -0.843447
vn 0.283780 -0.379850 -0.880445
vn -0.548540 -0.646067 -0.530756
vn -0.862746 -0.443125 -0.243535
vn -0.928961 -0.368898 -0.030771
vn -0.880033 -0.255252 0.400484
vn -0.911248 -0.401737 0.090742
vn -0.614255 -0.293080 0.732662
vn -0.014569 -0.196179 0.980460
vn 0.448196 -0.059580 0.891948
vn 0.652670 0.087533 0.752569
vn 0.733327 0.126593 0.667986
vn 0.757923 0.220312 0.614015
vn 0.851912 0.364672 0.375847
vn 0.901036 0.389815 0.190208
vn 0.927125 0.372665 -0.039489
vn 0.925819 0.331538 -0.181501
vn -0.920823 -0.376434 -0.101889
vn -0.913456 -0.402870 -0.057397
vn 0.000000 -1.000000 0.000000
vn 0.004082 -0.999919 -0.012074
vn -0.924895 0.196367 0.325591
vn -0.994097 0.096721 0.049158
vn -0.997836 0.018449 -0.063116
vn -0.995370 0.028786 -0.091702
vn 0.833558 -0.064828 0.548615
vn 0.827131 0.422793 0.370271
vn -0.842744 0.469063 0.264126
vn -0.883544 -0.063071 0.464082
vn 0.997282 0.035334 -0.064655
vn 0.995393 0.035150 -0.089203
vn 0.986773 0.158708 0.033042
vn 0.945806 0.222490 0.236535
vn -0.791411 0.028799 -0.610606
vn -0.326998 -0.013615 -0.944927
vn -0.300302 -0.255535 -0.918978
vn -0.812737 -0.208533 -0.544033
vn -0.335325 0.204907 0.919549
vn -0.229706 0.960568 0.156664
vn -0.890632 0.454401 0.017168
vn -0.999978 -0.005136 0.004140
vn -0.086398 -0.994347 0.061721
vn -0.848818 -0.527017 -0.041965
vn 0.888300 0.437811 0.138729
vn 0.999416 0.023328 -0.024981
vn -0.982084 0.072380 -0.173989
vn -0.983465 -0.100300 -0.150784
vn -0.324893 -0.526826 -0.785429
vn 0.000000 -1.000000 0.000000
vn -0.875555 -0.429496 -0.221217
vn -0.757727 -0.473605 -0.448941
vn 0.863409 0.057785 -0.501184
vn 0.974608 0.096275 -0.202163
vn 0.981687 -0.060470 -0.180650
vn 0.866078 -0.161213 -0.473201
vn 0.813956 -0.471206 0.339765
vn -0.824310 -0.518186 0.228028
vn 0.901959 -0.424949 -0.076735
vn 0.887237 -0.454960 -0.076304
vn 0.878015 -0.472609 -0.075701
vn 0.881107 -0.427310 -0.202625
vn 0.800899 -0.445820 -0.399757
vn 0.337460 -0.008324 -0.941303
vn 0.549671 0.012480 -0.835288
vn 0.302924 -0.240825 -0.922085
vn 0.547593 -0.231016 -0.804222
vn 0.312008 -0.494250 -0.811399
vn 0.530871 -0.486747 -0.693725
vn 0.000000 -1.000000 0.000000
vn -0.004406 -0.999918 -0.011995
vn 0.000000 -1.000000 0.000000
vn 0.904493 -0.060037 0.422242
vn -0.755779 -0.075621 0.650446
vn -0.726816 -0.538042 0.426908
vn 0.852083 -0.499049 0.157813
vn 0.861612 0.468073 0.196299
vn -0.746241 0.473890 0.467496
vn 0.460466 0.299689 0.835559
vn 0.066634 -0.036854 -0.997097
vn 0.320649 0.250615 0.913442
vn 0.110296 0.137680 0.984317
vn 0.273586 0.954403 0.119442
vn 0.090794 0.994334 0.055286
vn 0.994880 -0.025753 0.097732
vn 0.985808 0.167851 -0.002984
vn 0.154401 0.832000 0.532857
vn 0.151210 -0.139834 0.978561
vn 0.989641 -0.140903 -0.027528
vn 0.055240 -0.880938 0.469996
vn -0.011215 -0.999937 -0.000160
vn -0.003887 -0.999977 -0.005608
vn 0.123251 -0.991281 0.046595
vn 0.000000 -1.000000 0.000000
vn 0.000000 -1.000000 0.000000
vn 0.005227 -0.609646 -0.792657
vn 0.006385 -0.249802 -0.968276
vn -0.015261 -0.040581 -0.999060
vn 0.006382 -0.249821 -0.968271
vn 0.005220 -0.610686 -0.791856
vn 0.000000 -1.000000 0.000000
vn 0.000000 -1.000000 0.000000
vn 0.001225 -0.999989 -0.004607
vn 0.014048 -0.994694 0.101914
vn 0.886223 -0.399783 0.234056
vn 0.904847 -0.051842 0.422570
vn -0.911127 -0.065747 0.406847
vn -0.885992 -0.419269 0.198071
vn 0.890881 0.375121 0.256156
vn -0.893660 0.383630 0.232809
vn -0.015491 0.981756 0.189511
vn -0.031084 0.135226 0.990327
vn 0.953214 -0.051080 0.297951
vn 0.772950 -0.629862 -0.076298
vn 0.995276 0.010430 -0.096520
vn 0.832329 0.553485 -0.029709
vn 0.151851 -0.165933 0.974375
vn -0.933669 -0.039627 0.355939
vn -0.929008 0.255768 0.267447
vn -0.916974 -0.307135 0.254609
vn -0.839000 -0.093006 0.536124
vn 0.988138 0.088912 -0.125209
vn 0.980099 -0.022092 -0.197276
vn 0.831227 -0.521624 -0.192275
vn 0.000000 -1.000000 -0.000000
vn 0.000000 -1.000000 0.000000
vn 0.000000 -1.000000 0.000000
vn 0.000000 -1.000000 -0.000000
vn -0.843183 -0.486390 -0.229056
vn -0.984062 -0.039248 -0.173441
vn -0.994842 0.047514 -0.089621
vn -0.997714 0.060683 -0.029737
vn -0.995336 0.017728 -0.094829
vn -0.915894 -0.379914 -0.129630
vn 0.000000 -1.000000 -0.000000
vn 0.000000 -1.000000 0.000000
vn 0.000000 -1.000000 0.000000
vn 0.000000 -1.000000 -0.000000
vn 0.878722 -0.461260 -0.122825
vn 0.991666 0.041379 -0.122012
vn 0.992010 0.115391 -0.051010
vn 0.933287 0.005059 0.359095
vn 0.936755 -0.048770 0.346571
vn 0.941242 0.224457 0.252354
vn 0.805551 0.558806 0.197035
vn 0.770657 0.618292 0.154282
vn 0.756416 0.652816 -0.040805
vn 0.765660 0.573317 -0.291671
vn 0.757770 0.630852 -0.166764
vn 0.749079 0.509468 -0.423466
vn 0.659226 0.264482 -0.703896
vn 0.498249 0.045094 -0.865860
vn 0.409231 -0.027346 -0.912021
vn 0.179922 -0.507077 -0.842912
vn 0.357610 -0.193497 -0.913605
vn -0.251026 -0.779200 -0.574311
vn 0.838718 -0.411609 0.356553
vn 0.439654 -0.820178 0.366077
vn 0.851428 -0.260186 0.455383
vn -0.311304 -0.903228 0.295414
vn -0.575081 -0.776478 -0.257611
vn -0.655004 -0.755158 0.026566
vn -0.509269 -0.857510 0.072948
vn 0.964648 0.003746 -0.263515
vn 0.830275 0.026475 -0.556724
vn 0.809527 -0.059084 -0.584101
vn 0.944901 -0.056234 -0.322489
vn 0.628314 -0.060875 -0.775575
vn 0.599845 0.027048 -0.799659
vn 0.330892 0.001888 -0.943667
vn 0.379355 -0.064862 -0.922975
vn 0.001364 -0.010076 -0.999948
vn 0.000000 -0.066608 -0.997779
vn -0.404431 0.006700 -0.914544
vn -0.448256 -0.064414 -0.891582
vn -0.778705 0.018163 -0.627128
vn -0.770397 -0.059905 -0.634744
vn -0.965314 -0.007771 -0.260975
vn -0.944937 -0.056223 -0.322385
vn -0.999611 -0.027891 0.000681
vn -0.998490 -0.054931 0.000036
vn -0.967320 -0.010339 0.253346
vn -0.944980 -0.056494 0.322214
vn -0.768741 0.003656 0.639549
vn -0.770544 -0.060550 0.634505
vn -0.385168 -0.033408 0.922242
vn -0.448006 -0.065303 0.891643
vn 0.000986 -0.059874 0.998205
vn 0.000952 -0.067309 0.997732
vn 0.318863 -0.045246 0.946720
vn 0.380290 -0.065185 0.922567
vn 0.628523 -0.060907 0.775403
vn 0.568758 -0.001447 0.822504
vn 0.824477 0.019361 0.565564
vn 0.809527 -0.059084 0.584103
vn 0.967459 0.002475 0.253015
vn 0.944901 -0.056234 0.322489
vn 0.999886 -0.015074 -0.000972
vn 0.998492 -0.054900 0.000000
vn 0.809664 -0.071590 -0.582511
vn 0.945241 -0.068370 -0.319132
vn 0.627940 -0.073623 -0.774771
vn 0.378631 -0.077627 -0.922287
vn -0.001109 -0.079040 -0.996871
vn -0.450167 -0.076125 -0.889694
vn -0.772321 -0.070789 -0.631276
vn -0.945770 -0.066748 -0.317907
vn -0.997816 -0.065909 0.004410
vn -0.942889 -0.068569 0.325974
vn -0.766626 -0.073785 0.637841
vn -0.441948 -0.078927 0.893562
vn 0.006386 -0.080060 0.996770
vn 0.382458 -0.076737 0.920781
vn 0.628463 -0.071552 0.774542
vn 0.807100 -0.069359 0.586327
vn 0.942667 -0.066755 0.326990
vn 0.997795 -0.066198 0.004717
vn 0.808852 -0.094112 -0.580432
vn 0.944505 -0.097985 -0.313545
vn 0.625331 -0.089510 -0.775209
vn 0.370168 -0.083336 -0.925219
vn -0.014033 -0.071282 -0.997358
vn -0.462701 -0.055308 -0.884788
vn -0.779847 -0.045284 -0.624331
vn -0.949137 -0.045142 -0.311610
vn -0.998435 -0.054879 0.010807
vn -0.939468 -0.073021 0.334765
vn -0.754577 -0.096982 0.649005
vn -0.418053 -0.120467 0.900400
vn 0.032763 -0.132760 0.990607
vn 0.398550 -0.130241 0.907852
vn 0.635038 -0.120408 0.763039
vn 0.806684 -0.117184 0.579249
vn 0.938835 -0.108165 0.326939
vn 0.994757 -0.101762 0.010118
vn 0.792845 0.031612 -0.608603
vn 0.939648 0.007370 -0.342062
vn 0.599067 0.067170 -0.797877
vn 0.313500 0.099980 -0.944310
vn -0.073297 0.107679 -0.991480
vn -0.500841 0.115284 -0.857827
vn -0.745916 0.087638 -0.660249
vn -0.940911 0.019901 -0.338069
vn -0.999777 -0.013005 0.016625
vn -0.957831 -0.066977 0.279416
vn -0.708110 -0.235539 0.665659
vn -0.300319 -0.335664 0.892826
vn 0.159583 -0.342443 0.925887
vn 0.482458 -0.291147 0.826116
vn 0.669443 -0.232925 0.705402
vn 0.835183 -0.172756 0.522135
vn 0.952600 -0.106716 0.284894
vn 0.998877 -0.042992 -0.019923
vn 0.822615 0.150339 -0.548364
vn 0.944962 0.150973 -0.290266
vn 0.634964 0.138644 -0.759999
vn 0.463613 0.104161 -0.879894
vn 0.014657 0.093356 -0.995525
vn -0.509740 0.089897 -0.855619
vn -0.718175 0.116645 -0.686016
vn -0.914955 0.090657 -0.393242
vn -0.999339 0.030901 -0.019149
vn -0.956161 -0.109075 0.271770
vn -0.699128 -0.300507 0.648780
vn -0.254394 -0.388754 0.885525
vn 0.257574 -0.314575 0.913618
vn 0.557396 -0.184688 0.809444
vn 0.686327 -0.118708 0.717540
vn 0.852929 -0.016258 0.521774
vn 0.956169 0.064462 0.285631
vn 0.992021 0.126032 0.003368
vn 0.890654 0.190770 -0.412725
vn 0.933319 0.267153 -0.239887
vn 0.809059 0.055831 -0.585070
vn 0.764131 -0.049273 -0.643176
vn 0.600605 -0.186557 -0.777477
vn 0.175796 -0.493982 -0.851515
vn -0.121793 -0.651254 -0.749022
vn -0.830308 -0.395681 -0.392462
vn -0.947880 -0.311004 0.069283
vn -0.743668 -0.564848 0.357638
vn -0.452118 -0.488245 0.746463
vn -0.064302 -0.289163 0.955118
vn 0.408964 -0.068440 0.909981
vn 0.563114 0.045706 0.825114
vn 0.656173 0.093236 0.748828
vn 0.846996 0.203507 0.491104
vn 0.931985 0.276364 0.234578
vn 0.953032 0.302833 -0.004815
vn 0.454781 -0.722751 0.520390
vn 0.566168 -0.658138 0.496294
vn 0.574637 -0.507181 0.642308
vn 0.359749 -0.576129 0.733932
vn 0.354231 -0.307335 0.883213
vn 0.605690 -0.297025 0.738184
vn 0.726476 -0.102800 0.679459
vn 0.384762 -0.081503 0.919411
vn 0.393642 -0.003722 0.919256
vn 0.654416 0.000546 0.756134
vn 0.589190 0.132505 0.797055
vn 0.345189 0.124566 0.930230
vn 0.567168 0.733349 0.374860
vn 0.639267 0.601412 0.479209
vn 0.660347 0.696036 0.281916
vn 0.600648 0.746947 0.285118
vn 0.603645 0.793614 -0.076089
vn 0.560695 0.826280 -0.053696
vn 0.499818 0.859367 -0.108033
vn 0.561193 0.818764 -0.121195
vn 0.252012 0.929253 -0.270148
vn 0.322506 0.902502 -0.285446
vn 0.330258 0.913360 -0.238124
vn 0.300835 0.919177 -0.254189
vn 0.376170 -0.926123 0.028159
vn 0.403314 -0.914402 0.034747
vn 0.447797 -0.866632 0.220063
vn 0.419308 -0.890615 0.176031
vn 0.485075 -0.819218 0.305916
vn 0.608503 -0.700561 0.372744
vn 0.909431 -0.352903 -0.219989
vn 0.802492 -0.588287 -0.099626
vn 0.731391 -0.670933 -0.122133
vn 0.986534 -0.129579 -0.099801
vn 0.804970 -0.347115 0.481181
vn 0.932510 -0.126804 -0.338151
vn 0.925624 -0.191896 -0.326183
vn 0.984121 -0.121946 -0.128981
vn 0.980076 -0.146757 -0.133839
vn 0.916846 -0.117710 0.381494
vn 0.930537 -0.084772 0.356250
vn 0.936686 0.259590 -0.235015
vn 0.959838 0.081498 -0.268457
vn 0.990526 -0.000713 -0.137326
vn 0.977494 0.169255 -0.125931
vn 0.950279 0.266601 -0.160913
vn 0.858953 0.297701 0.416622
vn 0.903062 0.394684 0.169423
vn 0.905442 0.410832 0.106730
vn 0.914056 0.287808 0.285777
vn 0.949650 -0.061676 0.307182
vn 0.947611 0.020998 0.318735
vn 0.874234 0.308154 0.375176
vn 0.790935 0.364481 0.491503
vn 0.961523 0.269913 -0.051198
vn 0.968349 0.247376 -0.033256
vn 0.999951 -0.009847 0.000514
vn 0.999960 -0.008976 0.000653
vn 0.905326 -0.413645 -0.096347
vn 0.881395 -0.467046 -0.070793
vn 0.827061 -0.041676 0.560566
vn 0.900865 -0.043438 0.431921
vn 0.743164 -0.558546 0.368422
vn 0.636488 -0.594373 0.491533
vn 0.935027 -0.334382 0.117960
vn 0.987281 -0.086555 -0.133359
vn 0.974537 -0.171270 -0.144725
vn 0.904247 -0.422346 0.062939
vn 0.996839 -0.064987 -0.045705
vn 0.998419 -0.040836 -0.038624
vn 0.994790 -0.078530 -0.065006
vn 0.984851 -0.132838 -0.111455
vn 0.997144 -0.001339 -0.075519
vn 0.995380 -0.011669 -0.095306
vn 0.992393 0.087838 -0.086256
vn 0.998003 0.062626 0.008251
vn 0.891182 0.437962 -0.118256
vn 0.870711 0.483998 0.087228
vn 0.974454 0.211113 -0.076625
vn 0.927056 0.298512 -0.226842
vn 0.987672 -0.101868 0.118857
vn 0.988005 0.108961 0.109427
vn 0.974886 -0.007652 0.222574
vn 0.972406 -0.064489 0.224203
vn 0.940772 -0.126082 0.314725
vn 0.947316 -0.112293 0.299970
vn 0.948856 -0.115092 0.293983
vn 0.948854 -0.130499 0.287484
vn 0.801690 -0.593803 0.068487
vn 0.914501 -0.347637 0.206968
vn 0.928990 -0.330420 0.166734
vn 0.814987 -0.579341 0.012669
vn 0.950468 -0.119541 0.286914
vn 0.953224 -0.120178 0.277345
vn 0.957806 -0.111455 0.264926
vn 0.956711 -0.116685 0.266626
vn 0.740092 -0.661164 -0.122986
vn 0.932295 -0.329590 0.148984
vn 0.939664 -0.327762 0.097994
vn 0.652134 -0.709359 -0.267453
vn 0.953191 -0.129160 0.273396
vn 0.952718 -0.126821 0.276124
vn 0.936866 -0.157413 0.312254
vn 0.936226 -0.144277 0.320414
vn 0.681611 -0.691944 -0.237948
vn 0.938035 -0.325799 0.118092
vn 0.933960 -0.309814 0.178140
vn 0.846099 -0.532693 -0.018820
vn 0.061623 -0.576106 0.815049
vn 0.014574 -0.774222 0.632746
vn 0.299252 -0.210303 0.930710
vn 0.130872 -0.427475 0.894504
vn 0.434773 0.164579 0.885374
vn 0.442993 -0.012063 0.896444
vn 0.023264 0.253790 0.966979
vn 0.069371 0.480313 0.874349
vn 0.064963 -0.555831 0.828753
vn 0.010698 -0.051124 0.998635
vn 0.870618 -0.207983 0.445834
vn 0.708334 -0.705836 0.007623
vn 0.347160 -0.868238 -0.354463
vn 0.810034 -0.542134 0.223464
vn -0.004916 -0.929467 -0.368872
vn -0.004936 -0.960393 -0.278606
vn -0.029360 -0.821850 -0.568947
vn -0.010186 -0.866676 -0.498767
vn -0.000395 -0.819060 -0.573707
vn -0.025241 -0.818060 -0.574579
vn 0.638914 0.337296 0.691390
vn 0.442024 0.462787 0.768403
vn 0.401426 0.450831 0.797251
vn 0.648026 0.313070 0.694297
vn 0.664439 0.367555 0.650710
vn 0.333602 0.588922 0.736125
vn 0.398288 0.500475 0.768694
vn 0.653827 0.331935 0.679948
vn 0.663150 0.498056 0.558723
vn 0.246655 0.779472 0.575835
vn 0.257537 0.654173 0.711148
vn 0.661496 0.398424 0.635360
vn 0.764409 0.577697 0.286260
vn 0.188153 0.911986 0.364528
vn 0.198628 0.859522 0.470924
vn 0.693317 0.577590 0.430932
vn 0.765147 0.562984 0.312408
vn 0.117612 0.939801 0.320844
vn -0.000029 0.714808 0.699321
vn 0.000000 0.714803 0.699326
vn -0.000000 -0.053182 0.998585
vn -0.000009 -0.056116 0.998424
vn 0.803881 -0.020937 -0.594422
vn 0.109275 0.214765 -0.970533
vn 0.088587 0.248637 -0.964537
vn 0.825920 -0.188079 -0.531491
vn 0.822890 0.074972 -0.563233
vn 0.119592 0.156895 -0.980348
vn 0.119501 0.161587 -0.979597
vn 0.814878 0.083785 -0.573545
vn 0.822850 0.129207 -0.553375
vn 0.142650 0.158812 -0.976949
vn 0.148405 -0.198133 -0.968875
vn 0.760817 -0.295460 -0.577807
vn 0.176797 0.936492 -0.302862
vn 0.142625 0.847378 -0.511478
vn 0.413651 0.807259 -0.420982
vn 0.172364 0.955732 -0.238468
vn -0.002328 -0.997656 -0.068396
vn -0.000810 -0.990312 -0.138858
vn 0.426129 -0.894610 -0.134492
vn 0.407299 -0.910601 -0.070096
vn -0.011612 -0.996657 0.080871
vn -0.009120 -0.999768 0.019501
vn -0.011374 -0.947366 0.319952
vn 0.000000 0.862826 -0.505501
vn 0.065766 0.851879 -0.519593
vn 0.116923 0.942921 -0.311816
vn 0.000000 0.950538 -0.310608
vn 0.000000 -0.173877 -0.984767
vn 0.075476 -0.183553 -0.980108
vn 0.074131 0.156795 -0.984845
vn 0.000000 0.144455 -0.989511
vn 0.000000 0.162752 -0.986667
vn 0.063668 0.162423 -0.984665
vn 0.063684 0.157626 -0.985443
vn 0.000000 0.157980 -0.987442
vn 0.000000 0.280288 -0.959916
vn 0.053035 0.263577 -0.963179
vn 0.060217 0.218702 -0.973932
vn 0.000000 0.227537 -0.973769
vn -0.033292 0.982563 -0.182923
vn -0.000000 0.983108 -0.183027
vn -0.000001 0.999526 0.030785
vn -0.052140 0.992658 0.109139
vn 0.000000 0.709789 0.704414
vn 0.167893 0.680301 0.713444
vn 0.159447 0.795693 0.584336
vn 0.000000 0.820434 0.571741
vn 0.000000 0.598048 0.801460
vn 0.263023 0.547065 0.794695
vn 0.216922 0.627557 0.747741
vn 0.000000 0.665612 0.746298
vn -0.000000 0.493928 0.869503
vn 0.265954 0.472277 0.840371
vn 0.294138 0.512404 0.806799
vn 0.000000 0.557660 0.830070
vn 0.494317 -0.869233 -0.009207
vn -0.002009 -0.999093 -0.042526
vn -0.003861 -0.929442 -0.368948
vn 0.340645 -0.867362 -0.362827
vn -0.920824 -0.376434 -0.101889
vn -0.913456 -0.402870 -0.057397
vn 0.000000 -1.000000 0.000000
vn 0.004082 -0.999919 -0.012074
vn -0.921603 0.166451 0.350632
vn -0.995926 0.073160 0.052717
vn -0.997806 0.022023 -0.062432
vn -0.995423 0.027669 -0.091475
vn 0.833558 -0.064828 0.548615
vn 0.827131 0.422793 0.370272
vn -0.842744 0.469064 0.264126
vn -0.883544 -0.063070 0.464082
vn 0.997181 0.037495 -0.065002
vn 0.995320 0.038088 -0.088812
vn 0.990294 0.133510 0.038633
vn 0.949306 0.193589 0.247670
vn -0.793202 0.006266 -0.608927
vn -0.329014 -0.038816 -0.943527
vn -0.300302 -0.255535 -0.918978
vn -0.812737 -0.208533 -0.544033
vn -0.298197 0.138735 0.944368
vn -0.227815 0.960359 0.160656
vn -0.892882 0.449924 0.018168
vn -0.999970 -0.006381 0.004427
vn -0.086398 -0.994347 0.061721
vn -0.848818 -0.527016 -0.041966
vn 0.889460 0.431515 0.150520
vn 0.999552 0.017683 -0.024145
vn 0.634320 -0.715858 0.291866
vn 0.730145 -0.680228 0.064638
vn 0.789204 -0.593660 0.157245
vn 0.678790 -0.656189 0.329636
vn 0.812639 -0.392109 -0.431124
vn 0.902535 -0.268689 -0.336506
vn 0.899938 -0.362465 -0.242347
vn 0.980423 -0.194464 0.030895
vn 0.881908 -0.092398 -0.462277
vn 0.778816 -0.234814 -0.581643
vn 0.985984 -0.074637 0.149212
vn 0.986263 -0.014764 0.164519
vn 0.956180 0.276511 -0.096236
vn 0.940399 0.074646 -0.331780
vn 0.154881 -0.488717 -0.858585
vn 0.046164 -0.702045 -0.710635
vn 0.130430 -0.840497 0.525883
vn 0.182326 -0.980127 0.078158
vn 0.713420 -0.435326 0.549111
vn 0.069539 -0.597240 0.799042
vn 0.102109 -0.772504 0.626746
vn 0.700486 -0.591322 0.399573
vn 0.750868 0.354558 0.557212
vn 0.340032 0.620659 0.706513
vn 0.432503 0.737943 0.518054
vn 0.756775 0.566140 0.326766
vn 0.136745 -0.462509 -0.876006
vn 0.000211 -0.466024 -0.884772
vn 0.000121 -0.683432 -0.730014
vn 0.044981 -0.683377 -0.728678
vn 0.830371 -0.478976 0.284721
vn 0.831032 -0.266845 0.488037
vn 0.976864 -0.094572 -0.191813
vn 0.980988 0.152771 0.119683
vn 0.184060 -0.893120 -0.410437
vn 0.166683 -0.688497 -0.705825
vn 0.606367 -0.130495 0.784404
vn 0.677600 0.133361 0.723238
vn 0.317067 0.320094 0.892753
vn 0.201818 0.057427 0.977738
vn 0.728683 0.482555 0.485965
vn 0.435074 0.605631 0.666275
vn 0.324949 0.636970 0.699055
vn 0.314022 0.800580 0.510355
vn 0.000564 0.848545 0.529123
vn 0.000086 0.666683 0.745341
vn -0.003845 -0.999531 -0.030382
vn -0.000000 -0.999549 -0.030045
vn -0.000000 -0.997702 -0.067758
vn -0.001934 -0.997675 -0.068121
vn 0.381203 -0.923761 -0.036748
vn -0.004583 -0.999522 -0.030572
vn 0.429006 -0.900584 -0.070018
vn 0.405064 -0.913399 -0.040308
vn -0.987376 0.042053 -0.152708
vn -0.983908 -0.078532 -0.160492
vn -0.324894 -0.526826 -0.785429
vn 0.000000 -1.000000 0.000000
vn -0.846782 -0.484099 -0.220475
vn -0.757727 -0.473606 -0.448941
vn 0.865084 0.036358 -0.500307
vn 0.980283 0.072380 -0.183866
vn 0.981130 -0.047680 -0.187380
vn 0.866078 -0.161213 -0.473201
vn 0.893425 0.425818 -0.143078
vn 0.914937 0.360382 -0.181699
vn 0.296604 0.917770 -0.264053
vn 0.358570 0.908085 -0.216355
vn 0.659907 0.597670 -0.455317
vn 0.821078 -0.303292 -0.483575
vn 0.870315 0.095731 -0.483103
vn 0.861130 0.060962 -0.504717
vn 0.866120 0.050238 -0.497305
vn 0.899364 -0.139308 -0.414412
vn 0.871572 -0.045302 -0.488169
vn 0.000000 1.000000 0.000000
vn 0.000000 1.000000 0.000000
vn 0.000000 1.000000 0.000000
vn 0.000000 1.000000 0.000000
vn -0.110414 0.978957 0.171617
vn -0.082667 0.968737 0.233913
vn 0.987532 0.148068 0.053454
vn -0.142584 0.964651 0.221627
vn -0.374369 -0.248585 0.893339
vn -0.377854 -0.218286 0.899765
vn 0.640632 -0.694492 0.327524
vn 0.664734 -0.684417 0.299504
vn 0.959741 -0.208540 0.188171
vn 0.880244 -0.167646 0.443921
vn 0.877836 -0.473228 -0.073890
vn 0.900532 -0.419540 -0.114140
vn 0.998945 -0.026098 -0.037793
vn 0.999976 -0.001215 -0.006786
vn 0.826075 0.021629 -0.563146
vn 0.880079 -0.012968 -0.474650
vn 0.815635 -0.319193 -0.482550
vn 0.772770 -0.260429 -0.578794
vn 0.132191 -0.190896 -0.972669
vn 0.121025 0.032963 -0.992102
vn 0.909527 -0.395155 0.128893
vn 0.699160 -0.713706 -0.042410
vn -0.144882 -0.906754 -0.395988
vn -0.252692 -0.803967 -0.538316
vn -0.669933 -0.711194 -0.213054
vn 0.005622 0.761739 0.647860
vn 0.006844 0.864353 0.502840
vn 0.566503 0.500197 0.654887
vn 0.064775 -0.997725 0.018665
vn 0.096966 -0.904163 0.416037
vn 0.762963 -0.632594 0.133092
vn 0.896294 -0.278969 0.344722
vn 0.068270 0.732447 0.677393
vn -0.000000 0.730926 0.682456
vn 0.000179 0.703128 0.711064
vn 0.061924 0.707722 0.703772
vn 0.508231 0.545490 0.666440
vn 0.024077 0.802283 0.596459
vn 0.086034 0.730785 0.677164
vn 0.072623 0.696580 0.713795
vn 0.814741 -0.533932 0.226084
vn 0.889317 -0.192011 0.415027
vn 0.167268 -0.927412 -0.334558
vn 0.562011 0.701987 0.437445
vn 0.004047 0.956588 0.291415
vn -0.007675 0.931628 0.363333
vn 0.615003 0.575713 0.538819
vn 0.741260 -0.646159 0.181695
vn 0.919936 -0.125489 0.371444
vn 0.899080 -0.165685 0.405220
vn 0.794945 -0.575884 0.190842
vn 0.103498 -0.943368 -0.315190
vn 0.071301 -0.980669 -0.182224
vn 0.534815 0.762001 0.365140
vn 0.005797 0.971028 0.238895
vn 0.004703 0.975426 0.220277
vn 0.532120 0.770660 0.350615
vn 0.752858 -0.637457 0.163869
vn 0.949954 -0.108419 0.292972
vn 0.929458 -0.098723 0.355473
vn 0.722252 -0.664563 0.191591
vn 0.052613 -0.992693 -0.108589
vn 0.042654 -0.997216 -0.061172
vn 0.728902 0.569818 0.379486
vn 0.007611 0.949708 0.313043
vn 0.006867 0.965112 0.261748
vn 0.613877 0.689616 0.384169
vn 0.754429 -0.649817 0.092596
vn 0.936109 -0.307253 0.171157
vn 0.948531 -0.215236 0.232298
vn 0.743319 -0.658857 0.115686
vn 0.036715 -0.999067 -0.022723
vn 0.033833 -0.999237 -0.019514
vn 0.776679 -0.622702 0.094931
vn 0.902297 -0.377593 0.208046
vn -0.005009 -0.981813 -0.189783
vn 0.149647 0.871612 0.466797
vn 0.000000 0.892212 0.451616
vn 0.663387 0.572993 0.481245
vn 0.230536 0.850715 0.472373
vn 0.940624 -0.124665 0.315728
vn 0.944709 -0.086618 0.316263
vn 0.015777 0.226408 0.973905
vn 0.000000 0.221968 0.975054
vn 0.000003 0.496652 0.867950
vn 0.046761 0.477892 0.877173
vn 0.346033 0.166689 0.923296
vn -0.000036 0.223100 0.974796
vn 0.000051 -0.028623 0.999590
vn 0.349823 -0.016794 0.936665
vn 0.238649 -0.235772 0.942050
vn 0.000004 -0.293273 0.956029
vn -0.000023 -0.453381 0.891317
vn 0.107259 -0.429543 0.896654
vn 0.052163 -0.572084 0.818535
vn 0.000031 -0.581005 0.813900
vn 0.000008 -0.776119 0.630587
vn 0.012332 -0.771633 0.635948
vn -0.000000 -0.946904 0.321518
vn -0.009173 -0.946524 0.322502
vn 0.000000 -0.996456 0.084115
vn -0.000000 -0.999780 0.020959
vn -0.007319 -0.999776 0.019874
vn -0.009328 -0.996497 0.083104
vn -0.000000 -0.990352 -0.138575
vn -0.000657 -0.990326 -0.138761
vn 0.112818 0.961970 -0.248769
vn 0.000000 0.965915 -0.258859
vn 0.091676 0.950638 0.296451
vn 0.000000 0.962575 0.271015
vn 0.000000 0.927374 0.374135
vn 0.127464 0.918787 0.373610
vn 0.000000 0.892211 0.451618
vn 0.128903 0.875695 0.465342
vn 0.000893 -0.819777 -0.572683
vn 0.000000 -0.819070 -0.573694
vn 0.000000 -0.812683 -0.582707
vn -0.015871 -0.814912 -0.579367
vn 0.068863 -0.539925 0.838892
vn 0.000025 -0.554956 0.831879
vn 0.000000 -0.050351 0.998732
vn 0.007784 -0.050950 0.998671
vn 0.000312 -0.978552 0.206000
vn 0.000313 -0.966023 -0.258456
vn 0.166537 -0.933981 -0.316140
vn 0.157034 -0.972533 0.171814
vn 0.000217 -0.705518 -0.708692
vn 0.149653 -0.690055 -0.708116
vn 0.000208 0.262040 0.965057
vn 0.231518 0.290074 0.928578
vn 0.000030 -0.008426 0.999965
vn 0.156131 0.017454 0.987582
vn 0.000230 0.659479 0.751723
vn 0.233597 0.633101 0.737980
vn 0.070122 -0.573462 0.816226
vn 0.000009 -0.569346 0.822098
vn 0.000049 -0.747782 0.663945
vn 0.093571 -0.750724 0.653955
vn 0.116070 -0.825407 0.552477
vn 0.000004 -0.826308 0.563219
vn 0.000000 0.762705 -0.646747
vn 0.000000 0.994690 -0.102917
vn 0.000000 0.994690 -0.102918
vn 0.136619 0.391908 -0.909804
vn 0.000000 -0.179487 -0.983760
vn 0.000000 0.032908 -0.999458
vn 0.064352 0.032641 -0.997393
vn 0.074666 -0.189982 -0.978944
vn 0.000249 -0.867121 0.498097
vn 0.110929 -0.874276 0.472584
vn 0.104348 -0.992047 0.070388
vn 0.000240 -0.991865 0.127297
vn 0.370456 -0.861623 -0.346942
vn 0.255677 -0.904457 -0.341448
vn 0.179554 -0.932115 -0.314519
vn 0.000021 -0.944237 -0.329268
vn 0.000444 -0.977334 -0.211704
vn 0.133690 -0.971020 -0.198110
vn 0.107012 -0.988231 -0.109303
vn 0.000006 -0.993606 -0.112907
vn 0.000097 -0.997633 -0.068758
vn 0.088324 -0.993905 -0.065971
vn 0.081296 -0.996420 -0.023185
vn 0.000003 -0.999710 -0.024078
vn 0.000003 -0.999789 -0.020564
vn 0.076223 -0.996892 -0.019891
vn 0.901790 -0.400149 0.163263
vn 0.755035 -0.653828 0.049314
vn -0.005472 -0.980855 -0.194661
vn 0.000000 0.892211 0.451619
vn 0.139022 0.873594 0.466375
vn 0.213452 0.855407 0.471930
vn 0.646807 0.592123 0.480656
vn 0.957271 -0.048780 0.285050
vn 0.955507 -0.099067 0.277835
vn 0.232928 0.972285 0.020179
vn 0.259614 0.965393 -0.024857
vn 0.172227 0.984970 -0.013134
vn 0.168642 0.984366 0.050823
vn 0.000000 0.999985 -0.005458
vn 0.000000 0.999999 -0.001220
vn 0.176509 0.984175 -0.015647
vn 0.151278 0.988463 0.007434
vn -0.000000 -0.999781 -0.020933
vn 0.000000 -0.999986 -0.005253
vn 0.000000 -0.982543 0.186034
vn -0.000000 -0.982807 0.184634
vn 0.295942 -0.954633 0.033070
vn -0.000000 -0.999610 -0.027942
vn 0.000000 -0.985509 0.169621
vn 0.137552 -0.961210 0.239073
vn 0.174337 -0.953758 0.244852
vn 0.324889 -0.943528 0.064822
vn 0.972592 -0.232291 0.010272
vn 0.759526 -0.649729 0.031184
vn 0.981294 -0.139198 0.132992
vn 0.970258 -0.207960 0.123904
vn 0.995849 0.072028 0.055657
vn 0.991990 -0.069987 0.105152
vn 0.188499 0.982073 -0.000811
vn 0.167480 0.984415 0.053649
vn 0.284393 0.951948 -0.113644
vn 0.171085 0.976890 -0.128126
vn 0.117059 0.985804 -0.120366
vn 0.000000 0.993898 -0.110304
vn 0.000000 -0.982418 -0.186695
vn -0.000000 -0.982418 -0.186695
vn 0.000000 -0.982418 -0.186695
vn 0.445240 -0.878785 -0.171751
vn 0.468516 -0.866462 -0.172441
vn 0.448270 -0.884920 -0.126372
vn 1.000000 -0.000000 0.000000
vn 0.798567 -0.589090 -0.123546
vn 0.985661 -0.168724 -0.002071
vn 0.993102 -0.117033 -0.007254
vn 1.000000 -0.000000 0.000000
vn 0.990412 -0.138053 0.005074
vn 0.291190 0.950793 -0.105832
vn 0.000000 -0.981177 -0.193110
vn 0.433193 -0.887771 -0.155581
vn 0.000000 -0.981177 -0.193110
vn -0.000001 -0.981177 -0.193110
vn 0.138071 0.988538 -0.061059
vn 0.000000 0.998928 -0.046281
vn 0.218710 0.974040 -0.058412
vn 0.202844 0.976659 -0.070658
vn 0.244429 0.968299 -0.051495
vn 1.000000 -0.000000 0.000000
vn 0.990872 -0.132869 0.022777
vn 0.983193 -0.179730 0.032070
vn 0.988740 -0.145100 0.036603
vn 0.998721 -0.042086 0.028032
vn 0.815592 -0.575229 -0.062617
vn 0.457174 -0.877925 -0.142267
vn 0.198242 0.414682 0.888110
vn 0.303034 0.347122 0.887512
vn 0.000010 0.539117 0.842231
vn 0.141561 0.471112 0.870640
vn 0.501744 0.864859 0.016460
vn 0.480098 0.874461 0.069459
vn 0.486073 0.869354 -0.089204
vn 0.481611 0.875524 -0.038838
vn 0.554979 0.808992 -0.193728
vn 0.613039 0.754842 -0.233234
vn 0.686768 0.709515 -0.157920
vn 0.788013 0.615300 0.020998
vn 0.758493 0.650399 -0.040874
vn 0.667833 0.252630 0.700127
vn 0.894295 0.321031 0.311731
vn 0.281123 0.327319 0.902126
vn -0.000046 0.427221 0.904147
vn 0.276470 0.216564 0.936304
vn 0.330541 0.302683 0.893938
vn 0.548895 0.204819 0.810409
vn 0.933550 0.130170 0.333975
vn 0.878458 0.477805 0.003681
vn 0.916996 0.396307 0.045364
vn 0.844290 0.514207 -0.150883
vn 0.814614 0.564517 -0.133133
vn 0.891273 0.440514 -0.107615
vn 0.902619 0.428388 -0.041982
vn 0.903645 0.427847 -0.019297
vn 0.884856 0.465485 0.018820
vn 0.942484 0.253317 0.218070
vn 0.603385 0.779483 0.168322
vn 0.968049 -0.032424 0.248658
vn 0.820915 -0.541220 0.182155
vn 0.800003 -0.581545 0.147647
vn 0.996506 -0.063979 0.053693
vn 0.975697 -0.158888 -0.150897
vn 0.992273 -0.092768 -0.082396
vn 0.956103 -0.045968 0.289404
vn 0.991974 0.089781 0.089031
vn 0.889592 0.404274 0.212574
vn 0.938286 0.166239 0.303289
vn 0.030456 0.949129 0.313413
vn 0.775559 0.491973 0.395564
vn -0.000000 0.979922 0.199383
vn 0.029656 0.969302 0.244077
vn -0.010941 -0.970996 0.238846
vn -0.000000 -0.970794 0.239914
vn 0.467879 -0.820788 0.327714
vn -0.013455 -0.970789 0.239556
vn 0.451557 -0.846177 0.282985
vn 0.524756 -0.806968 0.270985
vn 0.537260 -0.708090 0.458214
vn 0.569339 -0.674407 0.470137
vn 0.427457 -0.436938 0.791433
vn 0.689559 -0.345091 0.636727
vn 0.440396 -0.040872 0.896873
vn 0.539351 0.085216 0.837758
vn 0.804069 -0.016287 0.594312
vn 0.755559 -0.039685 0.653877
vn 0.892485 0.093316 0.441319
vn 0.859460 0.070052 0.506380
vn 0.640522 0.145911 0.753950
vn 0.934177 0.237239 0.266518
vn 0.852507 0.463807 0.241072
vn 0.635327 0.749050 0.187842
vn 0.807439 0.280797 0.518841
vn 0.862633 0.215118 0.457808
vn 0.910320 0.270164 0.313574
vn 0.829720 0.427646 0.358726
vn 0.740594 0.555206 0.378506
vn 0.754939 0.541471 0.369967
vn 0.774775 0.337349 0.534714
vn 0.763754 0.463277 0.449504
vn 0.867177 -0.004435 0.497980
vn 0.839820 0.145005 0.523140
vn 0.805834 -0.570615 0.158211
vn -0.001204 -0.957620 0.288032
vn 0.673993 -0.701931 0.230276
vn 0.063772 0.152242 -0.986284
vn 0.000000 0.152553 -0.988295
vn 0.832349 0.066186 -0.550286
vn 0.119694 0.151456 -0.981190
vn 0.871651 0.039656 -0.488521
vn 0.999646 -0.025041 -0.008968
vn 0.999774 -0.015577 -0.014486
vn 0.997968 -0.023395 -0.059272
vn 0.997805 -0.030960 -0.058537
vn 0.813956 -0.471206 0.339765
vn -0.824310 -0.518185 0.228028
vn 0.901959 -0.424950 -0.076735
vn 0.887236 -0.454961 -0.076304
vn 0.878014 -0.472611 -0.075701
vn 0.852348 -0.484657 -0.196495
vn 0.800899 -0.445820 -0.399757
vn 0.253787 -0.046720 -0.966131
vn 0.551101 -0.011110 -0.834365
vn 0.207034 -0.246278 -0.946828
vn 0.547593 -0.231017 -0.804222
vn 0.210369 -0.540531 -0.814599
vn 0.530870 -0.486747 -0.693725
vn 0.000000 -1.000000 -0.000000
vn -0.004204 -0.999948 -0.009241
vn 0.000000 -1.000000 0.000000
vn 0.904493 -0.060037 0.422242
vn -0.755779 -0.075621 0.650446
vn -0.726815 -0.538042 0.426908
vn 0.852083 -0.499049 0.157813
vn 0.861612 0.468073 0.196299
vn -0.746241 0.473890 0.467497
vn 0.438414 0.247525 0.864016
vn 0.999462 0.028383 -0.016451
vn 0.986384 -0.077777 -0.144905
vn 0.926489 -0.052552 -0.372634
vn 0.960729 0.061817 -0.270517
vn 0.997720 0.066889 0.008964
vn 0.998645 0.040597 -0.032562
vn 0.997957 0.062837 -0.011511
vn 0.956486 0.222451 0.188812
vn 0.939640 0.291831 0.178638
vn 0.947606 0.283929 0.146381
vn 0.876883 0.339269 0.340548
vn 0.838227 0.345979 0.421513
vn 0.841586 0.270428 0.467549
vn 0.844983 0.322089 0.426922
vn 0.836247 0.194122 0.512843
vn 0.821742 0.172537 0.543112
vn 0.833358 0.182230 0.521830
vn 0.814884 0.131196 0.564581
vn 0.804628 0.181182 0.565462
vn 0.907449 0.404129 0.114960
vn 0.921712 0.150074 0.357666
vn 0.896757 0.319271 0.306420
vn 0.803529 -0.030313 0.594494
vn 0.691317 -0.253458 0.676639
vn 0.050165 -0.409227 0.911053
vn -0.000005 -0.422939 0.906158
vn 0.071478 -0.418438 0.905428
vn 0.082487 0.301834 -0.949786
vn 0.000000 0.266584 -0.963812
vn 0.129498 0.323212 -0.937424
vn 0.162928 0.303380 -0.938837
vn 0.996167 -0.038583 -0.078500
vn 0.940116 -0.227639 -0.253699
vn 0.999707 0.018273 -0.015906
vn 0.993387 0.054030 0.101306
vn 0.955941 -0.007528 -0.293461
vn 0.999116 0.036464 -0.020941
vn 0.999827 0.012486 -0.013821
vn 0.939809 -0.311407 -0.140657
vn 0.946924 -0.284519 0.149611
vn 0.995980 -0.009226 -0.089102
vn 0.005338 -0.063051 -0.997996
vn 0.250859 0.156091 0.955356
vn 0.004892 0.075454 0.997137
vn 0.225390 0.968800 0.103080
vn 0.009267 0.987177 0.159358
vn 0.947627 -0.059536 0.313782
vn 0.929607 0.346738 0.124915
vn -0.821737 0.432795 0.370725
vn -0.839618 -0.062703 0.539546
vn 0.933237 -0.348705 0.086450
vn -0.808418 -0.479455 0.341442
vn 0.008229 -0.996882 0.078477
vn -0.000053 -0.999984 -0.005604
vn 0.086090 -0.995713 0.033837
vn 0.000000 -1.000000 0.000000
vn 0.000000 -1.000000 0.000000
vn 0.005225 -0.610068 -0.792332
vn 0.006384 -0.249802 -0.968276
vn 0.886223 -0.399782 0.234056
vn 0.904847 -0.051841 0.422570
vn -0.911127 -0.065747 0.406848
vn -0.885992 -0.419269 0.198071
vn 0.890881 0.375121 0.256156
vn -0.893660 0.383629 0.232809
vn 0.953214 -0.051082 0.297949
vn 0.772950 -0.629862 -0.076298
vn 0.995277 0.009858 -0.096575
vn 0.833364 0.551984 -0.028595
vn 0.151859 -0.165933 0.974374
vn -0.839000 -0.093006 0.536124
vn 0.840039 0.188187 0.508842
vn 0.672826 0.388364 0.629665
vn 0.948522 -0.122838 0.291920
vn 0.949444 -0.120717 0.289800
vn 0.810072 -0.586287 0.007097
vn 0.933933 -0.308678 0.180240
vn -0.003364 -0.927987 -0.372597
vn 0.195705 0.673504 0.712806
vn 0.000000 0.709789 0.704414
vn 0.296358 0.641451 0.707611
vn 0.000000 -0.811655 -0.584138
vn -0.026374 -0.815302 -0.578435
vn 0.367449 -0.930043 0.000952
vn -0.006003 -0.999968 0.005291
vn -0.004887 -0.999972 0.005734
vn 0.000000 -0.999982 0.006038
vn 0.000000 0.991384 -0.130985
vn -0.006209 0.991365 -0.130982
vn 0.000000 0.858691 0.512495
vn -0.000014 0.858692 0.512493
vn 0.998565 0.052763 -0.009136
vn 0.997348 0.006316 -0.072505
vn 0.965023 0.005982 -0.262098
vn 0.946674 0.004984 -0.322155
vn 0.954218 0.003874 -0.299087
vn 0.965278 0.009464 -0.261052
vn 0.970550 0.013314 -0.240530
vn 0.959684 -0.047819 -0.276983
vn 0.872100 -0.375314 -0.313976
vn 0.881558 -0.357142 -0.308715
vn 0.972358 0.031784 -0.231323
vn 0.855237 0.434884 -0.281863
vn 0.407746 0.887155 -0.216100
vn 0.431172 0.886726 -0.166755
vn 0.716123 0.690726 -0.100324
vn 0.824156 0.562537 -0.065715
vn 0.888908 0.457398 -0.025102
vn 0.911956 0.410143 -0.010893
vn 0.994868 0.080743 -0.060981
vn 0.990545 0.031163 -0.133601
vn 0.876690 -0.460904 -0.137778
vn 0.000000 -1.000000 0.000000
vn 0.000000 -1.000000 0.000000
vn 0.000000 -1.000000 0.000000
vn -0.912741 -0.379738 -0.150675
vn -0.994392 0.006142 -0.105583
vn -0.998785 0.030630 -0.038612
vn 0.391893 -0.920008 0.002208
vn 0.874227 -0.107631 -0.473437
vn 0.956393 -0.093416 -0.276743
vn 0.984413 0.027081 -0.173773
vn 0.996876 0.060648 -0.050599
vn 0.971825 0.051821 0.229936
vn 0.950065 0.019706 0.311429
vn 0.943587 -0.007042 0.331051
vn 0.942090 -0.031157 0.333910
vn 0.940212 -0.062969 0.334719
vn 0.941166 -0.067535 0.331129
vn 0.942778 -0.065877 0.326847
vn 0.946062 -0.064442 0.317512
vn 0.940728 -0.073812 0.331032
vn 0.928134 -0.115032 0.354026
vn 0.978559 0.010574 0.205696
vn 0.952766 0.302173 -0.030490
vn 0.962959 0.205979 0.174018
vn 0.829833 -0.155456 0.535920
vn 0.703197 -0.321213 0.634300
vn 0.055592 -0.473873 0.878837
vn 0.065528 -0.467830 0.881386
vn 0.000006 -0.469389 0.882992
vn 0.000000 0.271918 -0.962321
vn 0.058571 0.289070 -0.955515
vn 0.094492 0.307465 -0.946856
vn 0.551384 -0.833336 -0.039074
vn 0.554610 -0.829400 -0.067105
vn 0.543760 -0.839171 0.010838
vn 0.532232 -0.844522 0.059266
vn 0.440786 0.895125 0.066773
vn 0.424347 0.903344 -0.062451
vn 0.414122 0.894278 -0.169616
vn 0.390211 0.879074 -0.273795
vn 0.342557 0.820029 -0.458483
vn 0.290031 0.478189 -0.828986
vn 0.200887 0.110131 -0.973404
vn 0.212045 0.013049 -0.977173
vn 0.169117 -0.548763 -0.818694
vn 0.237340 -0.209917 -0.948475
vn -0.038740 -0.890532 -0.453267
vn 0.237928 -0.925486 0.294729
vn 0.029913 -0.983955 0.175890
vn -0.118808 -0.970341 -0.210530
vn -0.109128 -0.993215 -0.040198
vn -0.044318 -0.998827 -0.019529
vn 0.149456 0.988764 0.002790
vn 0.134659 0.984732 -0.110321
vn 0.154484 0.963008 -0.220796
vn 0.157496 0.921945 -0.353854
vn 0.072439 0.830869 -0.551733
vn -0.022637 0.434437 -0.900418
vn -0.041326 0.191431 -0.980636
vn -0.002449 0.040912 -0.999160
vn -0.000129 -0.563860 -0.825871
vn -0.000255 -0.153498 -0.988149
vn -0.000198 -0.928199 -0.372085
vn 0.017561 -0.980199 0.197237
vn 0.000000 -0.981955 -0.189117
vn 0.000000 -0.999224 -0.039383
vn 0.000000 -0.999224 -0.039384
vn 0.147228 0.989026 -0.012318
vn 0.174895 0.977318 -0.119419
vn 0.394457 0.904010 -0.164831
vn 0.379277 0.846554 -0.373490
vn 0.282764 0.646714 -0.708382
vn 0.134027 0.280015 -0.950594
vn -0.045147 0.203756 -0.977980
vn -0.003058 0.042298 -0.999100
vn -0.000643 -0.593743 -0.804655
vn -0.000780 -0.171137 -0.985247
vn -0.000227 -0.941403 -0.337285
vn 0.009976 -0.985582 0.168903
vn 0.000000 -0.982902 -0.184131
vn 0.000000 -0.999224 -0.039384
vn -0.000000 -0.999224 -0.039383
vn 0.136743 0.989804 -0.039878
vn 0.248658 0.966863 0.057843
vn 0.020451 0.208968 -0.977709
vn 0.356701 -0.280056 -0.891254
vn -0.002189 0.044901 -0.998989
vn 0.000312 -0.558411 -0.829564
vn -0.000272 -0.160114 -0.987099
vn 0.000000 -0.925984 -0.377564
vn 0.000000 -0.976755 0.214359
vn 0.000000 -0.982250 -0.187578
vn 0.000000 -0.999224 -0.039381
vn -0.000000 -0.999224 -0.039383
vn 0.068858 0.995833 -0.059800
vn 0.000000 0.996734 -0.080759
vn 0.084355 0.996391 0.009485
vn 0.000000 0.998668 0.051590
vn 0.141678 -0.243521 -0.959492
vn 0.009796 0.179597 -0.983692
vn 0.000000 0.174523 -0.984653
vn -0.000004 -0.297950 -0.954582
vn -0.000668 0.044906 -0.998991
vn 0.000000 0.045051 -0.998985
vn -0.000114 -0.146633 -0.989191
vn 0.000012 -0.545638 -0.838021
vn 0.000000 -0.548057 -0.836441
vn 0.000000 -0.150868 -0.988554
vn 0.000000 -0.917604 -0.397496
vn 0.000000 -0.909720 -0.415223
vn 0.000000 -0.979661 0.200658
vn 0.000000 -0.975070 0.221897
vn 0.000000 -0.981322 -0.192374
vn 0.000000 -0.980036 -0.198821
vn 0.000000 -0.999224 -0.039381
vn 0.000000 -0.999224 -0.039382
vn 0.000000 -0.999224 -0.039383
vn 0.000000 -0.999224 -0.039383
vn 0.392250 -0.913291 0.109728
vn 0.457840 -0.881613 -0.114634
vn 0.468920 -0.864848 -0.179307
vn 0.448426 -0.884016 -0.132022
vn 0.403019 -0.913559 -0.054636
vn 0.428614 -0.899957 -0.079799
vn 0.387359 -0.921929 -0.000392
vn 0.402452 -0.913537 0.059013
vn 0.911374 0.285182 0.296765
vn 0.697622 0.619147 0.360527
vn 0.483130 -0.848608 0.215522
vn 0.707929 -0.662174 0.245689
vn 0.410263 0.812227 0.414696
vn 0.173484 0.889639 0.422428
vn 0.000000 0.907840 0.419317
vn 0.375058 -0.901064 0.217749
vn 0.000001 -0.957930 0.287001
vn -0.000005 -0.971892 0.235427
vn 0.406535 -0.890149 0.205824
vn 0.815477 -0.509678 0.274275
vn 0.963987 -0.130311 0.231838
vn -0.000283 0.906872 -0.421407
vn 0.497346 0.792683 -0.352563
vn 0.787586 0.288562 -0.544463
vn 0.701540 0.270166 -0.659433
vn 0.791983 0.252244 -0.556000
vn 0.893419 0.260388 -0.366060
vn 0.774453 0.508070 -0.376945
vn 0.702483 0.475960 -0.529132
vn 0.825465 0.208109 -0.524688
vn 0.745284 0.470799 -0.472123
vn 0.867692 0.287506 -0.405525
vn 0.889626 0.130244 -0.437724
vn 0.901738 0.036296 -0.430758
vn 0.843230 -0.225568 -0.487937
vn 0.725277 0.589093 -0.356289
vn 0.535927 0.787228 -0.305050
vn 0.000022 0.960666 -0.277705
vn 0.318450 0.900813 -0.295171
vn 0.845442 0.013931 -0.533886
vn 0.844406 -0.018360 -0.535388
vn 0.872155 -0.128482 -0.472057
vn 0.578127 -0.491610 -0.651221
vn -0.000265 -0.626457 -0.779456
vn 0.338524 -0.708526 -0.619187
vn 0.000004 -0.773498 -0.633799
vn 0.757230 -0.383229 -0.528902
vn 0.844918 -0.054956 -0.532065
vn 0.801468 -0.589863 0.098544
vn 0.546747 -0.821121 0.163794
vn 0.588751 -0.789569 0.173069
vn 0.819379 -0.553207 0.150267
vn 0.914805 -0.379828 0.137343
vn 0.906391 -0.390698 0.160660
vn 0.975640 -0.075761 0.205882
vn 0.975904 -0.108575 0.189272
vn 0.923753 0.221491 0.312445
vn 0.905418 0.309447 0.290622
vn 0.728664 0.553302 0.403616
vn 0.716337 0.603748 0.349785
vn 0.447061 0.807446 0.384924
vn 0.388742 0.781662 0.487734
vn 0.212529 -0.946701 0.242053
vn -0.000005 -0.964719 0.263282
vn 0.000000 0.892030 0.451977
vn -0.000000 0.836209 0.548411
vn 0.182106 0.828702 0.529235
vn 0.275668 0.862607 0.424165
vn -0.947304 0.052306 -0.316038
vn -0.895783 -0.038189 -0.442848
vn -0.776063 -0.017382 -0.630416
vn -0.829473 0.068538 -0.554326
vn -0.597711 0.007478 -0.801677
vn -0.415078 0.021275 -0.909537
vn -0.401865 0.055724 -0.914002
vn -0.596588 0.069890 -0.799499
vn -0.218202 0.031856 -0.975384
vn -0.170499 0.034322 -0.984760
vn 0.055313 0.032400 -0.997943
vn 0.073943 0.032844 -0.996722
vn 0.413436 0.020421 -0.910304
vn 0.400616 0.051644 -0.914789
vn 0.732751 -0.009874 -0.680425
vn 0.777421 0.060665 -0.626048
vn 0.895783 -0.038189 -0.442848
vn 0.948672 0.040705 -0.313631
vn 0.977706 -0.063036 -0.200293
vn 0.991543 0.010809 -0.129326
vn 0.999516 0.009313 0.029697
vn 0.996949 -0.078046 -0.001386
vn 0.951106 -0.086639 0.296465
vn 0.967903 0.027610 0.249803
vn 0.773246 -0.076534 0.629470
vn 0.766935 0.044068 0.640210
vn 0.444086 -0.053592 0.894380
vn 0.395007 0.013119 0.918584
vn 0.079012 -0.040804 0.996038
vn 0.059607 -0.013830 0.998126
vn -0.229313 -0.039972 0.972532
vn -0.441433 -0.052334 0.895767
vn -0.388592 0.015806 0.921274
vn -0.181017 -0.010975 0.983419
vn -0.623664 -0.062682 0.779175
vn -0.811658 -0.080501 0.578559
vn -0.822809 0.061640 0.564965
vn -0.575565 0.044118 0.816565
vn -0.951106 -0.086639 0.296464
vn -0.968064 0.042276 0.247114
vn -0.996949 -0.078046 -0.001386
vn -0.999344 0.023006 0.027971
vn -0.977707 -0.063036 -0.200290
vn -0.991046 0.023232 -0.131485
vn -0.905583 0.098521 -0.412568
vn -0.791595 0.208005 -0.574554
vn -0.617307 0.271884 -0.738249
vn -0.425721 0.330642 -0.842281
vn -0.227527 0.349844 -0.908758
vn 0.077810 0.373367 -0.924415
vn 0.425769 0.330942 -0.842139
vn 0.748123 0.220445 -0.625873
vn 0.905584 0.098521 -0.412567
vn 0.983342 0.003973 -0.181719
vn 0.995160 -0.096442 -0.018838
vn 0.942555 -0.241446 0.230856
vn 0.765153 -0.402436 0.502579
vn 0.442657 -0.534594 0.719906
vn 0.078120 -0.587139 0.805708
vn -0.228480 -0.577127 0.784042
vn -0.442197 -0.535473 0.719535
vn -0.617616 -0.474322 0.627351
vn -0.803948 -0.372377 0.463684
vn -0.942555 -0.241446 0.230855
vn -0.995160 -0.096443 -0.018837
vn -0.983343 0.003972 -0.181718
vn -0.941427 0.065212 -0.330853
vn -0.849758 0.152964 -0.504493
vn -0.671692 0.238884 -0.701259
vn -0.515875 0.284161 -0.808162
vn -0.279308 0.332728 -0.900710
vn 0.065375 0.356120 -0.932150
vn 0.487325 0.327770 -0.809371
vn 0.809336 0.223710 -0.543074
vn 0.937053 0.120608 -0.327697
vn 0.987705 0.040332 -0.151039
vn 0.996755 -0.067709 0.043529
vn 0.937000 -0.200092 0.286346
vn 0.756709 -0.346423 0.554421
vn 0.431086 -0.464596 0.773508
vn 0.068604 -0.509565 0.857693
vn -0.248850 -0.499091 0.830049
vn -0.453269 -0.460412 0.763262
vn -0.639084 -0.404461 0.654204
vn -0.805129 -0.321239 0.498571
vn -0.935431 -0.215402 0.280306
vn -0.994271 -0.098607 0.041264
vn -0.988572 -0.004750 -0.150677
vn -0.950432 -0.112332 -0.289934
vn -0.872639 -0.103441 -0.477284
vn -0.712607 -0.106882 -0.693374
vn -0.552980 -0.109075 -0.826025
vn -0.303914 -0.087024 -0.948717
vn 0.080469 -0.053925 -0.995297
vn 0.499702 -0.012884 -0.866102
vn 0.813997 0.003882 -0.580857
vn 0.939749 -0.020826 -0.341232
vn 0.990232 -0.051837 -0.129437
vn 0.993307 -0.096108 0.064072
vn 0.926159 -0.169706 0.336793
vn 0.734795 -0.234237 0.636561
vn 0.394186 -0.264386 0.880181
vn 0.013693 -0.238600 0.971022
vn -0.304212 -0.227001 0.925163
vn -0.514667 -0.187221 0.836700
vn -0.690908 -0.170342 0.702588
vn -0.838442 -0.133393 0.528414
vn -0.945990 -0.115655 0.302864
vn -0.992381 -0.102922 0.067730
vn -0.988224 -0.094162 -0.120611
vn -0.943744 0.001098 -0.330674
vn -0.873111 -0.074121 -0.481854
vn -0.734872 -0.145784 -0.662353
vn -0.634690 -0.200427 -0.746323
vn -0.463777 -0.256918 -0.847882
vn -0.069970 -0.357381 -0.931334
vn 0.402441 -0.323921 -0.856222
vn 0.840994 -0.185218 -0.508354
vn 0.958372 -0.113935 -0.261806
vn 0.990985 -0.071752 -0.113136
vn 0.990020 -0.109046 0.089277
vn 0.925471 -0.141348 0.351459
vn 0.710623 -0.171432 0.682368
vn 0.275892 -0.143913 0.950354
vn -0.155969 -0.064460 0.985656
vn -0.428324 0.029822 0.903133
vn -0.600348 0.079465 0.795781
vn -0.700707 0.087978 0.708004
vn -0.874203 0.111821 0.472510
vn -0.966024 0.109871 0.233935
vn -0.996799 0.079262 0.010486
vn -0.988390 0.042378 -0.145906
vn -0.902455 0.259854 -0.343586
vn -0.861503 0.155848 -0.483244
vn -0.722451 0.004708 -0.691406
vn -0.613741 -0.077335 -0.785711
vn -0.493199 -0.197060 -0.847303
vn -0.283781 -0.379850 -0.880444
vn 0.040768 -0.535663 -0.843447
vn 0.548540 -0.646067 -0.530756
vn 0.862746 -0.443125 -0.243535
vn 0.928960 -0.368898 -0.030771
vn 0.911248 -0.401737 0.090742
vn 0.880034 -0.255252 0.400484
vn 0.614256 -0.293080 0.732662
vn 0.014569 -0.196179 0.980460
vn -0.448196 -0.059580 0.891948
vn -0.652670 0.087533 0.752568
vn -0.733327 0.126594 0.667986
vn -0.757923 0.220312 0.614015
vn -0.851912 0.364672 0.375847
vn -0.901036 0.389815 0.190207
vn -0.927126 0.372665 -0.039489
vn -0.925819 0.331538 -0.181501
vn 0.920823 -0.376434 -0.101889
vn -0.004082 -0.999919 -0.012074
vn 0.000000 -1.000000 0.000000
vn 0.913456 -0.402870 -0.057397
vn 0.924895 0.196367 0.325590
vn 0.995370 0.028786 -0.091702
vn 0.997836 0.018449 -0.063116
vn 0.994097 0.096721 0.049158
vn -0.833558 -0.064828 0.548615
vn 0.883544 -0.063071 0.464082
vn 0.842744 0.469063 0.264126
vn -0.827131 0.422793 0.370271
vn -0.997282 0.035334 -0.064655
vn -0.945806 0.222490 0.236534
vn -0.986773 0.158708 0.033042
vn -0.995393 0.035150 -0.089203
vn 0.791411 0.028799 -0.610606
vn 0.812737 -0.208533 -0.544033
vn 0.300302 -0.255535 -0.918978
vn 0.326998 -0.013615 -0.944927
vn 0.335326 0.204907 0.919549
vn 0.229707 0.960568 0.156664
vn 0.890632 0.454401 0.017168
vn 0.999978 -0.005136 0.004140
vn 0.848818 -0.527016 -0.041965
vn 0.086398 -0.994347 0.061721
vn -0.888300 0.437811 0.138729
vn -0.999416 0.023328 -0.024981
vn 0.982084 0.072380 -0.173989
vn 0.983465 -0.100300 -0.150784
vn 0.324893 -0.526826 -0.785429
vn 0.757726 -0.473606 -0.448941
vn 0.875555 -0.429495 -0.221217
vn 0.000000 -1.000000 0.000000
vn -0.863409 0.057785 -0.501184
vn -0.866078 -0.161213 -0.473201
vn -0.981687 -0.060470 -0.180650
vn -0.974608 0.096275 -0.202163
vn -0.813956 -0.471206 0.339765
vn 0.824310 -0.518185 0.228028
vn -0.901959 -0.424950 -0.076735
vn -0.887237 -0.454960 -0.076304
vn -0.878014 -0.472610 -0.075701
vn -0.800899 -0.445820 -0.399757
vn -0.881106 -0.427310 -0.202626
vn -0.337460 -0.008324 -0.941303
vn -0.549671 0.012480 -0.835288
vn -0.302924 -0.240825 -0.922085
vn -0.547593 -0.231016 -0.804222
vn -0.312009 -0.494250 -0.811399
vn -0.530871 -0.486747 -0.693725
vn 0.000000 -1.000000 0.000000
vn 0.004406 -0.999918 -0.011995
vn 0.000000 -1.000000 0.000000
vn -0.904493 -0.060037 0.422242
vn -0.852082 -0.499050 0.157813
vn 0.726815 -0.538042 0.426908
vn 0.755779 -0.075621 0.650446
vn -0.861612 0.468073 0.196299
vn 0.746241 0.473889 0.467497
vn -0.460465 0.299689 0.835559
vn -0.066634 -0.036854 -0.997097
vn -0.320648 0.250615 0.913443
vn -0.110296 0.137680 0.984317
vn -0.273586 0.954403 0.119442
vn -0.090794 0.994334 0.055286
vn -0.994879 -0.025753 0.097732
vn -0.151210 -0.139834 0.978561
vn -0.154401 0.832000 0.532857
vn -0.985808 0.167851 -0.002984
vn -0.989641 -0.140903 -0.027528
vn -0.055240 -0.880938 0.469996
vn 0.011215 -0.999937 -0.000160
vn -0.123251 -0.991281 0.046595
vn 0.003887 -0.999977 -0.005608
vn 0.000000 -1.000000 0.000000
vn -0.005227 -0.609646 -0.792657
vn 0.000000 -1.000000 0.000000
vn -0.006385 -0.249802 -0.968276
vn 0.015261 -0.040581 -0.999060
vn -0.006382 -0.249821 -0.968271
vn -0.005220 -0.610686 -0.791856
vn 0.000000 -1.000000 0.000000
vn -0.001225 -0.999989 -0.004607
vn 0.000000 -1.000000 0.000000
vn -0.014048 -0.994694 0.101914
vn -0.886223 -0.399783 0.234056
vn 0.885992 -0.419269 0.198071
vn 0.911127 -0.065747 0.406848
vn -0.904847 -0.051841 0.422570
vn 0.893660 0.383630 0.232809
vn -0.890881 0.375121 0.256156
vn 0.015491 0.981756 0.189511
vn 0.031084 0.135226 0.990327
vn -0.953214 -0.051081 0.297950
vn -0.772950 -0.629863 -0.076298
vn -0.995276 0.010429 -0.096520
vn -0.832329 0.553485 -0.029709
vn 0.929008 0.255767 0.267447
vn 0.933668 -0.039628 0.355939
vn -0.151851 -0.165936 0.974375
vn 0.916974 -0.307135 0.254609
vn 0.839000 -0.093008 0.536124
vn -0.988138 0.088912 -0.125209
vn -0.980099 -0.022091 -0.197276
vn -0.831227 -0.521625 -0.192275
vn 0.000000 -1.000000 0.000000
vn 0.000000 -1.000000 0.000000
vn 0.000000 -1.000000 0.000000
vn 0.000000 -1.000000 0.000000
vn 0.843184 -0.486390 -0.229056
vn 0.984062 -0.039248 -0.173441
vn 0.994842 0.047514 -0.089621
vn 0.997714 0.060683 -0.029737
vn 0.995336 0.017728 -0.094829
vn 0.915894 -0.379914 -0.129630
vn 0.000000 -1.000000 0.000000
vn 0.000000 -1.000000 0.000000
vn 0.000000 -1.000000 0.000000
vn 0.000000 -1.000000 0.000000
vn -0.878722 -0.461260 -0.122825
vn -0.991666 0.041380 -0.122012
vn -0.992010 0.115391 -0.051010
vn -0.936755 -0.048770 0.346571
vn -0.933287 0.005060 0.359095
vn -0.941242 0.224457 0.252354
vn -0.805551 0.558806 0.197035
vn -0.770657 0.618292 0.154282
vn -0.756416 0.652816 -0.040805
vn -0.757770 0.630852 -0.166764
vn -0.765660 0.573317 -0.291672
vn -0.749079 0.509468 -0.423466
vn -0.659226 0.264482 -0.703896
vn -0.498249 0.045094 -0.865861
vn -0.409231 -0.027346 -0.912021
vn -0.357610 -0.193497 -0.913605
vn -0.179922 -0.507077 -0.842912
vn 0.251026 -0.779200 -0.574311
vn -0.439654 -0.820178 0.366077
vn -0.838718 -0.411609 0.356553
vn -0.851428 -0.260185 0.455383
vn 0.311304 -0.903228 0.295414
vn 0.575081 -0.776478 -0.257611
vn 0.655004 -0.755158 0.026565
vn 0.509269 -0.857510 0.072948
vn -0.964648 0.003746 -0.263515
vn -0.944901 -0.056234 -0.322489
vn -0.809528 -0.059084 -0.584101
vn -0.830275 0.026475 -0.556724
vn -0.628314 -0.060875 -0.775575
vn -0.379355 -0.064862 -0.922975
vn -0.330892 0.001888 -0.943667
vn -0.599845 0.027048 -0.799659
vn 0.000000 -0.066608 -0.997779
vn -0.001364 -0.010076 -0.999948
vn 0.448256 -0.064414 -0.891582
vn 0.404431 0.006700 -0.914544
vn 0.770397 -0.059905 -0.634744
vn 0.778705 0.018163 -0.627128
vn 0.944938 -0.056223 -0.322385
vn 0.965314 -0.007771 -0.260975
vn 0.998490 -0.054931 0.000036
vn 0.999611 -0.027891 0.000681
vn 0.944980 -0.056494 0.322214
vn 0.967320 -0.010339 0.253346
vn 0.770544 -0.060550 0.634505
vn 0.768741 0.003656 0.639549
vn 0.448006 -0.065303 0.891642
vn 0.385168 -0.033408 0.922242
vn -0.000952 -0.067309 0.997732
vn -0.000986 -0.059874 0.998205
vn -0.380290 -0.065185 0.922567
vn -0.318863 -0.045246 0.946720
vn -0.628523 -0.060907 0.775403
vn -0.809527 -0.059084 0.584103
vn -0.824477 0.019361 0.565564
vn -0.568758 -0.001447 0.822504
vn -0.944901 -0.056234 0.322489
vn -0.967459 0.002475 0.253015
vn -0.998492 -0.054900 0.000000
vn -0.999886 -0.015074 -0.000972
vn -0.945241 -0.068370 -0.319132
vn -0.809664 -0.071590 -0.582511
vn -0.627941 -0.073623 -0.774771
vn -0.378632 -0.077627 -0.922287
vn 0.001109 -0.079040 -0.996871
vn 0.450167 -0.076125 -0.889693
vn 0.772321 -0.070789 -0.631276
vn 0.945770 -0.066748 -0.317906
vn 0.997816 -0.065909 0.004410
vn 0.942889 -0.068569 0.325974
vn 0.766626 -0.073785 0.637841
vn 0.441948 -0.078927 0.893562
vn -0.006386 -0.080060 0.996770
vn -0.382458 -0.076737 0.920781
vn -0.628463 -0.071552 0.774542
vn -0.807100 -0.069359 0.586327
vn -0.942667 -0.066755 0.326990
vn -0.997795 -0.066198 0.004717
vn -0.944505 -0.097985 -0.313544
vn -0.808852 -0.094112 -0.580432
vn -0.625331 -0.089510 -0.775209
vn -0.370168 -0.083336 -0.925219
vn 0.014033 -0.071282 -0.997358
vn 0.462701 -0.055308 -0.884788
vn 0.779847 -0.045284 -0.624330
vn 0.949137 -0.045142 -0.311610
vn 0.998435 -0.054879 0.010807
vn 0.939468 -0.073021 0.334765
vn 0.754577 -0.096982 0.649005
vn 0.418053 -0.120467 0.900400
vn -0.032763 -0.132760 0.990607
vn -0.398550 -0.130241 0.907852
vn -0.635038 -0.120408 0.763039
vn -0.806684 -0.117184 0.579248
vn -0.938835 -0.108165 0.326939
vn -0.994757 -0.101762 0.010118
vn -0.939648 0.007370 -0.342062
vn -0.792845 0.031612 -0.608603
vn -0.599067 0.067170 -0.797876
vn -0.313501 0.099980 -0.944310
vn 0.073297 0.107679 -0.991480
vn 0.500841 0.115284 -0.857827
vn 0.745916 0.087638 -0.660250
vn 0.940911 0.019901 -0.338069
vn 0.999777 -0.013005 0.016625
vn 0.957831 -0.066977 0.279416
vn 0.708110 -0.235539 0.665659
vn 0.300319 -0.335664 0.892826
vn -0.159583 -0.342443 0.925887
vn -0.482458 -0.291147 0.826116
vn -0.669443 -0.232925 0.705402
vn -0.835183 -0.172756 0.522135
vn -0.952600 -0.106717 0.284894
vn -0.998877 -0.042992 -0.019923
vn -0.944962 0.150973 -0.290266
vn -0.822615 0.150339 -0.548364
vn -0.634964 0.138643 -0.759999
vn -0.463613 0.104161 -0.879894
vn -0.014657 0.093356 -0.995525
vn 0.509740 0.089897 -0.855619
vn 0.718175 0.116645 -0.686016
vn 0.914955 0.090658 -0.393242
vn 0.999339 0.030901 -0.019148
vn 0.956161 -0.109075 0.271770
vn 0.699128 -0.300507 0.648780
vn 0.254394 -0.388754 0.885525
vn -0.257574 -0.314575 0.913618
vn -0.557396 -0.184688 0.809444
vn -0.686327 -0.118708 0.717540
vn -0.852929 -0.016258 0.521774
vn -0.956169 0.064462 0.285631
vn -0.992021 0.126032 0.003368
vn -0.933319 0.267153 -0.239887
vn -0.890654 0.190770 -0.412725
vn -0.809059 0.055831 -0.585070
vn -0.764131 -0.049272 -0.643177
vn -0.600605 -0.186556 -0.777477
vn -0.175796 -0.493982 -0.851515
vn 0.121793 -0.651254 -0.749022
vn 0.830308 -0.395680 -0.392462
vn 0.947880 -0.311004 0.069283
vn 0.743668 -0.564847 0.357638
vn 0.452118 -0.488245 0.746463
vn 0.064302 -0.289163 0.955118
vn -0.408963 -0.068440 0.909981
vn -0.563114 0.045706 0.825114
vn -0.656173 0.093236 0.748829
vn -0.846996 0.203507 0.491104
vn -0.931985 0.276364 0.234578
vn -0.953032 0.302833 -0.004815
vn -0.454781 -0.722751 0.520390
vn -0.359749 -0.576129 0.733932
vn -0.574638 -0.507181 0.642308
vn -0.566168 -0.658139 0.496293
vn -0.354231 -0.307335 0.883213
vn -0.384761 -0.081503 0.919411
vn -0.726476 -0.102800 0.679460
vn -0.605690 -0.297025 0.738184
vn -0.393641 -0.003722 0.919257
vn -0.345189 0.124566 0.930230
vn -0.589191 0.132505 0.797055
vn -0.654416 0.000546 0.756134
vn -0.567168 0.733349 0.374859
vn -0.600648 0.746947 0.285118
vn -0.660347 0.696036 0.281916
vn -0.639267 0.601412 0.479208
vn -0.603645 0.793614 -0.076089
vn -0.561193 0.818764 -0.121195
vn -0.499818 0.859367 -0.108033
vn -0.560695 0.826280 -0.053696
vn -0.252012 0.929253 -0.270147
vn -0.300835 0.919177 -0.254189
vn -0.330258 0.913360 -0.238124
vn -0.322506 0.902502 -0.285446
vn -0.376170 -0.926123 0.028159
vn -0.419307 -0.890615 0.176031
vn -0.447796 -0.866632 0.220064
vn -0.403314 -0.914402 0.034747
vn -0.485075 -0.819218 0.305915
vn -0.608503 -0.700561 0.372744
vn -0.909431 -0.352903 -0.219989
vn -0.986534 -0.129579 -0.099801
vn -0.731391 -0.670933 -0.122133
vn -0.802492 -0.588287 -0.099627
vn -0.804970 -0.347114 0.481180
vn -0.932510 -0.126804 -0.338151
vn -0.980076 -0.146757 -0.133839
vn -0.984121 -0.121946 -0.128981
vn -0.925624 -0.191896 -0.326183
vn -0.930537 -0.084772 0.356250
vn -0.916846 -0.117710 0.381494
vn -0.936686 0.259590 -0.235015
vn -0.950279 0.266601 -0.160913
vn -0.977494 0.169255 -0.125931
vn -0.990526 -0.000713 -0.137326
vn -0.959838 0.081498 -0.268457
vn -0.858953 0.297701 0.416622
vn -0.914056 0.287808 0.285777
vn -0.905442 0.410832 0.106731
vn -0.903062 0.394684 0.169423
vn -0.947611 0.020998 0.318735
vn -0.949650 -0.061676 0.307182
vn -0.790935 0.364481 0.491504
vn -0.874234 0.308154 0.375176
vn -0.968349 0.247376 -0.033256
vn -0.961523 0.269913 -0.051198
vn -0.999951 -0.009847 0.000514
vn -0.881395 -0.467046 -0.070793
vn -0.905326 -0.413645 -0.096347
vn -0.999960 -0.008976 0.000653
vn -0.827061 -0.041676 0.560566
vn -0.636488 -0.594373 0.491532
vn -0.743164 -0.558546 0.368422
vn -0.900865 -0.043438 0.431921
vn -0.935027 -0.334382 0.117960
vn -0.904247 -0.422346 0.062939
vn -0.974536 -0.171270 -0.144725
vn -0.987281 -0.086555 -0.133359
vn -0.996839 -0.064987 -0.045705
vn -0.984851 -0.132839 -0.111455
vn -0.994790 -0.078530 -0.065006
vn -0.998419 -0.040836 -0.038624
vn -0.997144 -0.001339 -0.075518
vn -0.998003 0.062626 0.008250
vn -0.992393 0.087838 -0.086256
vn -0.995380 -0.011669 -0.095305
vn -0.891182 0.437961 -0.118257
vn -0.927057 0.298511 -0.226842
vn -0.974454 0.211113 -0.076626
vn -0.870711 0.483998 0.087227
vn -0.987672 -0.101868 0.118857
vn -0.972407 -0.064489 0.224203
vn -0.974886 -0.007652 0.222574
vn -0.988005 0.108961 0.109426
vn -0.940772 -0.126082 0.314725
vn -0.948854 -0.130499 0.287483
vn -0.948856 -0.115092 0.293983
vn -0.947316 -0.112293 0.299970
vn -0.801690 -0.593803 0.068487
vn -0.814987 -0.579341 0.012668
vn -0.928990 -0.330420 0.166734
vn -0.914501 -0.347637 0.206968
vn -0.950468 -0.119541 0.286914
vn -0.956711 -0.116685 0.266626
vn -0.957806 -0.111455 0.264926
vn -0.953224 -0.120178 0.277346
vn -0.740092 -0.661165 -0.122985
vn -0.652134 -0.709359 -0.267453
vn -0.939664 -0.327762 0.097994
vn -0.932295 -0.329590 0.148985
vn -0.953191 -0.129159 0.273396
vn -0.936226 -0.144276 0.320414
vn -0.936867 -0.157413 0.312252
vn -0.952718 -0.126821 0.276124
vn -0.681611 -0.691944 -0.237949
vn -0.846098 -0.532694 -0.018822
vn -0.933960 -0.309814 0.178140
vn -0.938035 -0.325799 0.118092
vn -0.014196 -0.774174 0.632814
vn -0.060028 -0.576073 0.815191
vn -0.127548 -0.427553 0.894947
vn -0.293015 -0.211385 0.932448
vn -0.438231 -0.012967 0.898769
vn -0.432665 0.164438 0.886432
vn -0.068935 0.480349 0.874364
vn -0.022938 0.253413 0.967086
vn -0.010556 -0.050942 0.998646
vn -0.064597 -0.554646 0.829575
vn -0.870619 -0.207982 0.445832
vn -0.810035 -0.542134 0.223462
vn -0.271586 -0.893488 -0.357660
vn -0.444308 -0.895816 -0.010217
vn 0.004936 -0.960393 -0.278606
vn 0.004914 -0.929467 -0.368872
vn 0.010187 -0.866677 -0.498766
vn 0.028739 -0.821807 -0.569041
vn 0.024413 -0.818096 -0.574564
vn 0.000376 -0.819152 -0.573577
vn -0.638916 0.337296 0.691389
vn -0.648028 0.313071 0.694296
vn -0.384464 0.456211 0.802533
vn -0.430406 0.467599 0.772077
vn -0.664440 0.367555 0.650710
vn -0.653829 0.331934 0.679947
vn -0.389894 0.503653 0.770920
vn -0.328651 0.590102 0.737407
vn -0.663150 0.498055 0.558724
vn -0.661496 0.398424 0.635360
vn -0.255893 0.654561 0.711385
vn -0.245633 0.779316 0.576481
vn -0.764409 0.577698 0.286259
vn -0.693317 0.577590 0.430931
vn -0.198378 0.859466 0.471131
vn -0.188091 0.911957 0.364632
vn -0.765147 0.562984 0.312408
vn -0.117598 0.939803 0.320843
vn 0.000029 0.714806 0.699322
vn 0.000009 -0.056116 0.998424
vn 0.000000 -0.053181 0.998585
vn -0.000000 0.714803 0.699326
vn -0.803881 -0.020937 -0.594422
vn -0.825920 -0.188079 -0.531491
vn -0.088573 0.248642 -0.964537
vn -0.109254 0.214768 -0.970535
vn -0.822890 0.074972 -0.563233
vn -0.814878 0.083785 -0.573546
vn -0.119477 0.161587 -0.979599
vn -0.119569 0.156895 -0.980350
vn -0.822850 0.129207 -0.553375
vn -0.760817 -0.295461 -0.577807
vn -0.147654 -0.197839 -0.969050
vn -0.140788 0.159247 -0.977149
vn -0.413651 0.807259 -0.420983
vn -0.140857 0.847063 -0.512488
vn -0.175681 0.936661 -0.302989
vn -0.171373 0.955897 -0.238520
vn 0.000788 -0.990312 -0.138857
vn 0.002266 -0.997656 -0.068393
vn -0.407299 -0.910601 -0.070095
vn -0.426129 -0.894610 -0.134492
vn 0.008877 -0.999770 0.019503
vn 0.011301 -0.996658 0.080898
vn 0.011068 -0.947356 0.319990
vn -0.116830 0.942915 -0.311868
vn -0.065767 0.851679 -0.519922
vn -0.073989 0.156899 -0.984839
vn -0.075500 -0.183606 -0.980096
vn -0.063684 0.157627 -0.985443
vn -0.063668 0.162422 -0.984665
vn -0.060216 0.218701 -0.973932
vn -0.053035 0.263577 -0.963180
vn 0.033290 0.982562 -0.182931
vn 0.052137 0.992660 0.109124
vn -0.158900 0.795501 0.584747
vn -0.168251 0.680098 0.713554
vn -0.217128 0.627114 0.748053
vn -0.262443 0.547154 0.794825
vn -0.295002 0.512885 0.806177
vn -0.264794 0.473785 0.839888
vn -0.232328 -0.972389 -0.021975
vn -0.205866 -0.907729 -0.365578
vn 0.920823 -0.376435 -0.101889
vn -0.004082 -0.999919 -0.012074
vn 0.000000 -1.000000 0.000000
vn 0.913456 -0.402871 -0.057397
vn 0.921602 0.166451 0.350632
vn 0.995423 0.027669 -0.091475
vn 0.997806 0.022023 -0.062432
vn 0.995926 0.073159 0.052717
vn -0.833558 -0.064828 0.548615
vn 0.883544 -0.063070 0.464082
vn 0.842744 0.469063 0.264126
vn -0.827131 0.422793 0.370272
vn -0.997181 0.037495 -0.065002
vn -0.949307 0.193589 0.247670
vn -0.990294 0.133510 0.038633
vn -0.995320 0.038088 -0.088812
vn 0.793202 0.006266 -0.608927
vn 0.812737 -0.208533 -0.544033
vn 0.300302 -0.255535 -0.918978
vn 0.329014 -0.038816 -0.943527
vn 0.298197 0.138735 0.944368
vn 0.227815 0.960359 0.160656
vn 0.892882 0.449924 0.018168
vn 0.999970 -0.006381 0.004427
vn 0.848819 -0.527016 -0.041965
vn 0.086399 -0.994347 0.061721
vn -0.889460 0.431515 0.150521
vn -0.999552 0.017683 -0.024145
vn -0.634316 -0.715860 0.291869
vn -0.678787 -0.656191 0.329640
vn -0.789202 -0.593661 0.157246
vn -0.730145 -0.680229 0.064634
vn -0.902535 -0.268689 -0.336507
vn -0.812638 -0.392108 -0.431127
vn -0.899938 -0.362464 -0.242346
vn -0.778817 -0.234812 -0.581642
vn -0.881908 -0.092398 -0.462278
vn -0.980423 -0.194464 0.030895
vn -0.985985 -0.074637 0.149211
vn -0.940398 0.074646 -0.331782
vn -0.956180 0.276511 -0.096236
vn -0.986264 -0.014764 0.164517
vn -0.042014 -0.700716 -0.712202
vn -0.141464 -0.487994 -0.861307
vn -0.151089 -0.984594 0.088014
vn -0.101091 -0.842306 0.529434
vn -0.713416 -0.435328 0.549114
vn -0.700482 -0.591323 0.399577
vn -0.080994 -0.771793 0.630695
vn -0.054013 -0.592724 0.803593
vn -0.750866 0.354559 0.557214
vn -0.756775 0.566141 0.326766
vn -0.395725 0.750466 0.529341
vn -0.313033 0.628248 0.712260
vn -0.137656 -0.462702 -0.875762
vn -0.045479 -0.683279 -0.728740
vn -0.831030 -0.266846 0.488040
vn -0.830369 -0.478976 0.284725
vn -0.980988 0.152770 0.119684
vn -0.976864 -0.094572 -0.191814
vn -0.153815 -0.690353 -0.706932
vn -0.165899 -0.898534 -0.406342
vn -0.606365 -0.130496 0.784406
vn -0.175735 0.055714 0.982860
vn -0.289027 0.323229 0.901103
vn -0.677601 0.133362 0.723237
vn -0.403816 0.617269 0.675212
vn -0.728684 0.482553 0.485965
vn -0.324357 0.638589 0.697851
vn -0.315664 0.799279 0.511380
vn 0.003206 -0.999535 -0.030335
vn 0.001613 -0.997679 -0.068072
vn -0.381203 -0.923761 -0.036748
vn 0.004461 -0.999523 -0.030571
vn -0.405064 -0.913399 -0.040308
vn -0.429006 -0.900584 -0.070018
vn 0.987376 0.042053 -0.152708
vn 0.983908 -0.078532 -0.160492
vn 0.324894 -0.526826 -0.785429
vn 0.757727 -0.473605 -0.448941
vn 0.846782 -0.484099 -0.220475
vn 0.000000 -1.000000 0.000000
vn -0.865084 0.036358 -0.500307
vn -0.866078 -0.161213 -0.473201
vn -0.981130 -0.047680 -0.187380
vn -0.980283 0.072380 -0.183866
vn -0.914937 0.360382 -0.181699
vn -0.893425 0.425818 -0.143078
vn -0.296604 0.917770 -0.264053
vn -0.358570 0.908085 -0.216356
vn -0.659907 0.597670 -0.455317
vn -0.870315 0.095731 -0.483103
vn -0.821078 -0.303292 -0.483575
vn -0.866120 0.050237 -0.497306
vn -0.861130 0.060962 -0.504717
vn -0.871572 -0.045302 -0.488170
vn -0.899364 -0.139308 -0.414412
vn 0.000000 1.000000 0.000000
vn 0.000000 1.000000 0.000000
vn 0.000000 1.000000 0.000000
vn 0.000000 1.000000 0.000000
vn 0.082657 0.968740 0.233904
vn 0.110389 0.978964 0.171594
vn 0.142584 0.964652 0.221623
vn -0.987532 0.148068 0.053454
vn 0.377854 -0.218286 0.899765
vn 0.374369 -0.248585 0.893339
vn -0.640632 -0.694492 0.327523
vn -0.880244 -0.167646 0.443921
vn -0.959741 -0.208540 0.188171
vn -0.664734 -0.684416 0.299504
vn -0.877836 -0.473228 -0.073890
vn -0.999976 -0.001215 -0.006786
vn -0.998945 -0.026098 -0.037793
vn -0.900532 -0.419540 -0.114140
vn -0.826075 0.021629 -0.563146
vn -0.772771 -0.260429 -0.578794
vn -0.815635 -0.319193 -0.482550
vn -0.880079 -0.012968 -0.474650
vn -0.121001 0.032963 -0.992105
vn -0.131952 -0.191031 -0.972675
vn -0.699161 -0.713706 -0.042410
vn -0.909527 -0.395155 0.128893
vn 0.669933 -0.711194 -0.213054
vn 0.252689 -0.803967 -0.538317
vn 0.144880 -0.906754 -0.395988
vn -0.566503 0.500197 0.654887
vn -0.006844 0.864352 0.502840
vn -0.005620 0.761739 0.647859
vn -0.096754 -0.904108 0.416205
vn -0.064572 -0.997736 0.018786
vn -0.762963 -0.632593 0.133091
vn -0.896294 -0.278969 0.344722
vn -0.045127 0.733398 0.678300
vn -0.039998 0.704163 0.708911
vn -0.508228 0.545490 0.666442
vn -0.072620 0.696580 0.713795
vn -0.069235 0.724093 0.686219
vn -0.021287 0.793742 0.607882
vn -0.814741 -0.533932 0.226084
vn -0.889318 -0.192011 0.415026
vn -0.156335 -0.927092 -0.340675
vn -0.562011 0.701985 0.437447
vn -0.615003 0.575712 0.538820
vn 0.007676 0.931626 0.363337
vn -0.004048 0.956588 0.291414
vn -0.741259 -0.646159 0.181696
vn -0.794944 -0.575884 0.190844
vn -0.899081 -0.165685 0.405218
vn -0.919936 -0.125489 0.371445
vn -0.070246 -0.980669 -0.182632
vn -0.100972 -0.943398 -0.315920
vn -0.534815 0.762001 0.365141
vn -0.532121 0.770659 0.350617
vn -0.004703 0.975426 0.220278
vn -0.005797 0.971028 0.238896
vn -0.752858 -0.637457 0.163870
vn -0.722252 -0.664563 0.191591
vn -0.929458 -0.098724 0.355473
vn -0.949954 -0.108419 0.292971
vn -0.042294 -0.997227 -0.061235
vn -0.052119 -0.992705 -0.108718
vn -0.728901 0.569818 0.379487
vn -0.613877 0.689615 0.384169
vn -0.006867 0.965111 0.261750
vn -0.007612 0.949708 0.313044
vn -0.754430 -0.649817 0.092594
vn -0.743319 -0.658857 0.115686
vn -0.948531 -0.215236 0.232298
vn -0.936110 -0.307252 0.171156
vn -0.033648 -0.999244 -0.019484
vn -0.036434 -0.999078 -0.022697
vn -0.776679 -0.622702 0.094932
vn -0.902297 -0.377593 0.208046
vn 0.005009 -0.981813 -0.189783
vn -0.150225 0.871377 0.467048
vn -0.663387 0.572993 0.481245
vn -0.230065 0.850773 0.472500
vn -0.940625 -0.124665 0.315728
vn -0.944709 -0.086618 0.316263
vn -0.013419 0.225656 0.974115
vn -0.041244 0.479986 0.876306
vn -0.309435 0.172720 0.935103
vn -0.305227 -0.019704 0.952076
vn -0.201558 -0.245454 0.948223
vn -0.089107 -0.433807 0.896589
vn -0.043464 -0.573738 0.817885
vn -0.010269 -0.772430 0.635017
vn 0.007648 -0.946610 0.322291
vn 0.007777 -0.996503 0.083198
vn 0.006103 -0.999781 0.020032
vn 0.000548 -0.990330 -0.138735
vn -0.112889 0.961949 -0.248818
vn -0.091677 0.950637 0.296455
vn -0.127526 0.918739 0.373706
vn -0.128899 0.875611 0.465501
vn -0.000897 -0.819879 -0.572536
vn 0.015897 -0.815059 -0.579160
vn -0.059218 -0.537633 0.841097
vn -0.006572 -0.050831 0.998686
vn -0.157742 -0.973167 0.167520
vn -0.168144 -0.932131 -0.320718
vn -0.150324 -0.689925 -0.708100
vn -0.235160 0.295842 0.925839
vn -0.155382 0.017111 0.987706
vn -0.233755 0.633632 0.737475
vn -0.070607 -0.575425 0.814801
vn -0.094053 -0.753623 0.650543
vn -0.116484 -0.827508 0.549237
vn -0.136614 0.391905 -0.909806
vn 0.000000 0.994690 -0.102917
vn -0.074702 -0.190044 -0.978929
vn -0.064352 0.032641 -0.997393
vn -0.093980 -0.992710 0.075469
vn -0.101762 -0.873826 0.475471
vn -0.189123 -0.913552 -0.360076
vn -0.200645 -0.903424 -0.378903
vn -0.146285 -0.935502 -0.321617
vn -0.114395 -0.972699 -0.201918
vn -0.093211 -0.989409 -0.111269
vn -0.079057 -0.994611 -0.067082
vn -0.072885 -0.997062 -0.023547
vn -0.068706 -0.997433 -0.020196
vn -0.755035 -0.653828 0.049314
vn -0.901790 -0.400150 0.163263
vn 0.005471 -0.980855 -0.194661
vn -0.138755 0.873707 0.466244
vn -0.646808 0.592123 0.480656
vn -0.213078 0.855556 0.471829
vn -0.955507 -0.099067 0.277835
vn -0.957271 -0.048780 0.285050
vn -0.254872 0.966653 -0.024942
vn -0.227496 0.973567 0.020308
vn -0.168642 0.984366 0.050823
vn -0.172227 0.984970 -0.013133
vn -0.151190 0.988473 0.007949
vn -0.176327 0.984202 -0.015963
vn 0.000000 -0.999787 -0.020639
vn 0.000000 -0.983537 0.180705
vn -0.295942 -0.954633 0.033070
vn -0.137552 -0.961209 0.239073
vn -0.000000 -0.985501 0.169673
vn 0.000000 -0.999598 -0.028346
vn -0.324889 -0.943528 0.064822
vn -0.174337 -0.953758 0.244852
vn -0.759526 -0.649729 0.031184
vn -0.972592 -0.232291 0.010272
vn -0.970258 -0.207960 0.123904
vn -0.981294 -0.139198 0.132992
vn -0.991990 -0.069987 0.105152
vn -0.995849 0.072028 0.055657
vn -0.167480 0.984415 0.053649
vn -0.188499 0.982073 -0.000811
vn -0.284393 0.951948 -0.113645
vn -0.169609 0.977160 -0.128032
vn -0.116870 0.985826 -0.120364
vn 0.000000 -0.982418 -0.186695
vn -0.445240 -0.878785 -0.171751
vn -0.000000 -0.982418 -0.186696
vn -0.448270 -0.884920 -0.126372
vn -0.468516 -0.866462 -0.172441
vn -1.000000 -0.000000 0.000000
vn -0.798567 -0.589090 -0.123546
vn -0.985661 -0.168724 -0.002071
vn -0.993102 -0.117033 -0.007254
vn -1.000000 -0.000000 0.000000
vn -0.990412 -0.138053 0.005074
vn -0.291190 0.950793 -0.105833
vn -0.433193 -0.887772 -0.155581
vn -0.000000 -0.981177 -0.193110
vn 0.000000 -0.981177 -0.193110
vn -0.138351 0.988497 -0.061105
vn -0.218710 0.974040 -0.058412
vn -0.200579 0.977146 -0.070383
vn -0.244429 0.968299 -0.051495
vn -1.000000 -0.000000 0.000000
vn -0.990872 -0.132869 0.022777
vn -0.983193 -0.179730 0.032070
vn -0.988740 -0.145100 0.036603
vn -0.998721 -0.042086 0.028032
vn -0.815592 -0.575229 -0.062617
vn -0.457174 -0.877925 -0.142267
vn -0.197732 0.414785 0.888175
vn -0.303034 0.347122 0.887512
vn -0.128618 0.477745 0.869033
vn -0.480098 0.874461 0.069459
vn -0.501744 0.864859 0.016460
vn -0.481610 0.875524 -0.038838
vn -0.486073 0.869354 -0.089204
vn -0.554979 0.808992 -0.193727
vn -0.613039 0.754842 -0.233234
vn -0.686768 0.709515 -0.157920
vn -0.788013 0.615300 0.020998
vn -0.758493 0.650399 -0.040874
vn -0.667833 0.252630 0.700127
vn -0.894295 0.321031 0.311730
vn -0.255589 0.337462 0.905977
vn -0.276471 0.216564 0.936303
vn -0.329740 0.302642 0.894248
vn -0.548896 0.204819 0.810409
vn -0.933550 0.130170 0.333975
vn -0.916996 0.396307 0.045364
vn -0.878458 0.477805 0.003681
vn -0.844290 0.514207 -0.150883
vn -0.814614 0.564518 -0.133133
vn -0.891273 0.440514 -0.107615
vn -0.902619 0.428388 -0.041982
vn -0.903645 0.427847 -0.019297
vn -0.884856 0.465485 0.018820
vn -0.942484 0.253317 0.218070
vn -0.603386 0.779483 0.168323
vn -0.968049 -0.032424 0.248658
vn -0.820915 -0.541220 0.182155
vn -0.800003 -0.581545 0.147648
vn -0.996506 -0.063979 0.053693
vn -0.992273 -0.092768 -0.082396
vn -0.975697 -0.158888 -0.150898
vn -0.956103 -0.045968 0.289404
vn -0.938286 0.166239 0.303289
vn -0.889593 0.404274 0.212573
vn -0.991974 0.089781 0.089031
vn -0.030451 0.949130 0.313410
vn -0.775559 0.491972 0.395564
vn -0.029657 0.969300 0.244087
vn 0.009122 -0.970966 0.239043
vn -0.467878 -0.820788 0.327714
vn 0.013096 -0.970797 0.239543
vn -0.569338 -0.674408 0.470137
vn -0.537260 -0.708090 0.458215
vn -0.524755 -0.806969 0.270986
vn -0.451556 -0.846177 0.282986
vn -0.689559 -0.345091 0.636727
vn -0.427457 -0.436939 0.791432
vn -0.440395 -0.040872 0.896873
vn -0.755559 -0.039685 0.653877
vn -0.804069 -0.016287 0.594312
vn -0.539351 0.085216 0.837758
vn -0.892485 0.093316 0.441319
vn -0.640523 0.145911 0.753950
vn -0.859460 0.070052 0.506380
vn -0.934177 0.237239 0.266517
vn -0.852507 0.463807 0.241071
vn -0.635327 0.749050 0.187842
vn -0.862633 0.215118 0.457808
vn -0.807439 0.280797 0.518841
vn -0.910320 0.270164 0.313574
vn -0.829720 0.427646 0.358726
vn -0.754939 0.541471 0.369967
vn -0.740593 0.555206 0.378507
vn -0.763755 0.463277 0.449504
vn -0.774777 0.337349 0.534711
vn -0.867178 -0.004435 0.497979
vn -0.839822 0.145005 0.523138
vn -0.541143 -0.818033 0.194900
vn -0.326172 -0.908797 0.260192
vn -0.063773 0.152242 -0.986284
vn -0.832349 0.066185 -0.550286
vn -0.119671 0.151457 -0.981193
vn -0.871651 0.039655 -0.488521
vn -0.999646 -0.025041 -0.008968
vn -0.999774 -0.015577 -0.014486
vn -0.997968 -0.023395 -0.059272
vn -0.997805 -0.030960 -0.058537
vn -0.813956 -0.471206 0.339765
vn 0.824310 -0.518185 0.228028
vn -0.901959 -0.424950 -0.076735
vn -0.887236 -0.454961 -0.076305
vn -0.878014 -0.472610 -0.075701
vn -0.800899 -0.445820 -0.399757
vn -0.852348 -0.484657 -0.196495
vn -0.253787 -0.046720 -0.966131
vn -0.551101 -0.011110 -0.834365
vn -0.207034 -0.246278 -0.946828
vn -0.547593 -0.231017 -0.804222
vn -0.210369 -0.540531 -0.814599
vn -0.530870 -0.486747 -0.693725
vn 0.000000 -1.000000 -0.000000
vn 0.004204 -0.999949 -0.009241
vn 0.000000 -1.000000 0.000000
vn -0.904493 -0.060037 0.422242
vn -0.852083 -0.499049 0.157813
vn 0.726815 -0.538042 0.426908
vn 0.755779 -0.075621 0.650446
vn -0.861612 0.468073 0.196299
vn 0.746241 0.473890 0.467497
vn -0.438414 0.247525 0.864016
vn -0.999462 0.028383 -0.016451
vn -0.960721 0.061825 -0.270543
vn -0.926489 -0.052552 -0.372634
vn -0.986384 -0.077777 -0.144905
vn -0.997720 0.066888 0.008964
vn -0.997957 0.062837 -0.011511
vn -0.998645 0.040597 -0.032562
vn -0.956486 0.222451 0.188812
vn -0.939640 0.291831 0.178638
vn -0.947606 0.283929 0.146381
vn -0.876883 0.339269 0.340548
vn -0.838228 0.345979 0.421513
vn -0.841586 0.270428 0.467549
vn -0.844983 0.322089 0.426921
vn -0.836247 0.194122 0.512843
vn -0.833358 0.182230 0.521830
vn -0.821742 0.172537 0.543112
vn -0.804629 0.181183 0.565460
vn -0.814885 0.131197 0.564579
vn -0.907449 0.404128 0.114960
vn -0.921711 0.150074 0.357669
vn -0.896758 0.319270 0.306419
vn -0.803528 -0.030314 0.594494
vn -0.691307 -0.253460 0.676648
vn -0.038688 -0.410022 0.911255
vn -0.071334 -0.417997 0.905643
vn -0.082486 0.301840 -0.949784
vn -0.162917 0.303376 -0.938840
vn -0.129483 0.323214 -0.937426
vn -0.996167 -0.038582 -0.078500
vn -0.940116 -0.227638 -0.253698
vn -0.955942 -0.007528 -0.293461
vn -0.993387 0.054030 0.101306
vn -0.999707 0.018273 -0.015906
vn -0.999116 0.036464 -0.020941
vn -0.946924 -0.284519 0.149612
vn -0.939810 -0.311406 -0.140657
vn -0.999826 0.012486 -0.013820
vn -0.995980 -0.009226 -0.089103
vn -0.005338 -0.063051 -0.997996
vn -0.250859 0.156091 0.955356
vn -0.004892 0.075454 0.997137
vn -0.225390 0.968800 0.103080
vn -0.009267 0.987177 0.159358
vn -0.947627 -0.059536 0.313782
vn 0.839618 -0.062703 0.539546
vn 0.821737 0.432795 0.370724
vn -0.929607 0.346738 0.124915
vn -0.933237 -0.348705 0.086450
vn 0.808419 -0.479455 0.341442
vn -0.008229 -0.996882 0.078477
vn -0.086090 -0.995713 0.033837
vn 0.000053 -0.999984 -0.005604
vn 0.000000 -1.000000 0.000000
vn -0.005225 -0.610068 -0.792332
vn 0.000000 -1.000000 0.000000
vn -0.006384 -0.249802 -0.968276
vn -0.886223 -0.399782 0.234056
vn 0.885992 -0.419269 0.198071
vn 0.911127 -0.065746 0.406848
vn -0.904847 -0.051841 0.422570
vn 0.893660 0.383630 0.232809
vn -0.890881 0.375121 0.256156
vn -0.953214 -0.051082 0.297949
vn -0.772950 -0.629862 -0.076298
vn -0.995277 0.009858 -0.096575
vn -0.833364 0.551984 -0.028595
vn -0.151859 -0.165932 0.974374
vn 0.839000 -0.093005 0.536124
vn -0.672826 0.388364 0.629665
vn -0.840039 0.188187 0.508842
vn -0.948522 -0.122838 0.291920
vn -0.949444 -0.120717 0.289800
vn -0.810072 -0.586288 0.007097
vn -0.933934 -0.308678 0.180240
vn 0.003365 -0.927988 -0.372594
vn -0.195594 0.673273 0.713054
vn -0.293425 0.642092 0.708251
vn 0.026091 -0.815501 -0.578167
vn -0.367449 -0.930043 0.000952
vn 0.005843 -0.999969 0.005296
vn 0.004076 -0.999975 0.005769
vn 0.006209 0.991365 -0.130982
vn 0.000014 0.858690 0.512496
vn -0.000000 0.858690 0.512495
vn -0.998565 0.052763 -0.009136
vn -0.997348 0.006316 -0.072505
vn -0.946674 0.004984 -0.322155
vn -0.965023 0.005982 -0.262098
vn -0.965278 0.009464 -0.261052
vn -0.954218 0.003874 -0.299087
vn -0.970550 0.013314 -0.240530
vn -0.872100 -0.375314 -0.313976
vn -0.959684 -0.047819 -0.276983
vn -0.881558 -0.357142 -0.308715
vn -0.972358 0.031784 -0.231323
vn -0.855236 0.434884 -0.281863
vn -0.407746 0.887155 -0.216100
vn -0.431172 0.886726 -0.166756
vn -0.716123 0.690726 -0.100324
vn -0.824156 0.562537 -0.065715
vn -0.888908 0.457398 -0.025102
vn -0.911956 0.410143 -0.010893
vn -0.994868 0.080744 -0.060981
vn -0.990545 0.031164 -0.133601
vn -0.876690 -0.460904 -0.137779
vn 0.000000 -1.000000 0.000000
vn 0.000000 -1.000000 0.000000
vn 0.000000 -1.000000 0.000000
vn 0.912741 -0.379738 -0.150675
vn 0.994392 0.006142 -0.105583
vn 0.998785 0.030630 -0.038612
vn -0.391893 -0.920008 0.002208
vn -0.874227 -0.107631 -0.473437
vn -0.956393 -0.093416 -0.276743
vn -0.984413 0.027081 -0.173773
vn -0.996876 0.060648 -0.050600
vn -0.971825 0.051821 0.229936
vn -0.950065 0.019706 0.311429
vn -0.943586 -0.007042 0.331051
vn -0.942090 -0.031157 0.333910
vn -0.940212 -0.062969 0.334718
vn -0.941165 -0.067535 0.331129
vn -0.942778 -0.065877 0.326849
vn -0.946062 -0.064442 0.317513
vn -0.940728 -0.073812 0.331032
vn -0.928135 -0.115032 0.354025
vn -0.978559 0.010573 0.205696
vn -0.952766 0.302172 -0.030489
vn -0.962960 0.205978 0.174018
vn -0.829829 -0.155458 0.535926
vn -0.703187 -0.321216 0.634309
vn -0.042251 -0.471840 0.880671
vn -0.066052 -0.468362 0.881064
vn -0.058571 0.289074 -0.955513
vn -0.094479 0.307467 -0.946857
vn -0.551384 -0.833336 -0.039074
vn -0.554610 -0.829401 -0.067105
vn -0.543760 -0.839171 0.010838
vn -0.532232 -0.844522 0.059266
vn -0.440786 0.895125 0.066773
vn -0.424347 0.903344 -0.062451
vn -0.414122 0.894278 -0.169616
vn -0.390211 0.879074 -0.273795
vn -0.342557 0.820029 -0.458483
vn -0.290032 0.478189 -0.828985
vn -0.200887 0.110131 -0.973404
vn -0.212045 0.013049 -0.977173
vn -0.237341 -0.209917 -0.948475
vn -0.169117 -0.548763 -0.818693
vn 0.038739 -0.890533 -0.453267
vn -0.029913 -0.983955 0.175890
vn -0.237928 -0.925486 0.294729
vn 0.118808 -0.970341 -0.210530
vn 0.109128 -0.993215 -0.040198
vn 0.044318 -0.998827 -0.019529
vn -0.149456 0.988764 0.002790
vn -0.134659 0.984732 -0.110321
vn -0.154484 0.963008 -0.220797
vn -0.157496 0.921945 -0.353853
vn -0.072439 0.830869 -0.551733
vn 0.022637 0.434437 -0.900418
vn 0.041326 0.191431 -0.980636
vn 0.002449 0.040912 -0.999160
vn 0.000255 -0.153498 -0.988149
vn 0.000129 -0.563860 -0.825871
vn 0.000198 -0.928198 -0.372086
vn -0.017561 -0.980199 0.197237
vn 0.000000 -0.981955 -0.189117
vn 0.000000 -0.999224 -0.039383
vn 0.000000 -0.999224 -0.039384
vn -0.147228 0.989026 -0.012318
vn -0.174895 0.977318 -0.119419
vn -0.394458 0.904010 -0.164831
vn -0.379278 0.846554 -0.373490
vn -0.282764 0.646714 -0.708383
vn -0.134027 0.280015 -0.950594
vn 0.045148 0.203756 -0.977980
vn 0.003058 0.042298 -0.999100
vn 0.000780 -0.171137 -0.985247
vn 0.000643 -0.593742 -0.804655
vn 0.000227 -0.941402 -0.337286
vn -0.009976 -0.985582 0.168903
vn 0.000000 -0.982902 -0.184132
vn 0.000000 -0.999224 -0.039384
vn 0.000000 -0.999224 -0.039384
vn -0.133230 0.990281 -0.039914
vn -0.242115 0.968605 0.056440
vn -0.353591 -0.282380 -0.891760
vn -0.020342 0.209463 -0.977605
vn 0.002197 0.044913 -0.998989
vn 0.000274 -0.160552 -0.987027
vn -0.000311 -0.559558 -0.828791
vn 0.000000 -0.926659 -0.375902
vn -0.000000 -0.976971 0.213373
vn 0.000000 -0.982312 -0.187253
vn 0.000000 -0.999224 -0.039382
vn 0.000000 -0.999224 -0.039382
vn -0.068940 0.995858 -0.059282
vn -0.084189 0.996410 0.008935
vn -0.141209 -0.243475 -0.959573
vn -0.009803 0.179640 -0.983684
vn 0.000668 0.044902 -0.998991
vn 0.000114 -0.146503 -0.989210
vn -0.000011 -0.545472 -0.838129
vn 0.000000 -0.917750 -0.397158
vn -0.000000 -0.977240 0.212138
vn 0.000000 -0.981342 -0.192273
vn 0.000000 -0.999224 -0.039382
vn -0.000000 -0.999224 -0.039382
vn -0.392249 -0.913291 0.109728
vn -0.457840 -0.881613 -0.114634
vn -0.468920 -0.864848 -0.179307
vn -0.448426 -0.884016 -0.132023
vn -0.403019 -0.913559 -0.054635
vn -0.428614 -0.899957 -0.079799
vn -0.387359 -0.921929 -0.000392
vn -0.402452 -0.913537 0.059013
vn -0.697622 0.619147 0.360528
vn -0.911374 0.285181 0.296766
vn -0.707929 -0.662174 0.245689
vn -0.478999 -0.850569 0.217008
vn -0.404383 0.814449 0.416109
vn -0.173030 0.889515 0.422875
vn -0.375652 -0.900928 0.217289
vn -0.406360 -0.890305 0.205497
vn -0.815477 -0.509678 0.274275
vn -0.963987 -0.130311 0.231838
vn -0.727654 0.257662 -0.635712
vn -0.794680 0.281862 -0.537622
vn -0.505144 0.786058 -0.356290
vn -0.791984 0.252244 -0.555999
vn -0.702482 0.475958 -0.529133
vn -0.741774 0.546253 -0.389075
vn -0.876934 0.273413 -0.395263
vn -0.825466 0.208109 -0.524687
vn -0.889626 0.130244 -0.437723
vn -0.867692 0.287505 -0.405526
vn -0.745282 0.470801 -0.472125
vn -0.843231 -0.225568 -0.487936
vn -0.901738 0.036296 -0.430757
vn -0.725278 0.589091 -0.356292
vn -0.528239 0.792204 -0.305576
vn -0.318371 0.900722 -0.295534
vn -0.845443 0.013931 -0.533884
vn -0.844408 -0.018360 -0.535386
vn -0.849089 -0.147881 -0.507128
vn -0.587681 -0.480755 -0.650773
vn -0.339576 -0.707733 -0.619517
vn -0.757231 -0.383229 -0.528902
vn -0.820730 -0.092697 -0.563746
vn -0.801468 -0.589863 0.098544
vn -0.819379 -0.553207 0.150267
vn -0.586345 -0.791380 0.172968
vn -0.545183 -0.822158 0.163803
vn -0.914805 -0.379828 0.137343
vn -0.906391 -0.390698 0.160660
vn -0.975640 -0.075761 0.205882
vn -0.975904 -0.108575 0.189272
vn -0.923753 0.221490 0.312445
vn -0.905415 0.309453 0.290623
vn -0.728664 0.553302 0.403617
vn -0.716337 0.603748 0.349785
vn -0.385256 0.783125 0.488153
vn -0.443631 0.809157 0.385300
vn -0.212274 -0.946660 0.242437
vn -0.275695 0.862749 0.423860
vn -0.183243 0.828742 0.528781
vn 0.000000 1.000000 0.000000
vn 0.000000 1.000000 0.000000
vn 0.000002 0.858689 0.512498
vn 0.000003 0.714803 0.699326
vn 0.000001 -0.056117 0.998424
vn -0.375473 -0.251780 0.891979
vn -0.109810 0.979189 0.170679
vn 0.109785 0.979195 0.170656
vn 0.375473 -0.251780 0.891979
vn -0.000001 -0.056116 0.998424
vn -0.000003 0.714803 0.699326
vn -0.000002 0.858688 0.512498
vn 0.000000 1.000000 0.000000
vn 0.000000 1.000000 0.000000
vn 0.165331 0.302186 -0.938802
vn 0.148303 0.360918 -0.920731
vn 0.147168 0.368668 -0.917838
vn 0.164785 0.303609 -0.938439
vn 0.116202 0.430691 -0.894988
vn 0.114490 0.432405 -0.894381
vn 0.997526 0.070276 0.001837
vn 0.997533 0.070171 0.001775
vn 0.997525 0.070301 0.001437
vn 0.997525 0.070303 0.001502
vn 0.997539 0.070094 0.001590
vn 0.997536 0.070149 0.001428
vn 0.815172 -0.221237 0.535303
vn 0.791026 -0.258643 0.554421
vn 0.778095 -0.278243 0.563161
vn 0.812508 -0.225416 0.537605
vn 0.658482 -0.331779 0.675518
vn 0.591316 -0.348019 0.727481
vn 0.987591 0.150256 0.045686
vn 0.986011 0.166681 -0.000384
vn 0.985998 0.166317 -0.012140
vn 0.986851 0.161577 0.004275
vn 0.985003 0.170707 -0.025051
vn 0.985803 0.166727 -0.019865
vn -0.997539 0.070093 0.001590
vn -0.997534 0.070171 0.001775
vn -0.997525 0.070300 0.001437
vn -0.997536 0.070148 0.001428
vn -0.997526 0.070275 0.001837
vn -0.997525 0.070303 0.001502
vn -0.658480 -0.331779 0.675520
vn -0.791025 -0.258644 0.554422
vn -0.778094 -0.278243 0.563162
vn -0.591314 -0.348019 0.727483
vn -0.815037 -0.221283 0.535489
vn -0.812397 -0.225453 0.537756
vn -0.984886 0.171540 -0.023966
vn -0.985020 0.170648 -0.024813
vn -0.984886 0.170747 -0.029087
vn -0.984722 0.171977 -0.027308
vn -0.556002 -0.068939 0.828317
vn -0.560782 -0.061931 0.825644
vn -0.835567 -0.051836 0.546938
vn -0.834914 -0.054372 0.547688
vn 0.997401 0.071800 -0.005980
vn 0.997295 0.072755 -0.010507
vn 0.165822 0.300125 -0.939377
vn -0.986084 0.165376 -0.016985
vn -0.986075 0.165438 -0.016908
vn -0.986062 0.165531 -0.016798
vn -0.986079 0.165411 -0.016930
vn -0.895856 -0.051763 0.441318
vn -0.898392 -0.055662 0.435654
vn 0.816330 -0.219405 0.534291
vn 0.816330 -0.219405 0.534291
vn -0.985803 0.166727 -0.019863
vn -0.985922 0.166151 -0.018768
vn 0.997490 0.070796 -0.001100
vn 0.987633 0.147809 0.052287
vn 0.987191 0.150313 0.053481
vn 0.987193 0.151551 0.049816
vn 0.410915 -0.210136 0.887126
vn 0.412637 -0.238197 0.879200
vn -0.997529 0.069070 0.012853
vn -0.997362 0.069137 0.022121
vn -0.997335 0.068735 0.024463
vn -0.997548 0.068622 0.013768
vn -0.110221 0.437246 -0.892562
vn -0.114480 0.432416 -0.894377
vn -0.115077 0.428065 -0.896391
vn -0.110970 0.432043 -0.895000
vn -0.997537 0.070136 0.001359
vn -0.997539 0.070098 0.001532
vn 0.985860 0.166963 -0.014261
vn 0.985872 0.166867 -0.014574
vn 0.985901 0.166752 -0.013871
vn 0.985855 0.167022 -0.013889
vn 0.926865 -0.116888 0.356732
vn 0.921076 -0.114846 0.372061
vn 0.929679 -0.117903 0.348992
vn 0.929679 -0.117903 0.348992
vn -0.567828 -0.352878 0.743672
vn -0.567828 -0.352878 0.743672
vn 0.987208 0.158954 0.012402
vn -0.997570 0.069360 0.006528
vn -0.997557 0.069654 0.005261
vn 0.115046 0.428094 -0.896381
vn 0.110225 0.437245 -0.892562
vn 0.110964 0.432044 -0.895000
vn 0.997537 0.070136 0.001359
vn 0.997539 0.070098 0.001532
vn 0.997570 0.069360 0.006528
vn 0.997557 0.069654 0.005261
vn 0.997548 0.068622 0.013768
vn 0.997529 0.069070 0.012853
vn 0.997362 0.069137 0.022121
vn 0.997335 0.068735 0.024463
vn -0.921076 -0.114847 0.372061
vn -0.926865 -0.116889 0.356732
vn -0.929679 -0.117903 0.348992
vn -0.929679 -0.117903 0.348992
vn -0.412637 -0.238197 0.879200
vn -0.410915 -0.210136 0.887126
vn 0.567831 -0.352877 0.743670
vn 0.567831 -0.352877 0.743670
vn -0.987633 0.147805 0.052304
vn -0.987589 0.150284 0.045632
vn -0.987193 0.151551 0.049816
vn -0.987191 0.150313 0.053481
vn -0.987209 0.158949 0.012418
vn -0.986859 0.161524 0.004441
vn -0.985855 0.167022 -0.013887
vn -0.985860 0.166963 -0.014262
vn -0.985872 0.166867 -0.014574
vn -0.985901 0.166752 -0.013871
vn 0.984872 0.170794 -0.029280
vn 0.985922 0.166151 -0.018768
vn 0.986063 0.165526 -0.016737
vn 0.986079 0.165430 -0.016798
vn 0.986090 0.165361 -0.016799
vn 0.986085 0.165398 -0.016759
vn -0.165835 0.300099 -0.939383
vn -0.164774 0.303616 -0.938438
vn -0.997490 0.070796 -0.001100
vn -0.997401 0.071800 -0.005980
vn -0.997295 0.072755 -0.010507
vn 0.895856 -0.051763 0.441319
vn 0.835566 -0.051836 0.546939
vn 0.834913 -0.054372 0.547689
vn 0.898391 -0.055662 0.435655
vn 0.560782 -0.061932 0.825644
vn 0.556002 -0.068939 0.828317
vn -0.816185 -0.219455 0.534491
vn -0.816185 -0.219455 0.534491
vn 0.984860 0.171632 -0.024342
vn 0.984691 0.172086 -0.027753
vn 0.110148 0.437788 -0.892306
vn -0.418824 -0.237518 0.876454
vn -0.560728 -0.063583 0.825555
vn -0.557308 -0.068470 0.827478
vn 0.560728 -0.063583 0.825555
vn 0.557308 -0.068470 0.827478
vn 0.418824 -0.237518 0.876454
vn -0.116206 0.430691 -0.894987
vn -0.110143 0.437789 -0.892306
vn -0.165322 0.302181 -0.938805
vn 0.151427 0.365306 -0.918489
vn 0.997490 0.070812 0.000672
vn 0.997424 0.071728 -0.000166
vn 0.997344 0.072834 -0.000642
vn -0.905758 -0.093747 0.413298
vn -0.906850 -0.083152 0.413170
vn -0.529248 -0.125599 0.839120
vn -0.520142 -0.146043 0.841501
vn -0.521123 -0.140267 0.841876
vn -0.985772 0.168086 -0.001048
vn -0.986012 0.166676 -0.000374
vn -0.985998 0.166317 -0.012131
vn -0.985898 0.166555 -0.016264
vn -0.985951 0.166244 -0.016236
vn 0.985898 0.166554 -0.016265
vn 0.985951 0.166244 -0.016236
vn -0.148290 0.360977 -0.920709
vn -0.147152 0.368750 -0.917807
vn -0.151422 0.365300 -0.918492
vn -0.997490 0.070812 0.000672
vn -0.997424 0.071728 -0.000166
vn -0.997344 0.072834 -0.000643
vn 0.905757 -0.093747 0.413298
vn 0.906849 -0.083152 0.413171
vn 0.529247 -0.125599 0.839120
vn 0.520142 -0.146043 0.841501
vn 0.521123 -0.140267 0.841876
vn 0.985772 0.168085 -0.001048
vn 0.402269 -0.909050 0.108664
vn 0.383334 -0.922591 0.043362
vn 0.500164 -0.864666 0.046786
vn 0.531231 -0.840259 0.108440
vn 0.373911 -0.927248 -0.020041
vn 0.488223 -0.872623 -0.012912
vn 0.341471 0.874010 0.345694
vn 0.360456 0.879264 0.311392
vn -0.000000 0.942799 0.333362
vn -0.000000 0.928988 0.370110
vn 0.369236 0.885831 0.281012
vn -0.000000 0.954958 0.296742
vn 0.374911 -0.926030 -0.043712
vn 0.355165 -0.921350 -0.158026
vn 0.470721 -0.868920 -0.152972
vn 0.483302 -0.874652 -0.037458
vn 0.335212 -0.900479 -0.277076
vn 0.478690 -0.839392 -0.257442
vn 0.778906 -0.626962 0.015015
vn 0.762331 -0.641465 -0.085872
vn 0.780577 -0.617546 -0.096624
vn 0.921588 -0.386016 0.040842
vn 0.753696 -0.627019 -0.196948
vn 0.778221 -0.596943 -0.195015
vn 0.368004 0.889196 0.271854
vn 0.373791 0.901235 0.219219
vn 0.000000 0.975512 0.219948
vn 0.000000 0.958421 0.285357
vn -0.009577 0.988078 0.153659
vn 0.000000 0.988059 0.154078
vn 0.400217 -0.896957 0.187869
vn 0.431035 -0.889555 0.151328
vn 0.583680 -0.799685 0.140787
vn 0.594089 -0.787412 0.164441
vn 0.416959 -0.900926 0.120322
vn 0.546066 -0.829218 0.119205
vn 0.816971 -0.554004 0.160119
vn 0.814763 -0.559449 0.152240
vn 0.903921 -0.395535 0.162726
vn 0.898402 -0.404790 0.170349
vn 0.803838 -0.577154 0.144005
vn 0.911308 -0.381240 0.155480
vn 0.287282 0.868600 0.403737
vn 0.327854 0.867361 0.374427
vn -0.000000 0.916519 0.399991
vn 0.000000 0.905378 0.424606
vn 0.345890 0.870508 0.350108
vn -0.000000 0.926820 0.375505
vn 0.359686 -0.885547 -0.293996
vn 0.346052 -0.869208 -0.353166
vn 0.500182 -0.801071 -0.328790
vn 0.486611 -0.829171 -0.275111
vn 0.317825 -0.851428 -0.417202
vn 0.506567 -0.775099 -0.377639
vn 0.764799 -0.608222 -0.212483
vn 0.770125 -0.587700 -0.248024
vn 0.910754 -0.369732 -0.183917
vn 0.925517 -0.354429 -0.133409
vn 0.757415 -0.581692 -0.296576
vn 0.892025 -0.386292 -0.234669
vn -0.008273 0.989815 0.142118
vn 0.341721 0.932427 0.117498
vn -0.000000 0.994519 0.104553
vn 0.000000 0.989802 0.142448
vn 0.329417 0.941017 0.077275
vn -0.000000 0.997669 0.068237
vn 0.348996 -0.836237 -0.422977
vn 0.341927 -0.817634 -0.463207
vn 0.519655 -0.737411 -0.431491
vn 0.511384 -0.767106 -0.387344
vn 0.329588 -0.799125 -0.502764
vn 0.520195 -0.711766 -0.472003
vn 0.764417 -0.567781 -0.305437
vn 0.755656 -0.546801 -0.360545
vn 0.896647 -0.324393 -0.301320
vn 0.911506 -0.338391 -0.233770
vn 0.739771 -0.524592 -0.421358
vn 0.867311 -0.326848 -0.375423
vn 0.332418 0.941083 0.062136
vn 0.333397 0.942719 -0.011342
vn -0.000000 0.999982 -0.005993
vn -0.000002 0.998471 0.055277
vn 0.334474 0.938448 -0.086271
vn 0.000001 0.997730 -0.067347
vn -0.417118 -0.900888 0.120057
vn -0.430954 -0.889552 0.151579
vn -0.581410 -0.801246 0.141307
vn -0.543804 -0.830732 0.119004
vn -0.400257 -0.896981 0.187668
vn -0.591441 -0.789379 0.164557
vn -0.335100 -0.900673 -0.276580
vn -0.355197 -0.921435 -0.157458
vn -0.468620 -0.870123 -0.152580
vn -0.477887 -0.840011 -0.256916
vn -0.374659 -0.926124 -0.043874
vn -0.480991 -0.875912 -0.037764
vn -0.781827 -0.622581 0.033762
vn -0.790940 -0.605947 0.085102
vn -0.916391 -0.386999 0.102272
vn -0.919816 -0.388138 0.057341
vn -0.799256 -0.585341 0.136255
vn -0.911123 -0.384413 0.148601
vn -0.317528 -0.851379 -0.417529
vn -0.347088 -0.869054 -0.352526
vn -0.501643 -0.800315 -0.328404
vn -0.507592 -0.774446 -0.377602
vn -0.359710 -0.885780 -0.293261
vn -0.486628 -0.829509 -0.274058
vn -0.330032 -0.798920 -0.502798
vn -0.341576 -0.818165 -0.462528
vn -0.521746 -0.736906 -0.429826
vn -0.522493 -0.710281 -0.471701
vn -0.349007 -0.836243 -0.422956
vn -0.512392 -0.766599 -0.387015
vn 0.337446 -0.790547 -0.511044
vn 0.339106 -0.757357 -0.558049
vn 0.530802 -0.665245 -0.525069
vn 0.523061 -0.703919 -0.480526
vn 0.349947 -0.715592 -0.604537
vn 0.574332 -0.598697 -0.558306
vn 0.740832 -0.512972 -0.433621
vn 0.736843 -0.477388 -0.478711
vn 0.859426 -0.271441 -0.433252
vn 0.874264 -0.296926 -0.384055
vn 0.752372 -0.408359 -0.516895
vn 0.847795 -0.227096 -0.479240
vn 0.320114 0.941262 -0.107487
vn 0.325218 0.926086 -0.191307
vn 0.000000 0.985047 -0.172287
vn 0.000001 0.996124 -0.087962
vn 0.332011 0.901805 -0.276615
vn -0.000000 0.965878 -0.258997
vn -0.777886 0.598759 -0.190740
vn -0.765061 0.585052 -0.269066
vn -0.903672 0.274976 -0.328277
vn -0.923500 0.281122 -0.260996
vn -0.750304 0.563690 -0.345396
vn -0.879090 0.263032 -0.397511
vn -0.337130 -0.790315 -0.511611
vn -0.338898 -0.757240 -0.558333
vn 0.000000 -0.819016 -0.573771
vn 0.000001 -0.850476 -0.526014
vn -0.350398 -0.715247 -0.604685
vn 0.000004 -0.782631 -0.622486
vn 0.758229 0.567118 0.321661
vn 0.724341 0.604338 0.331822
vn 0.451412 0.810018 0.374296
vn 0.000008 -0.978425 0.206602
vn 0.973501 -0.127242 0.190012
vn 0.979100 -0.048505 0.197513
vn 0.000001 -0.999374 -0.035371
vn -0.000001 -0.998121 -0.061273
vn 0.781827 -0.622580 0.033762
vn 0.919816 -0.388136 0.057342
vn 0.994958 -0.053627 0.084750
vn 0.995866 -0.052254 0.074296
vn 0.995726 0.014944 0.091145
vn 0.996524 0.016745 0.081606
vn 0.785316 0.586798 0.197348
vn 0.816632 0.546189 0.186522
vn 0.825684 0.535645 0.177003
vn 0.792655 0.579897 0.188195
vn 0.479687 0.838354 0.258965
vn 0.475770 0.837926 0.267437
vn 0.000008 -0.952787 -0.303638
vn 0.000000 -0.946029 -0.324083
vn 0.997773 -0.060216 -0.028697
vn 0.990197 -0.131567 -0.046913
vn 0.998367 -0.044897 -0.035329
vn 0.999715 0.023321 -0.005042
vn 0.999585 0.024098 -0.015757
vn 0.819178 0.561703 0.115918
vn 0.848134 0.518451 0.108982
vn 0.847963 0.520278 0.101336
vn 0.816078 0.567686 0.108397
vn 0.496371 0.853895 0.156461
vn 0.495529 0.852519 0.166323
vn -0.000002 -0.992913 0.118842
vn 0.000002 -0.994335 0.106295
vn 0.799256 -0.585341 0.136255
vn 0.911116 -0.384430 0.148600
vn 0.983589 -0.077492 0.162936
vn 0.984987 -0.070243 0.157689
vn 0.986534 -0.010089 0.163244
vn 0.987441 -0.004457 0.157927
vn 0.739856 0.610478 0.282718
vn 0.774766 0.570752 0.271993
vn 0.777473 0.569907 0.265973
vn 0.742158 0.610601 0.276347
vn 0.459549 0.826077 0.326207
vn 0.458392 0.824887 0.330816
vn -0.000006 -0.895293 -0.445478
vn 0.000002 -0.890443 -0.455096
vn 0.990579 -0.051562 -0.126863
vn 0.989775 -0.032600 -0.138865
vn 0.993824 0.035651 -0.105089
vn 0.991659 0.040225 -0.122448
vn 0.502581 0.862105 0.064709
vn 0.501499 0.861485 0.079636
vn 0.812397 0.582022 0.035508
vn 0.805078 0.592862 0.019088
vn 0.841816 0.538872 0.031012
vn 0.838388 0.544828 0.016377
vn 0.955213 -0.027513 -0.294636
vn 0.950597 -0.013533 -0.310132
vn 0.959156 0.058033 -0.276862
vn 0.923499 0.281123 -0.260997
vn 0.788283 0.591680 -0.168892
vn 0.815294 0.553465 -0.170213
vn 0.777885 0.598760 -0.190741
vn 0.510403 0.851627 -0.119248
vn 0.509525 0.855111 -0.095759
vn -0.000016 -0.855693 -0.517484
vn -0.724361 0.604317 0.331816
vn -0.758229 0.567117 0.321662
vn -0.816971 -0.554003 0.160119
vn -0.448169 0.811590 0.374788
vn -0.898401 -0.404793 0.170349
vn -0.979099 -0.048505 0.197514
vn -0.973501 -0.127243 0.190013
vn -0.373906 -0.927237 -0.020635
vn -0.778905 -0.626962 0.015015
vn -0.486150 -0.873767 -0.013717
vn -0.921588 -0.386016 0.040842
vn -0.994958 -0.053627 0.084749
vn -0.995866 -0.052254 0.074296
vn -0.995726 0.014944 0.091144
vn -0.996524 0.016745 0.081606
vn -0.785316 0.586798 0.197348
vn -0.792655 0.579897 0.188195
vn -0.825684 0.535645 0.177003
vn -0.816632 0.546189 0.186522
vn -0.474487 0.838534 0.267811
vn -0.478545 0.838898 0.259318
vn -0.753696 -0.627019 -0.196948
vn -0.764799 -0.608222 -0.212483
vn -0.778222 -0.596943 -0.195015
vn -0.925522 -0.354417 -0.133404
vn -0.997773 -0.060216 -0.028697
vn -0.998367 -0.044894 -0.035327
vn -0.990197 -0.131567 -0.046913
vn -0.999715 0.023321 -0.005042
vn -0.999586 0.024099 -0.015753
vn -0.819178 0.561703 0.115918
vn -0.816063 0.567706 0.108401
vn -0.847963 0.520278 0.101334
vn -0.848134 0.518451 0.108982
vn -0.495308 0.852559 0.166774
vn -0.496405 0.853790 0.156924
vn -0.401893 -0.909192 0.108866
vn -0.803838 -0.577154 0.144005
vn -0.529020 -0.841616 0.108720
vn -0.911322 -0.381206 0.155481
vn -0.983589 -0.077493 0.162937
vn -0.984987 -0.070244 0.157689
vn -0.986534 -0.010087 0.163244
vn -0.987441 -0.004458 0.157928
vn -0.739874 0.610459 0.282713
vn -0.742158 0.610602 0.276347
vn -0.777473 0.569908 0.265973
vn -0.774767 0.570752 0.271992
vn -0.456383 0.825905 0.331053
vn -0.457576 0.827074 0.326456
vn -0.757415 -0.581692 -0.296576
vn -0.764417 -0.567781 -0.305437
vn -0.892027 -0.386287 -0.234670
vn -0.911510 -0.338382 -0.233767
vn -0.990579 -0.051564 -0.126864
vn -0.989775 -0.032600 -0.138864
vn -0.993823 0.035652 -0.105092
vn -0.991660 0.040224 -0.122447
vn -0.287391 0.868646 0.403560
vn -0.368090 0.889112 0.272011
vn -0.369149 0.885815 0.281178
vn 0.008267 0.989820 0.142085
vn 0.009588 0.988085 0.153612
vn -0.341490 0.874041 0.345597
vn -0.345961 0.870541 0.349957
vn -0.333276 0.940760 0.062430
vn -0.328583 0.941279 0.077639
vn -0.502470 0.860874 0.080129
vn -0.503986 0.861243 0.065253
vn -0.805078 0.592862 0.019088
vn -0.812383 0.582042 0.035510
vn -0.838388 0.544828 0.016378
vn -0.841816 0.538873 0.031015
vn -0.739771 -0.524592 -0.421358
vn -0.740832 -0.512972 -0.433621
vn -0.524800 -0.702391 -0.480866
vn -0.867311 -0.326848 -0.375423
vn -0.874264 -0.296926 -0.384055
vn -0.955213 -0.027513 -0.294636
vn -0.950597 -0.013534 -0.310132
vn -0.959156 0.058033 -0.276862
vn -0.788284 0.591679 -0.168891
vn -0.815294 0.553465 -0.170212
vn -0.510149 0.854666 -0.096408
vn -0.510517 0.851465 -0.119917
vn -0.319603 0.941398 -0.107813
vn -0.334852 0.938265 -0.086794
vn 0.588001 -0.584479 -0.559142
vn 0.905246 0.024265 -0.424195
vn 0.879090 0.263032 -0.397511
vn 0.750303 0.563692 -0.345395
vn 0.519998 0.805888 -0.283102
vn -0.332222 0.901628 -0.276942
vn -0.515962 0.808322 -0.283546
vn -0.905246 0.024265 -0.424195
vn -0.847795 -0.227096 -0.479240
vn -0.752372 -0.408358 -0.516895
vn -0.580990 -0.588806 -0.561923
vn -0.569093 -0.601784 -0.560348
vn 0.495564 0.852531 0.166152
vn 0.496372 0.853915 0.156342
vn -0.495325 0.852571 0.166664
vn -0.496415 0.853795 0.156865
vn 0.000002 -0.999399 0.034668
vn 0.790940 -0.605947 0.085102
vn 0.916397 -0.386984 0.102275
vn 0.990969 -0.056949 0.121393
vn 0.992267 0.008370 0.123838
vn 0.790775 0.568384 0.227190
vn 0.758291 0.607336 0.236933
vn 0.465578 0.833810 0.296645
vn -0.360510 0.879147 0.311661
vn 0.000003 -0.983222 -0.182414
vn 0.991289 -0.131116 0.012452
vn 0.998135 -0.056336 0.023499
vn 0.999106 0.020808 0.036789
vn 0.844958 0.515775 0.141499
vn 0.814879 0.560044 0.149409
vn 0.490804 0.844871 0.212848
vn -0.373744 0.901179 0.219529
vn 0.000001 -0.986772 0.162117
vn 0.978626 -0.105522 0.176513
vn 0.983195 -0.029353 0.180186
vn 0.766594 0.569878 0.295927
vn 0.732571 0.607461 0.307132
vn 0.454846 0.818073 0.351954
vn -0.327777 0.867309 0.374617
vn -0.000001 -0.922856 -0.385145
vn 0.995350 -0.050949 -0.081753
vn 0.997621 0.027481 -0.063220
vn 0.846779 0.527685 0.067183
vn 0.817068 0.572197 0.070639
vn 0.499090 0.858306 0.119248
vn -0.342337 0.932244 0.117159
vn -0.384361 -0.922141 0.043839
vn -0.000000 -0.873856 -0.486184
vn 0.975876 -0.027757 -0.216556
vn 0.977885 0.050733 -0.202897
vn 0.827886 0.556480 -0.070250
vn 0.796710 0.599568 -0.075971
vn 0.507036 0.861853 -0.011134
vn -0.332716 0.942948 -0.012229
vn -0.983194 -0.029352 0.180190
vn -0.978624 -0.105526 0.176519
vn -0.766596 0.569876 0.295926
vn -0.732571 0.607462 0.307132
vn -0.452450 0.819091 0.352676
vn -0.814763 -0.559449 0.152240
vn -0.903908 -0.395564 0.162727
vn -0.498700 -0.865486 0.047250
vn -0.990970 -0.056948 0.121388
vn -0.762331 -0.641465 -0.085872
vn -0.780577 -0.617546 -0.096624
vn -0.992268 0.008373 0.123833
vn -0.991289 -0.131116 0.012452
vn -0.998135 -0.056336 0.023499
vn -0.790775 0.568383 0.227190
vn -0.758292 0.607336 0.236933
vn -0.999106 0.020809 0.036789
vn -0.844958 0.515775 0.141499
vn -0.814879 0.560045 0.149410
vn -0.463815 0.834569 0.297272
vn -0.490037 0.845211 0.213265
vn -0.770126 -0.587699 -0.248024
vn -0.910737 -0.369768 -0.183929
vn -0.995350 -0.050949 -0.081753
vn -0.997621 0.027487 -0.063220
vn -0.846777 0.527688 0.067183
vn -0.817068 0.572197 0.070639
vn -0.499593 0.858073 0.118818
vn -0.755656 -0.546801 -0.360545
vn -0.896647 -0.324393 -0.301320
vn -0.975876 -0.027757 -0.216556
vn -0.977885 0.050733 -0.202897
vn -0.508798 0.860794 -0.012586
vn -0.827886 0.556481 -0.070250
vn -0.796710 0.599568 -0.075970
vn 0.929633 -0.002253 -0.368480
vn 0.903672 0.274976 -0.328278
vn 0.765059 0.585053 -0.269067
vn 0.510516 0.836912 -0.197360
vn -0.325510 0.926031 -0.191075
vn -0.509931 0.837386 -0.196862
vn -0.929633 -0.002253 -0.368480
vn -0.859426 -0.271441 -0.433252
vn -0.736843 -0.477388 -0.478711
vn -0.530444 -0.665171 -0.525526
vn 0.959148 -0.223128 0.173924
vn 0.956184 -0.254458 0.144786
vn 0.950204 -0.267103 0.160528
vn 0.962970 -0.230114 0.140489
vn 0.942075 -0.201815 0.267891
vn 0.930979 -0.320339 0.175104
vn 0.925387 -0.338884 0.169758
vn 0.909877 -0.389209 0.143671
vn 0.903160 -0.410113 0.126924
vn 0.879253 -0.468358 0.086919
vn 0.856811 -0.511523 0.064959
vn 0.823892 -0.565041 0.043941
vn 0.790704 -0.611253 0.034009
vn 0.766303 -0.641014 0.043379
vn 0.761988 -0.645891 0.046888
vn 0.718564 -0.690803 0.080355
vn 0.718564 -0.690803 0.080355
vn 0.127849 -0.736828 0.663882
vn 0.254904 -0.761712 0.595667
vn 0.254904 -0.761712 0.595667
vn 0.178076 -0.748488 0.638791
vn 0.000000 -0.696886 0.717182
vn 0.000000 -0.696886 0.717182
vn -0.129040 -0.736964 0.663500
vn -0.176233 -0.747878 0.640016
vn -0.245169 -0.760055 0.601838
vn -0.245169 -0.760055 0.601838
vn -0.761695 -0.646246 0.046757
vn -0.718560 -0.690808 0.080351
vn -0.718560 -0.690808 0.080351
vn -0.766043 -0.641337 0.043184
vn -0.790607 -0.611394 0.033727
vn -0.824004 -0.564888 0.043796
vn -0.857059 -0.511103 0.064994
vn -0.879351 -0.468172 0.086927
vn -0.903161 -0.410119 0.126896
vn -0.909884 -0.389197 0.143652
vn -0.925411 -0.338811 0.169770
vn -0.930997 -0.320277 0.175118
vn -0.950207 -0.267086 0.160534
vn -0.956186 -0.254451 0.144787
vn -0.962969 -0.230126 0.140475
vn -0.959149 -0.223139 0.173901
vn -0.952795 -0.221295 0.207870
vn -0.916922 -0.195668 0.347804
vn -0.960865 -0.229559 0.155051
vn -0.945526 -0.263450 0.191246
vn -0.954162 -0.250341 0.164025
vn -0.919424 -0.334151 0.207372
vn -0.925208 -0.312945 0.214605
vn -0.898440 -0.403612 0.172926
vn -0.904486 -0.384694 0.184165
vn -0.863244 -0.486699 0.133919
vn -0.878977 -0.453555 0.147265
vn -0.801324 -0.590764 0.094220
vn -0.838672 -0.532119 0.116095
vn -0.757547 -0.647379 0.083805
vn -0.761313 -0.642948 0.083786
vn -0.716874 -0.692143 0.083836
vn -0.716874 -0.692143 0.083837
vn -0.266108 -0.762846 0.589282
vn -0.132793 -0.737907 0.661709
vn -0.185036 -0.749690 0.635395
vn -0.266109 -0.762846 0.589282
vn 0.000000 -0.696883 0.717185
vn 0.000000 -0.696883 0.717185
vn 0.183000 -0.749509 0.636197
vn 0.225647 -0.757353 0.612780
vn 0.275230 -0.764239 0.583255
vn 0.275230 -0.764239 0.583255
vn 0.761734 -0.642449 0.083790
vn 0.716880 -0.692138 0.083835
vn 0.716880 -0.692138 0.083835
vn 0.757918 -0.646943 0.083809
vn 0.838510 -0.532446 0.115768
vn 0.801425 -0.590648 0.094087
vn 0.878849 -0.453862 0.147083
vn 0.863049 -0.487129 0.133615
vn 0.904486 -0.384703 0.184146
vn 0.898445 -0.403608 0.172910
vn 0.925188 -0.313024 0.214576
vn 0.919408 -0.334213 0.207342
vn 0.954158 -0.250349 0.164038
vn 0.945520 -0.263466 0.191253
vn 0.952788 -0.221281 0.207917
vn 0.960865 -0.229547 0.155072
vn 0.916921 -0.195666 0.347808
vn -0.942075 -0.201815 0.267891
vn 0.000000 0.763742 0.645521
vn 0.000000 0.763742 0.645521
vn 0.000000 0.763742 0.645521
vn 0.000000 0.763742 0.645521
vn 0.000000 0.827965 0.560780
vn 0.000000 0.827965 0.560780
vn 0.000000 0.827965 0.560780
vn 0.000000 0.827965 0.560780
vn 0.000040 0.959969 0.280106
vn 0.000040 0.959969 0.280106
vn 0.000040 0.959969 0.280106
vn 0.000040 0.959969 0.280106
vn 0.000041 0.975154 0.221528
vn 0.000041 0.975154 0.221528
vn 0.000041 0.975154 0.221528
vn 0.000041 0.975154 0.221528
vn -0.000092 0.974154 0.225884
vn -0.000092 0.974154 0.225884
vn -0.000092 0.974154 0.225884
vn -0.000092 0.974154 0.225884
vn -0.000099 0.958900 0.283746
vn -0.000099 0.958900 0.283746
vn -0.000099 0.958900 0.283746
vn -0.000099 0.958900 0.283746
vn -0.000635 0.956764 0.290864
vn -0.000635 0.956764 0.290864
vn -0.000635 0.956764 0.290864
vn -0.000635 0.956764 0.290864
vn -0.000727 0.929704 0.368307
vn -0.000727 0.929704 0.368307
vn -0.000727 0.929704 0.368307
vn -0.000727 0.929704 0.368307
vn -0.000111 0.883129 0.469130
vn -0.000111 0.883129 0.469130
vn -0.000111 0.883129 0.469130
vn -0.000111 0.883129 0.469130
vn 0.000574 0.931611 0.363457
vn 0.000464 0.931721 0.363176
vn 0.000000 0.932181 0.361992
vn 0.000000 0.932181 0.361992
vn 0.000000 0.931410 0.363972
vn -0.000000 0.931410 0.363972
vn -0.000893 0.931692 0.363249
vn -0.000634 0.931828 0.362900
vn -0.000150 0.849067 0.528286
vn -0.000150 0.849067 0.528286
vn -0.000200 0.848929 0.528507
vn -0.000203 0.848923 0.528517
vn -0.000995 0.906699 0.421777
vn -0.000995 0.906699 0.421776
vn -0.001145 0.906402 0.422414
vn -0.001148 0.906375 0.422473
vn -0.000737 0.943116 0.332464
vn -0.000737 0.943115 0.332465
vn -0.000902 0.943611 0.331055
vn -0.000924 0.943675 0.330873
vn -0.000145 0.944823 0.327581
vn -0.000145 0.944823 0.327581
vn -0.000149 0.944755 0.327778
vn -0.000148 0.944746 0.327803
vn -0.000113 0.965224 0.261426
vn -0.000113 0.965224 0.261426
vn -0.000124 0.965281 0.261212
vn -0.000126 0.965290 0.261181
vn 0.000038 0.966495 0.256686
vn 0.000038 0.966495 0.256686
vn 0.000035 0.966520 0.256590
vn 0.000034 0.966524 0.256577
vn 0.000036 0.968805 0.247823
vn 0.000036 0.968805 0.247823
vn 0.000036 0.968792 0.247875
vn 0.000036 0.968791 0.247879
vn 0.000000 0.783732 0.621099
vn 0.000000 0.783732 0.621099
vn 0.000000 0.783733 0.621098
vn 0.000000 0.783733 0.621098
vn 0.000000 0.711027 0.703165
vn 0.000000 0.711027 0.703165
vn 0.000000 0.711024 0.703168
vn 0.000000 0.711024 0.703168
vn 0.000000 0.932162 0.362042
vn 0.000000 0.932162 0.362042
vn -0.000150 0.882691 0.469954
vn -0.000150 0.882691 0.469954
vn -0.000150 0.882691 0.469954
vn -0.000150 0.882691 0.469954
vn -0.000898 0.928750 0.370705
vn -0.000898 0.928750 0.370705
vn -0.000898 0.928750 0.370705
vn -0.000898 0.928750 0.370705
vn -0.000781 0.958311 0.285725
vn -0.000781 0.958311 0.285725
vn -0.000781 0.958311 0.285725
vn -0.000781 0.958311 0.285725
vn -0.000120 0.958684 0.284472
vn -0.000120 0.958684 0.284472
vn -0.000120 0.958684 0.284472
vn -0.000120 0.958684 0.284472
vn -0.000105 0.974331 0.225120
vn -0.000105 0.974331 0.225120
vn -0.000105 0.974331 0.225120
vn -0.000105 0.974331 0.225120
vn 0.000024 0.975233 0.221178
vn 0.000024 0.975233 0.221178
vn 0.000024 0.975233 0.221178
vn 0.000024 0.975233 0.221178
vn 0.000018 0.959904 0.280330
vn 0.000018 0.959904 0.280330
vn 0.000018 0.959904 0.280330
vn 0.000018 0.959904 0.280330
vn 0.000000 0.827966 0.560779
vn 0.000000 0.827966 0.560779
vn 0.000000 0.827966 0.560779
vn 0.000000 0.827966 0.560779
vn 0.000000 0.763739 0.645525
vn 0.000000 0.763739 0.645525
vn 0.000000 0.763739 0.645525
vn 0.000000 0.763739 0.645525
vn -0.000149 0.849175 0.528112
vn -0.000148 0.849173 0.528115
vn -0.000894 0.906973 0.421187
vn -0.000894 0.906949 0.421240
vn -0.000739 0.942640 0.333811
vn -0.000726 0.942707 0.333621
vn -0.000133 0.944894 0.327377
vn -0.000134 0.944883 0.327408
vn -0.000119 0.965164 0.261645
vn -0.000116 0.965175 0.261604
vn 0.000036 0.966468 0.256789
vn 0.000037 0.966473 0.256770
vn 0.000038 0.968818 0.247774
vn 0.000038 0.968817 0.247780
vn 0.000000 0.783732 0.621099
vn 0.000000 0.783732 0.621099
vn 0.000000 0.711022 0.703170
vn 0.000000 0.711022 0.703169
vn -0.000160 0.849229 0.528024
vn -0.000160 0.849230 0.528024
vn -0.000892 0.907080 0.420959
vn -0.000892 0.907080 0.420959
vn -0.000774 0.942461 0.334316
vn -0.000774 0.942461 0.334316
vn -0.000129 0.944924 0.327289
vn -0.000129 0.944924 0.327289
vn -0.000127 0.965136 0.261748
vn -0.000127 0.965136 0.261748
vn 0.000031 0.966452 0.256847
vn 0.000031 0.966452 0.256847
vn 0.000041 0.968826 0.247741
vn 0.000041 0.968826 0.247741
vn 0.000000 0.783732 0.621099
vn 0.000000 0.783732 0.621100
vn 0.000000 0.711026 0.703166
vn 0.000000 0.711026 0.703166
vn 0.000000 0.711023 0.703168
vn 0.000000 0.711023 0.703168
vn 0.000000 0.783733 0.621098
vn 0.000000 0.783733 0.621098
vn 0.000038 0.968785 0.247904
vn 0.000038 0.968785 0.247904
vn 0.000032 0.966535 0.256534
vn 0.000032 0.966535 0.256534
vn -0.000134 0.965315 0.261087
vn -0.000134 0.965315 0.261087
vn -0.000144 0.944719 0.327881
vn -0.000144 0.944719 0.327881
vn -0.000987 0.943858 0.330349
vn -0.000987 0.943858 0.330349
vn -0.001157 0.906283 0.422671
vn -0.001157 0.906283 0.422671
vn -0.000217 0.848882 0.528583
vn -0.000217 0.848882 0.528583
vn 0.000000 0.935640 -0.352956
vn 0.000000 0.935640 -0.352956
vn 0.000000 0.935640 -0.352956
vn 0.000000 0.935640 -0.352956
vn 0.000000 0.598532 0.801099
vn 0.000000 0.598532 0.801099
vn 0.000000 0.598532 0.801099
vn 0.000000 0.598532 0.801099
vn 0.000000 0.935641 -0.352953
vn 0.000000 0.935641 -0.352953
vn 0.000000 0.935641 -0.352953
vn 0.000000 0.935641 -0.352953
vn 0.000000 0.598536 0.801096
vn 0.000000 0.598536 0.801096
vn 0.000000 0.598536 0.801096
vn 0.000000 0.598536 0.801096
vn 0.738814 0.673485 -0.023905
vn 0.738814 0.673485 -0.023905
vn 0.738814 0.673485 -0.023905
vn 0.738814 0.673485 -0.023905
vn -0.000006 0.935641 -0.352953
vn -0.000006 0.935641 -0.352953
vn -0.000006 0.935641 -0.352953
vn -0.000006 0.935641 -0.352953
vn 0.714560 0.698253 0.042973
vn 0.714560 0.698253 0.042973
vn 0.714560 0.698253 0.042973
vn 0.714560 0.698253 0.042973
vn 0.636477 0.768400 0.066774
vn 0.636477 0.768400 0.066774
vn 0.636477 0.768400 0.066774
vn 0.636477 0.768400 0.066774
vn 0.573564 0.813570 0.095541
vn 0.573564 0.813570 0.095541
vn 0.573564 0.813570 0.095541
vn 0.573564 0.813570 0.095541
vn 0.494263 0.866178 0.073747
vn 0.494263 0.866178 0.073747
vn 0.494264 0.866178 0.073747
vn 0.494264 0.866178 0.073747
vn 0.421058 0.901585 0.099271
vn 0.421057 0.901585 0.099271
vn 0.421058 0.901585 0.099271
vn 0.421057 0.901585 0.099271
vn 0.373362 0.909602 0.182277
vn 0.373362 0.909602 0.182277
vn 0.373362 0.909602 0.182277
vn 0.373362 0.909602 0.182277
vn 0.276660 0.831028 0.482548
vn 0.276660 0.831028 0.482548
vn 0.276660 0.831028 0.482548
vn 0.276660 0.831028 0.482548
vn 0.000000 0.598532 0.801099
vn 0.000000 0.598532 0.801099
vn 0.000000 0.598532 0.801099
vn 0.000000 0.598532 0.801099
vn 0.118331 0.768463 0.628858
vn 0.118331 0.768463 0.628858
vn 0.118331 0.768463 0.628858
vn 0.118331 0.768463 0.628858
vn -0.119607 0.769391 0.627481
vn -0.119607 0.769391 0.627481
vn -0.119607 0.769391 0.627481
vn -0.119607 0.769391 0.627481
vn 0.000000 0.598530 0.801100
vn 0.000000 0.598530 0.801100
vn 0.000000 0.598530 0.801100
vn 0.000000 0.598530 0.801101
vn -0.279105 0.832790 0.478081
vn -0.279105 0.832790 0.478081
vn -0.279105 0.832790 0.478081
vn -0.279105 0.832790 0.478081
vn -0.376113 0.908400 0.182617
vn -0.376113 0.908400 0.182617
vn -0.376113 0.908400 0.182617
vn -0.376113 0.908400 0.182617
vn -0.423407 0.900335 0.100611
vn -0.423407 0.900335 0.100611
vn -0.423407 0.900335 0.100611
vn -0.423407 0.900335 0.100611
vn -0.496476 0.864787 0.075204
vn -0.496476 0.864787 0.075204
vn -0.496476 0.864787 0.075204
vn -0.496476 0.864787 0.075204
vn -0.575547 0.812036 0.096664
vn -0.575547 0.812036 0.096664
vn -0.575547 0.812036 0.096664
vn -0.575547 0.812036 0.096664
vn -0.636841 0.768166 0.065987
vn -0.636841 0.768166 0.065987
vn -0.636841 0.768166 0.065987
vn -0.636841 0.768166 0.065987
vn -0.714832 0.698023 0.042191
vn -0.714832 0.698023 0.042191
vn -0.714832 0.698023 0.042191
vn -0.714832 0.698023 0.042191
vn 0.000000 0.935643 -0.352947
vn 0.000000 0.935643 -0.352947
vn 0.000000 0.935643 -0.352947
vn 0.000000 0.935643 -0.352947
vn -0.736459 0.675907 -0.027903
vn -0.736459 0.675907 -0.027903
vn -0.736459 0.675907 -0.027903
vn -0.736459 0.675907 -0.027903
vn -0.514397 -0.543012 0.663727
vn -0.514397 -0.543012 0.663727
vn -0.007093 0.157279 0.987529
vn -0.063228 0.086948 0.994204
vn -0.136818 -0.747525 -0.649990
vn -0.136818 -0.747525 -0.649990
vn -0.136818 -0.747525 -0.649990
vn -0.136818 -0.747525 -0.649990
vn 0.000032 -0.958607 -0.284734
vn 0.000032 -0.958607 -0.284734
vn 0.000032 -0.958607 -0.284734
vn 0.000032 -0.958607 -0.284734
vn 0.000016 -0.974595 -0.223976
vn 0.000016 -0.974595 -0.223976
vn 0.000016 -0.974595 -0.223976
vn 0.000016 -0.974595 -0.223976
vn -0.000128 -0.973957 -0.226731
vn -0.000128 -0.973957 -0.226731
vn -0.000128 -0.973957 -0.226731
vn -0.000128 -0.973957 -0.226731
vn -0.000117 -0.958312 -0.285725
vn -0.000117 -0.958312 -0.285725
vn -0.000117 -0.958312 -0.285725
vn -0.000117 -0.958312 -0.285725
vn -0.000696 -0.956821 -0.290677
vn -0.000696 -0.956821 -0.290677
vn -0.000696 -0.956821 -0.290677
vn -0.000696 -0.956821 -0.290677
vn -0.000807 -0.929314 -0.369290
vn -0.000807 -0.929314 -0.369290
vn -0.000807 -0.929314 -0.369290
vn -0.000807 -0.929314 -0.369290
vn -0.000145 -0.885646 -0.464362
vn -0.000145 -0.885646 -0.464362
vn -0.000145 -0.885646 -0.464362
vn -0.000145 -0.885646 -0.464362
vn -0.000631 -0.944395 -0.328812
vn -0.000506 -0.944303 -0.329076
vn 0.000000 -0.943929 -0.330149
vn 0.000000 -0.943929 -0.330149
vn 0.000663 -0.944394 -0.328816
vn 0.000490 -0.944273 -0.329163
vn -0.000009 -0.944583 -0.328273
vn 0.000009 -0.944583 -0.328274
vn -0.000134 -0.885341 -0.464942
vn -0.000133 -0.885344 -0.464937
vn -0.000118 -0.885444 -0.464745
vn -0.000118 -0.885447 -0.464740
vn -0.000810 -0.928673 -0.370899
vn -0.000807 -0.928656 -0.370941
vn -0.000806 -0.928885 -0.370367
vn -0.000806 -0.928886 -0.370366
vn -0.000633 -0.957970 -0.286868
vn -0.000659 -0.958040 -0.286635
vn -0.000578 -0.957611 -0.288065
vn -0.000577 -0.957617 -0.288044
vn -0.000114 -0.958146 -0.286281
vn -0.000111 -0.958135 -0.286318
vn -0.000120 -0.958196 -0.286112
vn -0.000120 -0.958195 -0.286115
vn -0.000094 -0.974088 -0.226167
vn -0.000100 -0.974100 -0.226118
vn -0.000089 -0.974051 -0.226330
vn -0.000089 -0.974052 -0.226322
vn 0.000030 -0.974649 -0.223739
vn 0.000028 -0.974653 -0.223721
vn 0.000031 -0.974633 -0.223808
vn 0.000031 -0.974634 -0.223804
vn 0.000029 -0.958563 -0.284881
vn 0.000029 -0.958561 -0.284889
vn 0.000027 -0.958576 -0.284836
vn 0.000027 -0.958576 -0.284838
vn 0.000000 -0.789976 -0.613138
vn 0.000000 -0.789976 -0.613138
vn -0.000000 -0.789976 -0.613138
vn -0.000000 -0.789976 -0.613138
vn 0.000000 0.166069 0.986114
vn 0.000000 0.166069 0.986114
vn 0.000000 0.166069 0.986114
vn 0.000000 0.166069 0.986114
vn 0.000000 -0.943930 -0.330146
vn 0.000000 -0.943930 -0.330146
vn -0.000201 -0.885242 -0.465131
vn -0.000201 -0.885242 -0.465131
vn -0.000201 -0.885242 -0.465131
vn -0.000201 -0.885242 -0.465131
vn -0.000819 -0.928451 -0.371454
vn -0.000819 -0.928451 -0.371454
vn -0.000819 -0.928451 -0.371454
vn -0.000819 -0.928451 -0.371454
vn -0.000724 -0.958416 -0.285372
vn -0.000724 -0.958416 -0.285372
vn -0.000724 -0.958416 -0.285372
vn -0.000724 -0.958417 -0.285372
vn -0.000126 -0.958084 -0.286487
vn -0.000126 -0.958084 -0.286487
vn -0.000126 -0.958084 -0.286487
vn -0.000126 -0.958084 -0.286487
vn -0.000106 -0.974141 -0.225942
vn -0.000106 -0.974141 -0.225942
vn -0.000106 -0.974141 -0.225942
vn -0.000106 -0.974141 -0.225942
vn 0.000025 -0.974677 -0.223620
vn 0.000025 -0.974676 -0.223620
vn 0.000025 -0.974676 -0.223620
vn 0.000025 -0.974676 -0.223620
vn 0.000039 -0.958544 -0.284946
vn 0.000039 -0.958544 -0.284946
vn 0.000039 -0.958544 -0.284946
vn 0.000039 -0.958544 -0.284946
vn 0.145330 -0.745353 -0.650637
vn 0.145330 -0.745353 -0.650637
vn 0.145330 -0.745353 -0.650637
vn 0.145330 -0.745353 -0.650637
vn 0.062659 0.087667 0.994177
vn 0.007370 0.156934 0.987582
vn 0.506519 -0.530260 0.679899
vn 0.506519 -0.530260 0.679899
vn -0.000141 -0.885544 -0.464556
vn -0.000140 -0.885542 -0.464560
vn -0.000810 -0.929089 -0.369857
vn -0.000807 -0.929071 -0.369900
vn -0.000666 -0.957213 -0.289385
vn -0.000649 -0.957275 -0.289178
vn -0.000112 -0.958254 -0.285917
vn -0.000113 -0.958246 -0.285946
vn -0.000100 -0.974001 -0.226545
vn -0.000097 -0.974010 -0.226505
vn 0.000029 -0.974611 -0.223905
vn 0.000030 -0.974615 -0.223889
vn 0.000030 -0.958595 -0.284773
vn 0.000029 -0.958593 -0.284780
vn -0.000000 -0.789975 -0.613139
vn 0.000000 -0.789975 -0.613139
vn 0.000000 0.166069 0.986114
vn 0.000000 0.166069 0.986114
vn 0.000000 -0.789976 -0.613138
vn 0.000000 -0.789976 -0.613138
vn 0.000035 -0.958547 -0.284933
vn 0.000035 -0.958547 -0.284933
vn 0.000023 -0.974666 -0.223668
vn 0.000023 -0.974666 -0.223668
vn -0.000112 -0.974123 -0.226020
vn -0.000112 -0.974123 -0.226020
vn -0.000104 -0.958111 -0.286397
vn -0.000104 -0.958111 -0.286397
vn -0.000706 -0.958163 -0.286221
vn -0.000706 -0.958163 -0.286221
vn -0.000798 -0.928595 -0.371094
vn -0.000798 -0.928595 -0.371094
vn -0.000147 -0.885306 -0.465009
vn -0.000147 -0.885306 -0.465009
vn -0.000154 -0.885586 -0.464475
vn -0.000154 -0.885586 -0.464475
vn -0.000822 -0.929164 -0.369668
vn -0.000822 -0.929164 -0.369668
vn -0.000706 -0.957072 -0.289848
vn -0.000706 -0.957072 -0.289848
vn -0.000108 -0.958276 -0.285843
vn -0.000108 -0.958276 -0.285843
vn -0.000106 -0.973981 -0.226628
vn -0.000106 -0.973981 -0.226628
vn 0.000026 -0.974602 -0.223946
vn 0.000026 -0.974601 -0.223946
vn 0.000035 -0.958604 -0.284743
vn 0.000035 -0.958604 -0.284743
vn 0.000001 -0.789975 -0.613139
vn 0.000001 -0.789975 -0.613139
vn 0.000000 0.000000 -1.000000
vn 0.000000 0.000000 -1.000000
vn 0.000000 0.000000 -1.000000
vn 0.000000 0.000000 -1.000000
vn 0.000000 -0.364305 0.931280
vn 0.000000 -0.364305 0.931280
vn 0.000000 -0.364305 0.931280
vn 0.000000 -0.364305 0.931280
vn 0.000000 0.000000 -1.000000
vn 0.000000 0.000000 -1.000000
vn 0.000000 0.000000 -1.000000
vn 0.000000 0.000000 -1.000000
vn 0.000000 -0.364305 0.931280
vn 0.000000 -0.364305 0.931280
vn 0.000000 -0.364305 0.931280
vn 0.000000 -0.364305 0.931280
vn 0.955846 0.045973 -0.290250
vn 0.955846 0.045973 -0.290250
vn 0.955846 0.045973 -0.290250
vn 0.955846 0.045973 -0.290250
vn 0.000000 -0.364304 0.931280
vn 0.000000 -0.364304 0.931280
vn 0.000000 -0.364304 0.931280
vn 0.000000 -0.364304 0.931280
vn 0.978293 0.000000 -0.207226
vn 0.978293 0.000000 -0.207226
vn 0.978293 0.000000 -0.207226
vn 0.978293 0.000000 -0.207226
vn 0.958185 0.000000 -0.286150
vn 0.958185 0.000000 -0.286150
vn 0.958185 0.000000 -0.286150
vn 0.958185 0.000000 -0.286150
vn 0.957957 0.000000 -0.286913
vn 0.957957 0.000000 -0.286913
vn 0.957957 0.000000 -0.286913
vn 0.957957 0.000000 -0.286913
vn 0.960279 0.000000 -0.279041
vn 0.960279 0.000000 -0.279041
vn 0.960279 0.000000 -0.279041
vn 0.960279 0.000000 -0.279041
vn 0.961267 0.000000 -0.275619
vn 0.961267 0.000000 -0.275619
vn 0.961267 0.000000 -0.275619
vn 0.961267 0.000000 -0.275619
vn 0.942018 0.000000 -0.335562
vn 0.942018 0.000000 -0.335562
vn 0.942018 0.000000 -0.335562
vn 0.942018 0.000000 -0.335562
vn 0.875125 0.000000 -0.483897
vn 0.875125 0.000000 -0.483897
vn 0.875125 0.000000 -0.483897
vn 0.875125 0.000000 -0.483897
vn 0.000000 0.000000 -1.000000
vn 0.000000 0.000000 -1.000000
vn 0.000000 0.000000 -1.000000
vn 0.000000 0.000000 -1.000000
vn -0.873715 0.000000 -0.486438
vn -0.873715 0.000000 -0.486438
vn -0.873715 0.000000 -0.486438
vn -0.873715 0.000000 -0.486438
vn 0.000000 0.000000 -1.000000
vn 0.000000 0.000000 -1.000000
vn 0.000000 0.000000 -1.000000
vn 0.000000 0.000000 -1.000000
vn -0.942474 0.000000 -0.334279
vn -0.942474 0.000000 -0.334279
vn -0.942474 0.000000 -0.334279
vn -0.942474 0.000000 -0.334279
vn -0.961157 0.000000 -0.276002
vn -0.961157 0.000000 -0.276002
vn -0.961157 0.000000 -0.276002
vn -0.961157 0.000000 -0.276002
vn -0.961159 0.000000 -0.275995
vn -0.961159 0.000000 -0.275995
vn -0.961159 0.000000 -0.275995
vn -0.961159 0.000000 -0.275995
vn -0.959323 0.000000 -0.282309
vn -0.959323 0.000000 -0.282309
vn -0.959323 0.000000 -0.282309
vn -0.959323 0.000000 -0.282309
vn -0.959628 0.000000 -0.281271
vn -0.959628 0.000000 -0.281271
vn -0.959628 0.000000 -0.281271
vn -0.959628 0.000000 -0.281271
vn -0.978927 0.000000 -0.204211
vn -0.978927 0.000000 -0.204211
vn -0.978927 0.000000 -0.204211
vn -0.978927 0.000000 -0.204211
vn 0.000000 -0.364305 0.931280
vn 0.000000 -0.364305 0.931280
vn 0.000000 -0.364305 0.931280
vn 0.000000 -0.364305 0.931280
vn -0.952629 0.047579 -0.300391
vn -0.952629 0.047579 -0.300391
vn -0.952629 0.047579 -0.300391
vn -0.952629 0.047579 -0.300391
s 1
g Eye1
usemtl initialShadingGroup
f 1/2596/1 2/2597/2 22/2598/3 21/2599/4
f 2/2597/2 3/2601/5 23/2602/6 22/2598/3
f 3/2601/5 4/2606/7 24/2607/8 23/2602/6
f 4/2606/7 5/2611/9 25/2612/10 24/2607/8
f 5/2611/9 6/2617/11 26/2618/12 25/2612/10
f 6/2617/11 7/2624/13 27/2625/14 26/2618/12
f 7/2624/13 8/2632/15 28/2633/16 27/2625/14
f 8/2632/15 9/2642/17 29/2643/18 28/2633/16
f 9/2642/17 10/2653/19 30/4878/20 29/2643/18
f 10/4895/19 11/2662/21 31/2663/22 30/2654/20
f 11/2662/21 12/2669/23 32/2670/24 31/2663/22
f 12/2669/23 13/2660/25 33/2661/26 32/2670/24
f 13/2660/25 14/2651/27 34/2652/28 33/2661/26
f 14/2651/27 15/2640/29 35/2641/30 34/2652/28
f 15/2640/29 16/2630/31 36/2631/32 35/2641/30
f 16/2630/31 17/2622/33 37/2623/34 36/2631/32
f 17/2622/33 18/2615/35 38/2616/36 37/2623/34
f 18/2615/35 19/2609/37 39/2610/38 38/2616/36
f 19/2609/37 20/2604/39 40/2605/40 39/2610/38
f 20/2604/39 1/2596/1 21/2599/4 40/2605/40
f 21/2599/4 22/2598/3 42/2603/41 41/47/42
f 22/2598/3 23/2602/6 43/2608/43 42/2603/41
f 23/2602/6 24/2607/8 44/2613/44 43/2608/43
f 24/2607/8 25/2612/10 45/2619/45 44/2613/44
f 25/2612/10 26/2618/12 46/2626/46 45/2619/45
f 26/2618/12 27/2625/14 47/2634/47 46/2626/46
f 27/2625/14 28/2633/16 48/2644/48 47/2634/47
f 28/2633/16 29/2643/18 49/139/49 48/2644/48
f 29/2643/18 30/4878/20 50/4879/50 49/139/49
f 30/2654/20 31/2663/22 51/151/51 50/140/50
f 31/2663/22 32/2670/24 52/2675/52 51/151/51
f 32/2670/24 33/2661/26 53/2668/53 52/2675/52
f 33/2661/26 34/2652/28 54/2659/54 53/2668/53
f 34/2652/28 35/2641/30 55/2650/55 54/2659/54
f 35/2641/30 36/2631/32 56/2639/56 55/2650/55
f 36/2631/32 37/2623/34 57/2629/57 56/2639/56
f 37/2623/34 38/2616/36 58/2621/58 57/2629/57
f 38/2616/36 39/2610/38 59/58/59 58/2621/58
f 39/2610/38 40/2605/40 60/46/60 59/58/59
f 40/2605/40 21/2599/4 41/47/42 60/46/60
f 41/47/42 42/2603/41 62/24/61 61/23/62
f 42/2603/41 43/2608/43 63/2614/63 62/24/61
f 43/2608/43 44/2613/44 64/2620/64 63/2614/63
f 44/2613/44 45/2619/45 65/2627/65 64/2620/64
f 45/2619/45 46/2626/46 66/2635/66 65/2627/65
f 46/2626/46 47/2634/47 67/2645/67 66/2635/66
f 47/2634/47 48/2644/48 68/116/68 67/2645/67
f 48/2644/48 49/139/49 69/117/69 68/116/68
f 49/139/49 50/4879/50 70/4880/70 69/117/69
f 50/140/50 51/151/51 71/141/71 70/128/70
f 51/151/51 52/2675/52 72/152/72 71/141/71
f 52/2675/52 53/2668/53 73/2674/73 72/152/72
f 53/2668/53 54/2659/54 74/2667/74 73/2674/73
f 54/2659/54 55/2650/55 75/2658/75 74/2667/74
f 55/2650/55 56/2639/56 76/2649/76 75/2658/75
f 56/2639/56 57/2629/57 77/2638/77 76/2649/76
f 57/2629/57 58/2621/58 78/59/78 77/2638/77
f 58/2621/58 59/58/59 79/48/79 78/59/78
f 59/58/59 60/46/60 80/35/80 79/48/79
f 60/46/60 41/47/42 61/23/62 80/35/80
f 61/23/62 62/24/61 82/14/81 81/13/82
f 62/24/61 63/2614/63 83/25/83 82/14/81
f 63/2614/63 64/2620/64 84/2628/84 83/25/83
f 64/2620/64 65/2627/65 85/2636/85 84/2628/84
f 65/2627/65 66/2635/66 86/2646/86 85/2636/85
f 66/2635/66 67/2645/67 87/119/87 86/2646/86
f 67/2645/67 68/116/68 88/106/88 87/119/87
f 68/116/68 69/117/69 89/107/89 88/106/88
f 69/117/69 70/4880/70 90/4881/90 89/107/89
f 70/128/70 71/141/71 91/129/91 90/118/90
f 71/141/71 72/152/72 92/142/92 91/129/91
f 72/152/72 73/2674/73 93/153/93 92/142/92
f 73/2674/73 74/2667/74 94/2673/94 93/153/93
f 74/2667/74 75/2658/75 95/2666/95 94/2673/94
f 75/2658/75 76/2649/76 96/2657/96 95/2666/95
f 76/2649/76 77/2638/77 97/60/97 96/2657/96
f 77/2638/77 78/59/78 98/49/98 97/60/97
f 78/59/78 79/48/79 99/36/99 98/49/98
f 79/48/79 80/35/80 100/26/100 99/36/99
f 80/35/80 61/23/62 81/13/82 100/26/100
f 81/13/82 82/14/81 102/6/101 101/5/102
f 82/14/81 83/25/83 103/15/103 102/6/101
f 83/25/83 84/2628/84 104/2637/104 103/15/103
f 84/2628/84 85/2636/85 105/2647/105 104/2637/104
f 85/2636/85 86/2646/86 106/2655/106 105/2647/105
f 86/2646/86 87/119/87 107/109/107 106/2655/106
f 87/119/87 88/106/88 108/98/108 107/109/107
f 88/106/88 89/107/89 109/99/109 108/98/108
f 89/107/89 90/4881/90 110/4882/110 109/99/109
f 90/118/90 91/129/91 111/120/111 110/108/110
f 91/129/91 92/142/92 112/130/112 111/120/111
f 92/142/92 93/153/93 113/143/113 112/130/112
f 93/153/93 94/2673/94 114/2677/114 113/143/113
f 94/2673/94 95/2666/95 115/2672/115 114/2677/114
f 95/2666/95 96/2657/96 116/2665/116 115/2672/115
f 96/2657/96 97/60/97 117/50/117 116/2665/116
f 97/60/97 98/49/98 118/37/118 117/50/117
f 98/49/98 99/36/99 119/27/119 118/37/118
f 99/36/99 100/26/100 120/16/120 119/27/119
f 100/26/100 81/13/82 101/5/102 120/16/120
f 101/5/102 102/6/101 122/2/121 121/1/122
f 102/6/101 103/15/103 123/7/123 122/2/121
f 103/15/103 104/2637/104 124/2648/124 123/7/123
f 104/2637/104 105/2647/105 125/2656/125 124/2648/124
f 105/2647/105 106/2655/106 126/2664/126 125/2656/125
f 106/2655/106 107/109/107 127/104/127 126/2664/126
f 107/109/107 108/98/108 128/94/128 127/104/127
f 108/98/108 109/99/109 129/95/129 128/94/128
f 109/99/109 110/4882/110 130/4883/130 129/95/129
f 110/108/110 111/120/111 131/110/131 130/100/130
f 111/120/111 112/130/112 132/121/132 131/110/131
f 112/130/112 113/143/113 133/131/133 132/121/132
f 113/143/113 114/2677/114 134/2678/134 133/131/133
f 114/2677/114 115/2672/115 135/2676/135 134/2678/134
f 115/2672/115 116/2665/116 136/2671/136 135/2676/135
f 116/2665/116 117/50/117 137/44/137 136/2671/136
f 117/50/117 118/37/118 138/33/138 137/44/137
f 118/37/118 119/27/119 139/21/139 138/33/138
f 119/27/119 120/16/120 140/11/140 139/21/139
f 120/16/120 101/5/102 121/1/122 140/11/140
f 121/1/122 122/2/121 142/3/141 141/4/142
f 122/2/121 123/7/123 143/8/143 142/3/141
f 123/7/123 124/2648/124 144/4134/144 143/8/143
f 124/2648/124 125/2656/125 145/4135/145 144/4134/144
f 125/2656/125 126/2664/126 146/4137/146 145/4135/145
f 126/2664/126 127/104/127 147/105/147 146/4137/146
f 127/104/127 128/94/128 148/97/148 147/105/147
f 128/94/128 129/95/129 149/96/149 148/97/148
f 129/95/129 130/4883/130 150/4884/150 149/96/149
f 130/100/130 131/110/131 151/111/151 150/101/150
f 131/110/131 132/121/132 152/122/152 151/111/151
f 132/121/132 133/131/133 153/132/153 152/122/152
f 133/131/133 134/2678/134 154/4149/154 153/132/153
f 134/2678/134 135/2676/135 155/4150/155 154/4149/154
f 135/2676/135 136/2671/136 156/4152/156 155/4150/155
f 136/2671/136 137/44/137 157/45/157 156/4152/156
f 137/44/137 138/33/138 158/34/158 157/45/157
f 138/33/138 139/21/139 159/22/159 158/34/158
f 139/21/139 140/11/140 160/12/160 159/22/159
f 140/11/140 121/1/122 141/4/142 160/12/160
f 141/4/142 142/3/141 162/9/161 161/10/162
f 142/3/141 143/8/143 163/17/163 162/9/161
f 143/8/143 144/4134/144 164/4136/164 163/17/163
f 144/4134/144 145/4135/145 165/4138/165 164/4136/164
f 145/4135/145 146/4137/146 166/4140/166 165/4138/165
f 146/4137/146 147/105/147 167/115/167 166/4140/166
f 147/105/147 148/97/148 168/103/168 167/115/167
f 148/97/148 149/96/149 169/102/169 168/103/168
f 149/96/149 150/4884/150 170/4885/170 169/102/169
f 150/101/150 151/111/151 171/123/171 170/112/170
f 151/111/151 152/122/152 172/133/172 171/123/171
f 152/122/152 153/132/153 173/144/173 172/133/172
f 153/132/153 154/4149/154 174/4151/174 173/144/173
f 154/4149/154 155/4150/155 175/4153/175 174/4151/174
f 155/4150/155 156/4152/156 176/4155/176 175/4153/175
f 156/4152/156 157/45/157 177/57/177 176/4155/176
f 157/45/157 158/34/158 178/43/178 177/57/177
f 158/34/158 159/22/159 179/32/179 178/43/178
f 159/22/159 160/12/160 180/20/180 179/32/179
f 160/12/160 141/4/142 161/10/162 180/20/180
f 161/10/162 162/9/161 182/18/181 181/19/182
f 162/9/161 163/17/163 183/28/183 182/18/181
f 163/17/163 164/4136/164 184/4139/184 183/28/183
f 164/4136/164 165/4138/165 185/4141/185 184/4139/184
f 165/4138/165 166/4140/166 186/4143/186 185/4141/185
f 166/4140/166 167/115/167 187/127/187 186/4143/186
f 167/115/167 168/103/168 188/114/188 187/127/187
f 168/103/168 169/102/169 189/113/189 188/114/188
f 169/102/169 170/4885/170 190/4886/190 189/113/189
f 170/112/170 171/123/171 191/134/191 190/124/190
f 171/123/171 172/133/172 192/145/192 191/134/191
f 172/133/172 173/144/173 193/154/193 192/145/192
f 173/144/173 174/4151/174 194/4154/194 193/154/193
f 174/4151/174 175/4153/175 195/4156/195 194/4154/194
f 175/4153/175 176/4155/176 196/4158/196 195/4156/195
f 176/4155/176 177/57/177 197/67/197 196/4158/196
f 177/57/177 178/43/178 198/56/198 197/67/197
f 178/43/178 179/32/179 199/42/199 198/56/198
f 179/32/179 180/20/180 200/31/200 199/42/199
f 180/20/180 161/10/162 181/19/182 200/31/200
f 181/19/182 182/18/181 202/29/201 201/30/202
f 182/18/181 183/28/183 203/38/203 202/29/201
f 183/28/183 184/4139/184 204/4142/204 203/38/203
f 184/4139/184 185/4141/185 205/4144/205 204/4142/204
f 185/4141/185 186/4143/186 206/4146/206 205/4144/205
f 186/4143/186 187/127/187 207/138/207 206/4146/206
f 187/127/187 188/114/188 208/126/208 207/138/207
f 188/114/188 189/113/189 209/125/209 208/126/208
f 189/113/189 190/4886/190 210/4887/210 209/125/209
f 190/124/190 191/134/191 211/146/211 210/135/210
f 191/134/191 192/145/192 212/155/212 211/146/211
f 192/145/192 193/154/193 213/161/213 212/155/212
f 193/154/193 194/4154/194 214/4157/214 213/161/213
f 194/4154/194 195/4156/195 215/4159/215 214/4157/214
f 195/4156/195 196/4158/196 216/4161/216 215/4159/215
f 196/4158/196 197/67/197 217/74/217 216/4161/216
f 197/67/197 198/56/198 218/66/218 217/74/217
f 198/56/198 199/42/199 219/55/219 218/66/218
f 199/42/199 200/31/200 220/41/220 219/55/219
f 200/31/200 181/19/182 201/30/202 220/41/220
f 201/30/202 202/29/201 222/39/221 221/40/222
f 202/29/201 203/38/203 223/51/223 222/39/221
f 203/38/203 204/4142/204 224/4145/224 223/51/223
f 204/4142/204 205/4144/205 225/4147/225 224/4145/224
f 205/4144/205 206/4146/206 226/4148/226 225/4147/225
f 206/4146/206 207/138/207 227/150/227 226/4148/226
f 207/138/207 208/126/208 228/137/228 227/150/227
f 208/126/208 209/125/209 229/136/229 228/137/228
f 209/125/209 210/4887/210 230/4888/230 229/136/229
f 210/135/210 211/146/211 231/156/231 230/147/230
f 211/146/211 212/155/212 232/162/232 231/156/231
f 212/155/212 213/161/213 233/168/233 232/162/232
f 213/161/213 214/4157/214 234/4160/234 233/168/233
f 214/4157/214 215/4159/215 235/4162/235 234/4160/234
f 215/4159/215 216/4161/216 236/4163/236 235/4162/235
f 216/4161/216 217/74/217 237/81/237 236/4163/236
f 217/74/217 218/66/218 238/73/238 237/81/237
f 218/66/218 219/55/219 239/65/239 238/73/238
f 219/55/219 220/41/220 240/54/240 239/65/239
f 220/41/220 201/30/202 221/40/222 240/54/240
f 221/40/222 222/39/221 242/52/241 241/53/242
f 222/39/221 223/51/223 243/61/243 242/52/241
f 223/51/223 224/4145/224 244/2690/244 243/61/243
f 224/4145/224 225/4147/225 245/2699/245 244/2690/244
f 225/4147/225 226/4148/226 246/2708/246 245/2699/245
f 226/4148/226 227/150/227 247/160/247 246/2708/246
f 227/150/227 228/137/228 248/149/248 247/160/247
f 228/137/228 229/136/229 249/148/249 248/149/248
f 229/136/229 230/4888/230 250/4889/250 249/148/249
f 230/147/230 231/156/231 251/163/251 250/157/250
f 231/156/231 232/162/232 252/169/252 251/163/251
f 232/162/232 233/168/233 253/175/253 252/169/252
f 233/168/233 234/4160/234 254/2761/254 253/175/253
f 234/4160/234 235/4162/235 255/2759/255 254/2761/254
f 235/4162/235 236/4163/236 256/2755/256 255/2759/255
f 236/4163/236 237/81/237 257/85/257 256/2755/256
f 237/81/237 238/73/238 258/80/258 257/85/257
f 238/73/238 239/65/239 259/72/259 258/80/258
f 239/65/239 240/54/240 260/64/260 259/72/259
f 240/54/240 221/40/222 241/53/242 260/64/260
f 241/53/242 242/52/241 262/62/261 261/63/262
f 242/52/241 243/61/243 263/68/263 262/62/261
f 243/61/243 244/2690/244 264/2684/264 263/68/263
f 244/2690/244 245/2699/245 265/2691/265 264/2684/264
f 245/2699/245 246/2708/246 266/2700/266 265/2691/265
f 246/2708/246 247/160/247 267/167/267 266/2700/266
f 247/160/247 248/149/248 268/159/268 267/167/267
f 248/149/248 249/148/249 269/158/269 268/159/268
f 249/148/249 250/4889/250 270/4890/270 269/158/269
f 250/157/250 251/163/251 271/170/271 270/164/270
f 251/163/251 252/169/252 272/176/272 271/170/271
f 252/169/252 253/175/253 273/179/273 272/176/272
f 253/175/253 254/2761/254 274/2760/274 273/179/273
f 254/2761/254 255/2759/255 275/2756/275 274/2760/274
f 255/2759/255 256/2755/256 276/2748/276 275/2756/275
f 256/2755/256 257/85/257 277/90/277 276/2748/276
f 257/85/257 258/80/258 278/84/278 277/90/277
f 258/80/258 259/72/259 279/79/279 278/84/278
f 259/72/259 260/64/260 280/71/280 279/79/279
f 260/64/260 241/53/242 261/63/262 280/71/280
f 261/63/262 262/62/261 282/69/281 281/70/282
f 262/62/261 263/68/263 283/75/283 282/69/281
f 263/68/263 264/2684/264 284/2680/284 283/75/283
f 264/2684/264 265/2691/265 285/2685/285 284/2680/284
f 265/2691/265 266/2700/266 286/2692/286 285/2685/285
f 266/2700/266 267/167/267 287/174/287 286/2692/286
f 267/167/267 268/159/268 288/166/288 287/174/287
f 268/159/268 269/158/269 289/165/289 288/166/288
f 269/158/269 270/4890/270 290/4891/290 289/165/289
f 270/164/270 271/170/271 291/177/291 290/171/290
f 271/170/271 272/176/272 292/180/292 291/177/291
f 272/176/272 273/179/273 293/184/293 292/180/292
f 273/179/273 274/2760/274 294/2757/294 293/184/293
f 274/2760/274 275/2756/275 295/2749/295 294/2757/294
f 275/2756/275 276/2748/276 296/2740/296 295/2749/295
f 276/2748/276 277/90/277 297/93/297 296/2740/296
f 277/90/277 278/84/278 298/89/298 297/93/297
f 278/84/278 279/79/279 299/83/299 298/89/298
f 279/79/279 280/71/280 300/78/300 299/83/299
f 280/71/280 261/63/262 281/70/282 300/78/300
f 281/70/282 282/69/281 302/76/301 301/77/302
f 282/69/281 283/75/283 303/2679/303 302/76/301
f 283/75/283 284/2680/284 304/2681/304 303/2679/303
f 284/2680/284 285/2685/285 305/2686/305 304/2681/304
f 285/2685/285 286/2692/286 306/2693/306 305/2686/305
f 286/2692/286 287/174/287 307/2701/307 306/2693/306
f 287/174/287 288/166/288 308/173/308 307/2701/307
f 288/166/288 289/165/289 309/172/309 308/173/308
f 289/165/289 290/4891/290 310/4892/310 309/172/309
f 290/171/290 291/177/291 311/181/311 310/178/310
f 291/177/291 292/180/292 312/185/312 311/181/311
f 292/180/292 293/184/293 313/2758/313 312/185/312
f 293/184/293 294/2757/294 314/2750/314 313/2758/313
f 294/2757/294 295/2749/295 315/2741/315 314/2750/314
f 295/2749/295 296/2740/296 316/2734/316 315/2741/315
f 296/2740/296 297/93/297 317/2728/317 316/2734/316
f 297/93/297 298/89/298 318/92/318 317/2728/317
f 298/89/298 299/83/299 319/88/319 318/92/318
f 299/83/299 300/78/300 320/82/320 319/88/319
f 300/78/300 281/70/282 301/77/302 320/82/320
f 301/77/302 302/76/301 322/2683/321 321/86/322
f 302/76/301 303/2679/303 323/2682/323 322/2683/321
f 303/2679/303 304/2681/304 324/2687/324 323/2682/323
f 304/2681/304 305/2686/305 325/2694/325 324/2687/324
f 305/2686/305 306/2693/306 326/2702/326 325/2694/325
f 306/2693/306 307/2701/307 327/2709/327 326/2702/326
f 307/2701/307 308/173/308 328/2714/328 327/2709/327
f 308/173/308 309/172/309 329/183/329 328/2714/328
f 309/172/309 310/4892/310 330/4893/330 329/183/329
f 310/178/310 311/181/311 331/186/331 330/182/330
f 311/181/311 312/185/312 332/2744/332 331/186/331
f 312/185/312 313/2758/313 333/2751/333 332/2744/332
f 313/2758/313 314/2750/314 334/2742/334 333/2751/333
f 314/2750/314 315/2741/315 335/2735/335 334/2742/334
f 315/2741/315 316/2734/316 336/2729/336 335/2735/335
f 316/2734/316 317/2728/317 337/2723/337 336/2729/336
f 317/2728/317 318/92/318 338/2718/338 337/2723/337
f 318/92/318 319/88/319 339/91/339 338/2718/338
f 319/88/319 320/82/320 340/87/340 339/91/339
f 320/82/320 301/77/302 321/86/322 340/87/340
f 321/86/322 322/2683/321 342/2689/341 341/2698/342
f 322/2683/321 323/2682/323 343/2688/343 342/2689/341
f 323/2682/323 324/2687/324 344/2695/344 343/2688/343
f 324/2687/324 325/2694/325 345/2703/345 344/2695/344
f 325/2694/325 326/2702/326 346/2710/346 345/2703/345
f 326/2702/326 327/2709/327 347/2715/347 346/2710/346
f 327/2709/327 328/2714/328 348/2720/348 347/2715/347
f 328/2714/328 329/183/329 349/2725/349 348/2720/348
f 329/183/329 330/4893/330 350/4894/350 349/2725/349
f 330/182/330 331/186/331 351/2737/351 350/2731/350
f 331/186/331 332/2744/332 352/2745/352 351/2737/351
f 332/2744/332 333/2751/333 353/2752/353 352/2745/352
f 333/2751/333 334/2742/334 354/2743/354 353/2752/353
f 334/2742/334 335/2735/335 355/2736/355 354/2743/354
f 335/2735/335 336/2729/336 356/2730/356 355/2736/355
f 336/2729/336 337/2723/337 357/2724/357 356/2730/356
f 337/2723/337 338/2718/338 358/2719/358 357/2724/357
f 338/2718/338 339/91/339 359/2713/359 358/2719/358
f 339/91/339 340/87/340 360/2707/360 359/2713/359
f 340/87/340 321/86/322 341/2698/342 360/2707/360
f 341/2698/342 342/2689/341 362/2697/361 361/2706/362
f 342/2689/341 343/2688/343 363/2696/363 362/2697/361
f 343/2688/343 344/2695/344 364/2704/364 363/2696/363
f 344/2695/344 345/2703/345 365/2711/365 364/2704/364
f 345/2703/345 346/2710/346 366/2716/366 365/2711/365
f 346/2710/346 347/2715/347 367/2721/367 366/2716/366
f 347/2715/347 348/2720/348 368/2726/368 367/2721/367
f 348/2720/348 349/2725/349 369/2732/369 368/2726/368
f 349/2725/349 350/4894/350 370/4896/370 369/2732/369
f 350/2731/350 351/2737/351 371/2746/371 370/2738/370
f 351/2737/351 352/2745/352 372/2753/372 371/2746/371
f 352/2745/352 353/2752/353 373/2754/373 372/2753/372
f 353/2752/353 354/2743/354 374/2747/374 373/2754/373
f 354/2743/354 355/2736/355 375/2739/375 374/2747/374
f 355/2736/355 356/2730/356 376/2733/376 375/2739/375
f 356/2730/356 357/2724/357 377/2727/377 376/2733/376
f 357/2724/357 358/2719/358 378/2722/378 377/2727/377
f 358/2719/358 359/2713/359 379/2717/379 378/2722/378
f 359/2713/359 360/2707/360 380/2712/380 379/2717/379
f 360/2707/360 341/2698/342 361/2706/362 380/2712/380
f 2/2597/2 1/2596/1 381/2600/381
f 3/2601/5 2/2597/2 381/2600/381
f 4/2606/7 3/2601/5 381/2600/381
f 5/2611/9 4/2606/7 381/2600/381
f 6/2617/11 5/2611/9 381/2600/381
f 7/2624/13 6/2617/11 381/2600/381
f 8/2632/15 7/2624/13 381/2600/381
f 9/2642/17 8/2632/15 381/2600/381
f 10/2653/19 9/2642/17 381/2600/381
f 11/2662/21 10/4895/19 381/2600/381
f 12/2669/23 11/2662/21 381/2600/381
f 13/2660/25 12/2669/23 381/2600/381
f 14/2651/27 13/2660/25 381/2600/381
f 15/2640/29 14/2651/27 381/2600/381
f 16/2630/31 15/2640/29 381/2600/381
f 17/2622/33 16/2630/31 381/2600/381
f 18/2615/35 17/2622/33 381/2600/381
f 19/2609/37 18/2615/35 381/2600/381
f 20/2604/39 19/2609/37 381/2600/381
f 1/2596/1 20/2604/39 381/2600/381
f 361/2706/362 362/2697/361 382/2705/382
f 362/2697/361 363/2696/363 382/2705/382
f 363/2696/363 364/2704/364 382/2705/382
f 364/2704/364 365/2711/365 382/2705/382
f 365/2711/365 366/2716/366 382/2705/382
f 366/2716/366 367/2721/367 382/2705/382
f 367/2721/367 368/2726/368 382/2705/382
f 368/2726/368 369/2732/369 382/2705/382
f 369/2732/369 370/4896/370 382/2705/382
f 370/2738/370 371/2746/371 382/2705/382
f 371/2746/371 372/2753/372 382/2705/382
f 372/2753/372 373/2754/373 382/2705/382
f 373/2754/373 374/2747/374 382/2705/382
f 374/2747/374 375/2739/375 382/2705/382
f 375/2739/375 376/2733/376 382/2705/382
f 376/2733/376 377/2727/377 382/2705/382
f 377/2727/377 378/2722/378 382/2705/382
f 378/2722/378 379/2717/379 382/2705/382
f 379/2717/379 380/2712/380 382/2705/382
f 380/2712/380 361/2706/362 382/2705/382
s 2
f 383/187/383 403/188/384 404/189/385 384/190/386
f 384/190/386 404/189/385 405/191/387 385/192/388
f 385/192/388 405/191/387 406/193/389 386/194/390
f 386/194/390 406/193/389 407/195/391 387/196/392
f 387/4906/392 407/4907/391 408/197/393 388/4924/394
f 388/4924/394 408/197/393 409/198/395 389/4925/396
f 389/4925/396 409/198/395 410/199/397 390/4926/398
f 390/4926/398 410/199/397 411/200/399 391/4927/400
f 391/4927/400 411/200/399 412/201/401 392/4928/402
f 392/4928/402 412/201/401 413/202/403 393/203/404
f 393/203/404 413/202/403 414/204/405 394/205/406
f 394/205/406 414/204/405 415/206/407 395/207/408
f 395/207/408 415/206/407 416/208/409 396/209/410
f 396/209/410 416/208/409 417/210/411 397/211/412
f 397/211/412 417/210/411 418/212/413 398/213/414
f 398/213/414 418/212/413 419/214/415 399/215/416
f 399/215/416 419/214/415 420/216/417 400/217/418
f 400/217/418 420/216/417 421/218/419 401/219/420
f 401/219/420 421/218/419 422/220/421 402/221/422
f 402/221/422 422/220/421 403/188/384 383/187/383
f 403/188/384 423/222/423 424/223/424 404/189/385
f 404/189/385 424/223/424 425/224/425 405/191/387
f 405/191/387 425/224/425 426/225/426 406/193/389
f 406/193/389 426/225/426 427/226/427 407/195/391
f 407/4907/391 427/4908/427 428/227/428 408/197/393
f 408/197/393 428/227/428 429/228/429 409/198/395
f 409/198/395 429/228/429 430/229/430 410/199/397
f 410/199/397 430/229/430 431/230/431 411/200/399
f 411/200/399 431/230/431 432/231/432 412/201/401
f 412/201/401 432/231/432 433/232/433 413/202/403
f 413/202/403 433/232/433 434/233/434 414/204/405
f 414/204/405 434/233/434 435/234/435 415/206/407
f 415/206/407 435/234/435 436/235/436 416/208/409
f 416/208/409 436/235/436 437/236/437 417/210/411
f 417/210/411 437/236/437 438/237/438 418/212/413
f 418/212/413 438/237/438 439/238/439 419/214/415
f 419/214/415 439/238/439 440/239/440 420/216/417
f 420/216/417 440/239/440 441/240/441 421/218/419
f 421/218/419 441/240/441 442/241/442 422/220/421
f 422/220/421 442/241/442 423/222/423 403/188/384
f 423/222/423 443/242/443 444/243/444 424/223/424
f 424/223/424 444/243/444 445/244/445 425/224/425
f 425/224/425 445/244/445 446/245/446 426/225/426
f 426/225/426 446/245/446 447/246/447 427/226/427
f 427/4908/427 447/4909/447 448/247/448 428/227/428
f 428/227/428 448/247/448 449/248/449 429/228/429
f 429/228/429 449/248/449 450/249/450 430/229/430
f 430/229/430 450/249/450 451/250/451 431/230/431
f 431/230/431 451/250/451 452/251/452 432/231/432
f 432/231/432 452/251/452 453/252/453 433/232/433
f 433/232/433 453/252/453 454/253/454 434/233/434
f 434/233/434 454/253/454 455/254/455 435/234/435
f 435/234/435 455/254/455 456/255/456 436/235/436
f 436/235/436 456/255/456 457/256/457 437/236/437
f 437/236/437 457/256/457 458/257/458 438/237/438
f 438/237/438 458/257/458 459/258/459 439/238/439
f 439/238/439 459/258/459 460/259/460 440/239/440
f 440/239/440 460/259/460 461/260/461 441/240/441
f 441/240/441 461/260/461 462/261/462 442/241/442
f 442/241/442 462/261/462 443/242/443 423/222/423
f 443/242/443 463/262/463 464/263/464 444/243/444
f 444/243/444 464/263/464 465/264/465 445/244/445
f 445/244/445 465/264/465 466/265/466 446/245/446
f 446/245/446 466/265/466 467/266/467 447/246/447
f 447/4909/447 467/4910/467 468/267/468 448/247/448
f 448/247/448 468/267/468 469/268/469 449/248/449
f 449/248/449 469/268/469 470/269/470 450/249/450
f 450/249/450 470/269/470 471/270/471 451/250/451
f 451/250/451 471/270/471 472/271/472 452/251/452
f 452/251/452 472/271/472 473/272/473 453/252/453
f 453/252/453 473/272/473 474/273/474 454/253/454
f 454/253/454 474/273/474 475/274/475 455/254/455
f 455/254/455 475/274/475 476/275/476 456/255/456
f 456/255/456 476/275/476 477/276/477 457/256/457
f 457/256/457 477/276/477 478/277/478 458/257/458
f 458/257/458 478/277/478 479/278/479 459/258/459
f 459/258/459 479/278/479 480/279/480 460/259/460
f 460/259/460 480/279/480 481/280/481 461/260/461
f 461/260/461 481/280/481 482/281/482 462/261/462
f 462/261/462 482/281/482 463/262/463 443/242/443
f 463/262/463 483/282/483 484/283/484 464/263/464
f 464/263/464 484/283/484 485/284/485 465/264/465
f 465/264/465 485/284/485 486/285/486 466/265/466
f 466/265/466 486/285/486 487/286/487 467/266/467
f 467/4910/467 487/4911/487 488/287/488 468/267/468
f 468/267/468 488/287/488 489/288/489 469/268/469
f 469/268/469 489/288/489 490/289/490 470/269/470
f 470/269/470 490/289/490 491/290/491 471/270/471
f 471/270/471 491/290/491 492/291/492 472/271/472
f 472/271/472 492/291/492 493/292/493 473/272/473
f 473/272/473 493/292/493 494/293/494 474/273/474
f 474/273/474 494/293/494 495/294/495 475/274/475
f 475/274/475 495/294/495 496/295/496 476/275/476
f 476/275/476 496/295/496 497/296/497 477/276/477
f 477/276/477 497/296/497 498/297/498 478/277/478
f 478/277/478 498/297/498 499/298/499 479/278/479
f 479/278/479 499/298/499 500/299/500 480/279/480
f 480/279/480 500/299/500 501/300/501 481/280/481
f 481/280/481 501/300/501 502/301/502 482/281/482
f 482/281/482 502/301/502 483/282/483 463/262/463
f 483/282/483 503/302/503 504/303/504 484/283/484
f 484/283/484 504/303/504 505/304/505 485/284/485
f 485/284/485 505/304/505 506/305/506 486/285/486
f 486/285/486 506/305/506 507/306/507 487/286/487
f 487/4911/487 507/4912/507 508/307/508 488/287/488
f 488/287/488 508/307/508 509/308/509 489/288/489
f 489/288/489 509/308/509 510/309/510 490/289/490
f 490/289/490 510/309/510 511/310/511 491/290/491
f 491/290/491 511/310/511 512/311/512 492/291/492
f 492/291/492 512/311/512 513/312/513 493/292/493
f 493/292/493 513/312/513 514/313/514 494/293/494
f 494/293/494 514/313/514 515/314/515 495/294/495
f 495/294/495 515/314/515 516/315/516 496/295/496
f 496/295/496 516/315/516 517/316/517 497/296/497
f 497/296/497 517/316/517 518/317/518 498/297/498
f 498/297/498 518/317/518 519/318/519 499/298/499
f 499/298/499 519/318/519 520/319/520 500/299/500
f 500/299/500 520/319/520 521/320/521 501/300/501
f 501/300/501 521/320/521 522/321/522 502/301/502
f 502/301/502 522/321/522 503/302/503 483/282/483
f 503/302/503 523/322/523 524/323/524 504/303/504
f 504/303/504 524/323/524 525/324/525 505/304/505
f 505/304/505 525/324/525 526/325/526 506/305/506
f 506/305/506 526/325/526 527/326/527 507/306/507
f 507/4912/507 527/4913/527 528/327/528 508/307/508
f 508/307/508 528/327/528 529/328/529 509/308/509
f 509/308/509 529/328/529 530/329/530 510/309/510
f 510/309/510 530/329/530 531/330/531 511/310/511
f 511/310/511 531/330/531 532/331/532 512/311/512
f 512/311/512 532/331/532 533/332/533 513/312/513
f 513/312/513 533/332/533 534/333/534 514/313/514
f 514/313/514 534/333/534 535/334/535 515/314/515
f 515/314/515 535/334/535 536/335/536 516/315/516
f 516/315/516 536/335/536 537/336/537 517/316/517
f 517/316/517 537/336/537 538/337/538 518/317/518
f 518/317/518 538/337/538 539/338/539 519/318/519
f 519/318/519 539/338/539 540/339/540 520/319/520
f 520/319/520 540/339/540 541/340/541 521/320/521
f 521/320/521 541/340/541 542/341/542 522/321/522
f 522/321/522 542/341/542 523/322/523 503/302/503
f 523/322/523 543/342/543 544/343/544 524/323/524
f 524/323/524 544/343/544 545/344/545 525/324/525
f 525/324/525 545/344/545 546/345/546 526/325/526
f 526/325/526 546/345/546 547/346/547 527/326/527
f 527/4913/527 547/4914/547 548/347/548 528/327/528
f 528/327/528 548/347/548 549/348/549 529/328/529
f 529/328/529 549/348/549 550/349/550 530/329/530
f 530/329/530 550/349/550 551/350/551 531/330/531
f 531/330/531 551/350/551 552/351/552 532/331/532
f 532/331/532 552/351/552 553/352/553 533/332/533
f 533/332/533 553/352/553 554/2762/554 534/333/534
f 534/333/534 554/2762/554 555/2763/555 535/334/535
f 535/334/535 555/2763/555 556/2764/556 536/335/536
f 536/335/536 556/2764/556 557/2765/557 537/336/537
f 537/336/537 557/2765/557 558/2766/558 538/337/538
f 538/337/538 558/2766/558 559/2767/559 539/338/539
f 539/338/539 559/2767/559 560/2768/560 540/339/540
f 540/339/540 560/2768/560 561/2769/561 541/340/541
f 541/340/541 561/2769/561 562/2770/562 542/341/542
f 542/341/542 562/2770/562 543/342/543 523/322/523
f 543/342/543 563/2771/563 564/2772/564 544/343/544
f 544/343/544 564/2772/564 565/2773/565 545/344/545
f 545/344/545 565/2773/565 566/2774/566 546/345/546
f 546/345/546 566/2774/566 567/2775/567 547/346/547
f 547/4914/547 567/4915/567 568/2776/568 548/347/548
f 548/347/548 568/2776/568 569/2777/569 549/348/549
f 549/348/549 569/2777/569 570/2778/570 550/349/550
f 550/349/550 570/2778/570 571/2779/571 551/350/551
f 551/350/551 571/2779/571 572/2780/572 552/351/552
f 552/351/552 572/2780/572 573/2781/573 553/352/553
f 553/352/553 573/2781/573 574/2782/574 554/2762/554
f 554/2762/554 574/2782/574 575/2783/575 555/2763/555
f 555/2763/555 575/2783/575 576/2784/576 556/2764/556
f 556/2764/556 576/2784/576 577/2785/577 557/2765/557
f 557/2765/557 577/2785/577 578/2786/578 558/2766/558
f 558/2766/558 578/2786/578 579/2787/579 559/2767/559
f 559/2767/559 579/2787/579 580/2788/580 560/2768/560
f 560/2768/560 580/2788/580 581/2789/581 561/2769/561
f 561/2769/561 581/2789/581 582/2790/582 562/2770/562
f 562/2770/562 582/2790/582 563/2771/563 543/342/543
f 563/2771/563 583/2791/583 584/2792/584 564/2772/564
f 564/2772/564 584/2792/584 585/2793/585 565/2773/565
f 565/2773/565 585/2793/585 586/2794/586 566/2774/566
f 566/2774/566 586/2794/586 587/2795/587 567/2775/567
f 567/4915/567 587/4916/587 588/2796/588 568/2776/568
f 568/2776/568 588/2796/588 589/2797/589 569/2777/569
f 569/2777/569 589/2797/589 590/2798/590 570/2778/570
f 570/2778/570 590/2798/590 591/2799/591 571/2779/571
f 571/2779/571 591/2799/591 592/2800/592 572/2780/572
f 572/2780/572 592/2800/592 593/2801/593 573/2781/573
f 573/2781/573 593/2801/593 594/2802/594 574/2782/574
f 574/2782/574 594/2802/594 595/2803/595 575/2783/575
f 575/2783/575 595/2803/595 596/2804/596 576/2784/576
f 576/2784/576 596/2804/596 597/2805/597 577/2785/577
f 577/2785/577 597/2805/597 598/2806/598 578/2786/578
f 578/2786/578 598/2806/598 599/2807/599 579/2787/579
f 579/2787/579 599/2807/599 600/2808/600 580/2788/580
f 580/2788/580 600/2808/600 601/2809/601 581/2789/581
f 581/2789/581 601/2809/601 602/2810/602 582/2790/582
f 582/2790/582 602/2810/602 583/2791/583 563/2771/563
f 583/2791/583 603/2811/603 604/2812/604 584/2792/584
f 584/2792/584 604/2812/604 605/2813/605 585/2793/585
f 585/2793/585 605/2813/605 606/2814/606 586/2794/586
f 586/2794/586 606/2814/606 607/2815/607 587/2795/587
f 587/4916/587 607/4917/607 608/2816/608 588/2796/588
f 588/2796/588 608/2816/608 609/2817/609 589/2797/589
f 589/2797/589 609/2817/609 610/2818/610 590/2798/590
f 590/2798/590 610/2818/610 611/2819/611 591/2799/591
f 591/2799/591 611/2819/611 612/2820/612 592/2800/592
f 592/2800/592 612/2820/612 613/2821/613 593/2801/593
f 593/2801/593 613/2821/613 614/2822/614 594/2802/594
f 594/2802/594 614/2822/614 615/2823/615 595/2803/595
f 595/2803/595 615/2823/615 616/2824/616 596/2804/596
f 596/2804/596 616/2824/616 617/2825/617 597/2805/597
f 597/2805/597 617/2825/617 618/2826/618 598/2806/598
f 598/2806/598 618/2826/618 619/2827/619 599/2807/599
f 599/2807/599 619/2827/619 620/2828/620 600/2808/600
f 600/2808/600 620/2828/620 621/2829/621 601/2809/601
f 601/2809/601 621/2829/621 622/2830/622 602/2810/602
f 602/2810/602 622/2830/622 603/2811/603 583/2791/583
f 603/2811/603 623/2831/623 624/2832/624 604/2812/604
f 604/2812/604 624/2832/624 625/2833/625 605/2813/605
f 605/2813/605 625/2833/625 626/2834/626 606/2814/606
f 606/2814/606 626/2834/626 627/2835/627 607/2815/607
f 607/4917/607 627/4918/627 628/2836/628 608/2816/608
f 608/2816/608 628/2836/628 629/2837/629 609/2817/609
f 609/2817/609 629/2837/629 630/2838/630 610/2818/610
f 610/2818/610 630/2838/630 631/2839/631 611/2819/611
f 611/2819/611 631/2839/631 632/2840/632 612/2820/612
f 612/2820/612 632/2840/632 633/2841/633 613/2821/613
f 613/2821/613 633/2841/633 634/2842/634 614/2822/614
f 614/2822/614 634/2842/634 635/2843/635 615/2823/615
f 615/2823/615 635/2843/635 636/2844/636 616/2824/616
f 616/2824/616 636/2844/636 637/2845/637 617/2825/617
f 617/2825/617 637/2845/637 638/2846/638 618/2826/618
f 618/2826/618 638/2846/638 639/2847/639 619/2827/619
f 619/2827/619 639/2847/639 640/2848/640 620/2828/620
f 620/2828/620 640/2848/640 641/2849/641 621/2829/621
f 621/2829/621 641/2849/641 642/2850/642 622/2830/622
f 622/2830/622 642/2850/642 623/2831/623 603/2811/603
f 623/2831/623 643/2851/643 644/2852/644 624/2832/624
f 624/2832/624 644/2852/644 645/2853/645 625/2833/625
f 625/2833/625 645/2853/645 646/2854/646 626/2834/626
f 626/2834/626 646/2854/646 647/2855/647 627/2835/627
f 627/4918/627 647/4919/647 648/2856/648 628/2836/628
f 628/2836/628 648/2856/648 649/2857/649 629/2837/629
f 629/2837/629 649/2857/649 650/2858/650 630/2838/630
f 630/2838/630 650/2858/650 651/2859/651 631/2839/631
f 631/2839/631 651/2859/651 652/2860/652 632/2840/632
f 632/2840/632 652/2860/652 653/2861/653 633/2841/633
f 633/2841/633 653/2861/653 654/2862/654 634/2842/634
f 634/2842/634 654/2862/654 655/2863/655 635/2843/635
f 635/2843/635 655/2863/655 656/2864/656 636/2844/636
f 636/2844/636 656/2864/656 657/2865/657 637/2845/637
f 637/2845/637 657/2865/657 658/2866/658 638/2846/638
f 638/2846/638 658/2866/658 659/2867/659 639/2847/639
f 639/2847/639 659/2867/659 660/2868/660 640/2848/640
f 640/2848/640 660/2868/660 661/2869/661 641/2849/641
f 641/2849/641 661/2869/661 662/2870/662 642/2850/642
f 642/2850/642 662/2870/662 643/2851/643 623/2831/623
f 643/2851/643 663/2871/663 664/2872/664 644/2852/644
f 644/2852/644 664/2872/664 665/2873/665 645/2853/645
f 645/2853/645 665/2873/665 666/2874/666 646/2854/646
f 646/2854/646 666/2874/666 667/2875/667 647/2855/647
f 647/4919/647 667/4920/667 668/2876/668 648/2856/648
f 648/2856/648 668/2876/668 669/2877/669 649/2857/649
f 649/2857/649 669/2877/669 670/2878/670 650/2858/650
f 650/2858/650 670/2878/670 671/2879/671 651/2859/651
f 651/2859/651 671/2879/671 672/2880/672 652/2860/652
f 652/2860/652 672/2880/672 673/2881/673 653/2861/653
f 653/2861/653 673/2881/673 674/2882/674 654/2862/654
f 654/2862/654 674/2882/674 675/2883/675 655/2863/655
f 655/2863/655 675/2883/675 676/2884/676 656/2864/656
f 656/2864/656 676/2884/676 677/2885/677 657/2865/657
f 657/2865/657 677/2885/677 678/2886/678 658/2866/658
f 658/2866/658 678/2886/678 679/2887/679 659/2867/659
f 659/2867/659 679/2887/679 680/2888/680 660/2868/660
f 660/2868/660 680/2888/680 681/2889/681 661/2869/661
f 661/2869/661 681/2889/681 682/2890/682 662/2870/662
f 662/2870/662 682/2890/682 663/2871/663 643/2851/643
f 663/2871/663 683/2891/683 684/2892/684 664/2872/664
f 664/2872/664 684/2892/684 685/2893/685 665/2873/665
f 665/2873/665 685/2893/685 686/2894/686 666/2874/666
f 666/2874/666 686/2894/686 687/2895/687 667/2875/667
f 667/4920/667 687/4921/687 688/2896/688 668/2876/668
f 668/2876/668 688/2896/688 689/2897/689 669/2877/669
f 669/2877/669 689/2897/689 690/2898/690 670/2878/670
f 670/2878/670 690/2898/690 691/2899/691 671/2879/671
f 671/2879/671 691/2899/691 692/2900/692 672/2880/672
f 672/2880/672 692/2900/692 693/2901/693 673/2881/673
f 673/2881/673 693/2901/693 694/2902/694 674/2882/674
f 674/2882/674 694/2902/694 695/2903/695 675/2883/675
f 675/2883/675 695/2903/695 696/2904/696 676/2884/676
f 676/2884/676 696/2904/696 697/2905/697 677/2885/677
f 677/2885/677 697/2905/697 698/2906/698 678/2886/678
f 678/2886/678 698/2906/698 699/2907/699 679/2887/679
f 679/2887/679 699/2907/699 700/2908/700 680/2888/680
f 680/2888/680 700/2908/700 701/2909/701 681/2889/681
f 681/2889/681 701/2909/701 702/2910/702 682/2890/682
f 682/2890/682 702/2910/702 683/2891/683 663/2871/663
f 683/2891/683 703/2911/703 704/2912/704 684/2892/684
f 684/2892/684 704/2912/704 705/2913/705 685/2893/685
f 685/2893/685 705/2913/705 706/2914/706 686/2894/686
f 686/2894/686 706/2914/706 707/2915/707 687/2895/687
f 687/4921/687 707/4922/707 708/2916/708 688/2896/688
f 688/2896/688 708/2916/708 709/2917/709 689/2897/689
f 689/2897/689 709/2917/709 710/2918/710 690/2898/690
f 690/2898/690 710/2918/710 711/2919/711 691/2899/691
f 691/2899/691 711/2919/711 712/2920/712 692/2900/692
f 692/2900/692 712/2920/712 713/2921/713 693/2901/693
f 693/2901/693 713/2921/713 714/2922/714 694/2902/694
f 694/2902/694 714/2922/714 715/2923/715 695/2903/695
f 695/2903/695 715/2923/715 716/2924/716 696/2904/696
f 696/2904/696 716/2924/716 717/2925/717 697/2905/697
f 697/2905/697 717/2925/717 718/2926/718 698/2906/698
f 698/2906/698 718/2926/718 719/2927/719 699/2907/699
f 699/2907/699 719/2927/719 720/4164/720 700/2908/700
f 700/2908/700 720/4164/720 721/4165/721 701/2909/701
f 701/2909/701 721/4165/721 722/4166/722 702/2910/702
f 702/2910/702 722/4166/722 703/2911/703 683/2891/683
f 703/2911/703 723/4167/723 724/4168/724 704/2912/704
f 704/2912/704 724/4168/724 725/4169/725 705/2913/705
f 705/2913/705 725/4169/725 726/4170/726 706/2914/706
f 706/2914/706 726/4170/726 727/4171/727 707/2915/707
f 707/4922/707 727/4923/727 728/4172/728 708/2916/708
f 708/2916/708 728/4172/728 729/4173/729 709/2917/709
f 709/2917/709 729/4173/729 730/4174/730 710/2918/710
f 710/2918/710 730/4174/730 731/4175/731 711/2919/711
f 711/2919/711 731/4175/731 732/4176/732 712/2920/712
f 712/2920/712 732/4176/732 733/4177/733 713/2921/713
f 713/2921/713 733/4177/733 734/4178/734 714/2922/714
f 714/2922/714 734/4178/734 735/4179/735 715/2923/715
f 715/2923/715 735/4179/735 736/4180/736 716/2924/716
f 716/2924/716 736/4180/736 737/4181/737 717/2925/717
f 717/2925/717 737/4181/737 738/4182/738 718/2926/718
f 718/2926/718 738/4182/738 739/4183/739 719/2927/719
f 719/2927/719 739/4183/739 740/4184/740 720/4164/720
f 720/4164/720 740/4184/740 741/4185/741 721/4165/721
f 721/4165/721 741/4185/741 742/4868/742 722/4166/722
f 722/4166/722 742/4868/742 723/4167/723 703/2911/703
f 723/4167/723 743/4869/743 744/4870/744 724/4168/724
f 724/4168/724 744/4870/744 745/4871/745 725/4169/725
f 725/4169/725 745/4871/745 746/4872/746 726/4170/726
f 726/4170/726 746/4872/746 747/4873/747 727/4171/727
f 727/4923/727 747/4929/747 748/4930/748 728/4172/728
f 728/4172/728 748/4930/748 749/4931/749 729/4173/729
f 729/4173/729 749/4931/749 750/4932/750 730/4174/730
f 730/4174/730 750/4932/750 751/4933/751 731/4175/731
f 731/4175/731 751/4933/751 752/4874/752 732/4176/732
f 732/4176/732 752/4874/752 753/4875/753 733/4177/733
f 733/4177/733 753/4875/753 754/4876/754 734/4178/734
f 734/4178/734 754/4876/754 755/4877/755 735/4179/735
f 735/4179/735 755/4877/755 756/4897/756 736/4180/736
f 736/4180/736 756/4897/756 757/4898/757 737/4181/737
f 737/4181/737 757/4898/757 758/4899/758 738/4182/738
f 738/4182/738 758/4899/758 759/4900/759 739/4183/739
f 739/4183/739 759/4900/759 760/4901/760 740/4184/740
f 740/4184/740 760/4901/760 761/4902/761 741/4185/741
f 741/4185/741 761/4902/761 762/4903/762 742/4868/742
f 742/4868/742 762/4903/762 743/4869/743 723/4167/723
f 384/190/386 763/4904/763 383/187/383
f 385/192/388 763/4904/763 384/190/386
f 386/194/390 763/4904/763 385/192/388
f 387/196/392 763/4904/763 386/194/390
f 388/4924/394 763/4904/763 387/4906/392
f 389/4925/396 763/4904/763 388/4924/394
f 390/4926/398 763/4904/763 389/4925/396
f 391/4927/400 763/4904/763 390/4926/398
f 392/4928/402 763/4904/763 391/4927/400
f 393/203/404 763/4904/763 392/4928/402
f 394/205/406 763/4904/763 393/203/404
f 395/207/408 763/4904/763 394/205/406
f 396/209/410 763/4904/763 395/207/408
f 397/211/412 763/4904/763 396/209/410
f 398/213/414 763/4904/763 397/211/412
f 399/215/416 763/4904/763 398/213/414
f 400/217/418 763/4904/763 399/215/416
f 401/219/420 763/4904/763 400/217/418
f 402/221/422 763/4904/763 401/219/420
f 383/187/383 763/4904/763 402/221/422
f 743/4869/743 764/4905/764 744/4870/744
f 744/4870/744 764/4905/764 745/4871/745
f 745/4871/745 764/4905/764 746/4872/746
f 746/4872/746 764/4905/764 747/4873/747
f 747/4929/747 764/4905/764 748/4930/748
f 748/4930/748 764/4905/764 749/4931/749
f 749/4931/749 764/4905/764 750/4932/750
f 750/4932/750 764/4905/764 751/4933/751
f 751/4933/751 764/4905/764 752/4874/752
f 752/4874/752 764/4905/764 753/4875/753
f 753/4875/753 764/4905/764 754/4876/754
f 754/4876/754 764/4905/764 755/4877/755
f 755/4877/755 764/4905/764 756/4897/756
f 756/4897/756 764/4905/764 757/4898/757
f 757/4898/757 764/4905/764 758/4899/758
f 758/4899/758 764/4905/764 759/4900/759
f 759/4900/759 764/4905/764 760/4901/760
f 760/4901/760 764/4905/764 761/4902/761
f 761/4902/761 764/4905/764 762/4903/762
f 762/4903/762 764/4905/764 743/4869/743
s 3
f 765/353/765 766/354/766 782/355/767 781/356/768
f 1929/360/769 1930/359/770 767/369/771 783/370/772
f 767/369/771 1814/4186/773 1815/4187/774 783/370/772
f 768/4189/775 769/974/776 785/975/777 784/4190/778
f 769/974/776 770/964/779 786/4637/780 785/975/777
f 770/4631/779 771/965/781 787/966/782 786/967/780
f 771/965/781 1912/970/783 1913/971/784 787/966/782
f 772/980/785 773/991/786 789/992/787 788/981/788
f 773/991/786 774/1002/789 790/1003/790 789/992/787
f 774/1002/789 775/1013/791 791/1014/792 790/1003/790
f 775/1013/791 776/4202/793 792/4203/794 791/1014/792
f 1799/4206/795 1800/4205/796 777/430/797 793/431/798
f 1950/417/799 1951/418/800 778/403/801 794/404/802
f 778/403/801 779/389/803 795/390/804 794/404/802
f 779/389/803 780/375/805 796/376/806 795/390/804
f 1900/363/807 1901/364/808 765/353/765 781/356/768
f 781/356/768 782/355/767 798/361/809 797/362/810
f 1928/371/811 1929/360/769 783/370/772 799/383/812
f 783/370/772 1815/4187/774 1816/4191/813 799/383/812
f 784/4190/778 785/975/777 801/985/814 800/4194/815
f 785/975/777 786/4637/780 802/4636/816 801/985/814
f 786/967/780 787/966/782 803/972/817 802/973/816
f 787/966/782 1913/971/784 1914/982/818 803/972/817
f 788/981/788 789/992/787 805/1004/819 804/993/820
f 789/992/787 790/1003/790 806/1015/821 805/1004/819
f 790/1003/790 791/1014/792 807/1025/822 806/1015/821
f 791/1014/792 792/4203/794 808/4207/823 807/1025/822
f 1798/4209/824 1799/4206/795 793/431/798 809/444/825
f 1949/429/826 1950/417/799 794/404/802 810/416/827
f 794/404/802 795/390/804 811/402/828 810/416/827
f 795/390/804 796/376/806 812/388/829 811/402/828
f 1899/374/830 1900/363/807 781/356/768 797/362/810
f 797/362/810 798/361/809 814/372/831 813/373/832
f 1927/384/833 1928/371/811 799/383/812 815/396/834
f 799/383/812 1816/4191/813 1817/4195/835 815/396/834
f 800/4194/815 801/985/814 817/997/836 816/4198/837
f 801/985/814 802/4636/816 818/4635/838 817/997/836
f 802/973/816 803/972/817 819/983/839 818/984/838
f 803/972/817 1914/982/818 1915/994/840 819/983/839
f 804/993/820 805/1004/819 821/1016/841 820/1005/842
f 805/1004/819 806/1015/821 822/1026/843 821/1016/841
f 806/1015/821 807/1025/822 823/1035/844 822/1026/843
f 807/1025/822 808/4207/823 824/4210/845 823/1035/844
f 1797/4212/846 1798/4209/824 809/444/825 825/457/847
f 1948/443/848 1949/429/826 810/416/827 826/428/849
f 810/416/827 811/402/828 827/415/850 826/428/849
f 811/402/828 812/388/829 828/401/851 827/415/850
f 1898/387/852 1899/374/830 797/362/810 813/373/832
f 813/373/832 814/372/831 830/385/853 829/386/854
f 1926/397/855 1927/384/833 815/396/834 831/409/856
f 815/396/834 1817/4195/835 1818/4199/857 831/409/856
f 816/4198/837 817/997/836 833/1009/858 832/4201/859
f 817/997/836 818/4635/838 834/4634/860 833/1009/858
f 818/984/838 819/983/839 835/995/861 834/996/860
f 819/983/839 1915/994/840 1916/1006/862 835/995/861
f 820/1005/842 821/1016/841 837/1027/863 836/1017/864
f 821/1016/841 822/1026/843 838/1036/865 837/1027/863
f 822/1026/843 823/1035/844 839/1043/866 838/1036/865
f 823/1035/844 824/4210/845 840/4213/867 839/1043/866
f 1796/4215/868 1797/4212/846 825/457/847 841/467/869
f 1947/456/870 1948/443/848 826/428/849 842/442/871
f 826/428/849 827/415/850 843/427/872 842/442/871
f 827/415/850 828/401/851 844/414/873 843/427/872
f 1897/400/874 1898/387/852 813/373/832 829/386/854
f 829/386/854 830/385/853 846/398/875 845/399/876
f 1925/410/877 1926/397/855 831/409/856 847/421/878
f 831/409/856 1818/4199/857 1819/448/879 847/421/878
f 832/4201/859 833/1009/858 849/1021/880 848/461/881
f 833/1009/858 834/4634/860 850/4633/882 849/1021/880
f 834/996/860 835/995/861 851/1007/883 850/1008/882
f 835/995/861 1916/1006/862 1917/1018/884 851/1007/883
f 836/1017/864 837/1027/863 853/1037/885 852/1028/886
f 837/1027/863 838/1036/865 854/1044/887 853/1037/885
f 838/1036/865 839/1043/866 855/1048/888 854/1044/887
f 839/1043/866 840/4213/867 856/487/889 855/1048/888
f 1795/481/890 1796/4215/868 841/467/869 857/472/891
f 1946/466/892 1947/456/870 842/442/871 858/455/893
f 842/442/871 843/427/872 859/441/894 858/455/893
f 843/427/872 844/414/873 860/426/895 859/441/894
f 1896/413/896 1897/400/874 829/386/854 845/399/876
f 845/399/876 846/398/875 862/411/897 861/412/898
f 1924/422/899 1925/410/877 847/421/878 863/435/900
f 847/421/878 1819/448/879 1820/449/901 863/435/900
f 848/461/881 849/1021/880 865/3407/902 864/462/903
f 849/1021/880 850/4633/882 965/4529/904 865/3407/902
f 850/1008/882 851/1007/883 966/1019/905 965/1020/904
f 851/1007/883 1917/1018/884 1918/1029/906 966/1019/905
f 852/1028/886 853/1037/885 968/1045/907 967/1038/908
f 853/1037/885 854/1044/887 969/1049/909 968/1045/907
f 854/1044/887 855/1048/888 866/4216/910 969/1049/909
f 855/1048/888 856/487/889 867/488/911 866/4216/910
f 1794/480/912 1795/481/890 857/472/891 868/475/913
f 1945/471/914 1946/466/892 858/455/893 869/465/915
f 858/455/893 859/441/894 870/454/916 869/465/915
f 859/441/894 860/426/895 871/440/917 870/454/916
f 1895/425/918 1896/413/896 845/399/876 861/412/898
f 873/2928/919 958/2929/920 959/2930/921 918/2931/922
f 877/1010/923 956/998/924 957/1011/925 890/1022/926
f 941/2955/927 942/2997/928 943/2996/929 944/2956/930
f 893/419/931 963/406/932 964/391/933 878/405/934
f 876/969/935 914/977/936 915/988/937 888/978/938
f 774/1002/789 773/991/786 956/998/924 877/1010/923
f 922/1023/939 775/1013/791 774/1002/789 877/1010/923
f 964/391/933 779/389/803 778/403/801 878/405/934
f 770/964/779 769/974/776 914/977/936 876/969/935
f 921/2990/940 922/5029/939 877/2992/923 880/2993/941
f 877/1010/923 890/1022/926 891/1033/942 880/1034/941
f 873/2928/919 918/2931/922 919/2936/943 882/2937/944
f 1953/433/945 1954/434/946 893/419/931 878/405/934
f 955/968/947 771/965/781 770/4631/779 876/4632/935
f 888/4629/938 954/979/948 955/968/947 876/4632/935
f 916/2957/949 952/2947/950 953/2946/951 872/2958/952
f 879/358/953 947/357/954 948/366/955 895/367/956
f 766/354/766 765/353/765 947/357/954 879/358/953
f 953/989/951 954/979/948 888/4629/938 872/990/952
f 890/1022/926 957/1011/925 958/1024/920 873/1032/919
f 891/1033/942 890/1022/926 873/1032/919 882/1040/944
f 945/2944/957 941/2955/927 944/2956/930 946/4708/958
f 875/432/959 893/419/931 1954/434/946 1955/445/960
f 962/420/961 963/406/932 893/419/931 875/432/959
f 895/367/956 948/366/955 949/379/962 874/380/963
f 888/978/938 915/988/937 916/1001/949 872/4630/952
f 905/382/964 767/369/771 1930/359/770 1931/368/965
f 913/395/966 905/382/964 1931/368/965 1932/381/967
f 912/408/968 913/395/966 1932/381/967 1933/394/969
f 1933/2988/969 950/2979/970 912/2984/968
f 910/2951/971 961/2950/972 962/2962/961 875/2963/959
f 1955/2973/960 910/2951/971 875/2963/959
f 924/2986/973 923/2987/974 925/4713/975 926/4714/976
f 928/3012/977 927/3011/978 923/2987/974 924/2986/973
f 878/3010/934 1952/3007/979 1953/3006/945
f 778/403/801 1951/418/800 1952/4214/979 878/405/934
f 1813/4188/980 1814/4186/773 767/369/771 905/382/964
f 906/4211/981 777/430/797 1800/4205/796 1801/4208/982
f 907/3002/983 906/5030/981 1801/2999/982 1802/2998/984
f 930/2983/985 929/3009/986 1803/3004/987 1804/2976/988
f 933/2975/989 930/2983/985 1804/2976/988 1805/4706/990
f 1806/2952/991 1807/2942/992 910/2951/971 909/2964/993
f 1807/2942/992 1808/2941/994 961/2950/972 910/2951/971
f 912/2984/968 950/2979/970 1810/2970/995 1811/2978/996
f 1811/4197/996 1812/4193/997 913/395/966 912/408/968
f 1812/4193/997 1813/4188/980 905/382/964 913/395/966
f 914/977/936 769/974/776 768/4189/775 896/4192/998
f 915/988/937 914/977/936 896/4192/998 897/4196/999
f 916/1001/949 915/988/937 897/4196/999 898/4200/1000
f 898/2969/1000 951/2959/1001 952/2947/950 916/2957/949
f 918/2931/922 959/2930/921 960/2934/1002 900/2935/1003
f 919/2936/943 918/2931/922 900/2935/1003 901/2943/1004
f 935/2953/1005 936/2967/1006 937/2968/1007 938/4710/1008
f 936/2967/1006 939/3001/1009 940/3000/1010 937/2968/1007
f 903/2994/1011 904/5033/1012 922/2991/939 921/5028/940
f 904/4204/1012 776/4202/793 775/1013/791 922/1023/939
f 908/1052/1013 909/1053/993 925/1054/975 923/1055/974
f 909/2964/993 883/2974/1014 926/2981/976 925/2982/975
f 883/458/1014 892/446/1015 924/460/973 926/468/976
f 881/3008/1016 907/5031/983 927/3011/978 928/3012/977
f 907/1056/983 908/1052/1013 923/1055/974 927/1057/978
f 892/446/1015 881/447/1016 928/459/977 924/460/973
f 908/1058/1013 907/1059/983 929/1060/986 930/1061/985
f 907/3002/983 1802/2998/984 1803/3004/987 929/3009/986
f 903/1064/1011 902/1065/1017 932/1066/1018 931/1067/1019
f 909/1062/993 908/1058/1013 930/1061/985 933/1063/989
f 902/1065/1017 901/1068/1004 934/1069/1020 932/1066/1018
f 1805/2965/990 1806/2952/991 909/2964/993 933/4707/989
f 901/1070/1004 902/1071/1017 936/1072/1006 935/1073/1005
f 920/1076/1021 919/1077/943 938/1078/1008 937/1079/1007
f 919/2936/943 901/2943/1004 935/4711/1005 938/2954/1008
f 902/1071/1017 903/1074/1011 939/1075/1009 936/1072/1006
f 903/2994/1011 921/5028/940 940/3000/1010 939/3001/1009
f 921/1080/940 920/1076/1021 937/1079/1007 940/1081/1010
f 920/1082/1021 921/1083/940 942/1084/928 941/1085/927
f 921/2990/940 880/2993/941 943/2996/929 942/2997/928
f 880/1034/941 891/1033/942 944/1041/930 943/1042/929
f 919/1086/943 920/1082/1021 941/1085/927 945/1087/957
f 891/1033/942 882/1040/944 946/1047/958 944/1041/930
f 882/2937/944 919/2936/943 945/4709/957 946/2945/958
f 947/357/954 765/353/765 1901/364/808 1902/365/1022
f 948/366/955 947/357/954 1902/365/1022 1903/378/1023
f 949/379/962 948/366/955 1903/378/1023 1904/393/1024
f 1904/2980/1024 1905/2971/1025 950/2979/970 949/2985/962
f 1905/2971/1025 1906/2960/1026 1810/2970/995 950/2979/970
f 952/2947/950 951/2959/1001 1907/2948/1027 1908/2939/1028
f 953/2946/951 952/2947/950 1908/2939/1028 1909/2938/1029
f 1909/1000/1029 1910/987/1030 954/979/948 953/989/951
f 955/968/947 954/979/948 1910/987/1030 1911/976/1031
f 1911/976/1031 1912/970/783 771/965/781 955/968/947
f 956/998/924 773/991/786 772/980/785 884/986/1032
f 957/1011/925 956/998/924 884/986/1032 889/999/1033
f 958/1024/920 957/1011/925 889/999/1033 885/1012/1034
f 959/2930/921 958/2929/920 885/2932/1034 917/2933/1035
f 960/2934/1002 959/2930/921 917/2933/1035 899/2940/1036
f 961/2950/972 1808/2941/994 1809/2949/1037 911/2961/1038
f 962/2962/961 961/2950/972 911/2961/1038 886/2972/1039
f 886/407/1039 894/392/1040 963/406/932 962/420/961
f 964/391/933 963/406/932 894/392/1040 887/377/1041
f 887/377/1041 780/375/805 779/389/803 964/391/933
f 868/475/913 973/4609/1042 1746/485/1043 1794/480/912
f 974/474/1044 1945/471/914 869/465/915 975/4617/1045
f 869/465/915 870/454/916 976/4616/1046 975/4617/1045
f 977/4615/1047 976/4616/1046 870/454/916 871/440/917
f 861/412/898 978/4605/1048 1894/439/1049 1895/425/918
f 979/4614/1050 978/4605/1048 861/412/898 862/411/897
f 980/436/1051 1924/422/899 863/435/900 981/4612/1052
f 1820/449/901 1821/4606/1053 981/4612/1052 863/435/900
f 865/3407/902 983/4611/1054 982/4607/1055 864/462/903
f 965/4529/904 984/4610/1056 983/4611/1054 865/3407/902
f 866/4216/910 971/4218/1057 970/1051/1058 969/1049/909
f 972/4217/1059 971/4218/1057 866/4216/910 867/488/911
f 969/1049/909 970/1051/1058 987/1050/1060 968/1045/907
f 966/1019/905 985/1030/1061 984/1031/1056 965/1020/904
f 1918/1029/906 1919/1039/1062 985/1030/1061 966/1019/905
f 968/1045/907 987/1050/1060 986/1046/1063 967/1038/908
f 988/623/1064 989/601/1065 1005/587/1066 1004/604/1067
f 1961/588/1068 1962/602/1069 990/622/1070 1006/603/1071
f 990/622/1070 991/4265/1072 1007/4266/1073 1006/603/1071
f 991/4265/1072 992/1098/1074 1008/1099/1075 1007/4266/1073
f 992/1098/1074 993/1088/1076 1009/4603/1077 1008/1099/1075
f 993/4596/1076 994/1089/1078 1010/1090/1079 1009/1091/1077
f 994/1089/1078 995/1094/1080 1011/1095/1081 1010/1090/1079
f 995/1094/1080 996/1104/1082 1012/1105/1083 1011/1095/1081
f 996/1104/1082 997/1115/1084 1013/1116/1085 1012/1105/1083
f 997/1115/1084 998/1126/1086 1014/1127/1087 1013/1116/1085
f 998/1126/1086 999/4276/1088 1015/4277/1089 1014/1127/1087
f 999/4276/1088 1000/713/1090 1016/700/1091 1015/4277/1089
f 1939/684/1092 1940/699/1093 1001/683/1094 1017/665/1095
f 1001/683/1094 1002/664/1096 1018/644/1097 1017/665/1095
f 1002/664/1096 1003/643/1098 1019/624/1099 1018/644/1097
f 1003/643/1098 988/623/1064 1004/604/1067 1019/624/1099
f 1004/604/1067 1005/587/1066 1021/572/1100 1020/590/1101
f 1960/573/1102 1961/588/1068 1006/603/1071 1022/589/1103
f 1006/603/1071 1007/4266/1073 1023/4268/1104 1022/589/1103
f 1007/4266/1073 1008/1099/1075 1024/1109/1105 1023/4268/1104
f 1008/1099/1075 1009/4603/1077 1025/4602/1106 1024/1109/1105
f 1009/1091/1077 1010/1090/1079 1026/1096/1107 1025/1097/1106
f 1010/1090/1079 1011/1095/1081 1027/1106/1108 1026/1096/1107
f 1011/1095/1081 1012/1105/1083 1028/1117/1109 1027/1106/1108
f 1012/1105/1083 1013/1116/1085 1029/1128/1110 1028/1117/1109
f 1013/1116/1085 1014/1127/1087 1030/1136/1111 1029/1128/1110
f 1014/1127/1087 1015/4277/1089 1031/4280/1112 1030/1136/1111
f 1015/4277/1089 1016/700/1091 1032/685/1113 1031/4280/1112
f 1938/666/1114 1939/684/1092 1017/665/1095 1033/645/1115
f 1017/665/1095 1018/644/1097 1034/625/1116 1033/645/1115
f 1018/644/1097 1019/624/1099 1035/605/1117 1034/625/1116
f 1019/624/1099 1004/604/1067 1020/590/1101 1035/605/1117
f 1020/590/1101 1021/572/1100 1037/559/1118 1036/575/1119
f 1959/560/1120 1960/573/1102 1022/589/1103 1038/574/1121
f 1022/589/1103 1023/4268/1104 1039/4270/1122 1038/574/1121
f 1023/4268/1104 1024/1109/1105 1040/1121/1123 1039/4270/1122
f 1024/1109/1105 1025/4602/1106 1041/4601/1124 1040/1121/1123
f 1025/1097/1106 1026/1096/1107 1042/1107/1125 1041/1108/1124
f 1026/1096/1107 1027/1106/1108 1043/1118/1126 1042/1107/1125
f 1027/1106/1108 1028/1117/1109 1044/1129/1127 1043/1118/1126
f 1028/1117/1109 1029/1128/1110 1045/1137/1128 1044/1129/1127
f 1029/1128/1110 1030/1136/1111 1046/1146/1129 1045/1137/1128
f 1030/1136/1111 1031/4280/1112 1047/4282/1130 1046/1146/1129
f 1031/4280/1112 1032/685/1113 1048/667/1131 1047/4282/1130
f 1937/646/1132 1938/666/1114 1033/645/1115 1049/626/1133
f 1033/645/1115 1034/625/1116 1050/606/1134 1049/626/1133
f 1034/625/1116 1035/605/1117 1051/591/1135 1050/606/1134
f 1035/605/1117 1020/590/1101 1036/575/1119 1051/591/1135
f 1036/575/1119 1037/559/1118 1053/546/1136 1052/562/1137
f 1958/547/1138 1959/560/1120 1038/574/1121 1054/561/1139
f 1038/574/1121 1039/4270/1122 1055/4272/1140 1054/561/1139
f 1039/4270/1122 1040/1121/1123 1056/1133/1141 1055/4272/1140
f 1040/1121/1123 1041/4601/1124 1057/4600/1142 1056/1133/1141
f 1041/1108/1124 1042/1107/1125 1058/1119/1143 1057/1120/1142
f 1042/1107/1125 1043/1118/1126 1059/1130/1144 1058/1119/1143
f 1043/1118/1126 1044/1129/1127 1060/1138/1145 1059/1130/1144
f 1044/1129/1127 1045/1137/1128 1061/1147/1146 1060/1138/1145
f 1045/1137/1128 1046/1146/1129 1062/1154/1147 1061/1147/1146
f 1046/1146/1129 1047/4282/1130 1063/4284/1148 1062/1154/1147
f 1047/4282/1130 1048/667/1131 1064/647/1149 1063/4284/1148
f 1936/627/1150 1937/646/1132 1049/626/1133 1065/607/1151
f 1049/626/1133 1050/606/1134 1066/592/1152 1065/607/1151
f 1050/606/1134 1051/591/1135 1067/576/1153 1066/592/1152
f 1051/591/1135 1036/575/1119 1052/562/1137 1067/576/1153
f 1052/562/1137 1053/546/1136 1069/534/1154 1068/549/1155
f 1957/535/1156 1958/547/1138 1054/561/1139 1070/548/1157
f 1054/561/1139 1055/4272/1140 1071/4273/1158 1070/548/1157
f 1055/4272/1140 1056/1133/1141 1072/1142/1159 1071/4273/1158
f 1056/1133/1141 1057/4600/1142 1073/4598/1160 1072/1142/1159
f 1057/1120/1142 1058/1119/1143 1074/1131/1161 1073/1132/1160
f 1058/1119/1143 1059/1130/1144 1075/1139/1162 1074/1131/1161
f 1059/1130/1144 1060/1138/1145 1076/1148/1163 1075/1139/1162
f 1060/1138/1145 1061/1147/1146 1077/1155/1164 1076/1148/1163
f 1061/1147/1146 1062/1154/1147 1078/1159/1165 1077/1155/1164
f 1062/1154/1147 1063/4284/1148 1079/648/1166 1078/1159/1165
f 1063/4284/1148 1064/647/1149 1080/628/1167 1079/648/1166
f 1935/608/1168 1936/627/1150 1065/607/1151 1081/593/1169
f 1065/607/1151 1066/592/1152 1082/577/1170 1081/593/1169
f 1066/592/1152 1067/576/1153 1083/563/1171 1082/577/1170
f 1067/576/1153 1052/562/1137 1068/549/1155 1083/563/1171
f 1068/549/1155 1069/534/1154 1085/4592/1172 1084/4587/1173
f 1956/524/1174 1957/535/1156 1070/548/1157 1086/4275/1175
f 1070/548/1157 1071/4273/1158 1087/4274/1176 1086/4275/1175
f 1071/4273/1158 1072/1142/1159 1088/1150/1177 1087/4274/1176
f 1072/1142/1159 1073/4598/1160 1089/4599/1178 1088/1150/1177
f 1073/1132/1160 1074/1131/1161 1090/1140/1179 1089/1141/1178
f 1074/1131/1161 1075/1139/1162 1091/1149/1180 1090/1140/1179
f 1075/1139/1162 1076/1148/1163 1092/1156/1181 1091/1149/1180
f 1076/1148/1163 1077/1155/1164 1093/4591/1182 1092/1156/1181
f 1077/1155/1164 1078/1159/1165 1094/4590/1183 1093/4591/1182
f 1078/1159/1165 1079/648/1166 1095/4521/1184 1094/4590/1183
f 1079/648/1166 1080/628/1167 1096/4589/1185 1095/4521/1184
f 1934/594/1186 1935/608/1168 1081/593/1169 1097/4585/1187
f 1081/593/1169 1082/577/1170 1098/4588/1188 1097/4585/1187
f 1082/577/1170 1083/563/1171 1099/4586/1189 1098/4588/1188
f 1083/563/1171 1068/549/1155 1084/4587/1173 1099/4586/1189
f 1100/702/1190 1101/686/1191 1752/668/1192 1753/3233/1193
f 1102/3268/1194 1103/650/1195 1742/629/1196 1743/4286/1197
f 1104/4287/1198 1105/611/1199 1360/596/1200 1350/4290/1201
f 1106/615/1202 1107/598/1203 1551/582/1204 1528/597/1205
f 1108/584/1206 1109/556/1207 1635/543/1208 1606/616/1209
f 1110/3014/1210 1111/520/1211 1339/3015/1212 1330/3016/1213
f 1622/3177/1214 1881/3178/1215 1882/3179/1216 1118/3180/1217
f 1544/701/1218 1545/669/1219 1101/686/1191 1100/702/1190
f 1770/552/1220 1771/566/1221 1336/554/1222 1758/540/1223
f 1101/686/1191 1545/669/1219 1751/651/1224 1752/668/1192
f 1768/525/1225 1769/538/1226 1337/527/1227 1749/513/1228
f 1103/650/1195 1546/630/1229 1741/612/1230 1742/629/1196
f 1766/511/1231 1767/512/1232 1338/503/1233 1356/500/1234 1357/508/1235
f 1762/567/1236 1763/553/1237 1632/542/1238 1359/555/1239
f 1105/611/1199 1547/595/1240 1548/581/1241 1360/596/1200
f 1106/615/1202 1528/597/1205 1529/614/1242 1312/632/1243
f 1108/584/1206 1606/616/1209 1607/4690/1244 1319/600/1245
f 1123/619/1246 1608/636/1247 1609/656/1248 1306/638/1249
f 1124/653/1250 1530/633/1251 1531/654/1252 1307/671/1253
f 1224/5003/1254 1534/4996/1255 1680/731/1256 1681/741/1257
f 1225/4995/1258 1612/4990/1259 1677/735/1260 1678/722/1261
f 1129/737/1262 1613/750/1263 1639/767/1264 1640/768/1265
f 1433/772/1266 1536/763/1267 1643/780/1268 1644/788/1269
f 1130/756/1270 1645/789/1271 1646/790/1272 1295/773/1273
f 1135/827/1274 1649/845/1275 1650/862/1276 1509/846/1277
f 1136/811/1278 1685/810/1279 1686/828/1280 1510/829/1281
f 1138/877/1282 1652/891/1283 1653/904/1284 1487/892/1285
f 1139/865/1286 1688/864/1287 1689/878/1288 1488/879/1289
f 1141/905/1290 1654/916/1291 1655/924/1292 1495/917/1293
f 1142/894/1294 1690/893/1295 1691/906/1296 1496/907/1297
f 1753/3233/1193 3167/3234/1298 3168/3218/1299 1100/702/1190
f 1743/4286/1197 3165/4288/1300 3166/4289/1301 1102/3268/1194
f 1350/4290/1201 3163/4294/1302 3164/4291/1303 1104/4287/1198
f 1312/632/1243 3159/4315/1304 3160/4308/1305 1106/615/1202
f 1307/671/1253 3290/3474/1306 3158/4322/1307 1124/653/1250
f 1390/851/1308 3279/882/1309 3280/4941/1310 1232/852/1311
f 1510/829/1281 3264/3486/1312 3265/3487/1313 1136/811/1278
f 1488/879/1289 3261/4936/1314 3262/3490/1315 1139/865/1286
f 1496/907/1297 3259/3499/1316 3260/3494/1317 1142/894/1294
f 1140/935/1318 3242/4340/1319 3243/3687/1320 1493/942/1321
f 1137/921/1322 3240/3603/1323 3241/3620/1324 1485/928/1325
f 1134/888/1326 3237/3574/1327 3238/3585/1328 1507/901/1329
f 1125/841/1330 3233/3554/1331 3234/3555/1332 1299/842/1333
f 1539/853/1334 3232/3556/1335 3233/3554/1331 1125/841/1330
s 33
f 1616/3757/1336 3226/3756/1337 3227/3759/1338 1171/3760/1339
s 3
f 1128/799/1340 3218/4346/1341 3219/4347/1342 1636/817/1343
f 1227/4993/1344 3216/4352/1345 3217/4348/1346 1674/781/1347
f 1122/690/1348 3211/4392/1349 3212/4385/1350 1304/705/1351
f 1110/3014/1210 3209/3020/1352 3210/3021/1353 1317/689/1354
f 1330/3016/1213 3208/3019/1355 3209/3020/1352 1110/3014/1210
f 3175/3213/1356 3176/3223/1357 1335/3210/1358 1117/3198/1359
f 3171/3188/1360 3172/3189/1361 1622/3177/1214 1118/3180/1217
f 3168/3218/1299 3169/3206/1362 1544/701/1218 1100/702/1190
f 1315/4833/1363 1316/3027/1364 1154/3026/1365 1266/4849/1366
f 1310/4839/1367 1311/4393/1368 1155/4401/1369 1265/4835/1370
f 1672/4789/1371 1673/4353/1372 1228/4359/1373 1286/4988/1374
f 1663/4791/1375 1664/4350/1376 1157/4349/1377 1263/4790/1378
f 1618/3596/1379 1619/4795/1380 1261/4796/1381 1159/3575/1382
f 1511/4809/1383 1512/3593/1384 1161/3584/1385 1259/4812/1386
f 1491/4816/1387 1492/3621/1388 1162/3611/1389 1258/4819/1390
f 1499/4813/1391 1500/4341/1392 1163/3632/1393 1257/4817/1394
f 1391/897/1395 1392/3636/1396 1288/4821/1397 1231/3431/1398
f 1174/3637/1399 1625/3638/1400 1626/3639/1401 1450/3640/1402
f 1178/1122/1403 1623/1110/1404 1624/1123/1405 1400/1134/1406
f 1473/3664/1407 1474/3872/1408 1475/3871/1409 1476/3665/1410
f 1403/711/1411 1630/697/1412 1631/680/1413 1179/696/1414
f 1177/1093/1415 1446/1101/1416 1447/1112/1417 1398/1102/1418
f 997/1115/1084 996/1104/1082 1623/1110/1404 1178/1122/1403
f 1454/4279/1419 998/1126/1086 997/1115/1084 1178/1122/1403
f 1631/680/1413 1002/664/1096 1001/683/1094 1179/696/1414
f 993/1088/1076 992/1098/1074 1446/1101/1416 1177/1093/1415
f 1453/3864/1420 1454/5011/1419 1178/3867/1403 1181/3868/1421
f 1178/1122/1403 1400/1134/1406 1401/1144/1422 1181/1145/1421
f 1174/3637/1399 1450/3640/1402 1451/3645/1423 1183/3646/1424
f 1942/725/1425 1943/726/1426 1403/711/1411 1179/696/1414
f 1187/947/1427 1186/940/1428 1668/941/1429 1669/948/1430
f 1186/940/1428 1185/934/1431 1667/933/1432 1668/941/1429
f 1131/919/1433 1665/4972/1434 1666/926/1435 1203/927/1436
f 1132/925/1437 1656/931/1438 1657/938/1439 1202/932/1440
f 1203/927/1436 3257/3718/1441 3258/4420/1442 1131/919/1433
f 1669/948/1430 3253/3709/1443 3254/3707/1444 1187/947/1427
f 1660/957/1445 3251/3720/1446 3252/3713/1447 1188/953/1448
f 1133/4962/1449 3244/3685/1450 3245/3686/1451 1201/954/1452
f 1204/3725/1453 1283/4857/1454 1255/4856/1455 1166/4421/1456
f 1188/953/1448 1189/946/1457 1659/952/1458 1660/957/1445
f 1189/946/1457 1190/939/1459 1658/945/1460 1659/952/1458
f 1185/934/1431 1186/940/1428 3255/3708/1461 3256/3712/1462
f 1186/940/1428 1187/947/1427 3254/3707/1444 3255/3708/1461
f 1191/963/1463 1192/961/1464 3247/3694/1465 3248/4425/1466
f 1192/961/1464 1193/958/1467 3246/3690/1468 3247/3694/1465
f 1197/3693/1469 1200/3689/1470 1282/4859/1471 1280/4860/1472
f 1201/954/1452 3245/3686/1451 3246/3690/1468 1193/958/1467
f 1202/932/1440 1657/938/1439 1658/945/1460 1190/939/1459
f 1203/927/1436 1666/926/1435 1667/933/1432 1185/934/1431
f 3256/3712/1462 3257/3718/1441 1203/927/1436 1185/934/1431
f 1577/3215/1473 1578/4798/1474 1271/4799/1475 1149/3228/1476
f 1576/3190/1477 3174/3201/1478 3175/3213/1356 1117/3198/1359
f 1117/3198/1359 1878/3199/1479 1879/3191/1480 1576/3190/1477
f 1605/1092/1481 994/1089/1078 993/4596/1076 1177/4597/1415
f 1398/4594/1418 1604/1103/1482 1605/1092/1481 1177/4597/1415
f 1448/3655/1483 1602/3648/1484 1603/3647/1485 1173/3656/1486
f 1180/621/1487 1597/640/1488 1598/661/1489 1405/642/1490
f 989/601/1065 988/623/1064 1597/640/1488 1180/621/1487
f 1357/508/1235 1596/518/1491 1765/526/1492 1766/511/1231
f 1592/3013/1493 1593/519/1494 1111/520/1211 1110/3014/1210
f 1317/689/1354 1591/673/1495 1592/3013/1493 1110/3014/1210
f 1304/705/1351 1589/691/1496 1590/674/1497 1122/690/1348
f 1674/781/1347 1675/765/1498 1586/748/1499 1227/4993/1344
f 1636/817/1343 1637/800/1500 1585/782/1501 1128/799/1340
s 33
f 3223/3747/1502 3224/3748/1503 1582/3749/1504 1172/3750/1505
s 3
f 3229/3577/1506 3230/3567/1507 1126/3568/1508 1221/3578/1509
s 33
f 1171/4435/1339 3227/4436/1338 3228/4437/1510 1222/2470/1511
s 3
f 1119/687/1512 1532/672/1513 1533/688/1514 1384/703/1515
f 1120/658/1516 1610/676/1517 1611/693/1518 1397/677/1519
f 1395/732/1520 1587/719/1521 1588/706/1522 1121/718/1523
f 1121/718/1523 3213/4376/1524 3214/4367/1525 1395/732/1520
f 1224/5003/1254 1681/741/1257 1682/757/1526 1296/758/1527
f 1296/758/1527 3268/3493/1528 3908/5004/1529 3907/3496/1530 1224/5003/1254
f 1224/727/1254 3907/5002/1530 3906/5007/1531 3269/3770/1532 1300/742/1533
f 3288/3463/1534 3289/3469/1535 1119/687/1512 1301/716/1536
f 1384/703/1515 1385/715/1537 1301/716/1536 1119/687/1512
f 1233/3768/1538 1289/3852/1539 1287/4677/1540 1230/908/1541
f 1234/866/1542 3276/3765/1543 3277/895/1544 1229/880/1545
f 1235/833/1546 1389/832/1547 1390/851/1308 1232/852/1311
f 3280/3430/1310 3281/3432/1548 1235/833/1546 1232/852/1311
f 1237/830/1549 3274/3762/1550 3275/3763/1551 1518/849/1552
f 1238/797/1553 1388/796/1554 1519/814/1555 1520/815/1556
f 3282/3434/1557 3283/3436/1558 1238/797/1553 1520/815/1556
f 1240/794/1559 3272/3766/1560 3273/3764/1561 1513/812/1562
f 1241/762/1563 1387/761/1564 1514/778/1565 1515/779/1566
f 3284/3440/1567 3285/3445/1568 1241/762/1563 1515/779/1566
f 1243/759/1569 3270/3769/1570 3271/3767/1571 1523/776/1572
f 1244/730/1573 1386/729/1574 1524/744/1575 1525/745/1576
f 3286/3451/1577 3287/3458/1578 1244/730/1573 1525/745/1576
f 1501/793/1579 1684/792/1580 1685/810/1279 1136/811/1278
f 3265/3487/1313 3266/3489/1581 1501/793/1579 1136/811/1278
f 1161/3584/1385 1505/3573/1582 1506/4811/1583 1259/4812/1386
f 1504/873/1584 3236/3565/1585 3237/3574/1327 1134/888/1326
f 1502/809/1586 1648/826/1587 1649/845/1275 1135/827/1274
f 1313/4321/1588 1314/4689/1589 1253/4826/1590 1144/4314/1591
f 1351/4299/1592 1352/4827/1593 1252/4785/1594 1145/4295/1595
f 1744/4292/1596 1745/4784/1597 1251/4783/1598 1146/3287/1599
f 1754/3250/1600 1755/4782/1601 1250/4802/1602 1147/3232/1603
f 1250/4802/1602 1542/4801/1604 1543/3219/1605 1147/3232/1603
f 1272/4794/1606 1620/4793/1607 1621/3197/1608 1148/3196/1609
f 1271/4799/1475 1333/4830/1610 1334/3239/1611 1149/3228/1476
f 1331/3025/1612 1332/4831/1613 1266/4849/1366 1154/3026/1365
f 1540/3561/1614 1541/4823/1615 1260/4844/1616 1160/3557/1617
f 1260/4844/1616 1297/4843/1618 1298/3558/1619 1160/3557/1617
f 1497/3505/1620 1498/4814/1621 1275/4818/1622 1167/3497/1623
f 1308/3475/1624 1309/4337/1625 1273/4838/1626 1143/4328/1627
f 1277/4861/1628 1276/4863/1629 1195/3711/1630 1194/3710/1631
f 1276/4863/1629 1278/4858/1632 1196/3717/1633 1195/3711/1630
f 1280/4860/1472 1279/4862/1634 1198/3698/1635 1197/3693/1469
f 1279/4862/1634 1281/4851/1636 1199/4426/1637 1198/3698/1635
f 1256/4968/1638 1282/4859/1471 1200/3689/1470 1164/4976/1639
f 1661/3727/1640 1662/4854/1641 1274/4853/1642 1165/3719/1643
f 1670/3714/1644 1671/4852/1645 1277/4861/1628 1194/3710/1631
f 1278/4858/1632 1283/4857/1454 1204/3725/1453 1196/3717/1633
f 1262/3624/1646 1579/4797/1647 1580/3615/1648 1158/3625/1649
f 1264/4820/1650 1393/4788/1651 1394/4377/1652 1156/4386/1653
f 1254/4840/1654 1168/3470/1655 1302/3464/1656 1303/4841/1657
f 1288/4942/1397 1290/4806/1658 1236/3433/1659 1231/4945/1398
f 1521/3435/1660 1522/4805/1661 1291/4808/1662 1239/3437/1663
f 1516/3441/1664 1517/4807/1665 1292/4804/1666 1242/3446/1667
f 1526/3452/1668 1527/4803/1669 1293/4842/1670 1245/3459/1671
f 1296/758/1527 1682/757/1526 1683/774/1672 1247/775/1673
f 1247/775/1673 3267/3491/1674 3268/3493/1528 1296/758/1527
f 1298/3558/1619 1297/4843/1618 1294/4845/1675 1248/3564/1676
f 1299/842/1333 3234/3555/1332 3235/3559/1677 1249/859/1678
f 1295/773/1273 1646/790/1272 1647/808/1679 1246/791/1680
f 1301/716/1536 1385/715/1537 1386/729/1574 1244/730/1573
f 3287/3458/1578 3288/3463/1534 1301/716/1536 1244/730/1573
f 1293/4842/1670 1303/4841/1657 1302/3464/1656 1245/3459/1671
f 1300/742/1533 3269/3770/1532 3270/3769/1570 1243/759/1569
f 1588/706/1522 1589/691/1496 1304/705/1351 1121/718/1523
f 1306/638/1249 1609/656/1248 1610/676/1517 1120/658/1516
f 1307/671/1253 1531/654/1252 1532/672/1513 1119/687/1512
f 3289/3469/1535 3290/3474/1306 1307/671/1253 1119/687/1512
f 1254/4840/1654 1309/4337/1625 1308/3475/1624 1168/3470/1655
f 1156/4386/1653 1311/4393/1368 1310/4839/1367 1264/4820/1650
f 1304/705/1351 3212/4385/1350 3213/4376/1524 1121/718/1523
f 3158/4322/1307 3159/4681/1304 1312/4696/1243 1124/653/1250
f 1273/4838/1626 1314/4836/1589 1313/4682/1588 1143/4328/1627
f 1155/4401/1369 1316/4407/1364 1315/4412/1363 1265/4835/1370
f 1317/4399/1354 3210/4400/1353 3211/4392/1349 1122/690/1348
f 1590/674/1497 1591/4692/1495 1317/4399/1354 1122/690/1348
f 1319/4691/1245 1607/617/1244 1608/636/1247 1123/619/1246
f 1312/4696/1243 1529/4695/1242 1530/633/1251 1124/653/1250
f 3204/3045/1681 3205/3037/1682 1781/3029/1683 1112/3036/1684
f 1267/4778/1685 1779/4781/1686 1780/3046/1687 1153/3054/1688
f 1792/3295/1689 1793/4779/1690 1270/4774/1691 1150/3311/1692
f 1791/3258/1693 3179/3276/1694 3180/3296/1695 1116/3277/1696
f 1116/3277/1696 1846/3278/1697 1874/3259/1698 1791/3258/1693
f 971/507/1057 1789/506/1699 1790/516/1700 970/517/1058
f 1746/4608/1043 1787/492/1701 1788/499/1702 972/493/1059
f 974/4618/1044 1785/479/1703 1786/484/1704 973/478/1042
f 1781/3029/1683 1782/3028/1705 1113/3035/1706 1112/3036/1684
f 1320/3018/1707 3207/3024/1708 3208/3019/1355 1330/3016/1213
f 1321/3031/1709 1322/4832/1710 1332/4831/1613 1331/3025/1612
f 1334/3239/1611 1333/4830/1610 1323/4829/1711 1324/3256/1712
f 1335/3210/1358 3176/3223/1357 3177/3240/1713 1325/3224/1714
f 1325/3224/1714 1876/3225/1715 1877/3211/1716 1335/3210/1358
f 1757/528/1717 1758/540/1223 1336/554/1222 1326/541/1718
f 1748/504/1719 1749/513/1228 1337/527/1227 1327/514/1720
f 1355/494/1721 1356/500/1234 1338/503/1233 1328/497/1722
f 1330/3016/1213 1339/3015/1212 1329/3017/1723 1320/3018/1707
f 1325/3224/1714 3177/3240/1713 3178/3257/1724 1340/3241/1725
f 1324/3256/1712 1323/4829/1711 1342/4780/1726 1341/3275/1727
f 1344/3038/1728 1343/4828/1729 1322/4832/1710 1321/3031/1709
f 1345/3023/1730 3206/3030/1731 3207/3024/1708 1320/3018/1707
f 1320/3018/1707 1329/3017/1723 1346/3022/1732 1345/3023/1730
f 1354/486/1733 1355/494/1721 1328/497/1722 1347/491/1734
f 1747/498/1735 1748/504/1719 1327/514/1720 1348/505/1736
f 1756/515/1737 1757/528/1717 1326/541/1718 1349/529/1738
f 1340/3241/1725 1875/3242/1739 1876/3225/1715 1325/3224/1714
f 3160/4308/1305 3161/4302/1740 1364/4297/1741 1106/615/1202
f 1253/4826/1590 1362/4825/1742 1363/4309/1743 1144/4314/1591
f 1782/3028/1705 1783/476/1744 1372/473/1745 1113/3035/1706
f 1329/3017/1723 1370/489/1746 1371/482/1747 1346/3022/1732
f 1339/3015/1212 1369/495/1748 1370/489/1746 1329/3017/1723
f 1368/502/1749 1369/495/1748 1339/3015/1212 1111/520/1211
f 1593/519/1494 1594/509/1750 1368/502/1749 1111/520/1211
f 1366/545/1751 1634/532/1752 1635/543/1208 1109/556/1207
f 1365/586/1753 1550/570/1754 1551/582/1204 1107/598/1203
f 1364/4297/1741 1365/586/1753 1107/598/1203 1106/615/1202
f 1374/4303/1755 1375/4824/1756 1352/4827/1593 1351/4299/1592
f 1373/4293/1757 3162/4298/1758 3163/4294/1302 1350/4290/1201
f 1350/4290/1201 1360/596/1200 1383/585/1759 1373/4293/1757
f 1360/596/1200 1548/581/1241 1549/571/1760 1383/585/1759
f 1359/555/1239 1632/542/1238 1633/533/1761 1382/544/1762
f 1380/501/1763 1595/510/1764 1596/518/1491 1357/508/1235
f 1357/508/1235 1356/500/1234 1379/496/1765 1380/501/1763
f 1378/490/1766 1379/496/1765 1356/500/1234 1355/494/1721
f 1377/483/1767 1378/490/1766 1355/494/1721 1354/486/1733
f 975/470/1045 1784/477/1768 1785/479/1703 974/4618/1044
f 1364/4297/1741 3161/4302/1740 3162/4298/1758 1373/4293/1757
f 1363/4309/1743 1362/4825/1742 1375/4824/1756 1374/4303/1755
f 1372/473/1745 1783/476/1744 1784/477/1768 975/470/1045
f 1371/482/1747 1370/489/1746 1378/490/1766 1377/483/1767
f 1370/489/1746 1369/495/1748 1379/496/1765 1378/490/1766
f 1380/501/1763 1379/496/1765 1369/495/1748 1368/502/1749
f 1368/502/1749 1594/509/1750 1595/510/1764 1380/501/1763
f 1382/544/1762 1633/533/1761 1634/532/1752 1366/545/1751
f 1383/585/1759 1549/571/1760 1550/570/1754 1365/586/1753
f 1373/4293/1757 1383/585/1759 1365/586/1753 1364/4297/1741
f 1567/599/1769 1568/583/1770 1108/584/1206 1319/600/1245
f 1566/618/1771 1567/4694/1769 1319/4691/1245 1123/619/1246
f 1565/637/1772 1566/618/1771 1123/619/1246 1306/638/1249
f 1564/657/1773 1565/637/1772 1306/638/1249 1120/658/1516
f 1397/677/1519 1563/678/1774 1564/657/1773 1120/658/1516
f 1678/722/1261 1679/723/1775 1562/709/1776 1225/4995/1258
f 1641/769/1777 1642/770/1778 1560/751/1779 1436/752/1780
f 3230/3567/1507 3231/3560/1781 1557/840/1782 1126/3568/1508
f 1261/4796/1381 1555/4800/1783 1556/3566/1784 1159/3575/1382
f 1553/3207/1785 1554/4822/1786 1272/4794/1606 1148/3196/1609
f 1552/3187/1787 3170/3195/1788 3171/3188/1360 1118/3180/1217
f 1118/3180/1217 1882/3179/1216 1883/3184/1789 1776/3185/1790 1777/3186/1791 1575/670/1792 1552/3187/1787
f 1777/3186/1791 1778/3205/1793 1750/652/1794 1575/670/1792
f 1759/4285/1795 1760/609/1796 1740/613/1797 1574/631/1798
f 1572/568/1799 1573/579/1800 1761/580/1801 1762/567/1236 1359/555/1239
f 1571/558/1802 1572/568/1799 1359/555/1239 1382/544/1762
f 1570/557/1803 1571/558/1802 1382/544/1762 1366/545/1751
f 1569/569/1804 1570/557/1803 1366/545/1751 1109/556/1207
f 1568/583/1770 1569/569/1804 1109/556/1207 1108/584/1206
f 1224/727/1254 1300/742/1533 1701/728/1805 1702/714/1806
f 1700/743/1807 1701/728/1805 1300/742/1533 1243/759/1569
f 1523/776/1572 1699/760/1808 1700/743/1807 1243/759/1569
f 1513/812/1562 1697/795/1809 1698/777/1810 1240/794/1559
f 1518/849/1552 1695/831/1811 1696/813/1812 1237/830/1549
f 1693/867/1813 1694/850/1814 1234/866/1542 1229/880/1545
f 1229/880/1545 3277/895/1544 3278/881/1815 1693/867/1813
f 1230/908/1541 1287/4677/1540 1712/4678/1816 1692/896/1817
f 1710/4368/1818 1711/4787/1819 1286/4846/1374 1228/4980/1373
f 1709/747/1820 3215/4358/1821 3216/4979/1345 1227/764/1344
f 1227/764/1344 1586/4992/1499 1708/733/1822 1709/747/1820
f 1705/694/1823 1706/708/1824 1612/721/1259 1225/710/1258
f 1562/4994/1776 1704/695/1825 1705/694/1823 1225/710/1258
f 1702/714/1806 1703/704/1826 1534/717/1255 1224/727/1254
f 1603/1113/1485 1604/1103/1482 1398/4594/1418 1173/1114/1486
f 1400/1134/1406 1624/1123/1405 1625/1135/1400 1174/1143/1399
f 1401/1144/1422 1400/1134/1406 1174/1143/1399 1183/1151/1424
f 1477/3653/1827 1473/3664/1407 1476/3665/1410 1478/4723/1828
f 1176/724/1829 1403/711/1411 1943/726/1426 1944/738/1830
f 1629/712/1831 1630/697/1412 1403/711/1411 1176/724/1829
f 1405/642/1490 1598/661/1489 1599/682/1832 1175/663/1833
f 1398/1102/1418 1447/1112/1417 1448/1125/1483 1173/4595/1486
f 1437/639/1834 990/622/1070 1962/602/1069 1963/620/1835
f 1445/659/1836 1437/639/1834 1963/620/1835 1964/641/1837
f 1444/679/1838 1445/659/1836 1964/641/1837 1965/662/1839
f 1965/3681/1839 1600/3667/1840 1444/3675/1838
f 1442/3651/1841 1628/3650/1842 1629/3659/1831 1176/3660/1829
f 1944/3669/1830 1442/3651/1841 1176/3660/1829
f 1456/3683/1843 1455/3684/1844 1457/4729/1845 1458/4730/1846
f 1460/3862/1847 1459/3861/1848 1455/3684/1844 1456/3683/1843
f 1179/3853/1414 1941/3854/1849 1942/3855/1425
f 1001/683/1094 1940/699/1093 1941/4283/1849 1179/696/1414
f 1583/4676/1850 1723/836/1851 1724/854/1852 1127/868/1853
f 1720/803/1854 1721/802/1855 1615/4674/1856 1126/3568/1508
f 1557/840/1782 1719/822/1857 1720/803/1854 1126/3568/1508
f 1717/823/1858 1718/834/1859 1539/853/1334 1125/841/1330
f 1716/824/1860 1717/823/1858 1125/841/1330 1299/842/1333
f 1715/843/1861 1716/824/1860 1299/842/1333 1249/859/1678
f 1713/874/1862 1714/860/1863 1504/873/1584 1134/888/1326
f 1507/901/1329 1739/889/1864 1713/874/1862 1134/888/1326
f 1485/928/1325 1736/922/1865 1737/914/1866 1137/921/1322
f 1493/942/1321 1734/936/1867 1735/929/1868 1140/935/1318
f 1732/950/1869 1733/4971/1870 1133/4962/1449 1201/954/1452
f 1731/955/1871 1732/950/1869 1201/954/1452 1193/958/1467
f 1730/959/1872 1731/955/1871 1193/958/1467 1192/961/1464
f 1729/962/1873 1730/959/1872 1192/961/1464 1191/963/1463
f 3248/4425/1466 3249/4427/1874 1729/962/1873 1191/963/1463
f 1281/4851/1636 1727/4850/1875 1728/4429/1876 1199/4426/1637
f 1158/3625/1649 1725/4364/1877 1726/4786/1878 1262/3624/1646
f 1724/854/1852 3221/4357/1879 3222/4673/1880 1127/868/1853
f 1130/756/1270 1535/746/1881 1536/763/1267 1433/772/1266
f 1537/798/1882 1538/816/1883 1418/806/1884 1434/805/1885
f 1644/788/1269 1645/789/1271 1130/756/1270 1433/772/1266
f 1417/785/1886 1558/804/1887 1559/787/1888 1435/786/1889
f 1560/751/1779 1561/736/1890 1129/737/1262 1436/752/1780
f 1129/737/1262 1640/768/1265 1641/769/1777 1436/752/1780
f 1406/4267/1891 991/4265/1072 990/622/1070 1437/639/1834
f 1438/4281/1892 1000/713/1090 999/4276/1088 1414/4278/1893
f 1439/3857/1894 1438/3856/1892 1414/3859/1893 1413/5014/1895
f 1462/3679/1896 1461/3866/1897 1463/3865/1898 1464/3680/1899
f 1465/3671/1900 1462/3679/1896 1464/3680/1899 1466/4727/1901
f 1411/3652/1902 1410/3644/1903 1442/3651/1841 1441/3661/1904
f 1410/3644/1903 1627/3643/1905 1628/3650/1842 1442/3651/1841
f 1444/3675/1838 1600/3667/1840 1601/3657/1906 1408/3666/1907
f 1408/4271/1907 1407/4269/1908 1445/659/1836 1444/679/1838
f 1407/4269/1908 1406/4267/1891 1437/639/1834 1445/659/1836
f 1446/1101/1416 992/1098/1074 991/4265/1072 1406/4267/1891
f 1447/1112/1417 1446/1101/1416 1406/4267/1891 1407/4269/1908
f 1448/1125/1483 1447/1112/1417 1407/4269/1908 1408/4271/1907
f 1408/3666/1907 1601/3657/1906 1602/3648/1484 1448/3655/1483
f 1450/3640/1402 1626/3639/1401 1627/3643/1905 1410/3644/1903
f 1451/3645/1423 1450/3640/1402 1410/3644/1903 1411/3652/1902
f 1467/3662/1909 1468/3673/1910 1469/3674/1911 1470/4725/1912
f 1468/3673/1910 1471/3870/1913 1472/3869/1914 1469/3674/1911
f 1413/3860/1895 1414/5015/1893 1454/3863/1419 1453/5010/1420
f 1414/4278/1893 999/4276/1088 998/1126/1086 1454/4279/1419
f 1440/1161/1915 1441/1162/1904 1457/1163/1845 1455/1164/1844
f 1441/3661/1904 1184/3670/1916 1458/3677/1846 1457/3678/1845
f 1184/753/1916 1402/739/1917 1456/755/1843 1458/771/1846
f 1182/3858/1918 1439/5013/1894 1459/3861/1848 1460/3862/1847
f 1439/1165/1894 1440/1161/1915 1455/1164/1844 1459/1166/1848
f 1402/739/1917 1182/740/1918 1460/754/1847 1456/755/1843
f 1440/1167/1915 1439/1168/1894 1461/1169/1897 1462/1170/1896
f 1439/3857/1894 1413/5014/1895 1463/3865/1898 1461/3866/1897
f 1413/1173/1895 1412/1174/1919 1464/1175/1899 1463/1176/1898
f 1441/1171/1904 1440/1167/1915 1462/1170/1896 1465/1172/1900
f 1412/1174/1919 1411/1177/1902 1466/1178/1901 1464/1175/1899
f 1411/3652/1902 1441/3661/1904 1465/4728/1900 1466/3672/1901
f 1411/1179/1902 1412/1180/1919 1468/1181/1910 1467/1182/1909
f 1452/1185/1920 1451/1186/1423 1470/1187/1912 1469/1188/1911
f 1451/3645/1423 1411/3652/1902 1467/4726/1909 1470/3663/1912
f 1412/1180/1919 1413/1183/1895 1471/1184/1913 1468/1181/1910
f 1413/3860/1895 1453/5010/1420 1472/3869/1914 1471/3870/1913
f 1453/1189/1420 1452/1185/1920 1469/1188/1911 1472/1190/1914
f 1452/1191/1920 1453/1192/1420 1474/1193/1408 1473/1194/1407
f 1453/3864/1420 1181/3868/1421 1475/3871/1409 1474/3872/1408
f 1181/1145/1421 1401/1144/1422 1476/1152/1410 1475/1153/1409
f 1451/1195/1423 1452/1191/1920 1473/1194/1407 1477/1196/1827
f 1401/1144/1422 1183/1151/1424 1478/1157/1828 1476/1152/1410
f 1183/3646/1424 1451/3645/1423 1477/4724/1827 1478/3654/1828
f 1737/914/1866 1738/902/1921 1479/913/1922 1137/921/1322
f 1481/863/1923 1651/876/1924 1652/891/1283 1138/877/1282
f 1482/848/1925 1687/847/1926 1688/864/1287 1139/865/1286
f 3262/3490/1315 3263/3488/1927 1482/848/1925 1139/865/1286
f 1162/3611/1389 1484/3602/1928 1483/4810/1929 1258/4819/1390
f 1479/913/1922 3239/3594/1930 3240/3603/1323 1137/921/1322
f 1735/929/1868 1736/922/1865 1485/928/1325 1140/935/1318
f 1487/892/1285 1653/904/1284 1654/916/1291 1141/905/1290
f 1488/879/1289 1689/878/1288 1690/893/1295 1142/894/1294
f 3260/3494/1317 3261/4936/1314 1488/879/1289 1142/894/1294
f 1275/4818/1622 1490/4768/1931 1489/4937/1932 1167/3497/1623
f 1163/3632/1393 1492/3621/1388 1491/4816/1387 1257/4817/1394
f 1485/928/1325 3241/3620/1324 3242/4340/1319 1140/935/1318
f 1733/943/1870 1734/936/1867 1493/942/1321 1133/949/1449
f 1495/917/1293 1655/924/1292 1656/4974/1438 1132/4973/1437
f 1496/907/1297 1691/906/1296 1665/918/1434 1131/4960/1433
f 3258/3506/1442 3259/3499/1316 1496/907/1297 1131/4960/1433
f 1255/3524/1455 1498/4814/1621 1497/3505/1620 1166/3515/1456
f 1164/3688/1639 1500/4341/1392 1499/4813/1391 1256/3691/1638
f 1493/942/1321 3243/3687/1320 3244/4961/1450 1133/949/1449
f 1501/793/1579 3266/3489/1581 3267/3491/1674 1247/775/1673
f 1247/775/1673 1683/774/1672 1684/792/1580 1501/793/1579
f 1246/791/1680 1647/808/1679 1648/826/1587 1502/809/1586
f 1504/873/1584 1714/860/1863 1715/843/1861 1249/859/1678
f 1249/859/1678 3235/3559/1677 3236/3565/1585 1504/873/1584
f 1506/4811/1583 1505/3573/1582 1248/3564/1676 1294/4845/1675
f 1479/913/1922 1738/902/1921 1739/889/1864 1507/901/1329
f 1509/846/1277 1650/862/1276 1651/876/1924 1481/863/1923
f 1510/829/1281 1686/828/1280 1687/847/1926 1482/848/1925
f 1482/848/1925 3263/3488/1927 3264/3486/1312 1510/829/1281
f 1483/4810/1929 1484/3602/1928 1512/3593/1384 1511/4809/1383
f 1507/901/1329 3238/3585/1328 3239/3594/1930 1479/913/1922
f 1513/812/1562 3273/3764/1561 3274/3762/1550 1237/830/1549
f 1696/813/1812 1697/795/1809 1513/812/1562 1237/830/1549
f 1515/779/1566 1514/778/1565 1388/796/1554 1238/797/1553
f 3283/3436/1558 3284/3440/1567 1515/779/1566 1238/797/1553
f 1291/4808/1662 1517/4807/1665 1516/3441/1664 1239/3437/1663
f 1518/849/1552 3275/3763/1551 3276/3765/1543 1234/866/1542
f 1694/850/1814 1695/831/1811 1518/849/1552 1234/866/1542
f 1520/815/1556 1519/814/1555 1389/832/1547 1235/833/1546
f 3281/3432/1548 3282/3434/1557 1520/815/1556 1235/833/1546
f 1290/4806/1658 1522/4805/1661 1521/3435/1660 1236/3433/1659
f 1523/776/1572 3271/3767/1571 3272/3766/1560 1240/794/1559
f 1698/777/1810 1699/760/1808 1523/776/1572 1240/794/1559
f 1525/745/1576 1524/744/1575 1387/761/1564 1241/762/1563
f 3285/3445/1568 3286/3451/1577 1525/745/1576 1241/762/1563
f 1292/4804/1666 1527/4803/1669 1526/3452/1668 1242/3446/1667
f 1529/614/1242 1528/597/1205 1568/583/1770 1567/599/1769
f 1530/633/1251 1529/4695/1242 1567/4694/1769 1566/618/1771
f 1531/654/1252 1530/633/1251 1566/618/1771 1565/637/1772
f 1564/657/1773 1532/672/1513 1531/654/1252 1565/637/1772
f 1533/688/1514 1532/672/1513 1564/657/1773 1563/678/1774
f 1562/4994/1776 1534/717/1255 1703/704/1826 1704/695/1825
f 1679/723/1775 1680/731/1256 1534/4996/1255 1562/709/1776
f 1536/763/1267 1535/746/1881 1561/736/1890 1560/751/1779
f 1642/770/1778 1643/780/1268 1536/763/1267 1560/751/1779
f 1557/840/1782 1539/853/1334 1718/834/1859 1719/822/1857
f 3231/3560/1781 3232/3556/1335 1539/853/1334 1557/840/1782
f 1541/4823/1615 1540/3561/1614 1556/3566/1784 1555/4800/1783
f 1553/3207/1785 1543/3219/1605 1542/4801/1604 1554/4822/1786
f 1544/701/1218 3169/3206/1362 3170/3195/1788 1552/3187/1787
f 1545/669/1219 1544/701/1218 1552/3187/1787 1575/670/1792
f 1750/652/1794 1751/651/1224 1545/669/1219 1575/670/1792
f 1740/613/1797 1741/612/1230 1546/630/1229 1574/631/1798
f 1548/581/1241 1547/595/1240 1573/579/1800 1572/568/1799
f 1549/571/1760 1548/581/1241 1572/568/1799 1571/558/1802
f 1570/557/1803 1550/570/1754 1549/571/1760 1571/558/1802
f 1569/569/1804 1551/582/1204 1550/570/1754 1570/557/1803
f 1568/583/1770 1528/597/1205 1551/582/1204 1569/569/1804
f 1559/787/1888 1558/804/1887 1538/816/1883 1537/798/1882
f 1206/3181/1933 3173/3193/1934 3174/3201/1478 1576/3190/1477
f 1205/3203/1935 1284/4848/1936 1578/4798/1474 1577/3215/1473
f 1580/3615/1648 1579/4797/1647 1285/4847/1937 1219/3606/1938
s 33
f 1582/3749/1504 3224/3748/1503 3225/3753/1939 1217/3754/1940
s 3
f 1216/4675/1941 1722/819/1942 1723/836/1851 1583/4676/1850
f 1585/782/1501 1637/800/1500 1638/783/1943 1215/766/1944
f 1675/765/1498 1676/749/1945 1226/4991/1946 1586/748/1499
f 1707/720/1947 1708/733/1822 1586/4992/1499 1226/734/1946
f 1588/706/1522 1587/719/1521 1396/707/1948 1214/692/1949
f 1214/692/1949 1305/675/1950 1589/691/1496 1588/706/1522
f 1590/674/1497 1589/691/1496 1305/675/1950 1213/655/1951
f 1213/655/1951 1318/4693/1952 1591/4692/1495 1590/674/1497
f 1592/3013/1493 1591/673/1495 1318/635/1952 1212/634/1953
f 1212/634/1953 1211/531/1954 1593/519/1494 1592/3013/1493
f 1211/531/1954 1367/521/1955 1594/509/1750 1593/519/1494
f 1595/510/1764 1594/509/1750 1367/521/1955 1381/522/1956
f 1596/518/1491 1595/510/1764 1381/522/1956 1358/530/1957
f 1764/539/1958 1765/526/1492 1596/518/1491 1358/530/1957
f 1597/640/1488 988/623/1064 1003/643/1098 1210/660/1959
f 1598/661/1489 1597/640/1488 1210/660/1959 1404/681/1960
f 1599/682/1832 1598/661/1489 1404/681/1960 1209/698/1961
f 1209/3668/1961 1443/3658/1962 1600/3667/1840 1599/3676/1832
f 1601/3657/1906 1600/3667/1840 1443/3658/1962 1409/3649/1963
f 1602/3648/1484 1601/3657/1906 1409/3649/1963 1449/3642/1964
f 1603/3647/1485 1602/3648/1484 1449/3642/1964 1208/3641/1965
f 1208/1124/1965 1399/1111/1966 1604/1103/1482 1603/1113/1485
f 1605/1092/1481 1604/1103/1482 1399/1111/1966 1207/1100/1967
f 1207/1100/1967 995/1094/1080 994/1089/1078 1605/1092/1481
f 1576/3190/1477 1879/3191/1480 1880/3182/1968 1206/3181/1933
f 1607/4690/1244 1606/616/1209 1212/634/1953 1318/635/1952
f 1608/636/1247 1607/617/1244 1318/4693/1952 1213/655/1951
f 1609/656/1248 1608/636/1247 1213/655/1951 1305/675/1950
f 1610/676/1517 1609/656/1248 1305/675/1950 1214/692/1949
f 1611/693/1518 1610/676/1517 1214/692/1949 1396/707/1948
f 1612/721/1259 1706/708/1824 1707/720/1947 1226/734/1946
f 1676/749/1945 1677/735/1260 1612/4990/1259 1226/4991/1946
f 1638/783/1943 1639/767/1264 1613/750/1263 1215/766/1944
f 1615/4674/1856 1721/802/1855 1722/819/1942 1216/4675/1941
s 33
f 1217/3754/1940 3225/3753/1939 3226/3756/1337 1616/3757/1336
s 3
f 1219/3606/1938 1285/4847/1937 1619/4795/1380 1618/3596/1379
f 1621/3197/1608 1620/4793/1607 1284/4848/1936 1205/3203/1935
f 1622/3177/1214 3172/3189/1361 3173/3193/1934 1206/3181/1933
f 1206/3181/1933 1880/3182/1968 1881/3178/1215 1622/3177/1214
f 1623/1110/1404 996/1104/1082 995/1094/1080 1207/1100/1967
f 1624/1123/1405 1623/1110/1404 1207/1100/1967 1399/1111/1966
f 1625/1135/1400 1624/1123/1405 1399/1111/1966 1208/1124/1965
f 1626/3639/1401 1625/3638/1400 1208/3641/1965 1449/3642/1964
f 1627/3643/1905 1626/3639/1401 1449/3642/1964 1409/3649/1963
f 1628/3650/1842 1627/3643/1905 1409/3649/1963 1443/3658/1962
f 1629/3659/1831 1628/3650/1842 1443/3658/1962 1209/3668/1961
f 1209/698/1961 1404/681/1960 1630/697/1412 1629/712/1831
f 1631/680/1413 1630/697/1412 1404/681/1960 1210/660/1959
f 1210/660/1959 1003/643/1098 1002/664/1096 1631/680/1413
f 1632/542/1238 1763/553/1237 1764/539/1958 1358/530/1957
f 1633/533/1761 1632/542/1238 1358/530/1957 1381/522/1956
f 1634/532/1752 1633/533/1761 1381/522/1956 1367/521/1955
f 1635/543/1208 1634/532/1752 1367/521/1955 1211/531/1954
f 1606/616/1209 1635/543/1208 1211/531/1954 1212/634/1953
f 1415/835/1969 1584/818/1970 1637/800/1500 1636/817/1343
f 1638/783/1943 1637/800/1500 1584/818/1970 1416/801/1971
f 1614/784/1972 1639/767/1264 1638/783/1943 1416/801/1971
f 1640/768/1265 1639/767/1264 1614/784/1972 1417/785/1886
f 1641/769/1777 1640/768/1265 1417/785/1886 1435/786/1889
f 1435/786/1889 1559/787/1888 1642/770/1778 1641/769/1777
f 1559/787/1888 1537/798/1882 1643/780/1268 1642/770/1778
f 1644/788/1269 1643/780/1268 1537/798/1882 1434/805/1885
f 1418/806/1884 1645/789/1271 1644/788/1269 1434/805/1885
f 1646/790/1272 1645/789/1271 1418/806/1884 1419/807/1973
f 1647/808/1679 1646/790/1272 1419/807/1973 1420/825/1974
f 1648/826/1587 1647/808/1679 1420/825/1974 1503/844/1975
f 1649/845/1275 1648/826/1587 1503/844/1975 1421/861/1976
f 1650/862/1276 1649/845/1275 1421/861/1976 1508/875/1977
f 1651/876/1924 1650/862/1276 1508/875/1977 1480/890/1978
f 1652/891/1283 1651/876/1924 1480/890/1978 1422/903/1979
f 1653/904/1284 1652/891/1283 1422/903/1979 1486/915/1980
f 1654/916/1291 1653/904/1284 1486/915/1980 1423/923/1981
f 1655/924/1292 1654/916/1291 1423/923/1981 1494/930/1982
f 1656/4974/1438 1655/924/1292 1494/930/1982 1424/4975/1983
f 1657/938/1439 1656/931/1438 1424/937/1983 1425/944/1984
f 1658/945/1460 1657/938/1439 1425/944/1984 1426/951/1985
f 1659/952/1458 1658/945/1460 1426/951/1985 1427/956/1986
f 1660/957/1445 1659/952/1458 1427/956/1986 1428/960/1987
f 1428/960/1987 3250/3728/1988 3251/3720/1446 1660/957/1445
f 1429/3736/1989 1430/4855/1990 1662/4854/1641 1661/3727/1640
f 1431/4792/1991 1432/4356/1992 1664/4350/1376 1663/4791/1375
f 1636/817/1343 3219/4347/1342 3220/4351/1993 1415/835/1969
f 1666/926/1435 1665/4972/1434 1132/925/1437 1202/932/1440
f 1667/933/1432 1666/926/1435 1202/932/1440 1190/939/1459
f 1668/941/1429 1667/933/1432 1190/939/1459 1189/946/1457
f 1669/948/1430 1668/941/1429 1189/946/1457 1188/953/1448
f 3252/3713/1447 3253/3709/1443 1669/948/1430 1188/953/1448
f 1274/4853/1642 1671/4852/1645 1670/3714/1644 1165/3719/1643
f 1157/4349/1377 1673/4353/1372 1672/4789/1371 1263/4790/1378
f 1674/781/1347 3217/4348/1346 3218/4346/1341 1128/799/1340
f 1585/782/1501 1675/765/1498 1674/781/1347 1128/799/1340
f 1215/766/1944 1676/749/1945 1675/765/1498 1585/782/1501
f 1613/750/1263 1677/735/1260 1676/749/1945 1215/766/1944
f 1678/722/1261 1677/735/1260 1613/750/1263 1129/737/1262
f 1561/736/1890 1679/723/1775 1678/722/1261 1129/737/1262
f 1561/736/1890 1535/746/1881 1680/731/1256 1679/723/1775
f 1681/741/1257 1680/731/1256 1535/746/1881 1130/756/1270
f 1682/757/1526 1681/741/1257 1130/756/1270 1295/773/1273
f 1683/774/1672 1682/757/1526 1295/773/1273 1246/791/1680
f 1684/792/1580 1683/774/1672 1246/791/1680 1502/809/1586
f 1685/810/1279 1684/792/1580 1502/809/1586 1135/827/1274
f 1686/828/1280 1685/810/1279 1135/827/1274 1509/846/1277
f 1687/847/1926 1686/828/1280 1509/846/1277 1481/863/1923
f 1688/864/1287 1687/847/1926 1481/863/1923 1138/877/1282
f 1689/878/1288 1688/864/1287 1138/877/1282 1487/892/1285
f 1690/893/1295 1689/878/1288 1487/892/1285 1141/905/1290
f 1691/906/1296 1690/893/1295 1141/905/1290 1495/917/1293
f 1665/918/1434 1691/906/1296 1495/917/1293 1132/4973/1437
f 1693/867/1813 3278/881/1815 3279/882/1309 1390/851/1308
f 1390/851/1308 1389/832/1547 1694/850/1814 1693/867/1813
f 1389/832/1547 1519/814/1555 1695/831/1811 1694/850/1814
f 1696/813/1812 1695/831/1811 1519/814/1555 1388/796/1554
f 1388/796/1554 1514/778/1565 1697/795/1809 1696/813/1812
f 1698/777/1810 1697/795/1809 1514/778/1565 1387/761/1564
f 1387/761/1564 1524/744/1575 1699/760/1808 1698/777/1810
f 1700/743/1807 1699/760/1808 1524/744/1575 1386/729/1574
f 1386/729/1574 1385/715/1537 1701/728/1805 1700/743/1807
f 1702/714/1806 1701/728/1805 1385/715/1537 1384/703/1515
f 1384/703/1515 1533/688/1514 1703/704/1826 1702/714/1806
f 1703/704/1826 1533/688/1514 1563/678/1774 1704/695/1825
f 1705/694/1823 1704/695/1825 1563/678/1774 1397/677/1519
f 1397/677/1519 1611/693/1518 1706/708/1824 1705/694/1823
f 1707/720/1947 1706/708/1824 1611/693/1518 1396/707/1948
f 1587/719/1521 1708/733/1822 1707/720/1947 1396/707/1948
f 1709/747/1820 1708/733/1822 1587/719/1521 1395/732/1520
f 1395/732/1520 3214/4367/1525 3215/4358/1821 1709/747/1820
f 1394/4377/1652 1393/4788/1651 1711/4787/1819 1710/4368/1818
f 1692/896/1817 1712/4678/1816 1392/3636/1396 1391/897/1395
f 1421/861/1976 1503/844/1975 1714/860/1863 1713/874/1862
f 1715/843/1861 1714/860/1863 1503/844/1975 1420/825/1974
f 1420/825/1974 1419/807/1973 1716/824/1860 1715/843/1861
f 1419/807/1973 1418/806/1884 1717/823/1858 1716/824/1860
f 1418/806/1884 1538/816/1883 1718/834/1859 1717/823/1858
f 1718/834/1859 1538/816/1883 1558/804/1887 1719/822/1857
f 1720/803/1854 1719/822/1857 1558/804/1887 1417/785/1886
f 1417/785/1886 1614/784/1972 1721/802/1855 1720/803/1854
f 1722/819/1942 1721/802/1855 1614/784/1972 1416/801/1971
f 1723/836/1851 1722/819/1942 1416/801/1971 1584/818/1970
f 1724/854/1852 1723/836/1851 1584/818/1970 1415/835/1969
f 1415/835/1969 3220/4351/1993 3221/4357/1879 1724/854/1852
f 1726/4786/1878 1725/4364/1877 1432/4356/1992 1431/4792/1991
f 1728/4429/1876 1727/4850/1875 1430/4855/1990 1429/3736/1989
f 1729/962/1873 3249/4427/1874 3250/3728/1988 1428/960/1987
f 1428/960/1987 1427/956/1986 1730/959/1872 1729/962/1873
f 1427/956/1986 1426/951/1985 1731/955/1871 1730/959/1872
f 1426/951/1985 1425/944/1984 1732/950/1869 1731/955/1871
f 1425/944/1984 1424/937/1983 1733/4971/1870 1732/950/1869
f 1424/4975/1983 1494/930/1982 1734/936/1867 1733/943/1870
f 1735/929/1868 1734/936/1867 1494/930/1982 1423/923/1981
f 1423/923/1981 1486/915/1980 1736/922/1865 1735/929/1868
f 1737/914/1866 1736/922/1865 1486/915/1980 1422/903/1979
f 1422/903/1979 1480/890/1978 1738/902/1921 1737/914/1866
f 1739/889/1864 1738/902/1921 1480/890/1978 1508/875/1977
f 1713/874/1862 1739/889/1864 1508/875/1977 1421/861/1976
f 1573/579/1800 1740/613/1797 1760/609/1796 1761/580/1801
f 1573/579/1800 1547/595/1240 1741/612/1230 1740/613/1797
f 1742/629/1196 1741/612/1230 1547/595/1240 1105/611/1199
f 1743/4286/1197 1742/629/1196 1105/611/1199 1104/4287/1198
f 3164/4291/1303 3165/4288/1300 1743/4286/1197 1104/4287/1198
f 1252/4785/1594 1745/4784/1597 1744/4292/1596 1145/4295/1595
f 1786/484/1704 1787/492/1701 1746/4608/1043 973/478/1042
f 1328/497/1722 1748/504/1719 1747/498/1735 1347/491/1734
f 1338/503/1233 1749/513/1228 1748/504/1719 1328/497/1722
f 1767/512/1232 1768/525/1225 1749/513/1228 1338/503/1233
f 1574/631/1798 1750/652/1794 1778/3205/1793 1759/4285/1795
f 1574/631/1798 1546/630/1229 1751/651/1224 1750/652/1794
f 1752/668/1192 1751/651/1224 1546/630/1229 1103/650/1195
f 1753/3233/1193 1752/668/1192 1103/650/1195 1102/3268/1194
f 3166/4289/1301 3167/3234/1298 1753/3233/1193 1102/3268/1194
f 1251/4783/1598 1755/4782/1601 1754/3250/1600 1146/3287/1599
f 1788/499/1702 1789/506/1699 971/507/1057 972/493/1059
f 1327/514/1720 1757/528/1717 1756/515/1737 1348/505/1736
f 1337/527/1227 1758/540/1223 1757/528/1717 1327/514/1720
f 1769/538/1226 1770/552/1220 1758/540/1223 1337/527/1227
f 1096/610/1185 1760/609/1796 1759/4285/1795 1095/649/1184
f 1761/580/1801 1934/4584/1186 1097/578/1187 1762/567/1236
f 1097/578/1187 1098/565/1188 1763/553/1237 1762/567/1236
f 1764/539/1958 1763/553/1237 1098/565/1188 1099/551/1189
f 1084/537/1173 1765/526/1492 1764/539/1958 1099/551/1189
f 1766/511/1231 1765/526/1492 1084/537/1173 1085/523/1172
f 1767/512/1232 1956/4583/1174 1086/536/1175 1768/525/1225
f 1087/550/1176 1769/538/1226 1768/525/1225 1086/536/1175
f 1088/564/1177 1770/552/1220 1769/538/1226 1087/550/1176
f 1089/4593/1178 1771/566/1221 1770/552/1220 1088/564/1177
f 1773/3214/1994 1772/3227/1995 1089/3245/1178 1090/3229/1179
f 1774/3202/1996 1773/3214/1994 1090/3229/1179 1091/3216/1180
f 1775/3194/1997 1774/3202/1996 1091/3216/1180 1092/3204/1181
f 1776/3185/1790 1775/3194/1997 1092/3204/1181 1093/1158/1182
f 1777/3186/1791 1776/3185/1790 1093/1158/1182
f 1094/1160/1183 1778/3205/1793 1777/3186/1791 1093/1158/1182
f 1759/4285/1795 1778/3205/1793 1094/1160/1183 1095/649/1184
f 1780/3046/1687 1779/4781/1686 1343/4828/1729 1344/3038/1728
f 1781/3029/1683 3205/3037/1682 3206/3030/1731 1345/3023/1730
f 1345/3023/1730 1346/3022/1732 1782/3028/1705 1781/3029/1683
f 1346/3022/1732 1371/482/1747 1783/476/1744 1782/3028/1705
f 1784/477/1768 1783/476/1744 1371/482/1747 1377/483/1767
f 1785/479/1703 1784/477/1768 1377/483/1767 1354/486/1733
f 1786/484/1704 1785/479/1703 1354/486/1733 1347/491/1734
f 1347/491/1734 1747/498/1735 1787/492/1701 1786/484/1704
f 1788/499/1702 1787/492/1701 1747/498/1735 1348/505/1736
f 1348/505/1736 1756/515/1737 1789/506/1699 1788/499/1702
f 1790/516/1700 1789/506/1699 1756/515/1737 1349/529/1738
f 1791/3258/1693 1874/3259/1698 1875/3242/1739 1340/3241/1725
f 1340/3241/1725 3178/3257/1724 3179/3276/1694 1791/3258/1693
f 1341/3275/1727 1342/4780/1726 1793/4779/1690 1792/3295/1689
f 1794/480/912 1746/485/1043 972/4217/1059 867/488/911
f 856/487/889 1795/481/890 1794/480/912 867/488/911
f 840/4213/867 1796/4215/868 1795/481/890 856/487/889
f 824/4210/845 1797/4212/846 1796/4215/868 840/4213/867
f 808/4207/823 1798/4209/824 1797/4212/846 824/4210/845
f 792/4203/794 1799/4206/795 1798/4209/824 808/4207/823
f 776/4202/793 1800/4205/796 1799/4206/795 792/4203/794
f 1801/4208/982 1800/4205/796 776/4202/793 904/4204/1012
f 1802/2998/984 1801/2999/982 904/2995/1012 903/5032/1011
f 1803/3004/987 1802/2998/984 903/5032/1011 931/3005/1019
f 1804/2976/988 1803/3004/987 931/3005/1019 932/2977/1018
f 1805/4706/990 1804/2976/988 932/2977/1018 934/4712/1020
f 901/2943/1004 1806/2952/991 1805/2965/990 934/2966/1020
f 901/2943/1004 900/2935/1003 1807/2942/992 1806/2952/991
f 900/2935/1003 960/2934/1002 1808/2941/994 1807/2942/992
f 1809/2949/1037 1808/2941/994 960/2934/1002 899/2940/1036
f 951/2959/1001 1810/2970/995 1906/2960/1026 1907/2948/1027
f 1811/2978/996 1810/2970/995 951/2959/1001 898/2969/1000
f 898/4200/1000 897/4196/999 1812/4193/997 1811/4197/996
f 897/4196/999 896/4192/998 1813/4188/980 1812/4193/997
f 896/4192/998 768/4189/775 1814/4186/773 1813/4188/980
f 1815/4187/774 1814/4186/773 768/4189/775 784/4190/778
f 1816/4191/813 1815/4187/774 784/4190/778 800/4194/815
f 1817/4195/835 1816/4191/813 800/4194/815 816/4198/837
f 1818/4199/857 1817/4195/835 816/4198/837 832/4201/859
f 1819/448/879 1818/4199/857 832/4201/859 848/461/881
f 1820/449/901 1819/448/879 848/461/881 864/462/903
f 864/462/903 982/4607/1055 1821/4606/1053 1820/449/901
f 975/470/1045 976/464/1046 1822/469/1998 1372/473/1745
f 976/464/1046 977/453/1047 1823/463/1999 1822/469/1998
f 1893/452/2000 1894/4604/1049 978/424/1048 1824/438/2001
f 978/424/1048 979/4655/1050 1825/4531/2002 1824/438/2001
f 979/423/1050 980/4613/1051 1826/451/2003 1825/437/2002
f 980/4613/1051 981/450/1052 1827/4222/2004 1826/451/2003
f 981/450/1052 1821/4219/1053 1828/4221/2005 1827/4222/2004
f 982/4220/1055 983/3399/1054 1830/3390/2006 1829/4223/2007
f 983/3399/1054 984/3389/1056 1831/3377/2008 1830/3390/2006
f 987/3330/1060 970/3316/1058 1832/3299/2009 1833/3313/2010
f 984/3389/1056 985/3376/1061 1834/3362/2011 1831/3377/2008
f 985/3376/1061 1919/3361/1062 1920/3346/2012 1834/3362/2011
f 986/3345/1063 987/3330/1060 1833/3313/2010 1835/3331/2013
f 1821/4219/1053 982/4220/1055 1829/4223/2007 1828/4221/2005
f 1372/473/1745 1822/469/1998 1836/3043/2014 1113/3035/1706
f 1822/469/1998 1823/463/1999 1837/3052/2015 1836/3043/2014
f 1892/3060/2016 1893/452/2000 1824/438/2001 1838/3070/2017
f 1824/438/2001 1825/4531/2002 1839/4532/2018 1838/3070/2017
f 1825/437/2002 1826/451/2003 1840/3095/2019 1839/3079/2018
f 1826/451/2003 1827/4222/2004 1841/4225/2020 1840/3095/2019
f 1827/4222/2004 1828/4221/2005 1842/4224/2021 1841/4225/2020
f 1829/4223/2007 1830/3390/2006 1844/3378/2022 1843/4226/2023
f 1830/3390/2006 1831/3377/2008 1845/3363/2024 1844/3378/2022
f 1833/3313/2010 1832/3299/2009 1846/3278/1697 1847/3297/2025
f 1831/3377/2008 1834/3362/2011 1848/3347/2026 1845/3363/2024
f 1834/3362/2011 1920/3346/2012 1921/3333/2027 1848/3347/2026
f 1835/3331/2013 1833/3313/2010 1847/3297/2025 1849/3314/2028
f 1828/4221/2005 1829/4223/2007 1843/4226/2023 1842/4224/2021
f 1113/3035/1706 1836/3043/2014 1850/3044/2029 1112/3036/1684
f 1836/3043/2014 1837/3052/2015 1114/4525/2030 1850/3044/2029
f 1361/3061/2031 1892/3060/2016 1838/3070/2017 1376/3071/2032
f 1838/3070/2017 1839/4532/2018 1353/3080/2033 1376/3071/2032
f 1839/3079/2018 1840/3095/2019 1115/4232/2034 1353/4237/2033
f 1840/3095/2019 1841/4225/2020 1851/4228/2035 1115/4232/2034
f 1841/4225/2020 1842/4224/2021 1852/4227/2036 1851/4228/2035
f 1843/4226/2023 1844/3378/2022 1854/3379/2037 1853/4229/2038
f 1844/3378/2022 1845/3363/2024 1855/3364/2039 1854/3379/2037
f 1847/3297/2025 1846/3278/1697 1116/3277/1696 1856/3298/2040
f 1845/3363/2024 1848/3347/2026 1857/3348/2041 1855/3364/2039
f 1848/3347/2026 1921/3333/2027 1922/3332/2042 1857/3348/2041
f 1849/3314/2028 1847/3297/2025 1856/3298/2040 1858/3315/2043
f 1842/4224/2021 1843/4226/2023 1853/4229/2038 1852/4227/2036
f 1112/3036/1684 1850/3044/2029 3203/3053/2044 3204/3045/1681
f 1850/3044/2029 1114/4525/2030 3202/3062/2045 3203/3053/2044
f 1115/4232/2034 1851/4228/2035 3189/4231/2046 3190/4236/2047
f 1851/4228/2035 1852/4227/2036 3188/4230/2048 3189/4231/2046
f 1853/4229/2038 1854/3379/2037 3186/3388/2049 3187/4233/2050
f 1854/3379/2037 1855/3364/2039 3185/3375/2051 3186/3388/2049
f 1856/3298/2040 1116/3277/1696 3180/3296/1695 3181/3312/2052
f 1855/3364/2039 1857/3348/2041 3184/3360/2053 3185/3375/2051
f 1857/3348/2041 1922/3332/2042 3183/3344/2054 3184/3360/2053
f 1858/3315/2043 1856/3298/2040 3181/3312/2052 3182/3329/2055
f 1852/4227/2036 1853/4229/2038 3187/4233/2050 3188/4230/2048
f 1153/3054/1688 1859/3063/2056 1868/4777/2057 1267/4778/1685
f 1859/3063/2056 1152/4528/2058 1268/4526/2059 1868/4777/2057
f 1151/4241/2060 1860/4235/2061 1869/4776/2062 1269/4771/2063
f 1860/4235/2061 1861/4234/2064 1870/4772/2065 1869/4776/2062
f 1862/4238/2066 1863/3398/2067 1872/4775/2068 1871/4773/2069
f 1863/3398/2067 1864/3387/2070 1873/4770/2071 1872/4775/2068
f 1865/3328/2072 1150/3311/1692 1270/4774/1691 1982/4866/2073
f 1864/3387/2070 1866/3374/2074 1983/4867/2075 1873/4770/2071
f 1866/3374/2074 1923/3359/2076 1985/4864/2077 1983/4867/2075
f 1867/3343/2078 1865/3328/2072 1982/4866/2073 1984/4865/2079
f 1861/4234/2064 1862/4238/2066 1871/4773/2069 1870/4772/2065
f 1891/3279/2080 1832/3299/2009 970/3316/1058 1790/3300/1700
f 1890/3260/2081 1891/3279/2080 1790/3300/1700 1349/3280/1738
f 1889/3243/2082 1890/3260/2081 1349/3280/1738 1326/3261/1718
f 1888/3226/2083 1889/3243/2082 1326/3261/1718 1336/3244/1222
f 1886/3200/2084 1887/3212/2085 1772/3227/1995 1773/3214/1994
f 1885/3192/2086 1886/3200/2084 1773/3214/1994 1774/3202/1996
f 1884/3183/2087 1885/3192/2086 1774/3202/1996 1775/3194/1997
f 1883/3184/1789 1884/3183/2087 1775/3194/1997 1776/3185/1790
f 1878/3199/1479 1117/3198/1359 1335/3210/1358 1877/3211/1716
f 1887/3212/2085 1888/3226/2083 1336/3244/1222 1772/3227/1995
f 1772/3227/1995 1336/3244/1222 1771/3262/1221 1089/3245/1178
f 1882/3179/1216 1881/3178/1215 1884/3183/2087 1883/3184/1789
f 1881/3178/1215 1880/3182/1968 1885/3192/2086 1884/3183/2087
f 1880/3182/1968 1879/3191/1480 1886/3200/2084 1885/3192/2086
f 1879/3191/1480 1878/3199/1479 1887/3212/2085 1886/3200/2084
f 1877/3211/1716 1888/3226/2083 1887/3212/2085 1878/3199/1479
f 1877/3211/1716 1876/3225/1715 1889/3243/2082 1888/3226/2083
f 1876/3225/1715 1875/3242/1739 1890/3260/2081 1889/3243/2082
f 1875/3242/1739 1874/3259/1698 1891/3279/2080 1890/3260/2081
f 1874/3259/1698 1846/3278/1697 1832/3299/2009 1891/3279/2080
f 1837/3052/2015 1892/3060/2016 1361/3061/2031 1114/4525/2030
f 1823/463/1999 1893/452/2000 1892/3060/2016 1837/3052/2015
f 977/453/1047 1894/4604/1049 1893/452/2000 1823/463/1999
f 1895/425/918 1894/439/1049 977/4615/1047 871/440/917
f 860/426/895 1896/413/896 1895/425/918 871/440/917
f 844/414/873 1897/400/874 1896/413/896 860/426/895
f 828/401/851 1898/387/852 1897/400/874 844/414/873
f 812/388/829 1899/374/830 1898/387/852 828/401/851
f 796/376/806 1900/363/807 1899/374/830 812/388/829
f 780/375/805 1901/364/808 1900/363/807 796/376/806
f 1902/365/1022 1901/364/808 780/375/805 887/377/1041
f 1903/378/1023 1902/365/1022 887/377/1041 894/392/1040
f 1904/393/1024 1903/378/1023 894/392/1040 886/407/1039
f 886/2972/1039 911/2961/1038 1905/2971/1025 1904/2980/1024
f 1809/2949/1037 1906/2960/1026 1905/2971/1025 911/2961/1038
f 1907/2948/1027 1906/2960/1026 1809/2949/1037 899/2940/1036
f 1908/2939/1028 1907/2948/1027 899/2940/1036 917/2933/1035
f 1909/2938/1029 1908/2939/1028 917/2933/1035 885/2932/1034
f 885/1012/1034 889/999/1033 1910/987/1030 1909/1000/1029
f 1911/976/1031 1910/987/1030 889/999/1033 884/986/1032
f 884/986/1032 772/980/785 1912/970/783 1911/976/1031
f 1913/971/784 1912/970/783 772/980/785 788/981/788
f 1914/982/818 1913/971/784 788/981/788 804/993/820
f 1915/994/840 1914/982/818 804/993/820 820/1005/842
f 1916/1006/862 1915/994/840 820/1005/842 836/1017/864
f 1917/1018/884 1916/1006/862 836/1017/864 852/1028/886
f 1918/1029/906 1917/1018/884 852/1028/886 967/1038/908
f 967/1038/908 986/1046/1063 1919/1039/1062 1918/1029/906
f 1920/3346/2012 1919/3361/1062 986/3345/1063 1835/3331/2013
f 1921/3333/2027 1920/3346/2012 1835/3331/2013 1849/3314/2028
f 1922/3332/2042 1921/3333/2027 1849/3314/2028 1858/3315/2043
f 3182/3329/2055 3183/3344/2054 1922/3332/2042 1858/3315/2043
f 862/411/897 1924/422/899 980/436/1051 979/4614/1050
f 846/398/875 1925/410/877 1924/422/899 862/411/897
f 830/385/853 1926/397/855 1925/410/877 846/398/875
f 814/372/831 1927/384/833 1926/397/855 830/385/853
f 798/361/809 1928/371/811 1927/384/833 814/372/831
f 782/355/767 1929/360/769 1928/371/811 798/361/809
f 766/354/766 1930/359/770 1929/360/769 782/355/767
f 1931/368/965 1930/359/770 766/354/766 879/358/953
f 1932/381/967 1931/368/965 879/358/953 895/367/956
f 1933/394/969 1932/381/967 895/367/956 874/380/963
f 949/2985/962 950/2979/970 1933/2988/969 874/2989/963
f 1761/580/1801 1760/609/1796 1096/610/1185 1934/4584/1186
f 1080/628/1167 1935/608/1168 1934/594/1186 1096/4589/1185
f 1064/647/1149 1936/627/1150 1935/608/1168 1080/628/1167
f 1048/667/1131 1937/646/1132 1936/627/1150 1064/647/1149
f 1032/685/1113 1938/666/1114 1937/646/1132 1048/667/1131
f 1016/700/1091 1939/684/1092 1938/666/1114 1032/685/1113
f 1000/713/1090 1940/699/1093 1939/684/1092 1016/700/1091
f 1941/4283/1849 1940/699/1093 1000/713/1090 1438/4281/1892
f 1942/3855/1425 1941/3854/1849 1438/5012/1892 1439/5013/1894 1182/3858/1918
f 1402/739/1917 1943/726/1426 1942/725/1425 1182/740/1918
f 1944/738/1830 1943/726/1426 1402/739/1917 1184/753/1916
f 1441/3661/1904 1442/3651/1841 1944/3669/1830 1184/3670/1916
f 974/474/1044 973/4609/1042 868/475/913 1945/471/914
f 857/472/891 1946/466/892 1945/471/914 868/475/913
f 841/467/869 1947/456/870 1946/466/892 857/472/891
f 825/457/847 1948/443/848 1947/456/870 841/467/869
f 809/444/825 1949/429/826 1948/443/848 825/457/847
f 793/431/798 1950/417/799 1949/429/826 809/444/825
f 777/430/797 1951/418/800 1950/417/799 793/431/798
f 1952/4214/979 1951/418/800 777/430/797 906/4211/981
f 1953/3006/945 1952/3007/979 906/3003/981 907/5031/983 881/3008/1016
f 892/446/1015 1954/434/946 1953/433/945 881/447/1016
f 1955/445/960 1954/434/946 892/446/1015 883/458/1014
f 909/2964/993 910/2951/971 1955/2973/960 883/2974/1014
f 1085/523/1172 1956/4583/1174 1767/512/1232 1766/511/1231
f 1069/534/1154 1957/535/1156 1956/524/1174 1085/4592/1172
f 1053/546/1136 1958/547/1138 1957/535/1156 1069/534/1154
f 1037/559/1118 1959/560/1120 1958/547/1138 1053/546/1136
f 1021/572/1100 1960/573/1102 1959/560/1120 1037/559/1118
f 1005/587/1066 1961/588/1068 1960/573/1102 1021/572/1100
f 989/601/1065 1962/602/1069 1961/588/1068 1005/587/1066
f 1963/620/1835 1962/602/1069 989/601/1065 1180/621/1487
f 1964/641/1837 1963/620/1835 1180/621/1487 1405/642/1490
f 1965/662/1839 1964/641/1837 1405/642/1490 1175/663/1833
f 1599/3676/1832 1600/3667/1840 1965/3681/1839 1175/3682/1833
f 1114/1205/2030 1361/1197/2031 2006/1200/2088 2007/1206/2089
f 1115/1207/2034 3190/3873/2047 3191/1218/2090 2003/1208/2091
f 3201/3072/2092 3202/4524/2045 1114/1205/2030 2007/1206/2089
f 1268/4577/2059 1152/3073/2058 2008/3081/2093 2009/4573/2094
f 2016/1226/2095 1987/4576/2096 1988/4559/2097 1968/1233/2098
f 1353/1201/2033 1115/1207/2034 2003/1208/2091 2004/1202/2099
f 1361/1197/2031 1376/1198/2032 2005/1199/2100 2006/1200/2088
f 1376/1198/2032 1353/1201/2033 2004/1202/2099 2005/1199/2100
f 1978/4579/2101 1977/1376/2102 1991/1378/2103 1992/4580/2104
f 1990/1370/2105 3196/1375/2106 3197/1371/2107 1973/1364/2108
f 2000/1361/2109 2001/1362/2110 1974/1346/2111 1989/1354/2112
f 1989/1354/2112 1974/1346/2111 1981/1345/2113 1980/1353/2114
f 1995/1355/2115 1974/1346/2111 2001/1362/2110 1973/1364/2108
f 3197/1371/2107 3198/1365/2116 1995/1355/2115 1973/1364/2108
f 1984/4865/2079 1985/4864/2077 1923/3359/2076 1867/3343/2078
f 1993/4535/2117 1994/1372/2118 1977/1376/2102 1978/4579/2101
f 1999/1363/2119 2000/1361/2109 1989/1354/2112 1980/1353/2114
f 1976/1369/2120 3195/1374/2121 3196/1375/2106 1990/1370/2105
f 1992/4580/2104 1991/1378/2103 1975/1377/2122 1979/4578/2123
f 1997/1373/2124 1996/3915/2125 1979/4578/2123 1975/1377/2122
f 1998/1360/2126 3194/1368/2127 3195/1374/2121 1976/1369/2120
f 1999/1363/2119 1980/1353/2114 1998/1360/2126 1976/1369/2120
f 1990/1370/2105 2000/1361/2109 1999/1363/2119 1976/1369/2120
f 1973/1364/2108 2001/1362/2110 2000/1361/2109 1990/1370/2105
f 2015/1213/2128 3192/1219/2129 3193/1227/2130 1969/1220/2131
f 2014/1209/2132 2015/1213/2128 1969/1220/2131 1971/1214/2133
f 2013/1203/2134 2014/1209/2132 1971/1214/2133 1972/1210/2135
f 2012/1204/2136 2013/1203/2134 1972/1210/2135 1967/1211/2137
f 2011/1212/2138 2012/1204/2136 1967/1211/2137 1966/1217/2139
f 3199/3090/2140 3200/3082/2141 2011/1212/2138 1966/1217/2139
f 3200/3082/2141 3201/3072/2092 2007/1206/2089 2011/1212/2138
f 2007/1206/2089 2006/1200/2088 2012/1204/2136 2011/1212/2138
f 2006/1200/2088 2005/1199/2100 2013/1203/2134 2012/1204/2136
f 2005/1199/2100 2004/1202/2099 2014/1209/2132 2013/1203/2134
f 2004/1202/2099 2003/1208/2091 2015/1213/2128 2014/1209/2132
f 2003/1208/2091 3191/1218/2090 3192/1219/2129 2015/1213/2128
f 2002/1225/2142 2017/4575/2143 1987/4576/2096 2016/1226/2095
f 1151/3874/2060 1269/3875/2063 2017/4575/2143 2002/1225/2142
f 1986/3104/2144 2018/4574/2145 2010/3088/2146 1970/3096/2147
f 2018/4574/2145 2009/4573/2094 2008/3081/2093 2010/3088/2146
f 2019/1382/2148 2035/1383/2149 2036/1384/2150 2020/1385/2151
f 3083/1390/2152 2037/1401/2153 2021/1402/2154 3084/1391/2155
f 2021/1402/2154 2037/1401/2153 2975/4444/2156 2974/4445/2157
f 2022/4448/2158 2038/4447/2159 2039/1996/2160 2023/1995/2161
f 2023/1995/2161 2039/1996/2160 2040/1992/2162 2024/4622/2163
f 2024/1991/2163 2040/4628/2162 2041/1993/2164 2025/1994/2165
f 2025/1994/2165 2041/1993/2164 3067/1999/2166 3066/2000/2167
f 2026/2009/2168 2042/2008/2169 2043/2019/2170 2027/2020/2171
f 2027/2020/2171 2043/2019/2170 2044/2032/2172 2028/2033/2173
f 2028/2033/2173 2044/2032/2172 2045/2044/2174 2029/2045/2175
f 2029/2045/2175 2045/2044/2174 2046/4460/2176 2030/4461/2177
f 2959/4463/2178 2047/1456/2179 2031/1455/2180 2960/4464/2181
f 3104/1441/2182 2048/1427/2183 2032/1426/2184 3105/1442/2185
f 2032/1426/2184 2048/1427/2183 2049/1411/2186 2033/1410/2187
f 2033/1410/2187 2049/1411/2186 2050/1397/2188 2034/1396/2189
f 3054/1386/2190 2035/1383/2149 2019/1382/2148 3055/1387/2191
f 2035/1383/2149 2051/1388/2192 2052/1389/2193 2036/1384/2150
f 3082/1400/2194 2053/1415/2195 2037/1401/2153 3083/1390/2152
f 2037/1401/2153 2053/1415/2195 2976/4446/2196 2975/4444/2156
f 2038/4447/2159 2054/4451/2197 2055/2003/2198 2039/1996/2160
f 2039/1996/2160 2055/2003/2198 2056/1997/2199 2040/1992/2162
f 2040/4628/2162 2056/4627/2199 2057/1998/2200 2041/1993/2164
f 2041/1993/2164 2057/1998/2200 3068/2007/2201 3067/1999/2166
f 2042/2008/2169 2058/2018/2202 2059/2031/2203 2043/2019/2170
f 2043/2019/2170 2059/2031/2203 2060/2043/2204 2044/2032/2172
f 2044/2032/2172 2060/2043/2204 2061/2055/2205 2045/2044/2174
f 2045/2044/2174 2061/2055/2205 2062/4462/2206 2046/4460/2176
f 2958/4467/2207 2063/1466/2208 2047/1456/2179 2959/4463/2178
f 3103/1452/2209 2064/1437/2210 2048/1427/2183 3104/1441/2182
f 2048/1427/2183 2064/1437/2210 2065/1422/2211 2049/1411/2186
f 2049/1411/2186 2065/1422/2211 2066/1407/2212 2050/1397/2188
f 3053/1394/2213 2051/1388/2192 2035/1383/2149 3054/1386/2190
f 2051/1388/2192 2067/1398/2214 2068/1399/2215 2052/1389/2193
f 3081/1414/2216 2069/1431/2217 2053/1415/2195 3082/1400/2194
f 2053/1415/2195 2069/1431/2217 2977/4450/2218 2976/4446/2196
f 2054/4451/2197 2070/4455/2219 2071/2013/2220 2055/2003/2198
f 2055/2003/2198 2071/2013/2220 2072/2005/2221 2056/1997/2199
f 2056/4627/2199 2072/4626/2221 2073/2006/2222 2057/1998/2200
f 2057/1998/2200 2073/2006/2222 3069/2017/2223 3068/2007/2201
f 2058/2018/2202 2074/2030/2224 2075/2042/2225 2059/2031/2203
f 2059/2031/2203 2075/2042/2225 2076/2054/2226 2060/2043/2204
f 2060/2043/2204 2076/2054/2226 2077/2063/2227 2061/2055/2205
f 2061/2055/2205 2077/2063/2227 2078/4466/2228 2062/4462/2206
f 2957/4470/2229 2079/1479/2230 2063/1466/2208 2958/4467/2207
f 3102/1465/2231 2080/1451/2232 2064/1437/2210 3103/1452/2209
f 2064/1437/2210 2080/1451/2232 2081/1436/2233 2065/1422/2211
f 2065/1422/2211 2081/1436/2233 2082/1421/2234 2066/1407/2212
f 3052/1406/2235 2067/1398/2214 2051/1388/2192 3053/1394/2213
f 2067/1398/2214 2083/1412/2236 2084/1413/2237 2068/1399/2215
f 3080/1430/2238 2085/1446/2239 2069/1431/2217 3081/1414/2216
f 2069/1431/2217 2085/1446/2239 2978/4454/2240 2977/4450/2218
f 2070/4455/2219 2086/4458/2241 2087/2025/2242 2071/2013/2220
f 2071/2013/2220 2087/2025/2242 2088/2015/2243 2072/2005/2221
f 2072/4626/2221 2088/4625/2243 2089/2016/2244 2073/2006/2222
f 2073/2006/2222 2089/2016/2244 3070/2029/2245 3069/2017/2223
f 2074/2030/2224 2090/2041/2246 2091/2053/2247 2075/2042/2225
f 2075/2042/2225 2091/2053/2247 2092/2062/2248 2076/2054/2226
f 2076/2054/2226 2092/2062/2248 2093/2070/2249 2077/2063/2227
f 2077/2063/2227 2093/2070/2249 2094/4469/2250 2078/4466/2228
f 2956/4472/2251 2095/1491/2252 2079/1479/2230 2957/4470/2229
f 3101/1478/2253 2096/1464/2254 2080/1451/2232 3102/1465/2231
f 2080/1451/2232 2096/1464/2254 2097/1450/2255 2081/1436/2233
f 2081/1436/2233 2097/1450/2255 2098/1435/2256 2082/1421/2234
f 3051/1420/2257 2083/1412/2236 2067/1398/2214 3052/1406/2235
f 2083/1412/2236 2099/1428/2258 2100/1429/2259 2084/1413/2237
f 3079/1445/2260 2101/1460/2261 2085/1446/2239 3080/1430/2238
f 2085/1446/2239 2101/1460/2261 2979/1486/2262 2978/4454/2240
f 2086/4458/2241 2102/1496/2263 2103/2037/2264 2087/2025/2242
f 2087/2025/2242 2103/2037/2264 2104/2027/2265 2088/2015/2243
f 2088/4625/2243 2104/4624/2265 2105/2028/2266 2089/2016/2244
f 2089/2016/2244 2105/2028/2266 3071/2040/2267 3070/2029/2245
f 2090/2041/2246 2106/2052/2268 2107/2061/2269 2091/2053/2247
f 2091/2053/2247 2107/2061/2269 2108/2069/2270 2092/2062/2248
f 2092/2062/2248 2108/2069/2270 2109/2076/2271 2093/2070/2249
f 2093/2070/2249 2109/2076/2271 2110/1516/2272 2094/4469/2250
f 2955/1510/2273 2111/1500/2274 2095/1491/2252 2956/4472/2251
f 3100/1490/2275 2112/1477/2276 2096/1464/2254 3101/1478/2253
f 2096/1464/2254 2112/1477/2276 2113/1463/2277 2097/1450/2255
f 2097/1450/2255 2113/1463/2277 2114/1449/2278 2098/1435/2256
f 3050/1434/2279 2099/1428/2258 2083/1412/2236 3051/1420/2257
f 2099/1428/2258 2115/1443/2280 2116/1444/2281 2100/1429/2259
f 3078/1459/2282 2117/1473/2283 2101/1460/2261 3079/1445/2260
f 2101/1460/2261 2117/1473/2283 2980/1485/2284 2979/1486/2262
f 2102/1496/2263 2118/1495/2285 2119/3429/2286 2103/2037/2264
f 2103/2037/2264 2119/3429/2286 2219/2038/2287 2104/2027/2265
f 2104/4624/2265 2219/4619/2287 2220/2039/2288 2105/2028/2266
f 2105/2028/2266 2220/2039/2288 3072/2051/2289 3071/2040/2267
f 2106/2052/2268 2221/2060/2290 2222/2068/2291 2107/2061/2269
f 2107/2061/2269 2222/2068/2291 2223/2075/2292 2108/2069/2270
f 2108/2069/2270 2223/2075/2292 2120/4474/2293 2109/2076/2271
f 2109/2076/2271 2120/4474/2293 2121/1517/2294 2110/1516/2272
f 2954/1509/2295 2122/1504/2296 2111/1500/2274 2955/1510/2273
f 3099/1499/2297 2123/1489/2298 2112/1477/2276 3100/1490/2275
f 2112/1477/2276 2123/1489/2298 2124/1476/2299 2113/1463/2277
f 2113/1463/2277 2124/1476/2299 2125/1462/2300 2114/1449/2278
f 3049/1448/2301 2115/1443/2280 2099/1428/2258 3050/1434/2279
f 2127/3916/2302 2172/3917/2303 2213/3918/2304 2212/3919/2305
f 2131/2046/2306 2144/2057/2307 2211/2047/2308 2210/2034/2309
f 2195/3935/2310 2198/3934/2311 2197/3983/2312 2196/3982/2313
f 2147/1454/2314 2132/1440/2315 2218/1425/2316 2217/1439/2317
f 2130/4623/2318 2142/4620/2319 2169/2014/2320 2168/2004/2321
f 2028/2033/2173 2131/2046/2306 2210/2034/2309 2027/2020/2171
f 2176/2056/2322 2131/2046/2306 2028/2033/2173 2029/2045/2175
f 2218/1425/2316 2132/1440/2315 2032/1426/2184 2033/1410/2187
f 2024/4622/2163 2130/4623/2318 2168/2004/2321 2023/1995/2161
f 2175/5026/2323 2134/3979/2324 2131/3980/2306 2176/3981/2322
f 2131/2046/2306 2134/2064/2324 2145/2065/2325 2144/2057/2307
f 2127/3916/2302 2136/3920/2326 2173/3921/2327 2172/3917/2303
f 3107/1468/2328 2132/1440/2315 2147/1454/2314 3108/1469/2329
f 2209/2001/2330 2130/2002/2318 2024/1991/2163 2025/1994/2165
f 2142/2011/2319 2130/2002/2318 2209/2001/2330 2208/2012/2331
f 2170/3955/2332 2126/3956/2333 2207/3943/2334 2206/3944/2335
f 2133/1392/2336 2149/1404/2337 2202/1405/2338 2201/1393/2339
f 2020/1385/2151 2133/1392/2336 2201/1393/2339 2019/1382/2148
f 2207/2023/2334 2126/4621/2333 2142/2011/2319 2208/2012/2331
f 2144/2057/2307 2127/2066/2302 2212/2058/2305 2211/2047/2308
f 2145/2065/2325 2136/2073/2326 2127/2066/2302 2144/2057/2307
f 2199/3927/2340 2200/4704/2341 2198/3934/2311 2195/3935/2310
f 2129/1467/2342 3109/1480/2343 3108/1469/2329 2147/1454/2314
f 2216/1453/2344 2129/1467/2342 2147/1454/2314 2217/1439/2317
f 2149/1404/2337 2128/1418/2345 2203/1419/2346 2202/1405/2338
f 2142/4620/2319 2126/2024/2333 2170/2026/2332 2169/2014/2320
f 2159/1416/2347 3085/1403/2348 3084/1391/2155 2021/1402/2154
f 2167/1432/2349 3086/1417/2350 3085/1403/2348 2159/1416/2347
f 2166/1447/2351 3087/1433/2352 3086/1417/2350 2167/1432/2349
f 3087/3977/2352 2166/3975/2351 2204/3970/2353
f 2164/3939/2354 2129/3950/2342 2216/3951/2344 2215/3940/2355
f 3109/3961/2343 2129/3950/2342 2164/3939/2354
f 2178/3972/2356 2180/3968/2357 2179/4702/2358 2177/3973/2359
f 2182/3998/2360 2178/3972/2356 2177/3973/2359 2181/3999/2361
f 2132/4000/2315 3107/3995/2328 3106/3997/2362
f 2032/1426/2184 2132/1440/2315 3106/4473/2362 3105/1442/2185
f 2973/4449/2363 2159/1416/2347 2021/1402/2154 2974/4445/2157
f 2160/4471/2364 2961/4468/2365 2960/4464/2181 2031/1455/2180
f 2161/5025/2366 2962/3988/2367 2961/3989/2365 2160/3993/2364
f 2184/3966/2368 2964/3958/2369 2963/3990/2370 2183/3994/2371
f 2187/3959/2372 2965/4698/2373 2964/3958/2369 2184/3966/2368
f 2966/3938/2374 2163/3949/2375 2164/3939/2354 2967/3929/2376
f 2967/3929/2376 2164/3939/2354 2215/3940/2355 2968/3930/2377
f 2166/3975/2351 2971/3971/2378 2970/3964/2379 2204/3970/2353
f 2971/4457/2378 2166/1447/2351 2167/1432/2349 2972/4453/2380
f 2972/4453/2380 2167/1432/2349 2159/1416/2347 2973/4449/2363
f 2168/2004/2321 2150/4452/2381 2022/4448/2158 2023/1995/2161
f 2169/2014/2320 2151/4456/2382 2150/4452/2381 2168/2004/2321
f 2170/2026/2332 2152/4459/2383 2151/4456/2382 2169/2014/2320
f 2152/3965/2383 2170/3955/2332 2206/3944/2335 2205/3954/2384
f 2172/3917/2303 2154/3922/2385 2214/3923/2386 2213/3918/2304
f 2173/3921/2327 2155/3928/2387 2154/3922/2385 2172/3917/2303
f 2189/3937/2388 2192/4699/2389 2191/3945/2390 2190/3946/2391
f 2190/3946/2391 2191/3945/2390 2194/3987/2392 2193/3986/2393
f 2157/5022/2394 2175/3978/2323 2176/5027/2322 2158/3985/2395
f 2158/4465/2395 2176/2056/2322 2029/2045/2175 2030/4461/2177
f 2162/2079/2396 2177/2080/2359 2179/2081/2358 2163/2082/2375
f 2163/3949/2375 2179/3967/2358 2180/4703/2357 2137/3960/2397
f 2137/1492/2397 2180/1501/2357 2178/1493/2356 2146/1481/2398
f 2135/3996/2399 2182/3998/2360 2181/3999/2361 2161/3992/2366
f 2161/2083/2366 2181/2084/2361 2177/2080/2359 2162/2079/2396
f 2146/1481/2398 2178/1493/2356 2182/1494/2360 2135/1482/2399
f 2162/2085/2396 2184/2086/2368 2183/2087/2371 2161/2088/2366
f 2161/5025/2366 2183/3994/2371 2963/3990/2370 2962/3988/2367
f 2157/2091/2394 2185/2092/2400 2186/2093/2401 2156/2094/2402
f 2163/2089/2375 2187/2090/2372 2184/2086/2368 2162/2085/2396
f 2156/2094/2402 2186/2093/2401 2188/2095/2403 2155/2096/2387
f 2965/3948/2373 2187/4701/2372 2163/3949/2375 2966/3938/2374
f 2155/2097/2387 2189/2098/2388 2190/2099/2391 2156/2100/2402
f 2174/2103/2404 2191/2104/2390 2192/2105/2389 2173/2106/2327
f 2173/3921/2327 2192/3936/2389 2189/4700/2388 2155/3928/2387
f 2156/2100/2402 2190/2099/2391 2193/2101/2393 2157/2102/2394
f 2157/5022/2394 2193/3986/2393 2194/3987/2392 2175/3978/2323
f 2175/2107/2323 2194/2108/2392 2191/2104/2390 2174/2103/2404
f 2174/2109/2404 2195/2110/2310 2196/2111/2313 2175/2112/2323
f 2175/5026/2323 2196/3982/2313 2197/3983/2312 2134/3979/2324
f 2134/2064/2324 2197/2071/2312 2198/2072/2311 2145/2065/2325
f 2173/2113/2327 2199/2114/2340 2195/2110/2310 2174/2109/2404
f 2145/2065/2325 2198/2072/2311 2200/2077/2341 2136/2073/2326
f 2136/3920/2326 2200/3926/2341 2199/4705/2340 2173/3921/2327
f 2201/1393/2339 3056/1395/2405 3055/1387/2191 2019/1382/2148
f 2202/1405/2338 3057/1408/2406 3056/1395/2405 2201/1393/2339
f 2203/1419/2346 3058/1423/2407 3057/1408/2406 2202/1405/2338
f 3058/3969/2407 2203/3974/2346 2204/3970/2353 3059/3963/2408
f 3059/3963/2408 2204/3970/2353 2970/3964/2379 3060/3953/2409
f 2206/3944/2335 3062/3933/2410 3061/3942/2411 2205/3954/2384
f 2207/3943/2334 3063/3932/2412 3062/3933/2410 2206/3944/2335
f 3063/2036/2412 2207/2023/2334 2208/2012/2331 3064/2022/2413
f 2209/2001/2330 3065/2010/2414 3064/2022/2413 2208/2012/2331
f 3065/2010/2414 2209/2001/2330 2025/1994/2165 3066/2000/2167
f 2210/2034/2309 2138/2021/2415 2026/2009/2168 2027/2020/2171
f 2211/2047/2308 2143/2035/2416 2138/2021/2415 2210/2034/2309
f 2212/2058/2305 2139/2048/2417 2143/2035/2416 2211/2047/2308
f 2213/3918/2304 2171/3924/2418 2139/3925/2417 2212/3919/2305
f 2214/3923/2386 2153/3931/2419 2171/3924/2418 2213/3918/2304
f 2215/3940/2355 2165/3952/2420 2969/3941/2421 2968/3930/2377
f 2216/3951/2344 2140/3962/2422 2165/3952/2420 2215/3940/2355
f 2140/1438/2422 2216/1453/2344 2217/1439/2317 2148/1424/2423
f 2218/1425/2316 2141/1409/2424 2148/1424/2423 2217/1439/2317
f 2141/1409/2424 2218/1425/2316 2033/1410/2187 2034/1396/2189
f 2122/1504/2296 2954/1509/2295 2909/1514/2425 2227/4644/2426
f 2228/1502/2427 2229/4652/2428 2123/1489/2298 3099/1499/2297
f 2123/1489/2298 2229/4652/2428 2230/4651/2429 2124/1476/2299
f 2231/4638/2430 2125/1462/2300 2124/1476/2299 2230/4651/2429
f 2115/1443/2280 3049/1448/2301 3048/1461/2431 2232/4650/2432
f 2233/4640/2433 2116/1444/2281 2115/1443/2280 2232/4650/2432
f 2234/4641/2434 2235/4649/2435 2117/1473/2283 3078/1459/2282
f 2980/1485/2284 2117/1473/2283 2235/4649/2435 2981/4642/2436
f 2119/3429/2286 2118/1495/2285 2236/4643/2437 2237/4648/2438
f 2219/2038/2287 2119/3429/2286 2237/4648/2438 2238/4647/2439
f 2120/4474/2293 2223/2075/2292 2224/2078/2440 2225/4476/2441
f 2226/4475/2442 2121/1517/2294 2120/4474/2293 2225/4476/2441
f 2223/2075/2292 2222/2068/2291 2241/2074/2443 2224/2078/2440
f 2220/2039/2288 2219/4619/2287 2238/2049/2439 2239/2050/2444
f 3072/2051/2289 2220/2039/2288 2239/2050/2444 3073/2059/2445
f 2222/2068/2291 2221/2060/2290 2240/2067/2446 2241/2074/2443
f 2242/1649/2447 2258/1631/2448 2259/1618/2449 2243/1637/2450
f 3115/1619/2451 2260/1626/2452 2244/1643/2453 3116/1638/2454
f 2244/1643/2453 2260/1626/2452 2261/4477/2455 2245/4478/2456
f 2245/4478/2456 2261/4477/2455 2262/2120/2457 2246/2119/2458
f 2246/2119/2458 2262/2120/2457 2263/2116/2459 2247/4733/2460
f 2247/2115/2460 2263/4740/2459 2264/2117/2461 2248/2118/2462
f 2248/2118/2462 2264/2117/2461 2265/2123/2463 2249/2124/2464
f 2249/2124/2464 2265/2123/2463 2266/2132/2465 2250/2133/2466
f 2250/2133/2466 2266/2132/2465 2267/2143/2467 2251/2144/2468
f 2251/2144/2468 2267/2143/2467 2268/2156/2469 2252/2157/2470
f 2252/2157/2470 2268/2156/2469 2269/4487/2471 2253/4488/2472
f 2253/4488/2472 2269/4487/2471 2270/1717/2473 2254/1732/2474
f 3093/1701/2475 2271/1685/2476 2255/1703/2477 3094/1716/2478
f 2255/1703/2477 2271/1685/2476 2272/1667/2479 2256/1686/2480
f 2256/1686/2480 2272/1667/2479 2273/1648/2481 2257/1668/2482
f 2257/1668/2482 2273/1648/2481 2258/1631/2448 2242/1649/2447
f 2258/1631/2448 2274/1615/2483 2275/1605/2484 2259/1618/2449
f 3114/1606/2485 2276/1611/2486 2260/1626/2452 3115/1619/2451
f 2260/1626/2452 2276/1611/2486 2277/4479/2487 2261/4477/2455
f 2261/4477/2455 2277/4479/2487 2278/2127/2488 2262/2120/2457
f 2262/2120/2457 2278/2127/2488 2279/2121/2489 2263/2116/2459
f 2263/4740/2459 2279/4739/2489 2280/2122/2490 2264/2117/2461
f 2264/2117/2461 2280/2122/2490 2281/2131/2491 2265/2123/2463
f 2265/2123/2463 2281/2131/2491 2282/2142/2492 2266/2132/2465
f 2266/2132/2465 2282/2142/2492 2283/2155/2493 2267/2143/2467
f 2267/2143/2467 2283/2155/2493 2284/2167/2494 2268/2156/2469
f 2268/2156/2469 2284/2167/2494 2285/4489/2495 2269/4487/2471
f 2269/4487/2471 2285/4489/2495 2286/1702/2496 2270/1717/2473
f 3092/1683/2497 2287/1666/2498 2271/1685/2476 3093/1701/2475
f 2271/1685/2476 2287/1666/2498 2288/1647/2499 2272/1667/2479
f 2272/1667/2479 2288/1647/2499 2289/1630/2500 2273/1648/2481
f 2273/1648/2481 2289/1630/2500 2274/1615/2483 2258/1631/2448
f 2274/1615/2483 2290/1601/2501 2291/1592/2502 2275/1605/2484
f 3113/1593/2503 2292/1598/2504 2276/1611/2486 3114/1606/2485
f 2276/1611/2486 2292/1598/2504 2293/4481/2505 2277/4479/2487
f 2277/4479/2487 2293/4481/2505 2294/2137/2506 2278/2127/2488
f 2278/2127/2488 2294/2137/2506 2295/2129/2507 2279/2121/2489
f 2279/4739/2489 2295/4738/2507 2296/2130/2508 2280/2122/2490
f 2280/2122/2490 2296/2130/2508 2297/2141/2509 2281/2131/2491
f 2281/2131/2491 2297/2141/2509 2298/2154/2510 2282/2142/2492
f 2282/2142/2492 2298/2154/2510 2299/2166/2511 2283/2155/2493
f 2283/2155/2493 2299/2166/2511 2300/2174/2512 2284/2167/2494
f 2284/2167/2494 2300/2174/2512 2301/4492/2513 2285/4489/2495
f 2285/4489/2495 2301/4492/2513 2302/1684/2514 2286/1702/2496
f 3091/1662/2515 2303/1646/2516 2287/1666/2498 3092/1683/2497
f 2287/1666/2498 2303/1646/2516 2304/1629/2517 2288/1647/2499
f 2288/1647/2499 2304/1629/2517 2305/1614/2518 2289/1630/2500
f 2289/1630/2500 2305/1614/2518 2290/1601/2501 2274/1615/2483
f 2290/1601/2501 2306/1589/2519 2307/1579/2520 2291/1592/2502
f 3112/1580/2521 2308/1587/2522 2292/1598/2504 3113/1593/2503
f 2292/1598/2504 2308/1587/2522 2309/4483/2523 2293/4481/2505
f 2293/4481/2505 2309/4483/2523 2310/2149/2524 2294/2137/2506
f 2294/2137/2506 2310/2149/2524 2311/2139/2525 2295/2129/2507
f 2295/4738/2507 2311/4737/2525 2312/2140/2526 2296/2130/2508
f 2296/2130/2508 2312/2140/2526 2313/2153/2527 2297/2141/2509
f 2297/2141/2509 2313/2153/2527 2314/2165/2528 2298/2154/2510
f 2298/2154/2510 2314/2165/2528 2315/2173/2529 2299/2166/2511
f 2299/2166/2511 2315/2173/2529 2316/2180/2530 2300/2174/2512
f 2300/2174/2512 2316/2180/2530 2317/4494/2531 2301/4492/2513
f 2301/4492/2513 2317/4494/2531 2318/1663/2532 2302/1684/2514
f 3090/1644/2533 2319/1628/2534 2303/1646/2516 3091/1662/2515
f 2303/1646/2516 2319/1628/2534 2320/1613/2535 2304/1629/2517
f 2304/1629/2517 2320/1613/2535 2321/1600/2536 2305/1614/2518
f 2305/1614/2518 2321/1600/2536 2306/1589/2519 2290/1601/2501
f 2306/1589/2519 2322/1576/2537 2323/1566/2538 2307/1579/2520
f 3111/1567/2539 2324/1575/2540 2308/1587/2522 3112/1580/2521
f 2308/1587/2522 2324/1575/2540 2325/4485/2541 2309/4483/2523
f 2309/4483/2523 2325/4485/2541 2326/2161/2542 2310/2149/2524
f 2310/2149/2524 2326/2161/2542 2327/2151/2543 2311/2139/2525
f 2311/4737/2525 2327/4735/2543 2328/2152/2544 2312/2140/2526
f 2312/2140/2526 2328/2152/2544 2329/2164/2545 2313/2153/2527
f 2313/2153/2527 2329/2164/2545 2330/2172/2546 2314/2165/2528
f 2314/2165/2528 2330/2172/2546 2331/2179/2547 2315/2173/2529
f 2315/2173/2529 2331/2179/2547 2332/2187/2548 2316/2180/2530
f 2316/2180/2530 2332/2187/2548 2333/1664/2549 2317/4494/2531
f 2317/4494/2531 2333/1664/2549 2334/1645/2550 2318/1663/2532
f 3089/1627/2551 2335/1612/2552 2319/1628/2534 3090/1644/2533
f 2319/1628/2534 2335/1612/2552 2336/1599/2553 2320/1613/2535
f 2320/1613/2535 2336/1599/2553 2337/1588/2554 2321/1600/2536
f 2321/1600/2536 2337/1588/2554 2322/1576/2537 2306/1589/2519
f 2322/1576/2537 2338/4661/2555 2339/4656/2556 2323/1566/2538
f 3110/1554/2557 2340/4666/2558 2324/1575/2540 3111/1567/2539
f 2324/1575/2540 2340/4666/2558 2341/4486/2559 2325/4485/2541
f 2325/4485/2541 2341/4486/2559 2342/2170/2560 2326/2161/2542
f 2326/2161/2542 2342/2170/2560 2343/2162/2561 2327/2151/2543
f 2327/4735/2543 2343/4736/2561 2344/2163/2562 2328/2152/2544
f 2328/2152/2544 2344/2163/2562 2345/2171/2563 2329/2164/2545
f 2329/2164/2545 2345/2171/2563 2346/2178/2564 2330/2172/2546
f 2330/2172/2546 2346/2178/2564 2347/4522/2565 2331/2179/2547
f 2331/2179/2547 2347/4522/2565 2348/4664/2566 2332/2187/2548
f 2332/2187/2548 2348/4664/2566 2349/1665/2567 2333/1664/2549
f 2333/1664/2549 2349/1665/2567 2350/4658/2568 2334/1645/2550
f 3088/1616/2569 2351/4663/2570 2335/1612/2552 3089/1627/2551
f 2335/1612/2552 2351/4663/2570 2352/4662/2571 2336/1599/2553
f 2336/1599/2553 2352/4662/2571 2353/4660/2572 2337/1588/2554
f 2337/1588/2554 2353/4660/2572 2338/4661/2555 2322/1576/2537
f 2354/1722/2573 2916/3320/2574 2915/1691/2575 2355/1707/2576
f 2356/3351/2577 2907/4313/2578 2906/1652/2579 2357/1672/2580
f 2358/4319/2581 2547/4325/2582 2556/1620/2583 2359/1636/2584
f 2360/1660/2585 2708/1641/2586 2729/1624/2587 2361/1642/2588
f 2362/1623/2589 2780/1658/2590 2807/1583/2591 2363/1596/2592
f 2364/3059/2593 2531/3058/2594 2538/3068/2595 2365/1559/2596
f 2794/3254/2597 2372/3253/2598 3036/3271/2599 3035/3272/2600
f 2722/1721/2601 2354/1722/2573 2355/1707/2576 2723/1690/2602
f 2932/1573/2603 2920/1561/2604 2535/1572/2605 2933/1585/2606
f 2355/1707/2576 2915/1691/2575 2914/1671/2607 2723/1690/2602
f 2930/1551/2608 2912/1542/2609 2536/1550/2610 2931/1562/2611
f 2357/1672/2580 2906/1652/2579 2905/1635/2612 2724/1651/2613
f 2928/1543/2614 2553/1535/2615 2552/1527/2616 2537/1534/2617 2929/1544/2618
f 2924/1591/2619 2555/1581/2620 2804/1569/2621 2925/1578/2622
f 2359/1636/2584 2556/1620/2583 2726/1608/2623 2725/1617/2624
f 2360/1660/2585 2517/1681/2625 2709/4687/2626 2708/1641/2586
f 2362/1623/2589 2522/1640/2627 2781/4684/2628 2780/1658/2590
f 2377/1656/2629 2513/1676/2630 2783/1696/2631 2782/1677/2632
f 2378/1699/2633 2514/1713/2634 2711/1697/2635 2710/1678/2636
f 2478/4999/2637 2849/1781/2638 2848/1767/2639 2714/1752/2640
f 2479/4986/2641 2846/1753/2642 2845/1759/2643 2786/1746/2644
f 2383/1769/2645 2812/1786/2646 2811/1787/2647 2787/1773/2648
f 2623/1813/2649 2816/1831/2650 2815/1814/2651 2716/1798/2652
f 2384/1797/2653 2504/1812/2654 2818/1829/2655 2817/1830/2656
f 2389/1865/2657 2693/1882/2658 2822/1898/2659 2821/1883/2660
f 2390/1844/2661 2694/1863/2662 2854/1864/2663 2853/1845/2664
f 2392/1912/2665 2676/1925/2666 2825/1936/2667 2824/1926/2668
f 2393/1895/2669 2677/1910/2670 2857/1911/2671 2856/1896/2672
f 2395/1935/2673 2682/1943/2674 2827/1951/2675 2826/1944/2676
f 2396/1923/2677 2683/1933/2678 2859/1934/2679 2858/1924/2680
f 2916/3320/2574 2354/1722/2573 3423/3285/2681 3291/3304/2682
f 2907/4313/2578 2356/3351/2577 3292/4307/2683 3293/4306/2684
f 2547/4325/2582 2358/4319/2581 3294/4312/2685 3295/4318/2686
f 2517/1681/2625 2360/1660/2585 3298/4332/2687 3299/4679/2688
f 2514/1713/2634 2378/1699/2633 3300/4339/2689 3301/3485/2690
f 2584/1877/2691 2486/1876/2692 3311/3457/2693 3312/1907/2694
f 2694/1863/2662 2390/1844/2661 3326/3549/2695 3327/3545/2696
f 2677/1910/2670 2393/1895/2669 3329/3537/2697 3330/3521/2698
f 2683/1933/2678 2396/1923/2677 3331/3520/2699 3332/3529/2700
f 2394/1968/2701 2680/1975/2702 3348/3705/2703 3349/4345/2704
f 2391/1954/2705 2674/1961/2706 3350/3634/2707 3351/3630/2708
f 2388/1929/2709 2691/1939/2710 3353/3617/2711 3354/3608/2712
f 2379/1887/2713 2507/1886/2714 3357/3581/2715 3358/3580/2716
f 2719/1870/2717 2379/1887/2713 3358/3580/2716 3359/3589/2718
s 135
f 2790/4058/2719 2425/4061/2720 3364/4062/2721 3365/4059/2722
s 3
f 2382/1821/2723 2808/1839/2724 3372/4374/2725 3373/4373/2726
f 2481/4987/2727 2842/1805/2728 3374/4380/2729 3375/4977/2730
f 2376/1730/2731 2511/1742/2732 3379/4414/2733 3380/4417/2734
f 2364/3059/2593 2520/4582/2735 3381/3051/2736 3382/3050/2737
f 2531/3058/2594 2364/3059/2593 3382/3050/2737 3383/3049/2738
f 3415/3292/2739 3416/3281/2740 2371/3301/2741 2534/3307/2742
f 3419/3238/2743 3420/3237/2744 2372/3253/2598 2794/3254/2597
f 3422/3269/2745 3423/3285/2681 2354/1722/2573 2722/1721/2601
f 1315/3034/1363 1266/3033/1366 2408/3041/2746 2519/3042/2747
f 1310/4402/1367 1265/4408/1370 2409/4413/2748 2516/4409/2749
f 1672/4360/1371 1286/4989/1374 2482/4978/2750 2841/4370/2751
f 1663/4354/1375 1263/4355/1378 2411/4362/2752 2834/4363/2753
f 2792/3604/2754 2413/3595/2755 1261/3586/1381 1619/3597/1380
f 1511/3601/1383 1259/3592/1386 2415/3600/2756 2695/3609/2757
f 1491/3628/1387 1258/3619/1390 2416/3627/2758 2679/3631/2759
f 1499/4342/1391 1257/3633/1394 2417/3635/2760 2685/4344/2761
f 2585/1920/2762 2485/4944/2763 1288/3468/1397 1392/910/1396
f 2428/4001/2764 2640/4002/2765 2798/4003/2766 2797/4004/2767
f 2432/2158/2768 2592/2168/2769 2796/2159/2770 2795/2145/2771
f 2663/4020/2772 2666/4019/2773 2665/4091/2774 2664/4090/2775
f 2595/1733/2776 2433/1718/2777 2803/1704/2778 2802/1719/2779
f 2431/4734/2780 2590/4731/2781 2637/2138/2782 2636/2128/2783
f 2251/2144/2468 2432/2158/2768 2795/2145/2771 2250/2133/2466
f 2644/4491/2784 2432/2158/2768 2251/2144/2468 2252/2157/2470
f 2803/1704/2778 2433/1718/2777 2255/1703/2477 2256/1686/2480
f 2247/4733/2460 2431/4734/2780 2636/2128/2783 2246/2119/2458
f 2643/5020/2785 2435/4088/2786 2432/4089/2768 2644/4085/2784
f 2432/2158/2768 2435/2175/2786 2593/2176/2787 2592/2168/2769
f 2428/4001/2764 2437/4005/2788 2641/4006/2789 2640/4002/2765
f 3096/1743/2790 2433/1718/2777 2595/1733/2776 3097/1744/2791
f 2441/1969/2792 2839/1970/2793 2838/1963/2794 2440/1962/2795
f 2440/1962/2795 2838/1963/2794 2837/1956/2796 2439/1955/2797
f 2385/4959/2798 2457/1948/2799 2836/1949/2800 2835/1942/2801
f 2386/4966/2802 2456/1957/2803 2829/1965/2804 2828/1958/2805
f 2457/1948/2799 2385/4959/2798 3333/4424/2806 3334/3743/2807
f 2839/1970/2793 2441/1969/2792 3337/3730/2808 3338/3737/2809
f 2832/1981/2810 2442/1976/2811 3339/3741/2812 3340/3744/2813
f 2387/1980/2814 2455/1984/2815 3346/3700/2816 3347/4957/2817
f 2458/3739/2818 2420/4423/2819 1255/4422/1455 1283/3733/1454
f 2442/1976/2811 2832/1981/2810 2831/1977/2820 2443/1971/2821
f 2443/1971/2821 2831/1977/2820 2830/1972/2822 2444/1964/2823
f 2439/1955/2797 3335/3738/2824 3336/3731/2825 2440/1962/2795
f 2440/1962/2795 3336/3731/2825 3337/3730/2808 2441/1969/2792
f 2445/1990/2826 3343/4432/2827 3344/3706/2828 2446/1989/2829
f 2446/1989/2829 3344/3706/2828 3345/3703/2830 2447/1987/2831
f 2451/3701/2832 1280/3697/1472 1282/3692/1471 2454/3696/2833
f 2455/1984/2815 2447/1987/2831 3345/3703/2830 3346/3700/2816
f 2456/1957/2803 2444/1964/2823 2830/1972/2822 2829/1965/2804
f 2457/1948/2799 2439/1955/2797 2837/1956/2796 2836/1949/2800
f 3334/3743/2807 3335/3738/2824 2439/1955/2797 2457/1948/2799
f 2753/3247/2834 2403/3263/2835 1271/3246/1475 1578/3230/1474
f 2752/3282/2836 2371/3301/2741 3416/3281/2740 3417/3264/2837
f 2371/3301/2741 2752/3282/2836 3033/3302/2838 3032/3317/2839
f 2779/2125/2840 2431/2126/2780 2247/2115/2460 2248/2118/2462
f 2590/2135/2781 2431/2126/2780 2779/2125/2840 2778/2136/2841
f 2638/4028/2842 2427/4029/2843 2777/4017/2844 2776/4018/2845
f 2434/1654/2846 2597/1674/2847 2772/1688/2848 2771/1669/2849
f 2243/1637/2450 2434/1654/2846 2771/1669/2849 2242/1649/2447
f 2553/1535/2615 2928/1543/2614 2927/1552/2850 2770/1545/2851
f 2766/3069/2852 2364/3059/2593 2365/1559/2596 2767/1558/2853
f 2520/4582/2735 2364/3059/2593 2766/3069/2852 2765/1715/2854
f 2511/1742/2732 2376/1730/2731 2764/1714/2855 2763/1729/2856
f 2842/1805/2728 2481/4987/2727 2760/4983/2857 2843/1789/2858
f 2808/1839/2724 2382/1821/2723 2759/1804/2859 2809/1820/2860
s 135
f 3367/4049/2861 3368/4050/2862 2426/4051/2863 2756/4052/2864
s 3
f 3361/3605/2865 3362/3614/2866 2475/3623/2867 2380/1835/2868
s 135
f 2425/4498/2720 2476/2476/2869 3363/4499/2870 3364/4500/2721
s 3
f 2373/1728/2871 2578/1737/2872 2713/1724/2873 2712/1711/2874
f 2374/1695/2875 2589/1708/2876 2785/1723/2877 2784/1710/2878
f 2587/1762/2879 2375/1755/2880 2762/1741/2881 2761/1748/2882
f 2375/1755/2880 2587/1762/2879 3377/4404/2883 3378/4410/2884
f 2478/4999/2637 2505/1795/2885 2850/1796/2886 2849/1781/2638
f 2505/1795/2885 2478/4999/2637 3910/4998/2887 3909/3539/2888 3323/3544/2889
f 2478/1766/2637 2508/1780/2890 3322/3809/2891 3911/5008/2892 3910/5009/2887
f 3302/3484/2893 3303/3482/2894 2509/1749/2895 2373/1728/2871
f 2578/1737/2872 2373/1728/2871 2509/1749/2895 2579/1750/2896
f 2487/4069/2897 2484/1932/2898 1287/3479/1540 1289/4766/1539
f 2488/1894/2899 2483/1909/2900 3314/1922/2901 3315/4066/2902
f 2489/1859/2903 2486/1876/2692 2584/1877/2691 2583/1860/2904
f 3310/3449/2905 3311/4940/2693 2486/1876/2692 2489/1859/2903
f 2491/1862/2906 2700/1879/2907 3316/4064/2908 3317/4065/2909
f 2492/1822/2910 2702/1840/2911 2701/1841/2912 2582/1823/2913
f 3308/3455/2914 3309/3450/2915 2702/1840/2911 2492/1822/2910
f 2494/1825/2916 2696/1843/2917 3318/4067/2918 3319/4068/2919
f 2495/1791/2920 2698/1806/2921 2697/1807/2922 2581/1792/2923
f 3306/3467/2924 3307/3462/2925 2698/1806/2921 2495/1791/2920
f 2497/1794/2926 2704/1809/2927 3320/4070/2928 3321/4071/2929
f 2498/1763/2930 2706/1777/2931 2705/1778/2932 2580/1764/2933
f 3304/3478/2934 3305/3473/2935 2706/1777/2931 2498/1763/2930
f 2686/1826/2936 2390/1844/2661 2853/1845/2664 2852/1827/2937
f 3325/3552/2938 3326/3549/2695 2390/1844/2661 2686/1826/2936
f 2415/3600/2756 1259/3592/1386 1506/3583/1583 2690/3591/2939
f 2689/1916/2940 2388/1929/2709 3354/3608/2712 3355/3599/2941
f 2687/1846/2942 2389/1865/2657 2821/1883/2660 2820/1866/2943
f 2518/4680/2944 2398/4326/2945 1253/4320/1590 1314/4837/1589
f 2548/4311/2946 2399/4305/2947 1252/4300/1594 1352/4304/1593
f 2908/4301/2948 2400/3305/2949 1251/3286/1598 1745/4296/1597
f 2917/3284/2950 2401/3266/2951 1250/3249/1602 1755/3267/1601
f 1250/3249/1602 2401/3266/2951 2721/3251/2952 1542/3235/1604
f 1272/3208/1606 2402/3221/2953 2793/3222/2954 1620/3209/1607
f 1271/3246/1475 2403/3263/2835 2533/3273/2955 1333/3255/1610
f 2532/3040/2956 2408/3041/2746 1266/3033/1366 1332/3032/1613
f 2720/3579/2957 2414/3570/2958 1260/3562/1616 1541/3569/1615
f 1260/3562/1616 2414/3570/2958 2506/3571/2959 1297/3563/1618
f 2684/3519/2960 2421/3510/2961 1275/3501/1622 1498/3513/1621
f 2515/3483/2962 2397/4336/2963 1273/4333/1626 1309/3480/1625
f 1277/3715/1628 2448/3722/2964 2449/3723/2965 1276/3716/1629
f 1276/3716/1629 2449/3723/2965 2450/3732/2966 1278/3724/1632
f 1280/3697/1472 2451/3701/2832 2452/3704/2967 1279/3702/1634
f 1279/3702/1634 2452/3704/2967 2453/4430/2968 1281/4428/1636
f 1256/4969/1638 2418/4970/2969 2454/3696/2833 1282/3692/1471
f 2833/3740/2970 2419/3734/2971 1274/3726/1642 1662/3735/1641
f 2840/3729/2972 2448/3722/2964 1277/3715/1628 1671/3721/1645
f 1278/3724/1632 2450/3732/2966 2458/3739/2818 1283/3733/1454
f 1262/4381/1646 2412/3629/2973 2754/3622/2974 1579/3616/1647
f 1264/4394/1650 2410/4403/2975 2586/4395/2976 1393/4387/1651
f 1254/3476/1654 1303/3471/1657 2510/3477/2977 2422/3481/2978
f 1288/4943/1397 2485/3456/2763 2490/3443/2979 1290/3438/2980
f 2703/3444/2981 2493/3448/2982 1291/3442/1662 1522/3439/1661
f 2699/3454/2983 2496/3461/2984 1292/3453/1666 1517/3447/1665
f 2707/3466/2985 2499/3472/2986 1293/3465/1670 1527/3460/1669
f 2505/1795/2885 2501/1810/2987 2851/1811/2988 2850/1796/2886
f 2501/1810/2987 2505/1795/2885 3323/3544/2889 3324/3548/2989
f 2506/3571/2959 2502/3582/2990 1294/3572/1675 1297/3563/1618
f 2507/1886/2714 2503/1901/2991 3356/3590/2992 3357/3581/2715
f 2504/1812/2654 2500/1828/2993 2819/1847/2994 2818/1829/2655
f 2509/1749/2895 2498/1763/2930 2580/1764/2933 2579/1750/2896
f 3303/3482/2894 3304/3478/2934 2498/1763/2930 2509/1749/2895
f 1293/3465/1670 2499/3472/2986 2510/3477/2977 1303/3471/1657
f 2508/1780/2890 2497/1794/2926 3321/3817/2929 3322/3809/2891
f 2762/1741/2881 2375/1755/2880 2511/1742/2732 2763/1729/2856
f 2513/1676/2630 2374/1695/2875 2784/1710/2878 2783/1696/2631
f 2514/1713/2634 2373/1728/2871 2712/1711/2874 2711/1697/2635
f 3301/3485/2690 3302/3484/2893 2373/1728/2871 2514/1713/2634
f 1254/3476/1654 2422/3481/2978 2515/3483/2962 1309/3480/1625
f 2410/4403/2975 1264/4394/1650 1310/4402/1367 2516/4409/2749
f 2511/1742/2732 2375/1755/2880 3378/4410/2884 3379/4414/2733
f 3299/4335/2688 3300/4339/2689 2378/1699/2633 2517/4338/2625
f 1273/4333/1626 2397/4336/2963 2518/4331/2944 1314/4327/1589
f 2409/4413/2748 1265/4408/1370 1315/4834/1363 2519/4416/2747
f 2520/1731/2735 2376/1730/2731 3380/4417/2734 3381/4419/2736
f 2764/1714/2855 2376/1730/2731 2520/1731/2735 2765/4685/2854
f 2522/4688/2627 2377/1656/2629 2782/1677/2632 2781/1657/2628
f 2517/4338/2625 2378/1699/2633 2710/1678/2636 2709/1659/2626
f 3386/3076/2995 3387/3085/2996 2366/3093/2997 2942/3086/2998
f 1267/3064/1685 2407/3075/2999 2941/3065/3000 1779/3055/1686
f 2953/3326/3001 2404/3341/3002 1270/3327/1691 1793/3310/1690
f 2952/3355/3003 2370/3370/3004 3411/3356/3005 3412/3340/3006
f 2370/3370/3004 2952/3355/3003 3028/3369/3007 3006/3382/3008
f 2225/1530/2441 2224/1538/2440 2951/1539/3009 2950/1531/3010
f 2909/4646/2425 2226/1522/2442 2949/1524/3011 2948/1518/3012
f 2228/4645/2427 2227/1507/2426 2947/1511/3013 2946/1505/3014
f 2942/3086/2998 2366/3093/2997 2367/3102/3015 2943/3094/3016
f 2523/3067/3017 2531/3058/2594 3383/3049/2738 3384/3057/3018
f 2524/3048/3019 2532/3040/2956 1332/3032/1613 1322/3039/1710
f 2533/3273/2955 2525/3293/3020 1323/3274/1711 1333/3255/1610
f 2534/3307/2742 2526/3324/3021 3414/3308/3022 3415/3292/2739
f 2526/3324/3021 2534/3307/2742 3031/3323/3023 3030/3338/3024
f 2919/1549/3025 2527/1560/3026 2535/1572/2605 2920/1561/2604
f 2911/1533/3027 2528/1541/3028 2536/1550/2610 2912/1542/2609
f 2551/1520/3029 2529/1526/3030 2537/1534/2617 2552/1527/2616
f 2531/3058/2594 2523/3067/3017 2530/3078/3031 2538/3068/2595
f 2526/3324/3021 2539/3339/3032 3413/3325/3033 3414/3308/3022
f 2525/3293/3020 2540/3309/3034 1342/3294/1726 1323/3274/1711
f 2541/3056/3035 2524/3048/3019 1322/3039/1710 1343/3047/1729
f 2542/3077/3036 2523/3067/3017 3384/3057/3018 3385/3066/3037
f 2523/3067/3017 2542/3077/3036 2543/3087/3038 2530/3078/3031
f 2550/1512/3039 2544/1519/3040 2529/1526/3030 2551/1520/3029
f 2910/1525/3041 2545/1532/3042 2528/1541/3028 2911/1533/3027
f 2918/1540/3043 2546/1548/3044 2527/1560/3026 2919/1549/3025
f 2539/3339/3032 2526/3324/3021 3030/3338/3024 3029/3354/3045
f 3297/4329/3046 3298/4332/2687 2360/1660/2585 2559/4334/3047
f 1253/4320/1590 2398/4326/2945 2558/4323/3048 1362/4316/1742
f 2943/3094/3016 2367/3102/3015 2567/1503/3049 2944/1508/3050
f 2530/3078/3031 2543/3087/3038 2566/1515/3051 2565/1523/3052
f 2538/3068/2595 2530/3078/3031 2565/1523/3052 2564/1529/3053
f 2563/1537/3054 2365/1559/2596 2538/3068/2595 2564/1529/3053
f 2767/1558/2853 2365/1559/2596 2563/1537/3054 2768/1547/3055
f 2561/1584/3056 2363/1596/2592 2807/1583/2591 2806/1570/3057
f 2560/1625/3058 2361/1642/2588 2729/1624/2587 2728/1610/3059
f 2559/4334/3047 2360/1660/2585 2361/1642/2588 2560/1625/3058
f 2569/4317/3060 2548/4311/2946 1352/4304/1593 1375/4310/1756
f 2568/4330/3061 2547/4325/2582 3295/4318/2686 3296/4324/3062
f 2547/4325/2582 2568/4330/3061 2577/1621/3063 2556/1620/2583
f 2556/1620/2583 2577/1621/3063 2727/1607/3064 2726/1608/2623
f 2555/1581/2620 2576/1582/3065 2805/1568/3066 2804/1569/2621
f 2574/1536/3067 2553/1535/2615 2770/1545/2851 2769/1546/3068
f 2553/1535/2615 2574/1536/3067 2573/1528/3069 2552/1527/2616
f 2572/1521/3070 2551/1520/3029 2552/1527/2616 2573/1528/3069
f 2571/1513/3071 2550/1512/3039 2551/1520/3029 2572/1521/3070
f 2229/1497/2428 2228/4645/2427 2946/1505/3014 2945/1506/3072
f 2559/4334/3047 2568/4330/3061 3296/4324/3062 3297/4329/3046
f 2558/4323/3048 2569/4317/3060 1375/4310/1756 1362/4316/1742
f 2567/1503/3049 2229/1497/2428 2945/1506/3072 2944/1508/3050
f 2566/1515/3051 2571/1513/3071 2572/1521/3070 2565/1523/3052
f 2565/1523/3052 2572/1521/3070 2573/1528/3069 2564/1529/3053
f 2574/1536/3067 2563/1537/3054 2564/1529/3053 2573/1528/3069
f 2563/1537/3054 2574/1536/3067 2769/1546/3068 2768/1547/3055
f 2576/1582/3065 2561/1584/3056 2806/1570/3057 2805/1568/3066
f 2577/1621/3063 2560/1625/3058 2728/1610/3059 2727/1607/3064
f 2568/4330/3061 2559/4334/3047 2560/1625/3058 2577/1621/3063
f 2743/1639/3073 2522/1640/2627 2362/1623/2589 2744/1622/3074
f 2742/1655/3075 2377/1656/2629 2522/4688/2627 2743/4686/3073
f 2741/1675/3076 2513/1676/2630 2377/1656/2629 2742/1655/3075
f 2740/1694/3077 2374/1695/2875 2513/1676/2630 2741/1675/3076
f 2589/1708/2876 2374/1695/2875 2740/1694/3077 2739/1709/3078
f 2846/1753/2642 2479/4986/2641 2738/4985/3079 2847/1754/3080
f 2813/1799/3081 2626/1784/3082 2736/1783/3083 2814/1800/3084
f 3360/3598/3085 3361/3605/2865 2380/1835/2868 2733/1853/3086
f 1261/3586/1381 2413/3595/2755 2732/3588/3087 1555/3576/1783
f 2731/3236/3088 2402/3221/2953 1272/3208/1606 1554/3220/1786
f 2730/3270/3089 2372/3253/2598 3420/3237/2744 3421/3252/3090
f 2372/3253/2598 2730/3270/3089 2751/1689/3091 2939/3288/3092 2938/3289/3093 3037/3290/3094 3036/3271/2599
f 2939/3288/3092 2751/1689/3091 2913/1670/3095 2940/3321/3096
f 2921/4497/3097 2750/1650/3098 2904/1634/3099 2922/1633/3100
f 2748/1595/3101 2555/1581/2620 2924/1591/2619 2923/1603/3102 2749/1604/3103
f 2747/1594/3104 2576/1582/3065 2555/1581/2620 2748/1595/3101
f 2746/1597/3105 2561/1584/3056 2576/1582/3065 2747/1594/3104
f 2745/1609/3106 2363/1596/2592 2561/1584/3056 2746/1597/3105
f 2744/1622/3074 2362/1623/2589 2363/1596/2592 2745/1609/3106
f 2478/1766/2637 2870/1751/3107 2869/1765/3108 2508/1780/2890
f 2868/1779/3109 2497/1794/2926 2508/1780/2890 2869/1765/3108
f 2704/1809/2927 2497/1794/2926 2868/1779/3109 2867/1793/3110
f 2696/1843/2917 2494/1825/2916 2866/1808/3111 2865/1824/3112
f 2700/1879/2907 2491/1862/2906 2864/1842/3113 2863/1861/3114
f 2861/1893/3115 2483/1909/2900 2488/1894/2899 2862/1878/3116
f 2483/1909/2900 2861/1893/3115 3313/1908/3117 3314/1922/2901
f 2484/1932/2898 2860/1921/3118 1712/909/1816 1287/3479/1540
f 2878/4388/3119 2482/4379/2750 1286/4369/1374 1711/4378/1819
f 2877/1776/3120 2481/1790/2727 3375/4389/2730 3376/4396/3121
f 2481/1790/2727 2877/1776/3120 2876/1761/3122 2760/1775/2857
f 2873/1725/3123 2479/1740/2641 2786/4981/2644 2874/1735/3124
f 2738/1739/3079 2479/1740/2641 2873/1725/3123 2872/1726/3125
f 2870/1751/3107 2478/1766/2637 2714/4984/2640 2871/1738/3126
f 2777/2147/2844 2427/4732/2843 2590/2135/2781 2778/2136/2841
f 2592/2168/2769 2428/2177/2764 2797/2169/2767 2796/2159/2770
f 2593/2176/2787 2437/2183/2788 2428/2177/2764 2592/2168/2769
f 2667/4012/3127 2668/4721/3128 2666/4019/2773 2663/4020/2772
f 2430/1745/3129 3098/1756/3130 3097/1744/2791 2595/1733/2776
f 2801/1734/3131 2430/1745/3129 2595/1733/2776 2802/1719/2779
f 2597/1674/2847 2429/1693/3132 2773/1706/3133 2772/1688/2848
f 2590/4731/2781 2427/2148/2843 2638/2150/2842 2637/2138/2782
f 2627/1661/3134 3117/1653/3135 3116/1638/2454 2244/1643/2453
f 2635/1682/3136 3118/1673/3137 3117/1653/3135 2627/1661/3134
f 2634/1700/3138 3119/1692/3139 3118/1673/3137 2635/1682/3136
f 3119/4048/3139 2634/4044/3138 2774/4037/3140
f 2632/4014/3141 2430/4024/3129 2801/4025/3131 2800/4015/3142
f 3098/4035/3130 2430/4024/3129 2632/4014/3141
f 2646/4045/3143 2648/4042/3144 2647/4719/3145 2645/4046/3146
f 2650/4078/3147 2646/4045/3143 2645/4046/3146 2649/4079/3148
f 2433/4072/2777 3096/4073/2790 3095/4074/3149
f 2255/1703/2477 2433/1718/2777 3095/4495/3149 3094/1716/2478
f 2757/4671/3150 2381/4405/3151 2890/1875/3152 2889/1857/3153
f 2886/1817/3154 2380/1835/2868 2789/4669/3155 2887/1818/3156
f 2733/1853/3086 2380/1835/2868 2886/1817/3154 2885/1834/3157
f 2883/1869/3158 2379/1887/2713 2719/1870/2717 2884/1852/3159
f 2882/1868/3160 2507/1886/2714 2379/1887/2713 2883/1869/3158
f 2881/1885/3161 2503/1901/2991 2507/1886/2714 2882/1868/3160
f 2879/1915/3162 2388/1929/2709 2689/1916/2940 2880/1900/3163
f 2691/1939/2710 2388/1929/2709 2879/1915/3162 2903/1928/3164
f 2674/1961/2706 2391/1954/2705 2901/1946/3165 2900/1953/3166
f 2680/1975/2702 2394/1968/2701 2899/1960/3167 2898/1967/3168
f 2896/1979/3169 2455/1984/2815 2387/1980/2814 2897/4964/3170
f 2895/1983/3171 2447/1987/2831 2455/1984/2815 2896/1979/3169
f 2894/1986/3172 2446/1989/2829 2447/1987/2831 2895/1983/3171
f 2893/1988/3173 2445/1990/2826 2446/1989/2829 2894/1986/3172
f 3342/4434/3174 3343/4432/2827 2445/1990/2826 2893/1988/3173
f 1281/4428/1636 2453/4430/2968 2892/4433/3175 1727/4431/1875
f 2412/3629/2973 1262/4381/1646 1726/4371/1878 2891/4382/3176
f 2890/1875/3152 2381/4405/3151 3369/4668/3177 3370/4390/3178
f 2384/1797/2653 2623/1813/2649 2716/1798/2652 2715/1782/3179
f 2717/1832/3180 2624/1850/3181 2610/1849/3182 2718/1851/3183
f 2816/1831/2650 2623/1813/2649 2384/1797/2653 2817/1830/2656
f 2609/1801/3184 2625/1815/3185 2735/1816/3186 2734/1833/3187
f 2736/1783/3083 2626/1784/3082 2383/1769/2645 2737/1768/3188
f 2383/1769/2645 2626/1784/3082 2813/1799/3081 2812/1786/2646
f 2598/4480/3189 2627/1661/3134 2244/1643/2453 2245/4478/2456
f 2628/4493/3190 2606/4490/3191 2253/4488/2472 2254/1732/2474
f 2629/5019/3192 2605/4080/3193 2606/5017/3191 2628/4077/3190
f 2652/4040/3194 2654/4039/3195 2653/4083/3196 2651/4082/3197
f 2655/4033/3198 2656/4717/3199 2654/4039/3195 2652/4040/3194
f 2603/4013/3200 2631/4023/3201 2632/4014/3141 2602/4007/3202
f 2602/4007/3202 2632/4014/3141 2800/4015/3142 2799/4008/3203
f 2634/4044/3138 2600/4038/3204 2775/4027/3205 2774/4037/3140
f 2600/4484/3204 2634/1700/3138 2635/1682/3136 2599/4482/3206
f 2599/4482/3206 2635/1682/3136 2627/1661/3134 2598/4480/3189
f 2636/2128/2783 2598/4480/3189 2245/4478/2456 2246/2119/2458
f 2637/2138/2782 2599/4482/3206 2598/4480/3189 2636/2128/2783
f 2638/2150/2842 2600/4484/3204 2599/4482/3206 2637/2138/2782
f 2600/4038/3204 2638/4028/2842 2776/4018/2845 2775/4027/3205
f 2640/4002/2765 2602/4007/3202 2799/4008/3203 2798/4003/2766
f 2641/4006/2789 2603/4013/3200 2602/4007/3202 2640/4002/2765
f 2657/4022/3207 2660/4715/3208 2659/4030/3209 2658/4031/3210
f 2658/4031/3210 2659/4030/3209 2662/4087/3211 2661/4086/3212
f 2605/5016/3193 2643/4084/2785 2644/5021/2784 2606/4081/3191
f 2606/4490/3191 2644/4491/2784 2252/2157/2470 2253/4488/2472
f 2630/2188/3213 2645/2189/3146 2647/2190/3145 2631/2191/3201
f 2631/4023/3201 2647/4041/3145 2648/4720/3144 2438/4034/3214
f 2438/1770/3214 2648/1785/3144 2646/1771/3143 2594/1757/3215
f 2436/4075/3216 2650/4078/3147 2649/4079/3148 2629/4076/3192
f 2629/2192/3192 2649/2193/3148 2645/2189/3146 2630/2188/3213
f 2594/1757/3215 2646/1771/3143 2650/1772/3147 2436/1758/3216
f 2630/2194/3213 2652/2195/3194 2651/2196/3197 2629/2197/3192
f 2629/5019/3192 2651/4082/3197 2653/4083/3196 2605/4080/3193
f 2605/2200/3193 2653/2201/3196 2654/2202/3195 2604/2203/3217
f 2631/2198/3201 2655/2199/3198 2652/2195/3194 2630/2194/3213
f 2604/2203/3217 2654/2202/3195 2656/2204/3199 2603/2205/3200
f 2603/4013/3200 2656/4032/3199 2655/4718/3198 2631/4023/3201
f 2603/2206/3200 2657/2207/3207 2658/2208/3210 2604/2209/3217
f 2642/2212/3218 2659/2213/3209 2660/2214/3208 2641/2215/2789
f 2641/4006/2789 2660/4021/3208 2657/4716/3207 2603/4013/3200
f 2604/2209/3217 2658/2208/3210 2661/2210/3212 2605/2211/3193
f 2605/5016/3193 2661/4086/3212 2662/4087/3211 2643/4084/2785
f 2643/2216/2785 2662/2217/3211 2659/2213/3209 2642/2212/3218
f 2642/2218/3218 2663/2219/2772 2664/2220/2775 2643/2221/2785
f 2643/5020/2785 2664/4090/2775 2665/4091/2774 2435/4088/2786
f 2435/2175/2786 2665/2181/2774 2666/2182/2773 2593/2176/2787
f 2641/2222/2789 2667/2223/3127 2663/2219/2772 2642/2218/3218
f 2593/2176/2787 2666/2182/2773 2668/2185/3128 2437/2183/2788
f 2437/4005/2788 2668/4011/3128 2667/4722/3127 2641/4006/2789
f 2901/1946/3165 2391/1954/2705 2669/1947/3219 2902/1938/3220
f 2671/1897/3221 2392/1912/2665 2824/1926/2668 2823/1913/3222
f 2672/1880/3223 2393/1895/2669 2856/1896/2672 2855/1881/3224
f 3328/3541/3225 3329/3537/2697 2393/1895/2669 2672/1880/3223
f 2416/3627/2758 1258/3619/1390 1483/3610/1929 2673/3618/3226
f 2669/1947/3219 2391/1954/2705 3351/3630/2708 3352/3626/3227
f 2899/1960/3167 2394/1968/2701 2674/1961/2706 2900/1953/3166
f 2676/1925/2666 2395/1935/2673 2826/1944/2676 2825/1936/2667
f 2677/1910/2670 2396/1923/2677 2858/1924/2680 2857/1911/2671
f 3330/3521/2698 3331/3520/2699 2396/1923/2677 2677/1910/2670
f 1275/3501/1622 2421/3510/2961 2678/4935/3228 1490/4938/1931
f 2417/3635/2760 1257/3633/1394 1491/3628/1387 2679/3631/2759
f 2674/1961/2706 2394/1968/2701 3349/4345/2704 3350/3634/2707
f 2897/1974/3170 2387/4958/2814 2680/1975/2702 2898/1967/3168
f 2682/1943/2674 2386/1950/2802 2828/4967/2805 2827/1951/2675
f 2683/1933/2678 2385/1941/2798 2835/4965/2801 2859/1934/2679
f 3332/3529/2700 3333/3536/2806 2385/1941/2798 2683/1933/2678
f 1255/4815/1455 2420/3530/2819 2684/3519/2960 1498/3513/1621
f 2418/3695/2969 1256/4343/1638 1499/4342/1391 2685/4344/2761
f 2680/1975/2702 2387/4958/2814 3347/3699/2817 3348/3705/2703
f 2686/1826/2936 2501/1810/2987 3324/3548/2989 3325/3552/2938
f 2501/1810/2987 2686/1826/2936 2852/1827/2937 2851/1811/2988
f 2500/1828/2993 2687/1846/2942 2820/1866/2943 2819/1847/2994
f 2689/1916/2940 2503/1901/2991 2881/1885/3161 2880/1900/3163
f 2503/1901/2991 2689/1916/2940 3355/3599/2941 3356/3590/2992
f 1506/3583/1583 1294/3572/1675 2502/3582/2990 2690/3591/2939
f 2669/1947/3219 2691/1939/2710 2903/1928/3164 2902/1938/3220
f 2693/1882/2658 2671/1897/3221 2823/1913/3222 2822/1898/2659
f 2694/1863/2662 2672/1880/3223 2855/1881/3224 2854/1864/2663
f 2672/1880/3223 2694/1863/2662 3327/3545/2696 3328/3541/3225
f 1483/3610/1929 1511/3601/1383 2695/3609/2757 2673/3618/3226
f 2691/1939/2710 2669/1947/3219 3352/3626/3227 3353/3617/2711
f 2696/1843/2917 2491/1862/2906 3317/4065/2909 3318/4067/2918
f 2864/1842/3113 2491/1862/2906 2696/1843/2917 2865/1824/3112
f 2698/1806/2921 2492/1822/2910 2582/1823/2913 2697/1807/2922
f 3307/3462/2925 3308/3455/2914 2492/1822/2910 2698/1806/2921
f 1291/3442/1662 2493/3448/2982 2699/3454/2983 1517/3447/1665
f 2700/1879/2907 2488/1894/2899 3315/4066/2902 3316/4064/2908
f 2862/1878/3116 2488/1894/2899 2700/1879/2907 2863/1861/3114
f 2702/1840/2911 2489/1859/2903 2583/1860/2904 2701/1841/2912
f 3309/3450/2915 3310/3449/2905 2489/1859/2903 2702/1840/2911
f 1290/3438/2980 2490/3443/2979 2703/3444/2981 1522/3439/1661
f 2704/1809/2927 2494/1825/2916 3319/4068/2919 3320/4070/2928
f 2866/1808/3111 2494/1825/2916 2704/1809/2927 2867/1793/3110
f 2706/1777/2931 2495/1791/2920 2581/1792/2923 2705/1778/2932
f 3305/3473/2935 3306/3467/2924 2495/1791/2920 2706/1777/2931
f 1292/3453/1666 2496/3461/2984 2707/3466/2985 1527/3460/1669
f 2717/1832/3180 2718/1851/3183 2734/1833/3187 2735/1816/3186
f 2722/1721/2601 2730/3270/3089 3421/3252/3090 3422/3269/2745
f 2721/3251/2952 2731/3236/3088 1554/3220/1786 1542/3235/1604
f 1541/3569/1615 1555/3576/1783 2732/3588/3087 2720/3579/2957
f 3359/3589/2718 3360/3598/3085 2733/1853/3086 2719/1870/2717
f 2719/1870/2717 2733/1853/3086 2885/1834/3157 2884/1852/3159
f 2814/1800/3084 2736/1783/3083 2716/1798/2652 2815/1814/2651
f 2716/1798/2652 2736/1783/3083 2737/1768/3188 2715/1782/3179
f 2847/1754/3080 2738/4985/3079 2714/1752/2640 2848/1767/2639
f 2714/4984/2640 2738/1739/3079 2872/1726/3125 2871/1738/3126
f 2739/1709/3078 2740/1694/3077 2712/1711/2874 2713/1724/2873
f 2712/1711/2874 2740/1694/3077 2741/1675/3076 2711/1697/2635
f 2711/1697/2635 2741/1675/3076 2742/1655/3075 2710/1678/2636
f 2710/1678/2636 2742/1655/3075 2743/4686/3073 2709/1659/2626
f 2709/4687/2626 2743/1639/3073 2744/1622/3074 2708/1641/2586
f 2708/1641/2586 2744/1622/3074 2745/1609/3106 2729/1624/2587
f 2729/1624/2587 2745/1609/3106 2746/1597/3105 2728/1610/3059
f 2728/1610/3059 2746/1597/3105 2747/1594/3104 2727/1607/3064
f 2727/1607/3064 2747/1594/3104 2748/1595/3101 2726/1608/2623
f 2726/1608/2623 2748/1595/3101 2749/1604/3103 2725/1617/2624
f 2904/1634/3099 2750/1650/3098 2724/1651/2613 2905/1635/2612
f 2913/1670/3095 2751/1689/3091 2723/1690/2602 2914/1671/2607
f 2723/1690/2602 2751/1689/3091 2730/3270/3089 2722/1721/2601
f 2460/3265/3229 2752/3282/2836 3417/3264/2837 3418/3248/3230
f 2459/3231/3231 2753/3247/2834 1578/3230/1474 1284/3217/1936
f 2754/3622/2974 2473/3612/3232 1285/3607/1937 1579/3616/1647
s 135
f 2756/4052/2864 2471/4055/3233 3366/4056/3234 3367/4049/2861
s 3
f 2470/4670/3235 2757/4671/3150 2889/1857/3153 2888/1837/3236
f 2759/1804/2859 2469/1788/3237 2810/1803/3238 2809/1820/2860
f 2843/1789/2858 2760/4983/2857 2480/4982/3239 2844/1774/3240
f 2875/1747/3241 2480/1760/3239 2760/1775/2857 2876/1761/3122
f 2762/1741/2881 2468/1727/3242 2588/1736/3243 2761/1748/2882
f 2468/1727/3242 2762/1741/2881 2763/1729/2856 2512/1712/3244
f 2764/1714/2855 2467/1698/3245 2512/1712/3244 2763/1729/2856
f 2467/1698/3245 2764/1714/2855 2765/4685/2854 2521/4683/3246
f 2766/3069/2852 2466/1680/3247 2521/1679/3246 2765/1715/2854
f 2466/1680/3247 2766/3069/2852 2767/1558/2853 2465/1571/3248
f 2465/1571/3248 2767/1558/2853 2768/1547/3055 2562/1557/3249
f 2769/1546/3068 2575/1556/3250 2562/1557/3249 2768/1547/3055
f 2770/1545/2851 2554/1555/3251 2575/1556/3250 2769/1546/3068
f 2926/1565/3252 2554/1555/3251 2770/1545/2851 2927/1552/2850
f 2771/1669/2849 2464/1687/3253 2257/1668/2482 2242/1649/2447
f 2772/1688/2848 2596/1705/3254 2464/1687/3253 2771/1669/2849
f 2773/1706/3133 2463/1720/3255 2596/1705/3254 2772/1688/2848
f 2463/4036/3255 2773/4043/3133 2774/4037/3140 2633/4026/3256
f 2775/4027/3205 2601/4016/3257 2633/4026/3256 2774/4037/3140
f 2776/4018/2845 2639/4009/3258 2601/4016/3257 2775/4027/3205
f 2777/4017/2844 2462/4010/3259 2639/4009/3258 2776/4018/2845
f 2462/2160/3259 2777/2147/2844 2778/2136/2841 2591/2146/3260
f 2779/2125/2840 2461/2134/3261 2591/2146/3260 2778/2136/2841
f 2461/2134/3261 2779/2125/2840 2248/2118/2462 2249/2124/2464
f 2752/3282/2836 2460/3265/3229 3034/3283/3262 3033/3302/2838
f 2781/4684/2628 2521/1679/3246 2466/1680/3247 2780/1658/2590
f 2782/1677/2632 2467/1698/3245 2521/4683/3246 2781/1657/2628
f 2783/1696/2631 2512/1712/3244 2467/1698/3245 2782/1677/2632
f 2784/1710/2878 2468/1727/3242 2512/1712/3244 2783/1696/2631
f 2785/1723/2877 2588/1736/3243 2468/1727/3242 2784/1710/2878
f 2786/4981/2644 2480/1760/3239 2875/1747/3241 2874/1735/3124
f 2844/1774/3240 2480/4982/3239 2786/1746/2644 2845/1759/2643
f 2810/1803/3238 2469/1788/3237 2787/1773/2648 2811/1787/2647
f 2789/4669/3155 2470/4670/3235 2888/1837/3236 2887/1818/3156
s 135
f 2471/4055/3233 2790/4058/2719 3365/4059/2722 3366/4056/3234
s 3
f 2473/3612/3232 2792/3604/2754 1619/3597/1380 1285/3607/1937
f 2793/3222/2954 2459/3231/3231 1284/3217/1936 1620/3209/1607
f 2794/3254/2597 2460/3265/3229 3418/3248/3230 3419/3238/2743
f 2460/3265/3229 2794/3254/2597 3035/3272/2600 3034/3283/3262
f 2795/2145/2771 2461/2134/3261 2249/2124/2464 2250/2133/2466
f 2796/2159/2770 2591/2146/3260 2461/2134/3261 2795/2145/2771
f 2797/2169/2767 2462/2160/3259 2591/2146/3260 2796/2159/2770
f 2798/4003/2766 2639/4009/3258 2462/4010/3259 2797/4004/2767
f 2799/4008/3203 2601/4016/3257 2639/4009/3258 2798/4003/2766
f 2800/4015/3142 2633/4026/3256 2601/4016/3257 2799/4008/3203
f 2801/4025/3131 2463/4036/3255 2633/4026/3256 2800/4015/3142
f 2463/1720/3255 2801/1734/3131 2802/1719/2779 2596/1705/3254
f 2803/1704/2778 2464/1687/3253 2596/1705/3254 2802/1719/2779
f 2464/1687/3253 2803/1704/2778 2256/1686/2480 2257/1668/2482
f 2804/1569/2621 2554/1555/3251 2926/1565/3252 2925/1578/2622
f 2805/1568/3066 2575/1556/3250 2554/1555/3251 2804/1569/2621
f 2806/1570/3057 2562/1557/3249 2575/1556/3250 2805/1568/3066
f 2807/1583/2591 2465/1571/3248 2562/1557/3249 2806/1570/3057
f 2780/1658/2590 2466/1680/3247 2465/1571/3248 2807/1583/2591
f 2607/1858/3263 2808/1839/2724 2809/1820/2860 2758/1838/3264
f 2810/1803/3238 2608/1819/3265 2758/1838/3264 2809/1820/2860
f 2788/1802/3266 2608/1819/3265 2810/1803/3238 2811/1787/2647
f 2812/1786/2646 2609/1801/3184 2788/1802/3266 2811/1787/2647
f 2813/1799/3081 2625/1815/3185 2609/1801/3184 2812/1786/2646
f 2625/1815/3185 2813/1799/3081 2814/1800/3084 2735/1816/3186
f 2717/1832/3180 2735/1816/3186 2814/1800/3084 2815/1814/2651
f 2816/1831/2650 2624/1850/3181 2717/1832/3180 2815/1814/2651
f 2610/1849/3182 2624/1850/3181 2816/1831/2650 2817/1830/2656
f 2818/1829/2655 2611/1848/3267 2610/1849/3182 2817/1830/2656
f 2819/1847/2994 2612/1867/3268 2611/1848/3267 2818/1829/2655
f 2820/1866/2943 2688/1884/3269 2612/1867/3268 2819/1847/2994
f 2821/1883/2660 2613/1899/3270 2688/1884/3269 2820/1866/2943
f 2822/1898/2659 2692/1914/3271 2613/1899/3270 2821/1883/2660
f 2823/1913/3222 2670/1927/3272 2692/1914/3271 2822/1898/2659
f 2824/1926/2668 2614/1937/3273 2670/1927/3272 2823/1913/3222
f 2825/1936/2667 2675/1945/3274 2614/1937/3273 2824/1926/2668
f 2826/1944/2676 2615/1952/3275 2675/1945/3274 2825/1936/2667
f 2827/1951/2675 2681/1959/3276 2615/1952/3275 2826/1944/2676
f 2828/4967/2805 2616/4963/3277 2681/1959/3276 2827/1951/2675
f 2829/1965/2804 2617/1973/3278 2616/1966/3277 2828/1958/2805
f 2830/1972/2822 2618/1978/3279 2617/1973/3278 2829/1965/2804
f 2831/1977/2820 2619/1982/3280 2618/1978/3279 2830/1972/2822
f 2832/1981/2810 2620/1985/3281 2619/1982/3280 2831/1977/2820
f 2620/1985/3281 2832/1981/2810 3340/3744/2813 3341/3746/3282
f 2621/3745/3283 2833/3740/2970 1662/3735/1641 1430/3742/1990
f 1431/4361/1991 1663/4354/1375 2834/4363/2753 2622/4372/3284
f 2808/1839/2724 2607/1858/3263 3371/4383/3285 3372/4374/2725
f 2836/1949/2800 2456/1957/2803 2386/4966/2802 2835/1942/2801
f 2837/1956/2796 2444/1964/2823 2456/1957/2803 2836/1949/2800
f 2838/1963/2794 2443/1971/2821 2444/1964/2823 2837/1956/2796
f 2839/1970/2793 2442/1976/2811 2443/1971/2821 2838/1963/2794
f 3338/3737/2809 3339/3741/2812 2442/1976/2811 2839/1970/2793
f 1274/3726/1642 2419/3734/2971 2840/3729/2972 1671/3721/1645
f 2411/4362/2752 1263/4355/1378 1672/4360/1371 2841/4370/2751
f 2842/1805/2728 2382/1821/2723 3373/4373/2726 3374/4380/2729
f 2759/1804/2859 2382/1821/2723 2842/1805/2728 2843/1789/2858
f 2469/1788/3237 2759/1804/2859 2843/1789/2858 2844/1774/3240
f 2787/1773/2648 2469/1788/3237 2844/1774/3240 2845/1759/2643
f 2846/1753/2642 2383/1769/2645 2787/1773/2648 2845/1759/2643
f 2737/1768/3188 2383/1769/2645 2846/1753/2642 2847/1754/3080
f 2715/1782/3179 2737/1768/3188 2847/1754/3080 2848/1767/2639
f 2849/1781/2638 2384/1797/2653 2715/1782/3179 2848/1767/2639
f 2850/1796/2886 2504/1812/2654 2384/1797/2653 2849/1781/2638
f 2851/1811/2988 2500/1828/2993 2504/1812/2654 2850/1796/2886
f 2852/1827/2937 2687/1846/2942 2500/1828/2993 2851/1811/2988
f 2853/1845/2664 2389/1865/2657 2687/1846/2942 2852/1827/2937
f 2854/1864/2663 2693/1882/2658 2389/1865/2657 2853/1845/2664
f 2855/1881/3224 2671/1897/3221 2693/1882/2658 2854/1864/2663
f 2856/1896/2672 2392/1912/2665 2671/1897/3221 2855/1881/3224
f 2857/1911/2671 2676/1925/2666 2392/1912/2665 2856/1896/2672
f 2858/1924/2680 2395/1935/2673 2676/1925/2666 2857/1911/2671
f 2859/1934/2679 2682/1943/2674 2395/1935/2673 2858/1924/2680
f 2835/4965/2801 2386/1950/2802 2682/1943/2674 2859/1934/2679
f 2861/1893/3115 2584/1877/2691 3312/1907/2694 3313/1908/3117
f 2584/1877/2691 2861/1893/3115 2862/1878/3116 2583/1860/2904
f 2583/1860/2904 2862/1878/3116 2863/1861/3114 2701/1841/2912
f 2864/1842/3113 2582/1823/2913 2701/1841/2912 2863/1861/3114
f 2582/1823/2913 2864/1842/3113 2865/1824/3112 2697/1807/2922
f 2866/1808/3111 2581/1792/2923 2697/1807/2922 2865/1824/3112
f 2581/1792/2923 2866/1808/3111 2867/1793/3110 2705/1778/2932
f 2868/1779/3109 2580/1764/2933 2705/1778/2932 2867/1793/3110
f 2580/1764/2933 2868/1779/3109 2869/1765/3108 2579/1750/2896
f 2870/1751/3107 2578/1737/2872 2579/1750/2896 2869/1765/3108
f 2578/1737/2872 2870/1751/3107 2871/1738/3126 2713/1724/2873
f 2871/1738/3126 2872/1726/3125 2739/1709/3078 2713/1724/2873
f 2873/1725/3123 2589/1708/2876 2739/1709/3078 2872/1726/3125
f 2589/1708/2876 2873/1725/3123 2874/1735/3124 2785/1723/2877
f 2875/1747/3241 2588/1736/3243 2785/1723/2877 2874/1735/3124
f 2761/1748/2882 2588/1736/3243 2875/1747/3241 2876/1761/3122
f 2877/1776/3120 2587/1762/2879 2761/1748/2882 2876/1761/3122
f 2587/1762/2879 2877/1776/3120 3376/4396/3121 3377/4404/2883
f 2586/4395/2976 2878/4388/3119 1711/4378/1819 1393/4387/1651
f 2860/1921/3118 2585/1920/2762 1392/910/1396 1712/909/1816
f 2613/1899/3270 2879/1915/3162 2880/1900/3163 2688/1884/3269
f 2881/1885/3161 2612/1867/3268 2688/1884/3269 2880/1900/3163
f 2612/1867/3268 2881/1885/3161 2882/1868/3160 2611/1848/3267
f 2611/1848/3267 2882/1868/3160 2883/1869/3158 2610/1849/3182
f 2610/1849/3182 2883/1869/3158 2884/1852/3159 2718/1851/3183
f 2884/1852/3159 2885/1834/3157 2734/1833/3187 2718/1851/3183
f 2886/1817/3154 2609/1801/3184 2734/1833/3187 2885/1834/3157
f 2609/1801/3184 2886/1817/3154 2887/1818/3156 2788/1802/3266
f 2888/1837/3236 2608/1819/3265 2788/1802/3266 2887/1818/3156
f 2889/1857/3153 2758/1838/3264 2608/1819/3265 2888/1837/3236
f 2890/1875/3152 2607/1858/3263 2758/1838/3264 2889/1857/3153
f 2607/1858/3263 2890/1875/3152 3370/4390/3178 3371/4383/3285
f 1726/4371/1878 1431/4361/1991 2622/4372/3284 2891/4382/3176
f 2892/4433/3175 2621/3745/3283 1430/3742/1990 1727/4431/1875
f 2893/1988/3173 2620/1985/3281 3341/3746/3282 3342/4434/3174
f 2620/1985/3281 2893/1988/3173 2894/1986/3172 2619/1982/3280
f 2619/1982/3280 2894/1986/3172 2895/1983/3171 2618/1978/3279
f 2618/1978/3279 2895/1983/3171 2896/1979/3169 2617/1973/3278
f 2617/1973/3278 2896/1979/3169 2897/4964/3170 2616/1966/3277
f 2616/4963/3277 2897/1974/3170 2898/1967/3168 2681/1959/3276
f 2899/1960/3167 2615/1952/3275 2681/1959/3276 2898/1967/3168
f 2615/1952/3275 2899/1960/3167 2900/1953/3166 2675/1945/3274
f 2901/1946/3165 2614/1937/3273 2675/1945/3274 2900/1953/3166
f 2614/1937/3273 2901/1946/3165 2902/1938/3220 2670/1927/3272
f 2903/1928/3164 2692/1914/3271 2670/1927/3272 2902/1938/3220
f 2879/1915/3162 2613/1899/3270 2692/1914/3271 2903/1928/3164
f 2749/1604/3103 2923/1603/3102 2922/1633/3100 2904/1634/3099
f 2725/1617/2624 2749/1604/3103 2904/1634/3099 2905/1635/2612
f 2906/1652/2579 2359/1636/2584 2725/1617/2624 2905/1635/2612
f 2907/4313/2578 2358/4319/2581 2359/1636/2584 2906/1652/2579
f 3293/4306/2684 3294/4312/2685 2358/4319/2581 2907/4313/2578
f 1252/4300/1594 2399/4305/2947 2908/4301/2948 1745/4296/1597
f 2947/1511/3013 2227/1507/2426 2909/4646/2425 2948/1518/3012
f 2529/1526/3030 2544/1519/3040 2910/1525/3041 2911/1533/3027
f 2537/1534/2617 2529/1526/3030 2911/1533/3027 2912/1542/2609
f 2929/1544/2618 2537/1534/2617 2912/1542/2609 2930/1551/2608
f 2750/1650/3098 2921/4497/3097 2940/3321/3096 2913/1670/3095
f 2724/1651/2613 2750/1650/3098 2913/1670/3095 2914/1671/2607
f 2915/1691/2575 2357/1672/2580 2724/1651/2613 2914/1671/2607
f 2916/3320/2574 2356/3351/2577 2357/1672/2580 2915/1691/2575
f 3291/3304/2682 3292/4307/2683 2356/3351/2577 2916/3320/2574
f 1251/3286/1598 2400/3305/2949 2917/3284/2950 1755/3267/1601
f 2949/1524/3011 2226/1522/2442 2225/1530/2441 2950/1531/3010
f 2528/1541/3028 2545/1532/3042 2918/1540/3043 2919/1549/3025
f 2536/1550/2610 2528/1541/3028 2919/1549/3025 2920/1561/2604
f 2931/1562/2611 2536/1550/2610 2920/1561/2604 2932/1573/2603
f 2350/1632/2568 2349/4496/2567 2921/4497/3097 2922/1633/3100
f 2923/1603/3102 2924/1591/2619 2351/1602/2570 3088/4659/2569
f 2351/1602/2570 2924/1591/2619 2925/1578/2622 2352/1590/2571
f 2926/1565/3252 2353/1577/2572 2352/1590/2571 2925/1578/2622
f 2338/1564/2555 2353/1577/2572 2926/1565/3252 2927/1552/2850
f 2928/1543/2614 2339/1553/2556 2338/1564/2555 2927/1552/2850
f 2929/1544/2618 2930/1551/2608 2340/1563/2558 3110/4657/2557
f 2341/1574/2559 2340/1563/2558 2930/1551/2608 2931/1562/2611
f 2342/1586/2560 2341/1574/2559 2931/1562/2611 2932/1573/2603
f 2343/4667/2561 2342/1586/2560 2932/1573/2603 2933/1585/2606
f 2935/3335/3286 2344/3350/2562 2343/3365/2561 2934/3349/3287
f 2936/3319/3288 2345/3336/2563 2344/3350/2562 2935/3335/3286
f 2937/3306/3289 2346/3322/2564 2345/3336/2563 2936/3319/3288
f 2938/3289/3093 2347/2184/2565 2346/3322/2564 2937/3306/3289
f 2939/3288/3092 2347/2184/2565 2938/3289/3093
f 2348/2186/2566 2347/4665/2565 2939/3288/3092 2940/3321/3096
f 2921/4497/3097 2349/4496/2567 2348/2186/2566 2940/3321/3096
f 2941/3065/3000 2541/3056/3035 1343/3047/1729 1779/3055/1686
f 2942/3086/2998 2542/3077/3036 3385/3066/3037 3386/3076/2995
f 2542/3077/3036 2942/3086/2998 2943/3094/3016 2543/3087/3038
f 2543/3087/3038 2943/3094/3016 2944/1508/3050 2566/1515/3051
f 2945/1506/3072 2571/1513/3071 2566/1515/3051 2944/1508/3050
f 2946/1505/3014 2550/1512/3039 2571/1513/3071 2945/1506/3072
f 2947/1511/3013 2544/1519/3040 2550/1512/3039 2946/1505/3014
f 2544/1519/3040 2947/1511/3013 2948/1518/3012 2910/1525/3041
f 2949/1524/3011 2545/1532/3042 2910/1525/3041 2948/1518/3012
f 2545/1532/3042 2949/1524/3011 2950/1531/3010 2918/1540/3043
f 2951/1539/3009 2546/1548/3044 2918/1540/3043 2950/1531/3010
f 2952/3355/3003 2539/3339/3032 3029/3354/3045 3028/3369/3007
f 2539/3339/3032 2952/3355/3003 3412/3340/3006 3413/3325/3033
f 2540/3309/3034 2953/3326/3001 1793/3310/1690 1342/3294/1726
f 2954/1509/2295 2121/1517/2294 2226/4475/2442 2909/1514/2425
f 2110/1516/2272 2121/1517/2294 2954/1509/2295 2955/1510/2273
f 2094/4469/2250 2110/1516/2272 2955/1510/2273 2956/4472/2251
f 2078/4466/2228 2094/4469/2250 2956/4472/2251 2957/4470/2229
f 2062/4462/2206 2078/4466/2228 2957/4470/2229 2958/4467/2207
f 2046/4460/2176 2062/4462/2206 2958/4467/2207 2959/4463/2178
f 2030/4461/2177 2046/4460/2176 2959/4463/2178 2960/4464/2181
f 2961/4468/2365 2158/4465/2395 2030/4461/2177 2960/4464/2181
f 2962/3988/2367 2157/3984/2394 2158/5023/2395 2961/3989/2365
f 2963/3990/2370 2185/3991/2400 2157/3984/2394 2962/3988/2367
f 2964/3958/2369 2186/3957/2401 2185/3991/2400 2963/3990/2370
f 2965/4698/2373 2188/3947/2403 2186/3957/2401 2964/3958/2369
f 2155/3928/2387 2188/4697/2403 2965/3948/2373 2966/3938/2374
f 2155/3928/2387 2966/3938/2374 2967/3929/2376 2154/3922/2385
f 2154/3922/2385 2967/3929/2376 2968/3930/2377 2214/3923/2386
f 2969/3941/2421 2153/3931/2419 2214/3923/2386 2968/3930/2377
f 2205/3954/2384 3061/3942/2411 3060/3953/2409 2970/3964/2379
f 2971/3971/2378 2152/3965/2383 2205/3954/2384 2970/3964/2379
f 2152/4459/2383 2971/4457/2378 2972/4453/2380 2151/4456/2382
f 2151/4456/2382 2972/4453/2380 2973/4449/2363 2150/4452/2381
f 2150/4452/2381 2973/4449/2363 2974/4445/2157 2022/4448/2158
f 2975/4444/2156 2038/4447/2159 2022/4448/2158 2974/4445/2157
f 2976/4446/2196 2054/4451/2197 2038/4447/2159 2975/4444/2156
f 2977/4450/2218 2070/4455/2219 2054/4451/2197 2976/4446/2196
f 2978/4454/2240 2086/4458/2241 2070/4455/2219 2977/4450/2218
f 2979/1486/2262 2102/1496/2263 2086/4458/2241 2978/4454/2240
f 2980/1485/2284 2118/1495/2285 2102/1496/2263 2979/1486/2262
f 2118/1495/2285 2980/1485/2284 2981/4642/2436 2236/4643/2437
f 2229/1497/2428 2567/1503/3049 2982/1498/3290 2230/1487/2429
f 2230/1487/2429 2982/1498/3290 2983/1488/3291 2231/1474/2430
f 3047/1475/3292 2984/1471/3293 2232/1458/2432 3048/4639/2431
f 2232/1458/2432 2984/1471/3293 2985/1472/3294 2233/4653/2433
f 2233/1457/2433 2985/4654/3294 2986/1483/3295 2234/1470/2434
f 2234/1470/2434 2986/1483/3295 2987/4259/3296 2235/1484/2435
f 2235/1484/2435 2987/4259/3296 2988/4260/3297 2981/4263/2436
f 2236/4264/2437 2989/4261/3298 2990/3427/3299 2237/3428/2438
f 2237/3428/2438 2990/3427/3299 2991/3424/3300 2238/3426/2439
f 2241/3408/2443 2993/3401/3301 2992/3392/3302 2224/3400/2440
f 2238/3426/2439 2991/3424/3300 2994/3420/3303 2239/3423/2444
f 2239/3423/2444 2994/3420/3303 3074/3415/3304 3073/3419/2445
f 2240/3414/2446 2995/3409/3305 2993/3401/3301 2241/3408/2443
f 2981/4263/2436 2988/4260/3297 2989/4261/3298 2236/4264/2437
f 2567/1503/3049 2367/3102/3015 2996/3109/3306 2982/1498/3290
f 2982/1498/3290 2996/3109/3306 2997/3115/3307 2983/1488/3291
f 3046/3122/3308 2998/3129/3309 2984/1471/3293 3047/1475/3292
f 2984/1471/3293 2998/3129/3309 2999/3136/3310 2985/1472/3294
f 2985/4654/3294 2999/4530/3310 3000/3147/3311 2986/1483/3295
f 2986/1483/3295 3000/3147/3311 3001/4256/3312 2987/4259/3296
f 2987/4259/3296 3001/4256/3312 3002/4257/3313 2988/4260/3297
f 2989/4261/3298 3003/4258/3314 3004/3425/3315 2990/3427/3299
f 2990/3427/3299 3004/3425/3315 3005/3421/3316 2991/3424/3300
f 2993/3401/3301 3007/3393/3317 3006/3382/3008 2992/3392/3302
f 2991/3424/3300 3005/3421/3316 3008/3416/3318 2994/3420/3303
f 2994/3420/3303 3008/3416/3318 3075/3410/3319 3074/3415/3304
f 2995/3409/3305 3009/3402/3320 3007/3393/3317 2993/3401/3301
f 2988/4260/3297 3002/4257/3313 3003/4258/3314 2989/4261/3298
f 2367/3102/3015 2366/3093/2997 3010/3101/3321 2996/3109/3306
f 2996/3109/3306 3010/3101/3321 2368/3108/3322 2997/3115/3307
f 2557/3121/3323 2570/3128/3324 2998/3129/3309 3046/3122/3308
f 2998/3129/3309 2570/3128/3324 2549/3135/3325 2999/3136/3310
f 2999/4530/3310 2549/4262/3325 2369/4255/3326 3000/3147/3311
f 3000/3147/3311 2369/4255/3326 3011/4252/3327 3001/4256/3312
f 3001/4256/3312 3011/4252/3327 3012/4253/3328 3002/4257/3313
f 3003/4258/3314 3013/4254/3329 3014/3422/3330 3004/3425/3315
f 3004/3425/3315 3014/3422/3330 3015/3417/3331 3005/3421/3316
f 3007/3393/3317 3016/3383/3332 2370/3370/3004 3006/3382/3008
f 3005/3421/3316 3015/3417/3331 3017/3411/3333 3008/3416/3318
f 3008/3416/3318 3017/3411/3333 3076/3403/3334 3075/3410/3319
f 3009/3402/3320 3018/3394/3335 3016/3383/3332 3007/3393/3317
f 3002/4257/3313 3012/4253/3328 3013/4254/3329 3003/4258/3314
f 2366/3093/2997 3387/3085/2996 3388/3092/3336 3010/3101/3321
f 3010/3101/3321 3388/3092/3336 3389/4523/3337 2368/3108/3322
f 2369/4255/3326 3401/4251/3338 3402/4249/3339 3011/4252/3327
f 3011/4252/3327 3402/4249/3339 3403/4248/3340 3012/4253/3328
f 3013/4254/3329 3404/4250/3341 3405/3418/3342 3014/3422/3330
f 3014/3422/3330 3405/3418/3342 3406/3412/3343 3015/3417/3331
f 3016/3383/3332 3410/3371/3344 3411/3356/3005 2370/3370/3004
f 3015/3417/3331 3406/3412/3343 3407/3404/3345 3017/3411/3333
f 3017/3411/3333 3407/3404/3345 3408/3395/3346 3076/3403/3334
f 3018/3394/3335 3409/3384/3347 3410/3371/3344 3016/3383/3332
f 3012/4253/3328 3403/4248/3340 3404/4250/3341 3013/4254/3329
f 2407/3075/2999 1267/3064/1685 1868/3074/2057 3019/3084/3348
f 3019/3084/3348 1868/3074/2057 1268/4769/2059 2406/4527/3349
f 2405/4247/3350 1269/4245/2063 1869/4240/2062 3020/4243/3351
f 3020/4243/3351 1869/4240/2062 1870/4239/2065 3021/4244/3352
f 3022/4246/3353 1871/4242/2069 1872/3406/2068 3023/3413/3354
f 3023/3413/3354 1872/3406/2068 1873/3397/2071 3024/3405/3355
f 3025/3357/3356 1982/3342/2073 1270/3327/1691 2404/3341/3002
f 3024/3405/3355 1873/3397/2071 1983/3386/2075 3026/3396/3357
f 3026/3396/3357 1983/3386/2075 1985/3373/2077 3077/3385/3358
f 3027/3372/3359 1984/3358/2079 1982/3342/2073 3025/3357/3356
f 3021/4244/3352 1870/4239/2065 1871/4242/2069 3022/4246/3353
f 3045/3381/3360 2951/3391/3009 2224/3400/2440 2992/3392/3302
f 3044/3368/3361 2546/3380/3044 2951/3391/3009 3045/3381/3360
f 3043/3353/3362 2527/3367/3026 2546/3380/3044 3044/3368/3361
f 3042/3337/3363 2535/3352/2605 2527/3367/3026 3043/3353/3362
f 3040/3318/3364 2935/3335/3286 2934/3349/3287 3041/3334/3365
f 3039/3303/3366 2936/3319/3288 2935/3335/3286 3040/3318/3364
f 3038/3291/3367 2937/3306/3289 2936/3319/3288 3039/3303/3366
f 3037/3290/3094 2938/3289/3093 2937/3306/3289 3038/3291/3367
f 3032/3317/2839 3031/3323/3023 2534/3307/2742 2371/3301/2741
f 3041/3334/3365 2934/3349/3287 2535/3352/2605 3042/3337/3363
f 2934/3349/3287 2343/3365/2561 2933/3366/2606 2535/3352/2605
f 3036/3271/2599 3037/3290/3094 3038/3291/3367 3035/3272/2600
f 3035/3272/2600 3038/3291/3367 3039/3303/3366 3034/3283/3262
f 3034/3283/3262 3039/3303/3366 3040/3318/3364 3033/3302/2838
f 3033/3302/2838 3040/3318/3364 3041/3334/3365 3032/3317/2839
f 3031/3323/3023 3032/3317/2839 3041/3334/3365 3042/3337/3363
f 3031/3323/3023 3042/3337/3363 3043/3353/3362 3030/3338/3024
f 3030/3338/3024 3043/3353/3362 3044/3368/3361 3029/3354/3045
f 3029/3354/3045 3044/3368/3361 3045/3381/3360 3028/3369/3007
f 3028/3369/3007 3045/3381/3360 2992/3392/3302 3006/3382/3008
f 2997/3115/3307 2368/3108/3322 2557/3121/3323 3046/3122/3308
f 2983/1488/3291 2997/3115/3307 3046/3122/3308 3047/1475/3292
f 2231/1474/2430 2983/1488/3291 3047/1475/3292 3048/4639/2431
f 3049/1448/2301 2125/1462/2300 2231/4638/2430 3048/1461/2431
f 2114/1449/2278 2125/1462/2300 3049/1448/2301 3050/1434/2279
f 2098/1435/2256 2114/1449/2278 3050/1434/2279 3051/1420/2257
f 2082/1421/2234 2098/1435/2256 3051/1420/2257 3052/1406/2235
f 2066/1407/2212 2082/1421/2234 3052/1406/2235 3053/1394/2213
f 2050/1397/2188 2066/1407/2212 3053/1394/2213 3054/1386/2190
f 2034/1396/2189 2050/1397/2188 3054/1386/2190 3055/1387/2191
f 3056/1395/2405 2141/1409/2424 2034/1396/2189 3055/1387/2191
f 3057/1408/2406 2148/1424/2423 2141/1409/2424 3056/1395/2405
f 3058/1423/2407 2140/1438/2422 2148/1424/2423 3057/1408/2406
f 2140/3962/2422 3058/3969/2407 3059/3963/2408 2165/3952/2420
f 2969/3941/2421 2165/3952/2420 3059/3963/2408 3060/3953/2409
f 3061/3942/2411 2153/3931/2419 2969/3941/2421 3060/3953/2409
f 3062/3933/2410 2171/3924/2418 2153/3931/2419 3061/3942/2411
f 3063/3932/2412 2139/3925/2417 2171/3924/2418 3062/3933/2410
f 2139/2048/2417 3063/2036/2412 3064/2022/2413 2143/2035/2416
f 3065/2010/2414 2138/2021/2415 2143/2035/2416 3064/2022/2413
f 2138/2021/2415 3065/2010/2414 3066/2000/2167 2026/2009/2168
f 3067/1999/2166 2042/2008/2169 2026/2009/2168 3066/2000/2167
f 3068/2007/2201 2058/2018/2202 2042/2008/2169 3067/1999/2166
f 3069/2017/2223 2074/2030/2224 2058/2018/2202 3068/2007/2201
f 3070/2029/2245 2090/2041/2246 2074/2030/2224 3069/2017/2223
f 3071/2040/2267 2106/2052/2268 2090/2041/2246 3070/2029/2245
f 3072/2051/2289 2221/2060/2290 2106/2052/2268 3071/2040/2267
f 2221/2060/2290 3072/2051/2289 3073/2059/2445 2240/2067/2446
f 3074/3415/3304 2995/3409/3305 2240/3414/2446 3073/3419/2445
f 3075/3410/3319 3009/3402/3320 2995/3409/3305 3074/3415/3304
f 3076/3403/3334 3018/3394/3335 3009/3402/3320 3075/3410/3319
f 3408/3395/3346 3409/3384/3347 3018/3394/3335 3076/3403/3334
f 2116/1444/2281 2233/4640/2433 2234/4641/2434 3078/1459/2282
f 2100/1429/2259 2116/1444/2281 3078/1459/2282 3079/1445/2260
f 2084/1413/2237 2100/1429/2259 3079/1445/2260 3080/1430/2238
f 2068/1399/2215 2084/1413/2237 3080/1430/2238 3081/1414/2216
f 2052/1389/2193 2068/1399/2215 3081/1414/2216 3082/1400/2194
f 2036/1384/2150 2052/1389/2193 3082/1400/2194 3083/1390/2152
f 2020/1385/2151 2036/1384/2150 3083/1390/2152 3084/1391/2155
f 3085/1403/2348 2133/1392/2336 2020/1385/2151 3084/1391/2155
f 3086/1417/2350 2149/1404/2337 2133/1392/2336 3085/1403/2348
f 3087/1433/2352 2128/1418/2345 2149/1404/2337 3086/1417/2350
f 2203/3974/2346 2128/3976/2345 3087/3977/2352 2204/3970/2353
f 2923/1603/3102 3088/4659/2569 2350/1632/2568 2922/1633/3100
f 2334/1645/2550 2350/4658/2568 3088/1616/2569 3089/1627/2551
f 2318/1663/2532 2334/1645/2550 3089/1627/2551 3090/1644/2533
f 2302/1684/2514 2318/1663/2532 3090/1644/2533 3091/1662/2515
f 2286/1702/2496 2302/1684/2514 3091/1662/2515 3092/1683/2497
f 2270/1717/2473 2286/1702/2496 3092/1683/2497 3093/1701/2475
f 2254/1732/2474 2270/1717/2473 3093/1701/2475 3094/1716/2478
f 3095/4495/3149 2628/4493/3190 2254/1732/2474 3094/1716/2478
f 3096/4073/2790 2436/4075/3216 2629/4076/3192 2628/5018/3190 3095/4074/3149
f 2594/1757/3215 2436/1758/3216 3096/1743/2790 3097/1744/2791
f 3098/1756/3130 2438/1770/3214 2594/1757/3215 3097/1744/2791
f 2631/4023/3201 2438/4034/3214 3098/4035/3130 2632/4014/3141
f 2228/1502/2427 3099/1499/2297 2122/1504/2296 2227/4644/2426
f 2111/1500/2274 2122/1504/2296 3099/1499/2297 3100/1490/2275
f 2095/1491/2252 2111/1500/2274 3100/1490/2275 3101/1478/2253
f 2079/1479/2230 2095/1491/2252 3101/1478/2253 3102/1465/2231
f 2063/1466/2208 2079/1479/2230 3102/1465/2231 3103/1452/2209
f 2047/1456/2179 2063/1466/2208 3103/1452/2209 3104/1441/2182
f 2031/1455/2180 2047/1456/2179 3104/1441/2182 3105/1442/2185
f 3106/4473/2362 2160/4471/2364 2031/1455/2180 3105/1442/2185
f 3107/3995/2328 2135/3996/2399 2161/3992/2366 2160/5024/2364 3106/3997/2362
f 2146/1481/2398 2135/1482/2399 3107/1468/2328 3108/1469/2329
f 3109/1480/2343 2137/1492/2397 2146/1481/2398 3108/1469/2329
f 2163/3949/2375 2137/3960/2397 3109/3961/2343 2164/3939/2354
f 2339/1553/2556 2928/1543/2614 2929/1544/2618 3110/4657/2557
f 2323/1566/2538 2339/4656/2556 3110/1554/2557 3111/1567/2539
f 2307/1579/2520 2323/1566/2538 3111/1567/2539 3112/1580/2521
f 2291/1592/2502 2307/1579/2520 3112/1580/2521 3113/1593/2503
f 2275/1605/2484 2291/1592/2502 3113/1593/2503 3114/1606/2485
f 2259/1618/2449 2275/1605/2484 3114/1606/2485 3115/1619/2451
f 2243/1637/2450 2259/1618/2449 3115/1619/2451 3116/1638/2454
f 3117/1653/3135 2434/1654/2846 2243/1637/2450 3116/1638/2454
f 3118/1673/3137 2597/1674/2847 2434/1654/2846 3117/1653/3135
f 3119/1692/3139 2429/1693/3132 2597/1674/2847 3118/1673/3137
f 2773/4043/3133 2429/4047/3132 3119/4048/3139 2774/4037/3140
f 2368/2228/3322 3149/2229/3368 3148/2225/3369 2557/2224/3323
f 2369/2239/3326 3145/2238/3370 3400/2251/3371 3401/3879/3338
f 3389/3100/3337 3390/3106/3372 3149/2229/3368 2368/2228/3322
f 1268/3083/2059 2009/3089/2094 3150/3098/3373 2406/3091/3349
f 3157/2258/3374 3122/2266/3375 1988/3880/2097 1987/3878/2096
f 2549/2233/3325 3146/2232/3376 3145/2238/3370 2369/2239/3326
f 2557/2224/3323 3148/2225/3369 3147/2226/3377 2570/2227/3324
f 2570/2227/3324 3147/2226/3377 3146/2232/3376 2549/2233/3325
f 1978/1379/2101 1992/1380/3378 3136/2404/3379 3131/2400/3380
f 3135/2396/3381 3127/2387/3382 3394/2395/3383 3395/2401/3384
f 3142/2393/3385 3134/2384/3386 3128/2375/3387 3143/2388/3388
f 3134/2384/3386 3132/2383/3389 3133/2376/3390 3128/2375/3387
f 3138/2379/3391 3127/2387/3382 3143/2388/3388 3128/2375/3387
f 3393/2386/3392 3394/2395/3383 3127/2387/3382 3138/2379/3391
f 1984/3358/2079 3027/3372/3359 3077/3385/3358 1985/3373/2077
f 1993/3176/2117 1978/1379/2101 3131/2400/3380 3137/2394/3393
f 3141/2392/3394 3132/2383/3389 3134/2384/3386 3142/2393/3385
f 3130/2399/3395 3135/2396/3381 3395/2401/3384 3396/2403/3396
f 1992/1380/3378 1979/1381/2123 3129/2405/3397 3136/2404/3379
f 3139/2402/3398 3129/2405/3397 1979/1381/2123 1996/4533/2125
f 3140/2391/3399 3130/2399/3395 3396/2403/3396 3397/2398/3400
f 3141/2392/3394 3130/2399/3395 3140/2391/3399 3132/2383/3389
f 3135/2396/3381 3130/2399/3395 3141/2392/3394 3142/2393/3385
f 3127/2387/3382 3135/2396/3381 3142/2393/3385 3143/2388/3388
f 3156/2244/3401 3123/2249/3402 3398/2257/3403 3399/2250/3404
f 3155/2237/3405 3125/2243/3406 3123/2249/3402 3156/2244/3401
f 3154/2231/3407 3126/2236/3408 3125/2243/3406 3155/2237/3405
f 3153/2230/3409 3121/2235/3410 3126/2236/3408 3154/2231/3407
f 3152/2234/3411 3120/2240/3412 3121/2235/3410 3153/2230/3409
f 3391/3113/3413 3392/3119/3414 3120/2240/3412 3152/2234/3411
f 3390/3106/3372 3391/3113/3413 3152/2234/3411 3149/2229/3368
f 3149/2229/3368 3152/2234/3411 3153/2230/3409 3148/2225/3369
f 3148/2225/3369 3153/2230/3409 3154/2231/3407 3147/2226/3377
f 3147/2226/3377 3154/2231/3407 3155/2237/3405 3146/2232/3376
f 3146/2232/3376 3155/2237/3405 3156/2244/3401 3145/2238/3370
f 3145/2238/3370 3156/2244/3401 3399/2250/3404 3400/2251/3371
f 3144/2259/3415 3157/2258/3374 1987/3878/2096 2017/3876/2143
f 2405/3877/3350 3144/2259/3415 2017/3876/2143 1269/4581/2063
f 1986/4550/2144 3124/3112/3416 3151/3105/3417 2018/3097/2145
f 2018/3097/2145 3151/3105/3417 3150/3098/3373 2009/3089/2094
f 1143/4328/1627 1313/4682/1588 3159/4681/1304 3158/4322/1307
f 3160/4308/1305 3159/4315/1304 1313/4321/1588 1144/4314/1591
f 1144/4314/1591 1363/4309/1743 3161/4302/1740 3160/4308/1305
f 3162/4298/1758 3161/4302/1740 1363/4309/1743 1374/4303/1755
f 3163/4294/1302 3162/4298/1758 1374/4303/1755 1351/4299/1592
f 3164/4291/1303 3163/4294/1302 1351/4299/1592 1145/4295/1595
f 1145/4295/1595 1744/4292/1596 3165/4288/1300 3164/4291/1303
f 3166/4289/1301 3165/4288/1300 1744/4292/1596 1146/3287/1599
f 1146/3287/1599 1754/3250/1600 3167/3234/1298 3166/4289/1301
f 3168/3218/1299 3167/3234/1298 1754/3250/1600 1147/3232/1603
f 1147/3232/1603 1543/3219/1605 3169/3206/1362 3168/3218/1299
f 3170/3195/1788 3169/3206/1362 1543/3219/1605 1553/3207/1785
f 3171/3188/1360 3170/3195/1788 1553/3207/1785 1148/3196/1609
f 1148/3196/1609 1621/3197/1608 3172/3189/1361 3171/3188/1360
f 3173/3193/1934 3172/3189/1361 1621/3197/1608 1205/3203/1935
f 3174/3201/1478 3173/3193/1934 1205/3203/1935 1577/3215/1473
f 3175/3213/1356 3174/3201/1478 1577/3215/1473 1149/3228/1476
f 1149/3228/1476 1334/3239/1611 3176/3223/1357 3175/3213/1356
f 3177/3240/1713 3176/3223/1357 1334/3239/1611 1324/3256/1712
f 3178/3257/1724 3177/3240/1713 1324/3256/1712 1341/3275/1727
f 3179/3276/1694 3178/3257/1724 1341/3275/1727 1792/3295/1689
f 3180/3296/1695 3179/3276/1694 1792/3295/1689 1150/3311/1692
f 3181/3312/2052 3180/3296/1695 1150/3311/1692 1865/3328/2072
f 3182/3329/2055 3181/3312/2052 1865/3328/2072 1867/3343/2078
f 1923/3359/2076 3183/3344/2054 3182/3329/2055 1867/3343/2078
f 3184/3360/2053 3183/3344/2054 1923/3359/2076 1866/3374/2074
f 3185/3375/2051 3184/3360/2053 1866/3374/2074 1864/3387/2070
f 3186/3388/2049 3185/3375/2051 1864/3387/2070 1863/3398/2067
f 3187/4233/2050 3186/3388/2049 1863/3398/2067 1862/4238/2066
f 3188/4230/2048 3187/4233/2050 1862/4238/2066 1861/4234/2064
f 3189/4231/2046 3188/4230/2048 1861/4234/2064 1860/4235/2061
f 3190/4236/2047 3189/4231/2046 1860/4235/2061 1151/4241/2060
f 3191/1218/2090 3190/3873/2047 1151/3874/2060 2002/1225/2142
f 3192/1219/2129 3191/1218/2090 2002/1225/2142 2016/1226/2095
f 3193/1227/2130 3192/1219/2129 2016/1226/2095 1968/1233/2098
f 3195/1374/2121 3194/1368/2127 1997/1373/2124 1975/1377/2122
f 3196/1375/2106 3195/1374/2121 1975/1377/2122 1991/1378/2103
f 3197/1371/2107 3196/1375/2106 1991/1378/2103 1977/1376/2102
f 1994/1372/2118 3198/1365/2116 3197/1371/2107 1977/1376/2102
f 2010/3088/2146 3200/3082/2141 3199/3090/2140 1970/3096/2147
f 2008/3081/2093 3201/3072/2092 3200/3082/2141 2010/3088/2146
f 1152/3073/2058 3202/4524/2045 3201/3072/2092 2008/3081/2093
f 3203/3053/2044 3202/3062/2045 1152/4528/2058 1859/3063/2056
f 3204/3045/1681 3203/3053/2044 1859/3063/2056 1153/3054/1688
f 1153/3054/1688 1780/3046/1687 3205/3037/1682 3204/3045/1681
f 3206/3030/1731 3205/3037/1682 1780/3046/1687 1344/3038/1728
f 3207/3024/1708 3206/3030/1731 1344/3038/1728 1321/3031/1709
f 3208/3019/1355 3207/3024/1708 1321/3031/1709 1331/3025/1612
f 3209/3020/1352 3208/3019/1355 1331/3025/1612 1154/3026/1365
f 3210/3021/1353 3209/3020/1352 1154/3026/1365 1316/3027/1364
f 3211/4392/1349 3210/4400/1353 1316/4407/1364 1155/4401/1369
f 3212/4385/1350 3211/4392/1349 1155/4401/1369 1311/4393/1368
f 3213/4376/1524 3212/4385/1350 1311/4393/1368 1156/4386/1653
f 3214/4367/1525 3213/4376/1524 1156/4386/1653 1394/4377/1652
f 3215/4358/1821 3214/4367/1525 1394/4377/1652 1710/4368/1818
f 3216/4979/1345 3215/4358/1821 1710/4368/1818 1228/4980/1373
f 3217/4348/1346 3216/4352/1345 1228/4359/1373 1673/4353/1372
f 3218/4346/1341 3217/4348/1346 1673/4353/1372 1157/4349/1377
f 3219/4347/1342 3218/4346/1341 1157/4349/1377 1664/4350/1376
f 3220/4351/1993 3219/4347/1342 1664/4350/1376 1432/4356/1992
f 3221/4357/1879 3220/4351/1993 1432/4356/1992 1725/4364/1877
f 3222/4673/1880 3221/4357/1879 1725/4364/1877 1158/3625/1649
s 33
f 1169/3751/3418 1581/3752/3419 3224/3748/1503 3223/3747/1502
f 3225/3753/1939 3224/3748/1503 1581/3752/3419 1218/3755/3420
f 3226/3756/1337 3225/3753/1939 1218/3755/3420 1617/3758/3421
f 3227/3759/1338 3226/3756/1337 1617/3758/3421 1170/3761/3422
f 3228/4437/1510 3227/4436/1338 1170/4438/3422 1223/4439/3423
s 3
f 1159/3575/1382 3230/3567/1507 3229/3577/1506 1220/3587/3424
f 1159/3575/1382 1556/3566/1784 3231/3560/1781 3230/3567/1507
f 1540/3561/1614 3232/3556/1335 3231/3560/1781 1556/3566/1784
f 3233/3554/1331 3232/3556/1335 1540/3561/1614 1160/3557/1617
f 3234/3555/1332 3233/3554/1331 1160/3557/1617 1298/3558/1619
f 3235/3559/1677 3234/3555/1332 1298/3558/1619 1248/3564/1676
f 3236/3565/1585 3235/3559/1677 1248/3564/1676 1505/3573/1582
f 3237/3574/1327 3236/3565/1585 1505/3573/1582 1161/3584/1385
f 3238/3585/1328 3237/3574/1327 1161/3584/1385 1512/3593/1384
f 3239/3594/1930 3238/3585/1328 1512/3593/1384 1484/3602/1928
f 3240/3603/1323 3239/3594/1930 1484/3602/1928 1162/3611/1389
f 3241/3620/1324 3240/3603/1323 1162/3611/1389 1492/3621/1388
f 3242/4340/1319 3241/3620/1324 1492/3621/1388 1163/3632/1393
f 3243/3687/1320 3242/4340/1319 1163/3632/1393 1500/4341/1392
f 3244/4961/1450 3243/3687/1320 1500/4341/1392 1164/3688/1639
f 3245/3686/1451 3244/3685/1450 1164/4976/1639 1200/3689/1470
f 3246/3690/1468 3245/3686/1451 1200/3689/1470 1197/3693/1469
f 3247/3694/1465 3246/3690/1468 1197/3693/1469 1198/3698/1635
f 3248/4425/1466 3247/3694/1465 1198/3698/1635 1199/4426/1637
f 1199/4426/1637 1728/4429/1876 3249/4427/1874 3248/4425/1466
f 3250/3728/1988 3249/4427/1874 1728/4429/1876 1429/3736/1989
f 3251/3720/1446 3250/3728/1988 1429/3736/1989 1661/3727/1640
f 3252/3713/1447 3251/3720/1446 1661/3727/1640 1165/3719/1643
f 1165/3719/1643 1670/3714/1644 3253/3709/1443 3252/3713/1447
f 3254/3707/1444 3253/3709/1443 1670/3714/1644 1194/3710/1631
f 3255/3708/1461 3254/3707/1444 1194/3710/1631 1195/3711/1630
f 3256/3712/1462 3255/3708/1461 1195/3711/1630 1196/3717/1633
f 1196/3717/1633 1204/3725/1453 3257/3718/1441 3256/3712/1462
f 3258/4420/1442 3257/3718/1441 1204/3725/1453 1166/4421/1456
f 1166/3515/1456 1497/3505/1620 3259/3499/1316 3258/3506/1442
f 3260/3494/1317 3259/3499/1316 1497/3505/1620 1167/3497/1623
f 1167/3497/1623 1489/4937/1932 3261/4936/1314 3260/3494/1317
f 3277/895/1544 3276/3765/1543 1233/3768/1538 1230/908/1541
f 3278/881/1815 3277/895/1544 1230/908/1541 1692/896/1817
f 3279/882/1309 3278/881/1815 1692/896/1817 1391/897/1395
f 3280/4941/1310 3279/882/1309 1391/897/1395 1231/3431/1398
f 1236/3433/1659 3281/3432/1548 3280/3430/1310 1231/4945/1398
f 1521/3435/1660 3282/3434/1557 3281/3432/1548 1236/3433/1659
f 1239/3437/1663 3283/3436/1558 3282/3434/1557 1521/3435/1660
f 1516/3441/1664 3284/3440/1567 3283/3436/1558 1239/3437/1663
f 1242/3446/1667 3285/3445/1568 3284/3440/1567 1516/3441/1664
f 1526/3452/1668 3286/3451/1577 3285/3445/1568 1242/3446/1667
f 1245/3459/1671 3287/3458/1578 3286/3451/1577 1526/3452/1668
f 1302/3464/1656 3288/3463/1534 3287/3458/1578 1245/3459/1671
f 1168/3470/1655 3289/3469/1535 3288/3463/1534 1302/3464/1656
f 1168/3470/1655 1308/3475/1624 3290/3474/1306 3289/3469/1535
f 3158/4322/1307 3290/3474/1306 1308/3475/1624 1143/4328/1627
f 2400/3305/2949 3292/4307/2683 3291/3304/2682 2917/3284/2950
f 3293/4306/2684 3292/4307/2683 2400/3305/2949 2908/4301/2948
f 2399/4305/2947 3294/4312/2685 3293/4306/2684 2908/4301/2948
f 3295/4318/2686 3294/4312/2685 2399/4305/2947 2548/4311/2946
f 3296/4324/3062 3295/4318/2686 2548/4311/2946 2569/4317/3060
f 3297/4329/3046 3296/4324/3062 2569/4317/3060 2558/4323/3048
f 2398/4326/2945 3298/4332/2687 3297/4329/3046 2558/4323/3048
f 3299/4679/2688 3298/4332/2687 2398/4326/2945 2518/4680/2944
f 2397/4336/2963 3300/4339/2689 3299/4335/2688 2518/4331/2944
f 3301/3485/2690 3300/4339/2689 2397/4336/2963 2515/3483/2962
f 2422/3481/2978 3302/3484/2893 3301/3485/2690 2515/3483/2962
f 2422/3481/2978 2510/3477/2977 3303/3482/2894 3302/3484/2893
f 2510/3477/2977 2499/3472/2986 3304/3478/2934 3303/3482/2894
f 2499/3472/2986 2707/3466/2985 3305/3473/2935 3304/3478/2934
f 2707/3466/2985 2496/3461/2984 3306/3467/2924 3305/3473/2935
f 2496/3461/2984 2699/3454/2983 3307/3462/2925 3306/3467/2924
f 2699/3454/2983 2493/3448/2982 3308/3455/2914 3307/3462/2925
f 2493/3448/2982 2703/3444/2981 3309/3450/2915 3308/3455/2914
f 2703/3444/2981 2490/3443/2979 3310/3449/2905 3309/3450/2915
f 2490/3443/2979 2485/3456/2763 3311/4940/2693 3310/3449/2905
f 3312/1907/2694 3311/3457/2693 2485/4944/2763 2585/1920/2762
f 3313/1908/3117 3312/1907/2694 2585/1920/2762 2860/1921/3118
f 3314/1922/2901 3313/1908/3117 2860/1921/3118 2484/1932/2898
f 3315/4066/2902 3314/1922/2901 2484/1932/2898 2487/4069/2897
f 2421/3510/2961 3331/3520/2699 3330/3521/2698 2678/4935/3228
f 3332/3529/2700 3331/3520/2699 2421/3510/2961 2684/3519/2960
f 2420/3530/2819 3333/3536/2806 3332/3529/2700 2684/3519/2960
f 3334/3743/2807 3333/4424/2806 2420/4423/2819 2458/3739/2818
f 2450/3732/2966 3335/3738/2824 3334/3743/2807 2458/3739/2818
f 3336/3731/2825 3335/3738/2824 2450/3732/2966 2449/3723/2965
f 3337/3730/2808 3336/3731/2825 2449/3723/2965 2448/3722/2964
f 3338/3737/2809 3337/3730/2808 2448/3722/2964 2840/3729/2972
f 2419/3734/2971 3339/3741/2812 3338/3737/2809 2840/3729/2972
f 3340/3744/2813 3339/3741/2812 2419/3734/2971 2833/3740/2970
f 3341/3746/3282 3340/3744/2813 2833/3740/2970 2621/3745/3283
f 3342/4434/3174 3341/3746/3282 2621/3745/3283 2892/4433/3175
f 2453/4430/2968 3343/4432/2827 3342/4434/3174 2892/4433/3175
f 3344/3706/2828 3343/4432/2827 2453/4430/2968 2452/3704/2967
f 3345/3703/2830 3344/3706/2828 2452/3704/2967 2451/3701/2832
f 3346/3700/2816 3345/3703/2830 2451/3701/2832 2454/3696/2833
f 3347/4957/2817 3346/3700/2816 2454/3696/2833 2418/4970/2969
f 3348/3705/2703 3347/3699/2817 2418/3695/2969 2685/4344/2761
f 3349/4345/2704 3348/3705/2703 2685/4344/2761 2417/3635/2760
f 3350/3634/2707 3349/4345/2704 2417/3635/2760 2679/3631/2759
f 3351/3630/2708 3350/3634/2707 2679/3631/2759 2416/3627/2758
f 3352/3626/3227 3351/3630/2708 2416/3627/2758 2673/3618/3226
f 3353/3617/2711 3352/3626/3227 2673/3618/3226 2695/3609/2757
f 3354/3608/2712 3353/3617/2711 2695/3609/2757 2415/3600/2756
f 3355/3599/2941 3354/3608/2712 2415/3600/2756 2690/3591/2939
f 3356/3590/2992 3355/3599/2941 2690/3591/2939 2502/3582/2990
f 3357/3581/2715 3356/3590/2992 2502/3582/2990 2506/3571/2959
f 3358/3580/2716 3357/3581/2715 2506/3571/2959 2414/3570/2958
f 3359/3589/2718 3358/3580/2716 2414/3570/2958 2720/3579/2957
f 2720/3579/2957 2732/3588/3087 3360/3598/3085 3359/3589/2718
f 2413/3595/2755 3361/3605/2865 3360/3598/3085 2732/3588/3087
f 2413/3595/2755 2474/3613/3425 3362/3614/2866 3361/3605/2865
s 135
f 3364/4500/2721 3363/4499/2870 2477/4501/3426 2424/4502/3427
f 3365/4059/2722 3364/4062/2721 2424/4063/3427 2791/4060/3428
f 3366/4056/3234 3365/4059/2722 2791/4060/3428 2472/4057/3429
f 3367/4049/2861 3366/4056/3234 2472/4057/3429 2755/4054/3430
f 2423/4053/3431 3368/4050/2862 3367/4049/2861 2755/4054/3430
s 3
f 3370/4390/3178 3369/4668/3177 2412/3629/2973 2891/4382/3176
f 3371/4383/3285 3370/4390/3178 2891/4382/3176 2622/4372/3284
f 3372/4374/2725 3371/4383/3285 2622/4372/3284 2834/4363/2753
f 3373/4373/2726 3372/4374/2725 2834/4363/2753 2411/4362/2752
f 3374/4380/2729 3373/4373/2726 2411/4362/2752 2841/4370/2751
f 3375/4977/2730 3374/4380/2729 2841/4370/2751 2482/4978/2750
f 3376/4396/3121 3375/4389/2730 2482/4379/2750 2878/4388/3119
f 3377/4404/2883 3376/4396/3121 2878/4388/3119 2586/4395/2976
f 3378/4410/2884 3377/4404/2883 2586/4395/2976 2410/4403/2975
f 3379/4414/2733 3378/4410/2884 2410/4403/2975 2516/4409/2749
f 3380/4417/2734 3379/4414/2733 2516/4409/2749 2409/4413/2748
f 3381/4419/2736 3380/4417/2734 2409/4413/2748 2519/4416/2747
f 3382/3050/2737 3381/3051/2736 2519/3042/2747 2408/3041/2746
f 3383/3049/2738 3382/3050/2737 2408/3041/2746 2532/3040/2956
f 3384/3057/3018 3383/3049/2738 2532/3040/2956 2524/3048/3019
f 3385/3066/3037 3384/3057/3018 2524/3048/3019 2541/3056/3035
f 3386/3076/2995 3385/3066/3037 2541/3056/3035 2941/3065/3000
f 2407/3075/2999 3387/3085/2996 3386/3076/2995 2941/3065/3000
f 3388/3092/3336 3387/3085/2996 2407/3075/2999 3019/3084/3348
f 3389/4523/3337 3388/3092/3336 3019/3084/3348 2406/4527/3349
f 2406/3091/3349 3150/3098/3373 3390/3106/3372 3389/3100/3337
f 3150/3098/3373 3151/3105/3417 3391/3113/3413 3390/3106/3372
f 3151/3105/3417 3124/3112/3416 3392/3119/3414 3391/3113/3413
f 3137/2394/3393 3131/2400/3380 3394/2395/3383 3393/2386/3392
f 3395/2401/3384 3394/2395/3383 3131/2400/3380 3136/2404/3379
f 3396/2403/3396 3395/2401/3384 3136/2404/3379 3129/2405/3397
f 3397/2398/3400 3396/2403/3396 3129/2405/3397 3139/2402/3398
f 3399/2250/3404 3398/2257/3403 3122/2266/3375 3157/2258/3374
f 3400/2251/3371 3399/2250/3404 3157/2258/3374 3144/2259/3415
f 3401/3879/3338 3400/2251/3371 3144/2259/3415 2405/3877/3350
f 3402/4249/3339 3401/4251/3338 2405/4247/3350 3020/4243/3351
f 3403/4248/3340 3402/4249/3339 3020/4243/3351 3021/4244/3352
f 3404/4250/3341 3403/4248/3340 3021/4244/3352 3022/4246/3353
f 3405/3418/3342 3404/4250/3341 3022/4246/3353 3023/3413/3354
f 3406/3412/3343 3405/3418/3342 3023/3413/3354 3024/3405/3355
f 3407/3404/3345 3406/3412/3343 3024/3405/3355 3026/3396/3357
f 3408/3395/3346 3407/3404/3345 3026/3396/3357 3077/3385/3358
f 3077/3385/3358 3027/3372/3359 3409/3384/3347 3408/3395/3346
f 3410/3371/3344 3409/3384/3347 3027/3372/3359 3025/3357/3356
f 3411/3356/3005 3410/3371/3344 3025/3357/3356 2404/3341/3002
f 3412/3340/3006 3411/3356/3005 2404/3341/3002 2953/3326/3001
f 3413/3325/3033 3412/3340/3006 2953/3326/3001 2540/3309/3034
f 3414/3308/3022 3413/3325/3033 2540/3309/3034 2525/3293/3020
f 3415/3292/2739 3414/3308/3022 2525/3293/3020 2533/3273/2955
f 2403/3263/2835 3416/3281/2740 3415/3292/2739 2533/3273/2955
f 3417/3264/2837 3416/3281/2740 2403/3263/2835 2753/3247/2834
f 3418/3248/3230 3417/3264/2837 2753/3247/2834 2459/3231/3231
f 3419/3238/2743 3418/3248/3230 2459/3231/3231 2793/3222/2954
f 2402/3221/2953 3420/3237/2744 3419/3238/2743 2793/3222/2954
f 3421/3252/3090 3420/3237/2744 2402/3221/2953 2731/3236/3088
f 3422/3269/2745 3421/3252/3090 2731/3236/3088 2721/3251/2952
f 2401/3266/2951 3423/3285/2681 3422/3269/2745 2721/3251/2952
f 3291/3304/2682 3423/3285/2681 2401/3266/2951 2917/3284/2950
f 3426/2449/3432 3425/2452/3433 3428/4384/3434 3427/4375/3435
f 3425/2452/3433 3424/2454/3436 3429/4391/3437 3428/4384/3434
f 3432/883/3438 3431/898/3439 3434/884/3440 3433/869/3441
f 3431/898/3439 3430/911/3442 3435/899/3443 3434/884/3440
s 177
f 3453/2468/3444 3452/2472/3445 3455/4441/3446 3454/4442/3447
f 3452/2472/3445 3451/2473/3448 3456/4440/3449 3455/4441/3446
s 178
f 3468/2406/3450 3467/2407/3451 3470/2408/3452 3469/2409/3453
f 3467/2407/3451 3466/2412/3454 3471/2413/3455 3470/2408/3452
s 3
f 3483/1930/3456 3482/1917/3457 3485/1902/3458 3484/1918/3459
f 3482/1917/3457 3481/1906/3460 3486/1891/3461 3485/1902/3458
s 180
f 3504/2488/3462 3503/2487/3463 3506/4504/3464 3505/4503/3465
f 3503/2487/3463 3502/2490/3466 3507/4505/3467 3506/4504/3464
s 181
f 3454/2431/3468 3457/2432/3469 1618/2433/3470 1159/2434/3471
s 33
f 3450/2462/3472 3229/2463/3473 1221/2459/3474 3445/2458/3475
s 3
f 1126/821/1508 1615/820/1856 3439/838/3476 3442/839/3477
f 1127/4366/1853 3222/4365/1880 3427/4375/3435 3432/883/3478
f 3432/883/3438 3433/869/3441 1583/855/1850 1127/4366/1853
s 181
f 1158/2448/3479 1580/2443/3480 3463/2442/3481 3426/2449/3482
s 33
f 1126/2456/3483 3442/2457/3484 3445/2458/3475 1221/2459/3474
s 177
f 3453/2468/3444 3454/4442/3447 1159/4443/3485 1220/2467/3486
s 181
f 3460/2437/3487 3463/2442/3481 1580/2443/3480 1219/2438/3488
s 3
f 3433/869/3441 3436/856/3489 1216/837/1941 1583/855/1850
f 3436/856/3489 3439/838/3476 1615/820/1856 1216/837/1941
s 181
f 3457/2432/3469 3460/2437/3487 1219/2438/3488 1618/2433/3470
s 178
f 2791/2417/3490 2424/2418/3491 3505/2410/3492 3468/2406/3450
s 135
f 3496/2475/3493 3501/2483/3494 3363/4499/2870 2476/2476/2869
s 3
f 3490/1889/3495 3493/1890/3496 2425/1904/3497 2790/1905/3498
f 3368/4418/3499 3478/4415/3500 3483/1930/3501 2426/1940/3502
f 2756/1931/3503 2426/1940/3504 3483/1930/3456 3484/1918/3459
s 178
f 3472/2415/3505 3475/2424/3506 2423/2429/3507 2755/2425/3508
s 135
f 3493/2474/3509 3496/2475/3510 2476/2476/3511 2425/2477/3512
s 180
f 2424/4502/3513 2477/4501/3514 3504/2488/3462 3505/4503/3465
s 178
f 2755/2425/3508 2472/2416/3515 3469/2409/3453 3472/2415/3505
s 3
f 2471/1919/3516 2756/1931/3503 3484/1918/3459 3487/1903/3517
f 2790/1905/3498 2471/1919/3516 3487/1903/3517 3490/1889/3495
s 178
f 2472/2416/3515 2791/2417/3490 3468/2406/3450 3469/2409/3453
s 3
f 3430/911/3518 3429/4391/3437 3223/4398/3519 1172/920/3520
f 1582/912/3521 3435/899/3443 3430/911/3442 1172/920/3522
f 1217/900/3523 3438/885/3524 3435/899/3443 1582/912/3521
f 1616/886/3525 3441/871/3526 3438/885/3524 1217/900/3523
f 3444/872/3527 3441/871/3526 1616/886/3525 1171/887/3528
s 33
f 3447/2465/3529 3444/2464/3530 1171/2469/3531 1222/2470/3532
f 3228/4437/1510 3448/2471/3533 3447/2465/3534 1222/2470/1511
s 177
f 1170/4438/3535 3456/4440/3449 3451/2473/3448 1223/4439/3536
s 181
f 1617/2444/3537 3459/2440/3538 3456/2439/3539 1170/2445/3540
f 1218/2450/3541 3462/2446/3542 3459/2440/3538 1617/2444/3537
f 1581/2453/3543 3465/2451/3544 3462/2446/3542 1218/2450/3541
f 3424/2454/3545 3465/2451/3544 1581/2453/3543 1169/2455/3546
s 178
f 3471/2413/3455 3466/2412/3454 2792/2420/3547 2473/2421/3548
f 3474/2422/3549 3471/2413/3455 2473/2421/3548 2754/2427/3550
f 2412/2430/3551 3477/2428/3552 3474/2422/3549 2754/2427/3550
s 3
f 2381/1892/3151 3481/1906/3553 3480/4406/3554 3369/4397/3177
f 3486/1891/3461 3481/1906/3460 2381/1892/3151 2757/1874/3150
f 3489/1873/3555 3486/1891/3461 2757/1874/3150 2470/1856/3235
f 3492/1855/3556 3489/1873/3555 2470/1856/3235 2789/1836/3155
f 2380/4672/2868 3495/1854/3557 3492/1855/3556 2789/1836/3155
s 135
f 2380/2484/3558 2475/2485/3559 3498/2481/3560 3495/2480/3561
f 3362/2489/3562 3499/2486/3563 3498/2481/3560 2475/2485/3559
s 180
f 3507/4505/3467 3502/2490/3466 2474/2491/3564 2413/4506/3565
s 178
f 3466/2412/3454 3507/2419/3566 2413/2426/3567 2792/2420/3547
s 3
f 3427/4375/3435 3222/4365/1880 1158/2448/1649 3426/2449/3432
f 3223/4398/3519 3429/4391/3437 3424/2454/3436 1169/2455/3568
s 33
f 3451/2473/3569 3448/2471/3533 3228/4437/1510 1223/4439/3423
f 1220/2467/3570 3229/2463/3473 3450/2462/3472 3453/2468/3571
s 135
f 2474/2491/3572 3502/2490/3573 3499/2486/3563 3362/2489/3562
f 3363/4499/2870 3501/2483/3494 3504/2488/3574 2477/4501/3426
s 3
f 3475/2424/3575 3478/4415/3500 3368/4418/3499 2423/2429/3576
f 3369/4397/3177 3480/4406/3554 3477/2428/3577 2412/2430/2973
f 3427/4375/3435 3428/4384/3434 3431/898/3578 3432/883/3478
f 3428/4384/3434 3429/4391/3437 3430/911/3518 3431/898/3578
f 3433/869/3441 3434/884/3440 3437/870/3579 3436/856/3489
f 3434/884/3440 3435/899/3443 3438/885/3524 3437/870/3579
f 3436/856/3489 3437/870/3579 3440/857/3580 3439/838/3476
f 3437/870/3579 3438/885/3524 3441/871/3526 3440/857/3580
f 3439/838/3476 3440/857/3580 3443/858/3581 3442/839/3477
f 3440/857/3580 3441/871/3526 3444/872/3527 3443/858/3581
s 33
f 3442/2457/3484 3443/2460/3582 3446/2461/3583 3445/2458/3475
f 3443/2460/3582 3444/2464/3530 3447/2465/3529 3446/2461/3583
f 3445/2458/3475 3446/2461/3584 3449/2466/3585 3450/2462/3472
f 3446/2461/3584 3447/2465/3534 3448/2471/3533 3449/2466/3585
f 3450/2462/3472 3449/2466/3585 3452/2472/3586 3453/2468/3571
f 3449/2466/3585 3448/2471/3533 3451/2473/3569 3452/2472/3586
s 181
f 3454/2431/3468 3455/2435/3587 3458/2436/3588 3457/2432/3469
f 3455/2435/3587 3456/2439/3539 3459/2440/3538 3458/2436/3588
f 3457/2432/3469 3458/2436/3588 3461/2441/3589 3460/2437/3487
f 3458/2436/3588 3459/2440/3538 3462/2446/3542 3461/2441/3589
f 3460/2437/3487 3461/2441/3589 3464/2447/3590 3463/2442/3481
f 3461/2441/3589 3462/2446/3542 3465/2451/3544 3464/2447/3590
f 3424/2454/3545 3425/2452/3591 3464/2447/3590 3465/2451/3544
f 3425/2452/3591 3426/2449/3482 3463/2442/3481 3464/2447/3590
s 178
f 3469/2409/3453 3470/2408/3452 3473/2414/3592 3472/2415/3505
f 3470/2408/3452 3471/2413/3455 3474/2422/3549 3473/2414/3592
f 3472/2415/3505 3473/2414/3592 3476/2423/3593 3475/2424/3506
f 3473/2414/3592 3474/2422/3549 3477/2428/3552 3476/2423/3593
s 3
f 3475/2424/3575 3476/2423/3594 3479/4411/3595 3478/4415/3500
f 3476/2423/3594 3477/2428/3577 3480/4406/3554 3479/4411/3595
f 3478/4415/3500 3479/4411/3595 3482/1917/3596 3483/1930/3501
f 3479/4411/3595 3480/4406/3554 3481/1906/3553 3482/1917/3596
f 3484/1918/3459 3485/1902/3458 3488/1888/3597 3487/1903/3517
f 3485/1902/3458 3486/1891/3461 3489/1873/3555 3488/1888/3597
f 3487/1903/3517 3488/1888/3597 3491/1871/3598 3490/1889/3495
f 3488/1888/3597 3489/1873/3555 3492/1855/3556 3491/1871/3598
f 3490/1889/3495 3491/1871/3598 3494/1872/3599 3493/1890/3496
f 3491/1871/3598 3492/1855/3556 3495/1854/3557 3494/1872/3599
s 135
f 3493/2474/3509 3494/2478/3600 3497/2479/3601 3496/2475/3510
f 3494/2478/3600 3495/2480/3561 3498/2481/3560 3497/2479/3601
f 3496/2475/3493 3497/2479/3602 3500/2482/3603 3501/2483/3494
f 3497/2479/3602 3498/2481/3560 3499/2486/3563 3500/2482/3603
f 3501/2483/3494 3500/2482/3603 3503/2487/3604 3504/2488/3574
f 3500/2482/3603 3499/2486/3563 3502/2490/3573 3503/2487/3604
s 178
f 3466/2412/3454 3467/2407/3451 3506/2411/3605 3507/2419/3566
f 3467/2407/3451 3468/2406/3450 3505/2410/3492 3506/2411/3605
s 3
f 3510/1261/3606 3509/1268/3607 3512/1262/3608 3511/1255/3609
f 3509/1268/3607 3508/3886/3610 3513/3889/3611 3512/1262/3608
f 3534/3123/3612 3533/3130/3613 3536/4571/3614 3535/4543/3615
f 3533/3130/3613 3532/3137/3616 3537/3143/3617 3536/4571/3614
f 3540/3891/3618 3539/3895/3619 3542/3899/3620 3541/3894/3621
f 3539/3895/3619 3538/3900/3622 3543/3904/3623 3542/3899/3620
f 3546/1269/3624 3545/1274/3625 3548/1270/3626 3547/1264/3627
f 3545/1274/3625 3544/1279/3628 3549/1275/3629 3548/1270/3626
f 3564/3142/3630 3563/3148/3631 3566/4569/3632 3565/4547/3633
f 3563/3148/3631 3562/3153/3634 3567/3159/3635 3566/4569/3632
f 3570/1240/3636 3569/1247/3637 3572/1241/3638 3571/1234/3639
f 3569/1247/3637 3568/1254/3640 3573/1248/3641 3572/1241/3638
f 3576/1228/3642 3575/1235/3643 3578/1229/3644 3577/1221/3645
f 3575/1235/3643 3574/1242/3646 3579/1236/3647 3578/1229/3644
f 3594/3103/3648 3593/3110/3649 3596/4567/3650 3595/4549/3651
f 3593/3110/3649 3592/3116/3652 3597/3124/3653 3596/4567/3650
f 3600/1303/3654 3599/1304/3655 3602/1295/3656 3601/1294/3657
f 3599/1304/3655 3598/1322/3658 3603/1313/3659 3602/1295/3656
f 3606/1284/3660 3605/1289/3661 3608/1285/3662 3607/1280/3663
f 3605/1289/3661 3604/1296/3664 3609/1290/3665 3608/1285/3662
f 3624/3158/3666 3623/1312/3667 3626/4565/3668 3625/4545/3669
f 3623/1312/3667 3622/1311/3670 3627/3168/3671 3626/4565/3668
f 3642/1323/3672 3641/1332/3673 3644/1324/3674 3643/1314/3675
f 3641/1332/3673 3640/1341/3676 3645/1333/3677 3644/1324/3674
f 3648/1305/3678 3647/1315/3679 3650/1306/3680 3649/1297/3681
f 3647/1315/3679 3646/1325/3682 3651/1316/3683 3650/1306/3680
f 3666/1321/3684 3665/1331/3685 3668/4563/3686 3667/4541/3687
f 3665/1331/3685 3664/1340/3688 3669/3172/3689 3668/4563/3686
f 3681/2287/3690 3680/2280/3691 3683/2272/3692 3682/2279/3693
f 3680/2280/3691 3679/2273/3694 3684/2265/3695 3683/2272/3692
f 3702/3903/3696 3701/3898/3697 3707/3902/3698 3706/3906/3699
f 3701/3898/3697 3700/3893/3700 3708/3897/3701 3707/3902/3698
f 3711/2290/3702 3710/2282/3703 3713/2275/3704 3712/2283/3705
f 3710/2282/3703 3709/2278/3706 3714/2270/3707 3713/2275/3704
f 3747/2355/3708 3746/2334/3709 3749/2324/3710 3748/2345/3711
f 3746/2334/3709 3745/2335/3712 3750/2325/3713 3749/2324/3710
f 3771/2371/3714 3770/2362/3715 3773/2352/3716 3772/2363/3717
f 3770/2362/3715 3769/2354/3718 3774/2344/3719 3773/2352/3716
f 3810/1350/3720 3809/1358/3721 3812/1351/3722 3811/1342/3723
f 3809/1358/3721 3808/1367/3724 3813/1359/3725 3812/1351/3722
f 3816/1334/3726 3815/1343/3727 3818/1335/3728 3817/1326/3729
f 3815/1343/3727 3814/1352/3730 3819/1344/3731 3818/1335/3728
f 3834/1349/3732 3833/1357/3733 3836/4562/3734 3835/4539/3735
f 3833/1357/3733 3832/1366/3736 3837/3175/3737 3836/4562/3734
f 3846/2351/3738 3845/2361/3739 3848/2357/3740 3847/2347/3741
f 3845/2361/3739 3844/2370/3742 3849/2366/3743 3848/2357/3740
f 3864/2380/3744 3863/2389/3745 3866/4561/3746 3865/4538/3747
f 3863/2389/3745 3862/2397/3748 3867/3914/3749 3866/4561/3746
f 1966/1217/2139 1967/1211/2137 3583/1216/3750 3586/1224/3751
f 1969/1220/2131 3193/1227/2130 3571/1234/3639 3576/1228/3642
f 3591/3099/3752 3199/3090/2140 1966/1217/2139 3586/1224/3751
f 1968/1233/2098 1988/4559/2097 3636/3881/3753 3570/1240/3636
f 1971/1214/2133 1969/1220/2131 3576/1228/3642 3577/1221/3645
f 1967/1211/2137 1972/1210/2135 3580/1215/3754 3583/1216/3755
f 1972/1210/2135 1971/1214/2133 3577/1221/3645 3580/1215/3754
f 3508/3886/3610 3628/4557/3756 3633/3890/3757 3540/3891/3618
f 3514/1263/3758 3513/3889/3611 3541/3894/3621 3546/1269/3624
f 3517/1257/3759 3514/1263/3758 3546/1269/3624 3547/1264/3627
f 3520/1251/3760 3517/1257/3759 3547/1264/3627 3550/1258/3761
f 3523/1252/3762 3520/1251/3760 3550/1258/3761 3553/1259/3763
f 3526/1260/3764 3523/1252/3765 3553/1259/3766 3556/1267/3767
f 3561/3141/3768 3529/3134/3769 3526/1260/3764 3556/1267/3767
f 3538/3900/3622 3631/4555/3770 3639/3905/3771 3600/1303/3654
f 3544/1279/3628 3543/3904/3623 3601/1294/3657 3606/1284/3660
f 3549/1275/3629 3544/1279/3628 3606/1284/3660 3607/1280/3663
f 3552/1271/3772 3549/1275/3773 3607/1280/3663 3610/1276/3774
f 3555/1272/3775 3552/1271/3772 3610/1276/3774 3613/1277/3776
f 3558/1278/3777 3555/1272/3778 3613/1277/3779 3616/1283/3780
f 3621/3157/3781 3559/3152/3782 3558/1278/3777 3616/1283/3780
f 3568/1254/3640 3634/4553/3783 3630/3884/3784 3510/1261/3606
f 3574/1242/3646 3573/1248/3641 3511/1255/3609 3516/1249/3785
f 3579/1236/3647 3574/1242/3646 3516/1249/3785 3519/1243/3786
f 3582/1230/3787 3579/1236/3647 3519/1243/3786 3522/1237/3788
f 3585/1231/3789 3582/1230/3787 3522/1237/3788 3525/1238/3790
f 3588/1239/3791 3585/1231/3792 3525/1238/3793 3528/1246/3794
f 3531/3120/3795 3589/3114/3796 3588/1239/3791 3528/1246/3794
f 3598/1322/3658 3637/4551/3797 3672/3909/3798 3642/1323/3672
f 3604/1296/3664 3603/1313/3659 3643/1314/3675 3648/1305/3678
f 3609/1290/3665 3604/1296/3664 3648/1305/3678 3649/1297/3681
f 3612/1286/3799 3609/1290/3665 3649/1297/3681 3652/1291/3800
f 3615/1287/3801 3612/1286/3799 3652/1291/3800 3655/1292/3802
f 3595/4549/3651 1986/3104/2144 1970/3096/2147 3594/3103/3648
f 3565/4547/3633 3537/3143/3617 3532/3137/3616 3564/3142/3630
f 3625/4545/3669 3567/3159/3635 3562/3153/3634 3624/3158/3666
f 3535/4543/3615 3597/3124/3653 3592/3116/3652 3534/3123/3612
f 3627/3168/3671 3622/1311/3670 3666/1321/3684 3667/4541/3687
f 3663/1310/3803 3619/1301/3804 3618/1293/3805 3658/1300/3806
f 3618/1293/3805 3615/1287/3807 3655/1292/3808 3658/1300/3806
f 3646/1325/3682 3645/1333/3677 3811/1342/3723 3816/1334/3726
f 3651/1316/3683 3646/1325/3682 3816/1334/3726 3817/1326/3729
f 3654/1307/3809 3651/1316/3683 3817/1326/3729 3820/1317/3810
f 3657/1308/3811 3654/1307/3809 3820/1317/3810 3823/1318/3812
f 3660/1319/3813 3657/1308/3814 3823/1318/3812 3826/1329/3815
f 3831/1339/3816 3661/1330/3817 3660/1319/3813 3826/1329/3815
f 3669/3172/3689 3664/1340/3688 3834/1349/3732 3835/4539/3735
f 3640/1341/3676 3670/4537/3818 3865/3912/3747 3810/1350/3720
f 3120/2240/3412 3676/2245/3819 3673/2241/3820 3121/2235/3410
f 3123/2249/3402 3688/2256/3821 3684/2265/3695 3398/2257/3403
f 3392/3119/3414 3685/3126/3822 3676/2245/3819 3120/2240/3412
f 3122/2266/3375 3679/2273/3694 3636/4560/3753 1988/3880/2097
f 3125/2243/3406 3691/2248/3823 3688/2256/3821 3123/2249/3402
f 3121/2235/3410 3673/2241/3824 3694/2242/3825 3126/2236/3408
f 3126/2236/3408 3694/2242/3825 3691/2248/3823 3125/2243/3406
f 3697/3888/3826 3700/3893/3700 3633/4558/3757 3628/3887/3756
f 3711/2290/3702 3715/2297/3827 3708/3897/3701 3703/3892/3828
f 3712/2283/3705 3718/2291/3829 3715/2297/3827 3711/2290/3702
f 3721/2276/3830 3724/2285/3831 3718/2291/3829 3712/2283/3705
f 3727/2277/3832 3730/2284/3833 3724/2285/3831 3721/2276/3830
f 3733/2281/3834 3736/2288/3835 3730/2284/3836 3727/2277/3837
f 3741/3156/3838 3742/3161/3839 3736/2288/3835 3733/2281/3834
f 3702/3903/3696 3745/2335/3712 3639/4556/3771 3631/3901/3770
f 3717/2307/3840 3751/2312/3841 3750/2325/3713 3706/3906/3699
f 3720/2303/3842 3754/2308/3843 3751/2312/3841 3717/2307/3840
f 3726/2299/3844 3757/2305/3845 3754/2308/3843 3720/2303/3846
f 3732/2300/3847 3760/2304/3848 3757/2305/3845 3726/2299/3844
f 3738/2301/3849 3763/2306/3850 3760/2304/3851 3732/2300/3852
f 3744/3167/3853 3766/3169/3854 3763/2306/3850 3738/2301/3849
f 3681/2287/3690 3699/2294/3855 3630/4554/3784 3634/3883/3783
f 3690/2271/3856 3709/2278/3706 3705/2286/3857 3682/2279/3693
f 3693/2263/3858 3714/2270/3707 3709/2278/3706 3690/2271/3856
f 3696/2254/3859 3723/2262/3860 3714/2270/3707 3693/2263/3858
f 3675/2253/3861 3729/2261/3862 3723/2262/3860 3696/2254/3859
f 3678/2260/3863 3735/2267/3864 3729/2261/3865 3675/2253/3866
f 3687/3140/3867 3739/3145/3868 3735/2267/3864 3678/2260/3863
f 3747/2355/3708 3769/2354/3718 3672/4552/3798 3637/3908/3797
f 3753/2326/3869 3775/2336/3870 3774/2344/3719 3748/2345/3711
f 3756/2318/3871 3778/2327/3872 3775/2336/3870 3753/2326/3869
f 3759/2314/3873 3781/2320/3874 3778/2327/3872 3756/2318/3871
f 3762/2315/3875 3784/2319/3876 3781/2320/3874 3759/2314/3873
f 3595/3111/3651 3787/3118/3877 3124/3112/3416 1986/4550/2144
f 3565/3149/3633 3793/3155/3878 3792/3150/3879 3537/4548/3617
f 3625/3162/3669 3796/3166/3880 3795/3163/3881 3567/4546/3635
f 3535/3131/3615 3790/3139/3882 3789/3132/3883 3597/4544/3653
f 3627/4542/3671 3667/3170/3687 3799/2340/3884 3798/2331/3885
f 3768/2322/3886 3805/2332/3887 3802/2323/3888 3765/2316/3889
f 3765/2316/3889 3802/2323/3888 3784/2319/3890 3762/2315/3891
f 3777/2353/3892 3856/2364/3893 3861/2372/3894 3772/2363/3717
f 3780/2346/3895 3853/2356/3896 3856/2364/3893 3777/2353/3892
f 3783/2338/3897 3850/2348/3898 3853/2356/3896 3780/2346/3895
f 3786/2339/3899 3847/2347/3741 3850/2348/3898 3783/2338/3897
f 3804/2342/3900 3846/2351/3738 3847/2347/3741 3786/2339/3901
f 3807/2350/3902 3841/2360/3903 3846/2351/3738 3804/2342/3900
f 3669/4540/3689 3835/3173/3735 3838/2368/3904 3801/2359/3905
f 3771/2371/3714 3864/2380/3744 3865/4538/3747 3670/3911/3818
f 3814/1352/3730 3813/1359/3725 3194/1368/3906 1998/1360/2126
f 3819/1344/3731 3814/1352/3730 1998/1360/2126 1980/1353/2114
f 3822/1336/3907 3819/1344/3731 1980/1353/2114 1981/1345/2113
f 3825/1337/3908 3822/1336/3907 1981/1345/2113 1974/1346/2111
f 3828/1347/3909 3825/1337/3908 1974/1346/2111 1995/1355/2115
f 3198/1365/2116 3829/1356/3910 3828/1347/3909 1995/1355/2115
f 3837/3175/3737 3832/1366/3736 1994/1372/2118 1993/4535/2117
f 3840/2385/3911 3837/4536/3737 1993/3176/2117 3137/2394/3393
f 3844/2370/3742 3843/2378/3912 3393/2386/3392 3138/2379/3391
f 3849/2366/3743 3844/2370/3742 3138/2379/3391 3128/2375/3387
f 3852/2367/3913 3849/2366/3743 3128/2375/3387 3133/2376/3390
f 3855/2374/3914 3852/2367/3913 3133/2376/3390 3132/2383/3389
f 3858/2382/3915 3855/2374/3914 3132/2383/3389 3140/2391/3399
f 3397/2398/3916 3859/2390/3917 3858/2382/3915 3140/2391/3399
f 3867/3914/3749 3862/2397/3748 3139/2402/3398 1996/4533/2125
f 3808/1367/3724 3867/4534/3749 1996/3915/2125 1997/1373/2124
f 3571/1234/3639 3193/1227/2130 1968/1233/2098 3570/1240/3636
f 3511/1255/3609 3573/1248/3641 3568/1254/3640 3510/1261/3606
f 3541/3894/3621 3513/3889/3611 3508/3886/3610 3540/3891/3618
f 3601/1294/3657 3543/3904/3623 3538/3900/3622 3600/1303/3654
f 3643/1314/3675 3603/1313/3659 3598/1322/3658 3642/1323/3672
f 3811/1342/3723 3645/1333/3677 3640/1341/3676 3810/1350/3720
f 3194/1368/3906 3813/1359/3725 3808/1367/3724 1997/1373/2124
f 3832/1366/3736 3829/1356/3910 3198/1365/2116 1994/1372/2118
f 3664/1340/3688 3661/1330/3817 3831/1339/3816 3834/1349/3732
f 3622/1311/3670 3619/1301/3804 3663/1310/3803 3666/1321/3684
f 3562/3153/3918 3559/3152/3782 3621/3157/3781 3624/3158/3919
f 3532/3137/3616 3529/3134/3769 3561/3141/3768 3564/3142/3630
f 3592/3116/3652 3589/3114/3796 3531/3120/3795 3534/3123/3612
f 1970/3096/2147 3199/3090/2140 3591/3099/3752 3594/3103/3648
f 3124/3112/3416 3787/3118/3877 3685/3126/3822 3392/3119/3414
f 3789/3132/3883 3790/3139/3882 3739/3145/3868 3687/3140/3867
f 3792/3150/3879 3793/3155/3878 3742/3161/3839 3741/3156/3838
f 3795/3163/3920 3796/3166/3921 3766/3169/3854 3744/3167/3853
f 3798/2331/3885 3799/2340/3884 3805/2332/3887 3768/2322/3886
f 3801/2359/3905 3838/2368/3904 3841/2360/3903 3807/2350/3902
f 3393/2386/3392 3843/2378/3912 3840/2385/3911 3137/2394/3393
f 3862/2397/3748 3859/2390/3917 3397/2398/3916 3139/2402/3398
f 3772/2363/3717 3861/2372/3894 3864/2380/3744 3771/2371/3714
f 3748/2345/3711 3774/2344/3719 3769/2354/3718 3747/2355/3708
f 3706/3906/3699 3750/2325/3713 3745/2335/3712 3702/3903/3696
f 3703/3892/3828 3708/3897/3701 3700/3893/3700 3697/3888/3826
f 3682/2279/3693 3705/2286/3857 3699/2294/3855 3681/2287/3690
f 3398/2257/3403 3684/2265/3695 3679/2273/3694 3122/2266/3375
f 3508/3886/3610 3509/1268/3607 3629/4572/3922 3628/4557/3756
f 3509/1268/3607 3510/1261/3606 3630/3884/3784 3629/4572/3922
f 3511/1255/3609 3512/1262/3608 3515/1256/3923 3516/1249/3785
f 3512/1262/3608 3513/3889/3611 3514/1263/3758 3515/1256/3923
f 3516/1249/3785 3515/1256/3923 3518/1250/3924 3519/1243/3786
f 3515/1256/3923 3514/1263/3758 3517/1257/3759 3518/1250/3924
f 3519/1243/3786 3518/1250/3924 3521/1244/3925 3522/1237/3788
f 3518/1250/3924 3517/1257/3759 3520/1251/3760 3521/1244/3925
f 3522/1237/3788 3521/1244/3925 3524/1245/3926 3525/1238/3790
f 3521/1244/3925 3520/1251/3760 3523/1252/3762 3524/1245/3926
f 3525/1238/3793 3524/1245/3927 3527/1253/3928 3528/1246/3794
f 3524/1245/3927 3523/1252/3765 3526/1260/3764 3527/1253/3928
f 3528/1246/3794 3527/1253/3928 3530/3127/3929 3531/3120/3795
f 3527/1253/3928 3526/1260/3764 3529/3134/3769 3530/3127/3929
f 3531/3120/3795 3530/3127/3929 3533/3130/3613 3534/3123/3612
f 3530/3127/3929 3529/3134/3769 3532/3137/3616 3533/3130/3613
f 3535/3131/3615 3536/3138/3614 3791/3144/3930 3790/3139/3882
f 3536/3138/3614 3537/4548/3617 3792/3150/3879 3791/3144/3930
f 3538/3900/3622 3539/3895/3619 3632/4570/3931 3631/4555/3770
f 3539/3895/3619 3540/3891/3618 3633/3890/3757 3632/4570/3931
f 3541/3894/3621 3542/3899/3620 3545/1274/3625 3546/1269/3624
f 3542/3899/3620 3543/3904/3623 3544/1279/3628 3545/1274/3625
f 3547/1264/3627 3548/1270/3932 3551/1265/3933 3550/1258/3761
f 3548/1270/3932 3549/1275/3773 3552/1271/3772 3551/1265/3933
f 3550/1258/3761 3551/1265/3933 3554/1266/3934 3553/1259/3763
f 3551/1265/3933 3552/1271/3772 3555/1272/3775 3554/1266/3934
f 3553/1259/3766 3554/1266/3935 3557/1273/3936 3556/1267/3767
f 3554/1266/3935 3555/1272/3778 3558/1278/3777 3557/1273/3936
f 3556/1267/3767 3557/1273/3936 3560/3146/3937 3561/3141/3768
f 3557/1273/3936 3558/1278/3777 3559/3152/3782 3560/3146/3937
f 3561/3141/3768 3560/3146/3937 3563/3148/3631 3564/3142/3630
f 3560/3146/3937 3559/3152/3782 3562/3153/3918 3563/3148/3631
f 3565/3149/3633 3566/3154/3632 3794/3160/3938 3793/3155/3878
f 3566/3154/3632 3567/4546/3635 3795/3163/3881 3794/3160/3938
f 3568/1254/3640 3569/1247/3637 3635/4568/3939 3634/4553/3783
f 3569/1247/3637 3570/1240/3636 3636/3881/3753 3635/4568/3939
f 3571/1234/3639 3572/1241/3638 3575/1235/3643 3576/1228/3642
f 3572/1241/3638 3573/1248/3641 3574/1242/3646 3575/1235/3643
f 3577/1221/3645 3578/1229/3644 3581/1222/3940 3580/1215/3754
f 3578/1229/3644 3579/1236/3647 3582/1230/3787 3581/1222/3940
f 3580/1215/3754 3581/1222/3940 3584/1223/3941 3583/1216/3755
f 3581/1222/3940 3582/1230/3787 3585/1231/3789 3584/1223/3941
f 3583/1216/3750 3584/1223/3942 3587/1232/3943 3586/1224/3751
f 3584/1223/3942 3585/1231/3792 3588/1239/3791 3587/1232/3943
f 3586/1224/3751 3587/1232/3943 3590/3107/3944 3591/3099/3752
f 3587/1232/3943 3588/1239/3791 3589/3114/3796 3590/3107/3944
f 3591/3099/3752 3590/3107/3944 3593/3110/3649 3594/3103/3648
f 3590/3107/3944 3589/3114/3796 3592/3116/3652 3593/3110/3649
f 3595/3111/3651 3596/3117/3650 3788/3125/3945 3787/3118/3877
f 3596/3117/3650 3597/4544/3653 3789/3132/3883 3788/3125/3945
f 3598/1322/3658 3599/1304/3655 3638/4566/3946 3637/4551/3797
f 3599/1304/3655 3600/1303/3654 3639/3905/3771 3638/4566/3946
f 3601/1294/3657 3602/1295/3656 3605/1289/3661 3606/1284/3660
f 3602/1295/3656 3603/1313/3659 3604/1296/3664 3605/1289/3661
f 3607/1280/3663 3608/1285/3662 3611/1281/3947 3610/1276/3774
f 3608/1285/3662 3609/1290/3665 3612/1286/3799 3611/1281/3947
f 3610/1276/3774 3611/1281/3947 3614/1282/3948 3613/1277/3776
f 3611/1281/3947 3612/1286/3799 3615/1287/3801 3614/1282/3948
f 3613/1277/3779 3614/1282/3949 3617/1288/3950 3616/1283/3780
f 3614/1282/3949 3615/1287/3807 3618/1293/3805 3617/1288/3950
f 3616/1283/3780 3617/1288/3950 3620/1302/3951 3621/3157/3781
f 3617/1288/3950 3618/1293/3805 3619/1301/3804 3620/1302/3951
f 3621/3157/3781 3620/1302/3951 3623/1312/3667 3624/3158/3919
f 3620/1302/3951 3619/1301/3804 3622/1311/3670 3623/1312/3667
f 3625/3162/3669 3626/3165/3668 3797/2330/3952 3796/3166/3880
f 3626/3165/3668 3627/4542/3671 3798/2331/3885 3797/2330/3952
f 3628/3887/3756 3629/3885/3922 3698/2296/3953 3697/3888/3826
f 3629/3885/3922 3630/4554/3784 3699/2294/3855 3698/2296/3953
f 3640/1341/3676 3641/1332/3673 3671/4564/3954 3670/4537/3818
f 3641/1332/3673 3642/1323/3672 3672/3909/3798 3671/4564/3954
f 3643/1314/3675 3644/1324/3674 3647/1315/3679 3648/1305/3678
f 3644/1324/3674 3645/1333/3677 3646/1325/3682 3647/1315/3679
f 3649/1297/3681 3650/1306/3680 3653/1298/3955 3652/1291/3800
f 3650/1306/3680 3651/1316/3683 3654/1307/3809 3653/1298/3955
f 3652/1291/3800 3653/1298/3955 3656/1299/3956 3655/1292/3802
f 3653/1298/3955 3654/1307/3809 3657/1308/3811 3656/1299/3956
f 3655/1292/3808 3656/1299/3957 3659/1309/3958 3658/1300/3806
f 3656/1299/3957 3657/1308/3814 3660/1319/3813 3659/1309/3958
f 3658/1300/3806 3659/1309/3958 3662/1320/3959 3663/1310/3803
f 3659/1309/3958 3660/1319/3813 3661/1330/3817 3662/1320/3959
f 3663/1310/3803 3662/1320/3959 3665/1331/3685 3666/1321/3684
f 3662/1320/3959 3661/1330/3817 3664/1340/3688 3665/1331/3685
f 3667/3170/3687 3668/3171/3686 3800/2349/3960 3799/2340/3884
f 3668/3171/3686 3669/4540/3689 3801/2359/3905 3800/2349/3960
f 3673/2241/3824 3674/2246/3961 3695/2247/3962 3694/2242/3825
f 3674/2246/3961 3675/2253/3861 3696/2254/3859 3695/2247/3962
f 3675/2253/3866 3674/2246/3963 3677/2252/3964 3678/2260/3863
f 3674/2246/3963 3673/2241/3820 3676/2245/3819 3677/2252/3964
f 3634/3883/3783 3635/3882/3939 3680/2280/3691 3681/2287/3690
f 3635/3882/3939 3636/4560/3753 3679/2273/3694 3680/2280/3691
f 3678/2260/3863 3677/2252/3964 3686/3133/3965 3687/3140/3867
f 3677/2252/3964 3676/2245/3819 3685/3126/3822 3686/3133/3965
f 3682/2279/3693 3683/2272/3692 3689/2264/3966 3690/2271/3856
f 3683/2272/3692 3684/2265/3695 3688/2256/3821 3689/2264/3966
f 3690/2271/3856 3689/2264/3966 3692/2255/3967 3693/2263/3858
f 3689/2264/3966 3688/2256/3821 3691/2248/3823 3692/2255/3967
f 3693/2263/3858 3692/2255/3967 3695/2247/3962 3696/2254/3859
f 3692/2255/3967 3691/2248/3823 3694/2242/3825 3695/2247/3962
f 3697/3888/3826 3698/2296/3953 3704/2289/3968 3703/3892/3828
f 3698/2296/3953 3699/2294/3855 3705/2286/3857 3704/2289/3968
f 3631/3901/3770 3632/3896/3931 3701/3898/3697 3702/3903/3696
f 3632/3896/3931 3633/4558/3757 3700/3893/3700 3701/3898/3697
f 3703/3892/3828 3704/2289/3968 3710/2282/3703 3711/2290/3702
f 3704/2289/3968 3705/2286/3857 3709/2278/3706 3710/2282/3703
f 3712/2283/3705 3713/2275/3704 3722/2268/3969 3721/2276/3830
f 3713/2275/3704 3714/2270/3707 3723/2262/3860 3722/2268/3969
f 3706/3906/3699 3707/3902/3698 3716/2302/3970 3717/2307/3840
f 3707/3902/3698 3708/3897/3701 3715/2297/3827 3716/2302/3970
f 3717/2307/3840 3716/2302/3970 3719/2298/3971 3720/2303/3842
f 3716/2302/3970 3715/2297/3827 3718/2291/3829 3719/2298/3971
f 3721/2276/3830 3722/2268/3969 3728/2269/3972 3727/2277/3832
f 3722/2268/3969 3723/2262/3860 3729/2261/3862 3728/2269/3972
f 3720/2303/3846 3719/2298/3973 3725/2292/3974 3726/2299/3844
f 3719/2298/3973 3718/2291/3829 3724/2285/3831 3725/2292/3974
f 3727/2277/3837 3728/2269/3975 3734/2274/3976 3733/2281/3834
f 3728/2269/3975 3729/2261/3865 3735/2267/3864 3734/2274/3976
f 3726/2299/3844 3725/2292/3974 3731/2293/3977 3732/2300/3847
f 3725/2292/3974 3724/2285/3831 3730/2284/3833 3731/2293/3977
f 3732/2300/3852 3731/2293/3978 3737/2295/3979 3738/2301/3849
f 3731/2293/3978 3730/2284/3836 3736/2288/3835 3737/2295/3979
f 3733/2281/3834 3734/2274/3976 3740/3151/3980 3741/3156/3838
f 3734/2274/3976 3735/2267/3864 3739/3145/3868 3740/3151/3980
f 3738/2301/3849 3737/2295/3979 3743/3164/3981 3744/3167/3853
f 3737/2295/3979 3736/2288/3835 3742/3161/3839 3743/3164/3981
f 3637/3908/3797 3638/3907/3946 3746/2334/3709 3747/2355/3708
f 3638/3907/3946 3639/4556/3771 3745/2335/3712 3746/2334/3709
f 3748/2345/3711 3749/2324/3710 3752/2317/3982 3753/2326/3869
f 3749/2324/3710 3750/2325/3713 3751/2312/3841 3752/2317/3982
f 3753/2326/3869 3752/2317/3982 3755/2313/3983 3756/2318/3871
f 3752/2317/3982 3751/2312/3841 3754/2308/3843 3755/2313/3983
f 3756/2318/3871 3755/2313/3983 3758/2309/3984 3759/2314/3873
f 3755/2313/3983 3754/2308/3843 3757/2305/3845 3758/2309/3984
f 3759/2314/3873 3758/2309/3984 3761/2310/3985 3762/2315/3875
f 3758/2309/3984 3757/2305/3845 3760/2304/3848 3761/2310/3985
f 3762/2315/3891 3761/2310/3986 3764/2311/3987 3765/2316/3889
f 3761/2310/3986 3760/2304/3851 3763/2306/3850 3764/2311/3987
f 3765/2316/3889 3764/2311/3987 3767/2321/3988 3768/2322/3886
f 3764/2311/3987 3763/2306/3850 3766/3169/3854 3767/2321/3988
f 3670/3911/3818 3671/3910/3954 3770/2362/3715 3771/2371/3714
f 3671/3910/3954 3672/4552/3798 3769/2354/3718 3770/2362/3715
f 3772/2363/3717 3773/2352/3716 3776/2343/3989 3777/2353/3892
f 3773/2352/3716 3774/2344/3719 3775/2336/3870 3776/2343/3989
f 3777/2353/3892 3776/2343/3989 3779/2337/3990 3780/2346/3895
f 3776/2343/3989 3775/2336/3870 3778/2327/3872 3779/2337/3990
f 3780/2346/3895 3779/2337/3990 3782/2328/3991 3783/2338/3897
f 3779/2337/3990 3778/2327/3872 3781/2320/3874 3782/2328/3991
f 3783/2338/3897 3782/2328/3991 3785/2329/3992 3786/2339/3899
f 3782/2328/3991 3781/2320/3874 3784/2319/3876 3785/2329/3992
f 3687/3140/3867 3686/3133/3965 3788/3125/3945 3789/3132/3883
f 3686/3133/3965 3685/3126/3822 3787/3118/3877 3788/3125/3945
f 3741/3156/3838 3740/3151/3980 3791/3144/3930 3792/3150/3879
f 3740/3151/3980 3739/3145/3868 3790/3139/3882 3791/3144/3930
f 3744/3167/3853 3743/3164/3981 3794/3160/3938 3795/3163/3920
f 3743/3164/3981 3742/3161/3839 3793/3155/3878 3794/3160/3938
f 3768/2322/3886 3767/2321/3988 3797/2330/3952 3798/2331/3885
f 3767/2321/3988 3766/3169/3854 3796/3166/3921 3797/2330/3952
f 3799/2340/3884 3800/2349/3960 3806/2341/3993 3805/2332/3887
f 3800/2349/3960 3801/2359/3905 3807/2350/3902 3806/2341/3993
f 3786/2339/3901 3785/2329/3994 3803/2333/3995 3804/2342/3900
f 3785/2329/3994 3784/2319/3890 3802/2323/3888 3803/2333/3995
f 3804/2342/3900 3803/2333/3995 3806/2341/3993 3807/2350/3902
f 3803/2333/3995 3802/2323/3888 3805/2332/3887 3806/2341/3993
f 3811/1342/3723 3812/1351/3722 3815/1343/3727 3816/1334/3726
f 3812/1351/3722 3813/1359/3725 3814/1352/3730 3815/1343/3727
f 3817/1326/3729 3818/1335/3728 3821/1327/3996 3820/1317/3810
f 3818/1335/3728 3819/1344/3731 3822/1336/3907 3821/1327/3996
f 3820/1317/3810 3821/1327/3996 3824/1328/3997 3823/1318/3812
f 3821/1327/3996 3822/1336/3907 3825/1337/3908 3824/1328/3997
f 3823/1318/3812 3824/1328/3997 3827/1338/3998 3826/1329/3815
f 3824/1328/3997 3825/1337/3908 3828/1347/3909 3827/1338/3998
f 3826/1329/3815 3827/1338/3998 3830/1348/3999 3831/1339/3816
f 3827/1338/3998 3828/1347/3909 3829/1356/3910 3830/1348/3999
f 3831/1339/3816 3830/1348/3999 3833/1357/3733 3834/1349/3732
f 3830/1348/3999 3829/1356/3910 3832/1366/3736 3833/1357/3733
f 3835/3173/3735 3836/3174/3734 3839/2377/4000 3838/2368/3904
f 3836/3174/3734 3837/4536/3737 3840/2385/3911 3839/2377/4000
f 3838/2368/3904 3839/2377/4000 3842/2369/4001 3841/2360/3903
f 3839/2377/4000 3840/2385/3911 3843/2378/3912 3842/2369/4001
f 3841/2360/3903 3842/2369/4001 3845/2361/3739 3846/2351/3738
f 3842/2369/4001 3843/2378/3912 3844/2370/3742 3845/2361/3739
f 3847/2347/3741 3848/2357/3740 3851/2358/4002 3850/2348/3898
f 3848/2357/3740 3849/2366/3743 3852/2367/3913 3851/2358/4002
f 3850/2348/3898 3851/2358/4002 3854/2365/4003 3853/2356/3896
f 3851/2358/4002 3852/2367/3913 3855/2374/3914 3854/2365/4003
f 3853/2356/3896 3854/2365/4003 3857/2373/4004 3856/2364/3893
f 3854/2365/4003 3855/2374/3914 3858/2382/3915 3857/2373/4004
f 3856/2364/3893 3857/2373/4004 3860/2381/4005 3861/2372/3894
f 3857/2373/4004 3858/2382/3915 3859/2390/3917 3860/2381/4005
f 3861/2372/3894 3860/2381/4005 3863/2389/3745 3864/2380/3744
f 3860/2381/4005 3859/2390/3917 3862/2397/3748 3863/2389/3745
f 3808/1367/3724 3809/1358/3721 3866/3913/3746 3867/4534/3749
f 3809/1358/3721 3810/1350/3720 3865/3912/3747 3866/3913/3746
s 222
f 3268/2492/4006 3267/2493/4007 3902/2494/4008 3904/2495/4009
f 3904/2495/4009 3908/2498/4010 3268/2492/4006
f 3267/2493/4007 3266/2496/4011 3900/2497/4012 3902/2494/4008
f 3266/2496/4011 3265/2499/4013 3898/2500/4014 3900/2497/4012
f 3265/2499/4013 3264/2501/4015 3896/2502/4016 3898/2500/4014
f 3264/2501/4015 3263/2503/4017 3894/2504/4018 3896/2502/4016
f 3263/2503/4017 3262/2505/4019 3892/2506/4020 3894/2504/4018
f 3262/2505/4019 3261/2507/4021 3890/2508/4022 3892/2506/4020
s 223
f 3888/3503/4023 3890/3504/4024 3261/3492/4025 1489/3498/4026
f 3886/4753/4027 3888/3503/4023 1489/3498/4026 1490/4939/4028
f 3884/3522/4029 3886/3512/4027 1490/3502/4028 2678/3511/4030
f 3882/3531/4031 3884/3522/4029 2678/3511/4030 3330/4934/4032
s 224
f 3880/2517/4033 3882/2521/4034 3330/2522/4035 3329/2518/4036
f 3878/2513/4037 3880/2517/4033 3329/2518/4036 3328/2514/4038
f 3876/2510/4039 3878/2513/4037 3328/2514/4038 3327/2511/4040
f 3874/2509/4041 3876/2510/4039 3327/2511/4040 3326/2512/4042
f 3872/2515/4043 3874/2509/4041 3326/2512/4042 3325/2516/4044
f 3870/2519/4045 3872/2515/4043 3325/2516/4044 3324/2520/4046
f 3869/2523/4047 3870/2519/4045 3324/2520/4046 3323/2524/4048
s 225
f 3868/2526/4049 3911/2527/4050 3322/2528/4051
f 3322/2528/4051 3321/2529/4052 3871/2530/4053 3868/2526/4049
f 3321/2529/4052 3320/2531/4054 3873/2532/4055 3871/2530/4053
f 3320/2531/4054 3319/2533/4056 3875/2534/4057 3873/2532/4055
f 3319/2533/4056 3318/2535/4058 3877/2536/4059 3875/2534/4057
f 3318/2535/4058 3317/2537/4060 3879/2538/4061 3877/2536/4059
f 3317/2537/4060 3316/2539/4062 3881/2540/4063 3879/2538/4061
f 3316/2539/4062 3315/2541/4064 3883/2542/4065 3881/2540/4063
s 226
f 3315/4511/4066 2487/4512/4067 3885/4513/4068 3883/4514/4069
f 2487/4512/4067 1289/4767/4070 3887/4765/4071 3885/4513/4068
f 1289/4515/4070 1233/4517/4072 3889/4518/4073 3887/4516/4071
f 1233/4517/4072 3276/4519/4074 3891/4520/4075 3889/4518/4073
s 227
f 3893/2551/4076 3891/2555/4077 3276/2556/4078 3275/2552/4079
f 3895/2547/4080 3893/2551/4076 3275/2552/4079 3274/2548/4081
f 3897/2544/4082 3895/2547/4080 3274/2548/4081 3273/2545/4083
f 3899/2543/4084 3897/2544/4082 3273/2545/4083 3272/2546/4085
f 3901/2549/4086 3899/2543/4084 3272/2546/4085 3271/2550/4087
f 3903/2553/4088 3901/2549/4086 3271/2550/4087 3270/2554/4089
f 3905/2557/4090 3903/2553/4088 3270/2554/4089 3269/2558/4091
f 3906/2559/4092 3905/2557/4090 3269/2558/4091
s 224
f 3909/2525/4093 3869/2523/4047 3323/2524/4048
s off
f 3926/3796/4094 3927/3535/4095 3910/3540/4096 3911/3802/4097
f 3911/3802/4098 3868/3810/4099 3925/3803/4100 3926/3796/4101
f 3868/3810/4102 3871/3818/4103 3924/3811/4104 3925/3803/4105
f 3871/3818/4106 3873/3825/4107 3923/3819/4108 3924/3811/4109
f 3873/3825/4110 3875/3832/4111 3922/3826/4112 3923/3819/4113
f 3875/3832/4114 3877/3837/4115 3921/3833/4116 3922/3826/4117
f 3877/3837/4118 3879/3843/4119 3920/3838/4120 3921/3833/4121
f 3879/3843/4122 3881/3847/4123 3919/3844/4124 3920/3838/4125
f 3881/3847/4126 3883/3851/4127 3918/3848/4128 3919/3844/4129
s 228
f 3885/3849/4130 3916/3846/4131 3918/3848/4132 3883/3851/4133
f 3912/3841/4134 3887/4092/4135 3889/4093/4136 3914/3842/4137
s 229
f 3939/4762/4138 3938/4763/4139 3940/4946/4140 3941/3823/4141
s 230
f 3942/4761/4142 3939/4762/4143 3941/3823/4144 3943/3815/4145
s 231
f 3944/4760/4146 3942/4761/4147 3943/3815/4148 3945/3807/4149
s 232
f 3946/4759/4150 3944/4760/4151 3945/3807/4152 3947/3800/4153
s 233
f 3948/4758/4154 3946/4759/4155 3947/3800/4156 3949/3794/4157
s 234
f 3950/4757/4158 3948/4758/4159 3949/3794/4160 3951/3789/4161
s 235
f 3952/4756/4162 3950/4757/4163 3951/3789/4164 3953/3784/4165
s 236
f 3954/4754/4166 3952/4756/4167 3953/3784/4168 3955/3778/4169
s 237
f 3955/3778/4170 3956/3777/4171 3957/4755/4172 3954/4754/4173
s 228
f 3914/3842/4137 3889/4093/4136 3891/4094/4174 3937/4095/4175
s off
f 3936/4096/4176 3937/4095/4177 3891/4094/4178 3893/4097/4179
f 3935/4098/4180 3936/4096/4181 3893/4097/4182 3895/4099/4183
f 3934/4100/4184 3935/4098/4185 3895/4099/4186 3897/4101/4187
f 3933/4102/4188 3934/4100/4189 3897/4101/4190 3899/4103/4191
f 3932/4104/4192 3933/4102/4193 3899/4103/4194 3901/4105/4195
f 3931/3780/4196 3932/4104/4197 3901/4105/4198 3903/4106/4199
f 3930/3775/4200 3931/3780/4201 3903/3781/4202 3905/3776/4203
f 3929/3772/4204 3930/3775/4205 3905/3776/4206 3906/3771/4207
f 3906/3771/4208 3907/5006/4209 3928/4956/4210 3929/3772/4211
s 228
f 3885/3849/4130 3887/3850/4135 3912/4764/4134 3916/3846/4131
s 229
f 3959/3835/4212 3958/3840/4213 3938/3836/4139 3939/3829/4138
s 230
f 3960/3828/4214 3959/3835/4215 3939/3829/4143 3942/3822/4142
s 231
f 3961/3821/4216 3960/3828/4217 3942/3822/4147 3944/3814/4146
s 232
f 3962/3813/4218 3961/3821/4219 3944/3814/4151 3946/3806/4150
s 233
f 3963/3805/4220 3962/3813/4221 3946/3806/4155 3948/3799/4154
s 234
f 3964/3798/4222 3963/3805/4223 3948/3799/4159 3950/3793/4158
s 235
f 3965/3792/4224 3964/3798/4225 3950/3793/4163 3952/3788/4162
s 236
f 3966/3787/4226 3965/3792/4227 3952/3788/4167 3954/3783/4166
s 237
f 3954/3783/4173 3957/3782/4172 3967/3786/4228 3966/3787/4229
s 229
f 3969/3839/4230 3968/3845/4231 3958/3840/4213 3959/3835/4212
s 230
f 3970/3834/4232 3969/3839/4233 3959/3835/4215 3960/3828/4214
s 231
f 3971/3827/4234 3970/3834/4235 3960/3828/4217 3961/3821/4216
s 232
f 3972/3820/4236 3971/3827/4237 3961/3821/4219 3962/3813/4218
s 233
f 3973/3812/4238 3972/3820/4239 3962/3813/4221 3963/3805/4220
s 234
f 3974/3804/4240 3973/3812/4241 3963/3805/4223 3964/3798/4222
s 235
f 3975/3797/4242 3974/3804/4243 3964/3798/4225 3965/3792/4224
s 236
f 3976/3791/4244 3975/3797/4245 3965/3792/4227 3966/3787/4226
s 237
f 3966/3787/4229 3967/3786/4228 3977/3790/4246 3976/3791/4247
f 3979/3774/4248 3978/3773/4249 3956/3777/4171 3955/3778/4170
s 236
f 3955/3778/4169 3953/3784/4168 3980/3779/4250 3979/3774/4251
s 235
f 3953/3784/4165 3951/3789/4164 3981/3785/4252 3980/3779/4253
s 234
f 3951/3789/4161 3949/3794/4160 3982/3795/4254 3981/3785/4255
s 233
f 3949/3794/4157 3947/3800/4156 3983/3801/4256 3982/3795/4257
s 232
f 3947/3800/4153 3945/3807/4152 3984/3808/4258 3983/3801/4259
s 231
f 3945/3807/4149 3943/3815/4148 3985/3816/4260 3984/3808/4261
s 230
f 3943/3815/4145 3941/3823/4144 3986/3824/4262 3985/3816/4263
s 229
f 3941/3823/4141 3940/4946/4140 3987/3831/4264 3986/3824/4265
s off
f 3912/3841/4266 3914/3842/4267 3940/3830/4268 3938/4948/4269
f 3915/3509/4270 3913/3518/4271 3957/4755/4272 3956/3777/4273
f 3916/3846/4274 3912/4764/4275 3938/4949/4276 3958/4947/4277
f 3913/4752/4278 3917/3528/4279 3967/3786/4280 3957/3782/4281
f 3919/3844/4282 3918/3848/4283 3968/3845/4284 3969/3839/4285
f 3918/3848/4286 3916/3846/4287 3958/4947/4288 3968/3845/4289
f 3920/3838/4290 3919/3844/4291 3969/3839/4292 3970/3834/4293
f 3921/3833/4294 3920/3838/4295 3970/3834/4296 3971/3827/4297
f 3922/3826/4298 3921/3833/4299 3971/3827/4300 3972/3820/4301
f 3923/3819/4302 3922/3826/4303 3972/3820/4304 3973/3812/4305
f 3924/3811/4306 3923/3819/4307 3973/3812/4308 3974/3804/4309
f 3925/3803/4310 3924/3811/4311 3974/3804/4312 3975/3797/4313
f 3926/3796/4314 3925/3803/4315 3975/3797/4316 3976/3791/4317
f 3917/3528/4318 3927/3535/4319 3977/3790/4320 3967/3786/4321
f 3927/3535/4322 3926/3796/4323 3976/3791/4324 3977/3790/4325
f 3929/3772/4326 3928/4956/4327 3978/3773/4328 3979/3774/4329
f 3928/4956/4330 3915/3509/4331 3956/3777/4332 3978/3773/4333
f 3930/3775/4334 3929/3772/4335 3979/3774/4336 3980/3779/4337
f 3931/3780/4338 3930/3775/4339 3980/3779/4340 3981/3785/4341
f 3932/4104/4342 3931/3780/4343 3981/3785/4344 3982/3795/4345
f 3933/4102/4346 3932/4104/4347 3982/3795/4348 3983/3801/4349
f 3934/4100/4350 3933/4102/4351 3983/3801/4352 3984/3808/4353
f 3935/4098/4354 3934/4100/4355 3984/3808/4356 3985/3816/4357
f 3936/4096/4358 3935/4098/4359 3985/3816/4360 3986/3824/4361
f 3914/3842/4362 3937/4095/4363 3987/3831/4364 3940/3830/4365
f 3937/4095/4366 3936/4096/4367 3986/3824/4368 3987/3831/4369
s 238
f 3907/3496/4370 3908/5004/4371 4011/5005/4372 3928/3500/4373
s off
f 4010/2592/4374 4011/2594/4375 3908/3495/4376 3904/3507/4377
f 4009/2590/4378 4010/2592/4379 3904/3507/4380 3902/3516/4381
f 4008/2588/4382 4009/2590/4383 3902/3516/4384 3900/3526/4385
f 4007/2586/4386 4008/2588/4387 3900/3526/4388 3898/3534/4389
f 4006/2584/4390 4007/2586/4391 3898/3534/4392 3896/3538/4393
f 4005/2582/4394 4006/2584/4395 3896/3538/4396 3894/3533/4397
f 4004/2578/4398 4005/2582/4399 3894/3533/4400 3892/3525/4401
f 4003/2579/4402 4004/2578/4403 3892/3525/4404 3890/3504/4405
s 239
f 3888/3503/4406 3992/3514/4407 4003/2579/4408 3890/3504/4409
f 3884/3522/4410 3990/3532/4411 3988/3523/4412 3886/3512/4413
s 241
f 4012/4107/4414 4013/4108/4415 4014/4748/4416 4015/4749/4417
s 242
f 4013/4108/4418 4016/4111/4419 4017/4747/4420 4014/4748/4421
s 243
f 4016/4111/4422 4018/4115/4423 4019/4746/4424 4017/4747/4425
s 244
f 4018/4115/4426 4020/4118/4427 4021/4745/4428 4019/4746/4429
s 245
f 4020/4118/4430 4022/4121/4431 4023/4744/4432 4021/4745/4433
s 246
f 4022/4121/4434 4024/4124/4435 4025/4743/4436 4023/4744/4437
s 247
f 4024/4124/4438 4026/4127/4439 4027/4741/4440 4025/4743/4441
s 248
f 4026/4127/4442 4028/4130/4443 4029/4131/4444 4027/4741/4445
s 238
f 3913/4752/4446 3989/4742/4447 3991/4953/4448 3917/3528/4449
s 239
f 3882/3531/4450 4002/2576/4451 3990/3532/4411 3884/3522/4410
s off
f 3882/3531/4452 3880/3542/4453 4001/2574/4454 4002/2576/4455
f 3880/3542/4456 3878/3546/4457 4000/2572/4458 4001/2574/4459
f 3878/3546/4460 3876/3550/4461 3999/2570/4462 4000/2572/4463
f 3876/3550/4464 3874/3553/4465 3998/2568/4466 3999/2570/4467
f 3874/3553/4468 3872/3551/4469 3997/2566/4470 3998/2568/4471
f 3872/3551/4472 3870/3547/4473 3996/2564/4474 3997/2566/4475
f 3870/3547/4476 3869/3543/4477 3995/2560/4478 3996/2564/4479
f 3869/3543/4480 3909/5001/4481 3994/2561/4482 3995/2560/4483
s 238
f 3927/4997/4484 3994/5000/4485 3909/3539/4486 3910/4998/4487
s 239
f 3886/4753/4413 3988/4751/4412 3992/3514/4407 3888/3503/4406
s 241
f 4015/4110/4417 4014/4109/4416 4030/4113/4488 4031/4114/4489
s 242
f 4014/4109/4421 4017/4112/4420 4032/4117/4490 4030/4113/4491
s 243
f 4017/4112/4425 4019/4116/4424 4033/4120/4492 4032/4117/4493
s 244
f 4019/4116/4429 4021/4119/4428 4034/4123/4494 4033/4120/4495
s 245
f 4021/4119/4433 4023/4122/4432 4035/4126/4496 4034/4123/4497
s 246
f 4023/4122/4437 4025/4125/4436 4036/4129/4498 4035/4126/4499
s 247
f 4025/4125/4441 4027/4128/4440 4037/4132/4500 4036/4129/4501
s 248
f 4027/4128/4445 4029/4510/4444 4038/4133/4502 4037/4132/4503
s 238
f 3915/3509/4504 3993/4950/4505 3989/4951/4447 3913/3518/4446
f 3917/3528/4449 3991/4953/4448 3994/4954/4485 3927/3535/4484
s 248
f 4040/2563/4506 4039/2562/4507 4028/4130/4443 4026/4127/4442
s 247
f 4041/2565/4508 4040/2563/4509 4026/4127/4439 4024/4124/4438
s 246
f 4042/2567/4510 4041/2565/4511 4024/4124/4435 4022/4121/4434
s 245
f 4043/2569/4512 4042/2567/4513 4022/4121/4431 4020/4118/4430
s 244
f 4044/2571/4514 4043/2569/4515 4020/4118/4427 4018/4115/4426
s 243
f 4045/2573/4516 4044/2571/4517 4018/4115/4423 4016/4111/4422
s 242
f 4046/2575/4518 4045/2573/4519 4016/4111/4419 4013/4108/4418
s 241
f 4047/2577/4520 4046/2575/4521 4013/4108/4415 4012/4107/4414
f 4031/4114/4489 4030/4113/4488 4048/2581/4522 4049/2580/4523
s 242
f 4030/4113/4491 4032/4117/4490 4050/2583/4524 4048/2581/4525
s 243
f 4032/4117/4493 4033/4120/4492 4051/2585/4526 4050/2583/4527
s 244
f 4033/4120/4495 4034/4123/4494 4052/2587/4528 4051/2585/4529
s 245
f 4034/4123/4497 4035/4126/4496 4053/2589/4530 4052/2587/4531
s 246
f 4035/4126/4499 4036/4129/4498 4054/2591/4532 4053/2589/4533
s 247
f 4036/4129/4501 4037/4132/4500 4055/2593/4534 4054/2591/4535
s 248
f 4037/4132/4503 4038/4133/4502 4056/2595/4536 4055/2593/4537
s 238
f 3928/4956/4373 4011/4955/4372 3993/4950/4505 3915/3509/4504
s off
f 3988/3523/4538 3990/3532/4539 4012/4507/4540 4015/4508/4541
f 3991/3527/4542 3989/4952/4543 4029/4131/4544 4028/4130/4545
f 3992/3514/4546 3988/4751/4547 4015/4750/4548 4031/4509/4549
f 3989/3517/4550 3993/3508/4551 4038/4133/4552 4029/4510/4553
f 3995/2560/4554 3994/2561/4555 4039/2562/4556 4040/2563/4557
f 3994/2561/4558 3991/3527/4559 4028/4130/4560 4039/2562/4561
f 3996/2564/4562 3995/2560/4563 4040/2563/4564 4041/2565/4565
f 3997/2566/4566 3996/2564/4567 4041/2565/4568 4042/2567/4569
f 3998/2568/4570 3997/2566/4571 4042/2567/4572 4043/2569/4573
f 3999/2570/4574 3998/2568/4575 4043/2569/4576 4044/2571/4577
f 4000/2572/4578 3999/2570/4579 4044/2571/4580 4045/2573/4581
f 4001/2574/4582 4000/2572/4583 4045/2573/4584 4046/2575/4585
f 4002/2576/4586 4001/2574/4587 4046/2575/4588 4047/2577/4589
f 3990/3532/4590 4002/2576/4591 4047/2577/4592 4012/4507/4593
f 4004/2578/4594 4003/2579/4595 4049/2580/4596 4048/2581/4597
f 4003/2579/4598 3992/3514/4599 4031/4509/4600 4049/2580/4601
f 4005/2582/4602 4004/2578/4603 4048/2581/4604 4050/2583/4605
f 4006/2584/4606 4005/2582/4607 4050/2583/4608 4051/2585/4609
f 4007/2586/4610 4006/2584/4611 4051/2585/4612 4052/2587/4613
f 4008/2588/4614 4007/2586/4615 4052/2587/4616 4053/2589/4617
f 4009/2590/4618 4008/2588/4619 4053/2589/4620 4054/2591/4621
f 4010/2592/4622 4009/2590/4623 4054/2591/4624 4055/2593/4625
f 3993/3508/4626 4011/2594/4627 4056/2595/4628 4038/4133/4629
f 4011/2594/4630 4010/2592/4631 4055/2593/4632 4056/2595/4633
